release_id,company_id,issuer,issuer_group,role,origin,panel,published,month,category,category_group,ingredients,brand,tier,is_quasi_drug,is_renewal,is_edition,url
000000001.000006944,6944,ニベア花王株式会社,ニベア花王株式会社,brand_owner,global,core,2013-03-13,2013-03,sunscreen,skincare,,肌ラボ,プチプラ,0,0,0,http://prtimes.jp/main/html/rd/p/000000001.000006944.html
000000002.000006944,6944,ニベア花王株式会社,ニベア花王株式会社,brand_owner,global,core,2013-09-02,2013-09,toner_lotion|cream,skincare,,NIVEA,プチプラ/ミドル,1,1,0,http://prtimes.jp/main/html/rd/p/000000002.000006944.html
000000005.000006944,6944,ニベア花王株式会社,ニベア花王株式会社,brand_owner,global,core,2014-03-06,2014-03,,none,,,プチプラ/ミドル,0,0,0,http://prtimes.jp/main/html/rd/p/000000005.000006944.html
000000006.000006944,6944,ニベア花王株式会社,ニベア花王株式会社,brand_owner,global,core,2014-09-05,2014-09,lipstick|lip_balm,makeup,,NIVEA,プチプラ/ミドル,0,1,0,http://prtimes.jp/main/html/rd/p/000000006.000006944.html
000000007.000004359,4359,ELCジャパン合同会社,ELCジャパン合同会社,brand_owner,global,core,2015-04-10,2015-04,lipstick,makeup,,クリニーク,デパコス,0,0,0,http://prtimes.jp/main/html/rd/p/000000007.000004359.html
000000010.000004359,4359,ELCジャパン合同会社,ELCジャパン合同会社,brand_owner,global,core,2015-11-27,2015-11,foundation,makeup,,クリニーク,デパコス,0,0,0,http://prtimes.jp/main/html/rd/p/000000010.000004359.html
000000011.000004359,4359,ELCジャパン合同会社,ELCジャパン合同会社,brand_owner,global,core,2015-11-28,2015-11,toner_lotion,skincare,,クリニーク,デパコス,0,0,0,http://prtimes.jp/main/html/rd/p/000000011.000004359.html
000000014.000004359,4359,ELCジャパン合同会社,ELCジャパン合同会社,brand_owner,global,core,2016-01-04,2016-01,,none,,クリニーク,デパコス,0,0,0,http://prtimes.jp/main/html/rd/p/000000014.000004359.html
000000012.000006944,6944,ニベア花王株式会社,ニベア花王株式会社,brand_owner,global,core,2016-02-10,2016-02,sunscreen,skincare,,,プチプラ/ミドル,0,1,0,http://prtimes.jp/main/html/rd/p/000000012.000006944.html
000000258.000001572,1572,株式会社石澤研究所,株式会社石澤研究所,brand_owner,JP,core,2016-02-17,2016-02,,none,,,プチプラ,0,0,0,http://prtimes.jp/main/html/rd/p/000000258.000001572.html
000000015.000004359,4359,ELCジャパン合同会社,ELCジャパン合同会社,brand_owner,global,core,2016-02-18,2016-02,serum,skincare,,クリニーク,デパコス,0,0,0,http://prtimes.jp/main/html/rd/p/000000015.000004359.html
000000014.000006944,6944,ニベア花王株式会社,ニベア花王株式会社,brand_owner,global,core,2016-02-25,2016-02,toner_lotion,skincare,,,プチプラ/ミドル,0,0,0,http://prtimes.jp/main/html/rd/p/000000014.000006944.html
000000261.000001572,1572,株式会社石澤研究所,株式会社石澤研究所,brand_owner,JP,core,2016-02-25,2016-02,concealer,makeup,,,プチプラ,1,0,0,http://prtimes.jp/main/html/rd/p/000000261.000001572.html
000000019.000004359,4359,ELCジャパン合同会社,ELCジャパン合同会社,brand_owner,global,core,2016-02-26,2016-02,toner_lotion|foundation|powder,skincare,,,デパコス,0,0,0,http://prtimes.jp/main/html/rd/p/000000019.000004359.html
000000264.000001572,1572,株式会社石澤研究所,株式会社石澤研究所,brand_owner,JP,core,2016-05-06,2016-05,base_makeup|face_wash,makeup,,,プチプラ,0,0,0,http://prtimes.jp/main/html/rd/p/000000264.000001572.html
000000017.000006944,6944,ニベア花王株式会社,ニベア花王株式会社,brand_owner,global,core,2016-05-09,2016-05,,none,,NIVEA,プチプラ/ミドル,0,0,0,http://prtimes.jp/main/html/rd/p/000000017.000006944.html
000000021.000006944,6944,ニベア花王株式会社,ニベア花王株式会社,brand_owner,global,core,2016-07-06,2016-07,lipstick|lip_balm,makeup,,NIVEA,プチプラ/ミドル,0,0,0,http://prtimes.jp/main/html/rd/p/000000021.000006944.html
000000267.000001572,1572,株式会社石澤研究所,株式会社石澤研究所,brand_owner,JP,core,2016-07-21,2016-07,hair,other,,,プチプラ,0,0,0,http://prtimes.jp/main/html/rd/p/000000267.000001572.html
000000023.000006944,6944,ニベア花王株式会社,ニベア花王株式会社,brand_owner,global,core,2016-09-08,2016-09,,none,,,プチプラ/ミドル,0,0,0,http://prtimes.jp/main/html/rd/p/000000023.000006944.html
000000269.000001572,1572,株式会社石澤研究所,株式会社石澤研究所,brand_owner,JP,core,2016-09-12,2016-09,cream,skincare,,毛穴撫子,プチプラ,0,0,0,http://prtimes.jp/main/html/rd/p/000000269.000001572.html
000000026.000004359,4359,ELCジャパン合同会社,ELCジャパン合同会社,brand_owner,global,core,2016-11-14,2016-11,,none,,クリニーク,デパコス,0,0,0,http://prtimes.jp/main/html/rd/p/000000026.000004359.html
000000024.000006944,6944,ニベア花王株式会社,ニベア花王株式会社,brand_owner,global,core,2017-01-19,2017-01,sunscreen|cream,skincare,,,プチプラ/ミドル,0,0,0,https://prtimes.jp/main/html/rd/p/000000024.000006944.html
000000030.000006944,6944,ニベア花王株式会社,ニベア花王株式会社,brand_owner,global,core,2017-05-02,2017-05,,none,,NIVEA,プチプラ/ミドル,0,0,0,https://prtimes.jp/main/html/rd/p/000000030.000006944.html
000000019.000019685,19685,株式会社 井田ラボラトリーズ,株式会社井田ラボラトリーズ,brand_owner,JP,core,2017-06-29,2017-06,nail,makeup,,CANMAKE,プチプラ,0,0,0,https://prtimes.jp/main/html/rd/p/000000019.000019685.html
000000031.000006944,6944,ニベア花王株式会社,ニベア花王株式会社,brand_owner,global,core,2017-07-13,2017-07,cream,skincare,,,プチプラ/ミドル,0,0,0,https://prtimes.jp/main/html/rd/p/000000031.000006944.html
000000033.000006944,6944,ニベア花王株式会社,ニベア花王株式会社,brand_owner,global,core,2017-07-25,2017-07,,none,,NIVEA,プチプラ/ミドル,0,0,0,https://prtimes.jp/main/html/rd/p/000000033.000006944.html
000000034.000006944,6944,ニベア花王株式会社,ニベア花王株式会社,brand_owner,global,core,2017-07-31,2017-07,cream|face_wash|lipstick,skincare,,NIVEA,プチプラ/ミドル,0,0,0,https://prtimes.jp/main/html/rd/p/000000034.000006944.html
000000036.000004359,4359,ELCジャパン合同会社,ELCジャパン合同会社,brand_owner,global,core,2017-08-04,2017-08,,none,,クリニーク,デパコス,0,0,0,https://prtimes.jp/main/html/rd/p/000000036.000004359.html
000000020.000019685,19685,株式会社 井田ラボラトリーズ,株式会社井田ラボラトリーズ,brand_owner,JP,core,2017-09-21,2017-09,powder,makeup,,CANMAKE,プチプラ,0,0,0,https://prtimes.jp/main/html/rd/p/000000020.000019685.html
000000004.000024471,24471,日本ロレアル株式会社　タカミ事業部,日本ロレアル株式会社,brand_owner,global,core,2017-11-21,2017-11,lipstick,makeup,,タカミ,ミドル,0,0,0,https://prtimes.jp/main/html/rd/p/000000004.000024471.html
000000038.000006944,6944,ニベア花王株式会社,ニベア花王株式会社,brand_owner,global,core,2018-01-18,2018-01,sunscreen,skincare,,,プチプラ/ミドル,0,0,0,https://prtimes.jp/main/html/rd/p/000000038.000006944.html
000000001.000031376,31376,アモーレパシフィックジャパン株式会社,アモーレパシフィックジャパン株式会社,brand_owner,KR,core,2018-01-29,2018-01,,none,,イニスフリー,プチプラ/ミドル,0,0,0,https://prtimes.jp/main/html/rd/p/000000001.000031376.html
000000039.000006944,6944,ニベア花王株式会社,ニベア花王株式会社,brand_owner,global,core,2018-02-05,2018-02,cream,skincare,,NIVEA,プチプラ/ミドル,0,0,0,https://prtimes.jp/main/html/rd/p/000000039.000006944.html
000000040.000006944,6944,ニベア花王株式会社,ニベア花王株式会社,brand_owner,global,core,2018-02-08,2018-02,,none,,NIVEA,プチプラ/ミドル,0,0,0,https://prtimes.jp/main/html/rd/p/000000040.000006944.html
000000041.000006944,6944,ニベア花王株式会社,ニベア花王株式会社,brand_owner,global,core,2018-03-07,2018-03,toner_lotion,skincare,,,プチプラ/ミドル,0,0,0,https://prtimes.jp/main/html/rd/p/000000041.000006944.html
000000026.000019685,19685,株式会社 井田ラボラトリーズ,株式会社井田ラボラトリーズ,brand_owner,JP,core,2018-03-22,2018-03,lipstick,makeup,,CANMAKE,プチプラ,0,0,0,https://prtimes.jp/main/html/rd/p/000000026.000019685.html
000000006.000024471,24471,日本ロレアル株式会社　タカミ事業部,日本ロレアル株式会社,brand_owner,global,core,2018-04-02,2018-04,,none,,,mixed,0,1,0,https://prtimes.jp/main/html/rd/p/000000006.000024471.html
000000029.000019685,19685,株式会社 井田ラボラトリーズ,株式会社井田ラボラトリーズ,brand_owner,JP,core,2018-06-22,2018-06,lash_brow|base_makeup,makeup,,CANMAKE,プチプラ,0,0,0,https://prtimes.jp/main/html/rd/p/000000029.000019685.html
000000044.000006944,6944,ニベア花王株式会社,ニベア花王株式会社,brand_owner,global,core,2018-07-31,2018-07,cream,skincare,,,プチプラ/ミドル,0,0,1,https://prtimes.jp/main/html/rd/p/000000044.000006944.html
000000009.000031376,31376,アモーレパシフィックジャパン株式会社,アモーレパシフィックジャパン株式会社,brand_owner,KR,core,2018-08-24,2018-08,foundation,makeup,,,mixed,0,0,0,https://prtimes.jp/main/html/rd/p/000000009.000031376.html
000000032.000019685,19685,株式会社 井田ラボラトリーズ,株式会社井田ラボラトリーズ,brand_owner,JP,core,2018-09-21,2018-09,powder,makeup,,CANMAKE,プチプラ,0,0,0,https://prtimes.jp/main/html/rd/p/000000032.000019685.html
000000033.000019685,19685,株式会社 井田ラボラトリーズ,株式会社井田ラボラトリーズ,brand_owner,JP,core,2018-09-26,2018-09,lipstick,makeup,,CANMAKE,プチプラ,0,0,0,https://prtimes.jp/main/html/rd/p/000000033.000019685.html
000000011.000031376,31376,アモーレパシフィックジャパン株式会社,アモーレパシフィックジャパン株式会社,brand_owner,KR,core,2018-10-01,2018-10,lipstick,makeup,,イニスフリー,プチプラ/ミドル,0,0,0,https://prtimes.jp/main/html/rd/p/000000011.000031376.html
000000009.000024471,24471,日本ロレアル株式会社　タカミ事業部,日本ロレアル株式会社,brand_owner,global,core,2018-10-10,2018-10,toner_lotion,skincare,,タカミ,ミドル,0,1,0,https://prtimes.jp/main/html/rd/p/000000009.000024471.html
000000024.000036737,36737,株式会社ポーラ,株式会社ポーラ,brand_owner,JP,core,2018-11-29,2018-11,base_makeup|powder|lipstick,makeup,,,デパコス,0,0,0,https://prtimes.jp/main/html/rd/p/000000024.000036737.html
000000046.000006944,6944,ニベア花王株式会社,ニベア花王株式会社,brand_owner,global,core,2018-12-13,2018-12,lip_balm|body|sunscreen|cream|face_wash,makeup,,NIVEA,プチプラ/ミドル,0,0,0,https://prtimes.jp/main/html/rd/p/000000046.000006944.html
000000015.000031376,31376,アモーレパシフィックジャパン株式会社,アモーレパシフィックジャパン株式会社,brand_owner,KR,core,2018-12-21,2018-12,,none,,イニスフリー,プチプラ/ミドル,0,0,0,https://prtimes.jp/main/html/rd/p/000000015.000031376.html
000000016.000031376,31376,アモーレパシフィックジャパン株式会社,アモーレパシフィックジャパン株式会社,brand_owner,KR,core,2018-12-26,2018-12,serum,skincare,,イニスフリー,プチプラ/ミドル,0,0,0,https://prtimes.jp/main/html/rd/p/000000016.000031376.html
000000041.000004359,4359,ELCジャパン合同会社,ELCジャパン合同会社,brand_owner,global,core,2018-12-28,2018-12,,none,,クリニーク,デパコス,0,0,0,https://prtimes.jp/main/html/rd/p/000000041.000004359.html
000000047.000006944,6944,ニベア花王株式会社,ニベア花王株式会社,brand_owner,global,core,2019-01-17,2019-01,toner_lotion|sunscreen,skincare,,,プチプラ/ミドル,0,0,0,https://prtimes.jp/main/html/rd/p/000000047.000006944.html
000000019.000031376,31376,アモーレパシフィックジャパン株式会社,アモーレパシフィックジャパン株式会社,brand_owner,KR,core,2019-02-15,2019-02,,none,,イニスフリー,プチプラ/ミドル,0,0,0,https://prtimes.jp/main/html/rd/p/000000019.000031376.html
000000049.000006944,6944,ニベア花王株式会社,ニベア花王株式会社,brand_owner,global,core,2019-02-28,2019-02,,none,,NIVEA,プチプラ/ミドル,0,0,0,https://prtimes.jp/main/html/rd/p/000000049.000006944.html
000000324.000001572,1572,株式会社石澤研究所,株式会社石澤研究所,brand_owner,JP,core,2019-03-11,2019-03,serum,skincare,,,プチプラ,0,0,0,https://prtimes.jp/main/html/rd/p/000000324.000001572.html
000000001.000042040,42040,株式会社セザンヌ化粧品,セザンヌ化粧品株式会社,brand_owner,JP,core,2019-03-18,2019-03,lipstick|blush,makeup,,CEZANNE,プチプラ,0,0,0,https://prtimes.jp/main/html/rd/p/000000001.000042040.html
000000002.000042040,42040,株式会社セザンヌ化粧品,セザンヌ化粧品株式会社,brand_owner,JP,core,2019-03-20,2019-03,eye_makeup|lash_brow|serum,makeup,,CEZANNE,プチプラ,0,0,0,https://prtimes.jp/main/html/rd/p/000000002.000042040.html
000000020.000031376,31376,アモーレパシフィックジャパン株式会社,アモーレパシフィックジャパン株式会社,brand_owner,KR,core,2019-03-22,2019-03,serum,skincare,,,mixed,0,0,0,https://prtimes.jp/main/html/rd/p/000000020.000031376.html
000000041.000019685,19685,株式会社 井田ラボラトリーズ,株式会社井田ラボラトリーズ,brand_owner,JP,core,2019-03-22,2019-03,eye_makeup,makeup,,CANMAKE,プチプラ,0,0,0,https://prtimes.jp/main/html/rd/p/000000041.000019685.html
000000021.000031376,31376,アモーレパシフィックジャパン株式会社,アモーレパシフィックジャパン株式会社,brand_owner,KR,core,2019-04-15,2019-04,,none,,イニスフリー,プチプラ/ミドル,0,0,0,https://prtimes.jp/main/html/rd/p/000000021.000031376.html
000000003.000042040,42040,株式会社セザンヌ化粧品,セザンヌ化粧品株式会社,brand_owner,JP,core,2019-04-16,2019-04,concealer,makeup,,,プチプラ,0,0,0,https://prtimes.jp/main/html/rd/p/000000003.000042040.html
000000042.000004359,4359,ELCジャパン合同会社,ELCジャパン合同会社,brand_owner,global,core,2019-04-17,2019-04,cleansing,skincare,,クリニーク,デパコス,0,0,0,https://prtimes.jp/main/html/rd/p/000000042.000004359.html
000000048.000036737,36737,株式会社ポーラ,株式会社ポーラ,brand_owner,JP,core,2019-04-24,2019-04,,none,,POLA,デパコス,0,0,0,https://prtimes.jp/main/html/rd/p/000000048.000036737.html
000000054.000036737,36737,株式会社ポーラ,株式会社ポーラ,brand_owner,JP,core,2019-05-22,2019-05,foundation|base_makeup,makeup,,POLA,デパコス,0,0,0,https://prtimes.jp/main/html/rd/p/000000054.000036737.html
000000020.000024471,24471,日本ロレアル株式会社　タカミ事業部,日本ロレアル株式会社,brand_owner,global,core,2019-05-24,2019-05,,none,,タカミ,ミドル,0,1,0,https://prtimes.jp/main/html/rd/p/000000020.000024471.html
000000024.000031376,31376,アモーレパシフィックジャパン株式会社,アモーレパシフィックジャパン株式会社,brand_owner,KR,core,2019-06-19,2019-06,toner_lotion,skincare,,,mixed,0,0,0,https://prtimes.jp/main/html/rd/p/000000024.000031376.html
000000051.000019685,19685,株式会社 井田ラボラトリーズ,株式会社井田ラボラトリーズ,brand_owner,JP,core,2019-06-21,2019-06,eye_makeup,makeup,,CANMAKE,プチプラ,0,0,0,https://prtimes.jp/main/html/rd/p/000000051.000019685.html
000000001.000046376,46376,株式会社コーセー（戦略ブランド事業部）,株式会社コーセー,brand_owner,JP,core,2019-07-02,2019-07,fragrance,other,,ADDICTION,デパコス,0,0,0,https://prtimes.jp/main/html/rd/p/000000001.000046376.html
000000004.000042040,42040,株式会社セザンヌ化粧品,セザンヌ化粧品株式会社,brand_owner,JP,core,2019-07-10,2019-07,,none,,CEZANNE,プチプラ,0,0,0,https://prtimes.jp/main/html/rd/p/000000004.000042040.html
000000002.000046376,46376,株式会社コーセー（戦略ブランド事業部）,株式会社コーセー,brand_owner,JP,core,2019-07-12,2019-07,,none,,ADDICTION,デパコス,0,0,0,https://prtimes.jp/main/html/rd/p/000000002.000046376.html
000000338.000001572,1572,株式会社石澤研究所,株式会社石澤研究所,brand_owner,JP,core,2019-07-12,2019-07,cream,skincare,,,プチプラ,0,0,0,https://prtimes.jp/main/html/rd/p/000000338.000001572.html
000000051.000006944,6944,ニベア花王株式会社,ニベア花王株式会社,brand_owner,global,core,2019-07-18,2019-07,,none,,NIVEA,プチプラ/ミドル,0,0,0,https://prtimes.jp/main/html/rd/p/000000051.000006944.html
000000025.000031376,31376,アモーレパシフィックジャパン株式会社,アモーレパシフィックジャパン株式会社,brand_owner,KR,core,2019-07-22,2019-07,,none,,イニスフリー,プチプラ/ミドル,0,0,0,https://prtimes.jp/main/html/rd/p/000000025.000031376.html
000000052.000006944,6944,ニベア花王株式会社,ニベア花王株式会社,brand_owner,global,core,2019-07-25,2019-07,body,other,,,プチプラ/ミドル,0,0,0,https://prtimes.jp/main/html/rd/p/000000052.000006944.html
000000005.000042040,42040,株式会社セザンヌ化粧品,セザンヌ化粧品株式会社,brand_owner,JP,core,2019-08-01,2019-08,eye_makeup|lash_brow|base_makeup,makeup,,CEZANNE,プチプラ,0,0,0,https://prtimes.jp/main/html/rd/p/000000005.000042040.html
000000026.000031376,31376,アモーレパシフィックジャパン株式会社,アモーレパシフィックジャパン株式会社,brand_owner,KR,core,2019-08-05,2019-08,,none,ツボクサエキス,イニスフリー,プチプラ/ミドル,0,0,0,https://prtimes.jp/main/html/rd/p/000000026.000031376.html
000000006.000042040,42040,株式会社セザンヌ化粧品,セザンヌ化粧品株式会社,brand_owner,JP,core,2019-08-07,2019-08,eye_makeup,makeup,,CEZANNE,プチプラ,0,0,0,https://prtimes.jp/main/html/rd/p/000000006.000042040.html
000000053.000006944,6944,ニベア花王株式会社,ニベア花王株式会社,brand_owner,global,core,2019-08-29,2019-08,face_wash,skincare,,NIVEA,プチプラ/ミドル,0,0,0,https://prtimes.jp/main/html/rd/p/000000053.000006944.html
000000004.000046376,46376,株式会社コーセー（戦略ブランド事業部）,株式会社コーセー,brand_owner,JP,core,2019-09-04,2019-09,base_makeup,makeup,,ADDICTION,デパコス,0,0,0,https://prtimes.jp/main/html/rd/p/000000004.000046376.html
000000007.000042040,42040,株式会社セザンヌ化粧品,セザンヌ化粧品株式会社,brand_owner,JP,core,2019-09-05,2019-09,eye_makeup,makeup,,CEZANNE,プチプラ,0,0,0,https://prtimes.jp/main/html/rd/p/000000007.000042040.html
000000009.000042040,42040,株式会社セザンヌ化粧品,セザンヌ化粧品株式会社,brand_owner,JP,core,2019-09-09,2019-09,blush,makeup,,,プチプラ,0,0,0,https://prtimes.jp/main/html/rd/p/000000009.000042040.html
000000024.000024471,24471,日本ロレアル株式会社　タカミ事業部,日本ロレアル株式会社,brand_owner,global,core,2019-09-13,2019-09,,none,,タカミ,ミドル,0,0,0,https://prtimes.jp/main/html/rd/p/000000024.000024471.html
000000004.000044623,44623,ELCジャパン合同会社　M・A・C事業部,ELCジャパン合同会社,brand_owner,global,core,2019-09-17,2019-09,lipstick,makeup,,M·A·C,デパコス,0,0,0,https://prtimes.jp/main/html/rd/p/000000004.000044623.html
000000080.000036737,36737,株式会社ポーラ,株式会社ポーラ,brand_owner,JP,core,2019-09-20,2019-09,lipstick,makeup,,,デパコス,0,0,0,https://prtimes.jp/main/html/rd/p/000000080.000036737.html
000000059.000019685,19685,株式会社 井田ラボラトリーズ,株式会社井田ラボラトリーズ,brand_owner,JP,core,2019-09-24,2019-09,eye_makeup|lipstick|blush,makeup,,CANMAKE,プチプラ,0,0,0,https://prtimes.jp/main/html/rd/p/000000059.000019685.html
000000005.000044623,44623,ELCジャパン合同会社　M・A・C事業部,ELCジャパン合同会社,brand_owner,global,core,2019-09-26,2019-09,eye_makeup,makeup,,M·A·C,デパコス,0,0,0,https://prtimes.jp/main/html/rd/p/000000005.000044623.html
000000006.000046376,46376,株式会社コーセー（戦略ブランド事業部）,株式会社コーセー,brand_owner,JP,core,2019-10-03,2019-10,eye_makeup,makeup,,ADDICTION,デパコス,0,0,0,https://prtimes.jp/main/html/rd/p/000000006.000046376.html
000000010.000042040,42040,株式会社セザンヌ化粧品,セザンヌ化粧品株式会社,brand_owner,JP,core,2019-10-03,2019-10,foundation|lash_brow,makeup,,CEZANNE,プチプラ,0,1,0,https://prtimes.jp/main/html/rd/p/000000010.000042040.html
000000061.000019685,19685,株式会社 井田ラボラトリーズ,株式会社井田ラボラトリーズ,brand_owner,JP,core,2019-10-03,2019-10,foundation,makeup,,CANMAKE,プチプラ,0,0,0,https://prtimes.jp/main/html/rd/p/000000061.000019685.html
000000007.000046376,46376,株式会社コーセー（戦略ブランド事業部）,株式会社コーセー,brand_owner,JP,core,2019-10-17,2019-10,foundation,makeup,,ADDICTION,デパコス,0,0,0,https://prtimes.jp/main/html/rd/p/000000007.000046376.html
000000031.000031376,31376,アモーレパシフィックジャパン株式会社,アモーレパシフィックジャパン株式会社,brand_owner,KR,core,2019-10-18,2019-10,,none,,イニスフリー,プチプラ/ミドル,0,0,0,https://prtimes.jp/main/html/rd/p/000000031.000031376.html
000000025.000024471,24471,日本ロレアル株式会社　タカミ事業部,日本ロレアル株式会社,brand_owner,global,core,2019-10-28,2019-10,,none,,タカミ,ミドル,0,0,0,https://prtimes.jp/main/html/rd/p/000000025.000024471.html
000000008.000046376,46376,株式会社コーセー（戦略ブランド事業部）,株式会社コーセー,brand_owner,JP,core,2019-11-14,2019-11,lipstick,makeup,,ADDICTION,デパコス,0,0,0,https://prtimes.jp/main/html/rd/p/000000008.000046376.html
000000346.000001572,1572,株式会社石澤研究所,株式会社石澤研究所,brand_owner,JP,core,2019-11-15,2019-11,toner_lotion,skincare,,毛穴撫子,プチプラ,0,0,0,https://prtimes.jp/main/html/rd/p/000000346.000001572.html
000000006.000044623,44623,ELCジャパン合同会社　M・A・C事業部,ELCジャパン合同会社,brand_owner,global,core,2019-11-21,2019-11,,none,,M·A·C,デパコス,0,0,0,https://prtimes.jp/main/html/rd/p/000000006.000044623.html
000000029.000024471,24471,日本ロレアル株式会社　タカミ事業部,日本ロレアル株式会社,brand_owner,global,core,2019-11-22,2019-11,,none,,タカミ,ミドル,0,0,0,https://prtimes.jp/main/html/rd/p/000000029.000024471.html
000000062.000019685,19685,株式会社 井田ラボラトリーズ,株式会社井田ラボラトリーズ,brand_owner,JP,core,2019-11-25,2019-11,eye_makeup,makeup,,CANMAKE,プチプラ,0,0,0,https://prtimes.jp/main/html/rd/p/000000062.000019685.html
000000063.000019685,19685,株式会社 井田ラボラトリーズ,株式会社井田ラボラトリーズ,brand_owner,JP,core,2019-11-26,2019-11,base_makeup,makeup,,CANMAKE,プチプラ,0,0,0,https://prtimes.jp/main/html/rd/p/000000063.000019685.html
000000011.000042040,42040,株式会社セザンヌ化粧品,セザンヌ化粧品株式会社,brand_owner,JP,core,2019-12-03,2019-12,base_makeup,makeup,,CEZANNE,プチプラ,0,0,0,https://prtimes.jp/main/html/rd/p/000000011.000042040.html
000000056.000006944,6944,ニベア花王株式会社,ニベア花王株式会社,brand_owner,global,core,2019-12-05,2019-12,,none,,NIVEA,プチプラ/ミドル,1,0,0,https://prtimes.jp/main/html/rd/p/000000056.000006944.html
000000033.000031376,31376,アモーレパシフィックジャパン株式会社,アモーレパシフィックジャパン株式会社,brand_owner,KR,core,2019-12-12,2019-12,,none,,イニスフリー,プチプラ/ミドル,0,0,0,https://prtimes.jp/main/html/rd/p/000000033.000031376.html
000000009.000046376,46376,株式会社コーセー（戦略ブランド事業部）,株式会社コーセー,brand_owner,JP,core,2019-12-19,2019-12,eye_makeup,makeup,,ADDICTION,デパコス,0,0,0,https://prtimes.jp/main/html/rd/p/000000009.000046376.html
000000034.000031376,31376,アモーレパシフィックジャパン株式会社,アモーレパシフィックジャパン株式会社,brand_owner,KR,core,2019-12-20,2019-12,,none,,,mixed,0,0,0,https://prtimes.jp/main/html/rd/p/000000034.000031376.html
000000064.000019685,19685,株式会社 井田ラボラトリーズ,株式会社井田ラボラトリーズ,brand_owner,JP,core,2019-12-20,2019-12,blush,makeup,,CANMAKE,プチプラ,0,0,0,https://prtimes.jp/main/html/rd/p/000000064.000019685.html
000000066.000019685,19685,株式会社 井田ラボラトリーズ,株式会社井田ラボラトリーズ,brand_owner,JP,core,2019-12-25,2019-12,,none,,CANMAKE,プチプラ,0,0,0,https://prtimes.jp/main/html/rd/p/000000066.000019685.html
000000349.000001572,1572,株式会社石澤研究所,株式会社石澤研究所,brand_owner,JP,core,2020-01-06,2020-01,,none,,,プチプラ,0,0,0,https://prtimes.jp/main/html/rd/p/000000349.000001572.html
000000009.000044623,44623,ELCジャパン合同会社　M・A・C事業部,ELCジャパン合同会社,brand_owner,global,core,2020-01-16,2020-01,eye_makeup|lipstick,makeup,,M·A·C,デパコス,0,0,0,https://prtimes.jp/main/html/rd/p/000000009.000044623.html
000000010.000044623,44623,ELCジャパン合同会社　M・A・C事業部,ELCジャパン合同会社,brand_owner,global,core,2020-01-17,2020-01,,none,,M·A·C,デパコス,0,0,0,https://prtimes.jp/main/html/rd/p/000000010.000044623.html
000000067.000019685,19685,株式会社 井田ラボラトリーズ,株式会社井田ラボラトリーズ,brand_owner,JP,core,2020-01-22,2020-01,powder|blush,makeup,,CANMAKE,プチプラ,0,0,0,https://prtimes.jp/main/html/rd/p/000000067.000019685.html
000000068.000019685,19685,株式会社 井田ラボラトリーズ,株式会社井田ラボラトリーズ,brand_owner,JP,core,2020-01-24,2020-01,base_makeup,makeup,,CANMAKE,プチプラ,0,0,0,https://prtimes.jp/main/html/rd/p/000000068.000019685.html
000000035.000031376,31376,アモーレパシフィックジャパン株式会社,アモーレパシフィックジャパン株式会社,brand_owner,KR,core,2020-01-28,2020-01,,none,,,mixed,0,0,0,https://prtimes.jp/main/html/rd/p/000000035.000031376.html
000000352.000001572,1572,株式会社石澤研究所,株式会社石澤研究所,brand_owner,JP,core,2020-02-12,2020-02,hair,other,,,プチプラ,0,0,0,https://prtimes.jp/main/html/rd/p/000000352.000001572.html
000000013.000042040,42040,株式会社セザンヌ化粧品,セザンヌ化粧品株式会社,brand_owner,JP,core,2020-02-13,2020-02,eye_makeup|lash_brow,makeup,,CEZANNE,プチプラ,0,0,0,https://prtimes.jp/main/html/rd/p/000000013.000042040.html
000000013.000044623,44623,ELCジャパン合同会社　M・A・C事業部,ELCジャパン合同会社,brand_owner,global,core,2020-03-02,2020-03,,none,,M·A·C,デパコス,0,0,0,https://prtimes.jp/main/html/rd/p/000000013.000044623.html
000000013.000046376,46376,株式会社コーセー（戦略ブランド事業部）,株式会社コーセー,brand_owner,JP,core,2020-03-06,2020-03,,none,,ADDICTION,デパコス,0,0,0,https://prtimes.jp/main/html/rd/p/000000013.000046376.html
000000274.000007954,7954,クラシエ株式会社（ホームプロダクツカンパニー）,クラシエ株式会社,brand_owner,JP,core,2020-03-09,2020-03,mask|serum,skincare,,,プチプラ,0,0,0,https://prtimes.jp/main/html/rd/p/000000274.000007954.html
000000015.000042040,42040,株式会社セザンヌ化粧品,セザンヌ化粧品株式会社,brand_owner,JP,core,2020-03-12,2020-03,lipstick,makeup,,CEZANNE,プチプラ,0,0,0,https://prtimes.jp/main/html/rd/p/000000015.000042040.html
000000014.000046376,46376,株式会社コーセー（戦略ブランド事業部）,株式会社コーセー,brand_owner,JP,core,2020-03-13,2020-03,,none,,ADDICTION,デパコス,0,0,0,https://prtimes.jp/main/html/rd/p/000000014.000046376.html
000000038.000031376,31376,アモーレパシフィックジャパン株式会社,アモーレパシフィックジャパン株式会社,brand_owner,KR,core,2020-03-16,2020-03,powder,makeup,,イニスフリー,プチプラ/ミドル,0,0,0,https://prtimes.jp/main/html/rd/p/000000038.000031376.html
000000034.000024471,24471,日本ロレアル株式会社　タカミ事業部,日本ロレアル株式会社,brand_owner,global,core,2020-03-19,2020-03,,none,,タカミ,ミドル,0,0,0,https://prtimes.jp/main/html/rd/p/000000034.000024471.html
000000070.000019685,19685,株式会社 井田ラボラトリーズ,株式会社井田ラボラトリーズ,brand_owner,JP,core,2020-03-23,2020-03,lipstick|lash_brow,makeup,,CANMAKE,プチプラ,0,0,0,https://prtimes.jp/main/html/rd/p/000000070.000019685.html
000000014.000044623,44623,ELCジャパン合同会社　M・A・C事業部,ELCジャパン合同会社,brand_owner,global,core,2020-03-25,2020-03,eye_makeup|powder|lipstick,makeup,,M·A·C,デパコス,0,0,0,https://prtimes.jp/main/html/rd/p/000000014.000044623.html
000000039.000031376,31376,アモーレパシフィックジャパン株式会社,アモーレパシフィックジャパン株式会社,brand_owner,KR,core,2020-03-25,2020-03,cream,skincare,,,mixed,0,0,0,https://prtimes.jp/main/html/rd/p/000000039.000031376.html
000000072.000019685,19685,株式会社 井田ラボラトリーズ,株式会社井田ラボラトリーズ,brand_owner,JP,core,2020-04-02,2020-04,concealer|eye_makeup,makeup,,CANMAKE,プチプラ,0,0,0,https://prtimes.jp/main/html/rd/p/000000072.000019685.html
000000016.000042040,42040,株式会社セザンヌ化粧品,セザンヌ化粧品株式会社,brand_owner,JP,core,2020-04-09,2020-04,lash_brow,makeup,,,プチプラ,0,0,0,https://prtimes.jp/main/html/rd/p/000000016.000042040.html
000000017.000044623,44623,ELCジャパン合同会社　M・A・C事業部,ELCジャパン合同会社,brand_owner,global,core,2020-04-09,2020-04,eye_makeup,makeup,,M·A·C,デパコス,0,0,0,https://prtimes.jp/main/html/rd/p/000000017.000044623.html
000000017.000042040,42040,株式会社セザンヌ化粧品,セザンヌ化粧品株式会社,brand_owner,JP,core,2020-04-14,2020-04,concealer,makeup,,CEZANNE,プチプラ,0,0,0,https://prtimes.jp/main/html/rd/p/000000017.000042040.html
000000018.000044623,44623,ELCジャパン合同会社　M・A・C事業部,ELCジャパン合同会社,brand_owner,global,core,2020-04-16,2020-04,lash_brow,makeup,,M·A·C,デパコス,0,0,0,https://prtimes.jp/main/html/rd/p/000000018.000044623.html
000000073.000019685,19685,株式会社 井田ラボラトリーズ,株式会社井田ラボラトリーズ,brand_owner,JP,core,2020-04-22,2020-04,powder,makeup,,CANMAKE,プチプラ,0,0,0,https://prtimes.jp/main/html/rd/p/000000073.000019685.html
000000074.000019685,19685,株式会社 井田ラボラトリーズ,株式会社井田ラボラトリーズ,brand_owner,JP,core,2020-04-23,2020-04,fragrance,other,,CANMAKE,プチプラ,0,0,0,https://prtimes.jp/main/html/rd/p/000000074.000019685.html
000000042.000031376,31376,アモーレパシフィックジャパン株式会社,アモーレパシフィックジャパン株式会社,brand_owner,KR,core,2020-04-28,2020-04,,none,,イニスフリー,プチプラ/ミドル,0,0,0,https://prtimes.jp/main/html/rd/p/000000042.000031376.html
000000018.000042040,42040,株式会社セザンヌ化粧品,セザンヌ化粧品株式会社,brand_owner,JP,core,2020-05-14,2020-05,eye_makeup,makeup,,CEZANNE,プチプラ,0,0,0,https://prtimes.jp/main/html/rd/p/000000018.000042040.html
000000019.000042040,42040,株式会社セザンヌ化粧品,セザンヌ化粧品株式会社,brand_owner,JP,core,2020-05-18,2020-05,foundation|powder,makeup,,,プチプラ,0,0,0,https://prtimes.jp/main/html/rd/p/000000019.000042040.html
000000075.000019685,19685,株式会社 井田ラボラトリーズ,株式会社井田ラボラトリーズ,brand_owner,JP,core,2020-05-19,2020-05,,none,,CANMAKE,プチプラ,0,0,0,https://prtimes.jp/main/html/rd/p/000000075.000019685.html
000000163.000021350,21350,アモーレパシフィックジャパン株式会社,アモーレパシフィックジャパン株式会社,brand_owner,KR,core,2020-05-20,2020-05,eye_makeup,makeup,,エチュード,プチプラ,0,0,0,https://prtimes.jp/main/html/rd/p/000000163.000021350.html
000000076.000019685,19685,株式会社 井田ラボラトリーズ,株式会社井田ラボラトリーズ,brand_owner,JP,core,2020-05-21,2020-05,base_makeup,makeup,,CANMAKE,プチプラ,0,0,0,https://prtimes.jp/main/html/rd/p/000000076.000019685.html
000000164.000021350,21350,アモーレパシフィックジャパン株式会社,アモーレパシフィックジャパン株式会社,brand_owner,KR,core,2020-05-21,2020-05,lipstick,makeup,,エチュード,プチプラ,0,0,0,https://prtimes.jp/main/html/rd/p/000000164.000021350.html
000000077.000019685,19685,株式会社 井田ラボラトリーズ,株式会社井田ラボラトリーズ,brand_owner,JP,core,2020-05-22,2020-05,,none,,CANMAKE,プチプラ,0,0,0,https://prtimes.jp/main/html/rd/p/000000077.000019685.html
000000165.000021350,21350,アモーレパシフィックジャパン株式会社,アモーレパシフィックジャパン株式会社,brand_owner,KR,core,2020-05-22,2020-05,lipstick,makeup,,エチュード,プチプラ,0,0,0,https://prtimes.jp/main/html/rd/p/000000165.000021350.html
000000002.000056098,56098,株式会社クリオ,株式会社クリオ,brand_owner,KR,core,2020-05-25,2020-05,,none,,,,0,0,0,https://prtimes.jp/main/html/rd/p/000000002.000056098.html
000000166.000021350,21350,アモーレパシフィックジャパン株式会社,アモーレパシフィックジャパン株式会社,brand_owner,KR,core,2020-05-26,2020-05,eye_makeup,makeup,,エチュード,プチプラ,0,0,0,https://prtimes.jp/main/html/rd/p/000000166.000021350.html
000000116.000036737,36737,株式会社ポーラ,株式会社ポーラ,brand_owner,JP,core,2020-05-27,2020-05,serum,skincare,,,デパコス,1,0,0,https://prtimes.jp/main/html/rd/p/000000116.000036737.html
000000168.000021350,21350,アモーレパシフィックジャパン株式会社,アモーレパシフィックジャパン株式会社,brand_owner,KR,core,2020-05-28,2020-05,,none,,エチュード,プチプラ,0,0,0,https://prtimes.jp/main/html/rd/p/000000168.000021350.html
000000003.000056098,56098,株式会社クリオ,株式会社クリオ,brand_owner,KR,core,2020-06-03,2020-06,eye_makeup,makeup,,CLIO,ミドル,0,0,0,https://prtimes.jp/main/html/rd/p/000000003.000056098.html
000000020.000042040,42040,株式会社セザンヌ化粧品,セザンヌ化粧品株式会社,brand_owner,JP,core,2020-06-11,2020-06,eye_makeup,makeup,,CEZANNE,プチプラ,0,0,0,https://prtimes.jp/main/html/rd/p/000000020.000042040.html
000000169.000021350,21350,アモーレパシフィックジャパン株式会社,アモーレパシフィックジャパン株式会社,brand_owner,KR,core,2020-06-12,2020-06,,none,,エチュード,プチプラ,0,0,0,https://prtimes.jp/main/html/rd/p/000000169.000021350.html
000000078.000019685,19685,株式会社 井田ラボラトリーズ,株式会社井田ラボラトリーズ,brand_owner,JP,core,2020-06-16,2020-06,foundation|nail,makeup,,CANMAKE,プチプラ,0,0,0,https://prtimes.jp/main/html/rd/p/000000078.000019685.html
000000023.000044623,44623,ELCジャパン合同会社　M・A・C事業部,ELCジャパン合同会社,brand_owner,global,core,2020-06-17,2020-06,blush,makeup,,M·A·C,デパコス,0,0,0,https://prtimes.jp/main/html/rd/p/000000023.000044623.html
000000044.000031376,31376,アモーレパシフィックジャパン株式会社,アモーレパシフィックジャパン株式会社,brand_owner,KR,core,2020-06-22,2020-06,toner_lotion|powder,skincare,,イニスフリー,プチプラ/ミドル,0,0,0,https://prtimes.jp/main/html/rd/p/000000044.000031376.html
000000125.000036737,36737,株式会社ポーラ,株式会社ポーラ,brand_owner,JP,core,2020-07-01,2020-07,,none,,POLA,デパコス,0,0,0,https://prtimes.jp/main/html/rd/p/000000125.000036737.html
000000170.000021350,21350,アモーレパシフィックジャパン株式会社,アモーレパシフィックジャパン株式会社,brand_owner,KR,core,2020-07-01,2020-07,eye_makeup,makeup,,エチュード,プチプラ,0,0,0,https://prtimes.jp/main/html/rd/p/000000170.000021350.html
000000079.000019685,19685,株式会社 井田ラボラトリーズ,株式会社井田ラボラトリーズ,brand_owner,JP,core,2020-07-02,2020-07,eye_makeup|lash_brow|powder,makeup,,CANMAKE,プチプラ,0,1,0,https://prtimes.jp/main/html/rd/p/000000079.000019685.html
000000171.000021350,21350,アモーレパシフィックジャパン株式会社,アモーレパシフィックジャパン株式会社,brand_owner,KR,core,2020-07-03,2020-07,,none,,エチュード,プチプラ,0,0,0,https://prtimes.jp/main/html/rd/p/000000171.000021350.html
000000172.000021350,21350,アモーレパシフィックジャパン株式会社,アモーレパシフィックジャパン株式会社,brand_owner,KR,core,2020-07-07,2020-07,,none,,エチュード,プチプラ,0,1,0,https://prtimes.jp/main/html/rd/p/000000172.000021350.html
000000173.000021350,21350,アモーレパシフィックジャパン株式会社,アモーレパシフィックジャパン株式会社,brand_owner,KR,core,2020-07-09,2020-07,,none,,エチュード,プチプラ,0,0,0,https://prtimes.jp/main/html/rd/p/000000173.000021350.html
000000021.000042040,42040,株式会社セザンヌ化粧品,セザンヌ化粧品株式会社,brand_owner,JP,core,2020-07-13,2020-07,serum|base_makeup,skincare,,,プチプラ,0,0,0,https://prtimes.jp/main/html/rd/p/000000021.000042040.html
000000174.000021350,21350,アモーレパシフィックジャパン株式会社,アモーレパシフィックジャパン株式会社,brand_owner,KR,core,2020-07-13,2020-07,eye_makeup,makeup,,エチュード,プチプラ,0,0,0,https://prtimes.jp/main/html/rd/p/000000174.000021350.html
000000131.000036737,36737,株式会社ポーラ,株式会社ポーラ,brand_owner,JP,core,2020-07-14,2020-07,body|serum,other,,POLA,デパコス,0,0,0,https://prtimes.jp/main/html/rd/p/000000131.000036737.html
000000022.000042040,42040,株式会社セザンヌ化粧品,セザンヌ化粧品株式会社,brand_owner,JP,core,2020-07-15,2020-07,blush,makeup,,,プチプラ,0,0,0,https://prtimes.jp/main/html/rd/p/000000022.000042040.html
000000365.000001572,1572,株式会社石澤研究所,株式会社石澤研究所,brand_owner,JP,core,2020-07-15,2020-07,,none,,,プチプラ,0,0,0,https://prtimes.jp/main/html/rd/p/000000365.000001572.html
000000015.000046376,46376,株式会社コーセー（戦略ブランド事業部）,株式会社コーセー,brand_owner,JP,core,2020-07-21,2020-07,eye_makeup,makeup,,ADDICTION,デパコス,0,0,0,https://prtimes.jp/main/html/rd/p/000000015.000046376.html
000000136.000036737,36737,株式会社ポーラ,株式会社ポーラ,brand_owner,JP,core,2020-07-21,2020-07,cream,skincare,,,デパコス,0,0,0,https://prtimes.jp/main/html/rd/p/000000136.000036737.html
000000045.000031376,31376,アモーレパシフィックジャパン株式会社,アモーレパシフィックジャパン株式会社,brand_owner,KR,core,2020-07-22,2020-07,serum,skincare,,イニスフリー,プチプラ/ミドル,0,0,1,https://prtimes.jp/main/html/rd/p/000000045.000031376.html
000000082.000019685,19685,株式会社 井田ラボラトリーズ,株式会社井田ラボラトリーズ,brand_owner,JP,core,2020-07-22,2020-07,cream|blush|nail,skincare,,CANMAKE,プチプラ,0,1,0,https://prtimes.jp/main/html/rd/p/000000082.000019685.html
000000138.000036737,36737,株式会社ポーラ,株式会社ポーラ,brand_owner,JP,core,2020-07-22,2020-07,toner_lotion,skincare,,,デパコス,0,0,0,https://prtimes.jp/main/html/rd/p/000000138.000036737.html
000000057.000006944,6944,ニベア花王株式会社,ニベア花王株式会社,brand_owner,global,core,2020-07-31,2020-07,lipstick,makeup,,NIVEA,プチプラ/ミドル,0,0,0,https://prtimes.jp/main/html/rd/p/000000057.000006944.html
000000016.000046376,46376,株式会社コーセー（戦略ブランド事業部）,株式会社コーセー,brand_owner,JP,core,2020-08-07,2020-08,eye_makeup,makeup,,ADDICTION,デパコス,0,1,0,https://prtimes.jp/main/html/rd/p/000000016.000046376.html
000000175.000021350,21350,アモーレパシフィックジャパン株式会社,アモーレパシフィックジャパン株式会社,brand_owner,KR,core,2020-08-17,2020-08,foundation,makeup,,エチュード,プチプラ,0,0,0,https://prtimes.jp/main/html/rd/p/000000175.000021350.html
000000176.000021350,21350,アモーレパシフィックジャパン株式会社,アモーレパシフィックジャパン株式会社,brand_owner,KR,core,2020-08-18,2020-08,,none,,エチュード,プチプラ,0,0,0,https://prtimes.jp/main/html/rd/p/000000176.000021350.html
000000083.000019685,19685,株式会社 井田ラボラトリーズ,株式会社井田ラボラトリーズ,brand_owner,JP,core,2020-08-20,2020-08,concealer,makeup,,CANMAKE,プチプラ,0,0,0,https://prtimes.jp/main/html/rd/p/000000083.000019685.html
000000177.000021350,21350,アモーレパシフィックジャパン株式会社,アモーレパシフィックジャパン株式会社,brand_owner,KR,core,2020-08-20,2020-08,lipstick,makeup,,エチュード,プチプラ,0,0,0,https://prtimes.jp/main/html/rd/p/000000177.000021350.html
000000367.000001572,1572,株式会社石澤研究所,株式会社石澤研究所,brand_owner,JP,core,2020-08-21,2020-08,body,other,,,プチプラ,0,0,0,https://prtimes.jp/main/html/rd/p/000000367.000001572.html
000000142.000036737,36737,株式会社ポーラ,株式会社ポーラ,brand_owner,JP,core,2020-08-24,2020-08,,none,,POLA,デパコス,0,0,0,https://prtimes.jp/main/html/rd/p/000000142.000036737.html
000000178.000021350,21350,アモーレパシフィックジャパン株式会社,アモーレパシフィックジャパン株式会社,brand_owner,KR,core,2020-08-24,2020-08,,none,,エチュード,プチプラ,0,0,0,https://prtimes.jp/main/html/rd/p/000000178.000021350.html
000000009.000056098,56098,株式会社クリオ,株式会社クリオ,brand_owner,KR,core,2020-08-25,2020-08,,none,,CLIO,ミドル,0,0,0,https://prtimes.jp/main/html/rd/p/000000009.000056098.html
000000179.000021350,21350,アモーレパシフィックジャパン株式会社,アモーレパシフィックジャパン株式会社,brand_owner,KR,core,2020-09-15,2020-09,lipstick,makeup,,エチュード,プチプラ,0,0,0,https://prtimes.jp/main/html/rd/p/000000179.000021350.html
000000001.000064854,64854,P&Gプレステージ合同会社,P&Gプレステージ合同会社,brand_owner,global,core,2020-09-16,2020-09,hair|serum,other,,SK-II,デパコス,0,0,0,https://prtimes.jp/main/html/rd/p/000000001.000064854.html
000000050.000031376,31376,アモーレパシフィックジャパン株式会社,アモーレパシフィックジャパン株式会社,brand_owner,KR,core,2020-09-17,2020-09,,none,,イニスフリー,プチプラ/ミドル,0,0,0,https://prtimes.jp/main/html/rd/p/000000050.000031376.html
000000180.000021350,21350,アモーレパシフィックジャパン株式会社,アモーレパシフィックジャパン株式会社,brand_owner,KR,core,2020-09-17,2020-09,eye_makeup|lipstick,makeup,,エチュード,プチプラ,0,0,0,https://prtimes.jp/main/html/rd/p/000000180.000021350.html
000000368.000001572,1572,株式会社石澤研究所,株式会社石澤研究所,brand_owner,JP,core,2020-09-17,2020-09,cleansing,skincare,,毛穴撫子,プチプラ,0,0,0,https://prtimes.jp/main/html/rd/p/000000368.000001572.html
000000002.000064854,64854,P&Gプレステージ合同会社,P&Gプレステージ合同会社,brand_owner,global,core,2020-09-23,2020-09,hair|serum,other,,SK-II,デパコス,0,0,0,https://prtimes.jp/main/html/rd/p/000000002.000064854.html
000000084.000019685,19685,株式会社 井田ラボラトリーズ,株式会社井田ラボラトリーズ,brand_owner,JP,core,2020-09-23,2020-09,eye_makeup|nail,makeup,,CANMAKE,プチプラ,0,0,0,https://prtimes.jp/main/html/rd/p/000000084.000019685.html
000000085.000019685,19685,株式会社 井田ラボラトリーズ,株式会社井田ラボラトリーズ,brand_owner,JP,core,2020-09-23,2020-09,,none,,CANMAKE,プチプラ,0,1,0,https://prtimes.jp/main/html/rd/p/000000085.000019685.html
000000026.000044623,44623,ELCジャパン合同会社　M・A・C事業部,ELCジャパン合同会社,brand_owner,global,core,2020-09-24,2020-09,,none,,M·A·C,デパコス,0,0,0,https://prtimes.jp/main/html/rd/p/000000026.000044623.html
000000151.000036737,36737,株式会社ポーラ,株式会社ポーラ,brand_owner,JP,core,2020-09-25,2020-09,body|cream,other,,POLA,デパコス,0,0,1,https://prtimes.jp/main/html/rd/p/000000151.000036737.html
000000017.000046376,46376,株式会社コーセー（戦略ブランド事業部）,株式会社コーセー,brand_owner,JP,core,2020-09-29,2020-09,,none,,ADDICTION,デパコス,0,0,0,https://prtimes.jp/main/html/rd/p/000000017.000046376.html
000000369.000001572,1572,株式会社石澤研究所,株式会社石澤研究所,brand_owner,JP,core,2020-09-29,2020-09,face_wash,skincare,,,プチプラ,0,0,0,https://prtimes.jp/main/html/rd/p/000000369.000001572.html
000000155.000036737,36737,株式会社ポーラ,株式会社ポーラ,brand_owner,JP,core,2020-10-02,2020-10,,none,,POLA,デパコス,0,0,0,https://prtimes.jp/main/html/rd/p/000000155.000036737.html
000000086.000019685,19685,株式会社 井田ラボラトリーズ,株式会社井田ラボラトリーズ,brand_owner,JP,core,2020-10-06,2020-10,lipstick|blush,makeup,,CANMAKE,プチプラ,0,0,0,https://prtimes.jp/main/html/rd/p/000000086.000019685.html
000000010.000056098,56098,株式会社クリオ,株式会社クリオ,brand_owner,KR,core,2020-10-14,2020-10,eye_makeup,makeup,,CLIO,ミドル,0,0,0,https://prtimes.jp/main/html/rd/p/000000010.000056098.html
000000051.000031376,31376,アモーレパシフィックジャパン株式会社,アモーレパシフィックジャパン株式会社,brand_owner,KR,core,2020-10-15,2020-10,,none,,イニスフリー,プチプラ/ミドル,0,0,0,https://prtimes.jp/main/html/rd/p/000000051.000031376.html
000000018.000046376,46376,株式会社コーセー（戦略ブランド事業部）,株式会社コーセー,brand_owner,JP,core,2020-10-16,2020-10,,none,,ADDICTION,デパコス,0,0,0,https://prtimes.jp/main/html/rd/p/000000018.000046376.html
000000181.000021350,21350,アモーレパシフィックジャパン株式会社,アモーレパシフィックジャパン株式会社,brand_owner,KR,core,2020-10-16,2020-10,,none,,エチュード,プチプラ,0,0,0,https://prtimes.jp/main/html/rd/p/000000181.000021350.html
000000087.000019685,19685,株式会社 井田ラボラトリーズ,株式会社井田ラボラトリーズ,brand_owner,JP,core,2020-10-22,2020-10,body|fragrance,other,,,プチプラ,0,0,0,https://prtimes.jp/main/html/rd/p/000000087.000019685.html
000000019.000046376,46376,株式会社コーセー（戦略ブランド事業部）,株式会社コーセー,brand_owner,JP,core,2020-11-02,2020-11,lipstick,makeup,,ADDICTION,デパコス,0,0,0,https://prtimes.jp/main/html/rd/p/000000019.000046376.html
000000372.000001572,1572,株式会社石澤研究所,株式会社石澤研究所,brand_owner,JP,core,2020-11-02,2020-11,,none,,毛穴撫子,プチプラ,0,0,1,https://prtimes.jp/main/html/rd/p/000000372.000001572.html
000000042.000024471,24471,日本ロレアル株式会社　タカミ事業部,日本ロレアル株式会社,brand_owner,global,core,2020-11-04,2020-11,,none,,タカミ,ミドル,0,0,1,https://prtimes.jp/main/html/rd/p/000000042.000024471.html
000000373.000001572,1572,株式会社石澤研究所,株式会社石澤研究所,brand_owner,JP,core,2020-11-04,2020-11,,none,,毛穴撫子,プチプラ,0,0,0,https://prtimes.jp/main/html/rd/p/000000373.000001572.html
000000374.000001572,1572,株式会社石澤研究所,株式会社石澤研究所,brand_owner,JP,core,2020-11-09,2020-11,hair,other,,,プチプラ,0,0,0,https://prtimes.jp/main/html/rd/p/000000374.000001572.html
000000182.000021350,21350,アモーレパシフィックジャパン株式会社,アモーレパシフィックジャパン株式会社,brand_owner,KR,core,2020-11-13,2020-11,lipstick|serum,makeup,,エチュード,プチプラ,0,0,0,https://prtimes.jp/main/html/rd/p/000000182.000021350.html
000000043.000024471,24471,日本ロレアル株式会社　タカミ事業部,日本ロレアル株式会社,brand_owner,global,core,2020-11-17,2020-11,mask,skincare,,タカミ,ミドル,0,0,0,https://prtimes.jp/main/html/rd/p/000000043.000024471.html
000000169.000036737,36737,株式会社ポーラ,株式会社ポーラ,brand_owner,JP,core,2020-11-19,2020-11,foundation|base_makeup,makeup,,,デパコス,0,0,0,https://prtimes.jp/main/html/rd/p/000000169.000036737.html
000000021.000046376,46376,株式会社コーセー（戦略ブランド事業部）,株式会社コーセー,brand_owner,JP,core,2020-11-20,2020-11,eye_makeup,makeup,,ADDICTION,デパコス,0,0,0,https://prtimes.jp/main/html/rd/p/000000021.000046376.html
000000088.000019685,19685,株式会社 井田ラボラトリーズ,株式会社井田ラボラトリーズ,brand_owner,JP,core,2020-11-24,2020-11,lash_brow,makeup,,,プチプラ,0,0,0,https://prtimes.jp/main/html/rd/p/000000088.000019685.html
000000023.000042040,42040,株式会社セザンヌ化粧品,セザンヌ化粧品株式会社,brand_owner,JP,core,2020-11-25,2020-11,lipstick,makeup,,CEZANNE,プチプラ,0,0,0,https://prtimes.jp/main/html/rd/p/000000023.000042040.html
000000054.000031376,31376,アモーレパシフィックジャパン株式会社,アモーレパシフィックジャパン株式会社,brand_owner,KR,core,2020-11-25,2020-11,,none,,イニスフリー,プチプラ/ミドル,0,0,0,https://prtimes.jp/main/html/rd/p/000000054.000031376.html
000000024.000042040,42040,株式会社セザンヌ化粧品,セザンヌ化粧品株式会社,brand_owner,JP,core,2020-12-01,2020-12,eye_makeup,makeup,,,プチプラ,0,0,0,https://prtimes.jp/main/html/rd/p/000000024.000042040.html
000000089.000019685,19685,株式会社 井田ラボラトリーズ,株式会社井田ラボラトリーズ,brand_owner,JP,core,2020-12-01,2020-12,eye_makeup,makeup,,CANMAKE,プチプラ,0,0,0,https://prtimes.jp/main/html/rd/p/000000089.000019685.html
000000171.000036737,36737,株式会社ポーラ,株式会社ポーラ,brand_owner,JP,core,2020-12-02,2020-12,,none,アスコルビン酸,,デパコス,0,0,0,https://prtimes.jp/main/html/rd/p/000000171.000036737.html
000000045.000024471,24471,日本ロレアル株式会社　タカミ事業部,日本ロレアル株式会社,brand_owner,global,core,2020-12-03,2020-12,,none,,タカミ,ミドル,0,0,0,https://prtimes.jp/main/html/rd/p/000000045.000024471.html
000000174.000036737,36737,株式会社ポーラ,株式会社ポーラ,brand_owner,JP,core,2020-12-04,2020-12,,none,,POLA,デパコス,0,0,0,https://prtimes.jp/main/html/rd/p/000000174.000036737.html
000000175.000036737,36737,株式会社ポーラ,株式会社ポーラ,brand_owner,JP,core,2020-12-04,2020-12,serum,skincare,,POLA,デパコス,0,0,0,https://prtimes.jp/main/html/rd/p/000000175.000036737.html
000000056.000031376,31376,アモーレパシフィックジャパン株式会社,アモーレパシフィックジャパン株式会社,brand_owner,KR,core,2020-12-07,2020-12,,none,,イニスフリー,プチプラ/ミドル,0,0,0,https://prtimes.jp/main/html/rd/p/000000056.000031376.html
000000376.000001572,1572,株式会社石澤研究所,株式会社石澤研究所,brand_owner,JP,core,2020-12-07,2020-12,cream,skincare,アスコルビン酸,,プチプラ,0,0,0,https://prtimes.jp/main/html/rd/p/000000376.000001572.html
000000060.000006944,6944,ニベア花王株式会社,ニベア花王株式会社,brand_owner,global,core,2020-12-10,2020-12,serum,skincare,,NIVEA,プチプラ/ミドル,0,0,0,https://prtimes.jp/main/html/rd/p/000000060.000006944.html
000000183.000021350,21350,アモーレパシフィックジャパン株式会社,アモーレパシフィックジャパン株式会社,brand_owner,KR,core,2020-12-11,2020-12,,none,,エチュード,プチプラ,0,0,0,https://prtimes.jp/main/html/rd/p/000000183.000021350.html
000000013.000056098,56098,株式会社クリオ,株式会社クリオ,brand_owner,KR,core,2020-12-15,2020-12,lipstick,makeup,,peripera,プチプラ,0,0,1,https://prtimes.jp/main/html/rd/p/000000013.000056098.html
000000178.000036737,36737,株式会社ポーラ,株式会社ポーラ,brand_owner,JP,core,2020-12-15,2020-12,cream,skincare,,,デパコス,0,0,0,https://prtimes.jp/main/html/rd/p/000000178.000036737.html
000000091.000019685,19685,株式会社 井田ラボラトリーズ,株式会社井田ラボラトリーズ,brand_owner,JP,core,2020-12-21,2020-12,eye_makeup,makeup,,CANMAKE,プチプラ,0,0,0,https://prtimes.jp/main/html/rd/p/000000091.000019685.html
000000025.000042040,42040,株式会社セザンヌ化粧品,セザンヌ化粧品株式会社,brand_owner,JP,core,2020-12-23,2020-12,blush,makeup,,CEZANNE,プチプラ,0,0,0,https://prtimes.jp/main/html/rd/p/000000025.000042040.html
000000023.000046376,46376,株式会社コーセー（戦略ブランド事業部）,株式会社コーセー,brand_owner,JP,core,2020-12-28,2020-12,eye_makeup|lipstick,makeup,,ADDICTION,デパコス,0,0,0,https://prtimes.jp/main/html/rd/p/000000023.000046376.html
000000024.000046376,46376,株式会社コーセー（戦略ブランド事業部）,株式会社コーセー,brand_owner,JP,core,2020-12-29,2020-12,,none,,ADDICTION|DEW,デパコス,0,0,0,https://prtimes.jp/main/html/rd/p/000000024.000046376.html
000000184.000036737,36737,株式会社ポーラ,株式会社ポーラ,brand_owner,JP,core,2021-01-08,2021-01,serum,skincare,,POLA,デパコス,0,0,0,https://prtimes.jp/main/html/rd/p/000000184.000036737.html
000000046.000024471,24471,日本ロレアル株式会社　タカミ事業部,日本ロレアル株式会社,brand_owner,global,core,2021-01-12,2021-01,,none,,タカミ,ミドル,0,0,0,https://prtimes.jp/main/html/rd/p/000000046.000024471.html
000000184.000021350,21350,アモーレパシフィックジャパン株式会社,アモーレパシフィックジャパン株式会社,brand_owner,KR,core,2021-01-12,2021-01,lipstick,makeup,,エチュード,プチプラ,0,0,0,https://prtimes.jp/main/html/rd/p/000000184.000021350.html
000000061.000006944,6944,ニベア花王株式会社,ニベア花王株式会社,brand_owner,global,core,2021-01-14,2021-01,,none,,NIVEA,プチプラ/ミドル,1,0,0,https://prtimes.jp/main/html/rd/p/000000061.000006944.html
000000057.000031376,31376,アモーレパシフィックジャパン株式会社,アモーレパシフィックジャパン株式会社,brand_owner,KR,core,2021-01-15,2021-01,cream,skincare,,イニスフリー,プチプラ/ミドル,0,0,0,https://prtimes.jp/main/html/rd/p/000000057.000031376.html
000000026.000042040,42040,株式会社セザンヌ化粧品,セザンヌ化粧品株式会社,brand_owner,JP,core,2021-01-19,2021-01,lash_brow,makeup,,,プチプラ,0,0,0,https://prtimes.jp/main/html/rd/p/000000026.000042040.html
000000027.000042040,42040,株式会社セザンヌ化粧品,セザンヌ化粧品株式会社,brand_owner,JP,core,2021-01-21,2021-01,concealer|toner_lotion|base_makeup,makeup,セラミド,CEZANNE,プチプラ,0,0,0,https://prtimes.jp/main/html/rd/p/000000027.000042040.html
000000063.000006944,6944,ニベア花王株式会社,ニベア花王株式会社,brand_owner,global,core,2021-01-21,2021-01,cleansing,skincare,,NIVEA,プチプラ/ミドル,0,0,0,https://prtimes.jp/main/html/rd/p/000000063.000006944.html
000000093.000019685,19685,株式会社 井田ラボラトリーズ,株式会社井田ラボラトリーズ,brand_owner,JP,core,2021-01-21,2021-01,lipstick,makeup,,CANMAKE,プチプラ,0,0,0,https://prtimes.jp/main/html/rd/p/000000093.000019685.html
000000187.000021350,21350,アモーレパシフィックジャパン株式会社,アモーレパシフィックジャパン株式会社,brand_owner,KR,core,2021-01-22,2021-01,,none,,エチュード,プチプラ,0,0,0,https://prtimes.jp/main/html/rd/p/000000187.000021350.html
000000094.000019685,19685,株式会社 井田ラボラトリーズ,株式会社井田ラボラトリーズ,brand_owner,JP,core,2021-01-25,2021-01,concealer,makeup,,CANMAKE,プチプラ,0,0,0,https://prtimes.jp/main/html/rd/p/000000094.000019685.html
000000382.000001572,1572,株式会社石澤研究所,株式会社石澤研究所,brand_owner,JP,core,2021-02-04,2021-02,mask|cream,skincare,,,プチプラ,0,0,0,https://prtimes.jp/main/html/rd/p/000000382.000001572.html
000000059.000031376,31376,アモーレパシフィックジャパン株式会社,アモーレパシフィックジャパン株式会社,brand_owner,KR,core,2021-02-10,2021-02,,none,,イニスフリー,プチプラ/ミドル,0,0,0,https://prtimes.jp/main/html/rd/p/000000059.000031376.html
000000189.000021350,21350,アモーレパシフィックジャパン株式会社,アモーレパシフィックジャパン株式会社,brand_owner,KR,core,2021-02-10,2021-02,,none,,エチュード,プチプラ,0,0,0,https://prtimes.jp/main/html/rd/p/000000189.000021350.html
000000384.000001572,1572,株式会社石澤研究所,株式会社石澤研究所,brand_owner,JP,core,2021-02-10,2021-02,sunscreen,skincare,,,プチプラ,0,0,0,https://prtimes.jp/main/html/rd/p/000000384.000001572.html
000000385.000001572,1572,株式会社石澤研究所,株式会社石澤研究所,brand_owner,JP,core,2021-02-16,2021-02,cream,skincare,,,プチプラ,0,0,0,https://prtimes.jp/main/html/rd/p/000000385.000001572.html
000000191.000021350,21350,アモーレパシフィックジャパン株式会社,アモーレパシフィックジャパン株式会社,brand_owner,KR,core,2021-02-17,2021-02,lipstick,makeup,,エチュード,プチプラ,0,0,0,https://prtimes.jp/main/html/rd/p/000000191.000021350.html
000000095.000019685,19685,株式会社 井田ラボラトリーズ,株式会社井田ラボラトリーズ,brand_owner,JP,core,2021-02-24,2021-02,lash_brow,makeup,,CANMAKE,プチプラ,0,0,0,https://prtimes.jp/main/html/rd/p/000000095.000019685.html
000000386.000001572,1572,株式会社石澤研究所,株式会社石澤研究所,brand_owner,JP,core,2021-02-24,2021-02,hair,other,,,プチプラ,0,0,0,https://prtimes.jp/main/html/rd/p/000000386.000001572.html
000000025.000046376,46376,株式会社コーセー（戦略ブランド事業部）,株式会社コーセー,brand_owner,JP,core,2021-03-01,2021-03,,none,,ADDICTION,デパコス,0,0,0,https://prtimes.jp/main/html/rd/p/000000025.000046376.html
000000026.000046376,46376,株式会社コーセー（戦略ブランド事業部）,株式会社コーセー,brand_owner,JP,core,2021-03-05,2021-03,,none,,ADDICTION,デパコス,0,0,0,https://prtimes.jp/main/html/rd/p/000000026.000046376.html
000000027.000046376,46376,株式会社コーセー（戦略ブランド事業部）,株式会社コーセー,brand_owner,JP,core,2021-03-08,2021-03,base_makeup,makeup,,ADDICTION,デパコス,0,0,0,https://prtimes.jp/main/html/rd/p/000000027.000046376.html
000000193.000021350,21350,アモーレパシフィックジャパン株式会社,アモーレパシフィックジャパン株式会社,brand_owner,KR,core,2021-03-08,2021-03,foundation,makeup,,エチュード,プチプラ,0,0,0,https://prtimes.jp/main/html/rd/p/000000193.000021350.html
000000061.000031376,31376,アモーレパシフィックジャパン株式会社,アモーレパシフィックジャパン株式会社,brand_owner,KR,core,2021-03-11,2021-03,powder,makeup,,イニスフリー,プチプラ/ミドル,0,0,0,https://prtimes.jp/main/html/rd/p/000000061.000031376.html
000000019.000056098,56098,株式会社クリオ,株式会社クリオ,brand_owner,KR,core,2021-03-12,2021-03,eye_makeup,makeup,,peripera,プチプラ,0,0,0,https://prtimes.jp/main/html/rd/p/000000019.000056098.html
000000047.000024471,24471,日本ロレアル株式会社　タカミ事業部,日本ロレアル株式会社,brand_owner,global,core,2021-03-15,2021-03,serum|lipstick,skincare,,,mixed,0,1,0,https://prtimes.jp/main/html/rd/p/000000047.000024471.html
000000388.000001572,1572,株式会社石澤研究所,株式会社石澤研究所,brand_owner,JP,core,2021-03-17,2021-03,,none,,,プチプラ,1,0,0,https://prtimes.jp/main/html/rd/p/000000388.000001572.html
000000097.000019685,19685,株式会社 井田ラボラトリーズ,株式会社井田ラボラトリーズ,brand_owner,JP,core,2021-03-22,2021-03,powder|foundation,makeup,,CANMAKE,プチプラ,0,1,0,https://prtimes.jp/main/html/rd/p/000000097.000019685.html
000000001.000076505,76505,株式会社韓国高麗人蔘社,株式会社韓国高麗人蔘社,importer,KR,core,2021-03-23,2021-03,eye_makeup,makeup,,rom&nd,プチプラ,0,0,0,https://prtimes.jp/main/html/rd/p/000000001.000076505.html
000000194.000021350,21350,アモーレパシフィックジャパン株式会社,アモーレパシフィックジャパン株式会社,brand_owner,KR,core,2021-03-23,2021-03,eye_makeup,makeup,,エチュード,プチプラ,0,0,0,https://prtimes.jp/main/html/rd/p/000000194.000021350.html
000000195.000036737,36737,株式会社ポーラ,株式会社ポーラ,brand_owner,JP,core,2021-03-23,2021-03,serum,skincare,,,デパコス,1,0,0,https://prtimes.jp/main/html/rd/p/000000195.000036737.html
000000098.000019685,19685,株式会社 井田ラボラトリーズ,株式会社井田ラボラトリーズ,brand_owner,JP,core,2021-03-24,2021-03,eye_makeup|nail,makeup,,CANMAKE,プチプラ,0,0,0,https://prtimes.jp/main/html/rd/p/000000098.000019685.html
000000032.000044623,44623,ELCジャパン合同会社　M・A・C事業部,ELCジャパン合同会社,brand_owner,global,core,2021-03-30,2021-03,lipstick,makeup,,M·A·C,デパコス,0,0,0,https://prtimes.jp/main/html/rd/p/000000032.000044623.html
000000390.000001572,1572,株式会社石澤研究所,株式会社石澤研究所,brand_owner,JP,core,2021-04-01,2021-04,face_wash,skincare,,毛穴撫子,プチプラ,0,0,0,https://prtimes.jp/main/html/rd/p/000000390.000001572.html
000000391.000001572,1572,株式会社石澤研究所,株式会社石澤研究所,brand_owner,JP,core,2021-04-01,2021-04,face_wash,skincare,,毛穴撫子,プチプラ,0,0,0,https://prtimes.jp/main/html/rd/p/000000391.000001572.html
000000195.000021350,21350,アモーレパシフィックジャパン株式会社,アモーレパシフィックジャパン株式会社,brand_owner,KR,core,2021-04-02,2021-04,lipstick,makeup,,エチュード,プチプラ,0,0,0,https://prtimes.jp/main/html/rd/p/000000195.000021350.html
000000392.000001572,1572,株式会社石澤研究所,株式会社石澤研究所,brand_owner,JP,core,2021-04-02,2021-04,face_wash,skincare,,毛穴撫子,プチプラ,0,0,0,https://prtimes.jp/main/html/rd/p/000000392.000001572.html
000000099.000019685,19685,株式会社 井田ラボラトリーズ,株式会社井田ラボラトリーズ,brand_owner,JP,core,2021-04-06,2021-04,lipstick,makeup,,CANMAKE,プチプラ,0,0,0,https://prtimes.jp/main/html/rd/p/000000099.000019685.html
000000063.000031376,31376,アモーレパシフィックジャパン株式会社,アモーレパシフィックジャパン株式会社,brand_owner,KR,core,2021-04-08,2021-04,booster|serum,skincare,,イニスフリー,プチプラ/ミドル,0,1,0,https://prtimes.jp/main/html/rd/p/000000063.000031376.html
000000028.000046376,46376,株式会社コーセー（戦略ブランド事業部）,株式会社コーセー,brand_owner,JP,core,2021-04-09,2021-04,,none,,ADDICTION,デパコス,0,0,0,https://prtimes.jp/main/html/rd/p/000000028.000046376.html
000000002.000077831,77831,株式会社mimi-Japan,株式会社mimi-Japan,importer,CN,core,2021-04-12,2021-04,,none,,Judydoll,プチプラ/ミドル,0,0,0,https://prtimes.jp/main/html/rd/p/000000002.000077831.html
000000393.000001572,1572,株式会社石澤研究所,株式会社石澤研究所,brand_owner,JP,core,2021-04-14,2021-04,hair,other,,,プチプラ,0,0,0,https://prtimes.jp/main/html/rd/p/000000393.000001572.html
000000028.000042040,42040,株式会社セザンヌ化粧品,セザンヌ化粧品株式会社,brand_owner,JP,core,2021-04-19,2021-04,,none,,,プチプラ,0,0,0,https://prtimes.jp/main/html/rd/p/000000028.000042040.html
000000100.000019685,19685,株式会社 井田ラボラトリーズ,株式会社井田ラボラトリーズ,brand_owner,JP,core,2021-04-22,2021-04,eye_makeup|powder,makeup,,CANMAKE,プチプラ,0,0,0,https://prtimes.jp/main/html/rd/p/000000100.000019685.html
000000021.000018737,18737,ELCジャパン合同会社,ELCジャパン合同会社,brand_owner,global,core,2021-04-23,2021-04,foundation,makeup,,エスティ ローダー,デパコス,0,0,0,https://prtimes.jp/main/html/rd/p/000000021.000018737.html
000000204.000036737,36737,株式会社ポーラ,株式会社ポーラ,brand_owner,JP,core,2021-04-28,2021-04,face_wash,skincare,,POLA,デパコス,0,0,0,https://prtimes.jp/main/html/rd/p/000000204.000036737.html
000000029.000046376,46376,株式会社コーセー（戦略ブランド事業部）,株式会社コーセー,brand_owner,JP,core,2021-05-07,2021-05,,none,,ADDICTION,デパコス,0,0,0,https://prtimes.jp/main/html/rd/p/000000029.000046376.html
000000033.000044623,44623,ELCジャパン合同会社　M・A・C事業部,ELCジャパン合同会社,brand_owner,global,core,2021-05-10,2021-05,,none,,M·A·C,デパコス,0,0,0,https://prtimes.jp/main/html/rd/p/000000033.000044623.html
000000029.000042040,42040,株式会社セザンヌ化粧品,セザンヌ化粧品株式会社,brand_owner,JP,core,2021-05-11,2021-05,lipstick,makeup,,,プチプラ,0,0,0,https://prtimes.jp/main/html/rd/p/000000029.000042040.html
000000048.000024471,24471,日本ロレアル株式会社　タカミ事業部,日本ロレアル株式会社,brand_owner,global,core,2021-05-11,2021-05,serum,skincare,,タカミ,ミドル,0,1,0,https://prtimes.jp/main/html/rd/p/000000048.000024471.html
000000030.000042040,42040,株式会社セザンヌ化粧品,セザンヌ化粧品株式会社,brand_owner,JP,core,2021-05-13,2021-05,eye_makeup,makeup,,CEZANNE,プチプラ,0,1,0,https://prtimes.jp/main/html/rd/p/000000030.000042040.html
000000003.000077831,77831,株式会社mimi-Japan,株式会社mimi-Japan,importer,CN,core,2021-05-14,2021-05,,none,,,,0,0,0,https://prtimes.jp/main/html/rd/p/000000003.000077831.html
000000394.000001572,1572,株式会社石澤研究所,株式会社石澤研究所,brand_owner,JP,core,2021-05-14,2021-05,lipstick,makeup,,,プチプラ,0,0,0,https://prtimes.jp/main/html/rd/p/000000394.000001572.html
000000023.000056098,56098,株式会社クリオ,株式会社クリオ,brand_owner,KR,core,2021-05-18,2021-05,eye_makeup,makeup,,CLIO,ミドル,0,0,0,https://prtimes.jp/main/html/rd/p/000000023.000056098.html
000000207.000036737,36737,株式会社ポーラ,株式会社ポーラ,brand_owner,JP,core,2021-05-18,2021-05,concealer|powder,makeup,,,デパコス,0,0,0,https://prtimes.jp/main/html/rd/p/000000207.000036737.html
000000065.000031376,31376,アモーレパシフィックジャパン株式会社,アモーレパシフィックジャパン株式会社,brand_owner,KR,core,2021-05-19,2021-05,sunscreen|hair,skincare,,,mixed,0,0,0,https://prtimes.jp/main/html/rd/p/000000065.000031376.html
000000213.000036737,36737,株式会社ポーラ,株式会社ポーラ,brand_owner,JP,core,2021-05-21,2021-05,,none,,,デパコス,0,0,0,https://prtimes.jp/main/html/rd/p/000000213.000036737.html
000000214.000036737,36737,株式会社ポーラ,株式会社ポーラ,brand_owner,JP,core,2021-05-21,2021-05,powder,makeup,,POLA,デパコス,0,0,0,https://prtimes.jp/main/html/rd/p/000000214.000036737.html
000000101.000019685,19685,株式会社 井田ラボラトリーズ,株式会社井田ラボラトリーズ,brand_owner,JP,core,2021-05-25,2021-05,lipstick|serum|base_makeup,makeup,,CANMAKE,プチプラ,0,0,0,https://prtimes.jp/main/html/rd/p/000000101.000019685.html
000000032.000042040,42040,株式会社セザンヌ化粧品,セザンヌ化粧品株式会社,brand_owner,JP,core,2021-06-08,2021-06,lash_brow|blush,makeup,,,プチプラ,0,0,0,https://prtimes.jp/main/html/rd/p/000000032.000042040.html
000000033.000042040,42040,株式会社セザンヌ化粧品,セザンヌ化粧品株式会社,brand_owner,JP,core,2021-06-08,2021-06,lash_brow|hair,makeup,,CEZANNE,プチプラ,0,0,0,https://prtimes.jp/main/html/rd/p/000000033.000042040.html
000000196.000021350,21350,アモーレパシフィックジャパン株式会社,アモーレパシフィックジャパン株式会社,brand_owner,KR,core,2021-06-08,2021-06,powder,makeup,,エチュード,プチプラ,0,0,0,https://prtimes.jp/main/html/rd/p/000000196.000021350.html
000000395.000001572,1572,株式会社石澤研究所,株式会社石澤研究所,brand_owner,JP,core,2021-06-14,2021-06,,none,,毛穴撫子,プチプラ,0,0,0,https://prtimes.jp/main/html/rd/p/000000395.000001572.html
000000396.000001572,1572,株式会社石澤研究所,株式会社石澤研究所,brand_owner,JP,core,2021-06-14,2021-06,hair,other,,,プチプラ,0,0,0,https://prtimes.jp/main/html/rd/p/000000396.000001572.html
000000031.000042040,42040,株式会社セザンヌ化粧品,セザンヌ化粧品株式会社,brand_owner,JP,core,2021-06-15,2021-06,eye_makeup|lash_brow,makeup,,CEZANNE,プチプラ,0,0,0,https://prtimes.jp/main/html/rd/p/000000031.000042040.html
000000049.000024471,24471,日本ロレアル株式会社　タカミ事業部,日本ロレアル株式会社,brand_owner,global,core,2021-06-15,2021-06,,none,,タカミ,ミドル,0,0,0,https://prtimes.jp/main/html/rd/p/000000049.000024471.html
000000067.000031376,31376,アモーレパシフィックジャパン株式会社,アモーレパシフィックジャパン株式会社,brand_owner,KR,core,2021-06-15,2021-06,powder,makeup,,イニスフリー,プチプラ/ミドル,0,1,0,https://prtimes.jp/main/html/rd/p/000000067.000031376.html
000000004.000077831,77831,株式会社mimi-Japan,株式会社mimi-Japan,importer,CN,core,2021-06-17,2021-06,,none,,,,0,0,0,https://prtimes.jp/main/html/rd/p/000000004.000077831.html
000000059.000004359,4359,ELCジャパン合同会社,ELCジャパン合同会社,brand_owner,global,core,2021-06-22,2021-06,toner_lotion,skincare,,クリニーク,デパコス,0,0,1,https://prtimes.jp/main/html/rd/p/000000059.000004359.html
000000103.000019685,19685,株式会社 井田ラボラトリーズ,株式会社井田ラボラトリーズ,brand_owner,JP,core,2021-06-22,2021-06,nail,makeup,,CANMAKE,プチプラ,0,0,0,https://prtimes.jp/main/html/rd/p/000000103.000019685.html
000000397.000001572,1572,株式会社石澤研究所,株式会社石澤研究所,brand_owner,JP,core,2021-06-23,2021-06,mask,skincare,,,プチプラ,1,0,0,https://prtimes.jp/main/html/rd/p/000000397.000001572.html
000000031.000046376,46376,株式会社コーセー（戦略ブランド事業部）,株式会社コーセー,brand_owner,JP,core,2021-06-25,2021-06,lash_brow,makeup,,ADDICTION,デパコス,0,0,0,https://prtimes.jp/main/html/rd/p/000000031.000046376.html
000000001.000081704,81704,株式会社ファイントゥデイ,ファイントゥデイ株式会社,brand_owner,JP,core,2021-07-02,2021-07,hair|serum,other,,fino,プチプラ,0,0,0,https://prtimes.jp/main/html/rd/p/000000001.000081704.html
000000197.000021350,21350,アモーレパシフィックジャパン株式会社,アモーレパシフィックジャパン株式会社,brand_owner,KR,core,2021-07-02,2021-07,,none,,エチュード,プチプラ,0,0,0,https://prtimes.jp/main/html/rd/p/000000197.000021350.html
000000398.000001572,1572,株式会社石澤研究所,株式会社石澤研究所,brand_owner,JP,core,2021-07-05,2021-07,hair,other,,,プチプラ,0,0,0,https://prtimes.jp/main/html/rd/p/000000398.000001572.html
000000105.000019685,19685,株式会社 井田ラボラトリーズ,株式会社井田ラボラトリーズ,brand_owner,JP,core,2021-07-06,2021-07,base_makeup|serum,makeup,,CANMAKE,プチプラ,0,1,0,https://prtimes.jp/main/html/rd/p/000000105.000019685.html
000000002.000081704,81704,株式会社ファイントゥデイ,ファイントゥデイ株式会社,brand_owner,JP,core,2021-07-08,2021-07,base_makeup,makeup,,uno|肌ラボ,プチプラ,0,0,0,https://prtimes.jp/main/html/rd/p/000000002.000081704.html
000000034.000042040,42040,株式会社セザンヌ化粧品,セザンヌ化粧品株式会社,brand_owner,JP,core,2021-07-08,2021-07,,none,,CEZANNE,プチプラ,0,0,0,https://prtimes.jp/main/html/rd/p/000000034.000042040.html
000000035.000042040,42040,株式会社セザンヌ化粧品,セザンヌ化粧品株式会社,brand_owner,JP,core,2021-07-13,2021-07,powder|emulsion,makeup,セラミド,CEZANNE,プチプラ,0,0,0,https://prtimes.jp/main/html/rd/p/000000035.000042040.html
000000198.000021350,21350,アモーレパシフィックジャパン株式会社,アモーレパシフィックジャパン株式会社,brand_owner,KR,core,2021-07-13,2021-07,,none,,エチュード,プチプラ,0,0,0,https://prtimes.jp/main/html/rd/p/000000198.000021350.html
000000199.000021350,21350,アモーレパシフィックジャパン株式会社,アモーレパシフィックジャパン株式会社,brand_owner,KR,core,2021-07-15,2021-07,eye_makeup,makeup,,エチュード,プチプラ,0,0,0,https://prtimes.jp/main/html/rd/p/000000199.000021350.html
000000007.000076505,76505,株式会社韓国高麗人蔘社,株式会社韓国高麗人蔘社,importer,KR,core,2021-07-19,2021-07,eye_makeup|lipstick,makeup,,rom&nd,プチプラ,0,0,0,https://prtimes.jp/main/html/rd/p/000000007.000076505.html
000000025.000056098,56098,株式会社クリオ,株式会社クリオ,brand_owner,KR,core,2021-07-19,2021-07,eye_makeup,makeup,,peripera|CLIO,プチプラ,0,0,0,https://prtimes.jp/main/html/rd/p/000000025.000056098.html
000000068.000031376,31376,アモーレパシフィックジャパン株式会社,アモーレパシフィックジャパン株式会社,brand_owner,KR,core,2021-07-19,2021-07,base_makeup|powder,makeup,,イニスフリー,プチプラ/ミドル,0,0,0,https://prtimes.jp/main/html/rd/p/000000068.000031376.html
000000033.000046376,46376,株式会社コーセー（戦略ブランド事業部）,株式会社コーセー,brand_owner,JP,core,2021-07-21,2021-07,lash_brow|lipstick,makeup,,ADDICTION,デパコス,0,0,0,https://prtimes.jp/main/html/rd/p/000000033.000046376.html
000000061.000004359,4359,ELCジャパン合同会社,ELCジャパン合同会社,brand_owner,global,core,2021-07-21,2021-07,lipstick,makeup,,クリニーク,デパコス,0,0,0,https://prtimes.jp/main/html/rd/p/000000061.000004359.html
000000106.000019685,19685,株式会社 井田ラボラトリーズ,株式会社井田ラボラトリーズ,brand_owner,JP,core,2021-07-21,2021-07,blush|nail,makeup,,CANMAKE,プチプラ,0,0,0,https://prtimes.jp/main/html/rd/p/000000106.000019685.html
000000066.000006944,6944,ニベア花王株式会社,ニベア花王株式会社,brand_owner,global,core,2021-07-29,2021-07,,none,,,プチプラ/ミドル,0,0,0,https://prtimes.jp/main/html/rd/p/000000066.000006944.html
000000067.000006944,6944,ニベア花王株式会社,ニベア花王株式会社,brand_owner,global,core,2021-07-30,2021-07,lipstick,makeup,,NIVEA,プチプラ/ミドル,0,0,0,https://prtimes.jp/main/html/rd/p/000000067.000006944.html
000000068.000006944,6944,ニベア花王株式会社,ニベア花王株式会社,brand_owner,global,core,2021-08-05,2021-08,cream|face_wash,skincare,,NIVEA,プチプラ/ミドル,0,0,0,https://prtimes.jp/main/html/rd/p/000000068.000006944.html
000000034.000046376,46376,株式会社コーセー（戦略ブランド事業部）,株式会社コーセー,brand_owner,JP,core,2021-08-06,2021-08,,none,,ADDICTION,デパコス,0,0,0,https://prtimes.jp/main/html/rd/p/000000034.000046376.html
000000003.000081704,81704,株式会社ファイントゥデイ,ファイントゥデイ株式会社,brand_owner,JP,core,2021-08-11,2021-08,cleansing,skincare,,SENKA,プチプラ,0,0,0,https://prtimes.jp/main/html/rd/p/000000003.000081704.html
000000026.000056098,56098,株式会社クリオ,株式会社クリオ,brand_owner,KR,core,2021-08-19,2021-08,eye_makeup,makeup,,CLIO,ミドル,0,0,0,https://prtimes.jp/main/html/rd/p/000000026.000056098.html
000000032.000046376,46376,株式会社コーセー（戦略ブランド事業部）,株式会社コーセー,brand_owner,JP,core,2021-08-20,2021-08,concealer,makeup,,ADDICTION,デパコス,0,0,0,https://prtimes.jp/main/html/rd/p/000000032.000046376.html
000000400.000001572,1572,株式会社石澤研究所,株式会社石澤研究所,brand_owner,JP,core,2021-08-20,2021-08,toner_lotion,skincare,,毛穴撫子,プチプラ,0,1,0,https://prtimes.jp/main/html/rd/p/000000400.000001572.html
000000006.000077831,77831,株式会社mimi-Japan,株式会社mimi-Japan,importer,CN,core,2021-08-24,2021-08,,none,,,,0,0,0,https://prtimes.jp/main/html/rd/p/000000006.000077831.html
000000107.000019685,19685,株式会社 井田ラボラトリーズ,株式会社井田ラボラトリーズ,brand_owner,JP,core,2021-08-24,2021-08,fragrance,other,,,プチプラ,0,0,0,https://prtimes.jp/main/html/rd/p/000000107.000019685.html
000000108.000019685,19685,株式会社 井田ラボラトリーズ,株式会社井田ラボラトリーズ,brand_owner,JP,core,2021-08-24,2021-08,eye_makeup,makeup,,CANMAKE,プチプラ,0,0,0,https://prtimes.jp/main/html/rd/p/000000108.000019685.html
000000035.000044623,44623,ELCジャパン合同会社　M・A・C事業部,ELCジャパン合同会社,brand_owner,global,core,2021-08-25,2021-08,,none,,M·A·C,デパコス,0,0,0,https://prtimes.jp/main/html/rd/p/000000035.000044623.html
000000069.000006944,6944,ニベア花王株式会社,ニベア花王株式会社,brand_owner,global,core,2021-08-26,2021-08,,none,,,プチプラ/ミドル,0,0,0,https://prtimes.jp/main/html/rd/p/000000069.000006944.html
000000201.000021350,21350,アモーレパシフィックジャパン株式会社,アモーレパシフィックジャパン株式会社,brand_owner,KR,core,2021-08-27,2021-08,eye_makeup,makeup,,エチュード,プチプラ,0,0,0,https://prtimes.jp/main/html/rd/p/000000201.000021350.html
000000202.000021350,21350,アモーレパシフィックジャパン株式会社,アモーレパシフィックジャパン株式会社,brand_owner,KR,core,2021-08-27,2021-08,eye_makeup,makeup,ツボクサエキス,エチュード,プチプラ,0,0,0,https://prtimes.jp/main/html/rd/p/000000202.000021350.html
000000401.000001572,1572,株式会社石澤研究所,株式会社石澤研究所,brand_owner,JP,core,2021-08-27,2021-08,,none,,毛穴撫子,プチプラ,0,0,0,https://prtimes.jp/main/html/rd/p/000000401.000001572.html
000000258.000030413,30413,株式会社ディーエイチシー,株式会社ディーエイチシー,brand_owner,JP,core,2021-09-01,2021-09,lip_balm,makeup,,DHC,プチプラ/ミドル,1,0,0,https://prtimes.jp/main/html/rd/p/000000258.000030413.html
000000259.000030413,30413,株式会社ディーエイチシー,株式会社ディーエイチシー,brand_owner,JP,core,2021-09-01,2021-09,lipstick,makeup,,DHC,プチプラ/ミドル,0,0,0,https://prtimes.jp/main/html/rd/p/000000259.000030413.html
000000403.000001572,1572,株式会社石澤研究所,株式会社石澤研究所,brand_owner,JP,core,2021-09-01,2021-09,hair,other,,,プチプラ,0,0,0,https://prtimes.jp/main/html/rd/p/000000403.000001572.html
000000025.000018737,18737,ELCジャパン合同会社,ELCジャパン合同会社,brand_owner,global,core,2021-09-03,2021-09,,none,,エスティ ローダー,デパコス,0,0,0,https://prtimes.jp/main/html/rd/p/000000025.000018737.html
000000257.000030413,30413,株式会社ディーエイチシー,株式会社ディーエイチシー,brand_owner,JP,core,2021-09-08,2021-09,,none,,DHC,プチプラ/ミドル,0,0,0,https://prtimes.jp/main/html/rd/p/000000257.000030413.html
000000007.000077831,77831,株式会社mimi-Japan,株式会社mimi-Japan,importer,CN,core,2021-09-09,2021-09,eye_makeup,makeup,,,,0,0,0,https://prtimes.jp/main/html/rd/p/000000007.000077831.html
000000203.000021350,21350,アモーレパシフィックジャパン株式会社,アモーレパシフィックジャパン株式会社,brand_owner,KR,core,2021-09-09,2021-09,lipstick,makeup,,エチュード,プチプラ,0,0,0,https://prtimes.jp/main/html/rd/p/000000203.000021350.html
000000204.000021350,21350,アモーレパシフィックジャパン株式会社,アモーレパシフィックジャパン株式会社,brand_owner,KR,core,2021-09-13,2021-09,all_in_one,skincare,,エチュード,プチプラ,0,0,0,https://prtimes.jp/main/html/rd/p/000000204.000021350.html
000000109.000019685,19685,株式会社 井田ラボラトリーズ,株式会社井田ラボラトリーズ,brand_owner,JP,core,2021-09-22,2021-09,blush|nail,makeup,,CANMAKE,プチプラ,0,0,0,https://prtimes.jp/main/html/rd/p/000000109.000019685.html
000000110.000019685,19685,株式会社 井田ラボラトリーズ,株式会社井田ラボラトリーズ,brand_owner,JP,core,2021-09-22,2021-09,,none,,CANMAKE,プチプラ,0,0,0,https://prtimes.jp/main/html/rd/p/000000110.000019685.html
000000009.000081704,81704,株式会社ファイントゥデイ,ファイントゥデイ株式会社,brand_owner,JP,core,2021-09-24,2021-09,base_makeup,makeup,,uno,プチプラ,0,0,0,https://prtimes.jp/main/html/rd/p/000000009.000081704.html
000000205.000021350,21350,アモーレパシフィックジャパン株式会社,アモーレパシフィックジャパン株式会社,brand_owner,KR,core,2021-09-28,2021-09,,none,,エチュード,プチプラ,0,0,0,https://prtimes.jp/main/html/rd/p/000000205.000021350.html
000000035.000046376,46376,株式会社コーセー（戦略ブランド事業部）,株式会社コーセー,brand_owner,JP,core,2021-10-01,2021-10,,none,,ADDICTION,デパコス,0,0,0,https://prtimes.jp/main/html/rd/p/000000035.000046376.html
000000037.000044623,44623,ELCジャパン合同会社　M・A・C事業部,ELCジャパン合同会社,brand_owner,global,core,2021-10-08,2021-10,nail,makeup,,M·A·C,デパコス,0,0,0,https://prtimes.jp/main/html/rd/p/000000037.000044623.html
000000020.000064854,64854,P&Gプレステージ合同会社,P&Gプレステージ合同会社,brand_owner,global,core,2021-10-11,2021-10,serum,skincare,,SK-II,デパコス,0,0,0,https://prtimes.jp/main/html/rd/p/000000020.000064854.html
000000036.000042040,42040,株式会社セザンヌ化粧品,セザンヌ化粧品株式会社,brand_owner,JP,core,2021-10-13,2021-10,lipstick,makeup,,,プチプラ,0,0,0,https://prtimes.jp/main/html/rd/p/000000036.000042040.html
000000010.000081704,81704,株式会社ファイントゥデイ,ファイントゥデイ株式会社,brand_owner,JP,core,2021-10-15,2021-10,all_in_one|cream,skincare,,uno,プチプラ,0,0,0,https://prtimes.jp/main/html/rd/p/000000010.000081704.html
000000038.000044623,44623,ELCジャパン合同会社　M・A・C事業部,ELCジャパン合同会社,brand_owner,global,core,2021-10-18,2021-10,,none,,M·A·C,デパコス,0,0,0,https://prtimes.jp/main/html/rd/p/000000038.000044623.html
000000071.000031376,31376,アモーレパシフィックジャパン株式会社,アモーレパシフィックジャパン株式会社,brand_owner,KR,core,2021-10-18,2021-10,,none,,,mixed,0,0,0,https://prtimes.jp/main/html/rd/p/000000071.000031376.html
000000206.000021350,21350,アモーレパシフィックジャパン株式会社,アモーレパシフィックジャパン株式会社,brand_owner,KR,core,2021-10-20,2021-10,lipstick,makeup,,エチュード,プチプラ,0,0,0,https://prtimes.jp/main/html/rd/p/000000206.000021350.html
000000113.000019685,19685,株式会社 井田ラボラトリーズ,株式会社井田ラボラトリーズ,brand_owner,JP,core,2021-10-21,2021-10,,none,,CANMAKE,プチプラ,0,0,0,https://prtimes.jp/main/html/rd/p/000000113.000019685.html
000000114.000019685,19685,株式会社 井田ラボラトリーズ,株式会社井田ラボラトリーズ,brand_owner,JP,core,2021-10-21,2021-10,body|fragrance,other,,,プチプラ,0,0,0,https://prtimes.jp/main/html/rd/p/000000114.000019685.html
000000028.000056098,56098,株式会社クリオ,株式会社クリオ,brand_owner,KR,core,2021-10-22,2021-10,mask,skincare,ツボクサエキス,CLIO,ミドル,0,0,0,https://prtimes.jp/main/html/rd/p/000000028.000056098.html
000000036.000046376,46376,株式会社コーセー（戦略ブランド事業部）,株式会社コーセー,brand_owner,JP,core,2021-10-22,2021-10,,none,,ADDICTION,デパコス,0,0,0,https://prtimes.jp/main/html/rd/p/000000036.000046376.html
000000039.000044623,44623,ELCジャパン合同会社　M・A・C事業部,ELCジャパン合同会社,brand_owner,global,core,2021-10-22,2021-10,,none,,M·A·C,デパコス,0,0,0,https://prtimes.jp/main/html/rd/p/000000039.000044623.html
000000011.000081704,81704,株式会社ファイントゥデイ,ファイントゥデイ株式会社,brand_owner,JP,core,2021-10-29,2021-10,hair,other,,fino,プチプラ,0,0,0,https://prtimes.jp/main/html/rd/p/000000011.000081704.html
000000007.000086691,86691,ユニリーバ・ジャパン・カスタマーマーケティング株式会社,ユニリーバ・ジャパン株式会社,brand_owner,global,core,2021-11-01,2021-11,,none,,LUX,プチプラ,0,0,0,https://prtimes.jp/main/html/rd/p/000000007.000086691.html
000000038.000046376,46376,株式会社コーセー（戦略ブランド事業部）,株式会社コーセー,brand_owner,JP,core,2021-11-05,2021-11,lipstick,makeup,,ADDICTION,デパコス,0,0,0,https://prtimes.jp/main/html/rd/p/000000038.000046376.html
000000207.000021350,21350,アモーレパシフィックジャパン株式会社,アモーレパシフィックジャパン株式会社,brand_owner,KR,core,2021-11-09,2021-11,,none,,エチュード,プチプラ,0,0,0,https://prtimes.jp/main/html/rd/p/000000207.000021350.html
000000208.000021350,21350,アモーレパシフィックジャパン株式会社,アモーレパシフィックジャパン株式会社,brand_owner,KR,core,2021-11-09,2021-11,,none,,エチュード,プチプラ,0,0,0,https://prtimes.jp/main/html/rd/p/000000208.000021350.html
000000040.000044623,44623,ELCジャパン合同会社　M・A・C事業部,ELCジャパン合同会社,brand_owner,global,core,2021-11-10,2021-11,,none,,M·A·C,デパコス,0,0,0,https://prtimes.jp/main/html/rd/p/000000040.000044623.html
000000405.000001572,1572,株式会社石澤研究所,株式会社石澤研究所,brand_owner,JP,core,2021-11-10,2021-11,,none,,毛穴撫子,プチプラ,1,0,0,https://prtimes.jp/main/html/rd/p/000000405.000001572.html
000000037.000042040,42040,株式会社セザンヌ化粧品,セザンヌ化粧品株式会社,brand_owner,JP,core,2021-11-18,2021-11,base_makeup|sunscreen,makeup,,CEZANNE,プチプラ,0,0,0,https://prtimes.jp/main/html/rd/p/000000037.000042040.html
000000012.000076505,76505,株式会社韓国高麗人蔘社,株式会社韓国高麗人蔘社,importer,KR,core,2021-11-24,2021-11,lash_brow|serum,makeup,,rom&nd,プチプラ,0,0,0,https://prtimes.jp/main/html/rd/p/000000012.000076505.html
000000115.000019685,19685,株式会社 井田ラボラトリーズ,株式会社井田ラボラトリーズ,brand_owner,JP,core,2021-11-24,2021-11,powder|eye_makeup|base_makeup,makeup,,CANMAKE,プチプラ,0,0,0,https://prtimes.jp/main/html/rd/p/000000115.000019685.html
000000072.000031376,31376,アモーレパシフィックジャパン株式会社,アモーレパシフィックジャパン株式会社,brand_owner,KR,core,2021-11-29,2021-11,toner_lotion|emulsion,skincare,,イニスフリー,プチプラ/ミドル,0,0,0,https://prtimes.jp/main/html/rd/p/000000072.000031376.html
000000009.000086691,86691,ユニリーバ・ジャパン・カスタマーマーケティング株式会社,ユニリーバ・ジャパン株式会社,brand_owner,global,core,2021-12-01,2021-12,face_wash,skincare,,Dove,プチプラ,0,0,0,https://prtimes.jp/main/html/rd/p/000000009.000086691.html
000000209.000021350,21350,アモーレパシフィックジャパン株式会社,アモーレパシフィックジャパン株式会社,brand_owner,KR,core,2021-12-09,2021-12,eye_makeup,makeup,,エチュード,プチプラ,0,1,0,https://prtimes.jp/main/html/rd/p/000000209.000021350.html
000000038.000042040,42040,株式会社セザンヌ化粧品,セザンヌ化粧品株式会社,brand_owner,JP,core,2021-12-10,2021-12,lash_brow,makeup,,CEZANNE,プチプラ,0,0,0,https://prtimes.jp/main/html/rd/p/000000038.000042040.html
000000039.000046376,46376,株式会社コーセー（戦略ブランド事業部）,株式会社コーセー,brand_owner,JP,core,2021-12-10,2021-12,blush,makeup,,ADDICTION,デパコス,0,0,0,https://prtimes.jp/main/html/rd/p/000000039.000046376.html
000000073.000031376,31376,アモーレパシフィックジャパン株式会社,アモーレパシフィックジャパン株式会社,brand_owner,KR,core,2021-12-14,2021-12,serum,skincare,レチノール|ツボクサエキス,,mixed,0,0,0,https://prtimes.jp/main/html/rd/p/000000073.000031376.html
000000210.000021350,21350,アモーレパシフィックジャパン株式会社,アモーレパシフィックジャパン株式会社,brand_owner,KR,core,2021-12-14,2021-12,,none,,エチュード,プチプラ,0,0,0,https://prtimes.jp/main/html/rd/p/000000210.000021350.html
000000030.000056098,56098,株式会社クリオ,株式会社クリオ,brand_owner,KR,core,2021-12-15,2021-12,,none,,peripera|CLIO,プチプラ,0,0,0,https://prtimes.jp/main/html/rd/p/000000030.000056098.html
000000012.000086691,86691,ユニリーバ・ジャパン・カスタマーマーケティング株式会社,ユニリーバ・ジャパン株式会社,brand_owner,global,core,2021-12-20,2021-12,,none,,LUX,プチプラ,0,0,0,https://prtimes.jp/main/html/rd/p/000000012.000086691.html
000000039.000042040,42040,株式会社セザンヌ化粧品,セザンヌ化粧品株式会社,brand_owner,JP,core,2021-12-21,2021-12,lash_brow,makeup,,CEZANNE,プチプラ,0,0,0,https://prtimes.jp/main/html/rd/p/000000039.000042040.html
000000040.000042040,42040,株式会社セザンヌ化粧品,セザンヌ化粧品株式会社,brand_owner,JP,core,2021-12-22,2021-12,eye_makeup,makeup,,CEZANNE,プチプラ,0,0,0,https://prtimes.jp/main/html/rd/p/000000040.000042040.html
000000116.000019685,19685,株式会社 井田ラボラトリーズ,株式会社井田ラボラトリーズ,brand_owner,JP,core,2021-12-22,2021-12,fragrance,other,,,プチプラ,0,0,0,https://prtimes.jp/main/html/rd/p/000000116.000019685.html
000000117.000019685,19685,株式会社 井田ラボラトリーズ,株式会社井田ラボラトリーズ,brand_owner,JP,core,2021-12-22,2021-12,lipstick,makeup,,CANMAKE,プチプラ,0,0,0,https://prtimes.jp/main/html/rd/p/000000117.000019685.html
000000041.000042040,42040,株式会社セザンヌ化粧品,セザンヌ化粧品株式会社,brand_owner,JP,core,2022-01-06,2022-01,lash_brow|hair,makeup,,,プチプラ,0,0,0,https://prtimes.jp/main/html/rd/p/000000041.000042040.html
000000072.000006944,6944,ニベア花王株式会社,ニベア花王株式会社,brand_owner,global,core,2022-01-06,2022-01,cleansing,skincare,,NIVEA,プチプラ/ミドル,0,0,0,https://prtimes.jp/main/html/rd/p/000000072.000006944.html
000000412.000001572,1572,株式会社石澤研究所,株式会社石澤研究所,brand_owner,JP,core,2022-01-11,2022-01,,none,,,プチプラ,0,0,0,https://prtimes.jp/main/html/rd/p/000000412.000001572.html
000000042.000042040,42040,株式会社セザンヌ化粧品,セザンヌ化粧品株式会社,brand_owner,JP,core,2022-01-12,2022-01,eye_makeup|lash_brow,makeup,,CEZANNE,プチプラ,0,0,0,https://prtimes.jp/main/html/rd/p/000000042.000042040.html
000000004.000035071,35071,株式会社BENOW JAPAN,株式会社BENOW JAPAN,importer,KR,core,2022-01-14,2022-01,,none,,,ミドル,0,0,0,https://prtimes.jp/main/html/rd/p/000000004.000035071.html
000000017.000076505,76505,株式会社韓国高麗人蔘社,株式会社韓国高麗人蔘社,importer,KR,core,2022-01-20,2022-01,lipstick|nail,makeup,,rom&nd,プチプラ,0,0,0,https://prtimes.jp/main/html/rd/p/000000017.000076505.html
000000043.000042040,42040,株式会社セザンヌ化粧品,セザンヌ化粧品株式会社,brand_owner,JP,core,2022-01-20,2022-01,base_makeup|powder,makeup,,CEZANNE,プチプラ,0,0,0,https://prtimes.jp/main/html/rd/p/000000043.000042040.html
000000073.000006944,6944,ニベア花王株式会社,ニベア花王株式会社,brand_owner,global,core,2022-01-20,2022-01,,none,,,プチプラ/ミドル,1,0,0,https://prtimes.jp/main/html/rd/p/000000073.000006944.html
000000379.000007954,7954,クラシエ株式会社（ホームプロダクツカンパニー）,クラシエ株式会社,brand_owner,JP,core,2022-01-20,2022-01,serum,skincare,,肌美精,プチプラ,0,1,0,https://prtimes.jp/main/html/rd/p/000000379.000007954.html
000000118.000019685,19685,株式会社 井田ラボラトリーズ,株式会社井田ラボラトリーズ,brand_owner,JP,core,2022-01-21,2022-01,powder,makeup,,CANMAKE,プチプラ,0,0,0,https://prtimes.jp/main/html/rd/p/000000118.000019685.html
000000074.000031376,31376,アモーレパシフィックジャパン株式会社,アモーレパシフィックジャパン株式会社,brand_owner,KR,core,2022-01-26,2022-01,,none,,イニスフリー,プチプラ/ミドル,0,0,1,https://prtimes.jp/main/html/rd/p/000000074.000031376.html
000000044.000044623,44623,ELCジャパン合同会社　M・A・C事業部,ELCジャパン合同会社,brand_owner,global,core,2022-01-27,2022-01,,none,,M·A·C,デパコス,0,1,0,https://prtimes.jp/main/html/rd/p/000000044.000044623.html
000000298.000028974,28974,株式会社桃谷順天館,株式会社桃谷順天館,brand_owner,JP,present_forward,2022-02-01,2022-02,concealer,makeup,,,プチプラ,1,0,0,https://prtimes.jp/main/html/rd/p/000000298.000028974.html
000000211.000021350,21350,アモーレパシフィックジャパン株式会社,アモーレパシフィックジャパン株式会社,brand_owner,KR,core,2022-02-06,2022-02,,none,,エチュード,プチプラ,0,0,0,https://prtimes.jp/main/html/rd/p/000000211.000021350.html
000000012.000081704,81704,株式会社ファイントゥデイ,ファイントゥデイ株式会社,brand_owner,JP,core,2022-02-09,2022-02,,none,,SEA BREEZE,プチプラ,0,1,0,https://prtimes.jp/main/html/rd/p/000000012.000081704.html
000000031.000056098,56098,株式会社クリオ,株式会社クリオ,brand_owner,KR,core,2022-02-14,2022-02,,none,,CLIO,ミドル,0,0,0,https://prtimes.jp/main/html/rd/p/000000031.000056098.html
000000013.000081704,81704,株式会社ファイントゥデイ,ファイントゥデイ株式会社,brand_owner,JP,core,2022-02-15,2022-02,face_wash,skincare,,SENKA,プチプラ,0,0,0,https://prtimes.jp/main/html/rd/p/000000013.000081704.html
000000017.000086691,86691,ユニリーバ・ジャパン・カスタマーマーケティング株式会社,ユニリーバ・ジャパン株式会社,brand_owner,global,core,2022-02-15,2022-02,,none,,LUX,プチプラ,0,0,0,https://prtimes.jp/main/html/rd/p/000000017.000086691.html
000000415.000001572,1572,株式会社石澤研究所,株式会社石澤研究所,brand_owner,JP,core,2022-02-16,2022-02,face_wash,skincare,,毛穴撫子,プチプラ,0,0,0,https://prtimes.jp/main/html/rd/p/000000415.000001572.html
000000011.000077831,77831,株式会社mimi-Japan,株式会社mimi-Japan,importer,CN,core,2022-02-17,2022-02,eye_makeup|blush,makeup,,,,0,0,0,https://prtimes.jp/main/html/rd/p/000000011.000077831.html
000000023.000064854,64854,P&Gプレステージ合同会社,P&Gプレステージ合同会社,brand_owner,global,core,2022-02-17,2022-02,serum,skincare,,SK-II,デパコス,0,0,0,https://prtimes.jp/main/html/rd/p/000000023.000064854.html
000000029.000018737,18737,ELCジャパン合同会社,ELCジャパン合同会社,brand_owner,global,core,2022-02-17,2022-02,,none,,エスティ ローダー,デパコス,0,0,0,https://prtimes.jp/main/html/rd/p/000000029.000018737.html
000000014.000081704,81704,株式会社ファイントゥデイ,ファイントゥデイ株式会社,brand_owner,JP,core,2022-02-18,2022-02,cleansing,skincare,,SENKA,プチプラ,0,1,0,https://prtimes.jp/main/html/rd/p/000000014.000081704.html
000000040.000046376,46376,株式会社コーセー（戦略ブランド事業部）,株式会社コーセー,brand_owner,JP,core,2022-02-18,2022-02,sunscreen|base_makeup|serum,skincare,,ADDICTION,デパコス,0,0,0,https://prtimes.jp/main/html/rd/p/000000040.000046376.html
000000045.000044623,44623,ELCジャパン合同会社　M・A・C事業部,ELCジャパン合同会社,brand_owner,global,core,2022-02-21,2022-02,,none,,M·A·C,デパコス,0,0,0,https://prtimes.jp/main/html/rd/p/000000045.000044623.html
000000020.000086691,86691,ユニリーバ・ジャパン・カスタマーマーケティング株式会社,ユニリーバ・ジャパン株式会社,brand_owner,global,core,2022-02-22,2022-02,face_wash,skincare,ヒアルロン酸Na,Dove,プチプラ,0,1,0,https://prtimes.jp/main/html/rd/p/000000020.000086691.html
000000212.000021350,21350,アモーレパシフィックジャパン株式会社,アモーレパシフィックジャパン株式会社,brand_owner,KR,core,2022-02-22,2022-02,lipstick,makeup,,エチュード,プチプラ,0,0,0,https://prtimes.jp/main/html/rd/p/000000212.000021350.html
000000119.000019685,19685,株式会社 井田ラボラトリーズ,株式会社井田ラボラトリーズ,brand_owner,JP,core,2022-02-24,2022-02,lash_brow,makeup,ツボクサエキス,CANMAKE,プチプラ,0,0,0,https://prtimes.jp/main/html/rd/p/000000119.000019685.html
000000046.000044623,44623,ELCジャパン合同会社　M・A・C事業部,ELCジャパン合同会社,brand_owner,global,core,2022-02-25,2022-02,,none,,M·A·C,デパコス,0,0,0,https://prtimes.jp/main/html/rd/p/000000046.000044623.html
000000075.000031376,31376,アモーレパシフィックジャパン株式会社,アモーレパシフィックジャパン株式会社,brand_owner,KR,core,2022-02-28,2022-02,,none,,イニスフリー,プチプラ/ミドル,0,0,0,https://prtimes.jp/main/html/rd/p/000000075.000031376.html
000000003.000096821,96821,VT COSMETICS,VT COSMETICS,brand_owner,KR,core,2022-03-01,2022-03,,none,ツボクサエキス,VT,プチプラ,0,0,0,https://prtimes.jp/main/html/rd/p/000000003.000096821.html
000000007.000035071,35071,株式会社BENOW JAPAN,株式会社BENOW JAPAN,importer,KR,core,2022-03-03,2022-03,lash_brow|serum,makeup,,,ミドル,0,0,0,https://prtimes.jp/main/html/rd/p/000000007.000035071.html
000000006.000035071,35071,株式会社BENOW JAPAN,株式会社BENOW JAPAN,importer,KR,core,2022-03-04,2022-03,,none,,numbuzin,ミドル,0,0,0,https://prtimes.jp/main/html/rd/p/000000006.000035071.html
000000213.000021350,21350,アモーレパシフィックジャパン株式会社,アモーレパシフィックジャパン株式会社,brand_owner,KR,core,2022-03-08,2022-03,eye_makeup,makeup,,エチュード,プチプラ,0,0,0,https://prtimes.jp/main/html/rd/p/000000213.000021350.html
000000214.000021350,21350,アモーレパシフィックジャパン株式会社,アモーレパシフィックジャパン株式会社,brand_owner,KR,core,2022-03-10,2022-03,eye_makeup|blush,makeup,,エチュード,プチプラ,0,0,0,https://prtimes.jp/main/html/rd/p/000000214.000021350.html
000000226.000000263,263,常盤薬品工業株式会社,常盤薬品工業株式会社,brand_owner,JP,present_forward,2022-03-11,2022-03,lash_brow|powder,makeup,,,プチプラ,0,0,0,https://prtimes.jp/main/html/rd/p/000000226.000000263.html
000000416.000001572,1572,株式会社石澤研究所,株式会社石澤研究所,brand_owner,JP,core,2022-03-16,2022-03,hair,other,,,プチプラ,0,0,0,https://prtimes.jp/main/html/rd/p/000000416.000001572.html
000000215.000021350,21350,アモーレパシフィックジャパン株式会社,アモーレパシフィックジャパン株式会社,brand_owner,KR,core,2022-03-17,2022-03,eye_makeup,makeup,,エチュード,プチプラ,0,0,0,https://prtimes.jp/main/html/rd/p/000000215.000021350.html
000000418.000001572,1572,株式会社石澤研究所,株式会社石澤研究所,brand_owner,JP,core,2022-03-17,2022-03,powder,makeup,,,プチプラ,0,0,0,https://prtimes.jp/main/html/rd/p/000000418.000001572.html
000000121.000019685,19685,株式会社 井田ラボラトリーズ,株式会社井田ラボラトリーズ,brand_owner,JP,core,2022-03-22,2022-03,powder,makeup,,CANMAKE,プチプラ,0,0,0,https://prtimes.jp/main/html/rd/p/000000121.000019685.html
000000018.000081704,81704,株式会社ファイントゥデイ,ファイントゥデイ株式会社,brand_owner,JP,core,2022-03-23,2022-03,hair,other,,TSUBAKI,プチプラ,0,0,0,https://prtimes.jp/main/html/rd/p/000000018.000081704.html
000000025.000086691,86691,ユニリーバ・ジャパン・カスタマーマーケティング株式会社,ユニリーバ・ジャパン株式会社,brand_owner,global,core,2022-03-23,2022-03,,none,,LUX,プチプラ,0,0,0,https://prtimes.jp/main/html/rd/p/000000025.000086691.html
000000022.000081704,81704,株式会社ファイントゥデイ,ファイントゥデイ株式会社,brand_owner,JP,core,2022-03-24,2022-03,,none,,SEA BREEZE,プチプラ,0,1,0,https://prtimes.jp/main/html/rd/p/000000022.000081704.html
000000026.000086691,86691,ユニリーバ・ジャパン・カスタマーマーケティング株式会社,ユニリーバ・ジャパン株式会社,brand_owner,global,core,2022-03-25,2022-03,eye_cream,skincare,,,プチプラ,0,0,0,https://prtimes.jp/main/html/rd/p/000000026.000086691.html
000000076.000031376,31376,アモーレパシフィックジャパン株式会社,アモーレパシフィックジャパン株式会社,brand_owner,KR,core,2022-03-30,2022-03,sunscreen|serum,skincare,ツボクサエキス|レチノール,イニスフリー,プチプラ/ミドル,0,0,0,https://prtimes.jp/main/html/rd/p/000000076.000031376.html
000000004.000022865,22865,株式会社アルビオン,株式会社アルビオン,brand_owner,JP,core,2022-03-31,2022-03,lipstick,makeup,,ALBION,デパコス,0,0,0,https://prtimes.jp/main/html/rd/p/000000004.000022865.html
000000216.000021350,21350,アモーレパシフィックジャパン株式会社,アモーレパシフィックジャパン株式会社,brand_owner,KR,core,2022-04-01,2022-04,sunscreen|cream,skincare,ツボクサエキス,エチュード,プチプラ,0,0,0,https://prtimes.jp/main/html/rd/p/000000216.000021350.html
000000419.000001572,1572,株式会社石澤研究所,株式会社石澤研究所,brand_owner,JP,core,2022-04-05,2022-04,foundation|sunscreen,makeup,,,プチプラ,0,0,0,https://prtimes.jp/main/html/rd/p/000000419.000001572.html
000000023.000081704,81704,株式会社ファイントゥデイ,ファイントゥデイ株式会社,brand_owner,JP,core,2022-04-06,2022-04,,none,,uno,プチプラ,0,0,0,https://prtimes.jp/main/html/rd/p/000000023.000081704.html
000000279.000030413,30413,株式会社ディーエイチシー,株式会社ディーエイチシー,brand_owner,JP,core,2022-04-07,2022-04,,none,,DHC,プチプラ/ミドル,0,1,0,https://prtimes.jp/main/html/rd/p/000000279.000030413.html
000000029.000086691,86691,ユニリーバ・ジャパン・カスタマーマーケティング株式会社,ユニリーバ・ジャパン株式会社,brand_owner,global,core,2022-04-08,2022-04,hair,other,,LUX,プチプラ,0,0,0,https://prtimes.jp/main/html/rd/p/000000029.000086691.html
000000041.000046376,46376,株式会社コーセー（戦略ブランド事業部）,株式会社コーセー,brand_owner,JP,core,2022-04-08,2022-04,,none,,ADDICTION,デパコス,0,0,0,https://prtimes.jp/main/html/rd/p/000000041.000046376.html
000000044.000042040,42040,株式会社セザンヌ化粧品,セザンヌ化粧品株式会社,brand_owner,JP,core,2022-04-08,2022-04,lipstick,makeup,,CEZANNE,プチプラ,0,0,0,https://prtimes.jp/main/html/rd/p/000000044.000042040.html
000000420.000001572,1572,株式会社石澤研究所,株式会社石澤研究所,brand_owner,JP,core,2022-04-12,2022-04,,none,アスコルビン酸,,プチプラ,0,0,0,https://prtimes.jp/main/html/rd/p/000000420.000001572.html
000000421.000001572,1572,株式会社石澤研究所,株式会社石澤研究所,brand_owner,JP,core,2022-04-13,2022-04,hair,other,,,プチプラ,0,0,0,https://prtimes.jp/main/html/rd/p/000000421.000001572.html
000000422.000001572,1572,株式会社石澤研究所,株式会社石澤研究所,brand_owner,JP,core,2022-04-13,2022-04,hair,other,,,プチプラ,0,0,0,https://prtimes.jp/main/html/rd/p/000000422.000001572.html
000000031.000086691,86691,ユニリーバ・ジャパン・カスタマーマーケティング株式会社,ユニリーバ・ジャパン株式会社,brand_owner,global,core,2022-04-15,2022-04,hair,other,,LUX,プチプラ,0,0,0,https://prtimes.jp/main/html/rd/p/000000031.000086691.html
000000029.000064854,64854,P&Gプレステージ合同会社,P&Gプレステージ合同会社,brand_owner,global,core,2022-04-18,2022-04,serum,skincare,,SK-II,デパコス,0,0,0,https://prtimes.jp/main/html/rd/p/000000029.000064854.html
000000032.000086691,86691,ユニリーバ・ジャパン・カスタマーマーケティング株式会社,ユニリーバ・ジャパン株式会社,brand_owner,global,core,2022-04-19,2022-04,,none,,Dove,プチプラ,0,0,0,https://prtimes.jp/main/html/rd/p/000000032.000086691.html
000000077.000031376,31376,アモーレパシフィックジャパン株式会社,アモーレパシフィックジャパン株式会社,brand_owner,KR,core,2022-04-20,2022-04,serum,skincare,,イニスフリー,プチプラ/ミドル,0,0,0,https://prtimes.jp/main/html/rd/p/000000077.000031376.html
000000122.000019685,19685,株式会社 井田ラボラトリーズ,株式会社井田ラボラトリーズ,brand_owner,JP,core,2022-04-25,2022-04,eye_makeup,makeup,,CANMAKE,プチプラ,0,0,0,https://prtimes.jp/main/html/rd/p/000000122.000019685.html
000000123.000019685,19685,株式会社 井田ラボラトリーズ,株式会社井田ラボラトリーズ,brand_owner,JP,core,2022-04-25,2022-04,fragrance,other,,,プチプラ,0,0,0,https://prtimes.jp/main/html/rd/p/000000123.000019685.html
000000034.000056098,56098,株式会社クリオ,株式会社クリオ,brand_owner,KR,core,2022-04-27,2022-04,,none,,,,0,0,0,https://prtimes.jp/main/html/rd/p/000000034.000056098.html
000000034.000086691,86691,ユニリーバ・ジャパン・カスタマーマーケティング株式会社,ユニリーバ・ジャパン株式会社,brand_owner,global,core,2022-05-11,2022-05,,none,,LUX,プチプラ,0,0,0,https://prtimes.jp/main/html/rd/p/000000034.000086691.html
000000045.000042040,42040,株式会社セザンヌ化粧品,セザンヌ化粧品株式会社,brand_owner,JP,core,2022-05-13,2022-05,lash_brow,makeup,,CEZANNE,プチプラ,0,0,0,https://prtimes.jp/main/html/rd/p/000000045.000042040.html
000000046.000042040,42040,株式会社セザンヌ化粧品,セザンヌ化粧品株式会社,brand_owner,JP,core,2022-05-13,2022-05,lash_brow,makeup,,CEZANNE,プチプラ,0,0,0,https://prtimes.jp/main/html/rd/p/000000046.000042040.html
000000217.000021350,21350,アモーレパシフィックジャパン株式会社,アモーレパシフィックジャパン株式会社,brand_owner,KR,core,2022-05-17,2022-05,powder,makeup,,エチュード,プチプラ,0,0,0,https://prtimes.jp/main/html/rd/p/000000217.000021350.html
000000426.000001572,1572,株式会社石澤研究所,株式会社石澤研究所,brand_owner,JP,core,2022-05-20,2022-05,,none,,毛穴撫子,プチプラ,0,0,0,https://prtimes.jp/main/html/rd/p/000000426.000001572.html
000000125.000019685,19685,株式会社 井田ラボラトリーズ,株式会社井田ラボラトリーズ,brand_owner,JP,core,2022-05-23,2022-05,concealer|powder|blush,makeup,ツボクサエキス,CANMAKE,プチプラ,0,0,0,https://prtimes.jp/main/html/rd/p/000000125.000019685.html
000000218.000021350,21350,アモーレパシフィックジャパン株式会社,アモーレパシフィックジャパン株式会社,brand_owner,KR,core,2022-05-24,2022-05,eye_makeup,makeup,,エチュード,プチプラ,0,0,0,https://prtimes.jp/main/html/rd/p/000000218.000021350.html
000000013.000077831,77831,株式会社mimi-Japan,株式会社mimi-Japan,importer,CN,core,2022-05-26,2022-05,nail,makeup,,,,0,0,0,https://prtimes.jp/main/html/rd/p/000000013.000077831.html
000000037.000086691,86691,ユニリーバ・ジャパン・カスタマーマーケティング株式会社,ユニリーバ・ジャパン株式会社,brand_owner,global,core,2022-05-26,2022-05,,none,,LUX,プチプラ,0,0,1,https://prtimes.jp/main/html/rd/p/000000037.000086691.html
000000078.000031376,31376,アモーレパシフィックジャパン株式会社,アモーレパシフィックジャパン株式会社,brand_owner,KR,core,2022-05-26,2022-05,sunscreen|cream|base_makeup,skincare,,,mixed,0,0,0,https://prtimes.jp/main/html/rd/p/000000078.000031376.html
000000425.000001572,1572,株式会社石澤研究所,株式会社石澤研究所,brand_owner,JP,core,2022-05-31,2022-05,serum|lipstick,skincare,,,プチプラ,0,0,0,https://prtimes.jp/main/html/rd/p/000000425.000001572.html
000000047.000042040,42040,株式会社セザンヌ化粧品,セザンヌ化粧品株式会社,brand_owner,JP,core,2022-06-10,2022-06,eye_makeup|base_makeup,makeup,セラミド,CEZANNE,プチプラ,0,0,0,https://prtimes.jp/main/html/rd/p/000000047.000042040.html
000000024.000076505,76505,株式会社韓国高麗人蔘社,株式会社韓国高麗人蔘社,importer,KR,core,2022-06-14,2022-06,eye_makeup|lipstick,makeup,,rom&nd,プチプラ,0,0,0,https://prtimes.jp/main/html/rd/p/000000024.000076505.html
000000219.000021350,21350,アモーレパシフィックジャパン株式会社,アモーレパシフィックジャパン株式会社,brand_owner,KR,core,2022-06-20,2022-06,,none,,エチュード,プチプラ,0,0,0,https://prtimes.jp/main/html/rd/p/000000219.000021350.html
000000283.000030413,30413,株式会社ディーエイチシー,株式会社ディーエイチシー,brand_owner,JP,core,2022-06-20,2022-06,all_in_one,skincare,,,プチプラ/ミドル,1,0,0,https://prtimes.jp/main/html/rd/p/000000283.000030413.html
000000048.000042040,42040,株式会社セザンヌ化粧品,セザンヌ化粧品株式会社,brand_owner,JP,core,2022-06-22,2022-06,blush,makeup,,CEZANNE,プチプラ,0,0,0,https://prtimes.jp/main/html/rd/p/000000048.000042040.html
000000075.000006944,6944,ニベア花王株式会社,ニベア花王株式会社,brand_owner,global,core,2022-06-23,2022-06,lip_balm|lipstick,makeup,,NIVEA,プチプラ/ミドル,0,0,0,https://prtimes.jp/main/html/rd/p/000000075.000006944.html
000000127.000019685,19685,株式会社 井田ラボラトリーズ,株式会社井田ラボラトリーズ,brand_owner,JP,core,2022-06-23,2022-06,eye_makeup,makeup,,CANMAKE,プチプラ,0,0,0,https://prtimes.jp/main/html/rd/p/000000127.000019685.html
000000036.000056098,56098,株式会社クリオ,株式会社クリオ,brand_owner,KR,core,2022-06-28,2022-06,,none,,CLIO,ミドル,0,0,0,https://prtimes.jp/main/html/rd/p/000000036.000056098.html
000000079.000031376,31376,アモーレパシフィックジャパン株式会社,アモーレパシフィックジャパン株式会社,brand_owner,KR,core,2022-06-28,2022-06,serum,skincare,レチノール|ツボクサエキス,,mixed,0,0,0,https://prtimes.jp/main/html/rd/p/000000079.000031376.html
000000051.000044623,44623,ELCジャパン合同会社　M・A・C事業部,ELCジャパン合同会社,brand_owner,global,core,2022-07-01,2022-07,lipstick|powder,makeup,,M·A·C,デパコス,0,0,0,https://prtimes.jp/main/html/rd/p/000000051.000044623.html
000000429.000001572,1572,株式会社石澤研究所,株式会社石澤研究所,brand_owner,JP,core,2022-07-04,2022-07,face_wash,skincare,,毛穴撫子,プチプラ,0,0,0,https://prtimes.jp/main/html/rd/p/000000429.000001572.html
000000220.000021350,21350,アモーレパシフィックジャパン株式会社,アモーレパシフィックジャパン株式会社,brand_owner,KR,core,2022-07-05,2022-07,eye_makeup,makeup,,エチュード,プチプラ,0,0,0,https://prtimes.jp/main/html/rd/p/000000220.000021350.html
000000049.000042040,42040,株式会社セザンヌ化粧品,セザンヌ化粧品株式会社,brand_owner,JP,core,2022-07-08,2022-07,eye_makeup|lash_brow|powder,makeup,,CEZANNE,プチプラ,0,0,1,https://prtimes.jp/main/html/rd/p/000000049.000042040.html
000000052.000044623,44623,ELCジャパン合同会社　M・A・C事業部,ELCジャパン合同会社,brand_owner,global,core,2022-07-11,2022-07,eye_makeup,makeup,,M·A·C,デパコス,0,0,0,https://prtimes.jp/main/html/rd/p/000000052.000044623.html
000000432.000001572,1572,株式会社石澤研究所,株式会社石澤研究所,brand_owner,JP,core,2022-07-13,2022-07,cream,skincare,,,プチプラ,0,0,0,https://prtimes.jp/main/html/rd/p/000000432.000001572.html
000000221.000021350,21350,アモーレパシフィックジャパン株式会社,アモーレパシフィックジャパン株式会社,brand_owner,KR,core,2022-07-19,2022-07,lipstick,makeup,,エチュード,プチプラ,0,0,0,https://prtimes.jp/main/html/rd/p/000000221.000021350.html
000000025.000076505,76505,株式会社韓国高麗人蔘社,株式会社韓国高麗人蔘社,importer,KR,core,2022-07-20,2022-07,cream|powder,skincare,,rom&nd,プチプラ,0,0,0,https://prtimes.jp/main/html/rd/p/000000025.000076505.html
000000053.000044623,44623,ELCジャパン合同会社　M・A・C事業部,ELCジャパン合同会社,brand_owner,global,core,2022-07-20,2022-07,,none,,M·A·C,デパコス,0,0,0,https://prtimes.jp/main/html/rd/p/000000053.000044623.html
000000043.000046376,46376,株式会社コーセー（戦略ブランド事業部）,株式会社コーセー,brand_owner,JP,core,2022-07-22,2022-07,eye_makeup,makeup,,ADDICTION,デパコス,0,0,0,https://prtimes.jp/main/html/rd/p/000000043.000046376.html
000000128.000019685,19685,株式会社 井田ラボラトリーズ,株式会社井田ラボラトリーズ,brand_owner,JP,core,2022-07-22,2022-07,lipstick|blush|nail,makeup,,CANMAKE,プチプラ,0,0,0,https://prtimes.jp/main/html/rd/p/000000128.000019685.html
000000037.000056098,56098,株式会社クリオ,株式会社クリオ,brand_owner,KR,core,2022-07-25,2022-07,hair,other,,CLIO,ミドル,0,0,0,https://prtimes.jp/main/html/rd/p/000000037.000056098.html
000000080.000031376,31376,アモーレパシフィックジャパン株式会社,アモーレパシフィックジャパン株式会社,brand_owner,KR,core,2022-07-26,2022-07,,none,,イニスフリー,プチプラ/ミドル,0,1,0,https://prtimes.jp/main/html/rd/p/000000080.000031376.html
000000041.000086691,86691,ユニリーバ・ジャパン・カスタマーマーケティング株式会社,ユニリーバ・ジャパン株式会社,brand_owner,global,core,2022-07-28,2022-07,,none,,LUX,プチプラ,0,0,0,https://prtimes.jp/main/html/rd/p/000000041.000086691.html
000000076.000006944,6944,ニベア花王株式会社,ニベア花王株式会社,brand_owner,global,core,2022-08-01,2022-08,body,other,,,プチプラ/ミドル,0,0,0,https://prtimes.jp/main/html/rd/p/000000076.000006944.html
000000001.000105692,105692,アモーレパシフィックジャパン株式会社,アモーレパシフィックジャパン株式会社,brand_owner,KR,core,2022-08-04,2022-08,,none,,ラネージュ,ミドル,0,0,0,https://prtimes.jp/main/html/rd/p/000000001.000105692.html
000000034.000081704,81704,株式会社ファイントゥデイ,ファイントゥデイ株式会社,brand_owner,JP,core,2022-08-08,2022-08,,none,,SEA BREEZE,プチプラ,0,0,0,https://prtimes.jp/main/html/rd/p/000000034.000081704.html
000000077.000006944,6944,ニベア花王株式会社,ニベア花王株式会社,brand_owner,global,core,2022-08-09,2022-08,body,other,,NIVEA,プチプラ/ミドル,0,0,0,https://prtimes.jp/main/html/rd/p/000000077.000006944.html
000000222.000021350,21350,アモーレパシフィックジャパン株式会社,アモーレパシフィックジャパン株式会社,brand_owner,KR,core,2022-08-09,2022-08,eye_makeup|blush,makeup,,エチュード,プチプラ,0,0,0,https://prtimes.jp/main/html/rd/p/000000222.000021350.html
000000223.000021350,21350,アモーレパシフィックジャパン株式会社,アモーレパシフィックジャパン株式会社,brand_owner,KR,core,2022-08-09,2022-08,,none,,エチュード,プチプラ,0,0,0,https://prtimes.jp/main/html/rd/p/000000223.000021350.html
000000050.000042040,42040,株式会社セザンヌ化粧品,セザンヌ化粧品株式会社,brand_owner,JP,core,2022-08-10,2022-08,eye_makeup|lipstick|lash_brow,makeup,,CEZANNE,プチプラ,0,0,0,https://prtimes.jp/main/html/rd/p/000000050.000042040.html
000000051.000042040,42040,株式会社セザンヌ化粧品,セザンヌ化粧品株式会社,brand_owner,JP,core,2022-08-10,2022-08,eye_cream|toner_lotion,skincare,,CEZANNE,プチプラ,1,0,0,https://prtimes.jp/main/html/rd/p/000000051.000042040.html
000000010.000096821,96821,VT COSMETICS,VT COSMETICS,brand_owner,KR,core,2022-08-17,2022-08,,none,ツボクサエキス|アスコルビン酸,VT,プチプラ,0,0,0,https://prtimes.jp/main/html/rd/p/000000010.000096821.html
000000047.000086691,86691,ユニリーバ・ジャパン・カスタマーマーケティング株式会社,ユニリーバ・ジャパン株式会社,brand_owner,global,core,2022-08-17,2022-08,hair,other,,LUX,プチプラ,0,0,0,https://prtimes.jp/main/html/rd/p/000000047.000086691.html
000000048.000086691,86691,ユニリーバ・ジャパン・カスタマーマーケティング株式会社,ユニリーバ・ジャパン株式会社,brand_owner,global,core,2022-08-18,2022-08,hair,other,,LUX,プチプラ,0,1,0,https://prtimes.jp/main/html/rd/p/000000048.000086691.html
000000434.000001572,1572,株式会社石澤研究所,株式会社石澤研究所,brand_owner,JP,core,2022-08-18,2022-08,,none,,毛穴撫子,プチプラ,0,0,0,https://prtimes.jp/main/html/rd/p/000000434.000001572.html
000000034.000064854,64854,P&Gプレステージ合同会社,P&Gプレステージ合同会社,brand_owner,global,core,2022-08-19,2022-08,,none,,SK-II,デパコス,0,0,0,https://prtimes.jp/main/html/rd/p/000000034.000064854.html
000000038.000056098,56098,株式会社クリオ,株式会社クリオ,brand_owner,KR,core,2022-08-22,2022-08,,none,,peripera,プチプラ,0,0,0,https://prtimes.jp/main/html/rd/p/000000038.000056098.html
000000129.000019685,19685,株式会社 井田ラボラトリーズ,株式会社井田ラボラトリーズ,brand_owner,JP,core,2022-08-24,2022-08,eye_makeup|lash_brow,makeup,,CANMAKE,プチプラ,0,0,0,https://prtimes.jp/main/html/rd/p/000000129.000019685.html
000000037.000081704,81704,株式会社ファイントゥデイ,ファイントゥデイ株式会社,brand_owner,JP,core,2022-08-25,2022-08,mask,skincare,,uno|肌ラボ,プチプラ,0,0,0,https://prtimes.jp/main/html/rd/p/000000037.000081704.html
000000002.000105692,105692,アモーレパシフィックジャパン株式会社,アモーレパシフィックジャパン株式会社,brand_owner,KR,core,2022-08-31,2022-08,,none,,ラネージュ,ミドル,0,0,0,https://prtimes.jp/main/html/rd/p/000000002.000105692.html
000000224.000021350,21350,アモーレパシフィックジャパン株式会社,アモーレパシフィックジャパン株式会社,brand_owner,KR,core,2022-08-31,2022-08,lash_brow|serum,makeup,,エチュード,プチプラ,0,0,0,https://prtimes.jp/main/html/rd/p/000000224.000021350.html
000000494.000002061,2061,オルビス株式会社,株式会社オルビス,brand_owner,JP,core,2022-08-31,2022-08,,none,,ORBIS,ミドル,0,0,0,https://prtimes.jp/main/html/rd/p/000000494.000002061.html
000000054.000044623,44623,ELCジャパン合同会社　M・A・C事業部,ELCジャパン合同会社,brand_owner,global,core,2022-09-06,2022-09,lipstick,makeup,,M·A·C,デパコス,0,0,0,https://prtimes.jp/main/html/rd/p/000000054.000044623.html
000000225.000021350,21350,アモーレパシフィックジャパン株式会社,アモーレパシフィックジャパン株式会社,brand_owner,KR,core,2022-09-06,2022-09,lipstick,makeup,,エチュード,プチプラ,0,0,0,https://prtimes.jp/main/html/rd/p/000000225.000021350.html
000000051.000086691,86691,ユニリーバ・ジャパン・カスタマーマーケティング株式会社,ユニリーバ・ジャパン株式会社,brand_owner,global,core,2022-09-07,2022-09,face_wash,skincare,ヒアルロン酸Na,Dove,プチプラ,0,1,0,https://prtimes.jp/main/html/rd/p/000000051.000086691.html
000000226.000021350,21350,アモーレパシフィックジャパン株式会社,アモーレパシフィックジャパン株式会社,brand_owner,KR,core,2022-09-07,2022-09,,none,,エチュード,プチプラ,0,0,0,https://prtimes.jp/main/html/rd/p/000000226.000021350.html
000000286.000030413,30413,株式会社ディーエイチシー,株式会社ディーエイチシー,brand_owner,JP,core,2022-09-07,2022-09,serum,skincare,,DHC,プチプラ/ミドル,1,0,0,https://prtimes.jp/main/html/rd/p/000000286.000030413.html
000000078.000006944,6944,ニベア花王株式会社,ニベア花王株式会社,brand_owner,global,core,2022-09-08,2022-09,cream,skincare,,,プチプラ/ミドル,0,0,0,https://prtimes.jp/main/html/rd/p/000000078.000006944.html
000000227.000021350,21350,アモーレパシフィックジャパン株式会社,アモーレパシフィックジャパン株式会社,brand_owner,KR,core,2022-09-13,2022-09,eye_makeup,makeup,,エチュード,プチプラ,0,0,0,https://prtimes.jp/main/html/rd/p/000000227.000021350.html
000000040.000081704,81704,株式会社ファイントゥデイ,ファイントゥデイ株式会社,brand_owner,JP,core,2022-09-14,2022-09,toner_lotion,skincare,,,プチプラ,0,0,0,https://prtimes.jp/main/html/rd/p/000000040.000081704.html
000000041.000081704,81704,株式会社ファイントゥデイ,ファイントゥデイ株式会社,brand_owner,JP,core,2022-09-15,2022-09,,none,,uno,プチプラ,0,0,0,https://prtimes.jp/main/html/rd/p/000000041.000081704.html
000000080.000006944,6944,ニベア花王株式会社,ニベア花王株式会社,brand_owner,global,core,2022-09-15,2022-09,,none,,,プチプラ/ミドル,0,0,0,https://prtimes.jp/main/html/rd/p/000000080.000006944.html
000000039.000018737,18737,ELCジャパン合同会社,ELCジャパン合同会社,brand_owner,global,core,2022-09-16,2022-09,,none,,エスティ ローダー,デパコス,0,1,0,https://prtimes.jp/main/html/rd/p/000000039.000018737.html
000000042.000081704,81704,株式会社ファイントゥデイ,ファイントゥデイ株式会社,brand_owner,JP,core,2022-09-21,2022-09,,none,,TSUBAKI,プチプラ,0,0,0,https://prtimes.jp/main/html/rd/p/000000042.000081704.html
000000130.000019685,19685,株式会社 井田ラボラトリーズ,株式会社井田ラボラトリーズ,brand_owner,JP,core,2022-09-21,2022-09,powder|foundation,makeup,,CANMAKE,プチプラ,0,0,0,https://prtimes.jp/main/html/rd/p/000000130.000019685.html
000000056.000044623,44623,ELCジャパン合同会社　M・A・C事業部,ELCジャパン合同会社,brand_owner,global,core,2022-09-28,2022-09,,none,,M·A·C,デパコス,0,0,0,https://prtimes.jp/main/html/rd/p/000000056.000044623.html
000000052.000042040,42040,株式会社セザンヌ化粧品,セザンヌ化粧品株式会社,brand_owner,JP,core,2022-09-30,2022-09,base_makeup,makeup,,,プチプラ,0,0,0,https://prtimes.jp/main/html/rd/p/000000052.000042040.html
000000028.000076505,76505,株式会社韓国高麗人蔘社,株式会社韓国高麗人蔘社,importer,KR,core,2022-10-03,2022-10,lipstick,makeup,,rom&nd,プチプラ,0,0,0,https://prtimes.jp/main/html/rd/p/000000028.000076505.html
000000055.000086691,86691,ユニリーバ・ジャパン・カスタマーマーケティング株式会社,ユニリーバ・ジャパン株式会社,brand_owner,global,core,2022-10-04,2022-10,cleansing,skincare,,Dove,プチプラ,0,0,0,https://prtimes.jp/main/html/rd/p/000000055.000086691.html
000000131.000019685,19685,株式会社 井田ラボラトリーズ,株式会社井田ラボラトリーズ,brand_owner,JP,core,2022-10-04,2022-10,powder,makeup,,CANMAKE,プチプラ,0,0,0,https://prtimes.jp/main/html/rd/p/000000131.000019685.html
000000082.000006944,6944,ニベア花王株式会社,ニベア花王株式会社,brand_owner,global,core,2022-10-05,2022-10,,none,,NIVEA,プチプラ/ミドル,0,0,0,https://prtimes.jp/main/html/rd/p/000000082.000006944.html
000000291.000030413,30413,株式会社ディーエイチシー,株式会社ディーエイチシー,brand_owner,JP,core,2022-10-06,2022-10,lip_balm|hair,makeup,スクワラン,DHC,プチプラ/ミドル,0,0,0,https://prtimes.jp/main/html/rd/p/000000291.000030413.html
000000003.000090124,90124,ELCジャパン合同会社,ELCジャパン合同会社,brand_owner,global,core,2022-10-07,2022-10,,none,,ジョー マローン ロンドン,デパコス,0,0,0,https://prtimes.jp/main/html/rd/p/000000003.000090124.html
000000053.000042040,42040,株式会社セザンヌ化粧品,セザンヌ化粧品株式会社,brand_owner,JP,core,2022-10-07,2022-10,eye_makeup,makeup,,,プチプラ,0,0,0,https://prtimes.jp/main/html/rd/p/000000053.000042040.html
000000058.000044623,44623,ELCジャパン合同会社　M・A・C事業部,ELCジャパン合同会社,brand_owner,global,core,2022-10-12,2022-10,lipstick,makeup,,M·A·C,デパコス,0,0,0,https://prtimes.jp/main/html/rd/p/000000058.000044623.html
000000046.000081704,81704,株式会社ファイントゥデイ,ファイントゥデイ株式会社,brand_owner,JP,core,2022-10-13,2022-10,,none,,TSUBAKI,プチプラ,0,0,0,https://prtimes.jp/main/html/rd/p/000000046.000081704.html
000000040.000018737,18737,ELCジャパン合同会社,ELCジャパン合同会社,brand_owner,global,core,2022-10-14,2022-10,,none,,エスティ ローダー,デパコス,0,0,0,https://prtimes.jp/main/html/rd/p/000000040.000018737.html
000000057.000086691,86691,ユニリーバ・ジャパン・カスタマーマーケティング株式会社,ユニリーバ・ジャパン株式会社,brand_owner,global,core,2022-10-18,2022-10,eye_cream,skincare,,,プチプラ,0,0,0,https://prtimes.jp/main/html/rd/p/000000057.000086691.html
000000228.000021350,21350,アモーレパシフィックジャパン株式会社,アモーレパシフィックジャパン株式会社,brand_owner,KR,core,2022-10-20,2022-10,base_makeup,makeup,,エチュード,プチプラ,0,0,0,https://prtimes.jp/main/html/rd/p/000000228.000021350.html
000000133.000019685,19685,株式会社 井田ラボラトリーズ,株式会社井田ラボラトリーズ,brand_owner,JP,core,2022-10-24,2022-10,eye_makeup|lash_brow,makeup,,CANMAKE,プチプラ,0,0,0,https://prtimes.jp/main/html/rd/p/000000133.000019685.html
000000134.000019685,19685,株式会社 井田ラボラトリーズ,株式会社井田ラボラトリーズ,brand_owner,JP,core,2022-10-24,2022-10,body|fragrance,other,,,プチプラ,0,0,0,https://prtimes.jp/main/html/rd/p/000000134.000019685.html
000000037.000064854,64854,P&Gプレステージ合同会社,P&Gプレステージ合同会社,brand_owner,global,core,2022-10-26,2022-10,serum|hair,skincare,,SK-II,デパコス,0,0,0,https://prtimes.jp/main/html/rd/p/000000037.000064854.html
000000059.000044623,44623,ELCジャパン合同会社　M・A・C事業部,ELCジャパン合同会社,brand_owner,global,core,2022-10-27,2022-10,,none,,M·A·C,デパコス,0,0,0,https://prtimes.jp/main/html/rd/p/000000059.000044623.html
000000044.000046376,46376,株式会社コーセー（戦略ブランド事業部）,株式会社コーセー,brand_owner,JP,core,2022-10-28,2022-10,,none,,ADDICTION,デパコス,0,0,0,https://prtimes.jp/main/html/rd/p/000000044.000046376.html
000000085.000031376,31376,アモーレパシフィックジャパン株式会社,アモーレパシフィックジャパン株式会社,brand_owner,KR,core,2022-10-28,2022-10,,none,,イニスフリー,プチプラ/ミドル,0,0,0,https://prtimes.jp/main/html/rd/p/000000085.000031376.html
000000444.000001572,1572,株式会社石澤研究所,株式会社石澤研究所,brand_owner,JP,core,2022-10-31,2022-10,hair,other,,,プチプラ,0,1,0,https://prtimes.jp/main/html/rd/p/000000444.000001572.html
000000060.000086691,86691,ユニリーバ・ジャパン・カスタマーマーケティング株式会社,ユニリーバ・ジャパン株式会社,brand_owner,global,core,2022-11-01,2022-11,,none,,LUX,プチプラ,0,0,0,https://prtimes.jp/main/html/rd/p/000000060.000086691.html
000000060.000044623,44623,ELCジャパン合同会社　M・A・C事業部,ELCジャパン合同会社,brand_owner,global,core,2022-11-07,2022-11,,none,,M·A·C,デパコス,0,0,0,https://prtimes.jp/main/html/rd/p/000000060.000044623.html
000000061.000086691,86691,ユニリーバ・ジャパン・カスタマーマーケティング株式会社,ユニリーバ・ジャパン株式会社,brand_owner,global,core,2022-11-07,2022-11,face_wash,skincare,,Dove,プチプラ,0,0,1,https://prtimes.jp/main/html/rd/p/000000061.000086691.html
000000030.000076505,76505,株式会社韓国高麗人蔘社,株式会社韓国高麗人蔘社,importer,KR,core,2022-11-08,2022-11,hair,other,,,,0,0,0,https://prtimes.jp/main/html/rd/p/000000030.000076505.html
000000031.000076505,76505,株式会社韓国高麗人蔘社,株式会社韓国高麗人蔘社,importer,KR,core,2022-11-08,2022-11,cleansing,skincare,,,,0,0,0,https://prtimes.jp/main/html/rd/p/000000031.000076505.html
000000292.000030413,30413,株式会社ディーエイチシー,株式会社ディーエイチシー,brand_owner,JP,core,2022-11-09,2022-11,concealer|powder,makeup,,DHC,プチプラ/ミドル,0,0,0,https://prtimes.jp/main/html/rd/p/000000292.000030413.html
000000038.000064854,64854,P&Gプレステージ合同会社,P&Gプレステージ合同会社,brand_owner,global,core,2022-11-10,2022-11,serum,skincare,,SK-II,デパコス,0,0,0,https://prtimes.jp/main/html/rd/p/000000038.000064854.html
000000054.000042040,42040,株式会社セザンヌ化粧品,セザンヌ化粧品株式会社,brand_owner,JP,core,2022-11-11,2022-11,lipstick|serum,makeup,,CEZANNE,プチプラ,0,0,0,https://prtimes.jp/main/html/rd/p/000000054.000042040.html
000000055.000042040,42040,株式会社セザンヌ化粧品,セザンヌ化粧品株式会社,brand_owner,JP,core,2022-11-11,2022-11,lash_brow,makeup,,CEZANNE,プチプラ,0,0,0,https://prtimes.jp/main/html/rd/p/000000055.000042040.html
000000039.000064854,64854,P&Gプレステージ合同会社,P&Gプレステージ合同会社,brand_owner,global,core,2022-11-15,2022-11,serum,skincare,,SK-II,デパコス,0,0,0,https://prtimes.jp/main/html/rd/p/000000039.000064854.html
000000003.000105692,105692,アモーレパシフィックジャパン株式会社,アモーレパシフィックジャパン株式会社,brand_owner,KR,core,2022-11-16,2022-11,lipstick,makeup,,ラネージュ,ミドル,0,0,0,https://prtimes.jp/main/html/rd/p/000000003.000105692.html
000000013.000096821,96821,VT COSMETICS,VT COSMETICS,brand_owner,KR,core,2022-11-16,2022-11,,none,ツボクサエキス,VT,プチプラ,0,0,0,https://prtimes.jp/main/html/rd/p/000000013.000096821.html
000000061.000024471,24471,日本ロレアル株式会社　タカミ事業部,日本ロレアル株式会社,brand_owner,global,core,2022-11-16,2022-11,,none,,タカミ,ミドル,0,0,1,https://prtimes.jp/main/html/rd/p/000000061.000024471.html
000000445.000001572,1572,株式会社石澤研究所,株式会社石澤研究所,brand_owner,JP,core,2022-11-21,2022-11,,none,,,プチプラ,0,0,0,https://prtimes.jp/main/html/rd/p/000000445.000001572.html
000000512.000002061,2061,オルビス株式会社,株式会社オルビス,brand_owner,JP,core,2022-11-22,2022-11,toner_lotion,skincare,,,ミドル,0,1,0,https://prtimes.jp/main/html/rd/p/000000512.000002061.html
000000071.000004359,4359,ELCジャパン合同会社,ELCジャパン合同会社,brand_owner,global,core,2022-11-24,2022-11,cleansing,skincare,,,デパコス,0,0,0,https://prtimes.jp/main/html/rd/p/000000071.000004359.html
000000083.000006944,6944,ニベア花王株式会社,ニベア花王株式会社,brand_owner,global,core,2022-11-24,2022-11,serum|sunscreen,skincare,,NIVEA,プチプラ/ミドル,0,0,0,https://prtimes.jp/main/html/rd/p/000000083.000006944.html
000000135.000019685,19685,株式会社 井田ラボラトリーズ,株式会社井田ラボラトリーズ,brand_owner,JP,core,2022-11-24,2022-11,eye_makeup,makeup,,CANMAKE,プチプラ,0,0,0,https://prtimes.jp/main/html/rd/p/000000135.000019685.html
000000136.000019685,19685,株式会社 井田ラボラトリーズ,株式会社井田ラボラトリーズ,brand_owner,JP,core,2022-11-24,2022-11,foundation,makeup,,CANMAKE,プチプラ,0,0,0,https://prtimes.jp/main/html/rd/p/000000136.000019685.html
000000032.000076505,76505,株式会社韓国高麗人蔘社,株式会社韓国高麗人蔘社,importer,KR,core,2022-11-25,2022-11,,none,,,,0,0,0,https://prtimes.jp/main/html/rd/p/000000032.000076505.html
000000050.000081704,81704,株式会社ファイントゥデイ,ファイントゥデイ株式会社,brand_owner,JP,core,2022-11-28,2022-11,,none,,TSUBAKI,プチプラ,0,0,0,https://prtimes.jp/main/html/rd/p/000000050.000081704.html
000000230.000021350,21350,アモーレパシフィックジャパン株式会社,アモーレパシフィックジャパン株式会社,brand_owner,KR,core,2022-11-29,2022-11,foundation|serum,makeup,ヒアルロン酸Na,エチュード,プチプラ,0,0,0,https://prtimes.jp/main/html/rd/p/000000230.000021350.html
000000265.000000263,263,常盤薬品工業株式会社,常盤薬品工業株式会社,brand_owner,JP,present_forward,2022-11-30,2022-11,toner_lotion,skincare,,なめらか本舗,プチプラ,0,1,0,https://prtimes.jp/main/html/rd/p/000000265.000000263.html
000000033.000076505,76505,株式会社韓国高麗人蔘社,株式会社韓国高麗人蔘社,importer,KR,core,2022-12-01,2022-12,,none,,rom&nd,プチプラ,0,0,0,https://prtimes.jp/main/html/rd/p/000000033.000076505.html
000000045.000056098,56098,株式会社クリオ,株式会社クリオ,brand_owner,KR,core,2022-12-01,2022-12,,none,,CLIO,ミドル,0,0,0,https://prtimes.jp/main/html/rd/p/000000045.000056098.html
000000061.000044623,44623,ELCジャパン合同会社　M・A・C事業部,ELCジャパン合同会社,brand_owner,global,core,2022-12-06,2022-12,,none,,M·A·C,デパコス,0,0,0,https://prtimes.jp/main/html/rd/p/000000061.000044623.html
000000515.000002061,2061,オルビス株式会社,株式会社オルビス,brand_owner,JP,core,2022-12-06,2022-12,serum,skincare,,ORBIS,ミドル,0,0,0,https://prtimes.jp/main/html/rd/p/000000515.000002061.html
000000086.000031376,31376,アモーレパシフィックジャパン株式会社,アモーレパシフィックジャパン株式会社,brand_owner,KR,core,2022-12-07,2022-12,,none,,イニスフリー,プチプラ/ミドル,0,0,0,https://prtimes.jp/main/html/rd/p/000000086.000031376.html
000000034.000076505,76505,株式会社韓国高麗人蔘社,株式会社韓国高麗人蔘社,importer,KR,core,2022-12-08,2022-12,,none,,rom&nd,プチプラ,0,0,0,https://prtimes.jp/main/html/rd/p/000000034.000076505.html
000000084.000006944,6944,ニベア花王株式会社,ニベア花王株式会社,brand_owner,global,core,2022-12-08,2022-12,serum,skincare,,NIVEA,プチプラ/ミドル,1,0,0,https://prtimes.jp/main/html/rd/p/000000084.000006944.html
000000056.000042040,42040,株式会社セザンヌ化粧品,セザンヌ化粧品株式会社,brand_owner,JP,core,2022-12-09,2022-12,,none,,CEZANNE,プチプラ,0,0,0,https://prtimes.jp/main/html/rd/p/000000056.000042040.html
000000057.000042040,42040,株式会社セザンヌ化粧品,セザンヌ化粧品株式会社,brand_owner,JP,core,2022-12-09,2022-12,lash_brow|powder,makeup,,,プチプラ,0,0,0,https://prtimes.jp/main/html/rd/p/000000057.000042040.html
000000004.000105692,105692,アモーレパシフィックジャパン株式会社,アモーレパシフィックジャパン株式会社,brand_owner,KR,core,2022-12-13,2022-12,serum,skincare,,ラネージュ,ミドル,0,0,0,https://prtimes.jp/main/html/rd/p/000000004.000105692.html
000000062.000086691,86691,ユニリーバ・ジャパン・カスタマーマーケティング株式会社,ユニリーバ・ジャパン株式会社,brand_owner,global,core,2022-12-14,2022-12,,none,,LUX,プチプラ,0,0,0,https://prtimes.jp/main/html/rd/p/000000062.000086691.html
000000053.000081704,81704,株式会社ファイントゥデイ,ファイントゥデイ株式会社,brand_owner,JP,core,2022-12-15,2022-12,body,other,,Ag,プチプラ,0,0,0,https://prtimes.jp/main/html/rd/p/000000053.000081704.html
000000231.000021350,21350,アモーレパシフィックジャパン株式会社,アモーレパシフィックジャパン株式会社,brand_owner,KR,core,2022-12-15,2022-12,,none,,,mixed,0,0,0,https://prtimes.jp/main/html/rd/p/000000231.000021350.html
000000046.000056098,56098,株式会社クリオ,株式会社クリオ,brand_owner,KR,core,2022-12-19,2022-12,base_makeup,makeup,,peripera|CLIO,プチプラ,0,0,0,https://prtimes.jp/main/html/rd/p/000000046.000056098.html
000000062.000044623,44623,ELCジャパン合同会社　M・A・C事業部,ELCジャパン合同会社,brand_owner,global,core,2022-12-21,2022-12,,none,,M·A·C,デパコス,0,0,0,https://prtimes.jp/main/html/rd/p/000000062.000044623.html
000000087.000031376,31376,アモーレパシフィックジャパン株式会社,アモーレパシフィックジャパン株式会社,brand_owner,KR,core,2022-12-21,2022-12,,none,,イニスフリー,プチプラ/ミドル,0,0,0,https://prtimes.jp/main/html/rd/p/000000087.000031376.html
000000517.000002061,2061,オルビス株式会社,株式会社オルビス,brand_owner,JP,core,2022-12-21,2022-12,hair|cream,other,,ORBIS,ミドル,0,0,0,https://prtimes.jp/main/html/rd/p/000000517.000002061.html
000000137.000019685,19685,株式会社 井田ラボラトリーズ,株式会社井田ラボラトリーズ,brand_owner,JP,core,2022-12-22,2022-12,,none,,CANMAKE,プチプラ,0,0,0,https://prtimes.jp/main/html/rd/p/000000137.000019685.html
000000138.000019685,19685,株式会社 井田ラボラトリーズ,株式会社井田ラボラトリーズ,brand_owner,JP,core,2022-12-22,2022-12,fragrance,other,,,プチプラ,0,0,0,https://prtimes.jp/main/html/rd/p/000000138.000019685.html
000000516.000002061,2061,オルビス株式会社,株式会社オルビス,brand_owner,JP,core,2022-12-22,2022-12,,none,,ORBIS,ミドル,0,0,0,https://prtimes.jp/main/html/rd/p/000000516.000002061.html
000000063.000044623,44623,ELCジャパン合同会社　M・A・C事業部,ELCジャパン合同会社,brand_owner,global,core,2023-01-03,2023-01,,none,,M·A·C,デパコス,0,0,0,https://prtimes.jp/main/html/rd/p/000000063.000044623.html
000000059.000042040,42040,株式会社セザンヌ化粧品,セザンヌ化粧品株式会社,brand_owner,JP,core,2023-01-10,2023-01,base_makeup|concealer|foundation,makeup,,,プチプラ,0,0,0,https://prtimes.jp/main/html/rd/p/000000059.000042040.html
000000268.000000263,263,常盤薬品工業株式会社,常盤薬品工業株式会社,brand_owner,JP,present_forward,2023-01-10,2023-01,,none,,,プチプラ,0,0,0,https://prtimes.jp/main/html/rd/p/000000268.000000263.html
000000064.000044623,44623,ELCジャパン合同会社　M・A・C事業部,ELCジャパン合同会社,brand_owner,global,core,2023-01-11,2023-01,lipstick,makeup,,M·A·C,デパコス,0,0,0,https://prtimes.jp/main/html/rd/p/000000064.000044623.html
000000056.000081704,81704,株式会社ファイントゥデイ,ファイントゥデイ株式会社,brand_owner,JP,core,2023-01-16,2023-01,,none,,Ag,プチプラ,1,0,0,https://prtimes.jp/main/html/rd/p/000000056.000081704.html
000000048.000056098,56098,株式会社クリオ,株式会社クリオ,brand_owner,KR,core,2023-01-17,2023-01,,none,,CLIO,ミドル,0,0,0,https://prtimes.jp/main/html/rd/p/000000048.000056098.html
000000447.000001572,1572,株式会社石澤研究所,株式会社石澤研究所,brand_owner,JP,core,2023-01-18,2023-01,cream,skincare,,,プチプラ,0,0,0,https://prtimes.jp/main/html/rd/p/000000447.000001572.html
000000525.000002061,2061,オルビス株式会社,株式会社オルビス,brand_owner,JP,core,2023-01-18,2023-01,,none,,,ミドル,0,0,0,https://prtimes.jp/main/html/rd/p/000000525.000002061.html
000000035.000076505,76505,株式会社韓国高麗人蔘社,株式会社韓国高麗人蔘社,importer,KR,core,2023-01-19,2023-01,eye_makeup,makeup,,rom&nd,プチプラ,0,0,0,https://prtimes.jp/main/html/rd/p/000000035.000076505.html
000000140.000019685,19685,株式会社 井田ラボラトリーズ,株式会社井田ラボラトリーズ,brand_owner,JP,core,2023-01-23,2023-01,lash_brow,makeup,,CANMAKE,プチプラ,0,0,0,https://prtimes.jp/main/html/rd/p/000000140.000019685.html
000000141.000019685,19685,株式会社 井田ラボラトリーズ,株式会社井田ラボラトリーズ,brand_owner,JP,core,2023-01-23,2023-01,lipstick,makeup,,CANMAKE,プチプラ,0,0,0,https://prtimes.jp/main/html/rd/p/000000141.000019685.html
000000086.000006944,6944,ニベア花王株式会社,ニベア花王株式会社,brand_owner,global,core,2023-01-26,2023-01,face_wash,skincare,,NIVEA,プチプラ/ミドル,0,0,0,https://prtimes.jp/main/html/rd/p/000000086.000006944.html
000000526.000002061,2061,オルビス株式会社,株式会社オルビス,brand_owner,JP,core,2023-01-26,2023-01,,none,,ORBIS,ミドル,0,1,0,https://prtimes.jp/main/html/rd/p/000000526.000002061.html
000000065.000044623,44623,ELCジャパン合同会社　M・A・C事業部,ELCジャパン合同会社,brand_owner,global,core,2023-01-27,2023-01,lipstick,makeup,,M·A·C,デパコス,0,0,0,https://prtimes.jp/main/html/rd/p/000000065.000044623.html
000000448.000001572,1572,株式会社石澤研究所,株式会社石澤研究所,brand_owner,JP,core,2023-02-01,2023-02,sunscreen,skincare,,,プチプラ,0,0,0,https://prtimes.jp/main/html/rd/p/000000448.000001572.html
000000527.000002061,2061,オルビス株式会社,株式会社オルビス,brand_owner,JP,core,2023-02-01,2023-02,,none,,ORBIS,ミドル,0,0,0,https://prtimes.jp/main/html/rd/p/000000527.000002061.html
000000058.000081704,81704,株式会社ファイントゥデイ,ファイントゥデイ株式会社,brand_owner,JP,core,2023-02-09,2023-02,,none,,SEA BREEZE,プチプラ,0,1,0,https://prtimes.jp/main/html/rd/p/000000058.000081704.html
000000232.000021350,21350,アモーレパシフィックジャパン株式会社,アモーレパシフィックジャパン株式会社,brand_owner,KR,core,2023-02-09,2023-02,eye_makeup|lipstick,makeup,,エチュード,プチプラ,0,0,0,https://prtimes.jp/main/html/rd/p/000000232.000021350.html
000000040.000064854,64854,P&Gプレステージ合同会社,P&Gプレステージ合同会社,brand_owner,global,core,2023-02-15,2023-02,toner_lotion|serum,skincare,,SK-II,デパコス,0,0,0,https://prtimes.jp/main/html/rd/p/000000040.000064854.html
000000065.000086691,86691,ユニリーバ・ジャパン・カスタマーマーケティング株式会社,ユニリーバ・ジャパン株式会社,brand_owner,global,core,2023-02-15,2023-02,hair,other,,,プチプラ,0,0,0,https://prtimes.jp/main/html/rd/p/000000065.000086691.html
000000049.000056098,56098,株式会社クリオ,株式会社クリオ,brand_owner,KR,core,2023-02-16,2023-02,toner_lotion|serum,skincare,アスコルビン酸,,,0,0,0,https://prtimes.jp/main/html/rd/p/000000049.000056098.html
000000520.000002061,2061,オルビス株式会社,株式会社オルビス,brand_owner,JP,core,2023-02-16,2023-02,,none,,ORBIS,ミドル,0,0,0,https://prtimes.jp/main/html/rd/p/000000520.000002061.html
000000521.000002061,2061,オルビス株式会社,株式会社オルビス,brand_owner,JP,core,2023-02-16,2023-02,,none,,ORBIS,ミドル,0,0,0,https://prtimes.jp/main/html/rd/p/000000521.000002061.html
000000528.000002061,2061,オルビス株式会社,株式会社オルビス,brand_owner,JP,core,2023-02-16,2023-02,foundation|serum,makeup,,ORBIS,ミドル,0,0,0,https://prtimes.jp/main/html/rd/p/000000528.000002061.html
000000041.000064854,64854,P&Gプレステージ合同会社,P&Gプレステージ合同会社,brand_owner,global,core,2023-02-20,2023-02,,none,,SK-II,デパコス,0,0,1,https://prtimes.jp/main/html/rd/p/000000041.000064854.html
000000008.000105692,105692,アモーレパシフィックジャパン株式会社,アモーレパシフィックジャパン株式会社,brand_owner,KR,core,2023-02-21,2023-02,lipstick,makeup,,ラネージュ,ミドル,0,0,0,https://prtimes.jp/main/html/rd/p/000000008.000105692.html
000000097.000072864,72864,花王株式会社（Kao Beauty Brands）,花王株式会社,brand_owner,JP,present_forward,2023-02-21,2023-02,powder,makeup,,,mixed,0,0,1,https://prtimes.jp/main/html/rd/p/000000097.000072864.html
000000098.000072864,72864,花王株式会社（Kao Beauty Brands）,花王株式会社,brand_owner,JP,present_forward,2023-02-21,2023-02,foundation|base_makeup,makeup,,,mixed,0,0,0,https://prtimes.jp/main/html/rd/p/000000098.000072864.html
000000233.000021350,21350,アモーレパシフィックジャパン株式会社,アモーレパシフィックジャパン株式会社,brand_owner,KR,core,2023-02-21,2023-02,,none,,エチュード,プチプラ,0,0,0,https://prtimes.jp/main/html/rd/p/000000233.000021350.html
000000059.000081704,81704,株式会社ファイントゥデイ,ファイントゥデイ株式会社,brand_owner,JP,core,2023-02-22,2023-02,face_wash,skincare,,SENKA,プチプラ,0,0,0,https://prtimes.jp/main/html/rd/p/000000059.000081704.html
000000066.000086691,86691,ユニリーバ・ジャパン・カスタマーマーケティング株式会社,ユニリーバ・ジャパン株式会社,brand_owner,global,core,2023-02-22,2023-02,face_wash|serum,skincare,,Dove,プチプラ,0,1,0,https://prtimes.jp/main/html/rd/p/000000066.000086691.html
000000451.000001572,1572,株式会社石澤研究所,株式会社石澤研究所,brand_owner,JP,core,2023-02-22,2023-02,,none,,毛穴撫子,プチプラ,0,0,0,https://prtimes.jp/main/html/rd/p/000000451.000001572.html
000000060.000042040,42040,株式会社セザンヌ化粧品,セザンヌ化粧品株式会社,brand_owner,JP,core,2023-02-24,2023-02,base_makeup,makeup,,CEZANNE,プチプラ,0,0,0,https://prtimes.jp/main/html/rd/p/000000060.000042040.html
000000142.000019685,19685,株式会社 井田ラボラトリーズ,株式会社井田ラボラトリーズ,brand_owner,JP,core,2023-02-24,2023-02,powder,makeup,,CANMAKE,プチプラ,0,0,0,https://prtimes.jp/main/html/rd/p/000000142.000019685.html
000000143.000019685,19685,株式会社 井田ラボラトリーズ,株式会社井田ラボラトリーズ,brand_owner,JP,core,2023-02-24,2023-02,powder,makeup,,CANMAKE,プチプラ,0,0,1,https://prtimes.jp/main/html/rd/p/000000143.000019685.html
000000020.000096821,96821,VT COSMETICS,VT COSMETICS,brand_owner,KR,core,2023-02-27,2023-02,,none,レチノール|ツボクサエキス,VT,プチプラ,0,0,0,https://prtimes.jp/main/html/rd/p/000000020.000096821.html
000000063.000024471,24471,日本ロレアル株式会社　タカミ事業部,日本ロレアル株式会社,brand_owner,global,core,2023-02-27,2023-02,,none,,タカミ,ミドル,0,0,1,https://prtimes.jp/main/html/rd/p/000000063.000024471.html
000000038.000076505,76505,株式会社韓国高麗人蔘社,株式会社韓国高麗人蔘社,importer,KR,core,2023-02-28,2023-02,,none,,,,0,0,0,https://prtimes.jp/main/html/rd/p/000000038.000076505.html
000000450.000001572,1572,株式会社石澤研究所,株式会社石澤研究所,brand_owner,JP,core,2023-02-28,2023-02,hair,other,,,プチプラ,0,0,0,https://prtimes.jp/main/html/rd/p/000000450.000001572.html
000000452.000001572,1572,株式会社石澤研究所,株式会社石澤研究所,brand_owner,JP,core,2023-03-01,2023-03,sunscreen,skincare,,,プチプラ,0,0,0,https://prtimes.jp/main/html/rd/p/000000452.000001572.html
000000021.000096821,96821,VT COSMETICS,VT COSMETICS,brand_owner,KR,core,2023-03-02,2023-03,,none,ツボクサエキス,VT,プチプラ,0,0,0,https://prtimes.jp/main/html/rd/p/000000021.000096821.html
000000039.000076505,76505,株式会社韓国高麗人蔘社,株式会社韓国高麗人蔘社,importer,KR,core,2023-03-02,2023-03,lip_balm|lipstick,makeup,,rom&nd,プチプラ,0,0,0,https://prtimes.jp/main/html/rd/p/000000039.000076505.html
000000067.000044623,44623,ELCジャパン合同会社　M・A・C事業部,ELCジャパン合同会社,brand_owner,global,core,2023-03-02,2023-03,,none,ツボクサエキス,M·A·C,デパコス,0,0,0,https://prtimes.jp/main/html/rd/p/000000067.000044623.html
000000099.000072864,72864,花王株式会社（Kao Beauty Brands）,花王株式会社,brand_owner,JP,present_forward,2023-03-02,2023-03,powder,makeup,,,mixed,0,0,0,https://prtimes.jp/main/html/rd/p/000000099.000072864.html
000000041.000076505,76505,株式会社韓国高麗人蔘社,株式会社韓国高麗人蔘社,importer,KR,core,2023-03-03,2023-03,hair,other,,,,0,0,0,https://prtimes.jp/main/html/rd/p/000000041.000076505.html
000000061.000081704,81704,株式会社ファイントゥデイ,ファイントゥデイ株式会社,brand_owner,JP,core,2023-03-03,2023-03,face_wash,skincare,,SENKA,プチプラ,0,0,0,https://prtimes.jp/main/html/rd/p/000000061.000081704.html
000000068.000044623,44623,ELCジャパン合同会社　M・A・C事業部,ELCジャパン合同会社,brand_owner,global,core,2023-03-03,2023-03,serum,skincare,,M·A·C,デパコス,0,0,0,https://prtimes.jp/main/html/rd/p/000000068.000044623.html
000000068.000086691,86691,ユニリーバ・ジャパン・カスタマーマーケティング株式会社,ユニリーバ・ジャパン株式会社,brand_owner,global,core,2023-03-03,2023-03,,none,,LUX,プチプラ,0,0,0,https://prtimes.jp/main/html/rd/p/000000068.000086691.html
000000045.000046376,46376,株式会社コーセー（戦略ブランド事業部）,株式会社コーセー,brand_owner,JP,core,2023-03-07,2023-03,nail,makeup,,ADDICTION,デパコス,0,0,0,https://prtimes.jp/main/html/rd/p/000000045.000046376.html
000000276.000000263,263,常盤薬品工業株式会社,常盤薬品工業株式会社,brand_owner,JP,present_forward,2023-03-07,2023-03,base_makeup,makeup,,,プチプラ,0,1,0,https://prtimes.jp/main/html/rd/p/000000276.000000263.html
000000277.000000263,263,常盤薬品工業株式会社,常盤薬品工業株式会社,brand_owner,JP,present_forward,2023-03-07,2023-03,toner_lotion,skincare,,,プチプラ,0,0,0,https://prtimes.jp/main/html/rd/p/000000277.000000263.html
000000062.000081704,81704,株式会社ファイントゥデイ,ファイントゥデイ株式会社,brand_owner,JP,core,2023-03-08,2023-03,,none,,uno|肌ラボ,プチプラ,0,0,0,https://prtimes.jp/main/html/rd/p/000000062.000081704.html
000000100.000072864,72864,花王株式会社（Kao Beauty Brands）,花王株式会社,brand_owner,JP,present_forward,2023-03-08,2023-03,toner_lotion,skincare,,,mixed,0,0,0,https://prtimes.jp/main/html/rd/p/000000100.000072864.html
000000280.000000263,263,常盤薬品工業株式会社,常盤薬品工業株式会社,brand_owner,JP,present_forward,2023-03-08,2023-03,cream|face_wash,skincare,,,プチプラ,0,0,0,https://prtimes.jp/main/html/rd/p/000000280.000000263.html
000000070.000086691,86691,ユニリーバ・ジャパン・カスタマーマーケティング株式会社,ユニリーバ・ジャパン株式会社,brand_owner,global,core,2023-03-09,2023-03,,none,,Dove,プチプラ,0,0,0,https://prtimes.jp/main/html/rd/p/000000070.000086691.html
000000042.000076505,76505,株式会社韓国高麗人蔘社,株式会社韓国高麗人蔘社,importer,KR,core,2023-03-10,2023-03,base_makeup,makeup,,rom&nd,プチプラ,0,0,0,https://prtimes.jp/main/html/rd/p/000000042.000076505.html
000000051.000056098,56098,株式会社クリオ,株式会社クリオ,brand_owner,KR,core,2023-03-13,2023-03,,none,,CLIO,ミドル,0,0,0,https://prtimes.jp/main/html/rd/p/000000051.000056098.html
000000101.000072864,72864,花王株式会社（Kao Beauty Brands）,花王株式会社,brand_owner,JP,present_forward,2023-03-14,2023-03,powder|base_makeup,makeup,,SOFINA,ミドル,0,0,0,https://prtimes.jp/main/html/rd/p/000000101.000072864.html
000000281.000000263,263,常盤薬品工業株式会社,常盤薬品工業株式会社,brand_owner,JP,present_forward,2023-03-14,2023-03,blush,makeup,,,プチプラ,0,0,0,https://prtimes.jp/main/html/rd/p/000000281.000000263.html
000000282.000000263,263,常盤薬品工業株式会社,常盤薬品工業株式会社,brand_owner,JP,present_forward,2023-03-14,2023-03,eye_makeup,makeup,,,プチプラ,0,1,0,https://prtimes.jp/main/html/rd/p/000000282.000000263.html
000000283.000000263,263,常盤薬品工業株式会社,常盤薬品工業株式会社,brand_owner,JP,present_forward,2023-03-14,2023-03,serum,skincare,,,プチプラ,0,0,0,https://prtimes.jp/main/html/rd/p/000000283.000000263.html
000000284.000000263,263,常盤薬品工業株式会社,常盤薬品工業株式会社,brand_owner,JP,present_forward,2023-03-14,2023-03,eye_makeup,makeup,,,プチプラ,0,1,0,https://prtimes.jp/main/html/rd/p/000000284.000000263.html
000000043.000076505,76505,株式会社韓国高麗人蔘社,株式会社韓国高麗人蔘社,importer,KR,core,2023-03-15,2023-03,cleansing,skincare,,,,0,0,0,https://prtimes.jp/main/html/rd/p/000000043.000076505.html
000000071.000086691,86691,ユニリーバ・ジャパン・カスタマーマーケティング株式会社,ユニリーバ・ジャパン株式会社,brand_owner,global,core,2023-03-15,2023-03,hair,other,,,プチプラ,0,0,0,https://prtimes.jp/main/html/rd/p/000000071.000086691.html
000000454.000001572,1572,株式会社石澤研究所,株式会社石澤研究所,brand_owner,JP,core,2023-03-15,2023-03,,none,,毛穴撫子,プチプラ,0,0,0,https://prtimes.jp/main/html/rd/p/000000454.000001572.html
000000044.000076505,76505,株式会社韓国高麗人蔘社,株式会社韓国高麗人蔘社,importer,KR,core,2023-03-16,2023-03,lipstick,makeup,,rom&nd,プチプラ,0,0,0,https://prtimes.jp/main/html/rd/p/000000044.000076505.html
000000045.000076505,76505,株式会社韓国高麗人蔘社,株式会社韓国高麗人蔘社,importer,KR,core,2023-03-17,2023-03,,none,,rom&nd,プチプラ,0,0,0,https://prtimes.jp/main/html/rd/p/000000045.000076505.html
000000044.000064854,64854,P&Gプレステージ合同会社,P&Gプレステージ合同会社,brand_owner,global,core,2023-03-20,2023-03,,none,,SK-II,デパコス,0,0,1,https://prtimes.jp/main/html/rd/p/000000044.000064854.html
000000073.000086691,86691,ユニリーバ・ジャパン・カスタマーマーケティング株式会社,ユニリーバ・ジャパン株式会社,brand_owner,global,core,2023-03-20,2023-03,,none,,LUX,プチプラ,0,0,0,https://prtimes.jp/main/html/rd/p/000000073.000086691.html
000000234.000021350,21350,アモーレパシフィックジャパン株式会社,アモーレパシフィックジャパン株式会社,brand_owner,KR,core,2023-03-20,2023-03,,none,,エチュード,プチプラ,0,0,0,https://prtimes.jp/main/html/rd/p/000000234.000021350.html
000000529.000002061,2061,オルビス株式会社,株式会社オルビス,brand_owner,JP,core,2023-03-20,2023-03,face_wash,skincare,,,ミドル,0,0,0,https://prtimes.jp/main/html/rd/p/000000529.000002061.html
000000530.000002061,2061,オルビス株式会社,株式会社オルビス,brand_owner,JP,core,2023-03-20,2023-03,,none,,,ミドル,0,0,0,https://prtimes.jp/main/html/rd/p/000000530.000002061.html
000000531.000002061,2061,オルビス株式会社,株式会社オルビス,brand_owner,JP,core,2023-03-20,2023-03,,none,,ORBIS,ミドル,0,0,0,https://prtimes.jp/main/html/rd/p/000000531.000002061.html
000000069.000044623,44623,ELCジャパン合同会社　M・A・C事業部,ELCジャパン合同会社,brand_owner,global,core,2023-03-22,2023-03,powder,makeup,,M·A·C,デパコス,0,0,0,https://prtimes.jp/main/html/rd/p/000000069.000044623.html
000000072.000086691,86691,ユニリーバ・ジャパン・カスタマーマーケティング株式会社,ユニリーバ・ジャパン株式会社,brand_owner,global,core,2023-03-22,2023-03,face_wash,skincare,セラミド,Dove,プチプラ,0,0,0,https://prtimes.jp/main/html/rd/p/000000072.000086691.html
000000145.000019685,19685,株式会社 井田ラボラトリーズ,株式会社井田ラボラトリーズ,brand_owner,JP,core,2023-03-22,2023-03,eye_makeup,makeup,,CANMAKE,プチプラ,0,0,0,https://prtimes.jp/main/html/rd/p/000000145.000019685.html
000000146.000019685,19685,株式会社 井田ラボラトリーズ,株式会社井田ラボラトリーズ,brand_owner,JP,core,2023-03-22,2023-03,powder|lash_brow,makeup,,CANMAKE,プチプラ,0,0,0,https://prtimes.jp/main/html/rd/p/000000146.000019685.html
000000536.000002061,2061,オルビス株式会社,株式会社オルビス,brand_owner,JP,core,2023-03-22,2023-03,,none,,ORBIS,ミドル,0,0,0,https://prtimes.jp/main/html/rd/p/000000536.000002061.html
000000064.000081704,81704,株式会社ファイントゥデイ,ファイントゥデイ株式会社,brand_owner,JP,core,2023-03-23,2023-03,face_wash,skincare,,uno,プチプラ,0,0,0,https://prtimes.jp/main/html/rd/p/000000064.000081704.html
000000070.000044623,44623,ELCジャパン合同会社　M・A・C事業部,ELCジャパン合同会社,brand_owner,global,core,2023-03-23,2023-03,concealer,makeup,,M·A·C,デパコス,0,0,0,https://prtimes.jp/main/html/rd/p/000000070.000044623.html
000000235.000021350,21350,アモーレパシフィックジャパン株式会社,アモーレパシフィックジャパン株式会社,brand_owner,KR,core,2023-03-23,2023-03,powder,makeup,,エチュード,プチプラ,0,0,0,https://prtimes.jp/main/html/rd/p/000000235.000021350.html
000000052.000056098,56098,株式会社クリオ,株式会社クリオ,brand_owner,KR,core,2023-03-27,2023-03,lipstick,makeup,,peripera,プチプラ,0,0,0,https://prtimes.jp/main/html/rd/p/000000052.000056098.html
000000102.000072864,72864,花王株式会社（Kao Beauty Brands）,花王株式会社,brand_owner,JP,present_forward,2023-03-27,2023-03,toner_lotion,skincare,,,mixed,0,0,0,https://prtimes.jp/main/html/rd/p/000000102.000072864.html
000000045.000064854,64854,P&Gプレステージ合同会社,P&Gプレステージ合同会社,brand_owner,global,core,2023-03-28,2023-03,serum,skincare,,SK-II,デパコス,0,0,0,https://prtimes.jp/main/html/rd/p/000000045.000064854.html
000000104.000072864,72864,花王株式会社（Kao Beauty Brands）,花王株式会社,brand_owner,JP,present_forward,2023-03-28,2023-03,toner_lotion,skincare,,SOFINA,ミドル,0,1,0,https://prtimes.jp/main/html/rd/p/000000104.000072864.html
000000236.000021350,21350,アモーレパシフィックジャパン株式会社,アモーレパシフィックジャパン株式会社,brand_owner,KR,core,2023-03-28,2023-03,,none,,エチュード,プチプラ,0,0,0,https://prtimes.jp/main/html/rd/p/000000236.000021350.html
000000286.000000263,263,常盤薬品工業株式会社,常盤薬品工業株式会社,brand_owner,JP,present_forward,2023-03-28,2023-03,powder,makeup,,,プチプラ,0,0,0,https://prtimes.jp/main/html/rd/p/000000286.000000263.html
000000383.000028974,28974,株式会社桃谷順天館,株式会社桃谷順天館,brand_owner,JP,present_forward,2023-03-28,2023-03,,none,アスコルビン酸,,プチプラ,0,0,0,https://prtimes.jp/main/html/rd/p/000000383.000028974.html
000000001.000119328,119328,アモーレパシフィックジャパン株式会社,アモーレパシフィックジャパン株式会社,brand_owner,KR,core,2023-03-29,2023-03,,none,,,デパコス,0,0,0,https://prtimes.jp/main/html/rd/p/000000001.000119328.html
000000072.000044623,44623,ELCジャパン合同会社　M・A・C事業部,ELCジャパン合同会社,brand_owner,global,core,2023-04-04,2023-04,eye_makeup,makeup,,M·A·C,デパコス,0,0,0,https://prtimes.jp/main/html/rd/p/000000072.000044623.html
000000544.000002061,2061,オルビス株式会社,株式会社オルビス,brand_owner,JP,core,2023-04-05,2023-04,,none,,ORBIS,ミドル,0,0,0,https://prtimes.jp/main/html/rd/p/000000544.000002061.html
000000061.000042040,42040,株式会社セザンヌ化粧品,セザンヌ化粧品株式会社,brand_owner,JP,core,2023-04-07,2023-04,eye_makeup,makeup,,,プチプラ,0,0,0,https://prtimes.jp/main/html/rd/p/000000061.000042040.html
000000105.000072864,72864,花王株式会社（Kao Beauty Brands）,花王株式会社,brand_owner,JP,present_forward,2023-04-07,2023-04,,none,,SOFINA,ミドル,0,0,0,https://prtimes.jp/main/html/rd/p/000000105.000072864.html
000000053.000056098,56098,株式会社クリオ,株式会社クリオ,brand_owner,KR,core,2023-04-10,2023-04,sunscreen,skincare,,,,0,0,0,https://prtimes.jp/main/html/rd/p/000000053.000056098.html
000000455.000001572,1572,株式会社石澤研究所,株式会社石澤研究所,brand_owner,JP,core,2023-04-11,2023-04,serum,skincare,,,プチプラ,0,0,0,https://prtimes.jp/main/html/rd/p/000000455.000001572.html
000000078.000086691,86691,ユニリーバ・ジャパン・カスタマーマーケティング株式会社,ユニリーバ・ジャパン株式会社,brand_owner,global,core,2023-04-13,2023-04,foundation,makeup,,,プチプラ,0,0,0,https://prtimes.jp/main/html/rd/p/000000078.000086691.html
000000069.000081704,81704,株式会社ファイントゥデイ,ファイントゥデイ株式会社,brand_owner,JP,core,2023-04-18,2023-04,face_wash,skincare,,SENKA,プチプラ,0,0,0,https://prtimes.jp/main/html/rd/p/000000069.000081704.html
000000290.000000263,263,常盤薬品工業株式会社,常盤薬品工業株式会社,brand_owner,JP,present_forward,2023-04-18,2023-04,lash_brow,makeup,,,プチプラ,0,0,0,https://prtimes.jp/main/html/rd/p/000000290.000000263.html
000000291.000000263,263,常盤薬品工業株式会社,常盤薬品工業株式会社,brand_owner,JP,present_forward,2023-04-18,2023-04,lash_brow|powder,makeup,,,プチプラ,0,0,0,https://prtimes.jp/main/html/rd/p/000000291.000000263.html
000000023.000096821,96821,VT COSMETICS,VT COSMETICS,brand_owner,KR,core,2023-04-19,2023-04,powder|base_makeup,makeup,ツボクサエキス,VT,プチプラ,0,0,0,https://prtimes.jp/main/html/rd/p/000000023.000096821.html
000000044.000018737,18737,ELCジャパン合同会社,ELCジャパン合同会社,brand_owner,global,core,2023-04-19,2023-04,,none,,エスティ ローダー,デパコス,0,0,0,https://prtimes.jp/main/html/rd/p/000000044.000018737.html
000000534.000002061,2061,オルビス株式会社,株式会社オルビス,brand_owner,JP,core,2023-04-19,2023-04,sunscreen|toner_lotion,skincare,,ORBIS,ミドル,0,0,0,https://prtimes.jp/main/html/rd/p/000000534.000002061.html
000000535.000002061,2061,オルビス株式会社,株式会社オルビス,brand_owner,JP,core,2023-04-19,2023-04,sunscreen,skincare,,,ミドル,0,0,1,https://prtimes.jp/main/html/rd/p/000000535.000002061.html
000000537.000002061,2061,オルビス株式会社,株式会社オルビス,brand_owner,JP,core,2023-04-19,2023-04,hair|serum,other,,,ミドル,0,0,0,https://prtimes.jp/main/html/rd/p/000000537.000002061.html
000000046.000064854,64854,P&Gプレステージ合同会社,P&Gプレステージ合同会社,brand_owner,global,core,2023-04-20,2023-04,,none,,SK-II,デパコス,0,0,0,https://prtimes.jp/main/html/rd/p/000000046.000064854.html
000000080.000086691,86691,ユニリーバ・ジャパン・カスタマーマーケティング株式会社,ユニリーバ・ジャパン株式会社,brand_owner,global,core,2023-04-21,2023-04,serum|eye_cream,skincare,,,プチプラ,0,0,0,https://prtimes.jp/main/html/rd/p/000000080.000086691.html
000000147.000019685,19685,株式会社 井田ラボラトリーズ,株式会社井田ラボラトリーズ,brand_owner,JP,core,2023-04-24,2023-04,concealer|eye_makeup,makeup,,CANMAKE,プチプラ,0,0,0,https://prtimes.jp/main/html/rd/p/000000147.000019685.html
000000148.000019685,19685,株式会社 井田ラボラトリーズ,株式会社井田ラボラトリーズ,brand_owner,JP,core,2023-04-24,2023-04,concealer|powder,makeup,,CANMAKE,プチプラ,1,0,0,https://prtimes.jp/main/html/rd/p/000000148.000019685.html
000000149.000019685,19685,株式会社 井田ラボラトリーズ,株式会社井田ラボラトリーズ,brand_owner,JP,core,2023-04-24,2023-04,fragrance,other,,,プチプラ,0,0,0,https://prtimes.jp/main/html/rd/p/000000149.000019685.html
000000457.000001572,1572,株式会社石澤研究所,株式会社石澤研究所,brand_owner,JP,core,2023-04-25,2023-04,face_wash,skincare,,毛穴撫子,プチプラ,0,0,0,https://prtimes.jp/main/html/rd/p/000000457.000001572.html
000000111.000072864,72864,花王株式会社（Kao Beauty Brands）,花王株式会社,brand_owner,JP,present_forward,2023-04-28,2023-04,powder,makeup,,SOFINA,ミドル,0,0,0,https://prtimes.jp/main/html/rd/p/000000111.000072864.html
000000073.000044623,44623,ELCジャパン合同会社　M・A・C事業部,ELCジャパン合同会社,brand_owner,global,core,2023-05-08,2023-05,lip_balm|lipstick,makeup,,M·A·C,デパコス,0,0,0,https://prtimes.jp/main/html/rd/p/000000073.000044623.html
000000549.000002061,2061,オルビス株式会社,株式会社オルビス,brand_owner,JP,core,2023-05-08,2023-05,,none,,ORBIS,ミドル,0,0,0,https://prtimes.jp/main/html/rd/p/000000549.000002061.html
000000091.000031376,31376,アモーレパシフィックジャパン株式会社,アモーレパシフィックジャパン株式会社,brand_owner,KR,core,2023-05-10,2023-05,serum,skincare,アスコルビン酸,,mixed,0,0,0,https://prtimes.jp/main/html/rd/p/000000091.000031376.html
000000113.000072864,72864,花王株式会社（Kao Beauty Brands）,花王株式会社,brand_owner,JP,present_forward,2023-05-10,2023-05,base_makeup,makeup,,,mixed,0,0,1,https://prtimes.jp/main/html/rd/p/000000113.000072864.html
000000072.000081704,81704,株式会社ファイントゥデイ,ファイントゥデイ株式会社,brand_owner,JP,core,2023-05-11,2023-05,,none,,Ag,プチプラ,0,0,0,https://prtimes.jp/main/html/rd/p/000000072.000081704.html
000000114.000072864,72864,花王株式会社（Kao Beauty Brands）,花王株式会社,brand_owner,JP,present_forward,2023-05-11,2023-05,cleansing,skincare,,,mixed,0,0,0,https://prtimes.jp/main/html/rd/p/000000114.000072864.html
000000001.000121471,121471,アモーレパシフィックジャパン株式会社,アモーレパシフィックジャパン株式会社,brand_owner,KR,core,2023-05-12,2023-05,,none,,イニスフリー|ラネージュ|エチュード,プチプラ/ミドル,0,0,0,https://prtimes.jp/main/html/rd/p/000000001.000121471.html
000000063.000042040,42040,株式会社セザンヌ化粧品,セザンヌ化粧品株式会社,brand_owner,JP,core,2023-05-12,2023-05,lash_brow,makeup,,CEZANNE,プチプラ,0,0,0,https://prtimes.jp/main/html/rd/p/000000063.000042040.html
000000064.000042040,42040,株式会社セザンヌ化粧品,セザンヌ化粧品株式会社,brand_owner,JP,core,2023-05-12,2023-05,concealer|blush,makeup,,CEZANNE,プチプラ,0,0,0,https://prtimes.jp/main/html/rd/p/000000064.000042040.html
000000116.000072864,72864,花王株式会社（Kao Beauty Brands）,花王株式会社,brand_owner,JP,present_forward,2023-05-17,2023-05,toner_lotion,skincare,,,mixed,0,0,1,https://prtimes.jp/main/html/rd/p/000000116.000072864.html
000000238.000021350,21350,アモーレパシフィックジャパン株式会社,アモーレパシフィックジャパン株式会社,brand_owner,KR,core,2023-05-17,2023-05,lipstick,makeup,,エチュード,プチプラ,0,0,0,https://prtimes.jp/main/html/rd/p/000000238.000021350.html
000000458.000001572,1572,株式会社石澤研究所,株式会社石澤研究所,brand_owner,JP,core,2023-05-17,2023-05,face_wash,skincare,,毛穴撫子,プチプラ,0,0,0,https://prtimes.jp/main/html/rd/p/000000458.000001572.html
000000049.000076505,76505,株式会社韓国高麗人蔘社,株式会社韓国高麗人蔘社,importer,KR,core,2023-05-18,2023-05,lip_balm|lipstick,makeup,,rom&nd,プチプラ,0,0,0,https://prtimes.jp/main/html/rd/p/000000049.000076505.html
000000540.000002061,2061,オルビス株式会社,株式会社オルビス,brand_owner,JP,core,2023-05-18,2023-05,cleansing|cream,skincare,,,ミドル,0,0,1,https://prtimes.jp/main/html/rd/p/000000540.000002061.html
000000064.000024471,24471,日本ロレアル株式会社　タカミ事業部,日本ロレアル株式会社,brand_owner,global,core,2023-05-19,2023-05,,none,,タカミ,ミドル,0,0,1,https://prtimes.jp/main/html/rd/p/000000064.000024471.html
000000387.000028974,28974,株式会社桃谷順天館,株式会社桃谷順天館,brand_owner,JP,present_forward,2023-05-22,2023-05,serum,skincare,ナイアシンアミド,,プチプラ,0,0,0,https://prtimes.jp/main/html/rd/p/000000387.000028974.html
000000050.000076505,76505,株式会社韓国高麗人蔘社,株式会社韓国高麗人蔘社,importer,KR,core,2023-05-23,2023-05,hair,other,,,,0,0,1,https://prtimes.jp/main/html/rd/p/000000050.000076505.html
000000239.000021350,21350,アモーレパシフィックジャパン株式会社,アモーレパシフィックジャパン株式会社,brand_owner,KR,core,2023-05-23,2023-05,lash_brow,makeup,,エチュード,プチプラ,0,0,0,https://prtimes.jp/main/html/rd/p/000000239.000021350.html
000000295.000000263,263,常盤薬品工業株式会社,常盤薬品工業株式会社,brand_owner,JP,present_forward,2023-05-23,2023-05,eye_makeup,makeup,,,プチプラ,0,0,0,https://prtimes.jp/main/html/rd/p/000000295.000000263.html
000000011.000090124,90124,ELCジャパン合同会社,ELCジャパン合同会社,brand_owner,global,core,2023-05-24,2023-05,,none,,ジョー マローン ロンドン,デパコス,0,0,0,https://prtimes.jp/main/html/rd/p/000000011.000090124.html
000000150.000019685,19685,株式会社 井田ラボラトリーズ,株式会社井田ラボラトリーズ,brand_owner,JP,core,2023-05-25,2023-05,lipstick,makeup,,CANMAKE,プチプラ,0,0,0,https://prtimes.jp/main/html/rd/p/000000150.000019685.html
000000151.000019685,19685,株式会社 井田ラボラトリーズ,株式会社井田ラボラトリーズ,brand_owner,JP,core,2023-05-25,2023-05,lash_brow,makeup,,CANMAKE,プチプラ,0,0,0,https://prtimes.jp/main/html/rd/p/000000151.000019685.html
000000152.000019685,19685,株式会社 井田ラボラトリーズ,株式会社井田ラボラトリーズ,brand_owner,JP,core,2023-05-25,2023-05,,none,,CANMAKE,プチプラ,0,0,1,https://prtimes.jp/main/html/rd/p/000000152.000019685.html
000000240.000021350,21350,アモーレパシフィックジャパン株式会社,アモーレパシフィックジャパン株式会社,brand_owner,KR,core,2023-05-25,2023-05,blush,makeup,,エチュード,プチプラ,0,0,0,https://prtimes.jp/main/html/rd/p/000000240.000021350.html
000000547.000002061,2061,オルビス株式会社,株式会社オルビス,brand_owner,JP,core,2023-05-25,2023-05,,none,,ORBIS,ミドル,0,0,0,https://prtimes.jp/main/html/rd/p/000000547.000002061.html
000000460.000001572,1572,株式会社石澤研究所,株式会社石澤研究所,brand_owner,JP,core,2023-05-29,2023-05,hair,other,,,プチプラ,0,1,1,https://prtimes.jp/main/html/rd/p/000000460.000001572.html
000000054.000056098,56098,株式会社クリオ,株式会社クリオ,brand_owner,KR,core,2023-05-31,2023-05,,none,,CLIO,ミドル,0,0,0,https://prtimes.jp/main/html/rd/p/000000054.000056098.html
000000241.000021350,21350,アモーレパシフィックジャパン株式会社,アモーレパシフィックジャパン株式会社,brand_owner,KR,core,2023-05-31,2023-05,lipstick,makeup,,エチュード,プチプラ,0,0,0,https://prtimes.jp/main/html/rd/p/000000241.000021350.html
000000074.000004359,4359,ELCジャパン合同会社,ELCジャパン合同会社,brand_owner,global,core,2023-06-01,2023-06,,none,,クリニーク,デパコス,0,0,0,https://prtimes.jp/main/html/rd/p/000000074.000004359.html
000000055.000056098,56098,株式会社クリオ,株式会社クリオ,brand_owner,KR,core,2023-06-02,2023-06,,none,,,,0,0,0,https://prtimes.jp/main/html/rd/p/000000055.000056098.html
000000074.000081704,81704,株式会社ファイントゥデイ,ファイントゥデイ株式会社,brand_owner,JP,core,2023-06-05,2023-06,face_wash,skincare,,SENKA,プチプラ,0,0,0,https://prtimes.jp/main/html/rd/p/000000074.000081704.html
000000009.000105692,105692,アモーレパシフィックジャパン株式会社,アモーレパシフィックジャパン株式会社,brand_owner,KR,core,2023-06-07,2023-06,foundation,makeup,,ラネージュ,ミドル,0,0,0,https://prtimes.jp/main/html/rd/p/000000009.000105692.html
000000002.000121471,121471,アモーレパシフィックジャパン株式会社,アモーレパシフィックジャパン株式会社,brand_owner,KR,core,2023-06-08,2023-06,,none,,,mixed,0,0,0,https://prtimes.jp/main/html/rd/p/000000002.000121471.html
000000117.000072864,72864,花王株式会社（Kao Beauty Brands）,花王株式会社,brand_owner,JP,present_forward,2023-06-08,2023-06,foundation|cream,makeup,,,mixed,0,0,0,https://prtimes.jp/main/html/rd/p/000000117.000072864.html
000000065.000042040,42040,株式会社セザンヌ化粧品,セザンヌ化粧品株式会社,brand_owner,JP,core,2023-06-09,2023-06,lipstick,makeup,,CEZANNE,プチプラ,0,0,0,https://prtimes.jp/main/html/rd/p/000000065.000042040.html
000000296.000000263,263,常盤薬品工業株式会社,常盤薬品工業株式会社,brand_owner,JP,present_forward,2023-06-15,2023-06,,none,,なめらか本舗,プチプラ,1,0,0,https://prtimes.jp/main/html/rd/p/000000296.000000263.html
000000461.000001572,1572,株式会社石澤研究所,株式会社石澤研究所,brand_owner,JP,core,2023-06-15,2023-06,,none,,毛穴撫子,プチプラ,0,0,0,https://prtimes.jp/main/html/rd/p/000000461.000001572.html
000000002.000119328,119328,アモーレパシフィックジャパン株式会社,アモーレパシフィックジャパン株式会社,brand_owner,KR,core,2023-06-16,2023-06,,none,,,デパコス,0,0,0,https://prtimes.jp/main/html/rd/p/000000002.000119328.html
000000053.000076505,76505,株式会社韓国高麗人蔘社,株式会社韓国高麗人蔘社,importer,KR,core,2023-06-16,2023-06,lipstick,makeup,,rom&nd,プチプラ,0,0,0,https://prtimes.jp/main/html/rd/p/000000053.000076505.html
000000004.000108700,108700,株式会社APRJP,株式会社APRJP,brand_owner,KR,core,2023-06-19,2023-06,serum,skincare,,medicube,ミドル,0,0,0,https://prtimes.jp/main/html/rd/p/000000004.000108700.html
000000075.000081704,81704,株式会社ファイントゥデイ,ファイントゥデイ株式会社,brand_owner,JP,core,2023-06-19,2023-06,,none,,,プチプラ,0,0,0,https://prtimes.jp/main/html/rd/p/000000075.000081704.html
000000095.000031376,31376,アモーレパシフィックジャパン株式会社,アモーレパシフィックジャパン株式会社,brand_owner,KR,core,2023-06-20,2023-06,,none,,イニスフリー,プチプラ/ミドル,0,0,0,https://prtimes.jp/main/html/rd/p/000000095.000031376.html
000000297.000000263,263,常盤薬品工業株式会社,常盤薬品工業株式会社,brand_owner,JP,present_forward,2023-06-20,2023-06,,none,,,プチプラ,0,0,0,https://prtimes.jp/main/html/rd/p/000000297.000000263.html
000000298.000000263,263,常盤薬品工業株式会社,常盤薬品工業株式会社,brand_owner,JP,present_forward,2023-06-20,2023-06,nail,makeup,,,プチプラ,0,0,0,https://prtimes.jp/main/html/rd/p/000000298.000000263.html
000000538.000002061,2061,オルビス株式会社,株式会社オルビス,brand_owner,JP,core,2023-06-21,2023-06,,none,,ORBIS,ミドル,0,0,0,https://prtimes.jp/main/html/rd/p/000000538.000002061.html
000000541.000002061,2061,オルビス株式会社,株式会社オルビス,brand_owner,JP,core,2023-06-21,2023-06,sunscreen|powder,skincare,,,ミドル,0,0,0,https://prtimes.jp/main/html/rd/p/000000541.000002061.html
000000545.000002061,2061,オルビス株式会社,株式会社オルビス,brand_owner,JP,core,2023-06-21,2023-06,cleansing|hair,skincare,,ORBIS,ミドル,0,0,1,https://prtimes.jp/main/html/rd/p/000000545.000002061.html
000000153.000019685,19685,株式会社 井田ラボラトリーズ,株式会社井田ラボラトリーズ,brand_owner,JP,core,2023-06-22,2023-06,eye_makeup|lash_brow|nail,makeup,,CANMAKE,プチプラ,0,0,0,https://prtimes.jp/main/html/rd/p/000000153.000019685.html
000000054.000076505,76505,株式会社韓国高麗人蔘社,株式会社韓国高麗人蔘社,importer,KR,core,2023-06-23,2023-06,serum,skincare,,,,0,0,0,https://prtimes.jp/main/html/rd/p/000000054.000076505.html
000000066.000042040,42040,株式会社セザンヌ化粧品,セザンヌ化粧品株式会社,brand_owner,JP,core,2023-06-23,2023-06,eye_makeup|lash_brow,makeup,,CEZANNE,プチプラ,0,0,0,https://prtimes.jp/main/html/rd/p/000000066.000042040.html
000000075.000044623,44623,ELCジャパン合同会社　M・A・C事業部,ELCジャパン合同会社,brand_owner,global,core,2023-06-26,2023-06,lipstick,makeup,,M·A·C,デパコス,0,0,0,https://prtimes.jp/main/html/rd/p/000000075.000044623.html
000000065.000024471,24471,日本ロレアル株式会社　タカミ事業部,日本ロレアル株式会社,brand_owner,global,core,2023-06-27,2023-06,,none,,タカミ,ミドル,0,0,1,https://prtimes.jp/main/html/rd/p/000000065.000024471.html
000000076.000044623,44623,ELCジャパン合同会社　M・A・C事業部,ELCジャパン合同会社,brand_owner,global,core,2023-06-27,2023-06,,none,,M·A·C,デパコス,0,0,0,https://prtimes.jp/main/html/rd/p/000000076.000044623.html
000000083.000086691,86691,ユニリーバ・ジャパン・カスタマーマーケティング株式会社,ユニリーバ・ジャパン株式会社,brand_owner,global,core,2023-06-28,2023-06,serum,skincare,,Dove,プチプラ,0,0,0,https://prtimes.jp/main/html/rd/p/000000083.000086691.html
000000027.000096821,96821,VT COSMETICS,VT COSMETICS,brand_owner,KR,core,2023-06-29,2023-06,,none,ツボクサエキス,VT,プチプラ,0,0,0,https://prtimes.jp/main/html/rd/p/000000027.000096821.html
000000087.000006944,6944,ニベア花王株式会社,ニベア花王株式会社,brand_owner,global,core,2023-06-29,2023-06,cream|toner_lotion,skincare,,NIVEA,プチプラ/ミドル,0,0,0,https://prtimes.jp/main/html/rd/p/000000087.000006944.html
000000119.000072864,72864,花王株式会社（Kao Beauty Brands）,花王株式会社,brand_owner,JP,present_forward,2023-06-29,2023-06,powder,makeup,,,mixed,0,0,0,https://prtimes.jp/main/html/rd/p/000000119.000072864.html
000000057.000056098,56098,株式会社クリオ,株式会社クリオ,brand_owner,KR,core,2023-06-30,2023-06,,none,,peripera,プチプラ,0,0,0,https://prtimes.jp/main/html/rd/p/000000057.000056098.html
000000299.000000263,263,常盤薬品工業株式会社,常盤薬品工業株式会社,brand_owner,JP,present_forward,2023-07-03,2023-07,serum,skincare,,,プチプラ,0,0,1,https://prtimes.jp/main/html/rd/p/000000299.000000263.html
000000462.000001572,1572,株式会社石澤研究所,株式会社石澤研究所,brand_owner,JP,core,2023-07-03,2023-07,mask,skincare,,,プチプラ,1,0,0,https://prtimes.jp/main/html/rd/p/000000462.000001572.html
000000120.000072864,72864,花王株式会社（Kao Beauty Brands）,花王株式会社,brand_owner,JP,present_forward,2023-07-06,2023-07,powder,makeup,,,mixed,0,0,0,https://prtimes.jp/main/html/rd/p/000000120.000072864.html
000000012.000090124,90124,ELCジャパン合同会社,ELCジャパン合同会社,brand_owner,global,core,2023-07-07,2023-07,,none,,ジョー マローン ロンドン,デパコス,0,0,0,https://prtimes.jp/main/html/rd/p/000000012.000090124.html
000000067.000042040,42040,株式会社セザンヌ化粧品,セザンヌ化粧品株式会社,brand_owner,JP,core,2023-07-07,2023-07,eye_makeup|lash_brow|powder,makeup,,CEZANNE,プチプラ,0,0,0,https://prtimes.jp/main/html/rd/p/000000067.000042040.html
000000010.000105692,105692,アモーレパシフィックジャパン株式会社,アモーレパシフィックジャパン株式会社,brand_owner,KR,core,2023-07-12,2023-07,,none,,ラネージュ,ミドル,0,0,0,https://prtimes.jp/main/html/rd/p/000000010.000105692.html
000000013.000090124,90124,ELCジャパン合同会社,ELCジャパン合同会社,brand_owner,global,core,2023-07-12,2023-07,,none,,ジョー マローン ロンドン,デパコス,0,0,0,https://prtimes.jp/main/html/rd/p/000000013.000090124.html
000000463.000001572,1572,株式会社石澤研究所,株式会社石澤研究所,brand_owner,JP,core,2023-07-12,2023-07,serum,skincare,,,プチプラ,0,0,0,https://prtimes.jp/main/html/rd/p/000000463.000001572.html
000000077.000044623,44623,ELCジャパン合同会社　M・A・C事業部,ELCジャパン合同会社,brand_owner,global,core,2023-07-14,2023-07,,none,,M·A·C,デパコス,0,0,0,https://prtimes.jp/main/html/rd/p/000000077.000044623.html
000000304.000000263,263,常盤薬品工業株式会社,常盤薬品工業株式会社,brand_owner,JP,present_forward,2023-07-14,2023-07,,none,,,プチプラ,0,0,0,https://prtimes.jp/main/html/rd/p/000000304.000000263.html
000000395.000028974,28974,株式会社桃谷順天館,株式会社桃谷順天館,brand_owner,JP,present_forward,2023-07-14,2023-07,foundation,makeup,,,プチプラ,0,0,0,https://prtimes.jp/main/html/rd/p/000000395.000028974.html
000000052.000064854,64854,P&Gプレステージ合同会社,P&Gプレステージ合同会社,brand_owner,global,core,2023-07-18,2023-07,,none,,SK-II,デパコス,0,0,0,https://prtimes.jp/main/html/rd/p/000000052.000064854.html
000000301.000000263,263,常盤薬品工業株式会社,常盤薬品工業株式会社,brand_owner,JP,present_forward,2023-07-18,2023-07,lash_brow|powder,makeup,,,プチプラ,0,0,1,https://prtimes.jp/main/html/rd/p/000000301.000000263.html
000000302.000000263,263,常盤薬品工業株式会社,常盤薬品工業株式会社,brand_owner,JP,present_forward,2023-07-18,2023-07,eye_makeup,makeup,,,プチプラ,0,0,1,https://prtimes.jp/main/html/rd/p/000000302.000000263.html
000000011.000105692,105692,アモーレパシフィックジャパン株式会社,アモーレパシフィックジャパン株式会社,brand_owner,KR,core,2023-07-19,2023-07,lipstick,makeup,,ラネージュ,ミドル,0,0,0,https://prtimes.jp/main/html/rd/p/000000011.000105692.html
000000058.000056098,56098,株式会社クリオ,株式会社クリオ,brand_owner,KR,core,2023-07-19,2023-07,eye_makeup|lipstick,makeup,,CLIO,ミドル,0,0,0,https://prtimes.jp/main/html/rd/p/000000058.000056098.html
000000124.000072864,72864,花王株式会社（Kao Beauty Brands）,花王株式会社,brand_owner,JP,present_forward,2023-07-20,2023-07,serum,skincare,,ソフィーナiP|SOFINA,ミドル,0,0,0,https://prtimes.jp/main/html/rd/p/000000124.000072864.html
000000090.000086691,86691,ユニリーバ・ジャパン・カスタマーマーケティング株式会社,ユニリーバ・ジャパン株式会社,brand_owner,global,core,2023-07-24,2023-07,,none,,LUX,プチプラ,0,0,0,https://prtimes.jp/main/html/rd/p/000000090.000086691.html
000000155.000019685,19685,株式会社 井田ラボラトリーズ,株式会社井田ラボラトリーズ,brand_owner,JP,core,2023-07-24,2023-07,blush|nail,makeup,,CANMAKE,プチプラ,0,0,0,https://prtimes.jp/main/html/rd/p/000000155.000019685.html
000000029.000096821,96821,VT COSMETICS,VT COSMETICS,brand_owner,KR,core,2023-07-25,2023-07,,none,ツボクサエキス,VT,プチプラ,0,0,1,https://prtimes.jp/main/html/rd/p/000000029.000096821.html
000000396.000028974,28974,株式会社桃谷順天館,株式会社桃谷順天館,brand_owner,JP,present_forward,2023-07-26,2023-07,cleansing,skincare,,,プチプラ,0,0,1,https://prtimes.jp/main/html/rd/p/000000396.000028974.html
000000056.000076505,76505,株式会社韓国高麗人蔘社,株式会社韓国高麗人蔘社,importer,KR,core,2023-07-27,2023-07,lash_brow,makeup,,rom&nd,プチプラ,0,0,0,https://prtimes.jp/main/html/rd/p/000000056.000076505.html
000000006.000119328,119328,アモーレパシフィックジャパン株式会社,アモーレパシフィックジャパン株式会社,brand_owner,KR,core,2023-07-28,2023-07,,none,,,デパコス,0,0,0,https://prtimes.jp/main/html/rd/p/000000006.000119328.html
000000054.000064854,64854,P&Gプレステージ合同会社,P&Gプレステージ合同会社,brand_owner,global,core,2023-07-28,2023-07,,none,,SK-II,デパコス,0,0,0,https://prtimes.jp/main/html/rd/p/000000054.000064854.html
000000005.000121730,121730,ＪＮＴＬコンシューマーヘルス株式会社,ケンビュー・ジャパン合同会社,brand_owner,global,core,2023-08-01,2023-08,body,other,ツボクサエキス,Neutrogena,プチプラ/ミドル,0,0,0,https://prtimes.jp/main/html/rd/p/000000005.000121730.html
000000243.000021350,21350,アモーレパシフィックジャパン株式会社,アモーレパシフィックジャパン株式会社,brand_owner,KR,core,2023-08-01,2023-08,lipstick,makeup,,エチュード,プチプラ,0,0,0,https://prtimes.jp/main/html/rd/p/000000243.000021350.html
000000305.000030413,30413,株式会社ディーエイチシー,株式会社ディーエイチシー,brand_owner,JP,core,2023-08-01,2023-08,lipstick,makeup,,DHC,プチプラ/ミドル,1,0,0,https://prtimes.jp/main/html/rd/p/000000305.000030413.html
000000080.000081704,81704,株式会社ファイントゥデイ,ファイントゥデイ株式会社,brand_owner,JP,core,2023-08-02,2023-08,,none,,TSUBAKI,プチプラ,0,0,1,https://prtimes.jp/main/html/rd/p/000000080.000081704.html
000000091.000086691,86691,ユニリーバ・ジャパン・カスタマーマーケティング株式会社,ユニリーバ・ジャパン株式会社,brand_owner,global,core,2023-08-03,2023-08,toner_lotion,skincare,ヒアルロン酸Na,,プチプラ,1,0,0,https://prtimes.jp/main/html/rd/p/000000091.000086691.html
000000305.000000263,263,常盤薬品工業株式会社,常盤薬品工業株式会社,brand_owner,JP,present_forward,2023-08-04,2023-08,base_makeup|powder|serum,makeup,,,プチプラ,0,1,0,https://prtimes.jp/main/html/rd/p/000000305.000000263.html
000000001.000127171,127171,株式会社Goodai Global Japan,株式会社Goodai Global Japan,importer,KR,core,2023-08-07,2023-08,serum|cream,skincare,,TIRTIR,プチプラ/ミドル,0,0,0,https://prtimes.jp/main/html/rd/p/000000001.000127171.html
000000080.000044623,44623,ELCジャパン合同会社　M・A・C事業部,ELCジャパン合同会社,brand_owner,global,core,2023-08-07,2023-08,,none,,M·A·C,デパコス,0,0,0,https://prtimes.jp/main/html/rd/p/000000080.000044623.html
000000306.000000263,263,常盤薬品工業株式会社,常盤薬品工業株式会社,brand_owner,JP,present_forward,2023-08-07,2023-08,eye_makeup,makeup,,,プチプラ,0,0,0,https://prtimes.jp/main/html/rd/p/000000306.000000263.html
000000307.000000263,263,常盤薬品工業株式会社,常盤薬品工業株式会社,brand_owner,JP,present_forward,2023-08-07,2023-08,,none,,,プチプラ,0,0,0,https://prtimes.jp/main/html/rd/p/000000307.000000263.html
000000465.000001572,1572,株式会社石澤研究所,株式会社石澤研究所,brand_owner,JP,core,2023-08-07,2023-08,face_wash,skincare,,毛穴撫子,プチプラ,0,0,0,https://prtimes.jp/main/html/rd/p/000000465.000001572.html
000000088.000006944,6944,ニベア花王株式会社,ニベア花王株式会社,brand_owner,global,core,2023-08-08,2023-08,toner_lotion|body,skincare,,,プチプラ/ミドル,0,0,0,https://prtimes.jp/main/html/rd/p/000000088.000006944.html
000000555.000002061,2061,オルビス株式会社,株式会社オルビス,brand_owner,JP,core,2023-08-08,2023-08,,none,,ORBIS,ミドル,0,0,0,https://prtimes.jp/main/html/rd/p/000000555.000002061.html
000000079.000044623,44623,ELCジャパン合同会社　M・A・C事業部,ELCジャパン合同会社,brand_owner,global,core,2023-08-09,2023-08,foundation,makeup,,M·A·C,デパコス,0,0,0,https://prtimes.jp/main/html/rd/p/000000079.000044623.html
000000030.000096821,96821,VT COSMETICS,VT COSMETICS,brand_owner,KR,core,2023-08-10,2023-08,,none,ツボクサエキス,VT,プチプラ,0,0,0,https://prtimes.jp/main/html/rd/p/000000030.000096821.html
000000068.000042040,42040,株式会社セザンヌ化粧品,セザンヌ化粧品株式会社,brand_owner,JP,core,2023-08-10,2023-08,lash_brow,makeup,,CEZANNE,プチプラ,0,0,0,https://prtimes.jp/main/html/rd/p/000000068.000042040.html
000000089.000006944,6944,ニベア花王株式会社,ニベア花王株式会社,brand_owner,global,core,2023-08-17,2023-08,cream,skincare,,NIVEA,プチプラ/ミドル,0,0,0,https://prtimes.jp/main/html/rd/p/000000089.000006944.html
000000552.000002061,2061,オルビス株式会社,株式会社オルビス,brand_owner,JP,core,2023-08-17,2023-08,,none,,ORBIS,ミドル,0,0,0,https://prtimes.jp/main/html/rd/p/000000552.000002061.html
000000093.000086691,86691,ユニリーバ・ジャパン・カスタマーマーケティング株式会社,ユニリーバ・ジャパン株式会社,brand_owner,global,core,2023-08-18,2023-08,hair,other,,LUX,プチプラ,0,0,0,https://prtimes.jp/main/html/rd/p/000000093.000086691.html
000000128.000072864,72864,花王株式会社（Kao Beauty Brands）,花王株式会社,brand_owner,JP,present_forward,2023-08-18,2023-08,foundation|serum,makeup,,,mixed,0,0,0,https://prtimes.jp/main/html/rd/p/000000128.000072864.html
000000056.000064854,64854,P&Gプレステージ合同会社,P&Gプレステージ合同会社,brand_owner,global,core,2023-08-21,2023-08,cream,skincare,,,デパコス,0,0,0,https://prtimes.jp/main/html/rd/p/000000056.000064854.html
000000472.000001572,1572,株式会社石澤研究所,株式会社石澤研究所,brand_owner,JP,core,2023-08-21,2023-08,body,other,,,プチプラ,0,0,0,https://prtimes.jp/main/html/rd/p/000000472.000001572.html
000000475.000001572,1572,株式会社石澤研究所,株式会社石澤研究所,brand_owner,JP,core,2023-08-21,2023-08,mask,skincare,,毛穴撫子,プチプラ,0,0,0,https://prtimes.jp/main/html/rd/p/000000475.000001572.html
000000561.000002061,2061,オルビス株式会社,株式会社オルビス,brand_owner,JP,core,2023-08-21,2023-08,,none,,ORBIS,ミドル,0,0,0,https://prtimes.jp/main/html/rd/p/000000561.000002061.html
000000310.000000263,263,常盤薬品工業株式会社,常盤薬品工業株式会社,brand_owner,JP,present_forward,2023-08-22,2023-08,all_in_one|serum|base_makeup,skincare,,,プチプラ,0,0,0,https://prtimes.jp/main/html/rd/p/000000310.000000263.html
000000058.000076505,76505,株式会社韓国高麗人蔘社,株式会社韓国高麗人蔘社,importer,KR,core,2023-08-23,2023-08,hair,other,,,,0,0,0,https://prtimes.jp/main/html/rd/p/000000058.000076505.html
000000156.000019685,19685,株式会社 井田ラボラトリーズ,株式会社井田ラボラトリーズ,brand_owner,JP,core,2023-08-23,2023-08,eye_makeup|lash_brow|powder,makeup,,CANMAKE,プチプラ,0,0,0,https://prtimes.jp/main/html/rd/p/000000156.000019685.html
000000157.000019685,19685,株式会社 井田ラボラトリーズ,株式会社井田ラボラトリーズ,brand_owner,JP,core,2023-08-23,2023-08,fragrance,other,,,プチプラ,0,0,0,https://prtimes.jp/main/html/rd/p/000000157.000019685.html
000000014.000090124,90124,ELCジャパン合同会社,ELCジャパン合同会社,brand_owner,global,core,2023-08-25,2023-08,fragrance,other,,ジョー マローン ロンドン,デパコス,0,0,0,https://prtimes.jp/main/html/rd/p/000000014.000090124.html
000000127.000072864,72864,花王株式会社（Kao Beauty Brands）,花王株式会社,brand_owner,JP,present_forward,2023-08-25,2023-08,serum|base_makeup,skincare,,,mixed,0,0,0,https://prtimes.jp/main/html/rd/p/000000127.000072864.html
000000131.000072864,72864,花王株式会社（Kao Beauty Brands）,花王株式会社,brand_owner,JP,present_forward,2023-08-25,2023-08,face_wash,skincare,,SOFINA,ミドル,0,0,0,https://prtimes.jp/main/html/rd/p/000000131.000072864.html
000000016.000090124,90124,ELCジャパン合同会社,ELCジャパン合同会社,brand_owner,global,core,2023-08-28,2023-08,,none,,ジョー マローン ロンドン,デパコス,0,0,0,https://prtimes.jp/main/html/rd/p/000000016.000090124.html
000000061.000056098,56098,株式会社クリオ,株式会社クリオ,brand_owner,KR,core,2023-08-30,2023-08,,none,,CLIO,ミドル,0,0,0,https://prtimes.jp/main/html/rd/p/000000061.000056098.html
000000315.000000263,263,常盤薬品工業株式会社,常盤薬品工業株式会社,brand_owner,JP,present_forward,2023-08-30,2023-08,,none,,,プチプラ,0,0,0,https://prtimes.jp/main/html/rd/p/000000315.000000263.html
000000060.000056098,56098,株式会社クリオ,株式会社クリオ,brand_owner,KR,core,2023-08-31,2023-08,serum,skincare,レチノール,,,0,0,0,https://prtimes.jp/main/html/rd/p/000000060.000056098.html
000000060.000076505,76505,株式会社韓国高麗人蔘社,株式会社韓国高麗人蔘社,importer,KR,core,2023-08-31,2023-08,lipstick,makeup,,rom&nd,プチプラ,0,0,0,https://prtimes.jp/main/html/rd/p/000000060.000076505.html
000000081.000044623,44623,ELCジャパン合同会社　M・A・C事業部,ELCジャパン合同会社,brand_owner,global,core,2023-08-31,2023-08,foundation|lipstick|serum,makeup,,M·A·C,デパコス,0,0,0,https://prtimes.jp/main/html/rd/p/000000081.000044623.html
000000130.000072864,72864,花王株式会社（Kao Beauty Brands）,花王株式会社,brand_owner,JP,present_forward,2023-09-01,2023-09,foundation|serum|hair,makeup,,,mixed,0,0,0,https://prtimes.jp/main/html/rd/p/000000130.000072864.html
000000399.000028974,28974,株式会社桃谷順天館,株式会社桃谷順天館,brand_owner,JP,present_forward,2023-09-01,2023-09,serum,skincare,アスコルビン酸,,プチプラ,0,0,0,https://prtimes.jp/main/html/rd/p/000000399.000028974.html
000000400.000028974,28974,株式会社桃谷順天館,株式会社桃谷順天館,brand_owner,JP,present_forward,2023-09-01,2023-09,serum,skincare,,,プチプラ,0,0,0,https://prtimes.jp/main/html/rd/p/000000400.000028974.html
000000313.000000263,263,常盤薬品工業株式会社,常盤薬品工業株式会社,brand_owner,JP,present_forward,2023-09-05,2023-09,,none,,,プチプラ,0,0,0,https://prtimes.jp/main/html/rd/p/000000313.000000263.html
000000132.000072864,72864,花王株式会社（Kao Beauty Brands）,花王株式会社,brand_owner,JP,present_forward,2023-09-07,2023-09,foundation,makeup,,,mixed,0,0,0,https://prtimes.jp/main/html/rd/p/000000132.000072864.html
000000134.000072864,72864,花王株式会社（Kao Beauty Brands）,花王株式会社,brand_owner,JP,present_forward,2023-09-07,2023-09,serum,skincare,,,mixed,1,0,0,https://prtimes.jp/main/html/rd/p/000000134.000072864.html
000000135.000072864,72864,花王株式会社（Kao Beauty Brands）,花王株式会社,brand_owner,JP,present_forward,2023-09-07,2023-09,,none,,,mixed,0,0,0,https://prtimes.jp/main/html/rd/p/000000135.000072864.html
000000136.000072864,72864,花王株式会社（Kao Beauty Brands）,花王株式会社,brand_owner,JP,present_forward,2023-09-08,2023-09,,none,,SOFINA,ミドル,0,0,0,https://prtimes.jp/main/html/rd/p/000000136.000072864.html
000000046.000046376,46376,株式会社コーセー（戦略ブランド事業部）,株式会社コーセー,brand_owner,JP,core,2023-09-11,2023-09,,none,,ADDICTION,デパコス,0,0,0,https://prtimes.jp/main/html/rd/p/000000046.000046376.html
000000096.000031376,31376,アモーレパシフィックジャパン株式会社,アモーレパシフィックジャパン株式会社,brand_owner,KR,core,2023-09-11,2023-09,,none,,イニスフリー,プチプラ/ミドル,0,0,0,https://prtimes.jp/main/html/rd/p/000000096.000031376.html
000000316.000000263,263,常盤薬品工業株式会社,常盤薬品工業株式会社,brand_owner,JP,present_forward,2023-09-12,2023-09,lash_brow,makeup,,,プチプラ,0,0,0,https://prtimes.jp/main/html/rd/p/000000316.000000263.html
000000317.000000263,263,常盤薬品工業株式会社,常盤薬品工業株式会社,brand_owner,JP,present_forward,2023-09-12,2023-09,lash_brow|powder,makeup,,,プチプラ,0,0,0,https://prtimes.jp/main/html/rd/p/000000317.000000263.html
000000012.000105692,105692,アモーレパシフィックジャパン株式会社,アモーレパシフィックジャパン株式会社,brand_owner,KR,core,2023-09-13,2023-09,toner_lotion|cream,skincare,ペプチド,ラネージュ,ミドル,0,0,0,https://prtimes.jp/main/html/rd/p/000000012.000105692.html
000000017.000090124,90124,ELCジャパン合同会社,ELCジャパン合同会社,brand_owner,global,core,2023-09-14,2023-09,fragrance,other,,ジョー マローン ロンドン,デパコス,0,0,0,https://prtimes.jp/main/html/rd/p/000000017.000090124.html
000000093.000006944,6944,ニベア花王株式会社,ニベア花王株式会社,brand_owner,global,core,2023-09-14,2023-09,cream,skincare,,,プチプラ/ミドル,0,0,0,https://prtimes.jp/main/html/rd/p/000000093.000006944.html
000000245.000021350,21350,アモーレパシフィックジャパン株式会社,アモーレパシフィックジャパン株式会社,brand_owner,KR,core,2023-09-14,2023-09,,none,,エチュード,プチプラ,0,0,0,https://prtimes.jp/main/html/rd/p/000000245.000021350.html
000000318.000000263,263,常盤薬品工業株式会社,常盤薬品工業株式会社,brand_owner,JP,present_forward,2023-09-15,2023-09,cleansing|face_wash|toner_lotion,skincare,,,プチプラ,0,1,0,https://prtimes.jp/main/html/rd/p/000000318.000000263.html
000000082.000044623,44623,ELCジャパン合同会社　M・A・C事業部,ELCジャパン合同会社,brand_owner,global,core,2023-09-19,2023-09,lipstick,makeup,,M·A·C,デパコス,0,0,0,https://prtimes.jp/main/html/rd/p/000000082.000044623.html
000000013.000105692,105692,アモーレパシフィックジャパン株式会社,アモーレパシフィックジャパン株式会社,brand_owner,KR,core,2023-09-20,2023-09,base_makeup,makeup,,ラネージュ,ミドル,0,1,0,https://prtimes.jp/main/html/rd/p/000000013.000105692.html
000000095.000086691,86691,ユニリーバ・ジャパン・カスタマーマーケティング株式会社,ユニリーバ・ジャパン株式会社,brand_owner,global,core,2023-09-20,2023-09,hair,other,,LUX,プチプラ,0,0,0,https://prtimes.jp/main/html/rd/p/000000095.000086691.html
000000246.000021350,21350,アモーレパシフィックジャパン株式会社,アモーレパシフィックジャパン株式会社,brand_owner,KR,core,2023-09-20,2023-09,eye_makeup|base_makeup,makeup,,エチュード,プチプラ,0,0,0,https://prtimes.jp/main/html/rd/p/000000246.000021350.html
000000562.000002061,2061,オルビス株式会社,株式会社オルビス,brand_owner,JP,core,2023-09-20,2023-09,serum,skincare,セラミド,ORBIS,ミドル,0,0,0,https://prtimes.jp/main/html/rd/p/000000562.000002061.html
000000097.000031376,31376,アモーレパシフィックジャパン株式会社,アモーレパシフィックジャパン株式会社,brand_owner,KR,core,2023-09-21,2023-09,,none,,イニスフリー,プチプラ/ミドル,0,0,0,https://prtimes.jp/main/html/rd/p/000000097.000031376.html
000000083.000044623,44623,ELCジャパン合同会社　M・A・C事業部,ELCジャパン合同会社,brand_owner,global,core,2023-09-22,2023-09,,none,,M·A·C,デパコス,0,0,0,https://prtimes.jp/main/html/rd/p/000000083.000044623.html
000000158.000019685,19685,株式会社 井田ラボラトリーズ,株式会社井田ラボラトリーズ,brand_owner,JP,core,2023-09-22,2023-09,powder|nail,makeup,,CANMAKE,プチプラ,0,0,0,https://prtimes.jp/main/html/rd/p/000000158.000019685.html
000000159.000019685,19685,株式会社 井田ラボラトリーズ,株式会社井田ラボラトリーズ,brand_owner,JP,core,2023-09-22,2023-09,serum|lipstick,skincare,,CANMAKE,プチプラ,0,0,0,https://prtimes.jp/main/html/rd/p/000000159.000019685.html
000000409.000028974,28974,株式会社桃谷順天館,株式会社桃谷順天館,brand_owner,JP,present_forward,2023-09-22,2023-09,,none,アスコルビン酸,,プチプラ,0,0,0,https://prtimes.jp/main/html/rd/p/000000409.000028974.html
000000247.000021350,21350,アモーレパシフィックジャパン株式会社,アモーレパシフィックジャパン株式会社,brand_owner,KR,core,2023-09-24,2023-09,,none,,エチュード,プチプラ,0,0,0,https://prtimes.jp/main/html/rd/p/000000247.000021350.html
000000492.000007954,7954,クラシエ株式会社（ホームプロダクツカンパニー）,クラシエ株式会社,brand_owner,JP,core,2023-09-26,2023-09,hair,other,,,プチプラ,0,0,0,https://prtimes.jp/main/html/rd/p/000000492.000007954.html
000000308.000030413,30413,株式会社ディーエイチシー,株式会社ディーエイチシー,brand_owner,JP,core,2023-09-28,2023-09,lip_balm,makeup,,DHC,プチプラ/ミドル,1,0,0,https://prtimes.jp/main/html/rd/p/000000308.000030413.html
000000410.000028974,28974,株式会社桃谷順天館,株式会社桃谷順天館,brand_owner,JP,present_forward,2023-09-29,2023-09,toner_lotion,skincare,,,プチプラ,0,0,1,https://prtimes.jp/main/html/rd/p/000000410.000028974.html
000000563.000002061,2061,オルビス株式会社,株式会社オルビス,brand_owner,JP,core,2023-09-29,2023-09,hair|serum,other,,ORBIS,ミドル,0,0,1,https://prtimes.jp/main/html/rd/p/000000563.000002061.html
000000014.000105692,105692,アモーレパシフィックジャパン株式会社,アモーレパシフィックジャパン株式会社,brand_owner,KR,core,2023-10-03,2023-10,lipstick,makeup,,ラネージュ,ミドル,0,0,0,https://prtimes.jp/main/html/rd/p/000000014.000105692.html
000000069.000042040,42040,株式会社セザンヌ化粧品,セザンヌ化粧品株式会社,brand_owner,JP,core,2023-10-03,2023-10,,none,,CEZANNE,プチプラ,0,0,0,https://prtimes.jp/main/html/rd/p/000000069.000042040.html
000000070.000042040,42040,株式会社セザンヌ化粧品,セザンヌ化粧品株式会社,brand_owner,JP,core,2023-10-03,2023-10,blush|base_makeup,makeup,,CEZANNE,プチプラ,0,0,0,https://prtimes.jp/main/html/rd/p/000000070.000042040.html
000000495.000007954,7954,クラシエ株式会社（ホームプロダクツカンパニー）,クラシエ株式会社,brand_owner,JP,core,2023-10-03,2023-10,hair,other,,,プチプラ,0,0,0,https://prtimes.jp/main/html/rd/p/000000495.000007954.html
000000140.000072864,72864,花王株式会社（Kao Beauty Brands）,花王株式会社,brand_owner,JP,present_forward,2023-10-05,2023-10,,none,,SOFINA,ミドル,0,0,0,https://prtimes.jp/main/html/rd/p/000000140.000072864.html
000000496.000007954,7954,クラシエ株式会社（ホームプロダクツカンパニー）,クラシエ株式会社,brand_owner,JP,core,2023-10-05,2023-10,hair,other,,,プチプラ,0,0,0,https://prtimes.jp/main/html/rd/p/000000496.000007954.html
000000568.000002061,2061,オルビス株式会社,株式会社オルビス,brand_owner,JP,core,2023-10-05,2023-10,,none,,ORBIS,ミドル,0,0,0,https://prtimes.jp/main/html/rd/p/000000568.000002061.html
000000075.000004359,4359,ELCジャパン合同会社,ELCジャパン合同会社,brand_owner,global,core,2023-10-06,2023-10,lipstick,makeup,,,デパコス,0,0,0,https://prtimes.jp/main/html/rd/p/000000075.000004359.html
000000097.000086691,86691,ユニリーバ・ジャパン・カスタマーマーケティング株式会社,ユニリーバ・ジャパン株式会社,brand_owner,global,core,2023-10-06,2023-10,,none,,LUX,プチプラ,0,0,1,https://prtimes.jp/main/html/rd/p/000000097.000086691.html
000000141.000072864,72864,花王株式会社（Kao Beauty Brands）,花王株式会社,brand_owner,JP,present_forward,2023-10-06,2023-10,cleansing,skincare,,SOFINA,ミドル,0,0,0,https://prtimes.jp/main/html/rd/p/000000141.000072864.html
000000018.000090124,90124,ELCジャパン合同会社,ELCジャパン合同会社,brand_owner,global,core,2023-10-10,2023-10,,none,,ジョー マローン ロンドン,デパコス,0,0,0,https://prtimes.jp/main/html/rd/p/000000018.000090124.html
000000048.000018737,18737,ELCジャパン合同会社,ELCジャパン合同会社,brand_owner,global,core,2023-10-11,2023-10,,none,,エスティ ローダー,デパコス,0,0,0,https://prtimes.jp/main/html/rd/p/000000048.000018737.html
000000142.000072864,72864,花王株式会社（Kao Beauty Brands）,花王株式会社,brand_owner,JP,present_forward,2023-10-11,2023-10,,none,,キュレル,ミドル,0,0,0,https://prtimes.jp/main/html/rd/p/000000142.000072864.html
000000500.000007954,7954,クラシエ株式会社（ホームプロダクツカンパニー）,クラシエ株式会社,brand_owner,JP,core,2023-10-11,2023-10,body,other,,,プチプラ,1,0,0,https://prtimes.jp/main/html/rd/p/000000500.000007954.html
000000064.000076505,76505,株式会社韓国高麗人蔘社,株式会社韓国高麗人蔘社,importer,KR,core,2023-10-12,2023-10,,none,,rom&nd,プチプラ,0,0,0,https://prtimes.jp/main/html/rd/p/000000064.000076505.html
000000413.000028974,28974,株式会社桃谷順天館,株式会社桃谷順天館,brand_owner,JP,present_forward,2023-10-12,2023-10,cream,skincare,,,プチプラ,0,0,0,https://prtimes.jp/main/html/rd/p/000000413.000028974.html
000000034.000096821,96821,VT COSMETICS,VT COSMETICS,brand_owner,KR,core,2023-10-17,2023-10,,none,ツボクサエキス,VT,プチプラ,0,0,0,https://prtimes.jp/main/html/rd/p/000000034.000096821.html
000000321.000000263,263,常盤薬品工業株式会社,常盤薬品工業株式会社,brand_owner,JP,present_forward,2023-10-17,2023-10,lipstick,makeup,,,プチプラ,0,0,0,https://prtimes.jp/main/html/rd/p/000000321.000000263.html
000000322.000000263,263,常盤薬品工業株式会社,常盤薬品工業株式会社,brand_owner,JP,present_forward,2023-10-17,2023-10,eye_makeup,makeup,,,プチプラ,0,1,0,https://prtimes.jp/main/html/rd/p/000000322.000000263.html
000000476.000001572,1572,株式会社石澤研究所,株式会社石澤研究所,brand_owner,JP,core,2023-10-18,2023-10,hair,other,加水分解コラーゲン,,プチプラ,0,0,0,https://prtimes.jp/main/html/rd/p/000000476.000001572.html
000000566.000002061,2061,オルビス株式会社,株式会社オルビス,brand_owner,JP,core,2023-10-19,2023-10,serum,skincare,,ORBIS,ミドル,0,0,1,https://prtimes.jp/main/html/rd/p/000000566.000002061.html
000000567.000002061,2061,オルビス株式会社,株式会社オルビス,brand_owner,JP,core,2023-10-19,2023-10,toner_lotion|serum,skincare,,ORBIS,ミドル,0,0,0,https://prtimes.jp/main/html/rd/p/000000567.000002061.html
000000569.000002061,2061,オルビス株式会社,株式会社オルビス,brand_owner,JP,core,2023-10-19,2023-10,serum,skincare,,ORBIS,ミドル,1,0,0,https://prtimes.jp/main/html/rd/p/000000569.000002061.html
000000161.000019685,19685,株式会社 井田ラボラトリーズ,株式会社井田ラボラトリーズ,brand_owner,JP,core,2023-10-23,2023-10,body|fragrance,other,,,プチプラ,0,0,0,https://prtimes.jp/main/html/rd/p/000000161.000019685.html
000000162.000019685,19685,株式会社 井田ラボラトリーズ,株式会社井田ラボラトリーズ,brand_owner,JP,core,2023-10-23,2023-10,powder|lash_brow,makeup,,CANMAKE,プチプラ,0,0,1,https://prtimes.jp/main/html/rd/p/000000162.000019685.html
000000479.000001572,1572,株式会社石澤研究所,株式会社石澤研究所,brand_owner,JP,core,2023-10-23,2023-10,,none,,毛穴撫子,プチプラ,0,0,0,https://prtimes.jp/main/html/rd/p/000000479.000001572.html
000000015.000105692,105692,アモーレパシフィックジャパン株式会社,アモーレパシフィックジャパン株式会社,brand_owner,KR,core,2023-10-25,2023-10,,none,,ラネージュ,ミドル,0,0,0,https://prtimes.jp/main/html/rd/p/000000015.000105692.html
000000069.000024471,24471,日本ロレアル株式会社　タカミ事業部,日本ロレアル株式会社,brand_owner,global,core,2023-10-30,2023-10,,none,,タカミ,ミドル,0,1,0,https://prtimes.jp/main/html/rd/p/000000069.000024471.html
000000062.000056098,56098,株式会社クリオ,株式会社クリオ,brand_owner,KR,core,2023-10-31,2023-10,,none,,CLIO,ミドル,0,0,0,https://prtimes.jp/main/html/rd/p/000000062.000056098.html
000000099.000031376,31376,アモーレパシフィックジャパン株式会社,アモーレパシフィックジャパン株式会社,brand_owner,KR,core,2023-11-01,2023-11,cream,skincare,加水分解コラーゲン|セラミド,イニスフリー,プチプラ/ミドル,0,0,0,https://prtimes.jp/main/html/rd/p/000000099.000031376.html
000000414.000028974,28974,株式会社桃谷順天館,株式会社桃谷順天館,brand_owner,JP,present_forward,2023-11-01,2023-11,eye_makeup,makeup,,,プチプラ,0,0,0,https://prtimes.jp/main/html/rd/p/000000414.000028974.html
000000480.000001572,1572,株式会社石澤研究所,株式会社石澤研究所,brand_owner,JP,core,2023-11-01,2023-11,,none,,,プチプラ,0,0,0,https://prtimes.jp/main/html/rd/p/000000480.000001572.html
000000421.000014810,14810,パルファン・クリスチャン・ディオール・ジャポン株式会社,パルファン・クリスチャン・ディオール・ジャポン株式会社,brand_owner,global,present_forward,2023-11-02,2023-11,,none,,Dior,デパコス,0,0,0,https://prtimes.jp/main/html/rd/p/000000421.000014810.html
000000065.000076505,76505,株式会社韓国高麗人蔘社,株式会社韓国高麗人蔘社,importer,KR,core,2023-11-06,2023-11,lipstick,makeup,,rom&nd,プチプラ,0,0,0,https://prtimes.jp/main/html/rd/p/000000065.000076505.html
000000094.000081704,81704,株式会社ファイントゥデイ,ファイントゥデイ株式会社,brand_owner,JP,core,2023-11-07,2023-11,hair,other,,TSUBAKI,プチプラ,0,0,0,https://prtimes.jp/main/html/rd/p/000000094.000081704.html
000000143.000072864,72864,花王株式会社（Kao Beauty Brands）,花王株式会社,brand_owner,JP,present_forward,2023-11-07,2023-11,foundation,makeup,,,mixed,0,0,0,https://prtimes.jp/main/html/rd/p/000000143.000072864.html
000000323.000000263,263,常盤薬品工業株式会社,常盤薬品工業株式会社,brand_owner,JP,present_forward,2023-11-07,2023-11,nail|base_makeup,makeup,,,プチプラ,0,0,0,https://prtimes.jp/main/html/rd/p/000000323.000000263.html
000000324.000000263,263,常盤薬品工業株式会社,常盤薬品工業株式会社,brand_owner,JP,present_forward,2023-11-07,2023-11,powder,makeup,,,プチプラ,0,0,0,https://prtimes.jp/main/html/rd/p/000000324.000000263.html
000000325.000000263,263,常盤薬品工業株式会社,常盤薬品工業株式会社,brand_owner,JP,present_forward,2023-11-07,2023-11,nail,makeup,,,プチプラ,0,0,0,https://prtimes.jp/main/html/rd/p/000000325.000000263.html
000000002.000127171,127171,株式会社Goodai Global Japan,株式会社Goodai Global Japan,importer,KR,core,2023-11-08,2023-11,base_makeup,makeup,,TIRTIR,プチプラ/ミドル,0,0,0,https://prtimes.jp/main/html/rd/p/000000002.000127171.html
000000095.000081704,81704,株式会社ファイントゥデイ,ファイントゥデイ株式会社,brand_owner,JP,core,2023-11-08,2023-11,,none,,SENKA,プチプラ,0,0,0,https://prtimes.jp/main/html/rd/p/000000095.000081704.html
000000146.000072864,72864,花王株式会社（Kao Beauty Brands）,花王株式会社,brand_owner,JP,present_forward,2023-11-10,2023-11,serum|lipstick,skincare,,SOFINA,ミドル,0,0,0,https://prtimes.jp/main/html/rd/p/000000146.000072864.html
000000327.000000263,263,常盤薬品工業株式会社,常盤薬品工業株式会社,brand_owner,JP,present_forward,2023-11-10,2023-11,,none,,なめらか本舗,プチプラ,0,0,0,https://prtimes.jp/main/html/rd/p/000000327.000000263.html
000000070.000024471,24471,日本ロレアル株式会社　タカミ事業部,日本ロレアル株式会社,brand_owner,global,core,2023-11-13,2023-11,,none,,タカミ,ミドル,0,0,1,https://prtimes.jp/main/html/rd/p/000000070.000024471.html
000000248.000021350,21350,アモーレパシフィックジャパン株式会社,アモーレパシフィックジャパン株式会社,brand_owner,KR,core,2023-11-17,2023-11,lipstick,makeup,,エチュード,プチプラ,0,0,0,https://prtimes.jp/main/html/rd/p/000000248.000021350.html
000000009.000035071,35071,株式会社BENOW JAPAN,株式会社BENOW JAPAN,importer,KR,core,2023-11-20,2023-11,serum,skincare,,numbuzin,ミドル,0,0,0,https://prtimes.jp/main/html/rd/p/000000009.000035071.html
000000037.000096821,96821,VT COSMETICS,VT COSMETICS,brand_owner,KR,core,2023-11-20,2023-11,,none,,VT,プチプラ,0,0,0,https://prtimes.jp/main/html/rd/p/000000037.000096821.html
000000249.000021350,21350,アモーレパシフィックジャパン株式会社,アモーレパシフィックジャパン株式会社,brand_owner,KR,core,2023-11-20,2023-11,,none,,エチュード,プチプラ,0,0,0,https://prtimes.jp/main/html/rd/p/000000249.000021350.html
000000003.000127171,127171,株式会社Goodai Global Japan,株式会社Goodai Global Japan,importer,KR,core,2023-11-21,2023-11,foundation,makeup,,TIRTIR,プチプラ/ミドル,0,0,0,https://prtimes.jp/main/html/rd/p/000000003.000127171.html
000000009.000108700,108700,株式会社APRJP,株式会社APRJP,brand_owner,KR,core,2023-11-21,2023-11,,none,,medicube,ミドル,0,0,0,https://prtimes.jp/main/html/rd/p/000000009.000108700.html
000000066.000076505,76505,株式会社韓国高麗人蔘社,株式会社韓国高麗人蔘社,importer,KR,core,2023-11-21,2023-11,hair,other,,,,0,0,0,https://prtimes.jp/main/html/rd/p/000000066.000076505.html
000000329.000000263,263,常盤薬品工業株式会社,常盤薬品工業株式会社,brand_owner,JP,present_forward,2023-11-21,2023-11,lash_brow,makeup,,,プチプラ,0,0,0,https://prtimes.jp/main/html/rd/p/000000329.000000263.html
000000570.000002061,2061,オルビス株式会社,株式会社オルビス,brand_owner,JP,core,2023-11-21,2023-11,cleansing|cream,skincare,,ORBIS,ミドル,0,0,0,https://prtimes.jp/main/html/rd/p/000000570.000002061.html
000000571.000002061,2061,オルビス株式会社,株式会社オルビス,brand_owner,JP,core,2023-11-21,2023-11,cleansing|cream|toner_lotion|serum,skincare,,ORBIS,ミドル,0,0,0,https://prtimes.jp/main/html/rd/p/000000571.000002061.html
000000163.000019685,19685,株式会社 井田ラボラトリーズ,株式会社井田ラボラトリーズ,brand_owner,JP,core,2023-11-22,2023-11,blush,makeup,,CANMAKE,プチプラ,0,0,0,https://prtimes.jp/main/html/rd/p/000000163.000019685.html
000000164.000019685,19685,株式会社 井田ラボラトリーズ,株式会社井田ラボラトリーズ,brand_owner,JP,core,2023-11-22,2023-11,eye_makeup,makeup,,CANMAKE,プチプラ,0,0,0,https://prtimes.jp/main/html/rd/p/000000164.000019685.html
000000094.000006944,6944,ニベア花王株式会社,ニベア花王株式会社,brand_owner,global,core,2023-11-24,2023-11,serum|sunscreen,skincare,,NIVEA,プチプラ/ミドル,0,0,0,https://prtimes.jp/main/html/rd/p/000000094.000006944.html
000000150.000072864,72864,花王株式会社（Kao Beauty Brands）,花王株式会社,brand_owner,JP,present_forward,2023-11-24,2023-11,,none,,,mixed,0,0,0,https://prtimes.jp/main/html/rd/p/000000150.000072864.html
000000403.000028974,28974,株式会社桃谷順天館,株式会社桃谷順天館,brand_owner,JP,present_forward,2023-11-24,2023-11,cream,skincare,,,プチプラ,0,0,0,https://prtimes.jp/main/html/rd/p/000000403.000028974.html
000000504.000036737,36737,株式会社ポーラ,株式会社ポーラ,brand_owner,JP,core,2023-11-27,2023-11,serum,skincare,,POLA,デパコス,0,0,0,https://prtimes.jp/main/html/rd/p/000000504.000036737.html
000000067.000076505,76505,株式会社韓国高麗人蔘社,株式会社韓国高麗人蔘社,importer,KR,core,2023-11-28,2023-11,lipstick|base_makeup,makeup,,rom&nd,プチプラ,0,0,0,https://prtimes.jp/main/html/rd/p/000000067.000076505.html
000000331.000000263,263,常盤薬品工業株式会社,常盤薬品工業株式会社,brand_owner,JP,present_forward,2023-11-28,2023-11,toner_lotion|serum|emulsion,skincare,,なめらか本舗,プチプラ,1,0,0,https://prtimes.jp/main/html/rd/p/000000331.000000263.html
000000332.000000263,263,常盤薬品工業株式会社,常盤薬品工業株式会社,brand_owner,JP,present_forward,2023-11-28,2023-11,toner_lotion,skincare,,なめらか本舗,プチプラ,0,0,0,https://prtimes.jp/main/html/rd/p/000000332.000000263.html
000000063.000056098,56098,株式会社クリオ,株式会社クリオ,brand_owner,KR,core,2023-11-30,2023-11,,none,,CLIO,ミドル,0,0,0,https://prtimes.jp/main/html/rd/p/000000063.000056098.html
000000068.000076505,76505,株式会社韓国高麗人蔘社,株式会社韓国高麗人蔘社,importer,KR,core,2023-11-30,2023-11,,none,,rom&nd,プチプラ,0,0,0,https://prtimes.jp/main/html/rd/p/000000068.000076505.html
000000077.000004359,4359,ELCジャパン合同会社,ELCジャパン合同会社,brand_owner,global,core,2023-12-01,2023-12,,none,,クリニーク,デパコス,0,0,0,https://prtimes.jp/main/html/rd/p/000000077.000004359.html
000000576.000002061,2061,オルビス株式会社,株式会社オルビス,brand_owner,JP,core,2023-12-01,2023-12,,none,,ORBIS,ミドル,0,0,0,https://prtimes.jp/main/html/rd/p/000000576.000002061.html
000000893.000006496,6496,株式会社マンダム,株式会社マンダム,brand_owner,JP,present_forward,2023-12-01,2023-12,face_wash,skincare,,ビフェスタ,プチプラ,0,0,0,https://prtimes.jp/main/html/rd/p/000000893.000006496.html
000000069.000076505,76505,株式会社韓国高麗人蔘社,株式会社韓国高麗人蔘社,importer,KR,core,2023-12-04,2023-12,,none,,rom&nd,プチプラ,0,0,0,https://prtimes.jp/main/html/rd/p/000000069.000076505.html
000000102.000086691,86691,ユニリーバ・ジャパン・カスタマーマーケティング株式会社,ユニリーバ・ジャパン株式会社,brand_owner,global,core,2023-12-04,2023-12,,none,,LUX,プチプラ,0,0,0,https://prtimes.jp/main/html/rd/p/000000102.000086691.html
000000018.000077831,77831,株式会社mimi-Japan,株式会社mimi-Japan,importer,CN,core,2023-12-05,2023-12,,none,,,,0,0,0,https://prtimes.jp/main/html/rd/p/000000018.000077831.html
000000510.000007954,7954,クラシエ株式会社（ホームプロダクツカンパニー）,クラシエ株式会社,brand_owner,JP,core,2023-12-05,2023-12,body,other,,,プチプラ,0,0,0,https://prtimes.jp/main/html/rd/p/000000510.000007954.html
000000894.000006496,6496,株式会社マンダム,株式会社マンダム,brand_owner,JP,present_forward,2023-12-05,2023-12,,none,,,プチプラ,0,0,0,https://prtimes.jp/main/html/rd/p/000000894.000006496.html
000000334.000000263,263,常盤薬品工業株式会社,常盤薬品工業株式会社,brand_owner,JP,present_forward,2023-12-07,2023-12,,none,,,プチプラ,0,0,0,https://prtimes.jp/main/html/rd/p/000000334.000000263.html
000000577.000002061,2061,オルビス株式会社,株式会社オルビス,brand_owner,JP,core,2023-12-07,2023-12,,none,,ORBIS,ミドル,0,0,0,https://prtimes.jp/main/html/rd/p/000000577.000002061.html
000000085.000044623,44623,ELCジャパン合同会社　M・A・C事業部,ELCジャパン合同会社,brand_owner,global,core,2023-12-08,2023-12,lipstick,makeup,,M·A·C,デパコス,0,0,0,https://prtimes.jp/main/html/rd/p/000000085.000044623.html
000000103.000086691,86691,ユニリーバ・ジャパン・カスタマーマーケティング株式会社,ユニリーバ・ジャパン株式会社,brand_owner,global,core,2023-12-08,2023-12,body,other,,LUX,プチプラ,0,0,0,https://prtimes.jp/main/html/rd/p/000000103.000086691.html
000000101.000031376,31376,アモーレパシフィックジャパン株式会社,アモーレパシフィックジャパン株式会社,brand_owner,KR,core,2023-12-12,2023-12,serum,skincare,レチノール|ツボクサエキス,イニスフリー,プチプラ/ミドル,0,0,0,https://prtimes.jp/main/html/rd/p/000000101.000031376.html
000000333.000000263,263,常盤薬品工業株式会社,常盤薬品工業株式会社,brand_owner,JP,present_forward,2023-12-12,2023-12,eye_makeup,makeup,,,プチプラ,0,0,0,https://prtimes.jp/main/html/rd/p/000000333.000000263.html
000000022.000090124,90124,ELCジャパン合同会社,ELCジャパン合同会社,brand_owner,global,core,2023-12-13,2023-12,,none,,ジョー マローン ロンドン,デパコス,0,0,0,https://prtimes.jp/main/html/rd/p/000000022.000090124.html
000000152.000072864,72864,花王株式会社（Kao Beauty Brands）,花王株式会社,brand_owner,JP,present_forward,2023-12-14,2023-12,face_wash,skincare,,est,デパコス,0,0,0,https://prtimes.jp/main/html/rd/p/000000152.000072864.html
000000514.000007954,7954,クラシエ株式会社（ホームプロダクツカンパニー）,クラシエ株式会社,brand_owner,JP,core,2023-12-14,2023-12,body,other,,,プチプラ,0,0,0,https://prtimes.jp/main/html/rd/p/000000514.000007954.html
000000250.000021350,21350,アモーレパシフィックジャパン株式会社,アモーレパシフィックジャパン株式会社,brand_owner,KR,core,2023-12-15,2023-12,,none,,エチュード,プチプラ,0,0,1,https://prtimes.jp/main/html/rd/p/000000250.000021350.html
000000086.000044623,44623,ELCジャパン合同会社　M・A・C事業部,ELCジャパン合同会社,brand_owner,global,core,2023-12-19,2023-12,cleansing|serum,skincare,,M·A·C,デパコス,0,0,0,https://prtimes.jp/main/html/rd/p/000000086.000044623.html
000000426.000014810,14810,パルファン・クリスチャン・ディオール・ジャポン株式会社,パルファン・クリスチャン・ディオール・ジャポン株式会社,brand_owner,global,present_forward,2023-12-20,2023-12,,none,,Dior,デパコス,0,0,0,https://prtimes.jp/main/html/rd/p/000000426.000014810.html
000000071.000042040,42040,株式会社セザンヌ化粧品,セザンヌ化粧品株式会社,brand_owner,JP,core,2023-12-21,2023-12,lipstick,makeup,,CEZANNE,プチプラ,0,0,0,https://prtimes.jp/main/html/rd/p/000000071.000042040.html
000000072.000042040,42040,株式会社セザンヌ化粧品,セザンヌ化粧品株式会社,brand_owner,JP,core,2023-12-21,2023-12,eye_makeup,makeup,,CEZANNE,プチプラ,0,0,0,https://prtimes.jp/main/html/rd/p/000000072.000042040.html
000000251.000021350,21350,アモーレパシフィックジャパン株式会社,アモーレパシフィックジャパン株式会社,brand_owner,KR,core,2023-12-21,2023-12,,none,,エチュード,プチプラ,0,0,0,https://prtimes.jp/main/html/rd/p/000000251.000021350.html
000000427.000014810,14810,パルファン・クリスチャン・ディオール・ジャポン株式会社,パルファン・クリスチャン・ディオール・ジャポン株式会社,brand_owner,global,present_forward,2023-12-21,2023-12,fragrance,other,,Dior,デパコス,0,0,0,https://prtimes.jp/main/html/rd/p/000000427.000014810.html
000000166.000019685,19685,株式会社 井田ラボラトリーズ,株式会社井田ラボラトリーズ,brand_owner,JP,core,2023-12-22,2023-12,lipstick,makeup,,CANMAKE,プチプラ,0,0,0,https://prtimes.jp/main/html/rd/p/000000166.000019685.html
000000167.000019685,19685,株式会社 井田ラボラトリーズ,株式会社井田ラボラトリーズ,brand_owner,JP,core,2023-12-22,2023-12,fragrance|nail,other,,,プチプラ,0,0,0,https://prtimes.jp/main/html/rd/p/000000167.000019685.html
000000578.000002061,2061,オルビス株式会社,株式会社オルビス,brand_owner,JP,core,2023-12-22,2023-12,,none,,ORBIS,ミドル,0,0,0,https://prtimes.jp/main/html/rd/p/000000578.000002061.html
000000425.000014810,14810,パルファン・クリスチャン・ディオール・ジャポン株式会社,パルファン・クリスチャン・ディオール・ジャポン株式会社,brand_owner,global,present_forward,2023-12-25,2023-12,lipstick,makeup,,Dior,デパコス,0,0,0,https://prtimes.jp/main/html/rd/p/000000425.000014810.html
000000024.000090124,90124,ELCジャパン合同会社,ELCジャパン合同会社,brand_owner,global,core,2023-12-26,2023-12,,none,,ジョー マローン ロンドン,デパコス,0,0,0,https://prtimes.jp/main/html/rd/p/000000024.000090124.html
000000079.000004359,4359,ELCジャパン合同会社,ELCジャパン合同会社,brand_owner,global,core,2023-12-26,2023-12,cream,skincare,加水分解コラーゲン,クリニーク,デパコス,0,0,0,https://prtimes.jp/main/html/rd/p/000000079.000004359.html
000000070.000076505,76505,株式会社韓国高麗人蔘社,株式会社韓国高麗人蔘社,importer,KR,core,2023-12-27,2023-12,,none,,,,0,0,0,https://prtimes.jp/main/html/rd/p/000000070.000076505.html
000000087.000044623,44623,ELCジャパン合同会社　M・A・C事業部,ELCジャパン合同会社,brand_owner,global,core,2023-12-27,2023-12,lipstick,makeup,,M·A·C,デパコス,0,0,0,https://prtimes.jp/main/html/rd/p/000000087.000044623.html
000000064.000056098,56098,株式会社クリオ,株式会社クリオ,brand_owner,KR,core,2024-01-01,2024-01,base_makeup|eye_makeup,makeup,,CLIO,ミドル,0,0,0,https://prtimes.jp/main/html/rd/p/000000064.000056098.html
000000071.000076505,76505,株式会社韓国高麗人蔘社,株式会社韓国高麗人蔘社,importer,KR,core,2024-01-04,2024-01,lipstick,makeup,,rom&nd,プチプラ,0,0,0,https://prtimes.jp/main/html/rd/p/000000071.000076505.html
000000025.000090124,90124,ELCジャパン合同会社,ELCジャパン合同会社,brand_owner,global,core,2024-01-05,2024-01,,none,,ジョー マローン ロンドン,デパコス,0,0,0,https://prtimes.jp/main/html/rd/p/000000025.000090124.html
000000074.000042040,42040,株式会社セザンヌ化粧品,セザンヌ化粧品株式会社,brand_owner,JP,core,2024-01-09,2024-01,,none,,CEZANNE,プチプラ,0,0,0,https://prtimes.jp/main/html/rd/p/000000074.000042040.html
000000428.000014810,14810,パルファン・クリスチャン・ディオール・ジャポン株式会社,パルファン・クリスチャン・ディオール・ジャポン株式会社,brand_owner,global,present_forward,2024-01-09,2024-01,serum,skincare,ヒアルロン酸Na,,デパコス,0,0,0,https://prtimes.jp/main/html/rd/p/000000428.000014810.html
000000019.000077831,77831,株式会社mimi-Japan,株式会社mimi-Japan,importer,CN,core,2024-01-10,2024-01,,none,,,,0,0,0,https://prtimes.jp/main/html/rd/p/000000019.000077831.html
000000101.000081704,81704,株式会社ファイントゥデイ,ファイントゥデイ株式会社,brand_owner,JP,core,2024-01-10,2024-01,hair,other,,,プチプラ,0,0,0,https://prtimes.jp/main/html/rd/p/000000101.000081704.html
000000515.000007954,7954,クラシエ株式会社（ホームプロダクツカンパニー）,クラシエ株式会社,brand_owner,JP,core,2024-01-10,2024-01,body,other,,,プチプラ,0,0,0,https://prtimes.jp/main/html/rd/p/000000515.000007954.html
000000896.000006496,6496,株式会社マンダム,株式会社マンダム,brand_owner,JP,present_forward,2024-01-10,2024-01,hair,other,,,プチプラ,0,0,0,https://prtimes.jp/main/html/rd/p/000000896.000006496.html
000000075.000042040,42040,株式会社セザンヌ化粧品,セザンヌ化粧品株式会社,brand_owner,JP,core,2024-01-11,2024-01,lash_brow,makeup,,CEZANNE,プチプラ,0,0,0,https://prtimes.jp/main/html/rd/p/000000075.000042040.html
000000098.000006944,6944,ニベア花王株式会社,ニベア花王株式会社,brand_owner,global,core,2024-01-11,2024-01,powder,makeup,,,プチプラ/ミドル,0,0,0,https://prtimes.jp/main/html/rd/p/000000098.000006944.html
000000010.000035071,35071,株式会社BENOW JAPAN,株式会社BENOW JAPAN,importer,KR,core,2024-01-15,2024-01,mask,skincare,グルタチオン,numbuzin,ミドル,0,0,0,https://prtimes.jp/main/html/rd/p/000000010.000035071.html
000000020.000077831,77831,株式会社mimi-Japan,株式会社mimi-Japan,importer,CN,core,2024-01-15,2024-01,lash_brow,makeup,,Judydoll,プチプラ/ミドル,0,0,0,https://prtimes.jp/main/html/rd/p/000000020.000077831.html
000000039.000096821,96821,VT COSMETICS,VT COSMETICS,brand_owner,KR,core,2024-01-16,2024-01,,none,ツボクサエキス,VT,プチプラ,0,0,0,https://prtimes.jp/main/html/rd/p/000000039.000096821.html
000000336.000000263,263,常盤薬品工業株式会社,常盤薬品工業株式会社,brand_owner,JP,present_forward,2024-01-16,2024-01,cream,skincare,,,プチプラ,0,0,0,https://prtimes.jp/main/html/rd/p/000000336.000000263.html
000000517.000007954,7954,クラシエ株式会社（ホームプロダクツカンパニー）,クラシエ株式会社,brand_owner,JP,core,2024-01-16,2024-01,hair|lipstick,other,,,プチプラ,0,0,0,https://prtimes.jp/main/html/rd/p/000000517.000007954.html
000000486.000001572,1572,株式会社石澤研究所,株式会社石澤研究所,brand_owner,JP,core,2024-01-17,2024-01,cream,skincare,,,プチプラ,0,0,0,https://prtimes.jp/main/html/rd/p/000000486.000001572.html
000000172.000019685,19685,株式会社 井田ラボラトリーズ,株式会社井田ラボラトリーズ,brand_owner,JP,core,2024-01-22,2024-01,lipstick,makeup,,CANMAKE,プチプラ,0,0,0,https://prtimes.jp/main/html/rd/p/000000172.000019685.html
000000173.000019685,19685,株式会社 井田ラボラトリーズ,株式会社井田ラボラトリーズ,brand_owner,JP,core,2024-01-22,2024-01,concealer|lash_brow,makeup,,CANMAKE,プチプラ,0,0,0,https://prtimes.jp/main/html/rd/p/000000173.000019685.html
000000433.000014810,14810,パルファン・クリスチャン・ディオール・ジャポン株式会社,パルファン・クリスチャン・ディオール・ジャポン株式会社,brand_owner,global,present_forward,2024-01-22,2024-01,,none,,Dior,デパコス,0,0,0,https://prtimes.jp/main/html/rd/p/000000433.000014810.html
000000103.000081704,81704,株式会社ファイントゥデイ,ファイントゥデイ株式会社,brand_owner,JP,core,2024-01-24,2024-01,,none,,TSUBAKI,プチプラ,0,0,0,https://prtimes.jp/main/html/rd/p/000000103.000081704.html
000000431.000014810,14810,パルファン・クリスチャン・ディオール・ジャポン株式会社,パルファン・クリスチャン・ディオール・ジャポン株式会社,brand_owner,global,present_forward,2024-01-24,2024-01,,none,,Dior,デパコス,0,0,0,https://prtimes.jp/main/html/rd/p/000000431.000014810.html
000000434.000014810,14810,パルファン・クリスチャン・ディオール・ジャポン株式会社,パルファン・クリスチャン・ディオール・ジャポン株式会社,brand_owner,global,present_forward,2024-01-24,2024-01,lipstick,makeup,,Dior,デパコス,0,0,0,https://prtimes.jp/main/html/rd/p/000000434.000014810.html
000000078.000042040,42040,株式会社セザンヌ化粧品,セザンヌ化粧品株式会社,brand_owner,JP,core,2024-01-25,2024-01,eye_makeup,makeup,,CEZANNE,プチプラ,0,0,0,https://prtimes.jp/main/html/rd/p/000000078.000042040.html
000000436.000014810,14810,パルファン・クリスチャン・ディオール・ジャポン株式会社,パルファン・クリスチャン・ディオール・ジャポン株式会社,brand_owner,global,present_forward,2024-01-25,2024-01,,none,,Dior,デパコス,0,0,0,https://prtimes.jp/main/html/rd/p/000000436.000014810.html
000000519.000007954,7954,クラシエ株式会社（ホームプロダクツカンパニー）,クラシエ株式会社,brand_owner,JP,core,2024-01-25,2024-01,,none,,肌美精,プチプラ,1,1,0,https://prtimes.jp/main/html/rd/p/000000519.000007954.html
000000435.000014810,14810,パルファン・クリスチャン・ディオール・ジャポン株式会社,パルファン・クリスチャン・ディオール・ジャポン株式会社,brand_owner,global,present_forward,2024-01-26,2024-01,lipstick,makeup,,Dior,デパコス,0,0,0,https://prtimes.jp/main/html/rd/p/000000435.000014810.html
000000103.000031376,31376,アモーレパシフィックジャパン株式会社,アモーレパシフィックジャパン株式会社,brand_owner,KR,core,2024-01-29,2024-01,fragrance,other,,イニスフリー,プチプラ/ミドル,0,0,0,https://prtimes.jp/main/html/rd/p/000000103.000031376.html
000000342.000000263,263,常盤薬品工業株式会社,常盤薬品工業株式会社,brand_owner,JP,present_forward,2024-01-29,2024-01,,none,,なめらか本舗,プチプラ,0,0,0,https://prtimes.jp/main/html/rd/p/000000342.000000263.html
000000010.000119328,119328,アモーレパシフィックジャパン株式会社,アモーレパシフィックジャパン株式会社,brand_owner,KR,core,2024-01-30,2024-01,,none,,,デパコス,0,0,0,https://prtimes.jp/main/html/rd/p/000000010.000119328.html
000000026.000090124,90124,ELCジャパン合同会社,ELCジャパン合同会社,brand_owner,global,core,2024-01-30,2024-01,,none,,ジョー マローン ロンドン,デパコス,0,0,0,https://prtimes.jp/main/html/rd/p/000000026.000090124.html
000000016.000105692,105692,アモーレパシフィックジャパン株式会社,アモーレパシフィックジャパン株式会社,brand_owner,KR,core,2024-02-01,2024-02,lipstick,makeup,,ラネージュ,ミドル,0,0,0,https://prtimes.jp/main/html/rd/p/000000016.000105692.html
000000088.000044623,44623,ELCジャパン合同会社　M・A・C事業部,ELCジャパン合同会社,brand_owner,global,core,2024-02-01,2024-02,lipstick,makeup,,M·A·C,デパコス,0,0,0,https://prtimes.jp/main/html/rd/p/000000088.000044623.html
000000104.000081704,81704,株式会社ファイントゥデイ,ファイントゥデイ株式会社,brand_owner,JP,core,2024-02-01,2024-02,hair,other,,,プチプラ,0,0,0,https://prtimes.jp/main/html/rd/p/000000104.000081704.html
000000253.000021350,21350,アモーレパシフィックジャパン株式会社,アモーレパシフィックジャパン株式会社,brand_owner,KR,core,2024-02-01,2024-02,,none,,エチュード,プチプラ,0,0,0,https://prtimes.jp/main/html/rd/p/000000253.000021350.html
000000487.000001572,1572,株式会社石澤研究所,株式会社石澤研究所,brand_owner,JP,core,2024-02-01,2024-02,sunscreen,skincare,,,プチプラ,0,0,0,https://prtimes.jp/main/html/rd/p/000000487.000001572.html
000000520.000007954,7954,クラシエ株式会社（ホームプロダクツカンパニー）,クラシエ株式会社,brand_owner,JP,core,2024-02-01,2024-02,hair|booster,other,,,プチプラ,0,1,0,https://prtimes.jp/main/html/rd/p/000000520.000007954.html
000000582.000002061,2061,オルビス株式会社,株式会社オルビス,brand_owner,JP,core,2024-02-01,2024-02,,none,,ORBIS,ミドル,0,0,0,https://prtimes.jp/main/html/rd/p/000000582.000002061.html
000000339.000000263,263,常盤薬品工業株式会社,常盤薬品工業株式会社,brand_owner,JP,present_forward,2024-02-02,2024-02,powder|serum,makeup,,,プチプラ,0,0,0,https://prtimes.jp/main/html/rd/p/000000339.000000263.html
000000338.000000263,263,常盤薬品工業株式会社,常盤薬品工業株式会社,brand_owner,JP,present_forward,2024-02-05,2024-02,powder,makeup,,,プチプラ,0,1,0,https://prtimes.jp/main/html/rd/p/000000338.000000263.html
000000155.000072864,72864,花王株式会社（Kao Beauty Brands）,花王株式会社,brand_owner,JP,present_forward,2024-02-06,2024-02,powder,makeup,,SOFINA,ミドル,0,0,0,https://prtimes.jp/main/html/rd/p/000000155.000072864.html
000000341.000000263,263,常盤薬品工業株式会社,常盤薬品工業株式会社,brand_owner,JP,present_forward,2024-02-06,2024-02,cream,skincare,,,プチプラ,1,0,0,https://prtimes.jp/main/html/rd/p/000000341.000000263.html
000000072.000076505,76505,株式会社韓国高麗人蔘社,株式会社韓国高麗人蔘社,importer,KR,core,2024-02-07,2024-02,,none,,,,0,0,0,https://prtimes.jp/main/html/rd/p/000000072.000076505.html
000000156.000072864,72864,花王株式会社（Kao Beauty Brands）,花王株式会社,brand_owner,JP,present_forward,2024-02-07,2024-02,,none,,キュレル,ミドル,0,0,0,https://prtimes.jp/main/html/rd/p/000000156.000072864.html
000000105.000031376,31376,アモーレパシフィックジャパン株式会社,アモーレパシフィックジャパン株式会社,brand_owner,KR,core,2024-02-08,2024-02,toner_lotion,skincare,,イニスフリー,プチプラ/ミドル,0,0,0,https://prtimes.jp/main/html/rd/p/000000105.000031376.html
000000055.000018737,18737,ELCジャパン合同会社,ELCジャパン合同会社,brand_owner,global,core,2024-02-09,2024-02,lipstick,makeup,,エスティ ローダー,デパコス,0,0,0,https://prtimes.jp/main/html/rd/p/000000055.000018737.html
000000157.000072864,72864,花王株式会社（Kao Beauty Brands）,花王株式会社,brand_owner,JP,present_forward,2024-02-09,2024-02,serum,skincare,,SOFINA,ミドル,1,0,0,https://prtimes.jp/main/html/rd/p/000000157.000072864.html
000000523.000007954,7954,クラシエ株式会社（ホームプロダクツカンパニー）,クラシエ株式会社,brand_owner,JP,core,2024-02-09,2024-02,hair,other,,,プチプラ,0,0,0,https://prtimes.jp/main/html/rd/p/000000523.000007954.html
000000021.000077831,77831,株式会社mimi-Japan,株式会社mimi-Japan,importer,CN,core,2024-02-13,2024-02,foundation,makeup,,,,0,0,0,https://prtimes.jp/main/html/rd/p/000000021.000077831.html
000000106.000081704,81704,株式会社ファイントゥデイ,ファイントゥデイ株式会社,brand_owner,JP,core,2024-02-14,2024-02,,none,,Ag,プチプラ,0,0,0,https://prtimes.jp/main/html/rd/p/000000106.000081704.html
000000490.000001572,1572,株式会社石澤研究所,株式会社石澤研究所,brand_owner,JP,core,2024-02-15,2024-02,hair,other,,,プチプラ,0,0,0,https://prtimes.jp/main/html/rd/p/000000490.000001572.html
000000580.000002061,2061,オルビス株式会社,株式会社オルビス,brand_owner,JP,core,2024-02-15,2024-02,,none,,ORBIS,ミドル,0,0,0,https://prtimes.jp/main/html/rd/p/000000580.000002061.html
000000581.000002061,2061,オルビス株式会社,株式会社オルビス,brand_owner,JP,core,2024-02-15,2024-02,serum,skincare,,,ミドル,1,0,0,https://prtimes.jp/main/html/rd/p/000000581.000002061.html
000000065.000056098,56098,株式会社クリオ,株式会社クリオ,brand_owner,KR,core,2024-02-16,2024-02,base_makeup|eye_makeup|lipstick,makeup,,CLIO,ミドル,0,0,1,https://prtimes.jp/main/html/rd/p/000000065.000056098.html
000000099.000006944,6944,ニベア花王株式会社,ニベア花王株式会社,brand_owner,global,core,2024-02-20,2024-02,face_wash,skincare,,NIVEA,プチプラ/ミドル,0,0,0,https://prtimes.jp/main/html/rd/p/000000099.000006944.html
000000107.000086691,86691,ユニリーバ・ジャパン・カスタマーマーケティング株式会社,ユニリーバ・ジャパン株式会社,brand_owner,global,core,2024-02-20,2024-02,,none,,LUX,プチプラ,0,0,1,https://prtimes.jp/main/html/rd/p/000000107.000086691.html
000000345.000000263,263,常盤薬品工業株式会社,常盤薬品工業株式会社,brand_owner,JP,present_forward,2024-02-20,2024-02,eye_makeup,makeup,,,プチプラ,0,0,0,https://prtimes.jp/main/html/rd/p/000000345.000000263.html
000000004.000127171,127171,株式会社Goodai Global Japan,株式会社Goodai Global Japan,importer,KR,core,2024-02-21,2024-02,concealer|base_makeup,makeup,,TIRTIR,プチプラ/ミドル,0,0,0,https://prtimes.jp/main/html/rd/p/000000004.000127171.html
000000011.000119328,119328,アモーレパシフィックジャパン株式会社,アモーレパシフィックジャパン株式会社,brand_owner,KR,core,2024-02-21,2024-02,,none,,,デパコス,0,0,0,https://prtimes.jp/main/html/rd/p/000000011.000119328.html
000000089.000044623,44623,ELCジャパン合同会社　M・A・C事業部,ELCジャパン合同会社,brand_owner,global,core,2024-02-21,2024-02,,none,,M·A·C,デパコス,0,0,0,https://prtimes.jp/main/html/rd/p/000000089.000044623.html
000000158.000072864,72864,花王株式会社（Kao Beauty Brands）,花王株式会社,brand_owner,JP,present_forward,2024-02-21,2024-02,toner_lotion,skincare,,,mixed,0,0,1,https://prtimes.jp/main/html/rd/p/000000158.000072864.html
000000438.000014810,14810,パルファン・クリスチャン・ディオール・ジャポン株式会社,パルファン・クリスチャン・ディオール・ジャポン株式会社,brand_owner,global,present_forward,2024-02-21,2024-02,serum,skincare,,Dior,デパコス,1,0,0,https://prtimes.jp/main/html/rd/p/000000438.000014810.html
000000908.000006496,6496,株式会社マンダム,株式会社マンダム,brand_owner,JP,present_forward,2024-02-21,2024-02,,none,,GATSBY,プチプラ,0,0,0,https://prtimes.jp/main/html/rd/p/000000908.000006496.html
000000909.000006496,6496,株式会社マンダム,株式会社マンダム,brand_owner,JP,present_forward,2024-02-21,2024-02,,none,,GATSBY,プチプラ,0,0,0,https://prtimes.jp/main/html/rd/p/000000909.000006496.html
000000910.000006496,6496,株式会社マンダム,株式会社マンダム,brand_owner,JP,present_forward,2024-02-21,2024-02,powder,makeup,,GATSBY,プチプラ,0,0,0,https://prtimes.jp/main/html/rd/p/000000910.000006496.html
000000911.000006496,6496,株式会社マンダム,株式会社マンダム,brand_owner,JP,present_forward,2024-02-21,2024-02,,none,,GATSBY,プチプラ,0,0,0,https://prtimes.jp/main/html/rd/p/000000911.000006496.html
000000912.000006496,6496,株式会社マンダム,株式会社マンダム,brand_owner,JP,present_forward,2024-02-21,2024-02,,none,,GATSBY,プチプラ,0,0,0,https://prtimes.jp/main/html/rd/p/000000912.000006496.html
000000073.000024471,24471,日本ロレアル株式会社　タカミ事業部,日本ロレアル株式会社,brand_owner,global,core,2024-02-22,2024-02,,none,,タカミ,ミドル,0,0,0,https://prtimes.jp/main/html/rd/p/000000073.000024471.html
000000100.000006944,6944,ニベア花王株式会社,ニベア花王株式会社,brand_owner,global,core,2024-02-22,2024-02,,none,,NIVEA,プチプラ/ミドル,1,0,0,https://prtimes.jp/main/html/rd/p/000000100.000006944.html
000000106.000031376,31376,アモーレパシフィックジャパン株式会社,アモーレパシフィックジャパン株式会社,brand_owner,KR,core,2024-02-22,2024-02,,none,,イニスフリー,プチプラ/ミドル,0,0,0,https://prtimes.jp/main/html/rd/p/000000106.000031376.html
000000174.000019685,19685,株式会社 井田ラボラトリーズ,株式会社井田ラボラトリーズ,brand_owner,JP,core,2024-02-22,2024-02,,none,,CANMAKE,プチプラ,0,0,0,https://prtimes.jp/main/html/rd/p/000000174.000019685.html
000000175.000019685,19685,株式会社 井田ラボラトリーズ,株式会社井田ラボラトリーズ,brand_owner,JP,core,2024-02-22,2024-02,,none,,CANMAKE,プチプラ,0,0,0,https://prtimes.jp/main/html/rd/p/000000175.000019685.html
000000439.000014810,14810,パルファン・クリスチャン・ディオール・ジャポン株式会社,パルファン・クリスチャン・ディオール・ジャポン株式会社,brand_owner,global,present_forward,2024-02-22,2024-02,,none,,Dior,デパコス,0,0,0,https://prtimes.jp/main/html/rd/p/000000439.000014810.html
000000914.000006496,6496,株式会社マンダム,株式会社マンダム,brand_owner,JP,present_forward,2024-02-22,2024-02,,none,,ルシード,プチプラ,0,0,0,https://prtimes.jp/main/html/rd/p/000000914.000006496.html
000000005.000127171,127171,株式会社Goodai Global Japan,株式会社Goodai Global Japan,importer,KR,core,2024-02-26,2024-02,,none,,TIRTIR,プチプラ/ミドル,0,0,0,https://prtimes.jp/main/html/rd/p/000000005.000127171.html
000000921.000006496,6496,株式会社マンダム,株式会社マンダム,brand_owner,JP,present_forward,2024-02-26,2024-02,hair,other,,,プチプラ,0,0,0,https://prtimes.jp/main/html/rd/p/000000921.000006496.html
000000440.000014810,14810,パルファン・クリスチャン・ディオール・ジャポン株式会社,パルファン・クリスチャン・ディオール・ジャポン株式会社,brand_owner,global,present_forward,2024-02-27,2024-02,,none,,Dior,デパコス,0,0,0,https://prtimes.jp/main/html/rd/p/000000440.000014810.html
000000525.000007954,7954,クラシエ株式会社（ホームプロダクツカンパニー）,クラシエ株式会社,brand_owner,JP,core,2024-02-27,2024-02,body,other,,,プチプラ,0,0,0,https://prtimes.jp/main/html/rd/p/000000525.000007954.html
000000041.000096821,96821,VT COSMETICS,VT COSMETICS,brand_owner,KR,core,2024-02-28,2024-02,,none,ツボクサエキス,VT,プチプラ,0,0,0,https://prtimes.jp/main/html/rd/p/000000041.000096821.html
000000107.000031376,31376,アモーレパシフィックジャパン株式会社,アモーレパシフィックジャパン株式会社,brand_owner,KR,core,2024-02-28,2024-02,,none,,イニスフリー,プチプラ/ミドル,0,0,1,https://prtimes.jp/main/html/rd/p/000000107.000031376.html
000000922.000006496,6496,株式会社マンダム,株式会社マンダム,brand_owner,JP,present_forward,2024-02-28,2024-02,hair,other,,,プチプラ,0,0,0,https://prtimes.jp/main/html/rd/p/000000922.000006496.html
000000108.000086691,86691,ユニリーバ・ジャパン・カスタマーマーケティング株式会社,ユニリーバ・ジャパン株式会社,brand_owner,global,core,2024-02-29,2024-02,,none,ナイアシンアミド,Dove,プチプラ,0,0,0,https://prtimes.jp/main/html/rd/p/000000108.000086691.html
000000441.000014810,14810,パルファン・クリスチャン・ディオール・ジャポン株式会社,パルファン・クリスチャン・ディオール・ジャポン株式会社,brand_owner,global,present_forward,2024-02-29,2024-02,lipstick,makeup,,Dior,デパコス,0,0,0,https://prtimes.jp/main/html/rd/p/000000441.000014810.html
000000062.000064854,64854,P&Gプレステージ合同会社,P&Gプレステージ合同会社,brand_owner,global,core,2024-03-01,2024-03,,none,,SK-II,デパコス,0,0,0,https://prtimes.jp/main/html/rd/p/000000062.000064854.html
000000108.000031376,31376,アモーレパシフィックジャパン株式会社,アモーレパシフィックジャパン株式会社,brand_owner,KR,core,2024-03-01,2024-03,,none,,イニスフリー,プチプラ/ミドル,0,0,0,https://prtimes.jp/main/html/rd/p/000000108.000031376.html
000000424.000028974,28974,株式会社桃谷順天館,株式会社桃谷順天館,brand_owner,JP,present_forward,2024-03-01,2024-03,all_in_one|serum,skincare,,明色,プチプラ,0,0,0,https://prtimes.jp/main/html/rd/p/000000424.000028974.html
000000425.000028974,28974,株式会社桃谷順天館,株式会社桃谷順天館,brand_owner,JP,present_forward,2024-03-01,2024-03,foundation,makeup,,明色,プチプラ,0,0,0,https://prtimes.jp/main/html/rd/p/000000425.000028974.html
000000426.000028974,28974,株式会社桃谷順天館,株式会社桃谷順天館,brand_owner,JP,present_forward,2024-03-01,2024-03,serum,skincare,,明色,プチプラ,0,0,0,https://prtimes.jp/main/html/rd/p/000000426.000028974.html
000000427.000028974,28974,株式会社桃谷順天館,株式会社桃谷順天館,brand_owner,JP,present_forward,2024-03-01,2024-03,cream|toner_lotion|serum,skincare,,明色,プチプラ,0,0,0,https://prtimes.jp/main/html/rd/p/000000427.000028974.html
000000583.000002061,2061,オルビス株式会社,株式会社オルビス,brand_owner,JP,core,2024-03-01,2024-03,serum|hair,skincare,,ORBIS,ミドル,0,0,1,https://prtimes.jp/main/html/rd/p/000000583.000002061.html
000000904.000006496,6496,株式会社マンダム,株式会社マンダム,brand_owner,JP,present_forward,2024-03-04,2024-03,face_wash,skincare,,ビフェスタ,プチプラ,0,0,0,https://prtimes.jp/main/html/rd/p/000000904.000006496.html
000000029.000090124,90124,ELCジャパン合同会社,ELCジャパン合同会社,brand_owner,global,core,2024-03-05,2024-03,,none,,ジョー マローン ロンドン,デパコス,0,0,0,https://prtimes.jp/main/html/rd/p/000000029.000090124.html
000000107.000081704,81704,株式会社ファイントゥデイ,ファイントゥデイ株式会社,brand_owner,JP,core,2024-03-05,2024-03,hair,other,,,プチプラ,0,0,0,https://prtimes.jp/main/html/rd/p/000000107.000081704.html
000000347.000000263,263,常盤薬品工業株式会社,常盤薬品工業株式会社,brand_owner,JP,present_forward,2024-03-05,2024-03,face_wash,skincare,,,プチプラ,0,0,0,https://prtimes.jp/main/html/rd/p/000000347.000000263.html
000000491.000001572,1572,株式会社石澤研究所,株式会社石澤研究所,brand_owner,JP,core,2024-03-05,2024-03,,none,,毛穴撫子,プチプラ,0,0,0,https://prtimes.jp/main/html/rd/p/000000491.000001572.html
000000001.000138729,138729,ELCジャパン合同会社 オーディナリー事業部,ELCジャパン合同会社,brand_owner,global,core,2024-03-06,2024-03,,none,,,ミドル,0,0,0,https://prtimes.jp/main/html/rd/p/000000001.000138729.html
000000090.000044623,44623,ELCジャパン合同会社　M・A・C事業部,ELCジャパン合同会社,brand_owner,global,core,2024-03-06,2024-03,,none,,M·A·C,デパコス,0,0,0,https://prtimes.jp/main/html/rd/p/000000090.000044623.html
000000015.000121730,121730,ＪＮＴＬコンシューマーヘルス株式会社,ケンビュー・ジャパン合同会社,brand_owner,global,core,2024-03-07,2024-03,,none,ナイアシンアミド,,プチプラ/ミドル,0,0,0,https://prtimes.jp/main/html/rd/p/000000015.000121730.html
000000017.000105692,105692,アモーレパシフィックジャパン株式会社,アモーレパシフィックジャパン株式会社,brand_owner,KR,core,2024-03-07,2024-03,,none,加水分解コラーゲン,ラネージュ,ミドル,0,0,0,https://prtimes.jp/main/html/rd/p/000000017.000105692.html
000000159.000072864,72864,花王株式会社（Kao Beauty Brands）,花王株式会社,brand_owner,JP,present_forward,2024-03-07,2024-03,foundation|powder|base_makeup,makeup,,,mixed,0,0,1,https://prtimes.jp/main/html/rd/p/000000159.000072864.html
000000074.000076505,76505,株式会社韓国高麗人蔘社,株式会社韓国高麗人蔘社,importer,KR,core,2024-03-08,2024-03,lipstick,makeup,,,,0,0,0,https://prtimes.jp/main/html/rd/p/000000074.000076505.html
000000108.000081704,81704,株式会社ファイントゥデイ,ファイントゥデイ株式会社,brand_owner,JP,core,2024-03-11,2024-03,,none,,TSUBAKI,プチプラ,0,0,0,https://prtimes.jp/main/html/rd/p/000000108.000081704.html
000000349.000000263,263,常盤薬品工業株式会社,常盤薬品工業株式会社,brand_owner,JP,present_forward,2024-03-12,2024-03,blush,makeup,,,プチプラ,0,0,0,https://prtimes.jp/main/html/rd/p/000000349.000000263.html
000000526.000007954,7954,クラシエ株式会社（ホームプロダクツカンパニー）,クラシエ株式会社,brand_owner,JP,core,2024-03-12,2024-03,booster,skincare,,,プチプラ,1,0,0,https://prtimes.jp/main/html/rd/p/000000526.000007954.html
000000586.000002061,2061,オルビス株式会社,株式会社オルビス,brand_owner,JP,core,2024-03-12,2024-03,,none,,ORBIS,ミドル,0,0,0,https://prtimes.jp/main/html/rd/p/000000586.000002061.html
000000079.000042040,42040,株式会社セザンヌ化粧品,セザンヌ化粧品株式会社,brand_owner,JP,core,2024-03-13,2024-03,base_makeup,makeup,,CEZANNE,プチプラ,0,0,0,https://prtimes.jp/main/html/rd/p/000000079.000042040.html
000000110.000031376,31376,アモーレパシフィックジャパン株式会社,アモーレパシフィックジャパン株式会社,brand_owner,KR,core,2024-03-13,2024-03,,none,,イニスフリー,プチプラ/ミドル,0,1,0,https://prtimes.jp/main/html/rd/p/000000110.000031376.html
000000077.000024471,24471,日本ロレアル株式会社　タカミ事業部,日本ロレアル株式会社,brand_owner,global,core,2024-03-14,2024-03,serum,skincare,,タカミ,ミドル,0,0,0,https://prtimes.jp/main/html/rd/p/000000077.000024471.html
000000111.000086691,86691,ユニリーバ・ジャパン・カスタマーマーケティング株式会社,ユニリーバ・ジャパン株式会社,brand_owner,global,core,2024-03-14,2024-03,face_wash,skincare,,Dove,プチプラ,0,1,0,https://prtimes.jp/main/html/rd/p/000000111.000086691.html
000000254.000021350,21350,アモーレパシフィックジャパン株式会社,アモーレパシフィックジャパン株式会社,brand_owner,KR,core,2024-03-14,2024-03,lipstick,makeup,,エチュード,プチプラ,0,0,0,https://prtimes.jp/main/html/rd/p/000000254.000021350.html
000000077.000076505,76505,株式会社韓国高麗人蔘社,株式会社韓国高麗人蔘社,importer,KR,core,2024-03-15,2024-03,cream|blush,skincare,,rom&nd,プチプラ,0,0,0,https://prtimes.jp/main/html/rd/p/000000077.000076505.html
000000430.000028974,28974,株式会社桃谷順天館,株式会社桃谷順天館,brand_owner,JP,present_forward,2024-03-15,2024-03,,none,,,プチプラ,0,0,0,https://prtimes.jp/main/html/rd/p/000000430.000028974.html
000000431.000028974,28974,株式会社桃谷順天館,株式会社桃谷順天館,brand_owner,JP,present_forward,2024-03-15,2024-03,,none,,,プチプラ,0,0,0,https://prtimes.jp/main/html/rd/p/000000431.000028974.html
000000351.000000263,263,常盤薬品工業株式会社,常盤薬品工業株式会社,brand_owner,JP,present_forward,2024-03-19,2024-03,serum,skincare,,,プチプラ,0,0,0,https://prtimes.jp/main/html/rd/p/000000351.000000263.html
000000587.000002061,2061,オルビス株式会社,株式会社オルビス,brand_owner,JP,core,2024-03-19,2024-03,face_wash,skincare,,ORBIS,ミドル,0,0,0,https://prtimes.jp/main/html/rd/p/000000587.000002061.html
000000588.000002061,2061,オルビス株式会社,株式会社オルビス,brand_owner,JP,core,2024-03-19,2024-03,base_makeup,makeup,,ORBIS,ミドル,0,0,1,https://prtimes.jp/main/html/rd/p/000000588.000002061.html
000000589.000002061,2061,オルビス株式会社,株式会社オルビス,brand_owner,JP,core,2024-03-19,2024-03,serum,skincare,,,ミドル,0,0,0,https://prtimes.jp/main/html/rd/p/000000589.000002061.html
000000022.000077831,77831,株式会社mimi-Japan,株式会社mimi-Japan,importer,CN,core,2024-03-21,2024-03,eye_makeup,makeup,,,,0,0,0,https://prtimes.jp/main/html/rd/p/000000022.000077831.html
000000255.000021350,21350,アモーレパシフィックジャパン株式会社,アモーレパシフィックジャパン株式会社,brand_owner,KR,core,2024-03-21,2024-03,cream,skincare,,エチュード,プチプラ,0,0,0,https://prtimes.jp/main/html/rd/p/000000255.000021350.html
000000012.000108700,108700,株式会社APRJP,株式会社APRJP,brand_owner,KR,core,2024-03-22,2024-03,serum,skincare,エクソソーム,medicube,ミドル,0,0,0,https://prtimes.jp/main/html/rd/p/000000012.000108700.html
000000114.000086691,86691,ユニリーバ・ジャパン・カスタマーマーケティング株式会社,ユニリーバ・ジャパン株式会社,brand_owner,global,core,2024-03-22,2024-03,,none,,Dove,プチプラ,0,0,0,https://prtimes.jp/main/html/rd/p/000000114.000086691.html
000000177.000019685,19685,株式会社 井田ラボラトリーズ,株式会社井田ラボラトリーズ,brand_owner,JP,core,2024-03-22,2024-03,lash_brow,makeup,,CANMAKE,プチプラ,0,0,0,https://prtimes.jp/main/html/rd/p/000000177.000019685.html
000000178.000019685,19685,株式会社 井田ラボラトリーズ,株式会社井田ラボラトリーズ,brand_owner,JP,core,2024-03-22,2024-03,foundation|blush,makeup,,CANMAKE,プチプラ,0,0,0,https://prtimes.jp/main/html/rd/p/000000178.000019685.html
000000004.000121471,121471,アモーレパシフィックジャパン株式会社,アモーレパシフィックジャパン株式会社,brand_owner,KR,core,2024-03-25,2024-03,,none,,イニスフリー|ラネージュ|エチュード,プチプラ/ミドル,0,0,0,https://prtimes.jp/main/html/rd/p/000000004.000121471.html
000000112.000086691,86691,ユニリーバ・ジャパン・カスタマーマーケティング株式会社,ユニリーバ・ジャパン株式会社,brand_owner,global,core,2024-03-25,2024-03,hair,other,,,プチプラ,0,0,0,https://prtimes.jp/main/html/rd/p/000000112.000086691.html
000000353.000000263,263,常盤薬品工業株式会社,常盤薬品工業株式会社,brand_owner,JP,present_forward,2024-03-25,2024-03,base_makeup,makeup,,,プチプラ,0,0,0,https://prtimes.jp/main/html/rd/p/000000353.000000263.html
000000445.000014810,14810,パルファン・クリスチャン・ディオール・ジャポン株式会社,パルファン・クリスチャン・ディオール・ジャポン株式会社,brand_owner,global,present_forward,2024-03-25,2024-03,fragrance,other,,Dior,デパコス,0,0,0,https://prtimes.jp/main/html/rd/p/000000445.000014810.html
000000446.000014810,14810,パルファン・クリスチャン・ディオール・ジャポン株式会社,パルファン・クリスチャン・ディオール・ジャポン株式会社,brand_owner,global,present_forward,2024-03-28,2024-03,,none,,Dior,デパコス,0,0,0,https://prtimes.jp/main/html/rd/p/000000446.000014810.html
000000003.000125824,125824,"ｄ’Alba Global Co., Ltd.","ｄ’Alba Global Co., Ltd.",brand_owner,KR,core,2024-03-29,2024-03,cream,skincare,,,,0,0,0,https://prtimes.jp/main/html/rd/p/000000003.000125824.html
000000030.000090124,90124,ELCジャパン合同会社,ELCジャパン合同会社,brand_owner,global,core,2024-03-29,2024-03,,none,,ジョー マローン ロンドン,デパコス,0,0,0,https://prtimes.jp/main/html/rd/p/000000030.000090124.html
000000448.000014810,14810,パルファン・クリスチャン・ディオール・ジャポン株式会社,パルファン・クリスチャン・ディオール・ジャポン株式会社,brand_owner,global,present_forward,2024-03-29,2024-03,,none,,Dior,デパコス,0,0,0,https://prtimes.jp/main/html/rd/p/000000448.000014810.html
000000180.000019685,19685,株式会社 井田ラボラトリーズ,株式会社井田ラボラトリーズ,brand_owner,JP,core,2024-04-01,2024-04,,none,,CANMAKE,プチプラ,0,0,0,https://prtimes.jp/main/html/rd/p/000000180.000019685.html
000000435.000028974,28974,株式会社桃谷順天館,株式会社桃谷順天館,brand_owner,JP,present_forward,2024-04-01,2024-04,toner_lotion,skincare,ナイアシンアミド,明色,プチプラ,0,0,0,https://prtimes.jp/main/html/rd/p/000000435.000028974.html
000000592.000002061,2061,オルビス株式会社,株式会社オルビス,brand_owner,JP,core,2024-04-01,2024-04,,none,,ORBIS,ミドル,0,0,1,https://prtimes.jp/main/html/rd/p/000000592.000002061.html
000000161.000072864,72864,花王株式会社（Kao Beauty Brands）,花王株式会社,brand_owner,JP,present_forward,2024-04-02,2024-04,powder,makeup,,キュレル,ミドル,0,0,0,https://prtimes.jp/main/html/rd/p/000000161.000072864.html
000000163.000072864,72864,花王株式会社（Kao Beauty Brands）,花王株式会社,brand_owner,JP,present_forward,2024-04-02,2024-04,base_makeup,makeup,,,mixed,0,0,0,https://prtimes.jp/main/html/rd/p/000000163.000072864.html
000000530.000007954,7954,クラシエ株式会社（ホームプロダクツカンパニー）,クラシエ株式会社,brand_owner,JP,core,2024-04-02,2024-04,body,other,,,プチプラ,0,0,0,https://prtimes.jp/main/html/rd/p/000000530.000007954.html
000000080.000042040,42040,株式会社セザンヌ化粧品,セザンヌ化粧品株式会社,brand_owner,JP,core,2024-04-03,2024-04,,none,,CEZANNE,プチプラ,0,0,0,https://prtimes.jp/main/html/rd/p/000000080.000042040.html
000000091.000044623,44623,ELCジャパン合同会社　M・A・C事業部,ELCジャパン合同会社,brand_owner,global,core,2024-04-03,2024-04,,none,,M·A·C,デパコス,0,0,0,https://prtimes.jp/main/html/rd/p/000000091.000044623.html
000000111.000031376,31376,アモーレパシフィックジャパン株式会社,アモーレパシフィックジャパン株式会社,brand_owner,KR,core,2024-04-03,2024-04,booster,skincare,,イニスフリー,プチプラ/ミドル,0,0,0,https://prtimes.jp/main/html/rd/p/000000111.000031376.html
000000324.000030413,30413,株式会社ディーエイチシー,株式会社ディーエイチシー,brand_owner,JP,core,2024-04-03,2024-04,cleansing,skincare,,DHC,プチプラ/ミドル,1,0,0,https://prtimes.jp/main/html/rd/p/000000324.000030413.html
000000103.000006944,6944,ニベア花王株式会社,ニベア花王株式会社,brand_owner,global,core,2024-04-04,2024-04,,none,,NIVEA,プチプラ/ミドル,0,0,0,https://prtimes.jp/main/html/rd/p/000000103.000006944.html
000000162.000072864,72864,花王株式会社（Kao Beauty Brands）,花王株式会社,brand_owner,JP,present_forward,2024-04-04,2024-04,,none,,キュレル,ミドル,0,0,0,https://prtimes.jp/main/html/rd/p/000000162.000072864.html
000000531.000007954,7954,クラシエ株式会社（ホームプロダクツカンパニー）,クラシエ株式会社,brand_owner,JP,core,2024-04-04,2024-04,hair,other,,,プチプラ,0,0,0,https://prtimes.jp/main/html/rd/p/000000531.000007954.html
000000079.000076505,76505,株式会社韓国高麗人蔘社,株式会社韓国高麗人蔘社,importer,KR,core,2024-04-05,2024-04,foundation|serum,makeup,,,,0,0,0,https://prtimes.jp/main/html/rd/p/000000079.000076505.html
000000081.000076505,76505,株式会社韓国高麗人蔘社,株式会社韓国高麗人蔘社,importer,KR,core,2024-04-05,2024-04,eye_makeup,makeup,,,,0,0,0,https://prtimes.jp/main/html/rd/p/000000081.000076505.html
000000919.000006496,6496,株式会社マンダム,株式会社マンダム,brand_owner,JP,present_forward,2024-04-08,2024-04,,none,,GATSBY,プチプラ,0,0,0,https://prtimes.jp/main/html/rd/p/000000919.000006496.html
000000355.000000263,263,常盤薬品工業株式会社,常盤薬品工業株式会社,brand_owner,JP,present_forward,2024-04-09,2024-04,,none,,,プチプラ,0,0,0,https://prtimes.jp/main/html/rd/p/000000355.000000263.html
000000449.000014810,14810,パルファン・クリスチャン・ディオール・ジャポン株式会社,パルファン・クリスチャン・ディオール・ジャポン株式会社,brand_owner,global,present_forward,2024-04-10,2024-04,,none,,Dior,デパコス,0,0,0,https://prtimes.jp/main/html/rd/p/000000449.000014810.html
000000164.000072864,72864,花王株式会社（Kao Beauty Brands）,花王株式会社,brand_owner,JP,present_forward,2024-04-11,2024-04,,none,,est,デパコス,0,0,0,https://prtimes.jp/main/html/rd/p/000000164.000072864.html
000000597.000002061,2061,オルビス株式会社,株式会社オルビス,brand_owner,JP,core,2024-04-11,2024-04,,none,,ORBIS,ミドル,0,0,0,https://prtimes.jp/main/html/rd/p/000000597.000002061.html
000000359.000000263,263,常盤薬品工業株式会社,常盤薬品工業株式会社,brand_owner,JP,present_forward,2024-04-12,2024-04,toner_lotion,skincare,,,プチプラ,0,0,0,https://prtimes.jp/main/html/rd/p/000000359.000000263.html
000000357.000000263,263,常盤薬品工業株式会社,常盤薬品工業株式会社,brand_owner,JP,present_forward,2024-04-15,2024-04,cream|serum,skincare,,,プチプラ,0,0,0,https://prtimes.jp/main/html/rd/p/000000357.000000263.html
000000494.000001572,1572,株式会社石澤研究所,株式会社石澤研究所,brand_owner,JP,core,2024-04-15,2024-04,,none,,毛穴撫子,プチプラ,0,0,0,https://prtimes.jp/main/html/rd/p/000000494.000001572.html
000000085.000076505,76505,株式会社韓国高麗人蔘社,株式会社韓国高麗人蔘社,importer,KR,core,2024-04-16,2024-04,hair,other,,,,0,0,0,https://prtimes.jp/main/html/rd/p/000000085.000076505.html
000000086.000076505,76505,株式会社韓国高麗人蔘社,株式会社韓国高麗人蔘社,importer,KR,core,2024-04-16,2024-04,,none,ツボクサエキス,,,0,0,0,https://prtimes.jp/main/html/rd/p/000000086.000076505.html
000000087.000076505,76505,株式会社韓国高麗人蔘社,株式会社韓国高麗人蔘社,importer,KR,core,2024-04-16,2024-04,lipstick,makeup,,rom&nd,プチプラ,0,0,0,https://prtimes.jp/main/html/rd/p/000000087.000076505.html
000000088.000076505,76505,株式会社韓国高麗人蔘社,株式会社韓国高麗人蔘社,importer,KR,core,2024-04-16,2024-04,lipstick|blush,makeup,,rom&nd,プチプラ,0,0,0,https://prtimes.jp/main/html/rd/p/000000088.000076505.html
000000104.000006944,6944,ニベア花王株式会社,ニベア花王株式会社,brand_owner,global,core,2024-04-16,2024-04,,none,,NIVEA,プチプラ/ミドル,0,0,0,https://prtimes.jp/main/html/rd/p/000000104.000006944.html
000000360.000000263,263,常盤薬品工業株式会社,常盤薬品工業株式会社,brand_owner,JP,present_forward,2024-04-16,2024-04,serum,skincare,,,プチプラ,1,0,0,https://prtimes.jp/main/html/rd/p/000000360.000000263.html
000000361.000000263,263,常盤薬品工業株式会社,常盤薬品工業株式会社,brand_owner,JP,present_forward,2024-04-16,2024-04,lipstick,makeup,,,プチプラ,0,0,0,https://prtimes.jp/main/html/rd/p/000000361.000000263.html
000000018.000105692,105692,アモーレパシフィックジャパン株式会社,アモーレパシフィックジャパン株式会社,brand_owner,KR,core,2024-04-17,2024-04,lipstick,makeup,,ラネージュ,ミドル,0,0,0,https://prtimes.jp/main/html/rd/p/000000018.000105692.html
000000123.000086691,86691,ユニリーバ・ジャパン・カスタマーマーケティング株式会社,ユニリーバ・ジャパン株式会社,brand_owner,global,core,2024-04-17,2024-04,face_wash,skincare,,Dove,プチプラ,0,0,0,https://prtimes.jp/main/html/rd/p/000000123.000086691.html
000000493.000001572,1572,株式会社石澤研究所,株式会社石澤研究所,brand_owner,JP,core,2024-04-17,2024-04,cleansing,skincare,,毛穴撫子,プチプラ,0,0,0,https://prtimes.jp/main/html/rd/p/000000493.000001572.html
000000498.000001572,1572,株式会社石澤研究所,株式会社石澤研究所,brand_owner,JP,core,2024-04-17,2024-04,,none,,,プチプラ,0,0,0,https://prtimes.jp/main/html/rd/p/000000498.000001572.html
000000019.000105692,105692,アモーレパシフィックジャパン株式会社,アモーレパシフィックジャパン株式会社,brand_owner,KR,core,2024-04-18,2024-04,powder,makeup,,ラネージュ,ミドル,0,0,0,https://prtimes.jp/main/html/rd/p/000000019.000105692.html
000000166.000072864,72864,花王株式会社（Kao Beauty Brands）,花王株式会社,brand_owner,JP,present_forward,2024-04-18,2024-04,serum,skincare,,SOFINA,ミドル,0,0,0,https://prtimes.jp/main/html/rd/p/000000166.000072864.html
000000533.000007954,7954,クラシエ株式会社（ホームプロダクツカンパニー）,クラシエ株式会社,brand_owner,JP,core,2024-04-18,2024-04,hair|serum,other,,,プチプラ,0,0,0,https://prtimes.jp/main/html/rd/p/000000533.000007954.html
000000594.000002061,2061,オルビス株式会社,株式会社オルビス,brand_owner,JP,core,2024-04-18,2024-04,sunscreen,skincare,,ORBIS,ミドル,0,0,0,https://prtimes.jp/main/html/rd/p/000000594.000002061.html
000000013.000119328,119328,アモーレパシフィックジャパン株式会社,アモーレパシフィックジャパン株式会社,brand_owner,KR,core,2024-04-19,2024-04,,none,ツボクサエキス,,デパコス,0,0,0,https://prtimes.jp/main/html/rd/p/000000013.000119328.html
000000124.000086691,86691,ユニリーバ・ジャパン・カスタマーマーケティング株式会社,ユニリーバ・ジャパン株式会社,brand_owner,global,core,2024-04-19,2024-04,,none,,LUX,プチプラ,0,0,0,https://prtimes.jp/main/html/rd/p/000000124.000086691.html
000000167.000072864,72864,花王株式会社（Kao Beauty Brands）,花王株式会社,brand_owner,JP,present_forward,2024-04-19,2024-04,base_makeup,makeup,,,mixed,0,0,0,https://prtimes.jp/main/html/rd/p/000000167.000072864.html
000000453.000014810,14810,パルファン・クリスチャン・ディオール・ジャポン株式会社,パルファン・クリスチャン・ディオール・ジャポン株式会社,brand_owner,global,present_forward,2024-04-19,2024-04,eye_cream|toner_lotion,skincare,,Dior,デパコス,0,0,0,https://prtimes.jp/main/html/rd/p/000000453.000014810.html
000000023.000077831,77831,株式会社mimi-Japan,株式会社mimi-Japan,importer,CN,core,2024-04-22,2024-04,lash_brow,makeup,,Judydoll,プチプラ/ミドル,0,0,0,https://prtimes.jp/main/html/rd/p/000000023.000077831.html
000000452.000014810,14810,パルファン・クリスチャン・ディオール・ジャポン株式会社,パルファン・クリスチャン・ディオール・ジャポン株式会社,brand_owner,global,present_forward,2024-04-22,2024-04,,none,,Dior,デパコス,0,0,0,https://prtimes.jp/main/html/rd/p/000000452.000014810.html
000000113.000031376,31376,アモーレパシフィックジャパン株式会社,アモーレパシフィックジャパン株式会社,brand_owner,KR,core,2024-04-23,2024-04,powder,makeup,,イニスフリー,プチプラ/ミドル,0,0,1,https://prtimes.jp/main/html/rd/p/000000113.000031376.html
000000165.000072864,72864,花王株式会社（Kao Beauty Brands）,花王株式会社,brand_owner,JP,present_forward,2024-04-23,2024-04,powder|base_makeup,makeup,,,mixed,0,0,0,https://prtimes.jp/main/html/rd/p/000000165.000072864.html
000000168.000072864,72864,花王株式会社（Kao Beauty Brands）,花王株式会社,brand_owner,JP,present_forward,2024-04-23,2024-04,,none,,,mixed,0,0,0,https://prtimes.jp/main/html/rd/p/000000168.000072864.html
000000181.000019685,19685,株式会社 井田ラボラトリーズ,株式会社井田ラボラトリーズ,brand_owner,JP,core,2024-04-23,2024-04,lipstick|blush|nail,makeup,,CANMAKE,プチプラ,0,0,0,https://prtimes.jp/main/html/rd/p/000000181.000019685.html
000000182.000019685,19685,株式会社 井田ラボラトリーズ,株式会社井田ラボラトリーズ,brand_owner,JP,core,2024-04-23,2024-04,fragrance,other,,,プチプラ,0,0,0,https://prtimes.jp/main/html/rd/p/000000182.000019685.html
000000437.000028974,28974,株式会社桃谷順天館,株式会社桃谷順天館,brand_owner,JP,present_forward,2024-04-23,2024-04,,none,,,プチプラ,0,0,0,https://prtimes.jp/main/html/rd/p/000000437.000028974.html
000000454.000014810,14810,パルファン・クリスチャン・ディオール・ジャポン株式会社,パルファン・クリスチャン・ディオール・ジャポン株式会社,brand_owner,global,present_forward,2024-04-23,2024-04,,none,,,デパコス,0,0,0,https://prtimes.jp/main/html/rd/p/000000454.000014810.html
000000929.000006496,6496,株式会社マンダム,株式会社マンダム,brand_owner,JP,present_forward,2024-04-23,2024-04,,none,,GATSBY,プチプラ,1,0,0,https://prtimes.jp/main/html/rd/p/000000929.000006496.html
000000033.000090124,90124,ELCジャパン合同会社,ELCジャパン合同会社,brand_owner,global,core,2024-04-25,2024-04,,none,,ジョー マローン ロンドン,デパコス,0,0,0,https://prtimes.jp/main/html/rd/p/000000033.000090124.html
000000499.000001572,1572,株式会社石澤研究所,株式会社石澤研究所,brand_owner,JP,core,2024-04-25,2024-04,cream,skincare,,,プチプラ,0,1,0,https://prtimes.jp/main/html/rd/p/000000499.000001572.html
000000936.000006496,6496,株式会社マンダム,株式会社マンダム,brand_owner,JP,present_forward,2024-04-25,2024-04,hair,other,,,プチプラ,0,0,0,https://prtimes.jp/main/html/rd/p/000000936.000006496.html
000000011.000035071,35071,株式会社BENOW JAPAN,株式会社BENOW JAPAN,importer,KR,core,2024-04-26,2024-04,toner_lotion,skincare,グルタチオン,numbuzin,ミドル,0,0,0,https://prtimes.jp/main/html/rd/p/000000011.000035071.html
000000037.000090124,90124,ELCジャパン合同会社,ELCジャパン合同会社,brand_owner,global,core,2024-04-26,2024-04,fragrance,other,,ジョー マローン ロンドン,デパコス,0,0,0,https://prtimes.jp/main/html/rd/p/000000037.000090124.html
000000403.000070897,70897,花王株式会社,花王株式会社,brand_owner,JP,present_forward,2024-04-26,2024-04,hair,other,,,mixed,0,0,0,https://prtimes.jp/main/html/rd/p/000000403.000070897.html
000000328.000030413,30413,株式会社ディーエイチシー,株式会社ディーエイチシー,brand_owner,JP,core,2024-04-30,2024-04,,none,,DHC,プチプラ/ミドル,0,1,0,https://prtimes.jp/main/html/rd/p/000000328.000030413.html
000000500.000001572,1572,株式会社石澤研究所,株式会社石澤研究所,brand_owner,JP,core,2024-04-30,2024-04,hair,other,,,プチプラ,0,0,0,https://prtimes.jp/main/html/rd/p/000000500.000001572.html
000000044.000096821,96821,VT COSMETICS,VT COSMETICS,brand_owner,KR,core,2024-05-01,2024-05,serum,skincare,ツボクサエキス,VT,プチプラ,0,0,0,https://prtimes.jp/main/html/rd/p/000000044.000096821.html
000000438.000028974,28974,株式会社桃谷順天館,株式会社桃谷順天館,brand_owner,JP,present_forward,2024-05-01,2024-05,,none,,明色,プチプラ,0,0,0,https://prtimes.jp/main/html/rd/p/000000438.000028974.html
000000006.000127171,127171,株式会社Goodai Global Japan,株式会社Goodai Global Japan,importer,KR,core,2024-05-08,2024-05,,none,,TIRTIR,プチプラ/ミドル,0,0,0,https://prtimes.jp/main/html/rd/p/000000006.000127171.html
000000060.000018737,18737,ELCジャパン合同会社,ELCジャパン合同会社,brand_owner,global,core,2024-05-09,2024-05,foundation,makeup,,エスティ ローダー,デパコス,0,0,0,https://prtimes.jp/main/html/rd/p/000000060.000018737.html
000000456.000014810,14810,パルファン・クリスチャン・ディオール・ジャポン株式会社,パルファン・クリスチャン・ディオール・ジャポン株式会社,brand_owner,global,present_forward,2024-05-09,2024-05,fragrance,other,,Dior,デパコス,0,0,0,https://prtimes.jp/main/html/rd/p/000000456.000014810.html
000000169.000072864,72864,花王株式会社（Kao Beauty Brands）,花王株式会社,brand_owner,JP,present_forward,2024-05-10,2024-05,,none,,,mixed,0,0,0,https://prtimes.jp/main/html/rd/p/000000169.000072864.html
000000455.000014810,14810,パルファン・クリスチャン・ディオール・ジャポン株式会社,パルファン・クリスチャン・ディオール・ジャポン株式会社,brand_owner,global,present_forward,2024-05-10,2024-05,eye_makeup,makeup,,,デパコス,0,0,0,https://prtimes.jp/main/html/rd/p/000000455.000014810.html
000000007.000127171,127171,株式会社Goodai Global Japan,株式会社Goodai Global Japan,importer,KR,core,2024-05-14,2024-05,base_makeup,makeup,,TIRTIR,プチプラ/ミドル,0,0,0,https://prtimes.jp/main/html/rd/p/000000007.000127171.html
000000258.000021350,21350,アモーレパシフィックジャパン株式会社,アモーレパシフィックジャパン株式会社,brand_owner,KR,core,2024-05-14,2024-05,lipstick,makeup,,エチュード,プチプラ,0,0,0,https://prtimes.jp/main/html/rd/p/000000258.000021350.html
000000363.000000263,263,常盤薬品工業株式会社,常盤薬品工業株式会社,brand_owner,JP,present_forward,2024-05-14,2024-05,eye_makeup,makeup,,,プチプラ,0,0,0,https://prtimes.jp/main/html/rd/p/000000363.000000263.html
000000598.000002061,2061,オルビス株式会社,株式会社オルビス,brand_owner,JP,core,2024-05-16,2024-05,cleansing,skincare,,ORBIS,ミドル,0,0,0,https://prtimes.jp/main/html/rd/p/000000598.000002061.html
000000081.000004359,4359,ELCジャパン合同会社,ELCジャパン合同会社,brand_owner,global,core,2024-05-17,2024-05,,none,,クリニーク,デパコス,0,0,0,https://prtimes.jp/main/html/rd/p/000000081.000004359.html
000000081.000042040,42040,株式会社セザンヌ化粧品,セザンヌ化粧品株式会社,brand_owner,JP,core,2024-05-17,2024-05,eye_makeup,makeup,,CEZANNE,プチプラ,0,0,0,https://prtimes.jp/main/html/rd/p/000000081.000042040.html
000000125.000086691,86691,ユニリーバ・ジャパン・カスタマーマーケティング株式会社,ユニリーバ・ジャパン株式会社,brand_owner,global,core,2024-05-20,2024-05,,none,,LUX,プチプラ,0,0,0,https://prtimes.jp/main/html/rd/p/000000125.000086691.html
000000364.000000263,263,常盤薬品工業株式会社,常盤薬品工業株式会社,brand_owner,JP,present_forward,2024-05-20,2024-05,cleansing|face_wash,skincare,,なめらか本舗,プチプラ,0,0,0,https://prtimes.jp/main/html/rd/p/000000364.000000263.html
000000066.000056098,56098,株式会社クリオ,株式会社クリオ,brand_owner,KR,core,2024-05-21,2024-05,,none,,CLIO,ミドル,0,0,0,https://prtimes.jp/main/html/rd/p/000000066.000056098.html
000000259.000021350,21350,アモーレパシフィックジャパン株式会社,アモーレパシフィックジャパン株式会社,brand_owner,KR,core,2024-05-21,2024-05,lash_brow,makeup,,エチュード,プチプラ,0,0,0,https://prtimes.jp/main/html/rd/p/000000259.000021350.html
000000067.000056098,56098,株式会社クリオ,株式会社クリオ,brand_owner,KR,core,2024-05-22,2024-05,,none,,CLIO,ミドル,0,0,0,https://prtimes.jp/main/html/rd/p/000000067.000056098.html
000000458.000014810,14810,パルファン・クリスチャン・ディオール・ジャポン株式会社,パルファン・クリスチャン・ディオール・ジャポン株式会社,brand_owner,global,present_forward,2024-05-22,2024-05,cream|lipstick,skincare,,Dior,デパコス,0,0,0,https://prtimes.jp/main/html/rd/p/000000458.000014810.html
000000183.000019685,19685,株式会社 井田ラボラトリーズ,株式会社井田ラボラトリーズ,brand_owner,JP,core,2024-05-23,2024-05,powder,makeup,,CANMAKE,プチプラ,0,0,0,https://prtimes.jp/main/html/rd/p/000000183.000019685.html
000000184.000019685,19685,株式会社 井田ラボラトリーズ,株式会社井田ラボラトリーズ,brand_owner,JP,core,2024-05-23,2024-05,powder|blush,makeup,,CANMAKE,プチプラ,0,0,0,https://prtimes.jp/main/html/rd/p/000000184.000019685.html
000000024.000077831,77831,株式会社mimi-Japan,株式会社mimi-Japan,importer,CN,core,2024-05-24,2024-05,lipstick,makeup,,Judydoll,プチプラ/ミドル,0,0,0,https://prtimes.jp/main/html/rd/p/000000024.000077831.html
000000457.000014810,14810,パルファン・クリスチャン・ディオール・ジャポン株式会社,パルファン・クリスチャン・ディオール・ジャポン株式会社,brand_owner,global,present_forward,2024-05-24,2024-05,cream,skincare,ツボクサエキス,Dior,デパコス,0,0,1,https://prtimes.jp/main/html/rd/p/000000457.000014810.html
000000019.000121730,121730,ＪＮＴＬコンシューマーヘルス株式会社,ケンビュー・ジャパン合同会社,brand_owner,global,core,2024-05-28,2024-05,toner_lotion,skincare,,,プチプラ/ミドル,0,0,1,https://prtimes.jp/main/html/rd/p/000000019.000121730.html
000000171.000072864,72864,花王株式会社（Kao Beauty Brands）,花王株式会社,brand_owner,JP,present_forward,2024-05-29,2024-05,,none,,,mixed,0,0,0,https://prtimes.jp/main/html/rd/p/000000171.000072864.html
000000439.000028974,28974,株式会社桃谷順天館,株式会社桃谷順天館,brand_owner,JP,present_forward,2024-05-29,2024-05,,none,,明色,プチプラ,1,0,0,https://prtimes.jp/main/html/rd/p/000000439.000028974.html
000000603.000002061,2061,オルビス株式会社,株式会社オルビス,brand_owner,JP,core,2024-05-29,2024-05,,none,,ORBIS,ミドル,0,0,0,https://prtimes.jp/main/html/rd/p/000000603.000002061.html
000000039.000090124,90124,ELCジャパン合同会社,ELCジャパン合同会社,brand_owner,global,core,2024-05-30,2024-05,,none,,ジョー マローン ロンドン,デパコス,0,0,0,https://prtimes.jp/main/html/rd/p/000000039.000090124.html
000000117.000031376,31376,アモーレパシフィックジャパン株式会社,アモーレパシフィックジャパン株式会社,brand_owner,KR,core,2024-05-30,2024-05,,none,,イニスフリー,プチプラ/ミドル,0,0,0,https://prtimes.jp/main/html/rd/p/000000117.000031376.html
000000068.000056098,56098,株式会社クリオ,株式会社クリオ,brand_owner,KR,core,2024-05-31,2024-05,,none,アスコルビン酸,,,0,0,0,https://prtimes.jp/main/html/rd/p/000000068.000056098.html
000000599.000002061,2061,オルビス株式会社,株式会社オルビス,brand_owner,JP,core,2024-05-31,2024-05,,none,,ORBIS,ミドル,0,0,0,https://prtimes.jp/main/html/rd/p/000000599.000002061.html
000000021.000105692,105692,アモーレパシフィックジャパン株式会社,アモーレパシフィックジャパン株式会社,brand_owner,KR,core,2024-06-03,2024-06,lipstick,makeup,,ラネージュ,ミドル,0,0,0,https://prtimes.jp/main/html/rd/p/000000021.000105692.html
000000090.000076505,76505,株式会社韓国高麗人蔘社,株式会社韓国高麗人蔘社,importer,KR,core,2024-06-03,2024-06,,none,,,,0,0,0,https://prtimes.jp/main/html/rd/p/000000090.000076505.html
000000365.000000263,263,常盤薬品工業株式会社,常盤薬品工業株式会社,brand_owner,JP,present_forward,2024-06-03,2024-06,,none,,なめらか本舗,プチプラ,0,0,0,https://prtimes.jp/main/html/rd/p/000000365.000000263.html
000000465.000014810,14810,パルファン・クリスチャン・ディオール・ジャポン株式会社,パルファン・クリスチャン・ディオール・ジャポン株式会社,brand_owner,global,present_forward,2024-06-03,2024-06,,none,,Dior,デパコス,0,0,0,https://prtimes.jp/main/html/rd/p/000000465.000014810.html
000000172.000072864,72864,花王株式会社（Kao Beauty Brands）,花王株式会社,brand_owner,JP,present_forward,2024-06-05,2024-06,foundation|cream,makeup,,est,デパコス,0,0,0,https://prtimes.jp/main/html/rd/p/000000172.000072864.html
000000504.000001572,1572,株式会社石澤研究所,株式会社石澤研究所,brand_owner,JP,core,2024-06-05,2024-06,,none,,,プチプラ,0,0,0,https://prtimes.jp/main/html/rd/p/000000504.000001572.html
000000022.000105692,105692,アモーレパシフィックジャパン株式会社,アモーレパシフィックジャパン株式会社,brand_owner,KR,core,2024-06-06,2024-06,,none,,ラネージュ,ミドル,0,0,0,https://prtimes.jp/main/html/rd/p/000000022.000105692.html
000000366.000000263,263,常盤薬品工業株式会社,常盤薬品工業株式会社,brand_owner,JP,present_forward,2024-06-11,2024-06,sunscreen|powder,skincare,,,プチプラ,0,0,0,https://prtimes.jp/main/html/rd/p/000000366.000000263.html
000000440.000028974,28974,株式会社桃谷順天館,株式会社桃谷順天館,brand_owner,JP,present_forward,2024-06-11,2024-06,,none,,,プチプラ,0,0,0,https://prtimes.jp/main/html/rd/p/000000440.000028974.html
000000025.000077831,77831,株式会社mimi-Japan,株式会社mimi-Japan,importer,CN,core,2024-06-13,2024-06,,none,,,,0,0,0,https://prtimes.jp/main/html/rd/p/000000025.000077831.html
000000082.000042040,42040,株式会社セザンヌ化粧品,セザンヌ化粧品株式会社,brand_owner,JP,core,2024-06-13,2024-06,eye_makeup|lipstick,makeup,,CEZANNE,プチプラ,0,0,0,https://prtimes.jp/main/html/rd/p/000000082.000042040.html
000000414.000070897,70897,花王株式会社,花王株式会社,brand_owner,JP,present_forward,2024-06-13,2024-06,serum,skincare,,,mixed,0,0,0,https://prtimes.jp/main/html/rd/p/000000414.000070897.html
000000502.000001572,1572,株式会社石澤研究所,株式会社石澤研究所,brand_owner,JP,core,2024-06-13,2024-06,,none,,毛穴撫子,プチプラ,0,0,0,https://prtimes.jp/main/html/rd/p/000000502.000001572.html
000000534.000007954,7954,クラシエ株式会社（ホームプロダクツカンパニー）,クラシエ株式会社,brand_owner,JP,core,2024-06-13,2024-06,cream,skincare,,,プチプラ,0,0,0,https://prtimes.jp/main/html/rd/p/000000534.000007954.html
000000464.000014810,14810,パルファン・クリスチャン・ディオール・ジャポン株式会社,パルファン・クリスチャン・ディオール・ジャポン株式会社,brand_owner,global,present_forward,2024-06-14,2024-06,,none,,Dior,デパコス,0,0,0,https://prtimes.jp/main/html/rd/p/000000464.000014810.html
000000289.000022808,22808,資生堂ジャパン株式会社,株式会社資生堂,brand_owner,JP,present_forward,2024-06-15,2024-06,lipstick,makeup,,,mixed,0,0,0,https://prtimes.jp/main/html/rd/p/000000289.000022808.html
000000046.000096821,96821,VT COSMETICS,VT COSMETICS,brand_owner,KR,core,2024-06-17,2024-06,,none,ツボクサエキス,VT,プチプラ,0,0,1,https://prtimes.jp/main/html/rd/p/000000046.000096821.html
000000082.000024471,24471,日本ロレアル株式会社　タカミ事業部,日本ロレアル株式会社,brand_owner,global,core,2024-06-18,2024-06,,none,,,mixed,0,0,0,https://prtimes.jp/main/html/rd/p/000000082.000024471.html
000000461.000014810,14810,パルファン・クリスチャン・ディオール・ジャポン株式会社,パルファン・クリスチャン・ディオール・ジャポン株式会社,brand_owner,global,present_forward,2024-06-18,2024-06,eye_makeup,makeup,,Dior,デパコス,0,0,0,https://prtimes.jp/main/html/rd/p/000000461.000014810.html
000000601.000002061,2061,オルビス株式会社,株式会社オルビス,brand_owner,JP,core,2024-06-19,2024-06,powder|face_wash,makeup,,,ミドル,0,1,0,https://prtimes.jp/main/html/rd/p/000000601.000002061.html
000000604.000002061,2061,オルビス株式会社,株式会社オルビス,brand_owner,JP,core,2024-06-19,2024-06,,none,,ORBIS,ミドル,0,0,0,https://prtimes.jp/main/html/rd/p/000000604.000002061.html
000000014.000035071,35071,株式会社BENOW JAPAN,株式会社BENOW JAPAN,importer,KR,core,2024-06-21,2024-06,,none,,numbuzin,ミドル,0,0,0,https://prtimes.jp/main/html/rd/p/000000014.000035071.html
000000186.000019685,19685,株式会社 井田ラボラトリーズ,株式会社井田ラボラトリーズ,brand_owner,JP,core,2024-06-21,2024-06,nail,makeup,,CANMAKE,プチプラ,0,0,0,https://prtimes.jp/main/html/rd/p/000000186.000019685.html
000000346.000044879,44879,ロート製薬株式会社,ロート製薬株式会社,brand_owner,JP,present_forward,2024-06-21,2024-06,hair,other,,,プチプラ/ミドル,0,0,0,https://prtimes.jp/main/html/rd/p/000000346.000044879.html
000000469.000014810,14810,パルファン・クリスチャン・ディオール・ジャポン株式会社,パルファン・クリスチャン・ディオール・ジャポン株式会社,brand_owner,global,present_forward,2024-06-21,2024-06,foundation|blush,makeup,,Dior,デパコス,0,0,0,https://prtimes.jp/main/html/rd/p/000000469.000014810.html
000000261.000021350,21350,アモーレパシフィックジャパン株式会社,アモーレパシフィックジャパン株式会社,brand_owner,KR,core,2024-06-24,2024-06,lash_brow,makeup,,エチュード,プチプラ,0,0,0,https://prtimes.jp/main/html/rd/p/000000261.000021350.html
000000066.000064854,64854,P&Gプレステージ合同会社,P&Gプレステージ合同会社,brand_owner,global,core,2024-06-25,2024-06,,none,,SK-II,デパコス,0,0,0,https://prtimes.jp/main/html/rd/p/000000066.000064854.html
000000091.000076505,76505,株式会社韓国高麗人蔘社,株式会社韓国高麗人蔘社,importer,KR,core,2024-06-25,2024-06,eye_makeup|lipstick,makeup,,,,0,0,0,https://prtimes.jp/main/html/rd/p/000000091.000076505.html
000000067.000064854,64854,P&Gプレステージ合同会社,P&Gプレステージ合同会社,brand_owner,global,core,2024-06-26,2024-06,,none,,SK-II,デパコス,0,0,0,https://prtimes.jp/main/html/rd/p/000000067.000064854.html
000000470.000014810,14810,パルファン・クリスチャン・ディオール・ジャポン株式会社,パルファン・クリスチャン・ディオール・ジャポン株式会社,brand_owner,global,present_forward,2024-06-26,2024-06,lipstick,makeup,,Dior,デパコス,0,0,0,https://prtimes.jp/main/html/rd/p/000000470.000014810.html
000000118.000081704,81704,株式会社ファイントゥデイ,ファイントゥデイ株式会社,brand_owner,JP,core,2024-06-27,2024-06,face_wash,skincare,,SENKA,プチプラ,0,0,0,https://prtimes.jp/main/html/rd/p/000000118.000081704.html
000000120.000031376,31376,アモーレパシフィックジャパン株式会社,アモーレパシフィックジャパン株式会社,brand_owner,KR,core,2024-06-27,2024-06,serum,skincare,,イニスフリー,プチプラ/ミドル,0,0,0,https://prtimes.jp/main/html/rd/p/000000120.000031376.html
000000341.000030413,30413,株式会社ディーエイチシー,株式会社ディーエイチシー,brand_owner,JP,core,2024-06-27,2024-06,face_wash,skincare,,DHC,プチプラ/ミドル,0,0,0,https://prtimes.jp/main/html/rd/p/000000341.000030413.html
000000092.000076505,76505,株式会社韓国高麗人蔘社,株式会社韓国高麗人蔘社,importer,KR,core,2024-06-28,2024-06,,none,,rom&nd,プチプラ,0,0,0,https://prtimes.jp/main/html/rd/p/000000092.000076505.html
000000094.000076505,76505,株式会社韓国高麗人蔘社,株式会社韓国高麗人蔘社,importer,KR,core,2024-06-28,2024-06,,none,,rom&nd,プチプラ,0,0,0,https://prtimes.jp/main/html/rd/p/000000094.000076505.html
000000291.000022808,22808,資生堂ジャパン株式会社,株式会社資生堂,brand_owner,JP,present_forward,2024-06-28,2024-06,base_makeup,makeup,,,mixed,0,0,0,https://prtimes.jp/main/html/rd/p/000000291.000022808.html
000000472.000014810,14810,パルファン・クリスチャン・ディオール・ジャポン株式会社,パルファン・クリスチャン・ディオール・ジャポン株式会社,brand_owner,global,present_forward,2024-06-28,2024-06,lipstick,makeup,,Dior,デパコス,0,0,0,https://prtimes.jp/main/html/rd/p/000000472.000014810.html
000000042.000090124,90124,ELCジャパン合同会社,ELCジャパン合同会社,brand_owner,global,core,2024-07-01,2024-07,fragrance,other,,ジョー マローン ロンドン,デパコス,0,0,0,https://prtimes.jp/main/html/rd/p/000000042.000090124.html
000000082.000004359,4359,ELCジャパン合同会社,ELCジャパン合同会社,brand_owner,global,core,2024-07-01,2024-07,lash_brow,makeup,,クリニーク,デパコス,0,0,0,https://prtimes.jp/main/html/rd/p/000000082.000004359.html
000000108.000006944,6944,ニベア花王株式会社,ニベア花王株式会社,brand_owner,global,core,2024-07-01,2024-07,,none,,NIVEA,プチプラ/ミドル,0,0,0,https://prtimes.jp/main/html/rd/p/000000108.000006944.html
000000121.000031376,31376,アモーレパシフィックジャパン株式会社,アモーレパシフィックジャパン株式会社,brand_owner,KR,core,2024-07-01,2024-07,powder,makeup,,イニスフリー,プチプラ/ミドル,0,1,1,https://prtimes.jp/main/html/rd/p/000000121.000031376.html
000000177.000072864,72864,花王株式会社（Kao Beauty Brands）,花王株式会社,brand_owner,JP,present_forward,2024-07-02,2024-07,,none,,est,デパコス,0,1,0,https://prtimes.jp/main/html/rd/p/000000177.000072864.html
000000262.000021350,21350,アモーレパシフィックジャパン株式会社,アモーレパシフィックジャパン株式会社,brand_owner,KR,core,2024-07-02,2024-07,,none,,エチュード,プチプラ,0,0,0,https://prtimes.jp/main/html/rd/p/000000262.000021350.html
000000444.000028974,28974,株式会社桃谷順天館,株式会社桃谷順天館,brand_owner,JP,present_forward,2024-07-02,2024-07,toner_lotion,skincare,,,プチプラ,0,0,0,https://prtimes.jp/main/html/rd/p/000000444.000028974.html
000000537.000007954,7954,クラシエ株式会社（ホームプロダクツカンパニー）,クラシエ株式会社,brand_owner,JP,core,2024-07-02,2024-07,body,other,,,プチプラ,0,0,0,https://prtimes.jp/main/html/rd/p/000000537.000007954.html
000000420.000070897,70897,花王株式会社,花王株式会社,brand_owner,JP,present_forward,2024-07-04,2024-07,,none,,est,デパコス,0,0,0,https://prtimes.jp/main/html/rd/p/000000420.000070897.html
000000085.000042040,42040,株式会社セザンヌ化粧品,セザンヌ化粧品株式会社,brand_owner,JP,core,2024-07-05,2024-07,lash_brow,makeup,,CEZANNE,プチプラ,0,0,0,https://prtimes.jp/main/html/rd/p/000000085.000042040.html
000000109.000006944,6944,ニベア花王株式会社,ニベア花王株式会社,brand_owner,global,core,2024-07-05,2024-07,,none,,NIVEA,プチプラ/ミドル,0,0,0,https://prtimes.jp/main/html/rd/p/000000109.000006944.html
000000131.000086691,86691,ユニリーバ・ジャパン・カスタマーマーケティング株式会社,ユニリーバ・ジャパン株式会社,brand_owner,global,core,2024-07-05,2024-07,,none,,,プチプラ,0,0,0,https://prtimes.jp/main/html/rd/p/000000131.000086691.html
000000540.000007954,7954,クラシエ株式会社（ホームプロダクツカンパニー）,クラシエ株式会社,brand_owner,JP,core,2024-07-05,2024-07,body,other,,,プチプラ,0,0,1,https://prtimes.jp/main/html/rd/p/000000540.000007954.html
000000473.000014810,14810,パルファン・クリスチャン・ディオール・ジャポン株式会社,パルファン・クリスチャン・ディオール・ジャポン株式会社,brand_owner,global,present_forward,2024-07-08,2024-07,,none,,Dior,デパコス,0,0,0,https://prtimes.jp/main/html/rd/p/000000473.000014810.html
000000026.000077831,77831,株式会社mimi-Japan,株式会社mimi-Japan,importer,CN,core,2024-07-09,2024-07,,none,,Judydoll,プチプラ/ミドル,0,1,0,https://prtimes.jp/main/html/rd/p/000000026.000077831.html
000000069.000064854,64854,P&Gプレステージ合同会社,P&Gプレステージ合同会社,brand_owner,global,core,2024-07-09,2024-07,,none,,SK-II,デパコス,0,0,0,https://prtimes.jp/main/html/rd/p/000000069.000064854.html
000000102.000076505,76505,株式会社韓国高麗人蔘社,株式会社韓国高麗人蔘社,importer,KR,core,2024-07-09,2024-07,,none,,,,0,0,0,https://prtimes.jp/main/html/rd/p/000000102.000076505.html
000000368.000000263,263,常盤薬品工業株式会社,常盤薬品工業株式会社,brand_owner,JP,present_forward,2024-07-09,2024-07,nail,makeup,,,プチプラ,0,0,0,https://prtimes.jp/main/html/rd/p/000000368.000000263.html
000000369.000000263,263,常盤薬品工業株式会社,常盤薬品工業株式会社,brand_owner,JP,present_forward,2024-07-09,2024-07,eye_makeup,makeup,,,プチプラ,0,0,0,https://prtimes.jp/main/html/rd/p/000000369.000000263.html
000000083.000004359,4359,ELCジャパン合同会社,ELCジャパン合同会社,brand_owner,global,core,2024-07-10,2024-07,,none,,クリニーク,デパコス,0,0,0,https://prtimes.jp/main/html/rd/p/000000083.000004359.html
000000110.000006944,6944,ニベア花王株式会社,ニベア花王株式会社,brand_owner,global,core,2024-07-11,2024-07,cream,skincare,,NIVEA,プチプラ/ミドル,0,0,0,https://prtimes.jp/main/html/rd/p/000000110.000006944.html
000000293.000022808,22808,資生堂ジャパン株式会社,株式会社資生堂,brand_owner,JP,present_forward,2024-07-12,2024-07,foundation,makeup,,,mixed,0,0,0,https://prtimes.jp/main/html/rd/p/000000293.000022808.html
000000008.000127171,127171,株式会社Goodai Global Japan,株式会社Goodai Global Japan,importer,KR,core,2024-07-16,2024-07,base_makeup,makeup,,TIRTIR,プチプラ/ミドル,0,0,0,https://prtimes.jp/main/html/rd/p/000000008.000127171.html
000000263.000021350,21350,アモーレパシフィックジャパン株式会社,アモーレパシフィックジャパン株式会社,brand_owner,KR,core,2024-07-16,2024-07,,none,,エチュード,プチプラ,0,0,0,https://prtimes.jp/main/html/rd/p/000000263.000021350.html
000000371.000000263,263,常盤薬品工業株式会社,常盤薬品工業株式会社,brand_owner,JP,present_forward,2024-07-16,2024-07,,none,,なめらか本舗,プチプラ,1,0,0,https://prtimes.jp/main/html/rd/p/000000371.000000263.html
000000474.000014810,14810,パルファン・クリスチャン・ディオール・ジャポン株式会社,パルファン・クリスチャン・ディオール・ジャポン株式会社,brand_owner,global,present_forward,2024-07-16,2024-07,lipstick,makeup,,Dior,デパコス,0,0,0,https://prtimes.jp/main/html/rd/p/000000474.000014810.html
000000605.000002061,2061,オルビス株式会社,株式会社オルビス,brand_owner,JP,core,2024-07-16,2024-07,,none,,ORBIS,ミドル,0,0,0,https://prtimes.jp/main/html/rd/p/000000605.000002061.html
000000122.000031376,31376,アモーレパシフィックジャパン株式会社,アモーレパシフィックジャパン株式会社,brand_owner,KR,core,2024-07-17,2024-07,serum,skincare,レチノール|DNA-Na,イニスフリー,プチプラ/ミドル,0,0,0,https://prtimes.jp/main/html/rd/p/000000122.000031376.html
000000015.000108700,108700,株式会社APRJP,株式会社APRJP,brand_owner,KR,core,2024-07-19,2024-07,serum,skincare,加水分解コラーゲン|ペプチド|DNA-Na,medicube,ミドル,0,0,0,https://prtimes.jp/main/html/rd/p/000000015.000108700.html
000000026.000105692,105692,アモーレパシフィックジャパン株式会社,アモーレパシフィックジャパン株式会社,brand_owner,KR,core,2024-07-22,2024-07,lip_balm|lipstick,makeup,,ラネージュ,ミドル,0,0,0,https://prtimes.jp/main/html/rd/p/000000026.000105692.html
000000086.000042040,42040,株式会社セザンヌ化粧品,セザンヌ化粧品株式会社,brand_owner,JP,core,2024-07-22,2024-07,lash_brow|powder,makeup,,CEZANNE,プチプラ,0,0,0,https://prtimes.jp/main/html/rd/p/000000086.000042040.html
000000294.000022808,22808,資生堂ジャパン株式会社,株式会社資生堂,brand_owner,JP,present_forward,2024-07-22,2024-07,,none,,,mixed,0,0,0,https://prtimes.jp/main/html/rd/p/000000294.000022808.html
000000352.000044879,44879,ロート製薬株式会社,ロート製薬株式会社,brand_owner,JP,present_forward,2024-07-22,2024-07,toner_lotion,skincare,,,プチプラ/ミドル,0,0,0,https://prtimes.jp/main/html/rd/p/000000352.000044879.html
000000452.000028974,28974,株式会社桃谷順天館,株式会社桃谷順天館,brand_owner,JP,present_forward,2024-07-22,2024-07,,none,バクチオール|レチノール,明色,プチプラ,0,0,0,https://prtimes.jp/main/html/rd/p/000000452.000028974.html
000000475.000014810,14810,パルファン・クリスチャン・ディオール・ジャポン株式会社,パルファン・クリスチャン・ディオール・ジャポン株式会社,brand_owner,global,present_forward,2024-07-22,2024-07,lipstick,makeup,,Dior,デパコス,0,0,0,https://prtimes.jp/main/html/rd/p/000000475.000014810.html
000000083.000024471,24471,日本ロレアル株式会社　タカミ事業部,日本ロレアル株式会社,brand_owner,global,core,2024-07-23,2024-07,serum,skincare,,タカミ,ミドル,0,0,0,https://prtimes.jp/main/html/rd/p/000000083.000024471.html
000000187.000019685,19685,株式会社 井田ラボラトリーズ,株式会社井田ラボラトリーズ,brand_owner,JP,core,2024-07-23,2024-07,lipstick|nail,makeup,,CANMAKE,プチプラ,0,0,1,https://prtimes.jp/main/html/rd/p/000000187.000019685.html
000000134.000086691,86691,ユニリーバ・ジャパン・カスタマーマーケティング株式会社,ユニリーバ・ジャパン株式会社,brand_owner,global,core,2024-07-24,2024-07,,none,,LUX,プチプラ,0,0,1,https://prtimes.jp/main/html/rd/p/000000134.000086691.html
000000451.000028974,28974,株式会社桃谷順天館,株式会社桃谷順天館,brand_owner,JP,present_forward,2024-07-25,2024-07,cleansing|serum,skincare,,,プチプラ,0,0,0,https://prtimes.jp/main/html/rd/p/000000451.000028974.html
000000373.000000263,263,常盤薬品工業株式会社,常盤薬品工業株式会社,brand_owner,JP,present_forward,2024-07-26,2024-07,lash_brow|powder,makeup,,,プチプラ,0,0,0,https://prtimes.jp/main/html/rd/p/000000373.000000263.html
000000295.000022808,22808,資生堂ジャパン株式会社,株式会社資生堂,brand_owner,JP,present_forward,2024-07-28,2024-07,powder,makeup,,,mixed,0,0,0,https://prtimes.jp/main/html/rd/p/000000295.000022808.html
000000135.000086691,86691,ユニリーバ・ジャパン・カスタマーマーケティング株式会社,ユニリーバ・ジャパン株式会社,brand_owner,global,core,2024-07-29,2024-07,body|cream,other,ヒアルロン酸Na|レチノール,,プチプラ,0,0,0,https://prtimes.jp/main/html/rd/p/000000135.000086691.html
000000297.000022808,22808,資生堂ジャパン株式会社,株式会社資生堂,brand_owner,JP,present_forward,2024-07-29,2024-07,lipstick,makeup,,,mixed,0,0,0,https://prtimes.jp/main/html/rd/p/000000297.000022808.html
000000010.000127171,127171,株式会社Goodai Global Japan,株式会社Goodai Global Japan,importer,KR,core,2024-07-30,2024-07,,none,,TIRTIR,プチプラ/ミドル,0,0,0,https://prtimes.jp/main/html/rd/p/000000010.000127171.html
000000264.000021350,21350,アモーレパシフィックジャパン株式会社,アモーレパシフィックジャパン株式会社,brand_owner,KR,core,2024-07-30,2024-07,,none,,エチュード,プチプラ,0,0,0,https://prtimes.jp/main/html/rd/p/000000264.000021350.html
000000543.000007954,7954,クラシエ株式会社（ホームプロダクツカンパニー）,クラシエ株式会社,brand_owner,JP,core,2024-07-30,2024-07,hair,other,,,プチプラ,0,0,0,https://prtimes.jp/main/html/rd/p/000000543.000007954.html
000000136.000086691,86691,ユニリーバ・ジャパン・カスタマーマーケティング株式会社,ユニリーバ・ジャパン株式会社,brand_owner,global,core,2024-07-31,2024-07,toner_lotion,skincare,,,プチプラ,0,1,0,https://prtimes.jp/main/html/rd/p/000000136.000086691.html
000000027.000105692,105692,アモーレパシフィックジャパン株式会社,アモーレパシフィックジャパン株式会社,brand_owner,KR,core,2024-08-01,2024-08,lipstick,makeup,,ラネージュ,ミドル,0,0,0,https://prtimes.jp/main/html/rd/p/000000027.000105692.html
000000028.000077831,77831,株式会社mimi-Japan,株式会社mimi-Japan,importer,CN,core,2024-08-01,2024-08,,none,,Judydoll,プチプラ/ミドル,0,0,0,https://prtimes.jp/main/html/rd/p/000000028.000077831.html
000000124.000031376,31376,アモーレパシフィックジャパン株式会社,アモーレパシフィックジャパン株式会社,brand_owner,KR,core,2024-08-01,2024-08,,none,,イニスフリー,プチプラ/ミドル,0,1,0,https://prtimes.jp/main/html/rd/p/000000124.000031376.html
000000265.000021350,21350,アモーレパシフィックジャパン株式会社,アモーレパシフィックジャパン株式会社,brand_owner,KR,core,2024-08-01,2024-08,lash_brow,makeup,,エチュード,プチプラ,0,0,0,https://prtimes.jp/main/html/rd/p/000000265.000021350.html
000000359.000044879,44879,ロート製薬株式会社,ロート製薬株式会社,brand_owner,JP,present_forward,2024-08-01,2024-08,emulsion|lip_balm|body,skincare,セラミド,,プチプラ/ミドル,0,0,0,https://prtimes.jp/main/html/rd/p/000000359.000044879.html
000000544.000007954,7954,クラシエ株式会社（ホームプロダクツカンパニー）,クラシエ株式会社,brand_owner,JP,core,2024-08-02,2024-08,face_wash|body,skincare,,,プチプラ,0,0,0,https://prtimes.jp/main/html/rd/p/000000544.000007954.html
000000476.000014810,14810,パルファン・クリスチャン・ディオール・ジャポン株式会社,パルファン・クリスチャン・ディオール・ジャポン株式会社,brand_owner,global,present_forward,2024-08-03,2024-08,,none,,Dior,デパコス,0,0,0,https://prtimes.jp/main/html/rd/p/000000476.000014810.html
000000137.000086691,86691,ユニリーバ・ジャパン・カスタマーマーケティング株式会社,ユニリーバ・ジャパン株式会社,brand_owner,global,core,2024-08-05,2024-08,cream,skincare,,Dove,プチプラ,0,0,0,https://prtimes.jp/main/html/rd/p/000000137.000086691.html
000000423.000070897,70897,花王株式会社,花王株式会社,brand_owner,JP,present_forward,2024-08-05,2024-08,hair,other,,,mixed,0,1,0,https://prtimes.jp/main/html/rd/p/000000423.000070897.html
000000546.000007954,7954,クラシエ株式会社（ホームプロダクツカンパニー）,クラシエ株式会社,brand_owner,JP,core,2024-08-05,2024-08,body,other,,,プチプラ,0,0,0,https://prtimes.jp/main/html/rd/p/000000546.000007954.html
000000140.000086691,86691,ユニリーバ・ジャパン・カスタマーマーケティング株式会社,ユニリーバ・ジャパン株式会社,brand_owner,global,core,2024-08-06,2024-08,face_wash,skincare,,Dove,プチプラ,0,0,0,https://prtimes.jp/main/html/rd/p/000000140.000086691.html
000000374.000000263,263,常盤薬品工業株式会社,常盤薬品工業株式会社,brand_owner,JP,present_forward,2024-08-06,2024-08,lash_brow,makeup,,,プチプラ,0,1,0,https://prtimes.jp/main/html/rd/p/000000374.000000263.html
000000507.000001572,1572,株式会社石澤研究所,株式会社石澤研究所,brand_owner,JP,core,2024-08-06,2024-08,serum,skincare,,,プチプラ,0,0,0,https://prtimes.jp/main/html/rd/p/000000507.000001572.html
000000123.000081704,81704,株式会社ファイントゥデイ,ファイントゥデイ株式会社,brand_owner,JP,core,2024-08-07,2024-08,hair,other,,TSUBAKI,プチプラ,0,1,0,https://prtimes.jp/main/html/rd/p/000000123.000081704.html
000000141.000086691,86691,ユニリーバ・ジャパン・カスタマーマーケティング株式会社,ユニリーバ・ジャパン株式会社,brand_owner,global,core,2024-08-08,2024-08,,none,,Dove,プチプラ,0,0,0,https://prtimes.jp/main/html/rd/p/000000141.000086691.html
000000086.000024471,24471,日本ロレアル株式会社　タカミ事業部,日本ロレアル株式会社,brand_owner,global,core,2024-08-09,2024-08,serum,skincare,,タカミ,ミドル,0,1,0,https://prtimes.jp/main/html/rd/p/000000086.000024471.html
000000300.000022808,22808,資生堂ジャパン株式会社,株式会社資生堂,brand_owner,JP,present_forward,2024-08-09,2024-08,lipstick,makeup,,,mixed,0,0,0,https://prtimes.jp/main/html/rd/p/000000300.000022808.html
000000549.000007954,7954,クラシエ株式会社（ホームプロダクツカンパニー）,クラシエ株式会社,brand_owner,JP,core,2024-08-09,2024-08,serum,skincare,,,プチプラ,1,1,0,https://prtimes.jp/main/html/rd/p/000000549.000007954.html
000000302.000022808,22808,資生堂ジャパン株式会社,株式会社資生堂,brand_owner,JP,present_forward,2024-08-12,2024-08,lipstick,makeup,,,mixed,0,0,0,https://prtimes.jp/main/html/rd/p/000000302.000022808.html
000000084.000004359,4359,ELCジャパン合同会社,ELCジャパン合同会社,brand_owner,global,core,2024-08-19,2024-08,,none,,クリニーク,デパコス,0,0,0,https://prtimes.jp/main/html/rd/p/000000084.000004359.html
000000107.000076505,76505,株式会社韓国高麗人蔘社,株式会社韓国高麗人蔘社,importer,KR,core,2024-08-19,2024-08,lipstick,makeup,,rom&nd,プチプラ,0,0,0,https://prtimes.jp/main/html/rd/p/000000107.000076505.html
000000616.000002061,2061,オルビス株式会社,株式会社オルビス,brand_owner,JP,core,2024-08-19,2024-08,,none,,ORBIS,ミドル,0,0,1,https://prtimes.jp/main/html/rd/p/000000616.000002061.html
000000375.000000263,263,常盤薬品工業株式会社,常盤薬品工業株式会社,brand_owner,JP,present_forward,2024-08-20,2024-08,lash_brow,makeup,,,プチプラ,0,0,0,https://prtimes.jp/main/html/rd/p/000000375.000000263.html
000000550.000007954,7954,クラシエ株式会社（ホームプロダクツカンパニー）,クラシエ株式会社,brand_owner,JP,core,2024-08-20,2024-08,face_wash,skincare,,肌美精,プチプラ,1,0,1,https://prtimes.jp/main/html/rd/p/000000550.000007954.html
000000611.000002061,2061,オルビス株式会社,株式会社オルビス,brand_owner,JP,core,2024-08-20,2024-08,serum|hair,skincare,,ORBIS,ミドル,0,0,0,https://prtimes.jp/main/html/rd/p/000000611.000002061.html
000000612.000002061,2061,オルビス株式会社,株式会社オルビス,brand_owner,JP,core,2024-08-20,2024-08,toner_lotion|serum,skincare,,ORBIS,ミドル,0,0,0,https://prtimes.jp/main/html/rd/p/000000612.000002061.html
000000015.000119328,119328,アモーレパシフィックジャパン株式会社,アモーレパシフィックジャパン株式会社,brand_owner,KR,core,2024-08-21,2024-08,cream,skincare,,,デパコス,0,0,0,https://prtimes.jp/main/html/rd/p/000000015.000119328.html
000000070.000056098,56098,株式会社クリオ,株式会社クリオ,brand_owner,KR,core,2024-08-21,2024-08,eye_makeup,makeup,,CLIO,ミドル,0,0,0,https://prtimes.jp/main/html/rd/p/000000070.000056098.html
000000142.000086691,86691,ユニリーバ・ジャパン・カスタマーマーケティング株式会社,ユニリーバ・ジャパン株式会社,brand_owner,global,core,2024-08-21,2024-08,,none,,Dove,プチプラ,0,0,0,https://prtimes.jp/main/html/rd/p/000000142.000086691.html
000000178.000072864,72864,花王株式会社（Kao Beauty Brands）,花王株式会社,brand_owner,JP,present_forward,2024-08-21,2024-08,toner_lotion|serum|lipstick,skincare,,est,デパコス,0,0,0,https://prtimes.jp/main/html/rd/p/000000178.000072864.html
000000506.000001572,1572,株式会社石澤研究所,株式会社石澤研究所,brand_owner,JP,core,2024-08-21,2024-08,body,other,,,プチプラ,0,0,0,https://prtimes.jp/main/html/rd/p/000000506.000001572.html
000000508.000001572,1572,株式会社石澤研究所,株式会社石澤研究所,brand_owner,JP,core,2024-08-21,2024-08,mask,skincare,,毛穴撫子,プチプラ,0,0,0,https://prtimes.jp/main/html/rd/p/000000508.000001572.html
000000001.000147749,147749,COSRX  inc.,COSRX inc.,brand_owner,KR,core,2024-08-22,2024-08,,none,,COSRX,プチプラ/ミドル,0,0,0,https://prtimes.jp/main/html/rd/p/000000001.000147749.html
000000087.000042040,42040,株式会社セザンヌ化粧品,セザンヌ化粧品株式会社,brand_owner,JP,core,2024-08-22,2024-08,cleansing|powder|lipstick,skincare,,CEZANNE,プチプラ,0,0,0,https://prtimes.jp/main/html/rd/p/000000087.000042040.html
000000453.000028974,28974,株式会社桃谷順天館,株式会社桃谷順天館,brand_owner,JP,present_forward,2024-08-22,2024-08,cream,skincare,,明色,プチプラ,0,0,0,https://prtimes.jp/main/html/rd/p/000000453.000028974.html
000000454.000028974,28974,株式会社桃谷順天館,株式会社桃谷順天館,brand_owner,JP,present_forward,2024-08-22,2024-08,,none,,明色,プチプラ,0,0,0,https://prtimes.jp/main/html/rd/p/000000454.000028974.html
000000950.000006496,6496,株式会社マンダム,株式会社マンダム,brand_owner,JP,present_forward,2024-08-22,2024-08,,none,,肌ラボ,プチプラ,0,0,0,https://prtimes.jp/main/html/rd/p/000000950.000006496.html
000000106.000076505,76505,株式会社韓国高麗人蔘社,株式会社韓国高麗人蔘社,importer,KR,core,2024-08-23,2024-08,eye_makeup|lipstick,makeup,,,,0,0,0,https://prtimes.jp/main/html/rd/p/000000106.000076505.html
000000188.000019685,19685,株式会社 井田ラボラトリーズ,株式会社井田ラボラトリーズ,brand_owner,JP,core,2024-08-23,2024-08,eye_makeup,makeup,,CANMAKE,プチプラ,0,0,0,https://prtimes.jp/main/html/rd/p/000000188.000019685.html
000000189.000019685,19685,株式会社 井田ラボラトリーズ,株式会社井田ラボラトリーズ,brand_owner,JP,core,2024-08-23,2024-08,body|fragrance,other,,,プチプラ,0,0,0,https://prtimes.jp/main/html/rd/p/000000189.000019685.html
000000043.000090124,90124,ELCジャパン合同会社,ELCジャパン合同会社,brand_owner,global,core,2024-08-26,2024-08,,none,,ジョー マローン ロンドン,デパコス,0,0,0,https://prtimes.jp/main/html/rd/p/000000043.000090124.html
000000126.000081704,81704,株式会社ファイントゥデイ,ファイントゥデイ株式会社,brand_owner,JP,core,2024-08-26,2024-08,face_wash|cream,skincare,,SENKA,プチプラ,0,0,0,https://prtimes.jp/main/html/rd/p/000000126.000081704.html
000000266.000021350,21350,アモーレパシフィックジャパン株式会社,アモーレパシフィックジャパン株式会社,brand_owner,KR,core,2024-08-26,2024-08,,none,,エチュード,プチプラ,0,0,0,https://prtimes.jp/main/html/rd/p/000000266.000021350.html
000000552.000007954,7954,クラシエ株式会社（ホームプロダクツカンパニー）,クラシエ株式会社,brand_owner,JP,core,2024-08-26,2024-08,cleansing,skincare,,,プチプラ,0,0,0,https://prtimes.jp/main/html/rd/p/000000552.000007954.html
000000955.000006496,6496,株式会社マンダム,株式会社マンダム,brand_owner,JP,present_forward,2024-08-26,2024-08,,none,,ビフェスタ,プチプラ,0,1,0,https://prtimes.jp/main/html/rd/p/000000955.000006496.html
000000957.000006496,6496,株式会社マンダム,株式会社マンダム,brand_owner,JP,present_forward,2024-08-26,2024-08,,none,,GATSBY,プチプラ,0,0,0,https://prtimes.jp/main/html/rd/p/000000957.000006496.html
000000958.000006496,6496,株式会社マンダム,株式会社マンダム,brand_owner,JP,present_forward,2024-08-26,2024-08,face_wash,skincare,,GATSBY,プチプラ,0,0,0,https://prtimes.jp/main/html/rd/p/000000958.000006496.html
000000959.000006496,6496,株式会社マンダム,株式会社マンダム,brand_owner,JP,present_forward,2024-08-26,2024-08,,none,,ルシード,プチプラ,0,0,0,https://prtimes.jp/main/html/rd/p/000000959.000006496.html
000000179.000072864,72864,花王株式会社（Kao Beauty Brands）,花王株式会社,brand_owner,JP,present_forward,2024-08-27,2024-08,cream,skincare,,ソフィーナiP|SOFINA,ミドル,0,0,0,https://prtimes.jp/main/html/rd/p/000000179.000072864.html
000000017.000035071,35071,株式会社BENOW JAPAN,株式会社BENOW JAPAN,importer,KR,core,2024-08-28,2024-08,cream,skincare,グルタチオン,numbuzin,ミドル,0,0,0,https://prtimes.jp/main/html/rd/p/000000017.000035071.html
000000071.000056098,56098,株式会社クリオ,株式会社クリオ,brand_owner,KR,core,2024-08-28,2024-08,cleansing,skincare,,,,0,0,0,https://prtimes.jp/main/html/rd/p/000000071.000056098.html
000000126.000031376,31376,アモーレパシフィックジャパン株式会社,アモーレパシフィックジャパン株式会社,brand_owner,KR,core,2024-08-28,2024-08,,none,,イニスフリー,プチプラ/ミドル,0,0,0,https://prtimes.jp/main/html/rd/p/000000126.000031376.html
000000180.000072864,72864,花王株式会社（Kao Beauty Brands）,花王株式会社,brand_owner,JP,present_forward,2024-08-28,2024-08,,none,,est,デパコス,0,0,0,https://prtimes.jp/main/html/rd/p/000000180.000072864.html
000000595.000036737,36737,株式会社ポーラ,株式会社ポーラ,brand_owner,JP,core,2024-08-28,2024-08,serum,skincare,,POLA,デパコス,0,0,0,https://prtimes.jp/main/html/rd/p/000000595.000036737.html
000000127.000031376,31376,アモーレパシフィックジャパン株式会社,アモーレパシフィックジャパン株式会社,brand_owner,KR,core,2024-08-29,2024-08,serum,skincare,レチノール|DNA-Na,イニスフリー,プチプラ/ミドル,0,0,0,https://prtimes.jp/main/html/rd/p/000000127.000031376.html
000000481.000014810,14810,パルファン・クリスチャン・ディオール・ジャポン株式会社,パルファン・クリスチャン・ディオール・ジャポン株式会社,brand_owner,global,present_forward,2024-08-29,2024-08,,none,,Dior,デパコス,0,1,0,https://prtimes.jp/main/html/rd/p/000000481.000014810.html
000000554.000007954,7954,クラシエ株式会社（ホームプロダクツカンパニー）,クラシエ株式会社,brand_owner,JP,core,2024-08-29,2024-08,,none,,肌美精,プチプラ,0,0,0,https://prtimes.jp/main/html/rd/p/000000554.000007954.html
000000456.000028974,28974,株式会社桃谷順天館,株式会社桃谷順天館,brand_owner,JP,present_forward,2024-08-30,2024-08,cleansing,skincare,,,プチプラ,0,0,0,https://prtimes.jp/main/html/rd/p/000000456.000028974.html
000000509.000001572,1572,株式会社石澤研究所,株式会社石澤研究所,brand_owner,JP,core,2024-08-30,2024-08,base_makeup,makeup,,毛穴撫子,プチプラ,0,0,0,https://prtimes.jp/main/html/rd/p/000000509.000001572.html
000000128.000031376,31376,アモーレパシフィックジャパン株式会社,アモーレパシフィックジャパン株式会社,brand_owner,KR,core,2024-09-02,2024-09,,none,,イニスフリー,プチプラ/ミドル,0,0,0,https://prtimes.jp/main/html/rd/p/000000128.000031376.html
000000458.000028974,28974,株式会社桃谷順天館,株式会社桃谷順天館,brand_owner,JP,present_forward,2024-09-02,2024-09,,none,,明色,プチプラ,0,0,0,https://prtimes.jp/main/html/rd/p/000000458.000028974.html
000000182.000072864,72864,花王株式会社（Kao Beauty Brands）,花王株式会社,brand_owner,JP,present_forward,2024-09-03,2024-09,lash_brow,makeup,,,mixed,0,0,0,https://prtimes.jp/main/html/rd/p/000000182.000072864.html
000000376.000000263,263,常盤薬品工業株式会社,常盤薬品工業株式会社,brand_owner,JP,present_forward,2024-09-03,2024-09,base_makeup|booster,makeup,,,プチプラ,0,0,0,https://prtimes.jp/main/html/rd/p/000000376.000000263.html
000000377.000000263,263,常盤薬品工業株式会社,常盤薬品工業株式会社,brand_owner,JP,present_forward,2024-09-03,2024-09,lash_brow,makeup,,,プチプラ,0,0,0,https://prtimes.jp/main/html/rd/p/000000377.000000263.html
000000378.000000263,263,常盤薬品工業株式会社,常盤薬品工業株式会社,brand_owner,JP,present_forward,2024-09-03,2024-09,cleansing,skincare,,,プチプラ,0,0,0,https://prtimes.jp/main/html/rd/p/000000378.000000263.html
000000184.000072864,72864,花王株式会社（Kao Beauty Brands）,花王株式会社,brand_owner,JP,present_forward,2024-09-04,2024-09,,none,,est,デパコス,0,0,0,https://prtimes.jp/main/html/rd/p/000000184.000072864.html
000000185.000072864,72864,花王株式会社（Kao Beauty Brands）,花王株式会社,brand_owner,JP,present_forward,2024-09-05,2024-09,hair,other,,キュレル,ミドル,0,0,0,https://prtimes.jp/main/html/rd/p/000000185.000072864.html
000000186.000072864,72864,花王株式会社（Kao Beauty Brands）,花王株式会社,brand_owner,JP,present_forward,2024-09-05,2024-09,,none,,est,デパコス,0,0,0,https://prtimes.jp/main/html/rd/p/000000186.000072864.html
000000305.000022808,22808,資生堂ジャパン株式会社,株式会社資生堂,brand_owner,JP,present_forward,2024-09-05,2024-09,eye_makeup,makeup,,,mixed,0,0,1,https://prtimes.jp/main/html/rd/p/000000305.000022808.html
000000306.000022808,22808,資生堂ジャパン株式会社,株式会社資生堂,brand_owner,JP,present_forward,2024-09-05,2024-09,eye_makeup,makeup,,,mixed,0,0,0,https://prtimes.jp/main/html/rd/p/000000306.000022808.html
000000615.000002061,2061,オルビス株式会社,株式会社オルビス,brand_owner,JP,core,2024-09-05,2024-09,,none,,ORBIS,ミドル,0,0,0,https://prtimes.jp/main/html/rd/p/000000615.000002061.html
000000025.000121730,121730,ＪＮＴＬコンシューマーヘルス株式会社,ケンビュー・ジャパン合同会社,brand_owner,global,core,2024-09-06,2024-09,cream,skincare,ツボクサエキス,Neutrogena,プチプラ/ミドル,0,0,0,https://prtimes.jp/main/html/rd/p/000000025.000121730.html
000000308.000022808,22808,資生堂ジャパン株式会社,株式会社資生堂,brand_owner,JP,present_forward,2024-09-10,2024-09,lipstick,makeup,,,mixed,0,0,0,https://prtimes.jp/main/html/rd/p/000000308.000022808.html
000000562.000007954,7954,クラシエ株式会社（ホームプロダクツカンパニー）,クラシエ株式会社,brand_owner,JP,core,2024-09-12,2024-09,hair,other,,,プチプラ,0,0,0,https://prtimes.jp/main/html/rd/p/000000562.000007954.html
000000602.000036737,36737,株式会社ポーラ,株式会社ポーラ,brand_owner,JP,core,2024-09-12,2024-09,fragrance,other,,POLA,デパコス,0,0,0,https://prtimes.jp/main/html/rd/p/000000602.000036737.html
000000108.000076505,76505,株式会社韓国高麗人蔘社,株式会社韓国高麗人蔘社,importer,KR,core,2024-09-13,2024-09,powder,makeup,,,,0,0,0,https://prtimes.jp/main/html/rd/p/000000108.000076505.html
000000187.000072864,72864,花王株式会社（Kao Beauty Brands）,花王株式会社,brand_owner,JP,present_forward,2024-09-13,2024-09,,none,,est,デパコス,0,0,0,https://prtimes.jp/main/html/rd/p/000000187.000072864.html
000000309.000022808,22808,資生堂ジャパン株式会社,株式会社資生堂,brand_owner,JP,present_forward,2024-09-13,2024-09,eye_makeup,makeup,,,mixed,0,0,1,https://prtimes.jp/main/html/rd/p/000000309.000022808.html
000000310.000022808,22808,資生堂ジャパン株式会社,株式会社資生堂,brand_owner,JP,present_forward,2024-09-13,2024-09,eye_makeup,makeup,,,mixed,0,0,0,https://prtimes.jp/main/html/rd/p/000000310.000022808.html
000000564.000007954,7954,クラシエ株式会社（ホームプロダクツカンパニー）,クラシエ株式会社,brand_owner,JP,core,2024-09-13,2024-09,hair,other,,,プチプラ,0,0,0,https://prtimes.jp/main/html/rd/p/000000564.000007954.html
000000961.000006496,6496,株式会社マンダム,株式会社マンダム,brand_owner,JP,present_forward,2024-09-16,2024-09,,none,,GATSBY,プチプラ,0,0,0,https://prtimes.jp/main/html/rd/p/000000961.000006496.html
000000267.000021350,21350,アモーレパシフィックジャパン株式会社,アモーレパシフィックジャパン株式会社,brand_owner,KR,core,2024-09-17,2024-09,blush,makeup,,エチュード,プチプラ,0,0,0,https://prtimes.jp/main/html/rd/p/000000267.000021350.html
000000028.000105692,105692,アモーレパシフィックジャパン株式会社,アモーレパシフィックジャパン株式会社,brand_owner,KR,core,2024-09-18,2024-09,,none,,ラネージュ,ミドル,0,0,0,https://prtimes.jp/main/html/rd/p/000000028.000105692.html
000000113.000006944,6944,ニベア花王株式会社,ニベア花王株式会社,brand_owner,global,core,2024-09-18,2024-09,body,other,,NIVEA,プチプラ/ミドル,1,0,0,https://prtimes.jp/main/html/rd/p/000000113.000006944.html
000000132.000081704,81704,株式会社ファイントゥデイ,ファイントゥデイ株式会社,brand_owner,JP,core,2024-09-18,2024-09,hair,other,,TSUBAKI,プチプラ,0,1,0,https://prtimes.jp/main/html/rd/p/000000132.000081704.html
000000029.000077831,77831,株式会社mimi-Japan,株式会社mimi-Japan,importer,CN,core,2024-09-19,2024-09,,none,,,,0,0,0,https://prtimes.jp/main/html/rd/p/000000029.000077831.html
000000188.000072864,72864,花王株式会社（Kao Beauty Brands）,花王株式会社,brand_owner,JP,present_forward,2024-09-19,2024-09,serum,skincare,,,mixed,0,0,0,https://prtimes.jp/main/html/rd/p/000000188.000072864.html
000000618.000002061,2061,オルビス株式会社,株式会社オルビス,brand_owner,JP,core,2024-09-19,2024-09,foundation,makeup,,ORBIS,ミドル,0,0,0,https://prtimes.jp/main/html/rd/p/000000618.000002061.html
000000619.000002061,2061,オルビス株式会社,株式会社オルビス,brand_owner,JP,core,2024-09-19,2024-09,cleansing|cream,skincare,,ORBIS,ミドル,0,0,1,https://prtimes.jp/main/html/rd/p/000000619.000002061.html
000000088.000042040,42040,株式会社セザンヌ化粧品,セザンヌ化粧品株式会社,brand_owner,JP,core,2024-09-20,2024-09,,none,,CEZANNE,プチプラ,0,0,0,https://prtimes.jp/main/html/rd/p/000000088.000042040.html
000000148.000086691,86691,ユニリーバ・ジャパン・カスタマーマーケティング株式会社,ユニリーバ・ジャパン株式会社,brand_owner,global,core,2024-09-24,2024-09,,none,,LUX,プチプラ,0,0,0,https://prtimes.jp/main/html/rd/p/000000148.000086691.html
000000190.000019685,19685,株式会社 井田ラボラトリーズ,株式会社井田ラボラトリーズ,brand_owner,JP,core,2024-09-24,2024-09,lash_brow,makeup,,CANMAKE,プチプラ,0,0,0,https://prtimes.jp/main/html/rd/p/000000190.000019685.html
000000191.000019685,19685,株式会社 井田ラボラトリーズ,株式会社井田ラボラトリーズ,brand_owner,JP,core,2024-09-24,2024-09,base_makeup|serum|nail,makeup,,CANMAKE,プチプラ,0,0,0,https://prtimes.jp/main/html/rd/p/000000191.000019685.html
000000962.000006496,6496,株式会社マンダム,株式会社マンダム,brand_owner,JP,present_forward,2024-09-24,2024-09,hair,other,,,プチプラ,0,0,0,https://prtimes.jp/main/html/rd/p/000000962.000006496.html
000000382.000000263,263,常盤薬品工業株式会社,常盤薬品工業株式会社,brand_owner,JP,present_forward,2024-09-25,2024-09,,none,,,プチプラ,0,0,0,https://prtimes.jp/main/html/rd/p/000000382.000000263.html
000000488.000014810,14810,パルファン・クリスチャン・ディオール・ジャポン株式会社,パルファン・クリスチャン・ディオール・ジャポン株式会社,brand_owner,global,present_forward,2024-09-25,2024-09,,none,,Dior,デパコス,0,0,0,https://prtimes.jp/main/html/rd/p/000000488.000014810.html
000000605.000036737,36737,株式会社ポーラ,株式会社ポーラ,brand_owner,JP,core,2024-09-25,2024-09,,none,,POLA,デパコス,0,0,0,https://prtimes.jp/main/html/rd/p/000000605.000036737.html
000000268.000021350,21350,アモーレパシフィックジャパン株式会社,アモーレパシフィックジャパン株式会社,brand_owner,KR,core,2024-09-26,2024-09,,none,,エチュード,プチプラ,0,0,0,https://prtimes.jp/main/html/rd/p/000000268.000021350.html
000000002.000138729,138729,ELCジャパン合同会社 オーディナリー事業部,ELCジャパン合同会社,brand_owner,global,core,2024-09-27,2024-09,,none,,,ミドル,0,0,0,https://prtimes.jp/main/html/rd/p/000000002.000138729.html
000000489.000014810,14810,パルファン・クリスチャン・ディオール・ジャポン株式会社,パルファン・クリスチャン・ディオール・ジャポン株式会社,brand_owner,global,present_forward,2024-09-27,2024-09,serum,skincare,レチノール,,デパコス,0,0,0,https://prtimes.jp/main/html/rd/p/000000489.000014810.html
000000312.000022808,22808,資生堂ジャパン株式会社,株式会社資生堂,brand_owner,JP,present_forward,2024-09-29,2024-09,powder,makeup,,,mixed,0,0,0,https://prtimes.jp/main/html/rd/p/000000312.000022808.html
000000490.000014810,14810,パルファン・クリスチャン・ディオール・ジャポン株式会社,パルファン・クリスチャン・ディオール・ジャポン株式会社,brand_owner,global,present_forward,2024-09-30,2024-09,lipstick,makeup,,Dior,デパコス,0,0,0,https://prtimes.jp/main/html/rd/p/000000490.000014810.html
000000149.000086691,86691,ユニリーバ・ジャパン・カスタマーマーケティング株式会社,ユニリーバ・ジャパン株式会社,brand_owner,global,core,2024-10-01,2024-10,,none,,Dove,プチプラ,0,0,0,https://prtimes.jp/main/html/rd/p/000000149.000086691.html
000000269.000021350,21350,アモーレパシフィックジャパン株式会社,アモーレパシフィックジャパン株式会社,brand_owner,KR,core,2024-10-01,2024-10,,none,,エチュード,プチプラ,0,0,0,https://prtimes.jp/main/html/rd/p/000000269.000021350.html
000000019.000035071,35071,株式会社BENOW JAPAN,株式会社BENOW JAPAN,importer,KR,core,2024-10-02,2024-10,cleansing,skincare,グルタチオン,numbuzin,ミドル,0,0,0,https://prtimes.jp/main/html/rd/p/000000019.000035071.html
000000020.000119328,119328,アモーレパシフィックジャパン株式会社,アモーレパシフィックジャパン株式会社,brand_owner,KR,core,2024-10-02,2024-10,,none,,,デパコス,0,0,0,https://prtimes.jp/main/html/rd/p/000000020.000119328.html
000000030.000105692,105692,アモーレパシフィックジャパン株式会社,アモーレパシフィックジャパン株式会社,brand_owner,KR,core,2024-10-02,2024-10,,none,,ラネージュ,ミドル,0,0,0,https://prtimes.jp/main/html/rd/p/000000030.000105692.html
000000089.000042040,42040,株式会社セザンヌ化粧品,セザンヌ化粧品株式会社,brand_owner,JP,core,2024-10-02,2024-10,eye_makeup,makeup,,CEZANNE,プチプラ,0,0,0,https://prtimes.jp/main/html/rd/p/000000089.000042040.html
000000313.000022808,22808,資生堂ジャパン株式会社,株式会社資生堂,brand_owner,JP,present_forward,2024-10-02,2024-10,,none,,,mixed,0,0,0,https://prtimes.jp/main/html/rd/p/000000313.000022808.html
000000459.000028974,28974,株式会社桃谷順天館,株式会社桃谷順天館,brand_owner,JP,present_forward,2024-10-02,2024-10,cleansing|serum,skincare,,,プチプラ,0,0,0,https://prtimes.jp/main/html/rd/p/000000459.000028974.html
000000705.000016220,16220,株式会社カネボウ化粧品,株式会社カネボウ化粧品,brand_owner,JP,present_forward,2024-10-02,2024-10,serum,skincare,,KANEBO,デパコス,0,0,0,https://prtimes.jp/main/html/rd/p/000000705.000016220.html
000000359.000030413,30413,株式会社ディーエイチシー,株式会社ディーエイチシー,brand_owner,JP,core,2024-10-03,2024-10,face_wash,skincare,,DHC,プチプラ/ミドル,0,0,0,https://prtimes.jp/main/html/rd/p/000000359.000030413.html
000000435.000070897,70897,花王株式会社,花王株式会社,brand_owner,JP,present_forward,2024-10-03,2024-10,hair,other,,,mixed,0,0,0,https://prtimes.jp/main/html/rd/p/000000435.000070897.html
000000608.000036737,36737,株式会社ポーラ,株式会社ポーラ,brand_owner,JP,core,2024-10-03,2024-10,serum,skincare,,POLA,デパコス,0,0,0,https://prtimes.jp/main/html/rd/p/000000608.000036737.html
000000013.000127171,127171,株式会社Goodai Global Japan,株式会社Goodai Global Japan,importer,KR,core,2024-10-04,2024-10,lipstick,makeup,,TIRTIR,プチプラ/ミドル,0,0,0,https://prtimes.jp/main/html/rd/p/000000013.000127171.html
000000492.000014810,14810,パルファン・クリスチャン・ディオール・ジャポン株式会社,パルファン・クリスチャン・ディオール・ジャポン株式会社,brand_owner,global,present_forward,2024-10-04,2024-10,,none,,Dior,デパコス,0,0,0,https://prtimes.jp/main/html/rd/p/000000492.000014810.html
000000704.000016220,16220,株式会社カネボウ化粧品,株式会社カネボウ化粧品,brand_owner,JP,present_forward,2024-10-04,2024-10,foundation|cream,makeup,,KANEBO,デパコス,0,0,1,https://prtimes.jp/main/html/rd/p/000000704.000016220.html
000000151.000086691,86691,ユニリーバ・ジャパン・カスタマーマーケティング株式会社,ユニリーバ・ジャパン株式会社,brand_owner,global,core,2024-10-07,2024-10,,none,,Dove,プチプラ,0,0,0,https://prtimes.jp/main/html/rd/p/000000151.000086691.html
000000438.000070897,70897,花王株式会社,花王株式会社,brand_owner,JP,present_forward,2024-10-07,2024-10,hair,other,,,mixed,0,0,0,https://prtimes.jp/main/html/rd/p/000000438.000070897.html
000000031.000105692,105692,アモーレパシフィックジャパン株式会社,アモーレパシフィックジャパン株式会社,brand_owner,KR,core,2024-10-08,2024-10,cream,skincare,ヒアルロン酸Na,ラネージュ,ミドル,0,1,0,https://prtimes.jp/main/html/rd/p/000000031.000105692.html
000000510.000001572,1572,株式会社石澤研究所,株式会社石澤研究所,brand_owner,JP,core,2024-10-08,2024-10,face_wash,skincare,,毛穴撫子,プチプラ,0,0,0,https://prtimes.jp/main/html/rd/p/000000510.000001572.html
000000090.000024471,24471,日本ロレアル株式会社　タカミ事業部,日本ロレアル株式会社,brand_owner,global,core,2024-10-09,2024-10,,none,,タカミ,ミドル,0,0,0,https://prtimes.jp/main/html/rd/p/000000090.000024471.html
000000189.000072864,72864,花王株式会社（Kao Beauty Brands）,花王株式会社,brand_owner,JP,present_forward,2024-10-09,2024-10,,none,,キュレル,ミドル,0,0,0,https://prtimes.jp/main/html/rd/p/000000189.000072864.html
000000493.000014810,14810,パルファン・クリスチャン・ディオール・ジャポン株式会社,パルファン・クリスチャン・ディオール・ジャポン株式会社,brand_owner,global,present_forward,2024-10-09,2024-10,fragrance,other,,Dior,デパコス,0,0,0,https://prtimes.jp/main/html/rd/p/000000493.000014810.html
000000031.000077831,77831,株式会社mimi-Japan,株式会社mimi-Japan,importer,CN,core,2024-10-10,2024-10,blush,makeup,,Judydoll,プチプラ/ミドル,0,0,0,https://prtimes.jp/main/html/rd/p/000000031.000077831.html
000000270.000021350,21350,アモーレパシフィックジャパン株式会社,アモーレパシフィックジャパン株式会社,brand_owner,KR,core,2024-10-10,2024-10,concealer|powder,makeup,,エチュード,プチプラ,0,0,0,https://prtimes.jp/main/html/rd/p/000000270.000021350.html
000000361.000030413,30413,株式会社ディーエイチシー,株式会社ディーエイチシー,brand_owner,JP,core,2024-10-10,2024-10,cleansing,skincare,,DHC,プチプラ/ミドル,0,0,0,https://prtimes.jp/main/html/rd/p/000000361.000030413.html
000000046.000090124,90124,ELCジャパン合同会社,ELCジャパン合同会社,brand_owner,global,core,2024-10-11,2024-10,fragrance,other,,ジョー マローン ロンドン,デパコス,0,0,0,https://prtimes.jp/main/html/rd/p/000000046.000090124.html
000000072.000056098,56098,株式会社クリオ,株式会社クリオ,brand_owner,KR,core,2024-10-11,2024-10,lipstick|blush,makeup,,CLIO,ミドル,0,0,0,https://prtimes.jp/main/html/rd/p/000000072.000056098.html
000000091.000024471,24471,日本ロレアル株式会社　タカミ事業部,日本ロレアル株式会社,brand_owner,global,core,2024-10-11,2024-10,,none,,タカミ,ミドル,0,0,0,https://prtimes.jp/main/html/rd/p/000000091.000024471.html
000000314.000022808,22808,資生堂ジャパン株式会社,株式会社資生堂,brand_owner,JP,present_forward,2024-10-11,2024-10,powder,makeup,,,mixed,0,0,0,https://prtimes.jp/main/html/rd/p/000000314.000022808.html
000000047.000090124,90124,ELCジャパン合同会社,ELCジャパン合同会社,brand_owner,global,core,2024-10-15,2024-10,,none,,ジョー マローン ロンドン,デパコス,0,0,0,https://prtimes.jp/main/html/rd/p/000000047.000090124.html
000000706.000016220,16220,株式会社カネボウ化粧品,株式会社カネボウ化粧品,brand_owner,JP,present_forward,2024-10-15,2024-10,lipstick,makeup,,KATE,プチプラ,0,0,0,https://prtimes.jp/main/html/rd/p/000000706.000016220.html
000000570.000007954,7954,クラシエ株式会社（ホームプロダクツカンパニー）,クラシエ株式会社,brand_owner,JP,core,2024-10-16,2024-10,hair,other,,,プチプラ,0,0,0,https://prtimes.jp/main/html/rd/p/000000570.000007954.html
000000130.000031376,31376,アモーレパシフィックジャパン株式会社,アモーレパシフィックジャパン株式会社,brand_owner,KR,core,2024-10-17,2024-10,toner_lotion,skincare,レチノール|ツボクサエキス,イニスフリー,プチプラ/ミドル,0,0,0,https://prtimes.jp/main/html/rd/p/000000130.000031376.html
000000571.000007954,7954,クラシエ株式会社（ホームプロダクツカンパニー）,クラシエ株式会社,brand_owner,JP,core,2024-10-17,2024-10,hair,other,,,プチプラ,0,0,1,https://prtimes.jp/main/html/rd/p/000000571.000007954.html
000000708.000016220,16220,株式会社カネボウ化粧品,株式会社カネボウ化粧品,brand_owner,JP,present_forward,2024-10-17,2024-10,lash_brow,makeup,,KATE,プチプラ,0,0,0,https://prtimes.jp/main/html/rd/p/000000708.000016220.html
000000100.000044623,44623,ELCジャパン合同会社　M・A・C事業部,ELCジャパン合同会社,brand_owner,global,core,2024-10-18,2024-10,lipstick,makeup,,M·A·C,デパコス,0,0,0,https://prtimes.jp/main/html/rd/p/000000100.000044623.html
000000115.000006944,6944,ニベア花王株式会社,ニベア花王株式会社,brand_owner,global,core,2024-10-18,2024-10,cream,skincare,,NIVEA,プチプラ/ミドル,0,0,0,https://prtimes.jp/main/html/rd/p/000000115.000006944.html
000000113.000076505,76505,株式会社韓国高麗人蔘社,株式会社韓国高麗人蔘社,importer,KR,core,2024-10-21,2024-10,lipstick|blush,makeup,,rom&nd,プチプラ,0,0,0,https://prtimes.jp/main/html/rd/p/000000113.000076505.html
000000131.000031376,31376,アモーレパシフィックジャパン株式会社,アモーレパシフィックジャパン株式会社,brand_owner,KR,core,2024-10-21,2024-10,,none,,イニスフリー,プチプラ/ミドル,0,0,0,https://prtimes.jp/main/html/rd/p/000000131.000031376.html
000000514.000001572,1572,株式会社石澤研究所,株式会社石澤研究所,brand_owner,JP,core,2024-10-21,2024-10,base_makeup,makeup,,毛穴撫子,プチプラ,0,0,0,https://prtimes.jp/main/html/rd/p/000000514.000001572.html
000000114.000076505,76505,株式会社韓国高麗人蔘社,株式会社韓国高麗人蔘社,importer,KR,core,2024-10-22,2024-10,powder,makeup,,rom&nd,プチプラ,0,0,0,https://prtimes.jp/main/html/rd/p/000000114.000076505.html
000000384.000000263,263,常盤薬品工業株式会社,常盤薬品工業株式会社,brand_owner,JP,present_forward,2024-10-22,2024-10,eye_makeup,makeup,,,プチプラ,0,0,0,https://prtimes.jp/main/html/rd/p/000000384.000000263.html
000000385.000000263,263,常盤薬品工業株式会社,常盤薬品工業株式会社,brand_owner,JP,present_forward,2024-10-22,2024-10,eye_makeup,makeup,,,プチプラ,0,0,0,https://prtimes.jp/main/html/rd/p/000000385.000000263.html
000000386.000000263,263,常盤薬品工業株式会社,常盤薬品工業株式会社,brand_owner,JP,present_forward,2024-10-22,2024-10,eye_makeup,makeup,,,プチプラ,0,0,0,https://prtimes.jp/main/html/rd/p/000000386.000000263.html
000000711.000016220,16220,株式会社カネボウ化粧品,株式会社カネボウ化粧品,brand_owner,JP,present_forward,2024-10-22,2024-10,cream|base_makeup,skincare,,,mixed,0,0,0,https://prtimes.jp/main/html/rd/p/000000711.000016220.html
000000092.000024471,24471,日本ロレアル株式会社　タカミ事業部,日本ロレアル株式会社,brand_owner,global,core,2024-10-23,2024-10,serum,skincare,,タカミ,ミドル,0,0,0,https://prtimes.jp/main/html/rd/p/000000092.000024471.html
000000194.000019685,19685,株式会社 井田ラボラトリーズ,株式会社井田ラボラトリーズ,brand_owner,JP,core,2024-10-23,2024-10,powder|cream|blush,makeup,,CANMAKE,プチプラ,0,0,0,https://prtimes.jp/main/html/rd/p/000000194.000019685.html
000000615.000036737,36737,株式会社ポーラ,株式会社ポーラ,brand_owner,JP,core,2024-10-23,2024-10,,none,,POLA,デパコス,0,0,0,https://prtimes.jp/main/html/rd/p/000000615.000036737.html
000000014.000127171,127171,株式会社Goodai Global Japan,株式会社Goodai Global Japan,importer,KR,core,2024-10-24,2024-10,lip_balm,makeup,,TIRTIR,プチプラ/ミドル,0,0,0,https://prtimes.jp/main/html/rd/p/000000014.000127171.html
000000090.000042040,42040,株式会社セザンヌ化粧品,セザンヌ化粧品株式会社,brand_owner,JP,core,2024-10-24,2024-10,concealer|serum,makeup,,CEZANNE,プチプラ,0,0,0,https://prtimes.jp/main/html/rd/p/000000090.000042040.html
000000272.000021350,21350,アモーレパシフィックジャパン株式会社,アモーレパシフィックジャパン株式会社,brand_owner,KR,core,2024-10-24,2024-10,eye_makeup,makeup,,エチュード,プチプラ,0,0,0,https://prtimes.jp/main/html/rd/p/000000272.000021350.html
000000568.000007954,7954,クラシエ株式会社（ホームプロダクツカンパニー）,クラシエ株式会社,brand_owner,JP,core,2024-10-24,2024-10,,none,,肌美精,プチプラ,1,0,0,https://prtimes.jp/main/html/rd/p/000000568.000007954.html
000000110.000076505,76505,株式会社韓国高麗人蔘社,株式会社韓国高麗人蔘社,importer,KR,core,2024-10-25,2024-10,,none,,,,0,0,0,https://prtimes.jp/main/html/rd/p/000000110.000076505.html
000000194.000072864,72864,花王株式会社（Kao Beauty Brands）,花王株式会社,brand_owner,JP,present_forward,2024-10-29,2024-10,toner_lotion,skincare,,SOFINA|ソフィーナiP,ミドル,0,0,0,https://prtimes.jp/main/html/rd/p/000000194.000072864.html
000000464.000028974,28974,株式会社桃谷順天館,株式会社桃谷順天館,brand_owner,JP,present_forward,2024-10-30,2024-10,serum,skincare,,,プチプラ,0,0,0,https://prtimes.jp/main/html/rd/p/000000464.000028974.html
000000495.000014810,14810,パルファン・クリスチャン・ディオール・ジャポン株式会社,パルファン・クリスチャン・ディオール・ジャポン株式会社,brand_owner,global,present_forward,2024-10-30,2024-10,,none,,Dior,デパコス,0,0,0,https://prtimes.jp/main/html/rd/p/000000495.000014810.html
000000616.000036737,36737,株式会社ポーラ,株式会社ポーラ,brand_owner,JP,core,2024-10-30,2024-10,,none,,POLA,デパコス,0,0,0,https://prtimes.jp/main/html/rd/p/000000616.000036737.html
000000003.000138729,138729,ELCジャパン合同会社 オーディナリー事業部,ELCジャパン合同会社,brand_owner,global,core,2024-10-31,2024-10,,none,,,ミドル,0,0,0,https://prtimes.jp/main/html/rd/p/000000003.000138729.html
000000139.000081704,81704,株式会社ファイントゥデイ,ファイントゥデイ株式会社,brand_owner,JP,core,2024-10-31,2024-10,hair,other,,,プチプラ,0,0,0,https://prtimes.jp/main/html/rd/p/000000139.000081704.html
000000195.000072864,72864,花王株式会社（Kao Beauty Brands）,花王株式会社,brand_owner,JP,present_forward,2024-10-31,2024-10,,none,,,mixed,0,0,0,https://prtimes.jp/main/html/rd/p/000000195.000072864.html
000000016.000127171,127171,株式会社Goodai Global Japan,株式会社Goodai Global Japan,importer,KR,core,2024-11-01,2024-11,lipstick,makeup,,TIRTIR,プチプラ/ミドル,0,0,0,https://prtimes.jp/main/html/rd/p/000000016.000127171.html
000000055.000096821,96821,VT COSMETICS,VT COSMETICS,brand_owner,KR,core,2024-11-01,2024-11,,none,,VT,プチプラ,0,0,0,https://prtimes.jp/main/html/rd/p/000000055.000096821.html
000000073.000056098,56098,株式会社クリオ,株式会社クリオ,brand_owner,KR,core,2024-11-01,2024-11,eye_makeup|lipstick,makeup,,CLIO,ミドル,0,0,0,https://prtimes.jp/main/html/rd/p/000000073.000056098.html
000000094.000024471,24471,日本ロレアル株式会社　タカミ事業部,日本ロレアル株式会社,brand_owner,global,core,2024-11-01,2024-11,,none,,タカミ,ミドル,0,0,0,https://prtimes.jp/main/html/rd/p/000000094.000024471.html
000000101.000044623,44623,ELCジャパン合同会社　M・A・C事業部,ELCジャパン合同会社,brand_owner,global,core,2024-11-01,2024-11,,none,,M·A·C,デパコス,0,0,0,https://prtimes.jp/main/html/rd/p/000000101.000044623.html
000000109.000076505,76505,株式会社韓国高麗人蔘社,株式会社韓国高麗人蔘社,importer,KR,core,2024-11-01,2024-11,,none,,,,0,0,0,https://prtimes.jp/main/html/rd/p/000000109.000076505.html
000000117.000076505,76505,株式会社韓国高麗人蔘社,株式会社韓国高麗人蔘社,importer,KR,core,2024-11-01,2024-11,eye_makeup|lipstick,makeup,,,,0,0,0,https://prtimes.jp/main/html/rd/p/000000117.000076505.html
000000273.000021350,21350,アモーレパシフィックジャパン株式会社,アモーレパシフィックジャパン株式会社,brand_owner,KR,core,2024-11-01,2024-11,,none,,エチュード,プチプラ,0,0,0,https://prtimes.jp/main/html/rd/p/000000273.000021350.html
000000494.000014810,14810,パルファン・クリスチャン・ディオール・ジャポン株式会社,パルファン・クリスチャン・ディオール・ジャポン株式会社,brand_owner,global,present_forward,2024-11-01,2024-11,,none,,Dior,デパコス,0,0,0,https://prtimes.jp/main/html/rd/p/000000494.000014810.html
000000512.000001572,1572,株式会社石澤研究所,株式会社石澤研究所,brand_owner,JP,core,2024-11-01,2024-11,,none,,,プチプラ,0,0,0,https://prtimes.jp/main/html/rd/p/000000512.000001572.html
000000716.000016220,16220,株式会社カネボウ化粧品,株式会社カネボウ化粧品,brand_owner,JP,present_forward,2024-11-01,2024-11,cream,skincare,加水分解コラーゲン,,mixed,0,0,0,https://prtimes.jp/main/html/rd/p/000000716.000016220.html
000000033.000105692,105692,アモーレパシフィックジャパン株式会社,アモーレパシフィックジャパン株式会社,brand_owner,KR,core,2024-11-05,2024-11,,none,,ラネージュ,ミドル,0,0,0,https://prtimes.jp/main/html/rd/p/000000033.000105692.html
000000096.000024471,24471,日本ロレアル株式会社　タカミ事業部,日本ロレアル株式会社,brand_owner,global,core,2024-11-05,2024-11,serum,skincare,,タカミ,ミドル,0,0,0,https://prtimes.jp/main/html/rd/p/000000096.000024471.html
000000274.000021350,21350,アモーレパシフィックジャパン株式会社,アモーレパシフィックジャパン株式会社,brand_owner,KR,core,2024-11-05,2024-11,,none,,エチュード,プチプラ,0,0,0,https://prtimes.jp/main/html/rd/p/000000274.000021350.html
000000387.000000263,263,常盤薬品工業株式会社,常盤薬品工業株式会社,brand_owner,JP,present_forward,2024-11-05,2024-11,powder,makeup,,,プチプラ,0,0,0,https://prtimes.jp/main/html/rd/p/000000387.000000263.html
000000388.000000263,263,常盤薬品工業株式会社,常盤薬品工業株式会社,brand_owner,JP,present_forward,2024-11-05,2024-11,powder,makeup,,,プチプラ,0,0,0,https://prtimes.jp/main/html/rd/p/000000388.000000263.html
000000119.000076505,76505,株式会社韓国高麗人蔘社,株式会社韓国高麗人蔘社,importer,KR,core,2024-11-06,2024-11,lipstick,makeup,,rom&nd,プチプラ,0,0,0,https://prtimes.jp/main/html/rd/p/000000119.000076505.html
000000391.000000263,263,常盤薬品工業株式会社,常盤薬品工業株式会社,brand_owner,JP,present_forward,2024-11-06,2024-11,hair,other,,,プチプラ,1,0,0,https://prtimes.jp/main/html/rd/p/000000391.000000263.html
000000032.000077831,77831,株式会社mimi-Japan,株式会社mimi-Japan,importer,CN,core,2024-11-07,2024-11,lipstick,makeup,,,,0,0,0,https://prtimes.jp/main/html/rd/p/000000032.000077831.html
000000086.000004359,4359,ELCジャパン合同会社,ELCジャパン合同会社,brand_owner,global,core,2024-11-07,2024-11,,none,,クリニーク,デパコス,0,0,0,https://prtimes.jp/main/html/rd/p/000000086.000004359.html
000000057.000096821,96821,VT COSMETICS,VT COSMETICS,brand_owner,KR,core,2024-11-11,2024-11,,none,,VT,プチプラ,0,0,0,https://prtimes.jp/main/html/rd/p/000000057.000096821.html
000000116.000076505,76505,株式会社韓国高麗人蔘社,株式会社韓国高麗人蔘社,importer,KR,core,2024-11-13,2024-11,,none,,rom&nd,プチプラ,0,0,0,https://prtimes.jp/main/html/rd/p/000000116.000076505.html
000000134.000031376,31376,アモーレパシフィックジャパン株式会社,アモーレパシフィックジャパン株式会社,brand_owner,KR,core,2024-11-13,2024-11,,none,,イニスフリー,プチプラ/ミドル,0,0,0,https://prtimes.jp/main/html/rd/p/000000134.000031376.html
000000467.000028974,28974,株式会社桃谷順天館,株式会社桃谷順天館,brand_owner,JP,present_forward,2024-11-13,2024-11,serum,skincare,ナイアシンアミド|グルタチオン,,プチプラ,0,0,0,https://prtimes.jp/main/html/rd/p/000000467.000028974.html
000000087.000004359,4359,ELCジャパン合同会社,ELCジャパン合同会社,brand_owner,global,core,2024-11-14,2024-11,lipstick|blush,makeup,,クリニーク,デパコス,0,0,0,https://prtimes.jp/main/html/rd/p/000000087.000004359.html
000000135.000031376,31376,アモーレパシフィックジャパン株式会社,アモーレパシフィックジャパン株式会社,brand_owner,KR,core,2024-11-14,2024-11,cleansing|cream,skincare,,イニスフリー,プチプラ/ミドル,0,0,0,https://prtimes.jp/main/html/rd/p/000000135.000031376.html
000000714.000016220,16220,株式会社カネボウ化粧品,株式会社カネボウ化粧品,brand_owner,JP,present_forward,2024-11-14,2024-11,lipstick,makeup,,KATE,プチプラ,0,0,0,https://prtimes.jp/main/html/rd/p/000000714.000016220.html
000000141.000081704,81704,株式会社ファイントゥデイ,ファイントゥデイ株式会社,brand_owner,JP,core,2024-11-15,2024-11,hair,other,,,プチプラ,0,0,0,https://prtimes.jp/main/html/rd/p/000000141.000081704.html
000000196.000072864,72864,花王株式会社（Kao Beauty Brands）,花王株式会社,brand_owner,JP,present_forward,2024-11-15,2024-11,base_makeup|foundation,makeup,,est,デパコス,0,0,0,https://prtimes.jp/main/html/rd/p/000000196.000072864.html
000000624.000036737,36737,株式会社ポーラ,株式会社ポーラ,brand_owner,JP,core,2024-11-15,2024-11,body,other,,POLA,デパコス,0,0,0,https://prtimes.jp/main/html/rd/p/000000624.000036737.html
000000712.000016220,16220,株式会社カネボウ化粧品,株式会社カネボウ化粧品,brand_owner,JP,present_forward,2024-11-15,2024-11,powder|face_wash,makeup,,SUISAI,ミドル,0,0,0,https://prtimes.jp/main/html/rd/p/000000712.000016220.html
000000275.000021350,21350,アモーレパシフィックジャパン株式会社,アモーレパシフィックジャパン株式会社,brand_owner,KR,core,2024-11-18,2024-11,,none,,エチュード,プチプラ,0,0,0,https://prtimes.jp/main/html/rd/p/000000275.000021350.html
000000124.000076505,76505,株式会社韓国高麗人蔘社,株式会社韓国高麗人蔘社,importer,KR,core,2024-11-19,2024-11,lipstick,makeup,,rom&nd,プチプラ,0,0,0,https://prtimes.jp/main/html/rd/p/000000124.000076505.html
000000624.000002061,2061,オルビス株式会社,株式会社オルビス,brand_owner,JP,core,2024-11-19,2024-11,eye_cream,skincare,レチノール,ORBIS,ミドル,0,0,0,https://prtimes.jp/main/html/rd/p/000000624.000002061.html
000000628.000002061,2061,オルビス株式会社,株式会社オルビス,brand_owner,JP,core,2024-11-19,2024-11,toner_lotion,skincare,,ORBIS,ミドル,0,0,1,https://prtimes.jp/main/html/rd/p/000000628.000002061.html
000000631.000002061,2061,オルビス株式会社,株式会社オルビス,brand_owner,JP,core,2024-11-19,2024-11,base_makeup,makeup,,ORBIS,ミドル,0,0,0,https://prtimes.jp/main/html/rd/p/000000631.000002061.html
000000719.000016220,16220,株式会社カネボウ化粧品,株式会社カネボウ化粧品,brand_owner,JP,present_forward,2024-11-19,2024-11,base_makeup|lipstick,makeup,,KATE,プチプラ,0,0,0,https://prtimes.jp/main/html/rd/p/000000719.000016220.html
000000969.000006496,6496,株式会社マンダム,株式会社マンダム,brand_owner,JP,present_forward,2024-11-19,2024-11,hair,other,,,プチプラ,0,0,0,https://prtimes.jp/main/html/rd/p/000000969.000006496.html
000000074.000056098,56098,株式会社クリオ,株式会社クリオ,brand_owner,KR,core,2024-11-20,2024-11,,none,,CLIO,ミドル,0,0,0,https://prtimes.jp/main/html/rd/p/000000074.000056098.html
000000389.000044879,44879,ロート製薬株式会社,ロート製薬株式会社,brand_owner,JP,present_forward,2024-11-20,2024-11,fragrance,other,,,プチプラ/ミドル,0,0,0,https://prtimes.jp/main/html/rd/p/000000389.000044879.html
000000196.000019685,19685,株式会社 井田ラボラトリーズ,株式会社井田ラボラトリーズ,brand_owner,JP,core,2024-11-22,2024-11,powder|lipstick|blush,makeup,,CANMAKE,プチプラ,0,0,0,https://prtimes.jp/main/html/rd/p/000000196.000019685.html
000000321.000022808,22808,資生堂ジャパン株式会社,株式会社資生堂,brand_owner,JP,present_forward,2024-11-22,2024-11,,none,,,mixed,0,0,0,https://prtimes.jp/main/html/rd/p/000000321.000022808.html
000000126.000076505,76505,株式会社韓国高麗人蔘社,株式会社韓国高麗人蔘社,importer,KR,core,2024-11-26,2024-11,,none,,,,0,0,0,https://prtimes.jp/main/html/rd/p/000000126.000076505.html
000000471.000028974,28974,株式会社桃谷順天館,株式会社桃谷順天館,brand_owner,JP,present_forward,2024-11-26,2024-11,lipstick,makeup,,,プチプラ,0,0,0,https://prtimes.jp/main/html/rd/p/000000471.000028974.html
000000154.000086691,86691,ユニリーバ・ジャパン・カスタマーマーケティング株式会社,ユニリーバ・ジャパン株式会社,brand_owner,global,core,2024-11-27,2024-11,,none,,LUX,プチプラ,0,1,0,https://prtimes.jp/main/html/rd/p/000000154.000086691.html
000000470.000028974,28974,株式会社桃谷順天館,株式会社桃谷順天館,brand_owner,JP,present_forward,2024-11-27,2024-11,cream,skincare,,,プチプラ,0,0,0,https://prtimes.jp/main/html/rd/p/000000470.000028974.html
000000017.000127171,127171,株式会社Goodai Global Japan,株式会社Goodai Global Japan,importer,KR,core,2024-11-28,2024-11,,none,,TIRTIR,プチプラ/ミドル,0,0,0,https://prtimes.jp/main/html/rd/p/000000017.000127171.html
000000118.000006944,6944,ニベア花王株式会社,ニベア花王株式会社,brand_owner,global,core,2024-11-28,2024-11,,none,,NIVEA,プチプラ/ミドル,1,0,0,https://prtimes.jp/main/html/rd/p/000000118.000006944.html
000000391.000044879,44879,ロート製薬株式会社,ロート製薬株式会社,brand_owner,JP,present_forward,2024-11-28,2024-11,serum,skincare,,,プチプラ/ミドル,0,0,0,https://prtimes.jp/main/html/rd/p/000000391.000044879.html
000000629.000036737,36737,株式会社ポーラ,株式会社ポーラ,brand_owner,JP,core,2024-11-28,2024-11,cream,skincare,,POLA,デパコス,0,0,0,https://prtimes.jp/main/html/rd/p/000000629.000036737.html
000000630.000036737,36737,株式会社ポーラ,株式会社ポーラ,brand_owner,JP,core,2024-11-28,2024-11,base_makeup,makeup,,POLA,デパコス,0,0,0,https://prtimes.jp/main/html/rd/p/000000630.000036737.html
000000631.000036737,36737,株式会社ポーラ,株式会社ポーラ,brand_owner,JP,core,2024-12-02,2024-12,serum,skincare,,POLA,デパコス,1,0,0,https://prtimes.jp/main/html/rd/p/000000631.000036737.html
000000971.000006496,6496,株式会社マンダム,株式会社マンダム,brand_owner,JP,present_forward,2024-12-02,2024-12,hair,other,,,プチプラ,0,0,0,https://prtimes.jp/main/html/rd/p/000000971.000006496.html
000000974.000006496,6496,株式会社マンダム,株式会社マンダム,brand_owner,JP,present_forward,2024-12-02,2024-12,face_wash,skincare,,ビフェスタ,プチプラ,0,0,0,https://prtimes.jp/main/html/rd/p/000000974.000006496.html
000000091.000042040,42040,株式会社セザンヌ化粧品,セザンヌ化粧品株式会社,brand_owner,JP,core,2024-12-03,2024-12,hair|lip_balm|blush,other,,CEZANNE,プチプラ,0,0,0,https://prtimes.jp/main/html/rd/p/000000091.000042040.html
000000201.000072864,72864,花王株式会社（Kao Beauty Brands）,花王株式会社,brand_owner,JP,present_forward,2024-12-03,2024-12,serum,skincare,,ソフィーナiP|SOFINA,ミドル,0,0,0,https://prtimes.jp/main/html/rd/p/000000201.000072864.html
000000392.000000263,263,常盤薬品工業株式会社,常盤薬品工業株式会社,brand_owner,JP,present_forward,2024-12-03,2024-12,eye_makeup,makeup,,,プチプラ,0,0,0,https://prtimes.jp/main/html/rd/p/000000392.000000263.html
000000393.000000263,263,常盤薬品工業株式会社,常盤薬品工業株式会社,brand_owner,JP,present_forward,2024-12-03,2024-12,blush,makeup,,,プチプラ,0,0,0,https://prtimes.jp/main/html/rd/p/000000393.000000263.html
000000476.000028974,28974,株式会社桃谷順天館,株式会社桃谷順天館,brand_owner,JP,present_forward,2024-12-03,2024-12,cream,skincare,,,プチプラ,0,1,0,https://prtimes.jp/main/html/rd/p/000000476.000028974.html
000000457.000070897,70897,花王株式会社,花王株式会社,brand_owner,JP,present_forward,2024-12-04,2024-12,foundation|base_makeup,makeup,,キュレル,ミドル,0,0,0,https://prtimes.jp/main/html/rd/p/000000457.000070897.html
000000129.000076505,76505,株式会社韓国高麗人蔘社,株式会社韓国高麗人蔘社,importer,KR,core,2024-12-05,2024-12,,none,,rom&nd,プチプラ,0,0,0,https://prtimes.jp/main/html/rd/p/000000129.000076505.html
000000634.000036737,36737,株式会社ポーラ,株式会社ポーラ,brand_owner,JP,core,2024-12-05,2024-12,serum|cream,skincare,,POLA,デパコス,0,0,0,https://prtimes.jp/main/html/rd/p/000000634.000036737.html
000000001.000152955,152955,"Gowoonsesang Cosmetics., Co. Ltd.","Gowoonsesang Cosmetics., Co. Ltd.",brand_owner,KR,core,2024-12-06,2024-12,cream,skincare,,Dr.G,ミドル,0,0,0,https://prtimes.jp/main/html/rd/p/000000001.000152955.html
000000064.000018737,18737,ELCジャパン合同会社,ELCジャパン合同会社,brand_owner,global,core,2024-12-06,2024-12,lipstick,makeup,,エスティ ローダー,デパコス,0,0,0,https://prtimes.jp/main/html/rd/p/000000064.000018737.html
000000468.000028974,28974,株式会社桃谷順天館,株式会社桃谷順天館,brand_owner,JP,present_forward,2024-12-06,2024-12,powder,makeup,,明色,プチプラ,0,0,1,https://prtimes.jp/main/html/rd/p/000000468.000028974.html
000000725.000016220,16220,株式会社カネボウ化粧品,株式会社カネボウ化粧品,brand_owner,JP,present_forward,2024-12-06,2024-12,serum,skincare,,KANEBO,デパコス,0,0,1,https://prtimes.jp/main/html/rd/p/000000725.000016220.html
000000131.000076505,76505,株式会社韓国高麗人蔘社,株式会社韓国高麗人蔘社,importer,KR,core,2024-12-10,2024-12,lipstick|blush,makeup,,rom&nd,プチプラ,0,0,0,https://prtimes.jp/main/html/rd/p/000000131.000076505.html
000000132.000076505,76505,株式会社韓国高麗人蔘社,株式会社韓国高麗人蔘社,importer,KR,core,2024-12-10,2024-12,,none,,rom&nd,プチプラ,0,0,0,https://prtimes.jp/main/html/rd/p/000000132.000076505.html
000000324.000022808,22808,資生堂ジャパン株式会社,株式会社資生堂,brand_owner,JP,present_forward,2024-12-10,2024-12,,none,,,mixed,0,0,0,https://prtimes.jp/main/html/rd/p/000000324.000022808.html
000000580.000007954,7954,クラシエ株式会社（ホームプロダクツカンパニー）,クラシエ株式会社,brand_owner,JP,core,2024-12-10,2024-12,face_wash|body,skincare,,,プチプラ,0,0,0,https://prtimes.jp/main/html/rd/p/000000580.000007954.html
000000726.000016220,16220,株式会社カネボウ化粧品,株式会社カネボウ化粧品,brand_owner,JP,present_forward,2024-12-10,2024-12,lash_brow,makeup,,KATE,プチプラ,0,0,0,https://prtimes.jp/main/html/rd/p/000000726.000016220.html
000000051.000090124,90124,ELCジャパン合同会社,ELCジャパン合同会社,brand_owner,global,core,2024-12-11,2024-12,,none,,ジョー マローン ロンドン,デパコス,0,0,0,https://prtimes.jp/main/html/rd/p/000000051.000090124.html
000000134.000076505,76505,株式会社韓国高麗人蔘社,株式会社韓国高麗人蔘社,importer,KR,core,2024-12-11,2024-12,,none,,rom&nd,プチプラ,0,0,0,https://prtimes.jp/main/html/rd/p/000000134.000076505.html
000000499.000014810,14810,パルファン・クリスチャン・ディオール・ジャポン株式会社,パルファン・クリスチャン・ディオール・ジャポン株式会社,brand_owner,global,present_forward,2024-12-11,2024-12,lipstick,makeup,,Dior,デパコス,0,0,0,https://prtimes.jp/main/html/rd/p/000000499.000014810.html
000000033.000077831,77831,株式会社mimi-Japan,株式会社mimi-Japan,importer,CN,core,2024-12-12,2024-12,lipstick,makeup,,Judydoll,プチプラ/ミドル,0,0,0,https://prtimes.jp/main/html/rd/p/000000033.000077831.html
000000052.000090124,90124,ELCジャパン合同会社,ELCジャパン合同会社,brand_owner,global,core,2024-12-12,2024-12,,none,,ジョー マローン ロンドン,デパコス,0,0,0,https://prtimes.jp/main/html/rd/p/000000052.000090124.html
000000135.000076505,76505,株式会社韓国高麗人蔘社,株式会社韓国高麗人蔘社,importer,KR,core,2024-12-13,2024-12,,none,,,,0,0,0,https://prtimes.jp/main/html/rd/p/000000135.000076505.html
000000721.000016220,16220,株式会社カネボウ化粧品,株式会社カネボウ化粧品,brand_owner,JP,present_forward,2024-12-13,2024-12,powder|face_wash,makeup,,SUISAI|KANEBO,ミドル,0,0,0,https://prtimes.jp/main/html/rd/p/000000721.000016220.html
000000092.000042040,42040,株式会社セザンヌ化粧品,セザンヌ化粧品株式会社,brand_owner,JP,core,2024-12-16,2024-12,concealer|eye_makeup,makeup,,CEZANNE,プチプラ,0,0,0,https://prtimes.jp/main/html/rd/p/000000092.000042040.html
000000133.000076505,76505,株式会社韓国高麗人蔘社,株式会社韓国高麗人蔘社,importer,KR,core,2024-12-16,2024-12,lipstick,makeup,,rom&nd,プチプラ,0,0,0,https://prtimes.jp/main/html/rd/p/000000133.000076505.html
000000638.000036737,36737,株式会社ポーラ,株式会社ポーラ,brand_owner,JP,core,2024-12-16,2024-12,toner_lotion,skincare,,POLA,デパコス,0,0,0,https://prtimes.jp/main/html/rd/p/000000638.000036737.html
000000119.000006944,6944,ニベア花王株式会社,ニベア花王株式会社,brand_owner,global,core,2024-12-17,2024-12,serum,skincare,,NIVEA,プチプラ/ミドル,0,0,0,https://prtimes.jp/main/html/rd/p/000000119.000006944.html
000000136.000076505,76505,株式会社韓国高麗人蔘社,株式会社韓国高麗人蔘社,importer,KR,core,2024-12-17,2024-12,,none,,,,0,0,0,https://prtimes.jp/main/html/rd/p/000000136.000076505.html
000000639.000036737,36737,株式会社ポーラ,株式会社ポーラ,brand_owner,JP,core,2024-12-17,2024-12,,none,,POLA,デパコス,0,0,0,https://prtimes.jp/main/html/rd/p/000000639.000036737.html
000000024.000035071,35071,株式会社BENOW JAPAN,株式会社BENOW JAPAN,importer,KR,core,2024-12-18,2024-12,lipstick|blush,makeup,,,ミドル,0,0,0,https://prtimes.jp/main/html/rd/p/000000024.000035071.html
000000093.000042040,42040,株式会社セザンヌ化粧品,セザンヌ化粧品株式会社,brand_owner,JP,core,2024-12-18,2024-12,lipstick,makeup,,CEZANNE,プチプラ,0,0,0,https://prtimes.jp/main/html/rd/p/000000093.000042040.html
000000640.000036737,36737,株式会社ポーラ,株式会社ポーラ,brand_owner,JP,core,2024-12-18,2024-12,cleansing,skincare,,POLA,デパコス,0,0,0,https://prtimes.jp/main/html/rd/p/000000640.000036737.html
000000004.000138729,138729,ELCジャパン合同会社 オーディナリー事業部,ELCジャパン合同会社,brand_owner,global,core,2024-12-19,2024-12,,none,,,ミドル,0,0,0,https://prtimes.jp/main/html/rd/p/000000004.000138729.html
000000022.000119328,119328,アモーレパシフィックジャパン株式会社,アモーレパシフィックジャパン株式会社,brand_owner,KR,core,2024-12-19,2024-12,serum,skincare,ヒアルロン酸Na,,デパコス,0,0,0,https://prtimes.jp/main/html/rd/p/000000022.000119328.html
000000137.000076505,76505,株式会社韓国高麗人蔘社,株式会社韓国高麗人蔘社,importer,KR,core,2024-12-19,2024-12,,none,,rom&nd,プチプラ,0,0,0,https://prtimes.jp/main/html/rd/p/000000137.000076505.html
000000501.000014810,14810,パルファン・クリスチャン・ディオール・ジャポン株式会社,パルファン・クリスチャン・ディオール・ジャポン株式会社,brand_owner,global,present_forward,2024-12-19,2024-12,fragrance,other,,Dior,デパコス,0,0,0,https://prtimes.jp/main/html/rd/p/000000501.000014810.html
000000582.000007954,7954,クラシエ株式会社（ホームプロダクツカンパニー）,クラシエ株式会社,brand_owner,JP,core,2024-12-19,2024-12,toner_lotion|serum,skincare,トラネキサム酸|アスコルビン酸,肌美精,プチプラ,1,0,0,https://prtimes.jp/main/html/rd/p/000000582.000007954.html
000000025.000035071,35071,株式会社BENOW JAPAN,株式会社BENOW JAPAN,importer,KR,core,2024-12-20,2024-12,lipstick|serum,makeup,,,ミドル,0,0,0,https://prtimes.jp/main/html/rd/p/000000025.000035071.html
000000400.000044879,44879,ロート製薬株式会社,ロート製薬株式会社,brand_owner,JP,present_forward,2024-12-20,2024-12,serum|sunscreen,skincare,,,プチプラ/ミドル,0,0,0,https://prtimes.jp/main/html/rd/p/000000400.000044879.html
000000094.000042040,42040,株式会社セザンヌ化粧品,セザンヌ化粧品株式会社,brand_owner,JP,core,2024-12-21,2024-12,base_makeup,makeup,,CEZANNE,プチプラ,0,0,0,https://prtimes.jp/main/html/rd/p/000000094.000042040.html
000000198.000019685,19685,株式会社 井田ラボラトリーズ,株式会社井田ラボラトリーズ,brand_owner,JP,core,2024-12-23,2024-12,eye_makeup,makeup,,CANMAKE,プチプラ,0,0,0,https://prtimes.jp/main/html/rd/p/000000198.000019685.html
000000199.000019685,19685,株式会社 井田ラボラトリーズ,株式会社井田ラボラトリーズ,brand_owner,JP,core,2024-12-23,2024-12,fragrance,other,,,プチプラ,0,0,0,https://prtimes.jp/main/html/rd/p/000000199.000019685.html
000000036.000105692,105692,アモーレパシフィックジャパン株式会社,アモーレパシフィックジャパン株式会社,brand_owner,KR,core,2024-12-24,2024-12,lipstick,makeup,,ラネージュ,ミドル,0,0,0,https://prtimes.jp/main/html/rd/p/000000036.000105692.html
000000088.000004359,4359,ELCジャパン合同会社,ELCジャパン合同会社,brand_owner,global,core,2024-12-25,2024-12,serum,skincare,ナイアシンアミド|アスコルビン酸,クリニーク,デパコス,0,0,0,https://prtimes.jp/main/html/rd/p/000000088.000004359.html
000000728.000016220,16220,株式会社カネボウ化粧品,株式会社カネボウ化粧品,brand_owner,JP,present_forward,2024-12-25,2024-12,,none,,KANEBO,デパコス,0,0,0,https://prtimes.jp/main/html/rd/p/000000728.000016220.html
000000018.000127171,127171,株式会社Goodai Global Japan,株式会社Goodai Global Japan,importer,KR,core,2024-12-26,2024-12,base_makeup,makeup,,TIRTIR,プチプラ/ミドル,0,0,0,https://prtimes.jp/main/html/rd/p/000000018.000127171.html
000000075.000056098,56098,株式会社クリオ,株式会社クリオ,brand_owner,KR,core,2024-12-26,2024-12,,none,,peripera,プチプラ,0,0,0,https://prtimes.jp/main/html/rd/p/000000075.000056098.html
000000729.000016220,16220,株式会社カネボウ化粧品,株式会社カネボウ化粧品,brand_owner,JP,present_forward,2024-12-26,2024-12,eye_makeup,makeup,,KANEBO,デパコス,0,0,0,https://prtimes.jp/main/html/rd/p/000000729.000016220.html
000000140.000031376,31376,アモーレパシフィックジャパン株式会社,アモーレパシフィックジャパン株式会社,brand_owner,KR,core,2024-12-27,2024-12,body,other,,イニスフリー,プチプラ/ミドル,0,0,0,https://prtimes.jp/main/html/rd/p/000000140.000031376.html
000000139.000031376,31376,アモーレパシフィックジャパン株式会社,アモーレパシフィックジャパン株式会社,brand_owner,KR,core,2024-12-28,2024-12,,none,,イニスフリー,プチプラ/ミドル,0,0,0,https://prtimes.jp/main/html/rd/p/000000139.000031376.html
000000053.000090124,90124,ELCジャパン合同会社,ELCジャパン合同会社,brand_owner,global,core,2025-01-06,2025-01,,none,,ジョー マローン ロンドン,デパコス,0,0,0,https://prtimes.jp/main/html/rd/p/000000053.000090124.html
000000503.000014810,14810,パルファン・クリスチャン・ディオール・ジャポン株式会社,パルファン・クリスチャン・ディオール・ジャポン株式会社,brand_owner,global,present_forward,2025-01-07,2025-01,,none,,Dior,デパコス,0,0,0,https://prtimes.jp/main/html/rd/p/000000503.000014810.html
000000504.000014810,14810,パルファン・クリスチャン・ディオール・ジャポン株式会社,パルファン・クリスチャン・ディオール・ジャポン株式会社,brand_owner,global,present_forward,2025-01-07,2025-01,serum,skincare,,Dior,デパコス,0,0,0,https://prtimes.jp/main/html/rd/p/000000504.000014810.html
000000096.000042040,42040,株式会社セザンヌ化粧品,セザンヌ化粧品株式会社,brand_owner,JP,core,2025-01-08,2025-01,base_makeup|concealer|foundation,makeup,,CEZANNE,プチプラ,0,0,1,https://prtimes.jp/main/html/rd/p/000000096.000042040.html
000000147.000081704,81704,株式会社ファイントゥデイ,ファイントゥデイ株式会社,brand_owner,JP,core,2025-01-08,2025-01,cleansing|face_wash|cream,skincare,,SENKA,プチプラ,0,0,0,https://prtimes.jp/main/html/rd/p/000000147.000081704.html
000000583.000007954,7954,クラシエ株式会社（ホームプロダクツカンパニー）,クラシエ株式会社,brand_owner,JP,core,2025-01-08,2025-01,hair,other,,,プチプラ,0,0,0,https://prtimes.jp/main/html/rd/p/000000583.000007954.html
000000644.000036737,36737,株式会社ポーラ,株式会社ポーラ,brand_owner,JP,core,2025-01-08,2025-01,serum,skincare,,POLA,デパコス,0,0,0,https://prtimes.jp/main/html/rd/p/000000644.000036737.html
000000054.000090124,90124,ELCジャパン合同会社,ELCジャパン合同会社,brand_owner,global,core,2025-01-09,2025-01,fragrance,other,,ジョー マローン ロンドン,デパコス,0,0,0,https://prtimes.jp/main/html/rd/p/000000054.000090124.html
000000120.000006944,6944,ニベア花王株式会社,ニベア花王株式会社,brand_owner,global,core,2025-01-09,2025-01,,none,,NIVEA,プチプラ/ミドル,0,0,0,https://prtimes.jp/main/html/rd/p/000000120.000006944.html
000000141.000031376,31376,アモーレパシフィックジャパン株式会社,アモーレパシフィックジャパン株式会社,brand_owner,KR,core,2025-01-09,2025-01,,none,,イニスフリー,プチプラ/ミドル,0,0,0,https://prtimes.jp/main/html/rd/p/000000141.000031376.html
000000327.000022808,22808,資生堂ジャパン株式会社,株式会社資生堂,brand_owner,JP,present_forward,2025-01-09,2025-01,base_makeup|serum,makeup,,,mixed,0,0,0,https://prtimes.jp/main/html/rd/p/000000327.000022808.html
000000097.000042040,42040,株式会社セザンヌ化粧品,セザンヌ化粧品株式会社,brand_owner,JP,core,2025-01-10,2025-01,serum,skincare,アスコルビン酸,CEZANNE,プチプラ,1,0,0,https://prtimes.jp/main/html/rd/p/000000097.000042040.html
000000143.000076505,76505,株式会社韓国高麗人蔘社,株式会社韓国高麗人蔘社,importer,KR,core,2025-01-10,2025-01,lipstick,makeup,,rom&nd,プチプラ,0,0,0,https://prtimes.jp/main/html/rd/p/000000143.000076505.html
000000276.000021350,21350,アモーレパシフィックジャパン株式会社,アモーレパシフィックジャパン株式会社,brand_owner,KR,core,2025-01-10,2025-01,powder,makeup,,エチュード,プチプラ,0,0,0,https://prtimes.jp/main/html/rd/p/000000276.000021350.html
000000584.000007954,7954,クラシエ株式会社（ホームプロダクツカンパニー）,クラシエ株式会社,brand_owner,JP,core,2025-01-10,2025-01,hair,other,,,プチプラ,0,0,0,https://prtimes.jp/main/html/rd/p/000000584.000007954.html
000000142.000076505,76505,株式会社韓国高麗人蔘社,株式会社韓国高麗人蔘社,importer,KR,core,2025-01-14,2025-01,lipstick,makeup,,rom&nd,プチプラ,0,0,0,https://prtimes.jp/main/html/rd/p/000000142.000076505.html
000000394.000000263,263,常盤薬品工業株式会社,常盤薬品工業株式会社,brand_owner,JP,present_forward,2025-01-14,2025-01,eye_makeup,makeup,,,プチプラ,0,0,1,https://prtimes.jp/main/html/rd/p/000000394.000000263.html
000000502.000014810,14810,パルファン・クリスチャン・ディオール・ジャポン株式会社,パルファン・クリスチャン・ディオール・ジャポン株式会社,brand_owner,global,present_forward,2025-01-14,2025-01,lipstick,makeup,,Dior,デパコス,0,0,0,https://prtimes.jp/main/html/rd/p/000000502.000014810.html
000000019.000127171,127171,株式会社Goodai Global Japan,株式会社Goodai Global Japan,importer,KR,core,2025-01-15,2025-01,base_makeup,makeup,,TIRTIR,プチプラ/ミドル,0,0,0,https://prtimes.jp/main/html/rd/p/000000019.000127171.html
000000037.000105692,105692,アモーレパシフィックジャパン株式会社,アモーレパシフィックジャパン株式会社,brand_owner,KR,core,2025-01-15,2025-01,toner_lotion|cream,skincare,,ラネージュ,ミドル,0,0,0,https://prtimes.jp/main/html/rd/p/000000037.000105692.html
000000142.000031376,31376,アモーレパシフィックジャパン株式会社,アモーレパシフィックジャパン株式会社,brand_owner,KR,core,2025-01-15,2025-01,powder,makeup,,イニスフリー,プチプラ/ミドル,0,0,1,https://prtimes.jp/main/html/rd/p/000000142.000031376.html
000000003.000126707,126707,株式会社The Founders JAPAN,株式会社The Founders JAPAN,brand_owner,KR,core,2025-01-16,2025-01,toner_lotion,skincare,,Anua,ミドル,0,0,0,https://prtimes.jp/main/html/rd/p/000000003.000126707.html
000000143.000031376,31376,アモーレパシフィックジャパン株式会社,アモーレパシフィックジャパン株式会社,brand_owner,KR,core,2025-01-16,2025-01,lip_balm,makeup,,イニスフリー,プチプラ/ミドル,0,0,1,https://prtimes.jp/main/html/rd/p/000000143.000031376.html
000000405.000044879,44879,ロート製薬株式会社,ロート製薬株式会社,brand_owner,JP,present_forward,2025-01-16,2025-01,serum,skincare,レチノール,,プチプラ/ミドル,0,0,0,https://prtimes.jp/main/html/rd/p/000000405.000044879.html
000000516.000001572,1572,株式会社石澤研究所,株式会社石澤研究所,brand_owner,JP,core,2025-01-16,2025-01,,none,,,プチプラ,0,0,0,https://prtimes.jp/main/html/rd/p/000000516.000001572.html
000000585.000007954,7954,クラシエ株式会社（ホームプロダクツカンパニー）,クラシエ株式会社,brand_owner,JP,core,2025-01-16,2025-01,,none,,肌美精,プチプラ,1,1,0,https://prtimes.jp/main/html/rd/p/000000585.000007954.html
000000732.000016220,16220,株式会社カネボウ化粧品,株式会社カネボウ化粧品,brand_owner,JP,present_forward,2025-01-16,2025-01,lipstick,makeup,,KATE,プチプラ,0,0,0,https://prtimes.jp/main/html/rd/p/000000732.000016220.html
000000065.000018737,18737,ELCジャパン合同会社,ELCジャパン合同会社,brand_owner,global,core,2025-01-17,2025-01,,none,,エスティ ローダー,デパコス,0,0,0,https://prtimes.jp/main/html/rd/p/000000065.000018737.html
000000730.000016220,16220,株式会社カネボウ化粧品,株式会社カネボウ化粧品,brand_owner,JP,present_forward,2025-01-17,2025-01,eye_makeup,makeup,,KATE,プチプラ,0,0,0,https://prtimes.jp/main/html/rd/p/000000730.000016220.html
000000034.000077831,77831,株式会社mimi-Japan,株式会社mimi-Japan,importer,CN,core,2025-01-21,2025-01,blush,makeup,,Judydoll,プチプラ/ミドル,0,0,0,https://prtimes.jp/main/html/rd/p/000000034.000077831.html
000000200.000019685,19685,株式会社 井田ラボラトリーズ,株式会社井田ラボラトリーズ,brand_owner,JP,core,2025-01-21,2025-01,lipstick|blush,makeup,,CANMAKE,プチプラ,0,0,0,https://prtimes.jp/main/html/rd/p/000000200.000019685.html
000000201.000019685,19685,株式会社 井田ラボラトリーズ,株式会社井田ラボラトリーズ,brand_owner,JP,core,2025-01-21,2025-01,lash_brow,makeup,,CANMAKE,プチプラ,0,0,0,https://prtimes.jp/main/html/rd/p/000000201.000019685.html
000000586.000007954,7954,クラシエ株式会社（ホームプロダクツカンパニー）,クラシエ株式会社,brand_owner,JP,core,2025-01-21,2025-01,cleansing|face_wash,skincare,,,プチプラ,0,1,0,https://prtimes.jp/main/html/rd/p/000000586.000007954.html
000000005.000138729,138729,ELCジャパン合同会社 オーディナリー事業部,ELCジャパン合同会社,brand_owner,global,core,2025-01-22,2025-01,,none,,,ミドル,0,0,0,https://prtimes.jp/main/html/rd/p/000000005.000138729.html
000000038.000105692,105692,アモーレパシフィックジャパン株式会社,アモーレパシフィックジャパン株式会社,brand_owner,KR,core,2025-01-22,2025-01,powder|lipstick,makeup,,ラネージュ,ミドル,0,0,0,https://prtimes.jp/main/html/rd/p/000000038.000105692.html
000000055.000090124,90124,ELCジャパン合同会社,ELCジャパン合同会社,brand_owner,global,core,2025-01-23,2025-01,fragrance,other,,ジョー マローン ロンドン,デパコス,0,0,0,https://prtimes.jp/main/html/rd/p/000000055.000090124.html
000000464.000070897,70897,花王株式会社,花王株式会社,brand_owner,JP,present_forward,2025-01-23,2025-01,hair,other,,,mixed,0,0,0,https://prtimes.jp/main/html/rd/p/000000464.000070897.html
000000508.000014810,14810,パルファン・クリスチャン・ディオール・ジャポン株式会社,パルファン・クリスチャン・ディオール・ジャポン株式会社,brand_owner,global,present_forward,2025-01-23,2025-01,,none,,Dior,デパコス,0,0,0,https://prtimes.jp/main/html/rd/p/000000508.000014810.html
000000587.000007954,7954,クラシエ株式会社（ホームプロダクツカンパニー）,クラシエ株式会社,brand_owner,JP,core,2025-01-23,2025-01,mask|serum,skincare,,肌美精,プチプラ,0,0,0,https://prtimes.jp/main/html/rd/p/000000587.000007954.html
000000987.000006496,6496,株式会社マンダム,株式会社マンダム,brand_owner,JP,present_forward,2025-01-23,2025-01,serum,skincare,,ビフェスタ,プチプラ,0,0,0,https://prtimes.jp/main/html/rd/p/000000987.000006496.html
000000402.000000263,263,常盤薬品工業株式会社,常盤薬品工業株式会社,brand_owner,JP,present_forward,2025-01-24,2025-01,eye_makeup,makeup,,,プチプラ,0,0,1,https://prtimes.jp/main/html/rd/p/000000402.000000263.html
000000509.000014810,14810,パルファン・クリスチャン・ディオール・ジャポン株式会社,パルファン・クリスチャン・ディオール・ジャポン株式会社,brand_owner,global,present_forward,2025-01-24,2025-01,fragrance,other,,Dior,デパコス,0,0,0,https://prtimes.jp/main/html/rd/p/000000509.000014810.html
000000645.000036737,36737,株式会社ポーラ,株式会社ポーラ,brand_owner,JP,core,2025-01-24,2025-01,toner_lotion,skincare,,POLA,デパコス,0,0,0,https://prtimes.jp/main/html/rd/p/000000645.000036737.html
000000734.000016220,16220,株式会社カネボウ化粧品,株式会社カネボウ化粧品,brand_owner,JP,present_forward,2025-01-24,2025-01,foundation,makeup,,KATE,プチプラ,0,0,0,https://prtimes.jp/main/html/rd/p/000000734.000016220.html
000000737.000016220,16220,株式会社カネボウ化粧品,株式会社カネボウ化粧品,brand_owner,JP,present_forward,2025-01-24,2025-01,,none,,,mixed,0,0,0,https://prtimes.jp/main/html/rd/p/000000737.000016220.html
000000145.000031376,31376,アモーレパシフィックジャパン株式会社,アモーレパシフィックジャパン株式会社,brand_owner,KR,core,2025-01-27,2025-01,serum,skincare,DNA-Na,イニスフリー,プチプラ/ミドル,0,0,0,https://prtimes.jp/main/html/rd/p/000000145.000031376.html
000000155.000086691,86691,ユニリーバ・ジャパン・カスタマーマーケティング株式会社,ユニリーバ・ジャパン株式会社,brand_owner,global,core,2025-01-27,2025-01,,none,,LUX,プチプラ,0,0,0,https://prtimes.jp/main/html/rd/p/000000155.000086691.html
000000510.000014810,14810,パルファン・クリスチャン・ディオール・ジャポン株式会社,パルファン・クリスチャン・ディオール・ジャポン株式会社,brand_owner,global,present_forward,2025-01-27,2025-01,fragrance,other,,Dior,デパコス,0,0,0,https://prtimes.jp/main/html/rd/p/000000510.000014810.html
000000511.000014810,14810,パルファン・クリスチャン・ディオール・ジャポン株式会社,パルファン・クリスチャン・ディオール・ジャポン株式会社,brand_owner,global,present_forward,2025-01-27,2025-01,,none,,Dior,デパコス,0,0,0,https://prtimes.jp/main/html/rd/p/000000511.000014810.html
000000736.000016220,16220,株式会社カネボウ化粧品,株式会社カネボウ化粧品,brand_owner,JP,present_forward,2025-01-27,2025-01,foundation,makeup,,KATE,プチプラ,0,0,0,https://prtimes.jp/main/html/rd/p/000000736.000016220.html
000000986.000006496,6496,株式会社マンダム,株式会社マンダム,brand_owner,JP,present_forward,2025-01-27,2025-01,hair,other,,,プチプラ,0,0,0,https://prtimes.jp/main/html/rd/p/000000986.000006496.html
000000039.000105692,105692,アモーレパシフィックジャパン株式会社,アモーレパシフィックジャパン株式会社,brand_owner,KR,core,2025-01-28,2025-01,,none,,ラネージュ,ミドル,0,0,0,https://prtimes.jp/main/html/rd/p/000000039.000105692.html
000000512.000014810,14810,パルファン・クリスチャン・ディオール・ジャポン株式会社,パルファン・クリスチャン・ディオール・ジャポン株式会社,brand_owner,global,present_forward,2025-01-28,2025-01,,none,,Dior,デパコス,0,0,0,https://prtimes.jp/main/html/rd/p/000000512.000014810.html
000000027.000035071,35071,株式会社BENOW JAPAN,株式会社BENOW JAPAN,importer,KR,core,2025-01-29,2025-01,,none,,,ミドル,0,0,0,https://prtimes.jp/main/html/rd/p/000000027.000035071.html
000000328.000022808,22808,資生堂ジャパン株式会社,株式会社資生堂,brand_owner,JP,present_forward,2025-01-29,2025-01,base_makeup|serum,makeup,,,mixed,0,0,0,https://prtimes.jp/main/html/rd/p/000000328.000022808.html
000000513.000014810,14810,パルファン・クリスチャン・ディオール・ジャポン株式会社,パルファン・クリスチャン・ディオール・ジャポン株式会社,brand_owner,global,present_forward,2025-01-29,2025-01,lipstick,makeup,,Dior,デパコス,0,0,0,https://prtimes.jp/main/html/rd/p/000000513.000014810.html
000000021.000127171,127171,株式会社Goodai Global Japan,株式会社Goodai Global Japan,importer,KR,core,2025-01-30,2025-01,lipstick,makeup,,TIRTIR,プチプラ/ミドル,0,0,0,https://prtimes.jp/main/html/rd/p/000000021.000127171.html
000000103.000024471,24471,日本ロレアル株式会社　タカミ事業部,日本ロレアル株式会社,brand_owner,global,core,2025-01-30,2025-01,,none,,タカミ,ミドル,0,0,0,https://prtimes.jp/main/html/rd/p/000000103.000024471.html
000000122.000006944,6944,ニベア花王株式会社,ニベア花王株式会社,brand_owner,global,core,2025-01-30,2025-01,,none,,NIVEA,プチプラ/ミドル,0,0,0,https://prtimes.jp/main/html/rd/p/000000122.000006944.html
000000588.000007954,7954,クラシエ株式会社（ホームプロダクツカンパニー）,クラシエ株式会社,brand_owner,JP,core,2025-01-30,2025-01,mask|toner_lotion,skincare,,肌美精,プチプラ,1,0,0,https://prtimes.jp/main/html/rd/p/000000588.000007954.html
000000646.000036737,36737,株式会社ポーラ,株式会社ポーラ,brand_owner,JP,core,2025-01-30,2025-01,,none,,POLA,デパコス,0,0,0,https://prtimes.jp/main/html/rd/p/000000646.000036737.html
000001650.000000987,987,株式会社良品計画,株式会社良品計画,brand_owner,JP,present_forward,2025-01-30,2025-01,hair,other,,無印良品,プチプラ,0,0,0,https://prtimes.jp/main/html/rd/p/000001650.000000987.html
000000329.000022808,22808,資生堂ジャパン株式会社,株式会社資生堂,brand_owner,JP,present_forward,2025-01-31,2025-01,base_makeup|serum,makeup,,,mixed,0,0,0,https://prtimes.jp/main/html/rd/p/000000329.000022808.html
000000403.000000263,263,常盤薬品工業株式会社,常盤薬品工業株式会社,brand_owner,JP,present_forward,2025-01-31,2025-01,,none,,なめらか本舗,プチプラ,0,0,0,https://prtimes.jp/main/html/rd/p/000000403.000000263.html
000000740.000016220,16220,株式会社カネボウ化粧品,株式会社カネボウ化粧品,brand_owner,JP,present_forward,2025-01-31,2025-01,serum,skincare,加水分解コラーゲン,,mixed,0,0,0,https://prtimes.jp/main/html/rd/p/000000740.000016220.html
000000741.000016220,16220,株式会社カネボウ化粧品,株式会社カネボウ化粧品,brand_owner,JP,present_forward,2025-01-31,2025-01,serum,skincare,加水分解コラーゲン,,mixed,0,0,0,https://prtimes.jp/main/html/rd/p/000000741.000016220.html
000000515.000014810,14810,パルファン・クリスチャン・ディオール・ジャポン株式会社,パルファン・クリスチャン・ディオール・ジャポン株式会社,brand_owner,global,present_forward,2025-02-01,2025-02,fragrance,other,,Dior,デパコス,0,0,0,https://prtimes.jp/main/html/rd/p/000000515.000014810.html
000000156.000086691,86691,ユニリーバ・ジャパン・カスタマーマーケティング株式会社,ユニリーバ・ジャパン株式会社,brand_owner,global,core,2025-02-03,2025-02,,none,,LUX,プチプラ,0,0,0,https://prtimes.jp/main/html/rd/p/000000156.000086691.html
000000648.000036737,36737,株式会社ポーラ,株式会社ポーラ,brand_owner,JP,core,2025-02-03,2025-02,,none,,POLA,デパコス,0,1,0,https://prtimes.jp/main/html/rd/p/000000648.000036737.html
000000739.000016220,16220,株式会社カネボウ化粧品,株式会社カネボウ化粧品,brand_owner,JP,present_forward,2025-02-03,2025-02,serum,skincare,,,mixed,0,0,0,https://prtimes.jp/main/html/rd/p/000000739.000016220.html
000000146.000031376,31376,アモーレパシフィックジャパン株式会社,アモーレパシフィックジャパン株式会社,brand_owner,KR,core,2025-02-04,2025-02,toner_lotion|serum,skincare,レチノール|DNA-Na,イニスフリー,プチプラ/ミドル,0,0,0,https://prtimes.jp/main/html/rd/p/000000146.000031376.html
000000148.000081704,81704,株式会社ファイントゥデイ,ファイントゥデイ株式会社,brand_owner,JP,core,2025-02-04,2025-02,,none,,SEA BREEZE,プチプラ,0,0,0,https://prtimes.jp/main/html/rd/p/000000148.000081704.html
000000205.000072864,72864,花王株式会社（Kao Beauty Brands）,花王株式会社,brand_owner,JP,present_forward,2025-02-04,2025-02,foundation|base_makeup,makeup,,キュレル,ミドル,0,0,0,https://prtimes.jp/main/html/rd/p/000000205.000072864.html
000000395.000000263,263,常盤薬品工業株式会社,常盤薬品工業株式会社,brand_owner,JP,present_forward,2025-02-04,2025-02,lash_brow,makeup,,,プチプラ,0,0,0,https://prtimes.jp/main/html/rd/p/000000395.000000263.html
000000396.000000263,263,常盤薬品工業株式会社,常盤薬品工業株式会社,brand_owner,JP,present_forward,2025-02-04,2025-02,base_makeup,makeup,,,プチプラ,0,1,0,https://prtimes.jp/main/html/rd/p/000000396.000000263.html
000000647.000036737,36737,株式会社ポーラ,株式会社ポーラ,brand_owner,JP,core,2025-02-04,2025-02,,none,,POLA,デパコス,0,0,0,https://prtimes.jp/main/html/rd/p/000000647.000036737.html
000000745.000016220,16220,株式会社カネボウ化粧品,株式会社カネボウ化粧品,brand_owner,JP,present_forward,2025-02-04,2025-02,powder|face_wash,makeup,,SUISAI,ミドル,0,0,0,https://prtimes.jp/main/html/rd/p/000000745.000016220.html
000000149.000081704,81704,株式会社ファイントゥデイ,ファイントゥデイ株式会社,brand_owner,JP,core,2025-02-05,2025-02,hair,other,,fino,プチプラ,0,0,0,https://prtimes.jp/main/html/rd/p/000000149.000081704.html
000000150.000081704,81704,株式会社ファイントゥデイ,ファイントゥデイ株式会社,brand_owner,JP,core,2025-02-05,2025-02,powder,makeup,,Ag,プチプラ,0,1,0,https://prtimes.jp/main/html/rd/p/000000150.000081704.html
000000413.000044879,44879,ロート製薬株式会社,ロート製薬株式会社,brand_owner,JP,present_forward,2025-02-05,2025-02,fragrance,other,,,プチプラ/ミドル,0,0,0,https://prtimes.jp/main/html/rd/p/000000413.000044879.html
000000738.000016220,16220,株式会社カネボウ化粧品,株式会社カネボウ化粧品,brand_owner,JP,present_forward,2025-02-05,2025-02,serum,skincare,,,mixed,0,0,1,https://prtimes.jp/main/html/rd/p/000000738.000016220.html
000000991.000006496,6496,株式会社マンダム,株式会社マンダム,brand_owner,JP,present_forward,2025-02-05,2025-02,hair,other,,,プチプラ,0,0,0,https://prtimes.jp/main/html/rd/p/000000991.000006496.html
000000642.000002061,2061,オルビス株式会社,株式会社オルビス,brand_owner,JP,core,2025-02-06,2025-02,serum|hair,skincare,,ORBIS,ミドル,0,0,1,https://prtimes.jp/main/html/rd/p/000000642.000002061.html
000000277.000021350,21350,アモーレパシフィックジャパン株式会社,アモーレパシフィックジャパン株式会社,brand_owner,KR,core,2025-02-07,2025-02,,none,,エチュード,プチプラ,0,0,0,https://prtimes.jp/main/html/rd/p/000000277.000021350.html
000000746.000016220,16220,株式会社カネボウ化粧品,株式会社カネボウ化粧品,brand_owner,JP,present_forward,2025-02-07,2025-02,sunscreen,skincare,,ALLIE,プチプラ,0,0,0,https://prtimes.jp/main/html/rd/p/000000746.000016220.html
000000040.000105692,105692,アモーレパシフィックジャパン株式会社,アモーレパシフィックジャパン株式会社,brand_owner,KR,core,2025-02-10,2025-02,lipstick,makeup,,ラネージュ,ミドル,0,0,0,https://prtimes.jp/main/html/rd/p/000000040.000105692.html
000000041.000105692,105692,アモーレパシフィックジャパン株式会社,アモーレパシフィックジャパン株式会社,brand_owner,KR,core,2025-02-10,2025-02,lipstick|lip_balm,makeup,,ラネージュ,ミドル,0,0,0,https://prtimes.jp/main/html/rd/p/000000041.000105692.html
000000145.000076505,76505,株式会社韓国高麗人蔘社,株式会社韓国高麗人蔘社,importer,KR,core,2025-02-10,2025-02,,none,,,,0,0,0,https://prtimes.jp/main/html/rd/p/000000145.000076505.html
000000514.000014810,14810,パルファン・クリスチャン・ディオール・ジャポン株式会社,パルファン・クリスチャン・ディオール・ジャポン株式会社,brand_owner,global,present_forward,2025-02-10,2025-02,,none,,Dior,デパコス,0,0,0,https://prtimes.jp/main/html/rd/p/000000514.000014810.html
000000649.000036737,36737,株式会社ポーラ,株式会社ポーラ,brand_owner,JP,core,2025-02-10,2025-02,powder,makeup,,POLA,デパコス,0,0,0,https://prtimes.jp/main/html/rd/p/000000649.000036737.html
000000079.000064854,64854,P&Gプレステージ合同会社,P&Gプレステージ合同会社,brand_owner,global,core,2025-02-12,2025-02,,none,,SK-II,デパコス,0,0,1,https://prtimes.jp/main/html/rd/p/000000079.000064854.html
000000147.000031376,31376,アモーレパシフィックジャパン株式会社,アモーレパシフィックジャパン株式会社,brand_owner,KR,core,2025-02-12,2025-02,cream,skincare,,イニスフリー,プチプラ/ミドル,0,0,0,https://prtimes.jp/main/html/rd/p/000000147.000031376.html
000000152.000081704,81704,株式会社ファイントゥデイ,ファイントゥデイ株式会社,brand_owner,JP,core,2025-02-12,2025-02,body,other,,Ag,プチプラ,0,0,0,https://prtimes.jp/main/html/rd/p/000000152.000081704.html
000000398.000000263,263,常盤薬品工業株式会社,常盤薬品工業株式会社,brand_owner,JP,present_forward,2025-02-12,2025-02,serum,skincare,,,プチプラ,0,0,0,https://prtimes.jp/main/html/rd/p/000000398.000000263.html
000000399.000000263,263,常盤薬品工業株式会社,常盤薬品工業株式会社,brand_owner,JP,present_forward,2025-02-12,2025-02,sunscreen|powder,skincare,,,プチプラ,0,0,1,https://prtimes.jp/main/html/rd/p/000000399.000000263.html
000000519.000014810,14810,パルファン・クリスチャン・ディオール・ジャポン株式会社,パルファン・クリスチャン・ディオール・ジャポン株式会社,brand_owner,global,present_forward,2025-02-12,2025-02,fragrance,other,,Dior,デパコス,0,0,0,https://prtimes.jp/main/html/rd/p/000000519.000014810.html
000000650.000036737,36737,株式会社ポーラ,株式会社ポーラ,brand_owner,JP,core,2025-02-12,2025-02,,none,,POLA,デパコス,0,0,0,https://prtimes.jp/main/html/rd/p/000000650.000036737.html
000000022.000127171,127171,株式会社Goodai Global Japan,株式会社Goodai Global Japan,importer,KR,core,2025-02-13,2025-02,,none,,TIRTIR,プチプラ/ミドル,0,0,0,https://prtimes.jp/main/html/rd/p/000000022.000127171.html
000000035.000077831,77831,株式会社mimi-Japan,株式会社mimi-Japan,importer,CN,core,2025-02-13,2025-02,lipstick,makeup,,,,0,0,0,https://prtimes.jp/main/html/rd/p/000000035.000077831.html
000000207.000072864,72864,花王株式会社（Kao Beauty Brands）,花王株式会社,brand_owner,JP,present_forward,2025-02-13,2025-02,,none,,est,デパコス,0,0,1,https://prtimes.jp/main/html/rd/p/000000207.000072864.html
000000474.000070897,70897,花王株式会社,花王株式会社,brand_owner,JP,present_forward,2025-02-13,2025-02,cream|sunscreen,skincare,,ビオレ,プチプラ,0,0,0,https://prtimes.jp/main/html/rd/p/000000474.000070897.html
000000651.000036737,36737,株式会社ポーラ,株式会社ポーラ,brand_owner,JP,core,2025-02-13,2025-02,,none,,POLA,デパコス,0,0,0,https://prtimes.jp/main/html/rd/p/000000651.000036737.html
000000090.000004359,4359,ELCジャパン合同会社,ELCジャパン合同会社,brand_owner,global,core,2025-02-14,2025-02,foundation,makeup,,クリニーク,デパコス,0,0,0,https://prtimes.jp/main/html/rd/p/000000090.000004359.html
000000146.000076505,76505,株式会社韓国高麗人蔘社,株式会社韓国高麗人蔘社,importer,KR,core,2025-02-14,2025-02,,none,,rom&nd,プチプラ,0,0,0,https://prtimes.jp/main/html/rd/p/000000146.000076505.html
000000148.000076505,76505,株式会社韓国高麗人蔘社,株式会社韓国高麗人蔘社,importer,KR,core,2025-02-14,2025-02,lipstick,makeup,,,,0,0,0,https://prtimes.jp/main/html/rd/p/000000148.000076505.html
000000157.000086691,86691,ユニリーバ・ジャパン・カスタマーマーケティング株式会社,ユニリーバ・ジャパン株式会社,brand_owner,global,core,2025-02-14,2025-02,cream,skincare,,Dove,プチプラ,0,1,0,https://prtimes.jp/main/html/rd/p/000000157.000086691.html
000000323.000085143,85143,アステナホールディングス株式会社,アステナホールディングス株式会社,importer,KR,present_forward,2025-02-14,2025-02,mask,skincare,エクソソーム|アゼライン酸,,,0,0,0,https://prtimes.jp/main/html/rd/p/000000323.000085143.html
000000332.000022808,22808,資生堂ジャパン株式会社,株式会社資生堂,brand_owner,JP,present_forward,2025-02-14,2025-02,base_makeup|serum,makeup,,,mixed,0,0,0,https://prtimes.jp/main/html/rd/p/000000332.000022808.html
000000377.000030413,30413,株式会社ディーエイチシー,株式会社ディーエイチシー,brand_owner,JP,core,2025-02-14,2025-02,serum|sunscreen,skincare,,DHC,プチプラ/ミドル,0,0,0,https://prtimes.jp/main/html/rd/p/000000377.000030413.html
000000592.000007954,7954,クラシエ株式会社（ホームプロダクツカンパニー）,クラシエ株式会社,brand_owner,JP,core,2025-02-14,2025-02,cream,skincare,,,プチプラ,1,1,0,https://prtimes.jp/main/html/rd/p/000000592.000007954.html
000000158.000086691,86691,ユニリーバ・ジャパン・カスタマーマーケティング株式会社,ユニリーバ・ジャパン株式会社,brand_owner,global,core,2025-02-17,2025-02,face_wash,skincare,,Dove,プチプラ,0,0,0,https://prtimes.jp/main/html/rd/p/000000158.000086691.html
000000476.000070897,70897,花王株式会社,花王株式会社,brand_owner,JP,present_forward,2025-02-17,2025-02,serum,skincare,,ソフィーナiP|SOFINA,ミドル,0,0,0,https://prtimes.jp/main/html/rd/p/000000476.000070897.html
000000028.000035071,35071,株式会社BENOW JAPAN,株式会社BENOW JAPAN,importer,KR,core,2025-02-18,2025-02,lipstick|blush,makeup,,,ミドル,0,0,0,https://prtimes.jp/main/html/rd/p/000000028.000035071.html
000000148.000031376,31376,アモーレパシフィックジャパン株式会社,アモーレパシフィックジャパン株式会社,brand_owner,KR,core,2025-02-18,2025-02,,none,,イニスフリー,プチプラ/ミドル,0,0,1,https://prtimes.jp/main/html/rd/p/000000148.000031376.html
000000520.000014810,14810,パルファン・クリスチャン・ディオール・ジャポン株式会社,パルファン・クリスチャン・ディオール・ジャポン株式会社,brand_owner,global,present_forward,2025-02-18,2025-02,powder|serum,makeup,,Dior,デパコス,0,0,0,https://prtimes.jp/main/html/rd/p/000000520.000014810.html
000000652.000036737,36737,株式会社ポーラ,株式会社ポーラ,brand_owner,JP,core,2025-02-18,2025-02,,none,,POLA,デパコス,0,0,0,https://prtimes.jp/main/html/rd/p/000000652.000036737.html
000000744.000016220,16220,株式会社カネボウ化粧品,株式会社カネボウ化粧品,brand_owner,JP,present_forward,2025-02-18,2025-02,base_makeup,makeup,,,mixed,0,0,0,https://prtimes.jp/main/html/rd/p/000000744.000016220.html
000000747.000016220,16220,株式会社カネボウ化粧品,株式会社カネボウ化粧品,brand_owner,JP,present_forward,2025-02-18,2025-02,eye_makeup,makeup,,KATE,プチプラ,0,0,0,https://prtimes.jp/main/html/rd/p/000000747.000016220.html
000000042.000105692,105692,アモーレパシフィックジャパン株式会社,アモーレパシフィックジャパン株式会社,brand_owner,KR,core,2025-02-19,2025-02,lipstick|serum,makeup,,ラネージュ,ミドル,0,0,0,https://prtimes.jp/main/html/rd/p/000000042.000105692.html
000000153.000081704,81704,株式会社ファイントゥデイ,ファイントゥデイ株式会社,brand_owner,JP,core,2025-02-19,2025-02,hair,other,,,プチプラ,0,0,0,https://prtimes.jp/main/html/rd/p/000000153.000081704.html
000000278.000021350,21350,アモーレパシフィックジャパン株式会社,アモーレパシフィックジャパン株式会社,brand_owner,KR,core,2025-02-19,2025-02,lash_brow,makeup,,エチュード,プチプラ,0,0,0,https://prtimes.jp/main/html/rd/p/000000278.000021350.html
000000324.000085143,85143,アステナホールディングス株式会社,アステナホールディングス株式会社,importer,KR,present_forward,2025-02-19,2025-02,,none,,,,0,0,0,https://prtimes.jp/main/html/rd/p/000000324.000085143.html
000000638.000002061,2061,オルビス株式会社,株式会社オルビス,brand_owner,JP,core,2025-02-19,2025-02,,none,,ORBIS,ミドル,0,0,0,https://prtimes.jp/main/html/rd/p/000000638.000002061.html
000000640.000002061,2061,オルビス株式会社,株式会社オルビス,brand_owner,JP,core,2025-02-19,2025-02,powder,makeup,,ORBIS,ミドル,0,0,0,https://prtimes.jp/main/html/rd/p/000000640.000002061.html
000000641.000002061,2061,オルビス株式会社,株式会社オルビス,brand_owner,JP,core,2025-02-19,2025-02,sunscreen,skincare,,ORBIS,ミドル,0,1,0,https://prtimes.jp/main/html/rd/p/000000641.000002061.html
000000647.000002061,2061,オルビス株式会社,株式会社オルビス,brand_owner,JP,core,2025-02-19,2025-02,,none,,ORBIS,ミドル,0,0,0,https://prtimes.jp/main/html/rd/p/000000647.000002061.html
000000060.000090124,90124,ELCジャパン合同会社,ELCジャパン合同会社,brand_owner,global,core,2025-02-20,2025-02,body|cream,other,,ジョー マローン ロンドン,デパコス,0,0,0,https://prtimes.jp/main/html/rd/p/000000060.000090124.html
000000080.000064854,64854,P&Gプレステージ合同会社,P&Gプレステージ合同会社,brand_owner,global,core,2025-02-20,2025-02,serum,skincare,,SK-II,デパコス,1,0,0,https://prtimes.jp/main/html/rd/p/000000080.000064854.html
000000519.000001572,1572,株式会社石澤研究所,株式会社石澤研究所,brand_owner,JP,core,2025-02-20,2025-02,,none,,毛穴撫子,プチプラ,0,0,0,https://prtimes.jp/main/html/rd/p/000000519.000001572.html
000000521.000014810,14810,パルファン・クリスチャン・ディオール・ジャポン株式会社,パルファン・クリスチャン・ディオール・ジャポン株式会社,brand_owner,global,present_forward,2025-02-20,2025-02,serum|base_makeup,skincare,,,デパコス,0,0,0,https://prtimes.jp/main/html/rd/p/000000521.000014810.html
000000591.000007954,7954,クラシエ株式会社（ホームプロダクツカンパニー）,クラシエ株式会社,brand_owner,JP,core,2025-02-20,2025-02,,none,,,プチプラ,0,0,0,https://prtimes.jp/main/html/rd/p/000000591.000007954.html
000000649.000002061,2061,オルビス株式会社,株式会社オルビス,brand_owner,JP,core,2025-02-20,2025-02,cleansing,skincare,,ORBIS|POLA,ミドル,0,0,0,https://prtimes.jp/main/html/rd/p/000000649.000002061.html
000000983.000006496,6496,株式会社マンダム,株式会社マンダム,brand_owner,JP,present_forward,2025-02-20,2025-02,serum,skincare,,ビフェスタ,プチプラ,0,0,0,https://prtimes.jp/main/html/rd/p/000000983.000006496.html
000000993.000006496,6496,株式会社マンダム,株式会社マンダム,brand_owner,JP,present_forward,2025-02-20,2025-02,,none,,ルシード,プチプラ,0,0,0,https://prtimes.jp/main/html/rd/p/000000993.000006496.html
000000104.000024471,24471,日本ロレアル株式会社　タカミ事業部,日本ロレアル株式会社,brand_owner,global,core,2025-02-21,2025-02,,none,,タカミ,ミドル,0,0,0,https://prtimes.jp/main/html/rd/p/000000104.000024471.html
000000159.000086691,86691,ユニリーバ・ジャパン・カスタマーマーケティング株式会社,ユニリーバ・ジャパン株式会社,brand_owner,global,core,2025-02-21,2025-02,,none,,Dove,プチプラ,1,0,0,https://prtimes.jp/main/html/rd/p/000000159.000086691.html
000000202.000019685,19685,株式会社 井田ラボラトリーズ,株式会社井田ラボラトリーズ,brand_owner,JP,core,2025-02-21,2025-02,base_makeup,makeup,,CANMAKE,プチプラ,0,0,0,https://prtimes.jp/main/html/rd/p/000000202.000019685.html
000000203.000019685,19685,株式会社 井田ラボラトリーズ,株式会社井田ラボラトリーズ,brand_owner,JP,core,2025-02-21,2025-02,,none,,CANMAKE,プチプラ,0,0,1,https://prtimes.jp/main/html/rd/p/000000203.000019685.html
000000334.000022808,22808,資生堂ジャパン株式会社,株式会社資生堂,brand_owner,JP,present_forward,2025-02-21,2025-02,base_makeup|serum,makeup,,,mixed,0,0,0,https://prtimes.jp/main/html/rd/p/000000334.000022808.html
000000335.000022808,22808,資生堂ジャパン株式会社,株式会社資生堂,brand_owner,JP,present_forward,2025-02-21,2025-02,base_makeup|serum,makeup,,,mixed,0,0,0,https://prtimes.jp/main/html/rd/p/000000335.000022808.html
000000477.000028974,28974,株式会社桃谷順天館,株式会社桃谷順天館,brand_owner,JP,present_forward,2025-02-21,2025-02,base_makeup,makeup,,明色,プチプラ,0,0,0,https://prtimes.jp/main/html/rd/p/000000477.000028974.html
000000478.000028974,28974,株式会社桃谷順天館,株式会社桃谷順天館,brand_owner,JP,present_forward,2025-02-21,2025-02,serum|cream,skincare,,明色,プチプラ,0,0,0,https://prtimes.jp/main/html/rd/p/000000478.000028974.html
000000479.000028974,28974,株式会社桃谷順天館,株式会社桃谷順天館,brand_owner,JP,present_forward,2025-02-21,2025-02,base_makeup|concealer,makeup,,明色,プチプラ,1,0,0,https://prtimes.jp/main/html/rd/p/000000479.000028974.html
000000480.000028974,28974,株式会社桃谷順天館,株式会社桃谷順天館,brand_owner,JP,present_forward,2025-02-21,2025-02,toner_lotion|serum,skincare,レチノール,明色,プチプラ,0,0,0,https://prtimes.jp/main/html/rd/p/000000480.000028974.html
000000481.000028974,28974,株式会社桃谷順天館,株式会社桃谷順天館,brand_owner,JP,present_forward,2025-02-21,2025-02,toner_lotion,skincare,,明色,プチプラ,1,1,0,https://prtimes.jp/main/html/rd/p/000000481.000028974.html
000000483.000028974,28974,株式会社桃谷順天館,株式会社桃谷順天館,brand_owner,JP,present_forward,2025-02-21,2025-02,,none,,,プチプラ,0,0,0,https://prtimes.jp/main/html/rd/p/000000483.000028974.html
000000522.000014810,14810,パルファン・クリスチャン・ディオール・ジャポン株式会社,パルファン・クリスチャン・ディオール・ジャポン株式会社,brand_owner,global,present_forward,2025-02-21,2025-02,base_makeup,makeup,,Dior,デパコス,0,1,0,https://prtimes.jp/main/html/rd/p/000000522.000014810.html
000000644.000002061,2061,オルビス株式会社,株式会社オルビス,brand_owner,JP,core,2025-02-21,2025-02,,none,,ORBIS,ミドル,0,0,1,https://prtimes.jp/main/html/rd/p/000000644.000002061.html
000000061.000096821,96821,VT COSMETICS,VT COSMETICS,brand_owner,KR,core,2025-02-24,2025-02,,none,アゼライン酸,VT,プチプラ,0,0,0,https://prtimes.jp/main/html/rd/p/000000061.000096821.html
000000482.000028974,28974,株式会社桃谷順天館,株式会社桃谷順天館,brand_owner,JP,present_forward,2025-02-24,2025-02,serum,skincare,,,プチプラ,0,0,0,https://prtimes.jp/main/html/rd/p/000000482.000028974.html
000000150.000031376,31376,アモーレパシフィックジャパン株式会社,アモーレパシフィックジャパン株式会社,brand_owner,KR,core,2025-02-25,2025-02,,none,,イニスフリー,プチプラ/ミドル,0,0,0,https://prtimes.jp/main/html/rd/p/000000150.000031376.html
000000751.000016220,16220,株式会社カネボウ化粧品,株式会社カネボウ化粧品,brand_owner,JP,present_forward,2025-02-25,2025-02,lash_brow,makeup,,,mixed,0,0,0,https://prtimes.jp/main/html/rd/p/000000751.000016220.html
000000752.000016220,16220,株式会社カネボウ化粧品,株式会社カネボウ化粧品,brand_owner,JP,present_forward,2025-02-25,2025-02,,none,,,mixed,0,0,0,https://prtimes.jp/main/html/rd/p/000000752.000016220.html
000000051.000046376,46376,株式会社コーセー（戦略ブランド事業部）,株式会社コーセー,brand_owner,JP,core,2025-02-26,2025-02,,none,,ADDICTION,デパコス,0,0,0,https://prtimes.jp/main/html/rd/p/000000051.000046376.html
000000149.000076505,76505,株式会社韓国高麗人蔘社,株式会社韓国高麗人蔘社,importer,KR,core,2025-02-26,2025-02,,none,,rom&nd,プチプラ,0,0,0,https://prtimes.jp/main/html/rd/p/000000149.000076505.html
000000154.000081704,81704,株式会社ファイントゥデイ,ファイントゥデイ株式会社,brand_owner,JP,core,2025-02-26,2025-02,cream|face_wash,skincare,,SENKA,プチプラ,0,0,0,https://prtimes.jp/main/html/rd/p/000000154.000081704.html
000000279.000021350,21350,アモーレパシフィックジャパン株式会社,アモーレパシフィックジャパン株式会社,brand_owner,KR,core,2025-02-27,2025-02,,none,,,mixed,0,0,0,https://prtimes.jp/main/html/rd/p/000000279.000021350.html
000000646.000002061,2061,オルビス株式会社,株式会社オルビス,brand_owner,JP,core,2025-02-27,2025-02,serum|hair,skincare,,ORBIS,ミドル,0,0,1,https://prtimes.jp/main/html/rd/p/000000646.000002061.html
000000001.000157077,157077,ウィッシュカンパニー株式会社,ウィッシュカンパニー株式会社,brand_owner,KR,core,2025-02-28,2025-02,,none,,Dear Klairs,ミドル,0,0,0,https://prtimes.jp/main/html/rd/p/000000001.000157077.html
000000025.000119328,119328,アモーレパシフィックジャパン株式会社,アモーレパシフィックジャパン株式会社,brand_owner,KR,core,2025-02-28,2025-02,,none,ツボクサエキス,,デパコス,0,1,0,https://prtimes.jp/main/html/rd/p/000000025.000119328.html
000000105.000024471,24471,日本ロレアル株式会社　タカミ事業部,日本ロレアル株式会社,brand_owner,global,core,2025-02-28,2025-02,serum,skincare,,タカミ,ミドル,0,0,0,https://prtimes.jp/main/html/rd/p/000000105.000024471.html
000000742.000016220,16220,株式会社カネボウ化粧品,株式会社カネボウ化粧品,brand_owner,JP,present_forward,2025-02-28,2025-02,foundation|serum,makeup,加水分解コラーゲン,,mixed,0,0,0,https://prtimes.jp/main/html/rd/p/000000742.000016220.html
000000023.000127171,127171,株式会社Goodai Global Japan,株式会社Goodai Global Japan,importer,KR,core,2025-03-02,2025-03,,none,,TIRTIR,プチプラ/ミドル,0,0,0,https://prtimes.jp/main/html/rd/p/000000023.000127171.html
000000481.000070897,70897,花王株式会社,花王株式会社,brand_owner,JP,present_forward,2025-03-03,2025-03,cleansing,skincare,,ビオレ,プチプラ,0,0,0,https://prtimes.jp/main/html/rd/p/000000481.000070897.html
000000155.000081704,81704,株式会社ファイントゥデイ,ファイントゥデイ株式会社,brand_owner,JP,core,2025-03-04,2025-03,hair,other,,,プチプラ,0,0,0,https://prtimes.jp/main/html/rd/p/000000155.000081704.html
000000209.000072864,72864,花王株式会社（Kao Beauty Brands）,花王株式会社,brand_owner,JP,present_forward,2025-03-04,2025-03,cleansing,skincare,,est,デパコス,0,0,0,https://prtimes.jp/main/html/rd/p/000000209.000072864.html
000000400.000000263,263,常盤薬品工業株式会社,常盤薬品工業株式会社,brand_owner,JP,present_forward,2025-03-04,2025-03,serum|base_makeup,skincare,,なめらか本舗,プチプラ,1,1,0,https://prtimes.jp/main/html/rd/p/000000400.000000263.html
000000401.000000263,263,常盤薬品工業株式会社,常盤薬品工業株式会社,brand_owner,JP,present_forward,2025-03-04,2025-03,serum,skincare,,なめらか本舗,プチプラ,1,0,0,https://prtimes.jp/main/html/rd/p/000000401.000000263.html
000000404.000000263,263,常盤薬品工業株式会社,常盤薬品工業株式会社,brand_owner,JP,present_forward,2025-03-04,2025-03,powder,makeup,,,プチプラ,1,0,0,https://prtimes.jp/main/html/rd/p/000000404.000000263.html
000000405.000000263,263,常盤薬品工業株式会社,常盤薬品工業株式会社,brand_owner,JP,present_forward,2025-03-04,2025-03,powder|serum,makeup,,,プチプラ,0,0,0,https://prtimes.jp/main/html/rd/p/000000405.000000263.html
000000595.000007954,7954,クラシエ株式会社（ホームプロダクツカンパニー）,クラシエ株式会社,brand_owner,JP,core,2025-03-04,2025-03,hair,other,,,プチプラ,0,1,0,https://prtimes.jp/main/html/rd/p/000000595.000007954.html
000000336.000022808,22808,資生堂ジャパン株式会社,株式会社資生堂,brand_owner,JP,present_forward,2025-03-05,2025-03,eye_makeup,makeup,,,mixed,0,0,0,https://prtimes.jp/main/html/rd/p/000000336.000022808.html
000000486.000028974,28974,株式会社桃谷順天館,株式会社桃谷順天館,brand_owner,JP,present_forward,2025-03-05,2025-03,,none,,明色,プチプラ,0,0,0,https://prtimes.jp/main/html/rd/p/000000486.000028974.html
000000754.000016220,16220,株式会社カネボウ化粧品,株式会社カネボウ化粧品,brand_owner,JP,present_forward,2025-03-05,2025-03,blush,makeup,,KANEBO,デパコス,0,0,0,https://prtimes.jp/main/html/rd/p/000000754.000016220.html
000000755.000016220,16220,株式会社カネボウ化粧品,株式会社カネボウ化粧品,brand_owner,JP,present_forward,2025-03-05,2025-03,hair,other,,KANEBO,デパコス,0,0,0,https://prtimes.jp/main/html/rd/p/000000755.000016220.html
000000756.000016220,16220,株式会社カネボウ化粧品,株式会社カネボウ化粧品,brand_owner,JP,present_forward,2025-03-05,2025-03,serum,skincare,,KANEBO,デパコス,0,0,0,https://prtimes.jp/main/html/rd/p/000000756.000016220.html
000000077.000056098,56098,株式会社クリオ,株式会社クリオ,brand_owner,KR,core,2025-03-06,2025-03,lipstick,makeup,,peripera,プチプラ,0,0,0,https://prtimes.jp/main/html/rd/p/000000077.000056098.html
000000485.000070897,70897,花王株式会社,花王株式会社,brand_owner,JP,present_forward,2025-03-06,2025-03,mask,skincare,,,mixed,0,0,0,https://prtimes.jp/main/html/rd/p/000000485.000070897.html
000000597.000007954,7954,クラシエ株式会社（ホームプロダクツカンパニー）,クラシエ株式会社,brand_owner,JP,core,2025-03-06,2025-03,body,other,,,プチプラ,0,0,0,https://prtimes.jp/main/html/rd/p/000000597.000007954.html
000000655.000036737,36737,株式会社ポーラ,株式会社ポーラ,brand_owner,JP,core,2025-03-06,2025-03,serum|emulsion,skincare,,POLA,デパコス,0,0,0,https://prtimes.jp/main/html/rd/p/000000655.000036737.html
000000157.000081704,81704,株式会社ファイントゥデイ,ファイントゥデイ株式会社,brand_owner,JP,core,2025-03-07,2025-03,all_in_one|cream,skincare,,uno,プチプラ,0,1,0,https://prtimes.jp/main/html/rd/p/000000157.000081704.html
000000210.000072864,72864,花王株式会社（Kao Beauty Brands）,花王株式会社,brand_owner,JP,present_forward,2025-03-07,2025-03,cream,skincare,,est,デパコス,0,0,0,https://prtimes.jp/main/html/rd/p/000000210.000072864.html
000000340.000022808,22808,資生堂ジャパン株式会社,株式会社資生堂,brand_owner,JP,present_forward,2025-03-07,2025-03,eye_makeup,makeup,,,mixed,0,0,0,https://prtimes.jp/main/html/rd/p/000000340.000022808.html
000000523.000014810,14810,パルファン・クリスチャン・ディオール・ジャポン株式会社,パルファン・クリスチャン・ディオール・ジャポン株式会社,brand_owner,global,present_forward,2025-03-07,2025-03,lipstick,makeup,,Dior,デパコス,0,0,0,https://prtimes.jp/main/html/rd/p/000000523.000014810.html
000000525.000014810,14810,パルファン・クリスチャン・ディオール・ジャポン株式会社,パルファン・クリスチャン・ディオール・ジャポン株式会社,brand_owner,global,present_forward,2025-03-07,2025-03,,none,,,デパコス,0,0,0,https://prtimes.jp/main/html/rd/p/000000525.000014810.html
000000750.000016220,16220,株式会社カネボウ化粧品,株式会社カネボウ化粧品,brand_owner,JP,present_forward,2025-03-07,2025-03,toner_lotion,skincare,,DEW|KANEBO,ミドル,0,0,0,https://prtimes.jp/main/html/rd/p/000000750.000016220.html
000000082.000064854,64854,P&Gプレステージ合同会社,P&Gプレステージ合同会社,brand_owner,global,core,2025-03-10,2025-03,,none,,SK-II,デパコス,0,0,0,https://prtimes.jp/main/html/rd/p/000000082.000064854.html
000000160.000086691,86691,ユニリーバ・ジャパン・カスタマーマーケティング株式会社,ユニリーバ・ジャパン株式会社,brand_owner,global,core,2025-03-10,2025-03,,none,,LUX,プチプラ,0,0,0,https://prtimes.jp/main/html/rd/p/000000160.000086691.html
000000406.000000263,263,常盤薬品工業株式会社,常盤薬品工業株式会社,brand_owner,JP,present_forward,2025-03-10,2025-03,cream|serum,skincare,,,プチプラ,0,0,0,https://prtimes.jp/main/html/rd/p/000000406.000000263.html
000000524.000014810,14810,パルファン・クリスチャン・ディオール・ジャポン株式会社,パルファン・クリスチャン・ディオール・ジャポン株式会社,brand_owner,global,present_forward,2025-03-10,2025-03,,none,,Dior,デパコス,0,0,0,https://prtimes.jp/main/html/rd/p/000000524.000014810.html
000000151.000031376,31376,アモーレパシフィックジャパン株式会社,アモーレパシフィックジャパン株式会社,brand_owner,KR,core,2025-03-11,2025-03,cream,skincare,,イニスフリー,プチプラ/ミドル,0,0,0,https://prtimes.jp/main/html/rd/p/000000151.000031376.html
000000408.000000263,263,常盤薬品工業株式会社,常盤薬品工業株式会社,brand_owner,JP,present_forward,2025-03-11,2025-03,base_makeup|serum,makeup,,,プチプラ,0,0,0,https://prtimes.jp/main/html/rd/p/000000408.000000263.html
000000490.000070897,70897,花王株式会社,花王株式会社,brand_owner,JP,present_forward,2025-03-11,2025-03,hair,other,,,mixed,0,0,0,https://prtimes.jp/main/html/rd/p/000000490.000070897.html
000000152.000076505,76505,株式会社韓国高麗人蔘社,株式会社韓国高麗人蔘社,importer,KR,core,2025-03-12,2025-03,,none,,rom&nd,プチプラ,0,0,0,https://prtimes.jp/main/html/rd/p/000000152.000076505.html
000000491.000070897,70897,花王株式会社,花王株式会社,brand_owner,JP,present_forward,2025-03-12,2025-03,,none,,ビオレ,プチプラ,0,0,0,https://prtimes.jp/main/html/rd/p/000000491.000070897.html
000000520.000001572,1572,株式会社石澤研究所,株式会社石澤研究所,brand_owner,JP,core,2025-03-12,2025-03,,none,,,プチプラ,0,0,0,https://prtimes.jp/main/html/rd/p/000000520.000001572.html
000000526.000014810,14810,パルファン・クリスチャン・ディオール・ジャポン株式会社,パルファン・クリスチャン・ディオール・ジャポン株式会社,brand_owner,global,present_forward,2025-03-12,2025-03,lipstick,makeup,,Dior,デパコス,0,0,0,https://prtimes.jp/main/html/rd/p/000000526.000014810.html
000000152.000031376,31376,アモーレパシフィックジャパン株式会社,アモーレパシフィックジャパン株式会社,brand_owner,KR,core,2025-03-13,2025-03,powder,makeup,,イニスフリー,プチプラ/ミドル,0,0,0,https://prtimes.jp/main/html/rd/p/000000152.000031376.html
000000757.000016220,16220,株式会社カネボウ化粧品,株式会社カネボウ化粧品,brand_owner,JP,present_forward,2025-03-13,2025-03,,none,,KATE,プチプラ,0,0,0,https://prtimes.jp/main/html/rd/p/000000757.000016220.html
000000998.000006496,6496,株式会社マンダム,株式会社マンダム,brand_owner,JP,present_forward,2025-03-13,2025-03,face_wash,skincare,,ビフェスタ,プチプラ,0,0,0,https://prtimes.jp/main/html/rd/p/000000998.000006496.html
000000107.000024471,24471,日本ロレアル株式会社　タカミ事業部,日本ロレアル株式会社,brand_owner,global,core,2025-03-14,2025-03,,none,,タカミ,ミドル,0,0,0,https://prtimes.jp/main/html/rd/p/000000107.000024471.html
000000653.000002061,2061,オルビス株式会社,株式会社オルビス,brand_owner,JP,core,2025-03-14,2025-03,,none,,ORBIS,ミドル,0,0,1,https://prtimes.jp/main/html/rd/p/000000653.000002061.html
000000153.000076505,76505,株式会社韓国高麗人蔘社,株式会社韓国高麗人蔘社,importer,KR,core,2025-03-17,2025-03,blush,makeup,,,,0,0,0,https://prtimes.jp/main/html/rd/p/000000153.000076505.html
000000024.000127171,127171,株式会社Goodai Global Japan,株式会社Goodai Global Japan,importer,KR,core,2025-03-18,2025-03,concealer,makeup,,TIRTIR,プチプラ/ミドル,0,0,0,https://prtimes.jp/main/html/rd/p/000000024.000127171.html
000000078.000056098,56098,株式会社クリオ,株式会社クリオ,brand_owner,KR,core,2025-03-18,2025-03,blush,makeup,,peripera,プチプラ,0,0,0,https://prtimes.jp/main/html/rd/p/000000078.000056098.html
000000213.000072864,72864,花王株式会社（Kao Beauty Brands）,花王株式会社,brand_owner,JP,present_forward,2025-03-18,2025-03,base_makeup,makeup,,,mixed,0,0,1,https://prtimes.jp/main/html/rd/p/000000213.000072864.html
000000341.000022808,22808,資生堂ジャパン株式会社,株式会社資生堂,brand_owner,JP,present_forward,2025-03-18,2025-03,powder,makeup,,,mixed,0,0,1,https://prtimes.jp/main/html/rd/p/000000341.000022808.html
000000760.000016220,16220,株式会社カネボウ化粧品,株式会社カネボウ化粧品,brand_owner,JP,present_forward,2025-03-18,2025-03,foundation|powder,makeup,,KATE,プチプラ,0,0,0,https://prtimes.jp/main/html/rd/p/000000760.000016220.html
000000761.000016220,16220,株式会社カネボウ化粧品,株式会社カネボウ化粧品,brand_owner,JP,present_forward,2025-03-18,2025-03,sunscreen|base_makeup|foundation,skincare,,ALLIE,プチプラ,0,0,1,https://prtimes.jp/main/html/rd/p/000000761.000016220.html
000000036.000077831,77831,株式会社mimi-Japan,株式会社mimi-Japan,importer,CN,core,2025-03-19,2025-03,lipstick|blush,makeup,,,,0,0,0,https://prtimes.jp/main/html/rd/p/000000036.000077831.html
000000043.000105692,105692,アモーレパシフィックジャパン株式会社,アモーレパシフィックジャパン株式会社,brand_owner,KR,core,2025-03-19,2025-03,lipstick|serum,makeup,,ラネージュ,ミドル,0,0,0,https://prtimes.jp/main/html/rd/p/000000043.000105692.html
000000044.000105692,105692,アモーレパシフィックジャパン株式会社,アモーレパシフィックジャパン株式会社,brand_owner,KR,core,2025-03-19,2025-03,lipstick|lip_balm,makeup,,ラネージュ,ミドル,0,0,0,https://prtimes.jp/main/html/rd/p/000000044.000105692.html
000000079.000056098,56098,株式会社クリオ,株式会社クリオ,brand_owner,KR,core,2025-03-19,2025-03,,none,,CLIO,ミドル,0,0,0,https://prtimes.jp/main/html/rd/p/000000079.000056098.html
000000153.000031376,31376,アモーレパシフィックジャパン株式会社,アモーレパシフィックジャパン株式会社,brand_owner,KR,core,2025-03-19,2025-03,booster,skincare,,イニスフリー,プチプラ/ミドル,0,0,0,https://prtimes.jp/main/html/rd/p/000000153.000031376.html
000000163.000086691,86691,ユニリーバ・ジャパン・カスタマーマーケティング株式会社,ユニリーバ・ジャパン株式会社,brand_owner,global,core,2025-03-19,2025-03,fragrance|body,other,,,プチプラ,0,0,0,https://prtimes.jp/main/html/rd/p/000000163.000086691.html
000000342.000022808,22808,資生堂ジャパン株式会社,株式会社資生堂,brand_owner,JP,present_forward,2025-03-19,2025-03,,none,,,mixed,0,0,0,https://prtimes.jp/main/html/rd/p/000000342.000022808.html
000000652.000002061,2061,オルビス株式会社,株式会社オルビス,brand_owner,JP,core,2025-03-19,2025-03,base_makeup|hair,makeup,,ORBIS,ミドル,0,0,0,https://prtimes.jp/main/html/rd/p/000000652.000002061.html
000000164.000086691,86691,ユニリーバ・ジャパン・カスタマーマーケティング株式会社,ユニリーバ・ジャパン株式会社,brand_owner,global,core,2025-03-20,2025-03,lipstick,makeup,,LUX,プチプラ,0,0,0,https://prtimes.jp/main/html/rd/p/000000164.000086691.html
000000204.000019685,19685,株式会社 井田ラボラトリーズ,株式会社井田ラボラトリーズ,brand_owner,JP,core,2025-03-21,2025-03,,none,,CANMAKE,プチプラ,0,0,0,https://prtimes.jp/main/html/rd/p/000000204.000019685.html
000000205.000019685,19685,株式会社 井田ラボラトリーズ,株式会社井田ラボラトリーズ,brand_owner,JP,core,2025-03-21,2025-03,,none,,CANMAKE,プチプラ,0,0,0,https://prtimes.jp/main/html/rd/p/000000205.000019685.html
000000206.000019685,19685,株式会社 井田ラボラトリーズ,株式会社井田ラボラトリーズ,brand_owner,JP,core,2025-03-21,2025-03,powder,makeup,,CANMAKE,プチプラ,0,0,0,https://prtimes.jp/main/html/rd/p/000000206.000019685.html
000000207.000019685,19685,株式会社 井田ラボラトリーズ,株式会社井田ラボラトリーズ,brand_owner,JP,core,2025-03-21,2025-03,foundation,makeup,,CANMAKE,プチプラ,0,0,0,https://prtimes.jp/main/html/rd/p/000000207.000019685.html
000000343.000022808,22808,資生堂ジャパン株式会社,株式会社資生堂,brand_owner,JP,present_forward,2025-03-21,2025-03,eye_makeup,makeup,,,mixed,0,0,0,https://prtimes.jp/main/html/rd/p/000000343.000022808.html
000000762.000016220,16220,株式会社カネボウ化粧品,株式会社カネボウ化粧品,brand_owner,JP,present_forward,2025-03-21,2025-03,,none,,KANEBO,デパコス,0,0,0,https://prtimes.jp/main/html/rd/p/000000762.000016220.html
000000045.000105692,105692,アモーレパシフィックジャパン株式会社,アモーレパシフィックジャパン株式会社,brand_owner,KR,core,2025-03-24,2025-03,serum,skincare,,ラネージュ,ミドル,0,0,0,https://prtimes.jp/main/html/rd/p/000000045.000105692.html
000000489.000028974,28974,株式会社桃谷順天館,株式会社桃谷順天館,brand_owner,JP,present_forward,2025-03-24,2025-03,,none,,,プチプラ,0,0,0,https://prtimes.jp/main/html/rd/p/000000489.000028974.html
000001001.000006496,6496,株式会社マンダム,株式会社マンダム,brand_owner,JP,present_forward,2025-03-24,2025-03,,none,,GATSBY,プチプラ,0,0,0,https://prtimes.jp/main/html/rd/p/000001001.000006496.html
000000154.000031376,31376,アモーレパシフィックジャパン株式会社,アモーレパシフィックジャパン株式会社,brand_owner,KR,core,2025-03-25,2025-03,serum,skincare,,イニスフリー,プチプラ/ミドル,0,0,0,https://prtimes.jp/main/html/rd/p/000000154.000031376.html
000000598.000007954,7954,クラシエ株式会社（ホームプロダクツカンパニー）,クラシエ株式会社,brand_owner,JP,core,2025-03-25,2025-03,body,other,,,プチプラ,0,0,0,https://prtimes.jp/main/html/rd/p/000000598.000007954.html
000000027.000119328,119328,アモーレパシフィックジャパン株式会社,アモーレパシフィックジャパン株式会社,brand_owner,KR,core,2025-03-26,2025-03,,none,,,デパコス,0,0,0,https://prtimes.jp/main/html/rd/p/000000027.000119328.html
000000041.000035071,35071,株式会社BENOW JAPAN,株式会社BENOW JAPAN,importer,KR,core,2025-03-27,2025-03,eye_makeup|lipstick|blush,makeup,,,ミドル,0,0,0,https://prtimes.jp/main/html/rd/p/000000041.000035071.html
000000080.000056098,56098,株式会社クリオ,株式会社クリオ,brand_owner,KR,core,2025-03-27,2025-03,,none,,CLIO,ミドル,0,0,0,https://prtimes.jp/main/html/rd/p/000000080.000056098.html
000000155.000031376,31376,アモーレパシフィックジャパン株式会社,アモーレパシフィックジャパン株式会社,brand_owner,KR,core,2025-03-27,2025-03,,none,,イニスフリー,プチプラ/ミドル,0,0,1,https://prtimes.jp/main/html/rd/p/000000155.000031376.html
000000280.000021350,21350,アモーレパシフィックジャパン株式会社,アモーレパシフィックジャパン株式会社,brand_owner,KR,core,2025-03-27,2025-03,toner_lotion,skincare,,エチュード,プチプラ,0,0,0,https://prtimes.jp/main/html/rd/p/000000280.000021350.html
000000663.000036737,36737,株式会社ポーラ,株式会社ポーラ,brand_owner,JP,core,2025-03-27,2025-03,,none,,POLA,デパコス,0,0,0,https://prtimes.jp/main/html/rd/p/000000663.000036737.html
000000763.000016220,16220,株式会社カネボウ化粧品,株式会社カネボウ化粧品,brand_owner,JP,present_forward,2025-03-28,2025-03,,none,,,mixed,0,0,0,https://prtimes.jp/main/html/rd/p/000000763.000016220.html
000000042.000035071,35071,株式会社BENOW JAPAN,株式会社BENOW JAPAN,importer,KR,core,2025-03-31,2025-03,lipstick,makeup,,,ミドル,0,0,0,https://prtimes.jp/main/html/rd/p/000000042.000035071.html
000000069.000018737,18737,ELCジャパン合同会社,ELCジャパン合同会社,brand_owner,global,core,2025-03-31,2025-03,,none,,エスティ ローダー,デパコス,0,0,0,https://prtimes.jp/main/html/rd/p/000000069.000018737.html
000000165.000086691,86691,ユニリーバ・ジャパン・カスタマーマーケティング株式会社,ユニリーバ・ジャパン株式会社,brand_owner,global,core,2025-03-31,2025-03,cream,skincare,,Dove,プチプラ,0,0,0,https://prtimes.jp/main/html/rd/p/000000165.000086691.html
000000281.000021350,21350,アモーレパシフィックジャパン株式会社,アモーレパシフィックジャパン株式会社,brand_owner,KR,core,2025-03-31,2025-03,lipstick|blush,makeup,,エチュード,プチプラ,0,0,0,https://prtimes.jp/main/html/rd/p/000000281.000021350.html
000000083.000064854,64854,P&Gプレステージ合同会社,P&Gプレステージ合同会社,brand_owner,global,core,2025-04-01,2025-04,,none,,SK-II,デパコス,0,0,0,https://prtimes.jp/main/html/rd/p/000000083.000064854.html
000000491.000028974,28974,株式会社桃谷順天館,株式会社桃谷順天館,brand_owner,JP,present_forward,2025-04-01,2025-04,mask,skincare,,明色,プチプラ,0,0,0,https://prtimes.jp/main/html/rd/p/000000491.000028974.html
000000492.000028974,28974,株式会社桃谷順天館,株式会社桃谷順天館,brand_owner,JP,present_forward,2025-04-01,2025-04,face_wash|serum,skincare,,明色,プチプラ,0,0,0,https://prtimes.jp/main/html/rd/p/000000492.000028974.html
000000665.000036737,36737,株式会社ポーラ,株式会社ポーラ,brand_owner,JP,core,2025-04-02,2025-04,serum,skincare,,POLA,デパコス,0,0,0,https://prtimes.jp/main/html/rd/p/000000665.000036737.html
000001671.000000987,987,株式会社良品計画,株式会社良品計画,brand_owner,JP,present_forward,2025-04-02,2025-04,sunscreen,skincare,,無印良品,プチプラ,0,1,0,https://prtimes.jp/main/html/rd/p/000001671.000000987.html
000000156.000031376,31376,アモーレパシフィックジャパン株式会社,アモーレパシフィックジャパン株式会社,brand_owner,KR,core,2025-04-03,2025-04,,none,,イニスフリー,プチプラ/ミドル,0,0,0,https://prtimes.jp/main/html/rd/p/000000156.000031376.html
000000601.000007954,7954,クラシエ株式会社（ホームプロダクツカンパニー）,クラシエ株式会社,brand_owner,JP,core,2025-04-03,2025-04,hair,other,,,プチプラ,0,0,1,https://prtimes.jp/main/html/rd/p/000000601.000007954.html
000000166.000086691,86691,ユニリーバ・ジャパン・カスタマーマーケティング株式会社,ユニリーバ・ジャパン株式会社,brand_owner,global,core,2025-04-04,2025-04,fragrance,other,,,プチプラ,0,0,0,https://prtimes.jp/main/html/rd/p/000000166.000086691.html
000000215.000072864,72864,花王株式会社（Kao Beauty Brands）,花王株式会社,brand_owner,JP,present_forward,2025-04-04,2025-04,base_makeup,makeup,,,mixed,0,0,0,https://prtimes.jp/main/html/rd/p/000000215.000072864.html
000000765.000016220,16220,株式会社カネボウ化粧品,株式会社カネボウ化粧品,brand_owner,JP,present_forward,2025-04-04,2025-04,,none,,,mixed,0,0,0,https://prtimes.jp/main/html/rd/p/000000765.000016220.html
000000167.000086691,86691,ユニリーバ・ジャパン・カスタマーマーケティング株式会社,ユニリーバ・ジャパン株式会社,brand_owner,global,core,2025-04-07,2025-04,cream,skincare,,Dove,プチプラ,0,0,0,https://prtimes.jp/main/html/rd/p/000000167.000086691.html
000000206.000072864,72864,花王株式会社（Kao Beauty Brands）,花王株式会社,brand_owner,JP,present_forward,2025-04-08,2025-04,cream,skincare,,キュレル,ミドル,1,0,0,https://prtimes.jp/main/html/rd/p/000000206.000072864.html
000000216.000072864,72864,花王株式会社（Kao Beauty Brands）,花王株式会社,brand_owner,JP,present_forward,2025-04-08,2025-04,base_makeup,makeup,,,mixed,0,0,0,https://prtimes.jp/main/html/rd/p/000000216.000072864.html
000000412.000000263,263,常盤薬品工業株式会社,常盤薬品工業株式会社,brand_owner,JP,present_forward,2025-04-08,2025-04,toner_lotion,skincare,,,プチプラ,0,0,0,https://prtimes.jp/main/html/rd/p/000000412.000000263.html
000000081.000056098,56098,株式会社クリオ,株式会社クリオ,brand_owner,KR,core,2025-04-10,2025-04,lipstick,makeup,,peripera,プチプラ,0,0,0,https://prtimes.jp/main/html/rd/p/000000081.000056098.html
000000099.000042040,42040,株式会社セザンヌ化粧品,セザンヌ化粧品株式会社,brand_owner,JP,core,2025-04-10,2025-04,eye_makeup|blush,makeup,,CEZANNE,プチプラ,0,0,0,https://prtimes.jp/main/html/rd/p/000000099.000042040.html
000000109.000024471,24471,日本ロレアル株式会社　タカミ事業部,日本ロレアル株式会社,brand_owner,global,core,2025-04-10,2025-04,sunscreen,skincare,,タカミ,ミドル,0,0,0,https://prtimes.jp/main/html/rd/p/000000109.000024471.html
000000138.000092303,92303,株式会社ポーラ・オルビスホールディングス,株式会社ポーラ,brand_owner,JP,core,2025-04-10,2025-04,,none,,POLA,デパコス,0,0,0,https://prtimes.jp/main/html/rd/p/000000138.000092303.html
000000154.000076505,76505,株式会社韓国高麗人蔘社,株式会社韓国高麗人蔘社,importer,KR,core,2025-04-10,2025-04,lipstick,makeup,,rom&nd,プチプラ,0,0,0,https://prtimes.jp/main/html/rd/p/000000154.000076505.html
000000387.000030413,30413,株式会社ディーエイチシー,株式会社ディーエイチシー,brand_owner,JP,core,2025-04-10,2025-04,,none,,DHC,プチプラ/ミドル,0,0,0,https://prtimes.jp/main/html/rd/p/000000387.000030413.html
000000413.000000263,263,常盤薬品工業株式会社,常盤薬品工業株式会社,brand_owner,JP,present_forward,2025-04-10,2025-04,toner_lotion|face_wash,skincare,,,プチプラ,0,0,0,https://prtimes.jp/main/html/rd/p/000000413.000000263.html
000000532.000014810,14810,パルファン・クリスチャン・ディオール・ジャポン株式会社,パルファン・クリスチャン・ディオール・ジャポン株式会社,brand_owner,global,present_forward,2025-04-10,2025-04,,none,,Dior,デパコス,0,0,0,https://prtimes.jp/main/html/rd/p/000000532.000014810.html
000000666.000036737,36737,株式会社ポーラ,株式会社ポーラ,brand_owner,JP,core,2025-04-10,2025-04,,none,,POLA,デパコス,0,1,0,https://prtimes.jp/main/html/rd/p/000000666.000036737.html
000000667.000036737,36737,株式会社ポーラ,株式会社ポーラ,brand_owner,JP,core,2025-04-10,2025-04,,none,,POLA,デパコス,0,0,0,https://prtimes.jp/main/html/rd/p/000000667.000036737.html
000000766.000016220,16220,株式会社カネボウ化粧品,株式会社カネボウ化粧品,brand_owner,JP,present_forward,2025-04-10,2025-04,lipstick,makeup,,KATE,プチプラ,0,0,0,https://prtimes.jp/main/html/rd/p/000000766.000016220.html
000000002.000157077,157077,ウィッシュカンパニー株式会社,ウィッシュカンパニー株式会社,brand_owner,KR,core,2025-04-11,2025-04,,none,,Dear Klairs,ミドル,0,0,0,https://prtimes.jp/main/html/rd/p/000000002.000157077.html
000000334.000085143,85143,アステナホールディングス株式会社,アステナホールディングス株式会社,importer,KR,present_forward,2025-04-11,2025-04,,none,,,,0,0,0,https://prtimes.jp/main/html/rd/p/000000334.000085143.html
000000065.000096821,96821,VT COSMETICS,VT COSMETICS,brand_owner,KR,core,2025-04-14,2025-04,,none,ナイアシンアミド,VT,プチプラ,0,0,0,https://prtimes.jp/main/html/rd/p/000000065.000096821.html
000000521.000001572,1572,株式会社石澤研究所,株式会社石澤研究所,brand_owner,JP,core,2025-04-14,2025-04,mask|powder,skincare,,,プチプラ,0,1,0,https://prtimes.jp/main/html/rd/p/000000521.000001572.html
000000522.000001572,1572,株式会社石澤研究所,株式会社石澤研究所,brand_owner,JP,core,2025-04-14,2025-04,,none,,毛穴撫子,プチプラ,0,0,0,https://prtimes.jp/main/html/rd/p/000000522.000001572.html
000001009.000006496,6496,株式会社マンダム,株式会社マンダム,brand_owner,JP,present_forward,2025-04-14,2025-04,hair,other,,,プチプラ,0,0,0,https://prtimes.jp/main/html/rd/p/000001009.000006496.html
000000125.000006944,6944,ニベア花王株式会社,ニベア花王株式会社,brand_owner,global,core,2025-04-15,2025-04,cleansing,skincare,,NIVEA,プチプラ/ミドル,0,0,0,https://prtimes.jp/main/html/rd/p/000000125.000006944.html
000000390.000030413,30413,株式会社ディーエイチシー,株式会社ディーエイチシー,brand_owner,JP,core,2025-04-15,2025-04,serum,skincare,,DHC,プチプラ/ミドル,1,0,0,https://prtimes.jp/main/html/rd/p/000000390.000030413.html
000000768.000016220,16220,株式会社カネボウ化粧品,株式会社カネボウ化粧品,brand_owner,JP,present_forward,2025-04-15,2025-04,,none,,KATE,プチプラ,0,0,0,https://prtimes.jp/main/html/rd/p/000000768.000016220.html
000000045.000035071,35071,株式会社BENOW JAPAN,株式会社BENOW JAPAN,importer,KR,core,2025-04-16,2025-04,eye_makeup|lipstick|blush,makeup,,,ミドル,0,0,0,https://prtimes.jp/main/html/rd/p/000000045.000035071.html
000000339.000085143,85143,アステナホールディングス株式会社,アステナホールディングス株式会社,importer,KR,present_forward,2025-04-16,2025-04,cleansing,skincare,,Torriden,ミドル,0,0,0,https://prtimes.jp/main/html/rd/p/000000339.000085143.html
000000536.000014810,14810,パルファン・クリスチャン・ディオール・ジャポン株式会社,パルファン・クリスチャン・ディオール・ジャポン株式会社,brand_owner,global,present_forward,2025-04-16,2025-04,,none,,Dior,デパコス,0,0,0,https://prtimes.jp/main/html/rd/p/000000536.000014810.html
000000769.000016220,16220,株式会社カネボウ化粧品,株式会社カネボウ化粧品,brand_owner,JP,present_forward,2025-04-16,2025-04,,none,,KANEBO,デパコス,0,0,0,https://prtimes.jp/main/html/rd/p/000000769.000016220.html
000000037.000077831,77831,株式会社mimi-Japan,株式会社mimi-Japan,importer,CN,core,2025-04-17,2025-04,concealer,makeup,,Judydoll,プチプラ/ミドル,0,0,0,https://prtimes.jp/main/html/rd/p/000000037.000077831.html
000000091.000004359,4359,ELCジャパン合同会社,ELCジャパン合同会社,brand_owner,global,core,2025-04-17,2025-04,,none,,クリニーク,デパコス,0,0,0,https://prtimes.jp/main/html/rd/p/000000091.000004359.html
000000157.000076505,76505,株式会社韓国高麗人蔘社,株式会社韓国高麗人蔘社,importer,KR,core,2025-04-17,2025-04,,none,,,,0,0,0,https://prtimes.jp/main/html/rd/p/000000157.000076505.html
000000160.000076505,76505,株式会社韓国高麗人蔘社,株式会社韓国高麗人蔘社,importer,KR,core,2025-04-17,2025-04,lipstick|eye_makeup,makeup,,rom&nd,プチプラ,0,0,0,https://prtimes.jp/main/html/rd/p/000000160.000076505.html
000000162.000076505,76505,株式会社韓国高麗人蔘社,株式会社韓国高麗人蔘社,importer,KR,core,2025-04-17,2025-04,,none,,,,0,0,0,https://prtimes.jp/main/html/rd/p/000000162.000076505.html
000000602.000007954,7954,クラシエ株式会社（ホームプロダクツカンパニー）,クラシエ株式会社,brand_owner,JP,core,2025-04-17,2025-04,hair,other,,,プチプラ,0,0,0,https://prtimes.jp/main/html/rd/p/000000602.000007954.html
000000771.000016220,16220,株式会社カネボウ化粧品,株式会社カネボウ化粧品,brand_owner,JP,present_forward,2025-04-17,2025-04,,none,,KATE,プチプラ,0,0,0,https://prtimes.jp/main/html/rd/p/000000771.000016220.html
000000046.000105692,105692,アモーレパシフィックジャパン株式会社,アモーレパシフィックジャパン株式会社,brand_owner,KR,core,2025-04-18,2025-04,lipstick|serum,makeup,,ラネージュ,ミドル,0,0,0,https://prtimes.jp/main/html/rd/p/000000046.000105692.html
000000082.000056098,56098,株式会社クリオ,株式会社クリオ,brand_owner,KR,core,2025-04-18,2025-04,,none,,CLIO,ミドル,0,0,0,https://prtimes.jp/main/html/rd/p/000000082.000056098.html
000000163.000081704,81704,株式会社ファイントゥデイ,ファイントゥデイ株式会社,brand_owner,JP,core,2025-04-18,2025-04,cream|face_wash,skincare,,SENKA,プチプラ,0,0,0,https://prtimes.jp/main/html/rd/p/000000163.000081704.html
000000656.000002061,2061,オルビス株式会社,株式会社オルビス,brand_owner,JP,core,2025-04-18,2025-04,,none,,ORBIS,ミドル,0,0,1,https://prtimes.jp/main/html/rd/p/000000656.000002061.html
000000100.000042040,42040,株式会社セザンヌ化粧品,セザンヌ化粧品株式会社,brand_owner,JP,core,2025-04-21,2025-04,base_makeup,makeup,,CEZANNE,プチプラ,0,0,0,https://prtimes.jp/main/html/rd/p/000000100.000042040.html
000000211.000019685,19685,株式会社 井田ラボラトリーズ,株式会社井田ラボラトリーズ,brand_owner,JP,core,2025-04-21,2025-04,powder|nail,makeup,,CANMAKE,プチプラ,0,0,0,https://prtimes.jp/main/html/rd/p/000000211.000019685.html
000000212.000019685,19685,株式会社 井田ラボラトリーズ,株式会社井田ラボラトリーズ,brand_owner,JP,core,2025-04-21,2025-04,cream|lipstick|blush,skincare,,CANMAKE,プチプラ,0,0,0,https://prtimes.jp/main/html/rd/p/000000212.000019685.html
000000496.000028974,28974,株式会社桃谷順天館,株式会社桃谷順天館,brand_owner,JP,present_forward,2025-04-21,2025-04,toner_lotion,skincare,,明色,プチプラ,0,0,1,https://prtimes.jp/main/html/rd/p/000000496.000028974.html
000000526.000001572,1572,株式会社石澤研究所,株式会社石澤研究所,brand_owner,JP,core,2025-04-21,2025-04,,none,,毛穴撫子,プチプラ,0,0,0,https://prtimes.jp/main/html/rd/p/000000526.000001572.html
000000220.000072864,72864,花王株式会社（Kao Beauty Brands）,花王株式会社,brand_owner,JP,present_forward,2025-04-22,2025-04,serum,skincare,,ソフィーナiP|SOFINA,ミドル,0,0,0,https://prtimes.jp/main/html/rd/p/000000220.000072864.html
000000221.000072864,72864,花王株式会社（Kao Beauty Brands）,花王株式会社,brand_owner,JP,present_forward,2025-04-22,2025-04,,none,,est,デパコス,0,0,0,https://prtimes.jp/main/html/rd/p/000000221.000072864.html
000000219.000072864,72864,花王株式会社（Kao Beauty Brands）,花王株式会社,brand_owner,JP,present_forward,2025-04-23,2025-04,foundation,makeup,,,mixed,0,0,0,https://prtimes.jp/main/html/rd/p/000000219.000072864.html
000000603.000007954,7954,クラシエ株式会社（ホームプロダクツカンパニー）,クラシエ株式会社,brand_owner,JP,core,2025-04-23,2025-04,hair,other,,,プチプラ,0,0,0,https://prtimes.jp/main/html/rd/p/000000603.000007954.html
000000083.000056098,56098,株式会社クリオ,株式会社クリオ,brand_owner,KR,core,2025-04-24,2025-04,lipstick|blush,makeup,,CLIO,ミドル,0,0,0,https://prtimes.jp/main/html/rd/p/000000083.000056098.html
000000282.000021350,21350,アモーレパシフィックジャパン株式会社,アモーレパシフィックジャパン株式会社,brand_owner,KR,core,2025-04-24,2025-04,lash_brow,makeup,,エチュード,プチプラ,0,0,0,https://prtimes.jp/main/html/rd/p/000000282.000021350.html
000000348.000022808,22808,資生堂ジャパン株式会社,株式会社資生堂,brand_owner,JP,present_forward,2025-04-24,2025-04,powder,makeup,,,mixed,0,0,0,https://prtimes.jp/main/html/rd/p/000000348.000022808.html
000000605.000007954,7954,クラシエ株式会社（ホームプロダクツカンパニー）,クラシエ株式会社,brand_owner,JP,core,2025-04-24,2025-04,,none,,,プチプラ,0,0,0,https://prtimes.jp/main/html/rd/p/000000605.000007954.html
000001016.000006496,6496,株式会社マンダム,株式会社マンダム,brand_owner,JP,present_forward,2025-04-25,2025-04,,none,,,プチプラ,0,0,1,https://prtimes.jp/main/html/rd/p/000001016.000006496.html
000000168.000086691,86691,ユニリーバ・ジャパン・カスタマーマーケティング株式会社,ユニリーバ・ジャパン株式会社,brand_owner,global,core,2025-04-28,2025-04,hair,other,,LUX,プチプラ,0,0,0,https://prtimes.jp/main/html/rd/p/000000168.000086691.html
000000222.000072864,72864,花王株式会社（Kao Beauty Brands）,花王株式会社,brand_owner,JP,present_forward,2025-04-28,2025-04,,none,,SOFINA,ミドル,0,0,0,https://prtimes.jp/main/html/rd/p/000000222.000072864.html
000000030.000119328,119328,アモーレパシフィックジャパン株式会社,アモーレパシフィックジャパン株式会社,brand_owner,KR,core,2025-04-30,2025-04,serum,skincare,,,デパコス,0,0,0,https://prtimes.jp/main/html/rd/p/000000030.000119328.html
000000061.000090124,90124,ELCジャパン合同会社,ELCジャパン合同会社,brand_owner,global,core,2025-04-30,2025-04,,none,,ジョー マローン ロンドン,デパコス,0,0,0,https://prtimes.jp/main/html/rd/p/000000061.000090124.html
000000031.000119328,119328,アモーレパシフィックジャパン株式会社,アモーレパシフィックジャパン株式会社,brand_owner,KR,core,2025-05-01,2025-05,cream,skincare,,,デパコス,0,0,0,https://prtimes.jp/main/html/rd/p/000000031.000119328.html
000000101.000042040,42040,株式会社セザンヌ化粧品,セザンヌ化粧品株式会社,brand_owner,JP,core,2025-05-01,2025-05,lash_brow,makeup,,CEZANNE,プチプラ,0,0,0,https://prtimes.jp/main/html/rd/p/000000101.000042040.html
000000163.000076505,76505,株式会社韓国高麗人蔘社,株式会社韓国高麗人蔘社,importer,KR,core,2025-05-01,2025-05,toner_lotion,skincare,,,,0,0,0,https://prtimes.jp/main/html/rd/p/000000163.000076505.html
000000350.000022808,22808,資生堂ジャパン株式会社,株式会社資生堂,brand_owner,JP,present_forward,2025-05-01,2025-05,lipstick|blush,makeup,,,mixed,0,0,0,https://prtimes.jp/main/html/rd/p/000000350.000022808.html
000000352.000022808,22808,資生堂ジャパン株式会社,株式会社資生堂,brand_owner,JP,present_forward,2025-05-01,2025-05,powder,makeup,,,mixed,0,0,0,https://prtimes.jp/main/html/rd/p/000000352.000022808.html
000000062.000090124,90124,ELCジャパン合同会社,ELCジャパン合同会社,brand_owner,global,core,2025-05-02,2025-05,,none,,ジョー マローン ロンドン,デパコス,0,0,0,https://prtimes.jp/main/html/rd/p/000000062.000090124.html
000000164.000076505,76505,株式会社韓国高麗人蔘社,株式会社韓国高麗人蔘社,importer,KR,core,2025-05-02,2025-05,,none,,,,0,0,0,https://prtimes.jp/main/html/rd/p/000000164.000076505.html
000000353.000022808,22808,資生堂ジャパン株式会社,株式会社資生堂,brand_owner,JP,present_forward,2025-05-07,2025-05,powder,makeup,,,mixed,0,0,0,https://prtimes.jp/main/html/rd/p/000000353.000022808.html
000000355.000022808,22808,資生堂ジャパン株式会社,株式会社資生堂,brand_owner,JP,present_forward,2025-05-07,2025-05,,none,,,mixed,0,0,0,https://prtimes.jp/main/html/rd/p/000000355.000022808.html
000000539.000014810,14810,パルファン・クリスチャン・ディオール・ジャポン株式会社,パルファン・クリスチャン・ディオール・ジャポン株式会社,brand_owner,global,present_forward,2025-05-07,2025-05,,none,,Dior,デパコス,0,0,0,https://prtimes.jp/main/html/rd/p/000000539.000014810.html
000000670.000036737,36737,株式会社ポーラ,株式会社ポーラ,brand_owner,JP,core,2025-05-08,2025-05,,none,,POLA,デパコス,0,0,0,https://prtimes.jp/main/html/rd/p/000000670.000036737.html
000000538.000014810,14810,パルファン・クリスチャン・ディオール・ジャポン株式会社,パルファン・クリスチャン・ディオール・ジャポン株式会社,brand_owner,global,present_forward,2025-05-09,2025-05,cream|face_wash,skincare,,,デパコス,0,0,0,https://prtimes.jp/main/html/rd/p/000000538.000014810.html
000000660.000002061,2061,オルビス株式会社,株式会社オルビス,brand_owner,JP,core,2025-05-09,2025-05,cleansing,skincare,,ORBIS,ミドル,0,0,0,https://prtimes.jp/main/html/rd/p/000000660.000002061.html
000000773.000016220,16220,株式会社カネボウ化粧品,株式会社カネボウ化粧品,brand_owner,JP,present_forward,2025-05-09,2025-05,sunscreen,skincare,,ALLIE,プチプラ,0,0,0,https://prtimes.jp/main/html/rd/p/000000773.000016220.html
000001678.000009276,9276,花王株式会社,花王株式会社,brand_owner,JP,present_forward,2025-05-09,2025-05,hair,other,,,ミドル/プチプラ,0,0,0,https://prtimes.jp/main/html/rd/p/000001678.000009276.html
000001681.000000987,987,株式会社良品計画,株式会社良品計画,brand_owner,JP,present_forward,2025-05-09,2025-05,cleansing|face_wash,skincare,,無印良品,プチプラ,0,1,0,https://prtimes.jp/main/html/rd/p/000001681.000000987.html
000000345.000085143,85143,アステナホールディングス株式会社,アステナホールディングス株式会社,importer,KR,present_forward,2025-05-12,2025-05,,none,加水分解コラーゲン,Torriden,ミドル,0,0,0,https://prtimes.jp/main/html/rd/p/000000345.000085143.html
000000540.000014810,14810,パルファン・クリスチャン・ディオール・ジャポン株式会社,パルファン・クリスチャン・ディオール・ジャポン株式会社,brand_owner,global,present_forward,2025-05-12,2025-05,eye_makeup|lash_brow,makeup,,,デパコス,0,0,0,https://prtimes.jp/main/html/rd/p/000000540.000014810.html
000001019.000006496,6496,株式会社マンダム,株式会社マンダム,brand_owner,JP,present_forward,2025-05-12,2025-05,face_wash,skincare,セラミド,ビフェスタ,プチプラ,0,0,0,https://prtimes.jp/main/html/rd/p/000001019.000006496.html
000000052.000105692,105692,アモーレパシフィックジャパン株式会社,アモーレパシフィックジャパン株式会社,brand_owner,KR,core,2025-05-13,2025-05,cream|toner_lotion,skincare,,ラネージュ,ミドル,0,0,0,https://prtimes.jp/main/html/rd/p/000000052.000105692.html
000000070.000018737,18737,ELCジャパン合同会社,ELCジャパン合同会社,brand_owner,global,core,2025-05-13,2025-05,,none,,エスティ ローダー,デパコス,0,0,0,https://prtimes.jp/main/html/rd/p/000000070.000018737.html
000000223.000072864,72864,花王株式会社（Kao Beauty Brands）,花王株式会社,brand_owner,JP,present_forward,2025-05-13,2025-05,face_wash,skincare,,,mixed,0,0,0,https://prtimes.jp/main/html/rd/p/000000223.000072864.html
000000419.000000263,263,常盤薬品工業株式会社,常盤薬品工業株式会社,brand_owner,JP,present_forward,2025-05-13,2025-05,base_makeup,makeup,ツボクサエキス,,プチプラ,0,0,0,https://prtimes.jp/main/html/rd/p/000000419.000000263.html
000000420.000000263,263,常盤薬品工業株式会社,常盤薬品工業株式会社,brand_owner,JP,present_forward,2025-05-13,2025-05,lash_brow|powder,makeup,,,プチプラ,0,1,0,https://prtimes.jp/main/html/rd/p/000000420.000000263.html
000000607.000007954,7954,クラシエ株式会社（ホームプロダクツカンパニー）,クラシエ株式会社,brand_owner,JP,core,2025-05-13,2025-05,hair|booster,other,,,プチプラ,0,0,0,https://prtimes.jp/main/html/rd/p/000000607.000007954.html
000000776.000016220,16220,株式会社カネボウ化粧品,株式会社カネボウ化粧品,brand_owner,JP,present_forward,2025-05-13,2025-05,powder,makeup,,,mixed,0,0,1,https://prtimes.jp/main/html/rd/p/000000776.000016220.html
000001679.000009276,9276,花王株式会社,花王株式会社,brand_owner,JP,present_forward,2025-05-13,2025-05,hair,other,,,ミドル/プチプラ,0,0,1,https://prtimes.jp/main/html/rd/p/000001679.000009276.html
000000774.000016220,16220,株式会社カネボウ化粧品,株式会社カネボウ化粧品,brand_owner,JP,present_forward,2025-05-14,2025-05,,none,,,mixed,0,0,1,https://prtimes.jp/main/html/rd/p/000000774.000016220.html
000000038.000077831,77831,株式会社mimi-Japan,株式会社mimi-Japan,importer,CN,core,2025-05-15,2025-05,,none,,,,0,0,0,https://prtimes.jp/main/html/rd/p/000000038.000077831.html
000000157.000031376,31376,アモーレパシフィックジャパン株式会社,アモーレパシフィックジャパン株式会社,brand_owner,KR,core,2025-05-15,2025-05,booster|cream,skincare,,イニスフリー,プチプラ/ミドル,0,0,1,https://prtimes.jp/main/html/rd/p/000000157.000031376.html
000000658.000002061,2061,オルビス株式会社,株式会社オルビス,brand_owner,JP,core,2025-05-15,2025-05,cleansing,skincare,,ORBIS,ミドル,0,0,0,https://prtimes.jp/main/html/rd/p/000000658.000002061.html
000000661.000002061,2061,オルビス株式会社,株式会社オルビス,brand_owner,JP,core,2025-05-15,2025-05,serum|hair,skincare,,ORBIS,ミドル,0,0,0,https://prtimes.jp/main/html/rd/p/000000661.000002061.html
000000053.000105692,105692,アモーレパシフィックジャパン株式会社,アモーレパシフィックジャパン株式会社,brand_owner,KR,core,2025-05-16,2025-05,,none,,ラネージュ,ミドル,0,0,0,https://prtimes.jp/main/html/rd/p/000000053.000105692.html
000000165.000076505,76505,株式会社韓国高麗人蔘社,株式会社韓国高麗人蔘社,importer,KR,core,2025-05-16,2025-05,,none,,rom&nd,プチプラ,0,0,0,https://prtimes.jp/main/html/rd/p/000000165.000076505.html
000000343.000085143,85143,アステナホールディングス株式会社,アステナホールディングス株式会社,importer,KR,present_forward,2025-05-16,2025-05,,none,,,,0,0,1,https://prtimes.jp/main/html/rd/p/000000343.000085143.html
000000542.000014810,14810,パルファン・クリスチャン・ディオール・ジャポン株式会社,パルファン・クリスチャン・ディオール・ジャポン株式会社,brand_owner,global,present_forward,2025-05-16,2025-05,,none,,Dior,デパコス,0,0,0,https://prtimes.jp/main/html/rd/p/000000542.000014810.html
000000048.000035071,35071,株式会社BENOW JAPAN,株式会社BENOW JAPAN,importer,KR,core,2025-05-17,2025-05,,none,,numbuzin,ミドル,0,0,0,https://prtimes.jp/main/html/rd/p/000000048.000035071.html
000000169.000086691,86691,ユニリーバ・ジャパン・カスタマーマーケティング株式会社,ユニリーバ・ジャパン株式会社,brand_owner,global,core,2025-05-19,2025-05,fragrance,other,,,プチプラ,0,0,0,https://prtimes.jp/main/html/rd/p/000000169.000086691.html
000000672.000036737,36737,株式会社ポーラ,株式会社ポーラ,brand_owner,JP,core,2025-05-19,2025-05,,none,,POLA,デパコス,0,0,0,https://prtimes.jp/main/html/rd/p/000000672.000036737.html
000000778.000016220,16220,株式会社カネボウ化粧品,株式会社カネボウ化粧品,brand_owner,JP,present_forward,2025-05-20,2025-05,lipstick,makeup,,KATE,プチプラ,0,0,0,https://prtimes.jp/main/html/rd/p/000000778.000016220.html
000000055.000105692,105692,アモーレパシフィックジャパン株式会社,アモーレパシフィックジャパン株式会社,brand_owner,KR,core,2025-05-21,2025-05,lipstick,makeup,,ラネージュ,ミドル,0,0,1,https://prtimes.jp/main/html/rd/p/000000055.000105692.html
000000213.000019685,19685,株式会社 井田ラボラトリーズ,株式会社井田ラボラトリーズ,brand_owner,JP,core,2025-05-21,2025-05,lipstick,makeup,,CANMAKE,プチプラ,0,0,1,https://prtimes.jp/main/html/rd/p/000000213.000019685.html
000000214.000019685,19685,株式会社 井田ラボラトリーズ,株式会社井田ラボラトリーズ,brand_owner,JP,core,2025-05-21,2025-05,concealer|lash_brow|powder,makeup,,CANMAKE,プチプラ,0,0,0,https://prtimes.jp/main/html/rd/p/000000214.000019685.html
000000215.000019685,19685,株式会社 井田ラボラトリーズ,株式会社井田ラボラトリーズ,brand_owner,JP,core,2025-05-21,2025-05,base_makeup,makeup,,CANMAKE,プチプラ,0,0,0,https://prtimes.jp/main/html/rd/p/000000215.000019685.html
000001681.000009276,9276,花王株式会社,花王株式会社,brand_owner,JP,present_forward,2025-05-21,2025-05,hair,other,,,ミドル/プチプラ,0,0,0,https://prtimes.jp/main/html/rd/p/000001681.000009276.html
000000662.000002061,2061,オルビス株式会社,株式会社オルビス,brand_owner,JP,core,2025-05-22,2025-05,serum|hair,skincare,,ORBIS,ミドル,0,0,0,https://prtimes.jp/main/html/rd/p/000000662.000002061.html
000000065.000090124,90124,ELCジャパン合同会社,ELCジャパン合同会社,brand_owner,global,core,2025-05-23,2025-05,,none,,ジョー マローン ロンドン,デパコス,0,0,0,https://prtimes.jp/main/html/rd/p/000000065.000090124.html
000000094.000004359,4359,ELCジャパン合同会社,ELCジャパン合同会社,brand_owner,global,core,2025-05-23,2025-05,,none,,クリニーク,デパコス,0,0,0,https://prtimes.jp/main/html/rd/p/000000094.000004359.html
000000218.000072864,72864,花王株式会社（Kao Beauty Brands）,花王株式会社,brand_owner,JP,present_forward,2025-05-23,2025-05,cleansing|serum,skincare,,est,デパコス,0,0,0,https://prtimes.jp/main/html/rd/p/000000218.000072864.html
000000351.000085143,85143,アステナホールディングス株式会社,アステナホールディングス株式会社,importer,KR,present_forward,2025-05-23,2025-05,mask,skincare,,,,0,0,0,https://prtimes.jp/main/html/rd/p/000000351.000085143.html
000000359.000022808,22808,資生堂ジャパン株式会社,株式会社資生堂,brand_owner,JP,present_forward,2025-05-23,2025-05,,none,,,mixed,0,0,0,https://prtimes.jp/main/html/rd/p/000000359.000022808.html
000001683.000009276,9276,花王株式会社,花王株式会社,brand_owner,JP,present_forward,2025-05-23,2025-05,,none,,ビオレ,プチプラ,0,0,0,https://prtimes.jp/main/html/rd/p/000001683.000009276.html
000001684.000009276,9276,花王株式会社,花王株式会社,brand_owner,JP,present_forward,2025-05-23,2025-05,,none,,ビオレ,プチプラ,0,0,0,https://prtimes.jp/main/html/rd/p/000001684.000009276.html
000000066.000096821,96821,VT COSMETICS,VT COSMETICS,brand_owner,KR,core,2025-05-26,2025-05,toner_lotion,skincare,DNA-Na,VT,プチプラ,0,0,0,https://prtimes.jp/main/html/rd/p/000000066.000096821.html
000000674.000036737,36737,株式会社ポーラ,株式会社ポーラ,brand_owner,JP,core,2025-05-26,2025-05,serum,skincare,,POLA,デパコス,0,0,0,https://prtimes.jp/main/html/rd/p/000000674.000036737.html
000000158.000031376,31376,アモーレパシフィックジャパン株式会社,アモーレパシフィックジャパン株式会社,brand_owner,KR,core,2025-05-27,2025-05,,none,,イニスフリー,プチプラ/ミドル,0,0,0,https://prtimes.jp/main/html/rd/p/000000158.000031376.html
000001686.000009276,9276,花王株式会社,花王株式会社,brand_owner,JP,present_forward,2025-05-27,2025-05,fragrance|hair,other,,,ミドル/プチプラ,0,0,0,https://prtimes.jp/main/html/rd/p/000001686.000009276.html
000000095.000004359,4359,ELCジャパン合同会社,ELCジャパン合同会社,brand_owner,global,core,2025-05-28,2025-05,lash_brow,makeup,,クリニーク,デパコス,0,0,0,https://prtimes.jp/main/html/rd/p/000000095.000004359.html
000000283.000021350,21350,アモーレパシフィックジャパン株式会社,アモーレパシフィックジャパン株式会社,brand_owner,KR,core,2025-05-28,2025-05,lash_brow,makeup,,エチュード,プチプラ,0,0,0,https://prtimes.jp/main/html/rd/p/000000283.000021350.html
000000361.000022808,22808,資生堂ジャパン株式会社,株式会社資生堂,brand_owner,JP,present_forward,2025-05-28,2025-05,blush,makeup,,,mixed,0,0,0,https://prtimes.jp/main/html/rd/p/000000361.000022808.html
000000676.000036737,36737,株式会社ポーラ,株式会社ポーラ,brand_owner,JP,core,2025-05-28,2025-05,toner_lotion,skincare,,POLA,デパコス,0,0,0,https://prtimes.jp/main/html/rd/p/000000676.000036737.html
000000360.000022808,22808,資生堂ジャパン株式会社,株式会社資生堂,brand_owner,JP,present_forward,2025-05-29,2025-05,,none,,,mixed,0,0,0,https://prtimes.jp/main/html/rd/p/000000360.000022808.html
000000159.000031376,31376,アモーレパシフィックジャパン株式会社,アモーレパシフィックジャパン株式会社,brand_owner,KR,core,2025-05-30,2025-05,sunscreen,skincare,,イニスフリー,プチプラ/ミドル,0,0,0,https://prtimes.jp/main/html/rd/p/000000159.000031376.html
000000363.000022808,22808,資生堂ジャパン株式会社,株式会社資生堂,brand_owner,JP,present_forward,2025-05-30,2025-05,powder,makeup,,,mixed,0,0,0,https://prtimes.jp/main/html/rd/p/000000363.000022808.html
000000502.000028974,28974,株式会社桃谷順天館,株式会社桃谷順天館,brand_owner,JP,present_forward,2025-05-30,2025-05,powder,makeup,,,プチプラ,0,0,0,https://prtimes.jp/main/html/rd/p/000000502.000028974.html
000000777.000016220,16220,株式会社カネボウ化粧品,株式会社カネボウ化粧品,brand_owner,JP,present_forward,2025-05-30,2025-05,serum,skincare,加水分解コラーゲン,,mixed,0,0,0,https://prtimes.jp/main/html/rd/p/000000777.000016220.html
000000102.000042040,42040,株式会社セザンヌ化粧品,セザンヌ化粧品株式会社,brand_owner,JP,core,2025-06-02,2025-06,,none,,CEZANNE,プチプラ,0,0,0,https://prtimes.jp/main/html/rd/p/000000102.000042040.html
000000364.000022808,22808,資生堂ジャパン株式会社,株式会社資生堂,brand_owner,JP,present_forward,2025-06-02,2025-06,,none,,,mixed,0,0,0,https://prtimes.jp/main/html/rd/p/000000364.000022808.html
000000545.000014810,14810,パルファン・クリスチャン・ディオール・ジャポン株式会社,パルファン・クリスチャン・ディオール・ジャポン株式会社,brand_owner,global,present_forward,2025-06-02,2025-06,lipstick,makeup,,Dior,デパコス,0,0,0,https://prtimes.jp/main/html/rd/p/000000545.000014810.html
000000781.000016220,16220,株式会社カネボウ化粧品,株式会社カネボウ化粧品,brand_owner,JP,present_forward,2025-06-02,2025-06,,none,,KATE,プチプラ,0,0,1,https://prtimes.jp/main/html/rd/p/000000781.000016220.html
000000056.000105692,105692,アモーレパシフィックジャパン株式会社,アモーレパシフィックジャパン株式会社,brand_owner,KR,core,2025-06-03,2025-06,serum,skincare,,ラネージュ,ミドル,0,0,0,https://prtimes.jp/main/html/rd/p/000000056.000105692.html
000000105.000044623,44623,ELCジャパン合同会社　M・A・C事業部,ELCジャパン合同会社,brand_owner,global,core,2025-06-03,2025-06,lipstick,makeup,,M·A·C,デパコス,0,0,0,https://prtimes.jp/main/html/rd/p/000000105.000044623.html
000000424.000000263,263,常盤薬品工業株式会社,常盤薬品工業株式会社,brand_owner,JP,present_forward,2025-06-03,2025-06,powder,makeup,,,プチプラ,0,0,0,https://prtimes.jp/main/html/rd/p/000000424.000000263.html
000000615.000007954,7954,クラシエ株式会社（ホームプロダクツカンパニー）,クラシエ株式会社,brand_owner,JP,core,2025-06-03,2025-06,,none,,肌美精,プチプラ,1,0,0,https://prtimes.jp/main/html/rd/p/000000615.000007954.html
000000780.000016220,16220,株式会社カネボウ化粧品,株式会社カネボウ化粧品,brand_owner,JP,present_forward,2025-06-03,2025-06,powder,makeup,,,mixed,0,0,1,https://prtimes.jp/main/html/rd/p/000000780.000016220.html
000000087.000056098,56098,株式会社クリオ,株式会社クリオ,brand_owner,KR,core,2025-06-04,2025-06,,none,,CLIO,ミドル,0,0,0,https://prtimes.jp/main/html/rd/p/000000087.000056098.html
000000170.000076505,76505,株式会社韓国高麗人蔘社,株式会社韓国高麗人蔘社,importer,KR,core,2025-06-04,2025-06,blush|lipstick,makeup,,rom&nd,プチプラ,0,0,0,https://prtimes.jp/main/html/rd/p/000000170.000076505.html
000000284.000021350,21350,アモーレパシフィックジャパン株式会社,アモーレパシフィックジャパン株式会社,brand_owner,KR,core,2025-06-05,2025-06,lash_brow,makeup,,エチュード,プチプラ,0,0,0,https://prtimes.jp/main/html/rd/p/000000284.000021350.html
000000532.000001572,1572,株式会社石澤研究所,株式会社石澤研究所,brand_owner,JP,core,2025-06-05,2025-06,hair,other,,,プチプラ,0,0,0,https://prtimes.jp/main/html/rd/p/000000532.000001572.html
000000613.000007954,7954,クラシエ株式会社（ホームプロダクツカンパニー）,クラシエ株式会社,brand_owner,JP,core,2025-06-05,2025-06,body,other,,,プチプラ,0,0,1,https://prtimes.jp/main/html/rd/p/000000613.000007954.html
000000666.000002061,2061,オルビス株式会社,株式会社オルビス,brand_owner,JP,core,2025-06-05,2025-06,cleansing,skincare,,ORBIS,ミドル,0,0,0,https://prtimes.jp/main/html/rd/p/000000666.000002061.html
000000365.000022808,22808,資生堂ジャパン株式会社,株式会社資生堂,brand_owner,JP,present_forward,2025-06-07,2025-06,,none,,,mixed,0,0,0,https://prtimes.jp/main/html/rd/p/000000365.000022808.html
000000060.000105692,105692,アモーレパシフィックジャパン株式会社,アモーレパシフィックジャパン株式会社,brand_owner,KR,core,2025-06-09,2025-06,,none,,ラネージュ,ミドル,0,0,0,https://prtimes.jp/main/html/rd/p/000000060.000105692.html
000000504.000028974,28974,株式会社桃谷順天館,株式会社桃谷順天館,brand_owner,JP,present_forward,2025-06-09,2025-06,sunscreen|cream,skincare,アスコルビン酸,,プチプラ,0,0,0,https://prtimes.jp/main/html/rd/p/000000504.000028974.html
000000104.000042040,42040,株式会社セザンヌ化粧品,セザンヌ化粧品株式会社,brand_owner,JP,core,2025-06-10,2025-06,concealer|eye_makeup|serum,makeup,,CEZANNE,プチプラ,0,0,0,https://prtimes.jp/main/html/rd/p/000000104.000042040.html
000000421.000000263,263,常盤薬品工業株式会社,常盤薬品工業株式会社,brand_owner,JP,present_forward,2025-06-10,2025-06,powder,makeup,,,プチプラ,0,0,0,https://prtimes.jp/main/html/rd/p/000000421.000000263.html
000000616.000007954,7954,クラシエ株式会社（ホームプロダクツカンパニー）,クラシエ株式会社,brand_owner,JP,core,2025-06-10,2025-06,,none,,肌美精,プチプラ,1,0,0,https://prtimes.jp/main/html/rd/p/000000616.000007954.html
000000779.000016220,16220,株式会社カネボウ化粧品,株式会社カネボウ化粧品,brand_owner,JP,present_forward,2025-06-10,2025-06,powder|face_wash,makeup,,SUISAI,ミドル,0,0,0,https://prtimes.jp/main/html/rd/p/000000779.000016220.html
000000111.000024471,24471,日本ロレアル株式会社　タカミ事業部,日本ロレアル株式会社,brand_owner,global,core,2025-06-11,2025-06,serum,skincare,,タカミ,ミドル,0,0,0,https://prtimes.jp/main/html/rd/p/000000111.000024471.html
000000546.000014810,14810,パルファン・クリスチャン・ディオール・ジャポン株式会社,パルファン・クリスチャン・ディオール・ジャポン株式会社,brand_owner,global,present_forward,2025-06-11,2025-06,lipstick,makeup,,Dior,デパコス,0,0,0,https://prtimes.jp/main/html/rd/p/000000546.000014810.html
000001690.000009276,9276,花王株式会社,花王株式会社,brand_owner,JP,present_forward,2025-06-11,2025-06,hair,other,,,ミドル/プチプラ,0,0,0,https://prtimes.jp/main/html/rd/p/000001690.000009276.html
000000055.000035071,35071,株式会社BENOW JAPAN,株式会社BENOW JAPAN,importer,KR,core,2025-06-12,2025-06,,none,,,ミドル,0,0,1,https://prtimes.jp/main/html/rd/p/000000055.000035071.html
000000112.000024471,24471,日本ロレアル株式会社　タカミ事業部,日本ロレアル株式会社,brand_owner,global,core,2025-06-12,2025-06,,none,,タカミ,ミドル,0,0,0,https://prtimes.jp/main/html/rd/p/000000112.000024471.html
000000166.000081704,81704,株式会社ファイントゥデイ,ファイントゥデイ株式会社,brand_owner,JP,core,2025-06-12,2025-06,hair,other,,,プチプラ,0,0,0,https://prtimes.jp/main/html/rd/p/000000166.000081704.html
000000524.000001572,1572,株式会社石澤研究所,株式会社石澤研究所,brand_owner,JP,core,2025-06-12,2025-06,,none,,毛穴撫子,プチプラ,0,0,0,https://prtimes.jp/main/html/rd/p/000000524.000001572.html
000000528.000001572,1572,株式会社石澤研究所,株式会社石澤研究所,brand_owner,JP,core,2025-06-12,2025-06,,none,,,プチプラ,0,0,0,https://prtimes.jp/main/html/rd/p/000000528.000001572.html
000000533.000001572,1572,株式会社石澤研究所,株式会社石澤研究所,brand_owner,JP,core,2025-06-12,2025-06,,none,,,プチプラ,0,0,0,https://prtimes.jp/main/html/rd/p/000000533.000001572.html
000000096.000004359,4359,ELCジャパン合同会社,ELCジャパン合同会社,brand_owner,global,core,2025-06-13,2025-06,emulsion,skincare,,クリニーク,デパコス,0,0,0,https://prtimes.jp/main/html/rd/p/000000096.000004359.html
000000225.000072864,72864,花王株式会社（Kao Beauty Brands）,花王株式会社,brand_owner,JP,present_forward,2025-06-13,2025-06,,none,,est,デパコス,0,0,0,https://prtimes.jp/main/html/rd/p/000000225.000072864.html
000000367.000022808,22808,資生堂ジャパン株式会社,株式会社資生堂,brand_owner,JP,present_forward,2025-06-13,2025-06,powder,makeup,,,mixed,0,0,0,https://prtimes.jp/main/html/rd/p/000000367.000022808.html
000000068.000096821,96821,VT COSMETICS,VT COSMETICS,brand_owner,KR,core,2025-06-15,2025-06,,none,DNA-Na|ツボクサエキス,VT,プチプラ,0,0,0,https://prtimes.jp/main/html/rd/p/000000068.000096821.html
000000783.000016220,16220,株式会社カネボウ化粧品,株式会社カネボウ化粧品,brand_owner,JP,present_forward,2025-06-17,2025-06,lash_brow,makeup,,KATE,プチプラ,0,0,0,https://prtimes.jp/main/html/rd/p/000000783.000016220.html
000000039.000077831,77831,株式会社mimi-Japan,株式会社mimi-Japan,importer,CN,core,2025-06-18,2025-06,blush,makeup,,Judydoll,プチプラ/ミドル,0,0,0,https://prtimes.jp/main/html/rd/p/000000039.000077831.html
000000548.000014810,14810,パルファン・クリスチャン・ディオール・ジャポン株式会社,パルファン・クリスチャン・ディオール・ジャポン株式会社,brand_owner,global,present_forward,2025-06-18,2025-06,powder|blush,makeup,,Dior,デパコス,0,0,0,https://prtimes.jp/main/html/rd/p/000000548.000014810.html
000000182.000076505,76505,株式会社韓国高麗人蔘社,株式会社韓国高麗人蔘社,importer,KR,core,2025-06-19,2025-06,lipstick,makeup,,rom&nd,プチプラ,0,0,0,https://prtimes.jp/main/html/rd/p/000000182.000076505.html
000000619.000007954,7954,クラシエ株式会社（ホームプロダクツカンパニー）,クラシエ株式会社,brand_owner,JP,core,2025-06-19,2025-06,hair,other,,,プチプラ,0,0,0,https://prtimes.jp/main/html/rd/p/000000619.000007954.html
000000664.000002061,2061,オルビス株式会社,株式会社オルビス,brand_owner,JP,core,2025-06-19,2025-06,toner_lotion,skincare,,ORBIS,ミドル,0,0,0,https://prtimes.jp/main/html/rd/p/000000664.000002061.html
000000665.000002061,2061,オルビス株式会社,株式会社オルビス,brand_owner,JP,core,2025-06-19,2025-06,foundation|powder,makeup,,ORBIS,ミドル,0,1,0,https://prtimes.jp/main/html/rd/p/000000665.000002061.html
000000668.000002061,2061,オルビス株式会社,株式会社オルビス,brand_owner,JP,core,2025-06-19,2025-06,sunscreen,skincare,,ORBIS,ミドル,0,0,0,https://prtimes.jp/main/html/rd/p/000000668.000002061.html
000000682.000036737,36737,株式会社ポーラ,株式会社ポーラ,brand_owner,JP,core,2025-06-19,2025-06,,none,,POLA,デパコス,0,0,0,https://prtimes.jp/main/html/rd/p/000000682.000036737.html
000000062.000105692,105692,アモーレパシフィックジャパン株式会社,アモーレパシフィックジャパン株式会社,brand_owner,KR,core,2025-06-20,2025-06,,none,,ラネージュ,ミドル,0,0,0,https://prtimes.jp/main/html/rd/p/000000062.000105692.html
000000070.000096821,96821,VT COSMETICS,VT COSMETICS,brand_owner,KR,core,2025-06-20,2025-06,,none,,VT,プチプラ,0,0,0,https://prtimes.jp/main/html/rd/p/000000070.000096821.html
000000181.000076505,76505,株式会社韓国高麗人蔘社,株式会社韓国高麗人蔘社,importer,KR,core,2025-06-20,2025-06,lipstick,makeup,,rom&nd,プチプラ,0,1,0,https://prtimes.jp/main/html/rd/p/000000181.000076505.html
000000369.000022808,22808,資生堂ジャパン株式会社,株式会社資生堂,brand_owner,JP,present_forward,2025-06-20,2025-06,base_makeup|serum,makeup,,,mixed,0,0,0,https://prtimes.jp/main/html/rd/p/000000369.000022808.html
000000012.000126707,126707,株式会社The Founders JAPAN,株式会社The Founders JAPAN,brand_owner,KR,core,2025-06-23,2025-06,serum,skincare,アゼライン酸,Anua,ミドル,0,0,0,https://prtimes.jp/main/html/rd/p/000000012.000126707.html
000000069.000096821,96821,VT COSMETICS,VT COSMETICS,brand_owner,KR,core,2025-06-23,2025-06,,none,ツボクサエキス,VT,プチプラ,0,0,1,https://prtimes.jp/main/html/rd/p/000000069.000096821.html
000000216.000019685,19685,株式会社 井田ラボラトリーズ,株式会社井田ラボラトリーズ,brand_owner,JP,core,2025-06-23,2025-06,eye_makeup,makeup,,CANMAKE,プチプラ,0,0,0,https://prtimes.jp/main/html/rd/p/000000216.000019685.html
000000217.000019685,19685,株式会社 井田ラボラトリーズ,株式会社井田ラボラトリーズ,brand_owner,JP,core,2025-06-23,2025-06,nail,makeup,,CANMAKE,プチプラ,0,0,0,https://prtimes.jp/main/html/rd/p/000000217.000019685.html
000000500.000028974,28974,株式会社桃谷順天館,株式会社桃谷順天館,brand_owner,JP,present_forward,2025-06-23,2025-06,serum,skincare,グルタチオン,,プチプラ,0,0,0,https://prtimes.jp/main/html/rd/p/000000500.000028974.html
000000532.000070897,70897,花王株式会社,花王株式会社,brand_owner,JP,present_forward,2025-06-23,2025-06,face_wash|serum,skincare,,キュレル,ミドル,0,0,0,https://prtimes.jp/main/html/rd/p/000000532.000070897.html
000000370.000022808,22808,資生堂ジャパン株式会社,株式会社資生堂,brand_owner,JP,present_forward,2025-06-25,2025-06,blush,makeup,,,mixed,0,1,0,https://prtimes.jp/main/html/rd/p/000000370.000022808.html
000000371.000022808,22808,資生堂ジャパン株式会社,株式会社資生堂,brand_owner,JP,present_forward,2025-06-25,2025-06,powder,makeup,,,mixed,0,0,0,https://prtimes.jp/main/html/rd/p/000000371.000022808.html
000000671.000002061,2061,オルビス株式会社,株式会社オルビス,brand_owner,JP,core,2025-06-25,2025-06,,none,,ORBIS,ミドル,0,0,0,https://prtimes.jp/main/html/rd/p/000000671.000002061.html
000000785.000016220,16220,株式会社カネボウ化粧品,株式会社カネボウ化粧品,brand_owner,JP,present_forward,2025-06-26,2025-06,eye_makeup,makeup,,KATE,プチプラ,0,0,0,https://prtimes.jp/main/html/rd/p/000000785.000016220.html
000001693.000000987,987,株式会社良品計画,株式会社良品計画,brand_owner,JP,present_forward,2025-06-26,2025-06,concealer,makeup,,無印良品,プチプラ,1,0,0,https://prtimes.jp/main/html/rd/p/000001693.000000987.html
000000372.000022808,22808,資生堂ジャパン株式会社,株式会社資生堂,brand_owner,JP,present_forward,2025-06-27,2025-06,powder,makeup,,,mixed,0,0,0,https://prtimes.jp/main/html/rd/p/000000372.000022808.html
000000072.000096821,96821,VT COSMETICS,VT COSMETICS,brand_owner,KR,core,2025-06-29,2025-06,serum,skincare,DNA-Na,VT,プチプラ,0,0,0,https://prtimes.jp/main/html/rd/p/000000072.000096821.html
000000511.000028974,28974,株式会社桃谷順天館,株式会社桃谷順天館,brand_owner,JP,present_forward,2025-06-30,2025-06,,none,,,プチプラ,0,0,0,https://prtimes.jp/main/html/rd/p/000000511.000028974.html
000000549.000014810,14810,パルファン・クリスチャン・ディオール・ジャポン株式会社,パルファン・クリスチャン・ディオール・ジャポン株式会社,brand_owner,global,present_forward,2025-06-30,2025-06,lipstick,makeup,,Dior,デパコス,0,0,0,https://prtimes.jp/main/html/rd/p/000000549.000014810.html
000000063.000105692,105692,アモーレパシフィックジャパン株式会社,アモーレパシフィックジャパン株式会社,brand_owner,KR,core,2025-07-01,2025-07,,none,,ラネージュ,ミドル,0,0,0,https://prtimes.jp/main/html/rd/p/000000063.000105692.html
000000073.000096821,96821,VT COSMETICS,VT COSMETICS,brand_owner,KR,core,2025-07-01,2025-07,,none,,VT,プチプラ,0,0,0,https://prtimes.jp/main/html/rd/p/000000073.000096821.html
000000084.000064854,64854,P&Gプレステージ合同会社,P&Gプレステージ合同会社,brand_owner,global,core,2025-07-01,2025-07,cream,skincare,,,デパコス,0,0,0,https://prtimes.jp/main/html/rd/p/000000084.000064854.html
000000088.000056098,56098,株式会社クリオ,株式会社クリオ,brand_owner,KR,core,2025-07-01,2025-07,eye_makeup|powder|lipstick|blush,makeup,,peripera,プチプラ,0,1,0,https://prtimes.jp/main/html/rd/p/000000088.000056098.html
000000105.000042040,42040,株式会社セザンヌ化粧品,セザンヌ化粧品株式会社,brand_owner,JP,core,2025-07-01,2025-07,lipstick,makeup,,CEZANNE,プチプラ,0,0,0,https://prtimes.jp/main/html/rd/p/000000105.000042040.html
000000232.000072864,72864,花王株式会社（Kao Beauty Brands）,花王株式会社,brand_owner,JP,present_forward,2025-07-01,2025-07,,none,,,mixed,0,0,0,https://prtimes.jp/main/html/rd/p/000000232.000072864.html
000000455.000044879,44879,ロート製薬株式会社,ロート製薬株式会社,brand_owner,JP,present_forward,2025-07-01,2025-07,toner_lotion,skincare,,メラノCC,プチプラ,0,0,0,https://prtimes.jp/main/html/rd/p/000000455.000044879.html
000000535.000070897,70897,花王株式会社,花王株式会社,brand_owner,JP,present_forward,2025-07-01,2025-07,cream,skincare,,,mixed,0,0,0,https://prtimes.jp/main/html/rd/p/000000535.000070897.html
000000538.000070897,70897,花王株式会社,花王株式会社,brand_owner,JP,present_forward,2025-07-01,2025-07,cream,skincare,,KANEBO,デパコス,0,0,0,https://prtimes.jp/main/html/rd/p/000000538.000070897.html
000000016.000126707,126707,株式会社The Founders JAPAN,株式会社The Founders JAPAN,brand_owner,KR,core,2025-07-02,2025-07,serum,skincare,,Anua,ミドル,0,0,0,https://prtimes.jp/main/html/rd/p/000000016.000126707.html
000000115.000024471,24471,日本ロレアル株式会社　タカミ事業部,日本ロレアル株式会社,brand_owner,global,core,2025-07-02,2025-07,,none,,タカミ,ミドル,0,0,0,https://prtimes.jp/main/html/rd/p/000000115.000024471.html
000000231.000072864,72864,花王株式会社（Kao Beauty Brands）,花王株式会社,brand_owner,JP,present_forward,2025-07-02,2025-07,,none,,キュレル,ミドル,0,0,0,https://prtimes.jp/main/html/rd/p/000000231.000072864.html
000000227.000072864,72864,花王株式会社（Kao Beauty Brands）,花王株式会社,brand_owner,JP,present_forward,2025-07-03,2025-07,,none,,est,デパコス,0,0,0,https://prtimes.jp/main/html/rd/p/000000227.000072864.html
000000620.000007954,7954,クラシエ株式会社（ホームプロダクツカンパニー）,クラシエ株式会社,brand_owner,JP,core,2025-07-03,2025-07,hair,other,,,プチプラ,0,1,0,https://prtimes.jp/main/html/rd/p/000000620.000007954.html
000000068.000090124,90124,ELCジャパン合同会社,ELCジャパン合同会社,brand_owner,global,core,2025-07-04,2025-07,fragrance,other,,ジョー マローン ロンドン,デパコス,0,0,0,https://prtimes.jp/main/html/rd/p/000000068.000090124.html
000000106.000042040,42040,株式会社セザンヌ化粧品,セザンヌ化粧品株式会社,brand_owner,JP,core,2025-07-04,2025-07,lash_brow,makeup,,CEZANNE,プチプラ,0,0,0,https://prtimes.jp/main/html/rd/p/000000106.000042040.html
000000374.000022808,22808,資生堂ジャパン株式会社,株式会社資生堂,brand_owner,JP,present_forward,2025-07-04,2025-07,powder,makeup,,,mixed,0,0,0,https://prtimes.jp/main/html/rd/p/000000374.000022808.html
000000621.000007954,7954,クラシエ株式会社（ホームプロダクツカンパニー）,クラシエ株式会社,brand_owner,JP,core,2025-07-04,2025-07,cleansing,skincare,,,プチプラ,0,0,0,https://prtimes.jp/main/html/rd/p/000000621.000007954.html
000001696.000009276,9276,花王株式会社,花王株式会社,brand_owner,JP,present_forward,2025-07-07,2025-07,powder,makeup,,,ミドル/プチプラ,0,0,1,https://prtimes.jp/main/html/rd/p/000001696.000009276.html
000000027.000127171,127171,株式会社Goodai Global Japan,株式会社Goodai Global Japan,importer,KR,core,2025-07-08,2025-07,toner_lotion,skincare,,TIRTIR,プチプラ/ミドル,0,0,0,https://prtimes.jp/main/html/rd/p/000000027.000127171.html
000000126.000006944,6944,ニベア花王株式会社,ニベア花王株式会社,brand_owner,global,core,2025-07-08,2025-07,lip_balm|lipstick,makeup,,NIVEA,プチプラ/ミドル,0,0,0,https://prtimes.jp/main/html/rd/p/000000126.000006944.html
000000429.000000263,263,常盤薬品工業株式会社,常盤薬品工業株式会社,brand_owner,JP,present_forward,2025-07-08,2025-07,lash_brow,makeup,,,プチプラ,0,0,0,https://prtimes.jp/main/html/rd/p/000000429.000000263.html
000000542.000001572,1572,株式会社石澤研究所,株式会社石澤研究所,brand_owner,JP,core,2025-07-08,2025-07,face_wash,skincare,,毛穴撫子,プチプラ,0,0,0,https://prtimes.jp/main/html/rd/p/000000542.000001572.html
000000622.000007954,7954,クラシエ株式会社（ホームプロダクツカンパニー）,クラシエ株式会社,brand_owner,JP,core,2025-07-08,2025-07,serum,skincare,,,プチプラ,0,1,0,https://prtimes.jp/main/html/rd/p/000000622.000007954.html
000000790.000016220,16220,株式会社カネボウ化粧品,株式会社カネボウ化粧品,brand_owner,JP,present_forward,2025-07-08,2025-07,,none,,KATE,プチプラ,0,1,0,https://prtimes.jp/main/html/rd/p/000000790.000016220.html
000001697.000009276,9276,花王株式会社,花王株式会社,brand_owner,JP,present_forward,2025-07-08,2025-07,,none,,ビオレ,プチプラ,0,0,0,https://prtimes.jp/main/html/rd/p/000001697.000009276.html
000000074.000096821,96821,VT COSMETICS,VT COSMETICS,brand_owner,KR,core,2025-07-09,2025-07,,none,,VT,プチプラ,0,0,0,https://prtimes.jp/main/html/rd/p/000000074.000096821.html
000000194.000076505,76505,株式会社韓国高麗人蔘社,株式会社韓国高麗人蔘社,importer,KR,core,2025-07-09,2025-07,,none,,,,0,0,0,https://prtimes.jp/main/html/rd/p/000000194.000076505.html
000000107.000042040,42040,株式会社セザンヌ化粧品,セザンヌ化粧品株式会社,brand_owner,JP,core,2025-07-10,2025-07,lash_brow|foundation,makeup,,CEZANNE,プチプラ,0,0,0,https://prtimes.jp/main/html/rd/p/000000107.000042040.html
000000551.000014810,14810,パルファン・クリスチャン・ディオール・ジャポン株式会社,パルファン・クリスチャン・ディオール・ジャポン株式会社,brand_owner,global,present_forward,2025-07-10,2025-07,,none,,Dior,デパコス,0,0,0,https://prtimes.jp/main/html/rd/p/000000551.000014810.html
000000623.000007954,7954,クラシエ株式会社（ホームプロダクツカンパニー）,クラシエ株式会社,brand_owner,JP,core,2025-07-10,2025-07,face_wash|body,skincare,,,プチプラ,0,0,0,https://prtimes.jp/main/html/rd/p/000000623.000007954.html
000000789.000016220,16220,株式会社カネボウ化粧品,株式会社カネボウ化粧品,brand_owner,JP,present_forward,2025-07-10,2025-07,,none,,KATE,プチプラ,0,0,0,https://prtimes.jp/main/html/rd/p/000000789.000016220.html
000000791.000016220,16220,株式会社カネボウ化粧品,株式会社カネボウ化粧品,brand_owner,JP,present_forward,2025-07-10,2025-07,,none,,KANEBO,デパコス,0,0,0,https://prtimes.jp/main/html/rd/p/000000791.000016220.html
000000040.000077831,77831,株式会社mimi-Japan,株式会社mimi-Japan,importer,CN,core,2025-07-11,2025-07,blush,makeup,,Judydoll,プチプラ/ミドル,0,0,0,https://prtimes.jp/main/html/rd/p/000000040.000077831.html
000000550.000014810,14810,パルファン・クリスチャン・ディオール・ジャポン株式会社,パルファン・クリスチャン・ディオール・ジャポン株式会社,brand_owner,global,present_forward,2025-07-11,2025-07,,none,,Dior,デパコス,0,0,0,https://prtimes.jp/main/html/rd/p/000000550.000014810.html
000000792.000016220,16220,株式会社カネボウ化粧品,株式会社カネボウ化粧品,brand_owner,JP,present_forward,2025-07-11,2025-07,lash_brow,makeup,,KANEBO,デパコス,0,0,0,https://prtimes.jp/main/html/rd/p/000000792.000016220.html
000000795.000016220,16220,株式会社カネボウ化粧品,株式会社カネボウ化粧品,brand_owner,JP,present_forward,2025-07-15,2025-07,base_makeup,makeup,,KATE,プチプラ,0,0,0,https://prtimes.jp/main/html/rd/p/000000795.000016220.html
000000796.000016220,16220,株式会社カネボウ化粧品,株式会社カネボウ化粧品,brand_owner,JP,present_forward,2025-07-15,2025-07,toner_lotion|lipstick,skincare,,KATE,プチプラ,0,0,0,https://prtimes.jp/main/html/rd/p/000000796.000016220.html
000000064.000105692,105692,アモーレパシフィックジャパン株式会社,アモーレパシフィックジャパン株式会社,brand_owner,KR,core,2025-07-16,2025-07,,none,,ラネージュ,ミドル,0,1,0,https://prtimes.jp/main/html/rd/p/000000064.000105692.html
000000175.000086691,86691,ユニリーバ・ジャパン・カスタマーマーケティング株式会社,ユニリーバ・ジャパン株式会社,brand_owner,global,core,2025-07-16,2025-07,hair|serum,other,,,プチプラ,0,1,0,https://prtimes.jp/main/html/rd/p/000000175.000086691.html
000000198.000076505,76505,株式会社韓国高麗人蔘社,株式会社韓国高麗人蔘社,importer,KR,core,2025-07-16,2025-07,toner_lotion,skincare,,,,0,0,0,https://prtimes.jp/main/html/rd/p/000000198.000076505.html
000000624.000007954,7954,クラシエ株式会社（ホームプロダクツカンパニー）,クラシエ株式会社,brand_owner,JP,core,2025-07-16,2025-07,hair,other,,,プチプラ,0,0,0,https://prtimes.jp/main/html/rd/p/000000624.000007954.html
000000116.000024471,24471,日本ロレアル株式会社　タカミ事業部,日本ロレアル株式会社,brand_owner,global,core,2025-07-17,2025-07,,none,,タカミ,ミドル,0,0,1,https://prtimes.jp/main/html/rd/p/000000116.000024471.html
000000127.000006944,6944,ニベア花王株式会社,ニベア花王株式会社,brand_owner,global,core,2025-07-17,2025-07,serum|body,skincare,,NIVEA,プチプラ/ミドル,0,0,0,https://prtimes.jp/main/html/rd/p/000000127.000006944.html
000001701.000009276,9276,花王株式会社,花王株式会社,brand_owner,JP,present_forward,2025-07-17,2025-07,hair,other,,,ミドル/プチプラ,0,0,0,https://prtimes.jp/main/html/rd/p/000001701.000009276.html
000000097.000004359,4359,ELCジャパン合同会社,ELCジャパン合同会社,brand_owner,global,core,2025-07-18,2025-07,lipstick,makeup,,クリニーク,デパコス,0,0,0,https://prtimes.jp/main/html/rd/p/000000097.000004359.html
000000234.000072864,72864,花王株式会社（Kao Beauty Brands）,花王株式会社,brand_owner,JP,present_forward,2025-07-18,2025-07,base_makeup,makeup,,,mixed,0,0,0,https://prtimes.jp/main/html/rd/p/000000234.000072864.html
000000286.000021350,21350,アモーレパシフィックジャパン株式会社,アモーレパシフィックジャパン株式会社,brand_owner,KR,core,2025-07-18,2025-07,,none,,エチュード,プチプラ,0,0,0,https://prtimes.jp/main/html/rd/p/000000286.000021350.html
000000287.000021350,21350,アモーレパシフィックジャパン株式会社,アモーレパシフィックジャパン株式会社,brand_owner,KR,core,2025-07-18,2025-07,,none,,,mixed,0,0,0,https://prtimes.jp/main/html/rd/p/000000287.000021350.html
000000375.000022808,22808,資生堂ジャパン株式会社,株式会社資生堂,brand_owner,JP,present_forward,2025-07-18,2025-07,blush|powder,makeup,,,mixed,0,0,0,https://prtimes.jp/main/html/rd/p/000000375.000022808.html
000000376.000022808,22808,資生堂ジャパン株式会社,株式会社資生堂,brand_owner,JP,present_forward,2025-07-18,2025-07,powder,makeup,,,mixed,0,0,0,https://prtimes.jp/main/html/rd/p/000000376.000022808.html
000000377.000022808,22808,資生堂ジャパン株式会社,株式会社資生堂,brand_owner,JP,present_forward,2025-07-18,2025-07,powder,makeup,,,mixed,0,0,0,https://prtimes.jp/main/html/rd/p/000000377.000022808.html
000000378.000022808,22808,資生堂ジャパン株式会社,株式会社資生堂,brand_owner,JP,present_forward,2025-07-18,2025-07,lipstick,makeup,,,mixed,0,0,0,https://prtimes.jp/main/html/rd/p/000000378.000022808.html
000000379.000022808,22808,資生堂ジャパン株式会社,株式会社資生堂,brand_owner,JP,present_forward,2025-07-18,2025-07,lipstick,makeup,,,mixed,0,0,0,https://prtimes.jp/main/html/rd/p/000000379.000022808.html
000000410.000030413,30413,株式会社ディーエイチシー,株式会社ディーエイチシー,brand_owner,JP,core,2025-07-18,2025-07,lipstick|lip_balm,makeup,,DHC,プチプラ/ミドル,1,0,0,https://prtimes.jp/main/html/rd/p/000000410.000030413.html
000000059.000035071,35071,株式会社BENOW JAPAN,株式会社BENOW JAPAN,importer,KR,core,2025-07-21,2025-07,lipstick,makeup,,,ミドル,0,0,0,https://prtimes.jp/main/html/rd/p/000000059.000035071.html
000000220.000019685,19685,株式会社 井田ラボラトリーズ,株式会社井田ラボラトリーズ,brand_owner,JP,core,2025-07-22,2025-07,eye_makeup,makeup,,CANMAKE,プチプラ,0,0,0,https://prtimes.jp/main/html/rd/p/000000220.000019685.html
000000221.000019685,19685,株式会社 井田ラボラトリーズ,株式会社井田ラボラトリーズ,brand_owner,JP,core,2025-07-22,2025-07,lash_brow|nail,makeup,,CANMAKE,プチプラ,0,0,0,https://prtimes.jp/main/html/rd/p/000000221.000019685.html
000000464.000044879,44879,ロート製薬株式会社,ロート製薬株式会社,brand_owner,JP,present_forward,2025-07-22,2025-07,fragrance,other,,,プチプラ/ミドル,0,0,0,https://prtimes.jp/main/html/rd/p/000000464.000044879.html
000000625.000007954,7954,クラシエ株式会社（ホームプロダクツカンパニー）,クラシエ株式会社,brand_owner,JP,core,2025-07-22,2025-07,cleansing|serum|face_wash,skincare,,,プチプラ,0,0,0,https://prtimes.jp/main/html/rd/p/000000625.000007954.html
000001702.000009276,9276,花王株式会社,花王株式会社,brand_owner,JP,present_forward,2025-07-22,2025-07,,none,,ビオレ,プチプラ,0,0,1,https://prtimes.jp/main/html/rd/p/000001702.000009276.html
000000686.000036737,36737,株式会社ポーラ,株式会社ポーラ,brand_owner,JP,core,2025-07-23,2025-07,,none,,POLA,デパコス,0,0,0,https://prtimes.jp/main/html/rd/p/000000686.000036737.html
000000288.000021350,21350,アモーレパシフィックジャパン株式会社,アモーレパシフィックジャパン株式会社,brand_owner,KR,core,2025-07-24,2025-07,lipstick,makeup,,エチュード,プチプラ,0,0,0,https://prtimes.jp/main/html/rd/p/000000288.000021350.html
000000289.000021350,21350,アモーレパシフィックジャパン株式会社,アモーレパシフィックジャパン株式会社,brand_owner,KR,core,2025-07-24,2025-07,,none,,,mixed,0,0,0,https://prtimes.jp/main/html/rd/p/000000289.000021350.html
000000517.000028974,28974,株式会社桃谷順天館,株式会社桃谷順天館,brand_owner,JP,present_forward,2025-07-24,2025-07,,none,,明色,プチプラ,0,0,0,https://prtimes.jp/main/html/rd/p/000000517.000028974.html
000000687.000036737,36737,株式会社ポーラ,株式会社ポーラ,brand_owner,JP,core,2025-07-24,2025-07,toner_lotion,skincare,,POLA,デパコス,0,0,0,https://prtimes.jp/main/html/rd/p/000000687.000036737.html
000000797.000016220,16220,株式会社カネボウ化粧品,株式会社カネボウ化粧品,brand_owner,JP,present_forward,2025-07-24,2025-07,,none,,,mixed,0,0,0,https://prtimes.jp/main/html/rd/p/000000797.000016220.html
000000382.000022808,22808,資生堂ジャパン株式会社,株式会社資生堂,brand_owner,JP,present_forward,2025-07-25,2025-07,blush,makeup,,,mixed,0,1,0,https://prtimes.jp/main/html/rd/p/000000382.000022808.html
000000383.000022808,22808,資生堂ジャパン株式会社,株式会社資生堂,brand_owner,JP,present_forward,2025-07-25,2025-07,powder,makeup,,,mixed,0,0,0,https://prtimes.jp/main/html/rd/p/000000383.000022808.html
000000688.000036737,36737,株式会社ポーラ,株式会社ポーラ,brand_owner,JP,core,2025-07-25,2025-07,,none,,POLA,デパコス,0,0,0,https://prtimes.jp/main/html/rd/p/000000688.000036737.html
000000008.000157077,157077,ウィッシュカンパニー株式会社,ウィッシュカンパニー株式会社,brand_owner,KR,core,2025-07-29,2025-07,,none,,Dear Klairs,ミドル,0,0,0,https://prtimes.jp/main/html/rd/p/000000008.000157077.html
000000075.000096821,96821,VT COSMETICS,VT COSMETICS,brand_owner,KR,core,2025-07-29,2025-07,cleansing|cream|serum,skincare,アゼライン酸|DNA-Na,VT,プチプラ,0,0,0,https://prtimes.jp/main/html/rd/p/000000075.000096821.html
000000128.000006944,6944,ニベア花王株式会社,ニベア花王株式会社,brand_owner,global,core,2025-07-29,2025-07,cream|body|serum,skincare,,NIVEA,プチプラ/ミドル,0,0,0,https://prtimes.jp/main/html/rd/p/000000128.000006944.html
000000176.000086691,86691,ユニリーバ・ジャパン・カスタマーマーケティング株式会社,ユニリーバ・ジャパン株式会社,brand_owner,global,core,2025-07-29,2025-07,,none,,LUX,プチプラ,0,0,1,https://prtimes.jp/main/html/rd/p/000000176.000086691.html
000000179.000086691,86691,ユニリーバ・ジャパン・カスタマーマーケティング株式会社,ユニリーバ・ジャパン株式会社,brand_owner,global,core,2025-07-29,2025-07,,none,,Dove,プチプラ,0,1,0,https://prtimes.jp/main/html/rd/p/000000179.000086691.html
000000540.000001572,1572,株式会社石澤研究所,株式会社石澤研究所,brand_owner,JP,core,2025-07-29,2025-07,hair,other,,,プチプラ,0,1,0,https://prtimes.jp/main/html/rd/p/000000540.000001572.html
000000550.000070897,70897,花王株式会社,花王株式会社,brand_owner,JP,present_forward,2025-07-29,2025-07,hair,other,,,mixed,0,0,0,https://prtimes.jp/main/html/rd/p/000000550.000070897.html
000001028.000006496,6496,株式会社マンダム,株式会社マンダム,brand_owner,JP,present_forward,2025-07-29,2025-07,lash_brow,makeup,,,プチプラ,0,0,0,https://prtimes.jp/main/html/rd/p/000001028.000006496.html
000000180.000086691,86691,ユニリーバ・ジャパン・カスタマーマーケティング株式会社,ユニリーバ・ジャパン株式会社,brand_owner,global,core,2025-07-30,2025-07,,none,,Dove,プチプラ,0,0,0,https://prtimes.jp/main/html/rd/p/000000180.000086691.html
000000291.000021350,21350,アモーレパシフィックジャパン株式会社,アモーレパシフィックジャパン株式会社,brand_owner,KR,core,2025-07-30,2025-07,foundation,makeup,,,mixed,0,0,0,https://prtimes.jp/main/html/rd/p/000000291.000021350.html
000000554.000014810,14810,パルファン・クリスチャン・ディオール・ジャポン株式会社,パルファン・クリスチャン・ディオール・ジャポン株式会社,brand_owner,global,present_forward,2025-07-30,2025-07,cream,skincare,,Dior,デパコス,0,0,0,https://prtimes.jp/main/html/rd/p/000000554.000014810.html
000000628.000007954,7954,クラシエ株式会社（ホームプロダクツカンパニー）,クラシエ株式会社,brand_owner,JP,core,2025-07-30,2025-07,toner_lotion,skincare,,肌美精,プチプラ,1,0,1,https://prtimes.jp/main/html/rd/p/000000628.000007954.html
000001698.000000987,987,株式会社良品計画,株式会社良品計画,brand_owner,JP,present_forward,2025-07-30,2025-07,serum,skincare,,無印良品,プチプラ,0,0,0,https://prtimes.jp/main/html/rd/p/000001698.000000987.html
000000018.000126707,126707,株式会社The Founders JAPAN,株式会社The Founders JAPAN,brand_owner,KR,core,2025-07-31,2025-07,toner_lotion,skincare,グルタチオン|アスコルビン酸,Anua,ミドル,0,0,0,https://prtimes.jp/main/html/rd/p/000000018.000126707.html
000000629.000007954,7954,クラシエ株式会社（ホームプロダクツカンパニー）,クラシエ株式会社,brand_owner,JP,core,2025-07-31,2025-07,face_wash,skincare,,,プチプラ,0,1,0,https://prtimes.jp/main/html/rd/p/000000629.000007954.html
000001708.000009276,9276,花王株式会社,花王株式会社,brand_owner,JP,present_forward,2025-07-31,2025-07,hair,other,,,ミドル/プチプラ,0,0,0,https://prtimes.jp/main/html/rd/p/000001708.000009276.html
000000066.000105692,105692,アモーレパシフィックジャパン株式会社,アモーレパシフィックジャパン株式会社,brand_owner,KR,core,2025-08-01,2025-08,lipstick,makeup,,ラネージュ,ミドル,0,0,0,https://prtimes.jp/main/html/rd/p/000000066.000105692.html
000000073.000090124,90124,ELCジャパン合同会社,ELCジャパン合同会社,brand_owner,global,core,2025-08-01,2025-08,,none,,ジョー マローン ロンドン,デパコス,0,0,1,https://prtimes.jp/main/html/rd/p/000000073.000090124.html
000000076.000096821,96821,VT COSMETICS,VT COSMETICS,brand_owner,KR,core,2025-08-01,2025-08,cream,skincare,DNA-Na,VT,プチプラ,0,0,0,https://prtimes.jp/main/html/rd/p/000000076.000096821.html
000000107.000044623,44623,ELCジャパン合同会社　M・A・C事業部,ELCジャパン合同会社,brand_owner,global,core,2025-08-01,2025-08,lipstick,makeup,,M·A·C,デパコス,0,0,0,https://prtimes.jp/main/html/rd/p/000000107.000044623.html
000000129.000006944,6944,ニベア花王株式会社,ニベア花王株式会社,brand_owner,global,core,2025-08-01,2025-08,face_wash,skincare,,NIVEA,プチプラ/ミドル,0,0,0,https://prtimes.jp/main/html/rd/p/000000129.000006944.html
000000235.000072864,72864,花王株式会社（Kao Beauty Brands）,花王株式会社,brand_owner,JP,present_forward,2025-08-01,2025-08,serum,skincare,,ソフィーナiP|SOFINA,ミドル,0,0,0,https://prtimes.jp/main/html/rd/p/000000235.000072864.html
000000292.000021350,21350,アモーレパシフィックジャパン株式会社,アモーレパシフィックジャパン株式会社,brand_owner,KR,core,2025-08-01,2025-08,,none,,,mixed,0,0,0,https://prtimes.jp/main/html/rd/p/000000292.000021350.html
000000435.000000263,263,常盤薬品工業株式会社,常盤薬品工業株式会社,brand_owner,JP,present_forward,2025-08-01,2025-08,eye_makeup|nail,makeup,,excel,プチプラ,0,0,0,https://prtimes.jp/main/html/rd/p/000000435.000000263.html
000000690.000036737,36737,株式会社ポーラ,株式会社ポーラ,brand_owner,JP,core,2025-08-01,2025-08,,none,,POLA,デパコス,0,1,0,https://prtimes.jp/main/html/rd/p/000000690.000036737.html
000001713.000009276,9276,花王株式会社,花王株式会社,brand_owner,JP,present_forward,2025-08-01,2025-08,,none,,ビオレ,プチプラ,0,0,0,https://prtimes.jp/main/html/rd/p/000001713.000009276.html
000000386.000022808,22808,資生堂ジャパン株式会社,株式会社資生堂,brand_owner,JP,present_forward,2025-08-03,2025-08,powder,makeup,,,mixed,0,0,0,https://prtimes.jp/main/html/rd/p/000000386.000022808.html
000000210.000076505,76505,株式会社韓国高麗人蔘社,株式会社韓国高麗人蔘社,importer,KR,core,2025-08-04,2025-08,lipstick,makeup,,rom&nd,プチプラ,0,0,0,https://prtimes.jp/main/html/rd/p/000000210.000076505.html
000000630.000007954,7954,クラシエ株式会社（ホームプロダクツカンパニー）,クラシエ株式会社,brand_owner,JP,core,2025-08-04,2025-08,hair|booster,other,,,プチプラ,0,0,0,https://prtimes.jp/main/html/rd/p/000000630.000007954.html
000001699.000009276,9276,花王株式会社,花王株式会社,brand_owner,JP,present_forward,2025-08-04,2025-08,mask,skincare,,,ミドル/プチプラ,0,0,0,https://prtimes.jp/main/html/rd/p/000001699.000009276.html
000000065.000105692,105692,アモーレパシフィックジャパン株式会社,アモーレパシフィックジャパン株式会社,brand_owner,KR,core,2025-08-05,2025-08,lipstick,makeup,,ラネージュ,ミドル,0,0,0,https://prtimes.jp/main/html/rd/p/000000065.000105692.html
000000236.000072864,72864,花王株式会社（Kao Beauty Brands）,花王株式会社,brand_owner,JP,present_forward,2025-08-05,2025-08,serum,skincare,,ソフィーナiP|SOFINA,ミドル,1,0,0,https://prtimes.jp/main/html/rd/p/000000236.000072864.html
000000427.000000263,263,常盤薬品工業株式会社,常盤薬品工業株式会社,brand_owner,JP,present_forward,2025-08-05,2025-08,face_wash,skincare,,なめらか本舗,プチプラ,1,0,0,https://prtimes.jp/main/html/rd/p/000000427.000000263.html
000000432.000000263,263,常盤薬品工業株式会社,常盤薬品工業株式会社,brand_owner,JP,present_forward,2025-08-05,2025-08,lash_brow,makeup,,,プチプラ,0,1,0,https://prtimes.jp/main/html/rd/p/000000432.000000263.html
000000433.000000263,263,常盤薬品工業株式会社,常盤薬品工業株式会社,brand_owner,JP,present_forward,2025-08-05,2025-08,concealer,makeup,,,プチプラ,1,0,0,https://prtimes.jp/main/html/rd/p/000000433.000000263.html
000000077.000096821,96821,VT COSMETICS,VT COSMETICS,brand_owner,KR,core,2025-08-06,2025-08,serum,skincare,,VT,プチプラ,0,0,0,https://prtimes.jp/main/html/rd/p/000000077.000096821.html
000000182.000086691,86691,ユニリーバ・ジャパン・カスタマーマーケティング株式会社,ユニリーバ・ジャパン株式会社,brand_owner,global,core,2025-08-06,2025-08,,none,,LUX,プチプラ,0,1,0,https://prtimes.jp/main/html/rd/p/000000182.000086691.html
000000631.000007954,7954,クラシエ株式会社（ホームプロダクツカンパニー）,クラシエ株式会社,brand_owner,JP,core,2025-08-06,2025-08,face_wash,skincare,,,プチプラ,0,0,0,https://prtimes.jp/main/html/rd/p/000000631.000007954.html
000000798.000016220,16220,株式会社カネボウ化粧品,株式会社カネボウ化粧品,brand_owner,JP,present_forward,2025-08-06,2025-08,serum,skincare,,,mixed,0,0,1,https://prtimes.jp/main/html/rd/p/000000798.000016220.html
000000799.000016220,16220,株式会社カネボウ化粧品,株式会社カネボウ化粧品,brand_owner,JP,present_forward,2025-08-06,2025-08,,none,,KANEBO,デパコス,0,0,0,https://prtimes.jp/main/html/rd/p/000000799.000016220.html
000000436.000000263,263,常盤薬品工業株式会社,常盤薬品工業株式会社,brand_owner,JP,present_forward,2025-08-07,2025-08,all_in_one|serum|base_makeup,skincare,,,プチプラ,0,0,0,https://prtimes.jp/main/html/rd/p/000000436.000000263.html
000000552.000070897,70897,花王株式会社,花王株式会社,brand_owner,JP,present_forward,2025-08-07,2025-08,,none,,est,デパコス,0,0,0,https://prtimes.jp/main/html/rd/p/000000552.000070897.html
000000632.000007954,7954,クラシエ株式会社（ホームプロダクツカンパニー）,クラシエ株式会社,brand_owner,JP,core,2025-08-07,2025-08,mask,skincare,,肌美精,プチプラ,0,0,0,https://prtimes.jp/main/html/rd/p/000000632.000007954.html
000000048.000121730,121730,ＪＮＴＬコンシューマーヘルス株式会社,ケンビュー・ジャパン合同会社,brand_owner,global,core,2025-08-08,2025-08,,none,,Aveeno,プチプラ/ミドル,0,0,0,https://prtimes.jp/main/html/rd/p/000000048.000121730.html
000000212.000076505,76505,株式会社韓国高麗人蔘社,株式会社韓国高麗人蔘社,importer,KR,core,2025-08-08,2025-08,lash_brow,makeup,,rom&nd,プチプラ,0,0,0,https://prtimes.jp/main/html/rd/p/000000212.000076505.html
000000388.000022808,22808,資生堂ジャパン株式会社,株式会社資生堂,brand_owner,JP,present_forward,2025-08-08,2025-08,blush,makeup,,,mixed,0,1,0,https://prtimes.jp/main/html/rd/p/000000388.000022808.html
000000389.000022808,22808,資生堂ジャパン株式会社,株式会社資生堂,brand_owner,JP,present_forward,2025-08-08,2025-08,powder,makeup,,,mixed,0,0,0,https://prtimes.jp/main/html/rd/p/000000389.000022808.html
000001714.000009276,9276,花王株式会社,花王株式会社,brand_owner,JP,present_forward,2025-08-08,2025-08,hair,other,,,ミドル/プチプラ,0,0,0,https://prtimes.jp/main/html/rd/p/000001714.000009276.html
000000387.000022808,22808,資生堂ジャパン株式会社,株式会社資生堂,brand_owner,JP,present_forward,2025-08-11,2025-08,powder,makeup,,,mixed,0,0,0,https://prtimes.jp/main/html/rd/p/000000387.000022808.html
000000555.000014810,14810,パルファン・クリスチャン・ディオール・ジャポン株式会社,パルファン・クリスチャン・ディオール・ジャポン株式会社,brand_owner,global,present_forward,2025-08-12,2025-08,serum|fragrance,skincare,,Dior,デパコス,0,0,0,https://prtimes.jp/main/html/rd/p/000000555.000014810.html
000000062.000035071,35071,株式会社BENOW JAPAN,株式会社BENOW JAPAN,importer,KR,core,2025-08-15,2025-08,lipstick,makeup,,,ミドル,0,0,0,https://prtimes.jp/main/html/rd/p/000000062.000035071.html
000000556.000014810,14810,パルファン・クリスチャン・ディオール・ジャポン株式会社,パルファン・クリスチャン・ディオール・ジャポン株式会社,brand_owner,global,present_forward,2025-08-15,2025-08,,none,,Dior,デパコス,0,0,0,https://prtimes.jp/main/html/rd/p/000000556.000014810.html
000000042.000077831,77831,株式会社mimi-Japan,株式会社mimi-Japan,importer,CN,core,2025-08-18,2025-08,,none,,,,0,0,0,https://prtimes.jp/main/html/rd/p/000000042.000077831.html
000000049.000121730,121730,ＪＮＴＬコンシューマーヘルス株式会社,ケンビュー・ジャパン合同会社,brand_owner,global,core,2025-08-18,2025-08,body,other,アスコルビン酸,,プチプラ/ミドル,0,0,0,https://prtimes.jp/main/html/rd/p/000000049.000121730.html
000000089.000056098,56098,株式会社クリオ,株式会社クリオ,brand_owner,KR,core,2025-08-18,2025-08,lipstick|blush,makeup,,CLIO,ミドル,0,0,0,https://prtimes.jp/main/html/rd/p/000000089.000056098.html
000000183.000086691,86691,ユニリーバ・ジャパン・カスタマーマーケティング株式会社,ユニリーバ・ジャパン株式会社,brand_owner,global,core,2025-08-18,2025-08,,none,,LUX,プチプラ,0,1,0,https://prtimes.jp/main/html/rd/p/000000183.000086691.html
000000543.000001572,1572,株式会社石澤研究所,株式会社石澤研究所,brand_owner,JP,core,2025-08-18,2025-08,mask,skincare,,毛穴撫子,プチプラ,0,0,0,https://prtimes.jp/main/html/rd/p/000000543.000001572.html
000000800.000016220,16220,株式会社カネボウ化粧品,株式会社カネボウ化粧品,brand_owner,JP,present_forward,2025-08-18,2025-08,lipstick,makeup,,KATE,プチプラ,0,0,0,https://prtimes.jp/main/html/rd/p/000000800.000016220.html
000001716.000009276,9276,花王株式会社,花王株式会社,brand_owner,JP,present_forward,2025-08-18,2025-08,cream,skincare,,ビオレ,プチプラ,0,0,0,https://prtimes.jp/main/html/rd/p/000001716.000009276.html
000000130.000006944,6944,ニベア花王株式会社,ニベア花王株式会社,brand_owner,global,core,2025-08-19,2025-08,cream,skincare,,NIVEA,プチプラ/ミドル,0,0,0,https://prtimes.jp/main/html/rd/p/000000130.000006944.html
000000166.000031376,31376,アモーレパシフィックジャパン株式会社,アモーレパシフィックジャパン株式会社,brand_owner,KR,core,2025-08-19,2025-08,,none,,イニスフリー,プチプラ/ミドル,0,0,1,https://prtimes.jp/main/html/rd/p/000000166.000031376.html
000000430.000000263,263,常盤薬品工業株式会社,常盤薬品工業株式会社,brand_owner,JP,present_forward,2025-08-19,2025-08,concealer|serum,makeup,,,プチプラ,0,0,0,https://prtimes.jp/main/html/rd/p/000000430.000000263.html
000000431.000000263,263,常盤薬品工業株式会社,常盤薬品工業株式会社,brand_owner,JP,present_forward,2025-08-19,2025-08,concealer,makeup,,,プチプラ,0,0,0,https://prtimes.jp/main/html/rd/p/000000431.000000263.html
000000675.000002061,2061,オルビス株式会社,株式会社オルビス,brand_owner,JP,core,2025-08-19,2025-08,serum,skincare,ナイアシンアミド,ORBIS,ミドル,1,0,0,https://prtimes.jp/main/html/rd/p/000000675.000002061.html
000000032.000127171,127171,株式会社Goodai Global Japan,株式会社Goodai Global Japan,importer,KR,core,2025-08-20,2025-08,,none,,TIRTIR,プチプラ/ミドル,0,0,0,https://prtimes.jp/main/html/rd/p/000000032.000127171.html
000000117.000024471,24471,日本ロレアル株式会社　タカミ事業部,日本ロレアル株式会社,brand_owner,global,core,2025-08-20,2025-08,,none,,タカミ,ミドル,0,0,0,https://prtimes.jp/main/html/rd/p/000000117.000024471.html
000000392.000085143,85143,アステナホールディングス株式会社,アステナホールディングス株式会社,importer,KR,present_forward,2025-08-20,2025-08,,none,,Torriden,ミドル,0,0,0,https://prtimes.jp/main/html/rd/p/000000392.000085143.html
000001720.000009276,9276,花王株式会社,花王株式会社,brand_owner,JP,present_forward,2025-08-20,2025-08,face_wash,skincare,,,ミドル/プチプラ,0,0,0,https://prtimes.jp/main/html/rd/p/000001720.000009276.html
000000099.000004359,4359,ELCジャパン合同会社,ELCジャパン合同会社,brand_owner,global,core,2025-08-21,2025-08,,none,,クリニーク,デパコス,0,0,0,https://prtimes.jp/main/html/rd/p/000000099.000004359.html
000000544.000001572,1572,株式会社石澤研究所,株式会社石澤研究所,brand_owner,JP,core,2025-08-21,2025-08,body,other,,,プチプラ,0,0,0,https://prtimes.jp/main/html/rd/p/000000544.000001572.html
000000557.000070897,70897,花王株式会社,花王株式会社,brand_owner,JP,present_forward,2025-08-21,2025-08,,none,,キュレル,ミドル,0,0,0,https://prtimes.jp/main/html/rd/p/000000557.000070897.html
000001721.000009276,9276,花王株式会社,花王株式会社,brand_owner,JP,present_forward,2025-08-21,2025-08,cleansing|face_wash,skincare,,ビオレ,プチプラ,0,0,0,https://prtimes.jp/main/html/rd/p/000001721.000009276.html
000000524.000028974,28974,株式会社桃谷順天館,株式会社桃谷順天館,brand_owner,JP,present_forward,2025-08-22,2025-08,eye_cream,skincare,,明色,プチプラ,0,0,0,https://prtimes.jp/main/html/rd/p/000000524.000028974.html
000000692.000036737,36737,株式会社ポーラ,株式会社ポーラ,brand_owner,JP,core,2025-08-22,2025-08,serum,skincare,,POLA,デパコス,0,0,0,https://prtimes.jp/main/html/rd/p/000000692.000036737.html
000001418.000017666,17666,株式会社ファンケル,株式会社ファンケル,brand_owner,JP,present_forward,2025-08-22,2025-08,foundation|base_makeup,makeup,,FANCL,ミドル,0,1,0,https://prtimes.jp/main/html/rd/p/000001418.000017666.html
000000168.000031376,31376,アモーレパシフィックジャパン株式会社,アモーレパシフィックジャパン株式会社,brand_owner,KR,core,2025-08-25,2025-08,serum,skincare,,イニスフリー,プチプラ/ミドル,0,0,0,https://prtimes.jp/main/html/rd/p/000000168.000031376.html
000000222.000019685,19685,株式会社 井田ラボラトリーズ,株式会社井田ラボラトリーズ,brand_owner,JP,core,2025-08-25,2025-08,powder|blush,makeup,,CANMAKE,プチプラ,0,0,0,https://prtimes.jp/main/html/rd/p/000000222.000019685.html
000000223.000019685,19685,株式会社 井田ラボラトリーズ,株式会社井田ラボラトリーズ,brand_owner,JP,core,2025-08-25,2025-08,,none,,CANMAKE,プチプラ,0,0,1,https://prtimes.jp/main/html/rd/p/000000223.000019685.html
000000224.000019685,19685,株式会社 井田ラボラトリーズ,株式会社井田ラボラトリーズ,brand_owner,JP,core,2025-08-25,2025-08,fragrance|nail,other,,CANMAKE,プチプラ,0,0,0,https://prtimes.jp/main/html/rd/p/000000224.000019685.html
000000294.000021350,21350,アモーレパシフィックジャパン株式会社,アモーレパシフィックジャパン株式会社,brand_owner,KR,core,2025-08-25,2025-08,,none,,,mixed,0,0,0,https://prtimes.jp/main/html/rd/p/000000294.000021350.html
000001038.000006496,6496,株式会社マンダム,株式会社マンダム,brand_owner,JP,present_forward,2025-08-25,2025-08,,none,,ルシード,プチプラ,1,0,0,https://prtimes.jp/main/html/rd/p/000001038.000006496.html
000001039.000006496,6496,株式会社マンダム,株式会社マンダム,brand_owner,JP,present_forward,2025-08-25,2025-08,,none,,,プチプラ,0,1,0,https://prtimes.jp/main/html/rd/p/000001039.000006496.html
000000034.000127171,127171,株式会社Goodai Global Japan,株式会社Goodai Global Japan,importer,KR,core,2025-08-26,2025-08,blush,makeup,,TIRTIR,プチプラ/ミドル,0,0,0,https://prtimes.jp/main/html/rd/p/000000034.000127171.html
000000086.000064854,64854,P&Gプレステージ合同会社,P&Gプレステージ合同会社,brand_owner,global,core,2025-08-26,2025-08,,none,,SK-II,デパコス,0,0,0,https://prtimes.jp/main/html/rd/p/000000086.000064854.html
000000216.000076505,76505,株式会社韓国高麗人蔘社,株式会社韓国高麗人蔘社,importer,KR,core,2025-08-26,2025-08,,none,,,,0,0,0,https://prtimes.jp/main/html/rd/p/000000216.000076505.html
000000634.000007954,7954,クラシエ株式会社（ホームプロダクツカンパニー）,クラシエ株式会社,brand_owner,JP,core,2025-08-26,2025-08,hair,other,,,プチプラ,0,0,0,https://prtimes.jp/main/html/rd/p/000000634.000007954.html
000000078.000096821,96821,VT COSMETICS,VT COSMETICS,brand_owner,KR,core,2025-08-27,2025-08,cleansing,skincare,ツボクサエキス,VT,プチプラ,0,1,0,https://prtimes.jp/main/html/rd/p/000000078.000096821.html
000000169.000031376,31376,アモーレパシフィックジャパン株式会社,アモーレパシフィックジャパン株式会社,brand_owner,KR,core,2025-08-27,2025-08,,none,,イニスフリー,プチプラ/ミドル,0,0,0,https://prtimes.jp/main/html/rd/p/000000169.000031376.html
000000295.000021350,21350,アモーレパシフィックジャパン株式会社,アモーレパシフィックジャパン株式会社,brand_owner,KR,core,2025-08-27,2025-08,lipstick,makeup,,エチュード,プチプラ,0,0,0,https://prtimes.jp/main/html/rd/p/000000295.000021350.html
000000394.000085143,85143,アステナホールディングス株式会社,アステナホールディングス株式会社,importer,KR,present_forward,2025-08-27,2025-08,mask,skincare,,,,0,0,0,https://prtimes.jp/main/html/rd/p/000000394.000085143.html
000000559.000014810,14810,パルファン・クリスチャン・ディオール・ジャポン株式会社,パルファン・クリスチャン・ディオール・ジャポン株式会社,brand_owner,global,present_forward,2025-08-27,2025-08,fragrance,other,,Dior,デパコス,0,0,0,https://prtimes.jp/main/html/rd/p/000000559.000014810.html
000000803.000016220,16220,株式会社カネボウ化粧品,株式会社カネボウ化粧品,brand_owner,JP,present_forward,2025-08-27,2025-08,,none,,,mixed,0,0,0,https://prtimes.jp/main/html/rd/p/000000803.000016220.html
000000804.000016220,16220,株式会社カネボウ化粧品,株式会社カネボウ化粧品,brand_owner,JP,present_forward,2025-08-27,2025-08,eye_makeup|lash_brow,makeup,,,mixed,0,0,0,https://prtimes.jp/main/html/rd/p/000000804.000016220.html
000000081.000096821,96821,VT COSMETICS,VT COSMETICS,brand_owner,KR,core,2025-08-28,2025-08,cream,skincare,,VT,プチプラ,0,0,0,https://prtimes.jp/main/html/rd/p/000000081.000096821.html
000000296.000021350,21350,アモーレパシフィックジャパン株式会社,アモーレパシフィックジャパン株式会社,brand_owner,KR,core,2025-08-28,2025-08,,none,,エチュード,プチプラ,0,0,0,https://prtimes.jp/main/html/rd/p/000000296.000021350.html
000000003.000147749,147749,COSRX  inc.,COSRX inc.,brand_owner,KR,core,2025-08-29,2025-08,,none,セラミド,COSRX,プチプラ/ミドル,0,0,0,https://prtimes.jp/main/html/rd/p/000000003.000147749.html
000000009.000157077,157077,ウィッシュカンパニー株式会社,ウィッシュカンパニー株式会社,brand_owner,KR,core,2025-08-29,2025-08,cream,skincare,DNA-Na,Dear Klairs,ミドル,0,0,0,https://prtimes.jp/main/html/rd/p/000000009.000157077.html
000000224.000076505,76505,株式会社韓国高麗人蔘社,株式会社韓国高麗人蔘社,importer,KR,core,2025-08-29,2025-08,toner_lotion,skincare,,,,0,0,0,https://prtimes.jp/main/html/rd/p/000000224.000076505.html
000000298.000021350,21350,アモーレパシフィックジャパン株式会社,アモーレパシフィックジャパン株式会社,brand_owner,KR,core,2025-08-29,2025-08,,none,,,mixed,0,0,0,https://prtimes.jp/main/html/rd/p/000000298.000021350.html
000000549.000001572,1572,株式会社石澤研究所,株式会社石澤研究所,brand_owner,JP,core,2025-08-29,2025-08,eye_makeup|lash_brow|serum,makeup,,,プチプラ,0,0,0,https://prtimes.jp/main/html/rd/p/000000549.000001572.html
000000558.000014810,14810,パルファン・クリスチャン・ディオール・ジャポン株式会社,パルファン・クリスチャン・ディオール・ジャポン株式会社,brand_owner,global,present_forward,2025-08-29,2025-08,foundation|serum,makeup,,Dior,デパコス,0,0,0,https://prtimes.jp/main/html/rd/p/000000558.000014810.html
000000067.000105692,105692,アモーレパシフィックジャパン株式会社,アモーレパシフィックジャパン株式会社,brand_owner,KR,core,2025-09-01,2025-09,,none,,ラネージュ,ミドル,0,0,0,https://prtimes.jp/main/html/rd/p/000000067.000105692.html
000000118.000024471,24471,日本ロレアル株式会社　タカミ事業部,日本ロレアル株式会社,brand_owner,global,core,2025-09-01,2025-09,,none,,タカミ,ミドル,0,0,1,https://prtimes.jp/main/html/rd/p/000000118.000024471.html
000000186.000086691,86691,ユニリーバ・ジャパン・カスタマーマーケティング株式会社,ユニリーバ・ジャパン株式会社,brand_owner,global,core,2025-09-01,2025-09,hair,other,,,プチプラ,0,1,0,https://prtimes.jp/main/html/rd/p/000000186.000086691.html
000000474.000044879,44879,ロート製薬株式会社,ロート製薬株式会社,brand_owner,JP,present_forward,2025-09-01,2025-09,toner_lotion,skincare,,,プチプラ/ミドル,0,0,0,https://prtimes.jp/main/html/rd/p/000000474.000044879.html
000000518.000028974,28974,株式会社桃谷順天館,株式会社桃谷順天館,brand_owner,JP,present_forward,2025-09-01,2025-09,powder,makeup,,明色,プチプラ,0,0,0,https://prtimes.jp/main/html/rd/p/000000518.000028974.html
000000520.000028974,28974,株式会社桃谷順天館,株式会社桃谷順天館,brand_owner,JP,present_forward,2025-09-01,2025-09,all_in_one,skincare,,明色,プチプラ,1,1,0,https://prtimes.jp/main/html/rd/p/000000520.000028974.html
000000521.000028974,28974,株式会社桃谷順天館,株式会社桃谷順天館,brand_owner,JP,present_forward,2025-09-01,2025-09,,none,,明色,プチプラ,0,1,0,https://prtimes.jp/main/html/rd/p/000000521.000028974.html
000000522.000028974,28974,株式会社桃谷順天館,株式会社桃谷順天館,brand_owner,JP,present_forward,2025-09-01,2025-09,cleansing,skincare,,明色,プチプラ,0,0,0,https://prtimes.jp/main/html/rd/p/000000522.000028974.html
000000523.000028974,28974,株式会社桃谷順天館,株式会社桃谷順天館,brand_owner,JP,present_forward,2025-09-01,2025-09,eye_cream,skincare,,明色,プチプラ,1,0,0,https://prtimes.jp/main/html/rd/p/000000523.000028974.html
000000525.000028974,28974,株式会社桃谷順天館,株式会社桃谷順天館,brand_owner,JP,present_forward,2025-09-01,2025-09,mask|serum,skincare,,明色,プチプラ,0,0,0,https://prtimes.jp/main/html/rd/p/000000525.000028974.html
000000694.000036737,36737,株式会社ポーラ,株式会社ポーラ,brand_owner,JP,core,2025-09-01,2025-09,,none,,POLA,デパコス,0,0,0,https://prtimes.jp/main/html/rd/p/000000694.000036737.html
000000805.000016220,16220,株式会社カネボウ化粧品,株式会社カネボウ化粧品,brand_owner,JP,present_forward,2025-09-01,2025-09,cream,skincare,,,mixed,0,0,0,https://prtimes.jp/main/html/rd/p/000000805.000016220.html
000000101.000004359,4359,ELCジャパン合同会社,ELCジャパン合同会社,brand_owner,global,core,2025-09-02,2025-09,serum,skincare,,クリニーク,デパコス,0,1,0,https://prtimes.jp/main/html/rd/p/000000101.000004359.html
000000170.000081704,81704,株式会社ファイントゥデイ,ファイントゥデイ株式会社,brand_owner,JP,core,2025-09-02,2025-09,hair,other,,fino,プチプラ,0,0,0,https://prtimes.jp/main/html/rd/p/000000170.000081704.html
000000438.000000263,263,常盤薬品工業株式会社,常盤薬品工業株式会社,brand_owner,JP,present_forward,2025-09-02,2025-09,body|cream,other,,,プチプラ,0,0,0,https://prtimes.jp/main/html/rd/p/000000438.000000263.html
000000080.000096821,96821,VT COSMETICS,VT COSMETICS,brand_owner,KR,core,2025-09-03,2025-09,mask,skincare,,VT,プチプラ,0,0,0,https://prtimes.jp/main/html/rd/p/000000080.000096821.html
000000238.000072864,72864,花王株式会社（Kao Beauty Brands）,花王株式会社,brand_owner,JP,present_forward,2025-09-03,2025-09,base_makeup,makeup,,,mixed,0,0,0,https://prtimes.jp/main/html/rd/p/000000238.000072864.html
000000239.000072864,72864,花王株式会社（Kao Beauty Brands）,花王株式会社,brand_owner,JP,present_forward,2025-09-03,2025-09,face_wash|serum,skincare,,キュレル,ミドル,0,0,0,https://prtimes.jp/main/html/rd/p/000000239.000072864.html
000000477.000044879,44879,ロート製薬株式会社,ロート製薬株式会社,brand_owner,JP,present_forward,2025-09-03,2025-09,fragrance,other,,,プチプラ/ミドル,0,0,0,https://prtimes.jp/main/html/rd/p/000000477.000044879.html
000000082.000096821,96821,VT COSMETICS,VT COSMETICS,brand_owner,KR,core,2025-09-04,2025-09,,none,,VT,プチプラ,0,0,0,https://prtimes.jp/main/html/rd/p/000000082.000096821.html
000000237.000072864,72864,花王株式会社（Kao Beauty Brands）,花王株式会社,brand_owner,JP,present_forward,2025-09-04,2025-09,serum,skincare,,est,デパコス,0,0,0,https://prtimes.jp/main/html/rd/p/000000237.000072864.html
000000695.000036737,36737,株式会社ポーラ,株式会社ポーラ,brand_owner,JP,core,2025-09-04,2025-09,,none,,POLA,デパコス,0,1,0,https://prtimes.jp/main/html/rd/p/000000695.000036737.html
000000171.000031376,31376,アモーレパシフィックジャパン株式会社,アモーレパシフィックジャパン株式会社,brand_owner,KR,core,2025-09-05,2025-09,,none,,イニスフリー,プチプラ/ミドル,0,0,0,https://prtimes.jp/main/html/rd/p/000000171.000031376.html
000001726.000009276,9276,花王株式会社,花王株式会社,brand_owner,JP,present_forward,2025-09-05,2025-09,,none,,ビオレ,プチプラ,0,0,0,https://prtimes.jp/main/html/rd/p/000001726.000009276.html
000000083.000096821,96821,VT COSMETICS,VT COSMETICS,brand_owner,KR,core,2025-09-08,2025-09,booster,skincare,,VT,プチプラ,0,1,0,https://prtimes.jp/main/html/rd/p/000000083.000096821.html
000000188.000086691,86691,ユニリーバ・ジャパン・カスタマーマーケティング株式会社,ユニリーバ・ジャパン株式会社,brand_owner,global,core,2025-09-08,2025-09,,none,,LUX,プチプラ,0,1,0,https://prtimes.jp/main/html/rd/p/000000188.000086691.html
000000561.000014810,14810,パルファン・クリスチャン・ディオール・ジャポン株式会社,パルファン・クリスチャン・ディオール・ジャポン株式会社,brand_owner,global,present_forward,2025-09-08,2025-09,,none,,Dior,デパコス,0,0,0,https://prtimes.jp/main/html/rd/p/000000561.000014810.html
000000241.000072864,72864,花王株式会社（Kao Beauty Brands）,花王株式会社,brand_owner,JP,present_forward,2025-09-09,2025-09,serum|base_makeup,skincare,,,mixed,0,0,0,https://prtimes.jp/main/html/rd/p/000000241.000072864.html
000000243.000072864,72864,花王株式会社（Kao Beauty Brands）,花王株式会社,brand_owner,JP,present_forward,2025-09-09,2025-09,hair,other,,ソフィーナiP,ミドル,0,0,0,https://prtimes.jp/main/html/rd/p/000000243.000072864.html
000000426.000030413,30413,株式会社ディーエイチシー,株式会社ディーエイチシー,brand_owner,JP,core,2025-09-09,2025-09,,none,,DHC,プチプラ/ミドル,0,1,0,https://prtimes.jp/main/html/rd/p/000000426.000030413.html
000000439.000000263,263,常盤薬品工業株式会社,常盤薬品工業株式会社,brand_owner,JP,present_forward,2025-09-09,2025-09,,none,,,プチプラ,0,0,0,https://prtimes.jp/main/html/rd/p/000000439.000000263.html
000000440.000000263,263,常盤薬品工業株式会社,常盤薬品工業株式会社,brand_owner,JP,present_forward,2025-09-09,2025-09,toner_lotion,skincare,,,プチプラ,0,1,0,https://prtimes.jp/main/html/rd/p/000000440.000000263.html
000000636.000007954,7954,クラシエ株式会社（ホームプロダクツカンパニー）,クラシエ株式会社,brand_owner,JP,core,2025-09-09,2025-09,hair|serum,other,,,プチプラ,0,0,0,https://prtimes.jp/main/html/rd/p/000000636.000007954.html
000000066.000035071,35071,株式会社BENOW JAPAN,株式会社BENOW JAPAN,importer,KR,core,2025-09-10,2025-09,lipstick,makeup,,,ミドル,0,0,0,https://prtimes.jp/main/html/rd/p/000000066.000035071.html
000000108.000042040,42040,株式会社セザンヌ化粧品,セザンヌ化粧品株式会社,brand_owner,JP,core,2025-09-10,2025-09,,none,,CEZANNE,プチプラ,0,0,0,https://prtimes.jp/main/html/rd/p/000000108.000042040.html
000000810.000016220,16220,株式会社カネボウ化粧品,株式会社カネボウ化粧品,brand_owner,JP,present_forward,2025-09-10,2025-09,eye_makeup,makeup,,,mixed,0,0,0,https://prtimes.jp/main/html/rd/p/000000810.000016220.html
000000044.000077831,77831,株式会社mimi-Japan,株式会社mimi-Japan,importer,CN,core,2025-09-11,2025-09,lipstick,makeup,,Judydoll,プチプラ/ミドル,0,0,0,https://prtimes.jp/main/html/rd/p/000000044.000077831.html
000000119.000024471,24471,日本ロレアル株式会社　タカミ事業部,日本ロレアル株式会社,brand_owner,global,core,2025-09-11,2025-09,toner_lotion|serum,skincare,,タカミ,ミドル,0,0,0,https://prtimes.jp/main/html/rd/p/000000119.000024471.html
000000300.000021350,21350,アモーレパシフィックジャパン株式会社,アモーレパシフィックジャパン株式会社,brand_owner,KR,core,2025-09-11,2025-09,,none,,,mixed,0,0,0,https://prtimes.jp/main/html/rd/p/000000300.000021350.html
000000638.000007954,7954,クラシエ株式会社（ホームプロダクツカンパニー）,クラシエ株式会社,brand_owner,JP,core,2025-09-12,2025-09,hair,other,,,プチプラ,0,0,0,https://prtimes.jp/main/html/rd/p/000000638.000007954.html
000000172.000031376,31376,アモーレパシフィックジャパン株式会社,アモーレパシフィックジャパン株式会社,brand_owner,KR,core,2025-09-16,2025-09,cream|toner_lotion,skincare,セラミド,イニスフリー,プチプラ/ミドル,0,0,0,https://prtimes.jp/main/html/rd/p/000000172.000031376.html
000000228.000076505,76505,株式会社韓国高麗人蔘社,株式会社韓国高麗人蔘社,importer,KR,core,2025-09-16,2025-09,mask,skincare,,,,0,0,0,https://prtimes.jp/main/html/rd/p/000000228.000076505.html
000000637.000007954,7954,クラシエ株式会社（ホームプロダクツカンパニー）,クラシエ株式会社,brand_owner,JP,core,2025-09-16,2025-09,body|hair,other,,,プチプラ,0,0,1,https://prtimes.jp/main/html/rd/p/000000637.000007954.html
000000812.000016220,16220,株式会社カネボウ化粧品,株式会社カネボウ化粧品,brand_owner,JP,present_forward,2025-09-16,2025-09,,none,,DEW|KANEBO,ミドル,0,0,0,https://prtimes.jp/main/html/rd/p/000000812.000016220.html
000000813.000016220,16220,株式会社カネボウ化粧品,株式会社カネボウ化粧品,brand_owner,JP,present_forward,2025-09-16,2025-09,cream,skincare,ヒアルロン酸Na,DEW|KANEBO,ミドル,0,0,0,https://prtimes.jp/main/html/rd/p/000000813.000016220.html
000000814.000016220,16220,株式会社カネボウ化粧品,株式会社カネボウ化粧品,brand_owner,JP,present_forward,2025-09-16,2025-09,,none,,KATE,プチプラ,0,0,0,https://prtimes.jp/main/html/rd/p/000000814.000016220.html
000001429.000017666,17666,株式会社ファンケル,株式会社ファンケル,brand_owner,JP,present_forward,2025-09-16,2025-09,face_wash,skincare,,FANCL,ミドル,0,0,0,https://prtimes.jp/main/html/rd/p/000001429.000017666.html
000000120.000024471,24471,日本ロレアル株式会社　タカミ事業部,日本ロレアル株式会社,brand_owner,global,core,2025-09-17,2025-09,toner_lotion,skincare,,タカミ,ミドル,0,0,0,https://prtimes.jp/main/html/rd/p/000000120.000024471.html
000000006.000152955,152955,"Gowoonsesang Cosmetics., Co. Ltd.","Gowoonsesang Cosmetics., Co. Ltd.",brand_owner,KR,core,2025-09-18,2025-09,serum,skincare,,Dr.G,ミドル,0,0,0,https://prtimes.jp/main/html/rd/p/000000006.000152955.html
000000245.000072864,72864,花王株式会社（Kao Beauty Brands）,花王株式会社,brand_owner,JP,present_forward,2025-09-18,2025-09,base_makeup,makeup,,,mixed,0,0,0,https://prtimes.jp/main/html/rd/p/000000245.000072864.html
000000639.000007954,7954,クラシエ株式会社（ホームプロダクツカンパニー）,クラシエ株式会社,brand_owner,JP,core,2025-09-18,2025-09,,none,,,プチプラ,0,0,0,https://prtimes.jp/main/html/rd/p/000000639.000007954.html
000000680.000002061,2061,オルビス株式会社,株式会社オルビス,brand_owner,JP,core,2025-09-18,2025-09,foundation|powder,makeup,,ORBIS,ミドル,0,0,0,https://prtimes.jp/main/html/rd/p/000000680.000002061.html
000000681.000002061,2061,オルビス株式会社,株式会社オルビス,brand_owner,JP,core,2025-09-18,2025-09,serum|hair,skincare,,ORBIS,ミドル,0,0,1,https://prtimes.jp/main/html/rd/p/000000681.000002061.html
000000084.000096821,96821,VT COSMETICS,VT COSMETICS,brand_owner,KR,core,2025-09-19,2025-09,lipstick,makeup,,VT,プチプラ,0,0,0,https://prtimes.jp/main/html/rd/p/000000084.000096821.html
000000231.000076505,76505,株式会社韓国高麗人蔘社,株式会社韓国高麗人蔘社,importer,KR,core,2025-09-19,2025-09,mask,skincare,,,,0,0,0,https://prtimes.jp/main/html/rd/p/000000231.000076505.html
000000391.000022808,22808,資生堂ジャパン株式会社,株式会社資生堂,brand_owner,JP,present_forward,2025-09-19,2025-09,lipstick,makeup,,,mixed,0,0,0,https://prtimes.jp/main/html/rd/p/000000391.000022808.html
000000392.000022808,22808,資生堂ジャパン株式会社,株式会社資生堂,brand_owner,JP,present_forward,2025-09-19,2025-09,lipstick,makeup,,,mixed,0,0,0,https://prtimes.jp/main/html/rd/p/000000392.000022808.html
000000527.000028974,28974,株式会社桃谷順天館,株式会社桃谷順天館,brand_owner,JP,present_forward,2025-09-19,2025-09,,none,,明色,プチプラ,0,0,0,https://prtimes.jp/main/html/rd/p/000000527.000028974.html
000000811.000016220,16220,株式会社カネボウ化粧品,株式会社カネボウ化粧品,brand_owner,JP,present_forward,2025-09-19,2025-09,,none,,,mixed,0,0,0,https://prtimes.jp/main/html/rd/p/000000811.000016220.html
000000815.000016220,16220,株式会社カネボウ化粧品,株式会社カネボウ化粧品,brand_owner,JP,present_forward,2025-09-19,2025-09,face_wash,skincare,,SUISAI|KANEBO,ミドル,0,0,0,https://prtimes.jp/main/html/rd/p/000000815.000016220.html
000000817.000016220,16220,株式会社カネボウ化粧品,株式会社カネボウ化粧品,brand_owner,JP,present_forward,2025-09-19,2025-09,,none,,KATE,プチプラ,0,0,0,https://prtimes.jp/main/html/rd/p/000000817.000016220.html
000000818.000016220,16220,株式会社カネボウ化粧品,株式会社カネボウ化粧品,brand_owner,JP,present_forward,2025-09-19,2025-09,powder|face_wash,makeup,,SUISAI,ミドル,0,0,0,https://prtimes.jp/main/html/rd/p/000000818.000016220.html
000001736.000009276,9276,花王株式会社,花王株式会社,brand_owner,JP,present_forward,2025-09-19,2025-09,powder,makeup,,,ミドル/プチプラ,0,0,0,https://prtimes.jp/main/html/rd/p/000001736.000009276.html
000000173.000031376,31376,アモーレパシフィックジャパン株式会社,アモーレパシフィックジャパン株式会社,brand_owner,KR,core,2025-09-22,2025-09,cream|toner_lotion,skincare,,イニスフリー,プチプラ/ミドル,0,0,0,https://prtimes.jp/main/html/rd/p/000000173.000031376.html
000000225.000019685,19685,株式会社 井田ラボラトリーズ,株式会社井田ラボラトリーズ,brand_owner,JP,core,2025-09-22,2025-09,,none,,CANMAKE,プチプラ,0,0,0,https://prtimes.jp/main/html/rd/p/000000225.000019685.html
000000226.000019685,19685,株式会社 井田ラボラトリーズ,株式会社井田ラボラトリーズ,brand_owner,JP,core,2025-09-22,2025-09,concealer|eye_makeup,makeup,,CANMAKE,プチプラ,0,0,0,https://prtimes.jp/main/html/rd/p/000000226.000019685.html
000000227.000019685,19685,株式会社 井田ラボラトリーズ,株式会社井田ラボラトリーズ,brand_owner,JP,core,2025-09-22,2025-09,lash_brow|serum,makeup,,CANMAKE,プチプラ,0,0,0,https://prtimes.jp/main/html/rd/p/000000227.000019685.html
000000562.000014810,14810,パルファン・クリスチャン・ディオール・ジャポン株式会社,パルファン・クリスチャン・ディオール・ジャポン株式会社,brand_owner,global,present_forward,2025-09-22,2025-09,fragrance,other,,Dior,デパコス,0,0,0,https://prtimes.jp/main/html/rd/p/000000562.000014810.html
000000697.000036737,36737,株式会社ポーラ,株式会社ポーラ,brand_owner,JP,core,2025-09-22,2025-09,,none,アスコルビン酸|セラミド,POLA,デパコス,0,0,0,https://prtimes.jp/main/html/rd/p/000000697.000036737.html
000000103.000004359,4359,ELCジャパン合同会社,ELCジャパン合同会社,brand_owner,global,core,2025-09-24,2025-09,serum,skincare,,クリニーク,デパコス,1,0,0,https://prtimes.jp/main/html/rd/p/000000103.000004359.html
000000233.000076505,76505,株式会社韓国高麗人蔘社,株式会社韓国高麗人蔘社,importer,KR,core,2025-09-24,2025-09,,none,アスコルビン酸,,,0,0,0,https://prtimes.jp/main/html/rd/p/000000233.000076505.html
000000395.000022808,22808,資生堂ジャパン株式会社,株式会社資生堂,brand_owner,JP,present_forward,2025-09-24,2025-09,,none,,,mixed,0,0,0,https://prtimes.jp/main/html/rd/p/000000395.000022808.html
000000567.000070897,70897,花王株式会社,花王株式会社,brand_owner,JP,present_forward,2025-09-24,2025-09,hair,other,,,mixed,0,0,0,https://prtimes.jp/main/html/rd/p/000000567.000070897.html
000000819.000016220,16220,株式会社カネボウ化粧品,株式会社カネボウ化粧品,brand_owner,JP,present_forward,2025-09-24,2025-09,,none,,,mixed,0,0,0,https://prtimes.jp/main/html/rd/p/000000819.000016220.html
000001738.000009276,9276,花王株式会社,花王株式会社,brand_owner,JP,present_forward,2025-09-24,2025-09,hair,other,,,ミドル/プチプラ,0,0,0,https://prtimes.jp/main/html/rd/p/000001738.000009276.html
000000121.000024471,24471,日本ロレアル株式会社　タカミ事業部,日本ロレアル株式会社,brand_owner,global,core,2025-09-26,2025-09,,none,,タカミ,ミドル,0,0,0,https://prtimes.jp/main/html/rd/p/000000121.000024471.html
000000190.000086691,86691,ユニリーバ・ジャパン・カスタマーマーケティング株式会社,ユニリーバ・ジャパン株式会社,brand_owner,global,core,2025-09-26,2025-09,hair,other,,,プチプラ,0,1,0,https://prtimes.jp/main/html/rd/p/000000190.000086691.html
000000820.000016220,16220,株式会社カネボウ化粧品,株式会社カネボウ化粧品,brand_owner,JP,present_forward,2025-09-26,2025-09,blush,makeup,,,mixed,0,0,1,https://prtimes.jp/main/html/rd/p/000000820.000016220.html
000000821.000016220,16220,株式会社カネボウ化粧品,株式会社カネボウ化粧品,brand_owner,JP,present_forward,2025-09-29,2025-09,serum,skincare,,,mixed,0,0,0,https://prtimes.jp/main/html/rd/p/000000821.000016220.html
000000004.000147749,147749,COSRX  inc.,COSRX inc.,brand_owner,KR,core,2025-09-30,2025-09,serum,skincare,アスコルビン酸,COSRX,プチプラ/ミドル,0,1,0,https://prtimes.jp/main/html/rd/p/000000004.000147749.html
000000483.000044879,44879,ロート製薬株式会社,ロート製薬株式会社,brand_owner,JP,present_forward,2025-09-30,2025-09,hair,other,,,プチプラ/ミドル,0,0,0,https://prtimes.jp/main/html/rd/p/000000483.000044879.html
000000531.000028974,28974,株式会社桃谷順天館,株式会社桃谷順天館,brand_owner,JP,present_forward,2025-09-30,2025-09,serum,skincare,,明色,プチプラ,0,0,0,https://prtimes.jp/main/html/rd/p/000000531.000028974.html
000000566.000014810,14810,パルファン・クリスチャン・ディオール・ジャポン株式会社,パルファン・クリスチャン・ディオール・ジャポン株式会社,brand_owner,global,present_forward,2025-09-30,2025-09,fragrance,other,,,デパコス,0,0,0,https://prtimes.jp/main/html/rd/p/000000566.000014810.html
000000642.000007954,7954,クラシエ株式会社（ホームプロダクツカンパニー）,クラシエ株式会社,brand_owner,JP,core,2025-09-30,2025-09,body,other,,,プチプラ,0,0,0,https://prtimes.jp/main/html/rd/p/000000642.000007954.html
000000069.000105692,105692,アモーレパシフィックジャパン株式会社,アモーレパシフィックジャパン株式会社,brand_owner,KR,core,2025-10-01,2025-10,,none,,ラネージュ,ミドル,0,0,0,https://prtimes.jp/main/html/rd/p/000000069.000105692.html
000000073.000035071,35071,株式会社BENOW JAPAN,株式会社BENOW JAPAN,importer,KR,core,2025-10-01,2025-10,serum,skincare,グルタチオン,numbuzin,ミドル,0,0,0,https://prtimes.jp/main/html/rd/p/000000073.000035071.html
000000090.000056098,56098,株式会社クリオ,株式会社クリオ,brand_owner,KR,core,2025-10-01,2025-10,blush,makeup,,peripera,プチプラ,0,0,0,https://prtimes.jp/main/html/rd/p/000000090.000056098.html
000000825.000016220,16220,株式会社カネボウ化粧品,株式会社カネボウ化粧品,brand_owner,JP,present_forward,2025-10-01,2025-10,lash_brow,makeup,,KATE,プチプラ,0,0,1,https://prtimes.jp/main/html/rd/p/000000825.000016220.html
000001043.000006496,6496,株式会社マンダム,株式会社マンダム,brand_owner,JP,present_forward,2025-10-01,2025-10,cleansing|serum|face_wash,skincare,,ビフェスタ,プチプラ,0,0,0,https://prtimes.jp/main/html/rd/p/000001043.000006496.html
000001044.000006496,6496,株式会社マンダム,株式会社マンダム,brand_owner,JP,present_forward,2025-10-01,2025-10,,none,,,プチプラ,0,0,0,https://prtimes.jp/main/html/rd/p/000001044.000006496.html
000000109.000042040,42040,株式会社セザンヌ化粧品,セザンヌ化粧品株式会社,brand_owner,JP,core,2025-10-02,2025-10,,none,,CEZANNE,プチプラ,0,0,0,https://prtimes.jp/main/html/rd/p/000000109.000042040.html
000000568.000014810,14810,パルファン・クリスチャン・ディオール・ジャポン株式会社,パルファン・クリスチャン・ディオール・ジャポン株式会社,brand_owner,global,present_forward,2025-10-02,2025-10,,none,,Dior,デパコス,0,0,0,https://prtimes.jp/main/html/rd/p/000000568.000014810.html
000000572.000070897,70897,花王株式会社,花王株式会社,brand_owner,JP,present_forward,2025-10-02,2025-10,,none,,KATE,プチプラ,0,0,0,https://prtimes.jp/main/html/rd/p/000000572.000070897.html
000000643.000007954,7954,クラシエ株式会社（ホームプロダクツカンパニー）,クラシエ株式会社,brand_owner,JP,core,2025-10-02,2025-10,hair,other,,,プチプラ,0,0,0,https://prtimes.jp/main/html/rd/p/000000643.000007954.html
000000824.000016220,16220,株式会社カネボウ化粧品,株式会社カネボウ化粧品,brand_owner,JP,present_forward,2025-10-02,2025-10,,none,,KATE,プチプラ,0,0,0,https://prtimes.jp/main/html/rd/p/000000824.000016220.html
000001047.000006496,6496,株式会社マンダム,株式会社マンダム,brand_owner,JP,present_forward,2025-10-02,2025-10,hair,other,,,プチプラ,0,0,0,https://prtimes.jp/main/html/rd/p/000001047.000006496.html
000000234.000076505,76505,株式会社韓国高麗人蔘社,株式会社韓国高麗人蔘社,importer,KR,core,2025-10-03,2025-10,hair,other,,,,0,0,0,https://prtimes.jp/main/html/rd/p/000000234.000076505.html
000000570.000014810,14810,パルファン・クリスチャン・ディオール・ジャポン株式会社,パルファン・クリスチャン・ディオール・ジャポン株式会社,brand_owner,global,present_forward,2025-10-03,2025-10,lipstick,makeup,,Dior,デパコス,0,0,0,https://prtimes.jp/main/html/rd/p/000000570.000014810.html
000000191.000086691,86691,ユニリーバ・ジャパン・カスタマーマーケティング株式会社,ユニリーバ・ジャパン株式会社,brand_owner,global,core,2025-10-06,2025-10,,none,,LUX,プチプラ,0,0,0,https://prtimes.jp/main/html/rd/p/000000191.000086691.html
000001744.000009276,9276,花王株式会社,花王株式会社,brand_owner,JP,present_forward,2025-10-06,2025-10,emulsion,skincare,,ビオレ,プチプラ,0,0,0,https://prtimes.jp/main/html/rd/p/000001744.000009276.html
000000037.000127171,127171,株式会社Goodai Global Japan,株式会社Goodai Global Japan,importer,KR,core,2025-10-07,2025-10,,none,,TIRTIR,プチプラ/ミドル,0,0,0,https://prtimes.jp/main/html/rd/p/000000037.000127171.html
000000249.000072864,72864,花王株式会社（Kao Beauty Brands）,花王株式会社,brand_owner,JP,present_forward,2025-10-07,2025-10,,none,,キュレル,ミドル,0,0,0,https://prtimes.jp/main/html/rd/p/000000249.000072864.html
000000645.000007954,7954,クラシエ株式会社（ホームプロダクツカンパニー）,クラシエ株式会社,brand_owner,JP,core,2025-10-07,2025-10,hair|serum,other,,,プチプラ,0,0,0,https://prtimes.jp/main/html/rd/p/000000645.000007954.html
000000192.000086691,86691,ユニリーバ・ジャパン・カスタマーマーケティング株式会社,ユニリーバ・ジャパン株式会社,brand_owner,global,core,2025-10-08,2025-10,face_wash,skincare,,Dove,プチプラ,0,0,0,https://prtimes.jp/main/html/rd/p/000000192.000086691.html
000000250.000072864,72864,花王株式会社（Kao Beauty Brands）,花王株式会社,brand_owner,JP,present_forward,2025-10-08,2025-10,cream,skincare,,キュレル,ミドル,1,0,1,https://prtimes.jp/main/html/rd/p/000000250.000072864.html
000000433.000085143,85143,アステナホールディングス株式会社,アステナホールディングス株式会社,importer,KR,present_forward,2025-10-08,2025-10,,none,,,,0,0,0,https://prtimes.jp/main/html/rd/p/000000433.000085143.html
000000646.000007954,7954,クラシエ株式会社（ホームプロダクツカンパニー）,クラシエ株式会社,brand_owner,JP,core,2025-10-08,2025-10,,none,,,プチプラ,0,0,0,https://prtimes.jp/main/html/rd/p/000000646.000007954.html
000000827.000016220,16220,株式会社カネボウ化粧品,株式会社カネボウ化粧品,brand_owner,JP,present_forward,2025-10-08,2025-10,toner_lotion,skincare,,KANEBO,デパコス,0,1,0,https://prtimes.jp/main/html/rd/p/000000827.000016220.html
000000134.000006944,6944,ニベア花王株式会社,ニベア花王株式会社,brand_owner,global,core,2025-10-09,2025-10,face_wash,skincare,,NIVEA,プチプラ/ミドル,0,0,0,https://prtimes.jp/main/html/rd/p/000000134.000006944.html
000000303.000021350,21350,アモーレパシフィックジャパン株式会社,アモーレパシフィックジャパン株式会社,brand_owner,KR,core,2025-10-09,2025-10,,none,,エチュード,プチプラ,0,0,0,https://prtimes.jp/main/html/rd/p/000000303.000021350.html
000000647.000007954,7954,クラシエ株式会社（ホームプロダクツカンパニー）,クラシエ株式会社,brand_owner,JP,core,2025-10-09,2025-10,hair,other,,,プチプラ,0,0,1,https://prtimes.jp/main/html/rd/p/000000647.000007954.html
000000429.000030413,30413,株式会社ディーエイチシー,株式会社ディーエイチシー,brand_owner,JP,core,2025-10-10,2025-10,cream,skincare,,DHC,プチプラ/ミドル,1,0,0,https://prtimes.jp/main/html/rd/p/000000429.000030413.html
000000571.000014810,14810,パルファン・クリスチャン・ディオール・ジャポン株式会社,パルファン・クリスチャン・ディオール・ジャポン株式会社,brand_owner,global,present_forward,2025-10-10,2025-10,fragrance,other,,Dior,デパコス,0,0,0,https://prtimes.jp/main/html/rd/p/000000571.000014810.html
000000399.000022808,22808,資生堂ジャパン株式会社,株式会社資生堂,brand_owner,JP,present_forward,2025-10-11,2025-10,,none,,,mixed,0,0,0,https://prtimes.jp/main/html/rd/p/000000399.000022808.html
000000028.000126707,126707,株式会社The Founders JAPAN,株式会社The Founders JAPAN,brand_owner,KR,core,2025-10-13,2025-10,,none,,Anua,ミドル,0,0,0,https://prtimes.jp/main/html/rd/p/000000028.000126707.html
000000086.000096821,96821,VT COSMETICS,VT COSMETICS,brand_owner,KR,core,2025-10-14,2025-10,,none,,VT,プチプラ,0,0,0,https://prtimes.jp/main/html/rd/p/000000086.000096821.html
000000305.000021350,21350,アモーレパシフィックジャパン株式会社,アモーレパシフィックジャパン株式会社,brand_owner,KR,core,2025-10-14,2025-10,base_makeup,makeup,DNA-Na|ツボクサエキス,エチュード,プチプラ,0,0,0,https://prtimes.jp/main/html/rd/p/000000305.000021350.html
000001751.000009276,9276,花王株式会社,花王株式会社,brand_owner,JP,present_forward,2025-10-14,2025-10,,none,,,ミドル/プチプラ,0,0,0,https://prtimes.jp/main/html/rd/p/000001751.000009276.html
000000685.000002061,2061,オルビス株式会社,株式会社オルビス,brand_owner,JP,core,2025-10-15,2025-10,,none,,ORBIS,ミドル,0,0,0,https://prtimes.jp/main/html/rd/p/000000685.000002061.html
000000686.000002061,2061,オルビス株式会社,株式会社オルビス,brand_owner,JP,core,2025-10-15,2025-10,,none,,ORBIS,ミドル,0,1,0,https://prtimes.jp/main/html/rd/p/000000686.000002061.html
000001446.000017666,17666,株式会社ファンケル,株式会社ファンケル,brand_owner,JP,present_forward,2025-10-15,2025-10,,none,,FANCL,ミドル,0,0,0,https://prtimes.jp/main/html/rd/p/000001446.000017666.html
000000076.000090124,90124,ELCジャパン合同会社,ELCジャパン合同会社,brand_owner,global,core,2025-10-16,2025-10,,none,,ジョー マローン ロンドン,デパコス,0,0,0,https://prtimes.jp/main/html/rd/p/000000076.000090124.html
000000683.000002061,2061,オルビス株式会社,株式会社オルビス,brand_owner,JP,core,2025-10-16,2025-10,cleansing,skincare,,ORBIS,ミドル,0,0,0,https://prtimes.jp/main/html/rd/p/000000683.000002061.html
000000684.000002061,2061,オルビス株式会社,株式会社オルビス,brand_owner,JP,core,2025-10-16,2025-10,powder,makeup,,ORBIS,ミドル,0,0,0,https://prtimes.jp/main/html/rd/p/000000684.000002061.html
000000828.000016220,16220,株式会社カネボウ化粧品,株式会社カネボウ化粧品,brand_owner,JP,present_forward,2025-10-16,2025-10,lipstick,makeup,,KATE,プチプラ,0,0,0,https://prtimes.jp/main/html/rd/p/000000828.000016220.html
000001447.000017666,17666,株式会社ファンケル,株式会社ファンケル,brand_owner,JP,present_forward,2025-10-16,2025-10,cream,skincare,,FANCL,ミドル,0,0,0,https://prtimes.jp/main/html/rd/p/000001447.000017666.html
000000046.000077831,77831,株式会社mimi-Japan,株式会社mimi-Japan,importer,CN,core,2025-10-17,2025-10,blush,makeup,,,,0,0,0,https://prtimes.jp/main/html/rd/p/000000046.000077831.html
000000091.000056098,56098,株式会社クリオ,株式会社クリオ,brand_owner,KR,core,2025-10-17,2025-10,eye_makeup,makeup,,CLIO,ミドル,0,0,0,https://prtimes.jp/main/html/rd/p/000000091.000056098.html
000000104.000004359,4359,ELCジャパン合同会社,ELCジャパン合同会社,brand_owner,global,core,2025-10-17,2025-10,serum,skincare,,クリニーク,デパコス,1,0,0,https://prtimes.jp/main/html/rd/p/000000104.000004359.html
000000243.000076505,76505,株式会社韓国高麗人蔘社,株式会社韓国高麗人蔘社,importer,KR,core,2025-10-17,2025-10,lash_brow|lipstick,makeup,,rom&nd,プチプラ,0,0,0,https://prtimes.jp/main/html/rd/p/000000243.000076505.html
000001056.000006496,6496,株式会社マンダム,株式会社マンダム,brand_owner,JP,present_forward,2025-10-17,2025-10,serum|face_wash,skincare,,ビフェスタ,プチプラ,0,0,0,https://prtimes.jp/main/html/rd/p/000001056.000006496.html
000000077.000035071,35071,株式会社BENOW JAPAN,株式会社BENOW JAPAN,importer,KR,core,2025-10-20,2025-10,base_makeup,makeup,,numbuzin,ミドル,0,0,0,https://prtimes.jp/main/html/rd/p/000000077.000035071.html
000000087.000064854,64854,P&Gプレステージ合同会社,P&Gプレステージ合同会社,brand_owner,global,core,2025-10-20,2025-10,,none,,SK-II,デパコス,0,0,0,https://prtimes.jp/main/html/rd/p/000000087.000064854.html
000000534.000028974,28974,株式会社桃谷順天館,株式会社桃谷順天館,brand_owner,JP,present_forward,2025-10-20,2025-10,mask,skincare,DNA-Na,,プチプラ,0,0,0,https://prtimes.jp/main/html/rd/p/000000534.000028974.html
000000687.000002061,2061,オルビス株式会社,株式会社オルビス,brand_owner,JP,core,2025-10-20,2025-10,hair,other,,ORBIS,ミドル,0,0,0,https://prtimes.jp/main/html/rd/p/000000687.000002061.html
000001450.000017666,17666,株式会社ファンケル,株式会社ファンケル,brand_owner,JP,present_forward,2025-10-20,2025-10,,none,加水分解コラーゲン,FANCL,ミドル,0,0,0,https://prtimes.jp/main/html/rd/p/000001450.000017666.html
000000230.000019685,19685,株式会社 井田ラボラトリーズ,株式会社井田ラボラトリーズ,brand_owner,JP,core,2025-10-21,2025-10,lipstick,makeup,,CANMAKE,プチプラ,0,0,0,https://prtimes.jp/main/html/rd/p/000000230.000019685.html
000000231.000019685,19685,株式会社 井田ラボラトリーズ,株式会社井田ラボラトリーズ,brand_owner,JP,core,2025-10-21,2025-10,powder,makeup,,CANMAKE,プチプラ,0,0,1,https://prtimes.jp/main/html/rd/p/000000231.000019685.html
000000246.000076505,76505,株式会社韓国高麗人蔘社,株式会社韓国高麗人蔘社,importer,KR,core,2025-10-21,2025-10,blush,makeup,,,,0,0,0,https://prtimes.jp/main/html/rd/p/000000246.000076505.html
000000699.000036737,36737,株式会社ポーラ,株式会社ポーラ,brand_owner,JP,core,2025-10-21,2025-10,,none,,POLA,デパコス,0,1,0,https://prtimes.jp/main/html/rd/p/000000699.000036737.html
000000830.000016220,16220,株式会社カネボウ化粧品,株式会社カネボウ化粧品,brand_owner,JP,present_forward,2025-10-21,2025-10,lash_brow,makeup,,KATE,プチプラ,0,0,0,https://prtimes.jp/main/html/rd/p/000000830.000016220.html
000000078.000035071,35071,株式会社BENOW JAPAN,株式会社BENOW JAPAN,importer,KR,core,2025-10-22,2025-10,base_makeup,makeup,,,ミドル,0,0,0,https://prtimes.jp/main/html/rd/p/000000078.000035071.html
000000307.000021350,21350,アモーレパシフィックジャパン株式会社,アモーレパシフィックジャパン株式会社,brand_owner,KR,core,2025-10-23,2025-10,,none,,,mixed,0,0,0,https://prtimes.jp/main/html/rd/p/000000307.000021350.html
000000442.000085143,85143,アステナホールディングス株式会社,アステナホールディングス株式会社,importer,KR,present_forward,2025-10-23,2025-10,cleansing,skincare,,,,0,0,0,https://prtimes.jp/main/html/rd/p/000000442.000085143.html
000000451.000000263,263,常盤薬品工業株式会社,常盤薬品工業株式会社,brand_owner,JP,present_forward,2025-10-23,2025-10,lash_brow|powder,makeup,,,プチプラ,0,1,0,https://prtimes.jp/main/html/rd/p/000000451.000000263.html
000000064.000121730,121730,ＪＮＴＬコンシューマーヘルス株式会社,ケンビュー・ジャパン合同会社,brand_owner,global,core,2025-10-24,2025-10,,none,,,プチプラ/ミドル,0,0,0,https://prtimes.jp/main/html/rd/p/000000064.000121730.html
000000076.000035071,35071,株式会社BENOW JAPAN,株式会社BENOW JAPAN,importer,KR,core,2025-10-24,2025-10,base_makeup,makeup,,,ミドル,0,0,0,https://prtimes.jp/main/html/rd/p/000000076.000035071.html
000000832.000016220,16220,株式会社カネボウ化粧品,株式会社カネボウ化粧品,brand_owner,JP,present_forward,2025-10-24,2025-10,foundation|cream,makeup,,KANEBO,デパコス,0,0,0,https://prtimes.jp/main/html/rd/p/000000832.000016220.html
000000092.000056098,56098,株式会社クリオ,株式会社クリオ,brand_owner,KR,core,2025-10-27,2025-10,blush,makeup,,peripera,プチプラ,0,0,0,https://prtimes.jp/main/html/rd/p/000000092.000056098.html
000000174.000031376,31376,アモーレパシフィックジャパン株式会社,アモーレパシフィックジャパン株式会社,brand_owner,KR,core,2025-10-27,2025-10,cream,skincare,セラミド,イニスフリー,プチプラ/ミドル,0,0,0,https://prtimes.jp/main/html/rd/p/000000174.000031376.html
000000447.000085143,85143,アステナホールディングス株式会社,アステナホールディングス株式会社,importer,KR,present_forward,2025-10-27,2025-10,serum|lipstick,skincare,加水分解コラーゲン,Torriden,ミドル,0,0,0,https://prtimes.jp/main/html/rd/p/000000447.000085143.html
000000122.000024471,24471,日本ロレアル株式会社　タカミ事業部,日本ロレアル株式会社,brand_owner,global,core,2025-10-28,2025-10,,none,,タカミ,ミドル,0,0,0,https://prtimes.jp/main/html/rd/p/000000122.000024471.html
000000540.000028974,28974,株式会社桃谷順天館,株式会社桃谷順天館,brand_owner,JP,present_forward,2025-10-28,2025-10,base_makeup,makeup,,明色,プチプラ,0,0,0,https://prtimes.jp/main/html/rd/p/000000540.000028974.html
000000541.000028974,28974,株式会社桃谷順天館,株式会社桃谷順天館,brand_owner,JP,present_forward,2025-10-28,2025-10,powder,makeup,,明色,プチプラ,0,0,0,https://prtimes.jp/main/html/rd/p/000000541.000028974.html
000001756.000009276,9276,花王株式会社,花王株式会社,brand_owner,JP,present_forward,2025-10-28,2025-10,hair,other,,,ミドル/プチプラ,0,0,1,https://prtimes.jp/main/html/rd/p/000001756.000009276.html
000001759.000009276,9276,花王株式会社,花王株式会社,brand_owner,JP,present_forward,2025-10-28,2025-10,fragrance|hair,other,,,ミドル/プチプラ,0,0,0,https://prtimes.jp/main/html/rd/p/000001759.000009276.html
000000454.000000263,263,常盤薬品工業株式会社,常盤薬品工業株式会社,brand_owner,JP,present_forward,2025-10-29,2025-10,lash_brow|powder,makeup,,,プチプラ,0,1,0,https://prtimes.jp/main/html/rd/p/000000454.000000263.html
000000533.000028974,28974,株式会社桃谷順天館,株式会社桃谷順天館,brand_owner,JP,present_forward,2025-10-29,2025-10,base_makeup|concealer,makeup,,明色,プチプラ,1,0,0,https://prtimes.jp/main/html/rd/p/000000533.000028974.html
000000649.000007954,7954,クラシエ株式会社（ホームプロダクツカンパニー）,クラシエ株式会社,brand_owner,JP,core,2025-10-29,2025-10,,none,加水分解コラーゲン,肌美精,プチプラ,0,1,0,https://prtimes.jp/main/html/rd/p/000000649.000007954.html
000000035.000119328,119328,アモーレパシフィックジャパン株式会社,アモーレパシフィックジャパン株式会社,brand_owner,KR,core,2025-10-30,2025-10,cream,skincare,,,デパコス,0,0,0,https://prtimes.jp/main/html/rd/p/000000035.000119328.html
000000688.000002061,2061,オルビス株式会社,株式会社オルビス,brand_owner,JP,core,2025-10-30,2025-10,cleansing,skincare,,ORBIS,ミドル,0,0,0,https://prtimes.jp/main/html/rd/p/000000688.000002061.html
000001738.000000987,987,株式会社良品計画,株式会社良品計画,brand_owner,JP,present_forward,2025-10-30,2025-10,fragrance,other,,無印良品,プチプラ,0,0,0,https://prtimes.jp/main/html/rd/p/000001738.000000987.html
000001760.000009276,9276,花王株式会社,花王株式会社,brand_owner,JP,present_forward,2025-10-30,2025-10,hair,other,,,ミドル/プチプラ,0,0,0,https://prtimes.jp/main/html/rd/p/000001760.000009276.html
000000030.000126707,126707,株式会社The Founders JAPAN,株式会社The Founders JAPAN,brand_owner,KR,core,2025-10-31,2025-10,,none,ヒアルロン酸Na|DNA-Na,Anua,ミドル,0,0,0,https://prtimes.jp/main/html/rd/p/000000030.000126707.html
000000031.000126707,126707,株式会社The Founders JAPAN,株式会社The Founders JAPAN,brand_owner,KR,core,2025-10-31,2025-10,emulsion,skincare,アゼライン酸|ツボクサエキス,Anua,ミドル,0,0,0,https://prtimes.jp/main/html/rd/p/000000031.000126707.html
000000032.000126707,126707,株式会社The Founders JAPAN,株式会社The Founders JAPAN,brand_owner,KR,core,2025-10-31,2025-10,booster|toner_lotion,skincare,ナイアシンアミド|トラネキサム酸,Anua,ミドル,0,0,0,https://prtimes.jp/main/html/rd/p/000000032.000126707.html
000000584.000070897,70897,花王株式会社,花王株式会社,brand_owner,JP,present_forward,2025-10-31,2025-10,toner_lotion,skincare,,KANEBO,デパコス,0,0,0,https://prtimes.jp/main/html/rd/p/000000584.000070897.html
000000702.000036737,36737,株式会社ポーラ,株式会社ポーラ,brand_owner,JP,core,2025-10-31,2025-10,,none,,POLA,デパコス,0,1,0,https://prtimes.jp/main/html/rd/p/000000702.000036737.html
000000829.000016220,16220,株式会社カネボウ化粧品,株式会社カネボウ化粧品,brand_owner,JP,present_forward,2025-10-31,2025-10,cream,skincare,加水分解コラーゲン,,mixed,0,0,0,https://prtimes.jp/main/html/rd/p/000000829.000016220.html
000000550.000001572,1572,株式会社石澤研究所,株式会社石澤研究所,brand_owner,JP,core,2025-11-01,2025-11,,none,,,プチプラ,0,0,0,https://prtimes.jp/main/html/rd/p/000000550.000001572.html
000000831.000016220,16220,株式会社カネボウ化粧品,株式会社カネボウ化粧品,brand_owner,JP,present_forward,2025-11-02,2025-11,,none,,,mixed,0,0,0,https://prtimes.jp/main/html/rd/p/000000831.000016220.html
000000312.000021350,21350,アモーレパシフィックジャパン株式会社,アモーレパシフィックジャパン株式会社,brand_owner,KR,core,2025-11-04,2025-11,lash_brow,makeup,,エチュード,プチプラ,0,0,0,https://prtimes.jp/main/html/rd/p/000000312.000021350.html
000000435.000030413,30413,株式会社ディーエイチシー,株式会社ディーエイチシー,brand_owner,JP,core,2025-11-04,2025-11,lip_balm|face_wash,makeup,,DHC,プチプラ/ミドル,0,0,0,https://prtimes.jp/main/html/rd/p/000000435.000030413.html
000000444.000000263,263,常盤薬品工業株式会社,常盤薬品工業株式会社,brand_owner,JP,present_forward,2025-11-04,2025-11,powder,makeup,,,プチプラ,0,0,0,https://prtimes.jp/main/html/rd/p/000000444.000000263.html
000000542.000028974,28974,株式会社桃谷順天館,株式会社桃谷順天館,brand_owner,JP,present_forward,2025-11-04,2025-11,,none,,,プチプラ,0,0,0,https://prtimes.jp/main/html/rd/p/000000542.000028974.html
000000135.000006944,6944,ニベア花王株式会社,ニベア花王株式会社,brand_owner,global,core,2025-11-05,2025-11,,none,,Eucerin|NIVEA,プチプラ/ミドル,0,0,0,https://prtimes.jp/main/html/rd/p/000000135.000006944.html
000000252.000076505,76505,株式会社韓国高麗人蔘社,株式会社韓国高麗人蔘社,importer,KR,core,2025-11-05,2025-11,,none,,rom&nd,プチプラ,0,0,0,https://prtimes.jp/main/html/rd/p/000000252.000076505.html
000000651.000007954,7954,クラシエ株式会社（ホームプロダクツカンパニー）,クラシエ株式会社,brand_owner,JP,core,2025-11-05,2025-11,hair,other,,,プチプラ,0,0,0,https://prtimes.jp/main/html/rd/p/000000651.000007954.html
000001762.000009276,9276,花王株式会社,花王株式会社,brand_owner,JP,present_forward,2025-11-05,2025-11,hair,other,,,ミドル/プチプラ,0,0,1,https://prtimes.jp/main/html/rd/p/000001762.000009276.html
000001763.000009276,9276,花王株式会社,花王株式会社,brand_owner,JP,present_forward,2025-11-05,2025-11,hair,other,,,ミドル/プチプラ,0,0,0,https://prtimes.jp/main/html/rd/p/000001763.000009276.html
000000180.000081704,81704,株式会社ファイントゥデイ,ファイントゥデイ株式会社,brand_owner,JP,core,2025-11-06,2025-11,face_wash|cream,skincare,,SENKA,プチプラ,0,0,0,https://prtimes.jp/main/html/rd/p/000000180.000081704.html
000000401.000022808,22808,資生堂ジャパン株式会社,株式会社資生堂,brand_owner,JP,present_forward,2025-11-06,2025-11,,none,,,mixed,0,0,0,https://prtimes.jp/main/html/rd/p/000000401.000022808.html
000000436.000030413,30413,株式会社ディーエイチシー,株式会社ディーエイチシー,brand_owner,JP,core,2025-11-06,2025-11,base_makeup|foundation,makeup,,DHC,プチプラ/ミドル,0,0,0,https://prtimes.jp/main/html/rd/p/000000436.000030413.html
000000689.000002061,2061,オルビス株式会社,株式会社オルビス,brand_owner,JP,core,2025-11-06,2025-11,cleansing,skincare,,ORBIS,ミドル,0,1,0,https://prtimes.jp/main/html/rd/p/000000689.000002061.html
000000048.000077831,77831,株式会社mimi-Japan,株式会社mimi-Japan,importer,CN,core,2025-11-07,2025-11,lipstick|blush,makeup,,Judydoll,プチプラ/ミドル,0,0,0,https://prtimes.jp/main/html/rd/p/000000048.000077831.html
000000110.000042040,42040,株式会社セザンヌ化粧品,セザンヌ化粧品株式会社,brand_owner,JP,core,2025-11-07,2025-11,lash_brow|powder|lipstick|serum,makeup,,CEZANNE,プチプラ,0,1,0,https://prtimes.jp/main/html/rd/p/000000110.000042040.html
000002986.000005794,5794,株式会社資生堂,株式会社資生堂,brand_owner,JP,present_forward,2025-11-07,2025-11,all_in_one|cream,skincare,,,mixed,0,0,0,https://prtimes.jp/main/html/rd/p/000002986.000005794.html
000000704.000036737,36737,株式会社ポーラ,株式会社ポーラ,brand_owner,JP,core,2025-11-10,2025-11,serum,skincare,,POLA,デパコス,0,0,0,https://prtimes.jp/main/html/rd/p/000000704.000036737.html
000001740.000000987,987,株式会社良品計画,株式会社良品計画,brand_owner,JP,present_forward,2025-11-10,2025-11,fragrance,other,,無印良品,プチプラ,0,0,0,https://prtimes.jp/main/html/rd/p/000001740.000000987.html
000000313.000021350,21350,アモーレパシフィックジャパン株式会社,アモーレパシフィックジャパン株式会社,brand_owner,KR,core,2025-11-11,2025-11,lash_brow,makeup,,エチュード,プチプラ,0,0,0,https://prtimes.jp/main/html/rd/p/000000313.000021350.html
000000455.000000263,263,常盤薬品工業株式会社,常盤薬品工業株式会社,brand_owner,JP,present_forward,2025-11-11,2025-11,powder|serum,makeup,,,プチプラ,0,0,0,https://prtimes.jp/main/html/rd/p/000000455.000000263.html
000002987.000005794,5794,株式会社資生堂,株式会社資生堂,brand_owner,JP,present_forward,2025-11-11,2025-11,,none,,,mixed,0,0,0,https://prtimes.jp/main/html/rd/p/000002987.000005794.html
000000092.000096821,96821,VT COSMETICS,VT COSMETICS,brand_owner,KR,core,2025-11-13,2025-11,mask,skincare,,VT,プチプラ,0,0,0,https://prtimes.jp/main/html/rd/p/000000092.000096821.html
000000314.000021350,21350,アモーレパシフィックジャパン株式会社,アモーレパシフィックジャパン株式会社,brand_owner,KR,core,2025-11-13,2025-11,lipstick,makeup,,,mixed,0,0,0,https://prtimes.jp/main/html/rd/p/000000314.000021350.html
000000454.000085143,85143,アステナホールディングス株式会社,アステナホールディングス株式会社,importer,KR,present_forward,2025-11-13,2025-11,,none,,,,0,0,0,https://prtimes.jp/main/html/rd/p/000000454.000085143.html
000000315.000021350,21350,アモーレパシフィックジャパン株式会社,アモーレパシフィックジャパン株式会社,brand_owner,KR,core,2025-11-14,2025-11,,none,,エチュード,プチプラ,0,0,0,https://prtimes.jp/main/html/rd/p/000000315.000021350.html
000000837.000016220,16220,株式会社カネボウ化粧品,株式会社カネボウ化粧品,brand_owner,JP,present_forward,2025-11-14,2025-11,face_wash,skincare,,SUISAI|KANEBO,ミドル,0,0,0,https://prtimes.jp/main/html/rd/p/000000837.000016220.html
000001064.000006496,6496,株式会社マンダム,株式会社マンダム,brand_owner,JP,present_forward,2025-11-14,2025-11,,none,,ビフェスタ,プチプラ,0,0,0,https://prtimes.jp/main/html/rd/p/000001064.000006496.html
000000090.000096821,96821,VT COSMETICS,VT COSMETICS,brand_owner,KR,core,2025-11-16,2025-11,,none,ツボクサエキス,VT,プチプラ,0,0,0,https://prtimes.jp/main/html/rd/p/000000090.000096821.html
000000093.000096821,96821,VT COSMETICS,VT COSMETICS,brand_owner,KR,core,2025-11-17,2025-11,,none,アゼライン酸|DNA-Na,VT,プチプラ,0,0,0,https://prtimes.jp/main/html/rd/p/000000093.000096821.html
000000255.000076505,76505,株式会社韓国高麗人蔘社,株式会社韓国高麗人蔘社,importer,KR,core,2025-11-17,2025-11,foundation,makeup,,,,0,0,0,https://prtimes.jp/main/html/rd/p/000000255.000076505.html
000000457.000085143,85143,アステナホールディングス株式会社,アステナホールディングス株式会社,importer,KR,present_forward,2025-11-17,2025-11,serum,skincare,,,,0,0,0,https://prtimes.jp/main/html/rd/p/000000457.000085143.html
000002990.000005794,5794,株式会社資生堂,株式会社資生堂,brand_owner,JP,present_forward,2025-11-17,2025-11,,none,,,mixed,0,0,0,https://prtimes.jp/main/html/rd/p/000002990.000005794.html
000000079.000035071,35071,株式会社BENOW JAPAN,株式会社BENOW JAPAN,importer,KR,core,2025-11-18,2025-11,,none,,,ミドル,0,0,0,https://prtimes.jp/main/html/rd/p/000000079.000035071.html
000000176.000031376,31376,アモーレパシフィックジャパン株式会社,アモーレパシフィックジャパン株式会社,brand_owner,KR,core,2025-11-18,2025-11,,none,,イニスフリー,プチプラ/ミドル,0,0,0,https://prtimes.jp/main/html/rd/p/000000176.000031376.html
000000316.000021350,21350,アモーレパシフィックジャパン株式会社,アモーレパシフィックジャパン株式会社,brand_owner,KR,core,2025-11-18,2025-11,,none,,エチュード,プチプラ,0,0,0,https://prtimes.jp/main/html/rd/p/000000316.000021350.html
000000834.000016220,16220,株式会社カネボウ化粧品,株式会社カネボウ化粧品,brand_owner,JP,present_forward,2025-11-18,2025-11,powder,makeup,,,mixed,0,0,0,https://prtimes.jp/main/html/rd/p/000000834.000016220.html
000000836.000016220,16220,株式会社カネボウ化粧品,株式会社カネボウ化粧品,brand_owner,JP,present_forward,2025-11-18,2025-11,lipstick,makeup,,KATE,プチプラ,0,0,0,https://prtimes.jp/main/html/rd/p/000000836.000016220.html
000000127.000024471,24471,日本ロレアル株式会社　タカミ事業部,日本ロレアル株式会社,brand_owner,global,core,2025-11-19,2025-11,serum,skincare,,タカミ,ミドル,0,0,0,https://prtimes.jp/main/html/rd/p/000000127.000024471.html
000000438.000030413,30413,株式会社ディーエイチシー,株式会社ディーエイチシー,brand_owner,JP,core,2025-11-19,2025-11,cleansing,skincare,,DHC,プチプラ/ミドル,0,0,0,https://prtimes.jp/main/html/rd/p/000000438.000030413.html
000000439.000030413,30413,株式会社ディーエイチシー,株式会社ディーエイチシー,brand_owner,JP,core,2025-11-19,2025-11,toner_lotion|serum,skincare,,DHC,プチプラ/ミドル,0,0,0,https://prtimes.jp/main/html/rd/p/000000439.000030413.html
000000256.000072864,72864,花王株式会社（Kao Beauty Brands）,花王株式会社,brand_owner,JP,present_forward,2025-11-20,2025-11,,none,,est,デパコス,0,0,0,https://prtimes.jp/main/html/rd/p/000000256.000072864.html
000000257.000076505,76505,株式会社韓国高麗人蔘社,株式会社韓国高麗人蔘社,importer,KR,core,2025-11-20,2025-11,lipstick,makeup,,rom&nd,プチプラ,0,0,0,https://prtimes.jp/main/html/rd/p/000000257.000076505.html
000000559.000001572,1572,株式会社石澤研究所,株式会社石澤研究所,brand_owner,JP,core,2025-11-20,2025-11,mask,skincare,,毛穴撫子,プチプラ,0,0,0,https://prtimes.jp/main/html/rd/p/000000559.000001572.html
000002994.000005794,5794,株式会社資生堂,株式会社資生堂,brand_owner,JP,present_forward,2025-11-20,2025-11,cleansing,skincare,,,mixed,0,1,0,https://prtimes.jp/main/html/rd/p/000002994.000005794.html
000000007.000147749,147749,COSRX  inc.,COSRX inc.,brand_owner,KR,core,2025-11-21,2025-11,,none,,COSRX,プチプラ/ミドル,0,1,0,https://prtimes.jp/main/html/rd/p/000000007.000147749.html
000000232.000019685,19685,株式会社 井田ラボラトリーズ,株式会社井田ラボラトリーズ,brand_owner,JP,core,2025-11-21,2025-11,serum|lipstick,skincare,,CANMAKE,プチプラ,0,0,0,https://prtimes.jp/main/html/rd/p/000000232.000019685.html
000000233.000019685,19685,株式会社 井田ラボラトリーズ,株式会社井田ラボラトリーズ,brand_owner,JP,core,2025-11-21,2025-11,eye_makeup,makeup,,CANMAKE,プチプラ,0,0,0,https://prtimes.jp/main/html/rd/p/000000233.000019685.html
000000402.000022808,22808,資生堂ジャパン株式会社,株式会社資生堂,brand_owner,JP,present_forward,2025-11-21,2025-11,powder,makeup,,,mixed,0,0,0,https://prtimes.jp/main/html/rd/p/000000402.000022808.html
000000706.000036737,36737,株式会社ポーラ,株式会社ポーラ,brand_owner,JP,core,2025-11-21,2025-11,toner_lotion,skincare,グリチルリチン酸2K,POLA,デパコス,0,0,0,https://prtimes.jp/main/html/rd/p/000000706.000036737.html
000000197.000086691,86691,ユニリーバ・ジャパン・カスタマーマーケティング株式会社,ユニリーバ・ジャパン株式会社,brand_owner,global,core,2025-11-25,2025-11,,none,,LUX,プチプラ,0,1,0,https://prtimes.jp/main/html/rd/p/000000197.000086691.html
000000448.000000263,263,常盤薬品工業株式会社,常盤薬品工業株式会社,brand_owner,JP,present_forward,2025-11-25,2025-11,body,other,,なめらか本舗,プチプラ,0,0,0,https://prtimes.jp/main/html/rd/p/000000448.000000263.html
000000653.000007954,7954,クラシエ株式会社（ホームプロダクツカンパニー）,クラシエ株式会社,brand_owner,JP,core,2025-11-25,2025-11,hair,other,,,プチプラ,0,1,0,https://prtimes.jp/main/html/rd/p/000000653.000007954.html
000002996.000005794,5794,株式会社資生堂,株式会社資生堂,brand_owner,JP,present_forward,2025-11-26,2025-11,,none,,SHISEIDO,デパコス,0,0,0,https://prtimes.jp/main/html/rd/p/000002996.000005794.html
000002997.000005794,5794,株式会社資生堂,株式会社資生堂,brand_owner,JP,present_forward,2025-11-26,2025-11,cream,skincare,,SHISEIDO,デパコス,0,0,0,https://prtimes.jp/main/html/rd/p/000002997.000005794.html
000002999.000005794,5794,株式会社資生堂,株式会社資生堂,brand_owner,JP,present_forward,2025-11-26,2025-11,hair|serum,other,,SHISEIDO,デパコス,0,0,0,https://prtimes.jp/main/html/rd/p/000002999.000005794.html
000003000.000005794,5794,株式会社資生堂,株式会社資生堂,brand_owner,JP,present_forward,2025-11-26,2025-11,,none,,SHISEIDO,デパコス,0,0,0,https://prtimes.jp/main/html/rd/p/000003000.000005794.html
000000261.000076505,76505,株式会社韓国高麗人蔘社,株式会社韓国高麗人蔘社,importer,KR,core,2025-11-27,2025-11,lipstick,makeup,,rom&nd,プチプラ,0,0,0,https://prtimes.jp/main/html/rd/p/000000261.000076505.html
000000073.000018737,18737,ELCジャパン合同会社,ELCジャパン合同会社,brand_owner,global,core,2025-11-28,2025-11,,none,,エスティ ローダー,デパコス,0,0,0,https://prtimes.jp/main/html/rd/p/000000073.000018737.html
000000409.000022808,22808,資生堂ジャパン株式会社,株式会社資生堂,brand_owner,JP,present_forward,2025-11-28,2025-11,,none,,,mixed,0,0,0,https://prtimes.jp/main/html/rd/p/000000409.000022808.html
000000504.000044879,44879,ロート製薬株式会社,ロート製薬株式会社,brand_owner,JP,present_forward,2025-11-28,2025-11,sunscreen,skincare,,スキンアクア,プチプラ,0,1,0,https://prtimes.jp/main/html/rd/p/000000504.000044879.html
000000023.000022865,22865,株式会社アルビオン,株式会社アルビオン,brand_owner,JP,core,2025-12-01,2025-12,,none,,ALBION,デパコス,0,0,0,https://prtimes.jp/main/html/rd/p/000000023.000022865.html
000000099.000096821,96821,VT COSMETICS,VT COSMETICS,brand_owner,KR,core,2025-12-01,2025-12,,none,,VT,プチプラ,0,0,0,https://prtimes.jp/main/html/rd/p/000000099.000096821.html
000000072.000105692,105692,アモーレパシフィックジャパン株式会社,アモーレパシフィックジャパン株式会社,brand_owner,KR,core,2025-12-02,2025-12,,none,,ラネージュ,ミドル,0,0,0,https://prtimes.jp/main/html/rd/p/000000072.000105692.html
000000111.000042040,42040,株式会社セザンヌ化粧品,セザンヌ化粧品株式会社,brand_owner,JP,core,2025-12-02,2025-12,lash_brow,makeup,,CEZANNE,プチプラ,0,0,0,https://prtimes.jp/main/html/rd/p/000000111.000042040.html
000000411.000022808,22808,資生堂ジャパン株式会社,株式会社資生堂,brand_owner,JP,present_forward,2025-12-02,2025-12,lip_balm,makeup,,,mixed,0,1,0,https://prtimes.jp/main/html/rd/p/000000411.000022808.html
000000412.000022808,22808,資生堂ジャパン株式会社,株式会社資生堂,brand_owner,JP,present_forward,2025-12-02,2025-12,lipstick|blush,makeup,,,mixed,0,0,0,https://prtimes.jp/main/html/rd/p/000000412.000022808.html
000000413.000022808,22808,資生堂ジャパン株式会社,株式会社資生堂,brand_owner,JP,present_forward,2025-12-02,2025-12,powder,makeup,,,mixed,0,0,0,https://prtimes.jp/main/html/rd/p/000000413.000022808.html
000000445.000000263,263,常盤薬品工業株式会社,常盤薬品工業株式会社,brand_owner,JP,present_forward,2025-12-02,2025-12,lash_brow,makeup,,,プチプラ,0,0,0,https://prtimes.jp/main/html/rd/p/000000445.000000263.html
000000595.000070897,70897,花王株式会社,花王株式会社,brand_owner,JP,present_forward,2025-12-02,2025-12,serum,skincare,,キュレル,ミドル,0,0,0,https://prtimes.jp/main/html/rd/p/000000595.000070897.html
000000101.000096821,96821,VT COSMETICS,VT COSMETICS,brand_owner,KR,core,2025-12-03,2025-12,,none,,VT,プチプラ,0,0,0,https://prtimes.jp/main/html/rd/p/000000101.000096821.html
000000317.000021350,21350,アモーレパシフィックジャパン株式会社,アモーレパシフィックジャパン株式会社,brand_owner,KR,core,2025-12-03,2025-12,foundation|base_makeup,makeup,,,mixed,0,0,0,https://prtimes.jp/main/html/rd/p/000000317.000021350.html
000000318.000021350,21350,アモーレパシフィックジャパン株式会社,アモーレパシフィックジャパン株式会社,brand_owner,KR,core,2025-12-03,2025-12,serum|lipstick,skincare,,,mixed,0,0,0,https://prtimes.jp/main/html/rd/p/000000318.000021350.html
000000654.000007954,7954,クラシエ株式会社（ホームプロダクツカンパニー）,クラシエ株式会社,brand_owner,JP,core,2025-12-03,2025-12,hair,other,,,プチプラ,0,0,0,https://prtimes.jp/main/html/rd/p/000000654.000007954.html
000000050.000077831,77831,株式会社mimi-Japan,株式会社mimi-Japan,importer,CN,core,2025-12-04,2025-12,,none,,Judydoll,プチプラ/ミドル,0,0,0,https://prtimes.jp/main/html/rd/p/000000050.000077831.html
000000655.000007954,7954,クラシエ株式会社（ホームプロダクツカンパニー）,クラシエ株式会社,brand_owner,JP,core,2025-12-04,2025-12,face_wash|body,skincare,,,プチプラ,0,0,0,https://prtimes.jp/main/html/rd/p/000000655.000007954.html
000001466.000017666,17666,株式会社ファンケル,株式会社ファンケル,brand_owner,JP,present_forward,2025-12-04,2025-12,cleansing,skincare,,FANCL,ミドル,0,1,0,https://prtimes.jp/main/html/rd/p/000001466.000017666.html
000001468.000017666,17666,株式会社ファンケル,株式会社ファンケル,brand_owner,JP,present_forward,2025-12-04,2025-12,cleansing,skincare,,FANCL,ミドル,0,1,0,https://prtimes.jp/main/html/rd/p/000001468.000017666.html
000000105.000004359,4359,ELCジャパン合同会社,ELCジャパン合同会社,brand_owner,global,core,2025-12-05,2025-12,,none,,クリニーク,デパコス,0,0,0,https://prtimes.jp/main/html/rd/p/000000105.000004359.html
000000265.000076505,76505,株式会社韓国高麗人蔘社,株式会社韓国高麗人蔘社,importer,KR,core,2025-12-05,2025-12,,none,,rom&nd,プチプラ,0,0,0,https://prtimes.jp/main/html/rd/p/000000265.000076505.html
000000440.000030413,30413,株式会社ディーエイチシー,株式会社ディーエイチシー,brand_owner,JP,core,2025-12-05,2025-12,cream,skincare,,DHC,プチプラ/ミドル,0,0,0,https://prtimes.jp/main/html/rd/p/000000440.000030413.html
000000464.000085143,85143,アステナホールディングス株式会社,アステナホールディングス株式会社,importer,KR,present_forward,2025-12-05,2025-12,,none,,,,0,0,0,https://prtimes.jp/main/html/rd/p/000000464.000085143.html
000000708.000036737,36737,株式会社ポーラ,株式会社ポーラ,brand_owner,JP,core,2025-12-05,2025-12,cleansing|cream,skincare,,POLA,デパコス,0,0,0,https://prtimes.jp/main/html/rd/p/000000708.000036737.html
000000709.000036737,36737,株式会社ポーラ,株式会社ポーラ,brand_owner,JP,core,2025-12-05,2025-12,,none,,肌ラボ|POLA,プチプラ,0,0,0,https://prtimes.jp/main/html/rd/p/000000709.000036737.html
000000841.000016220,16220,株式会社カネボウ化粧品,株式会社カネボウ化粧品,brand_owner,JP,present_forward,2025-12-05,2025-12,serum|face_wash,skincare,,KANEBO,デパコス,0,0,1,https://prtimes.jp/main/html/rd/p/000000841.000016220.html
000000038.000119328,119328,アモーレパシフィックジャパン株式会社,アモーレパシフィックジャパン株式会社,brand_owner,KR,core,2025-12-09,2025-12,cream,skincare,,,デパコス,0,0,0,https://prtimes.jp/main/html/rd/p/000000038.000119328.html
000000842.000016220,16220,株式会社カネボウ化粧品,株式会社カネボウ化粧品,brand_owner,JP,present_forward,2025-12-09,2025-12,,none,,,mixed,0,0,0,https://prtimes.jp/main/html/rd/p/000000842.000016220.html
000000319.000021350,21350,アモーレパシフィックジャパン株式会社,アモーレパシフィックジャパン株式会社,brand_owner,KR,core,2025-12-10,2025-12,serum|lipstick,skincare,,エチュード,プチプラ,0,0,0,https://prtimes.jp/main/html/rd/p/000000319.000021350.html
000000600.000070897,70897,花王株式会社,花王株式会社,brand_owner,JP,present_forward,2025-12-10,2025-12,,none,,ビオレ,プチプラ,0,0,0,https://prtimes.jp/main/html/rd/p/000000600.000070897.html
000000601.000070897,70897,花王株式会社,花王株式会社,brand_owner,JP,present_forward,2025-12-10,2025-12,,none,,ビオレ,プチプラ,0,0,0,https://prtimes.jp/main/html/rd/p/000000601.000070897.html
000000441.000030413,30413,株式会社ディーエイチシー,株式会社ディーエイチシー,brand_owner,JP,core,2025-12-11,2025-12,cleansing,skincare,,DHC,プチプラ/ミドル,1,0,1,https://prtimes.jp/main/html/rd/p/000000441.000030413.html
000000080.000090124,90124,ELCジャパン合同会社,ELCジャパン合同会社,brand_owner,global,core,2025-12-12,2025-12,,none,,ジョー マローン ロンドン,デパコス,0,0,0,https://prtimes.jp/main/html/rd/p/000000080.000090124.html
000000710.000036737,36737,株式会社ポーラ,株式会社ポーラ,brand_owner,JP,core,2025-12-12,2025-12,,none,,POLA,デパコス,0,1,0,https://prtimes.jp/main/html/rd/p/000000710.000036737.html
000000843.000016220,16220,株式会社カネボウ化粧品,株式会社カネボウ化粧品,brand_owner,JP,present_forward,2025-12-12,2025-12,powder|face_wash,makeup,,SUISAI,ミドル,0,0,1,https://prtimes.jp/main/html/rd/p/000000843.000016220.html
000000019.000125824,125824,"ｄ’Alba Global Co., Ltd.","ｄ’Alba Global Co., Ltd.",brand_owner,KR,core,2025-12-15,2025-12,,none,,d'Alba,ミドル,0,0,0,https://prtimes.jp/main/html/rd/p/000000019.000125824.html
000000112.000042040,42040,株式会社セザンヌ化粧品,セザンヌ化粧品株式会社,brand_owner,JP,core,2025-12-15,2025-12,blush,makeup,,CEZANNE,プチプラ,0,0,0,https://prtimes.jp/main/html/rd/p/000000112.000042040.html
000000713.000036737,36737,株式会社ポーラ,株式会社ポーラ,brand_owner,JP,core,2025-12-15,2025-12,,none,,POLA,デパコス,0,0,0,https://prtimes.jp/main/html/rd/p/000000713.000036737.html
000000714.000036737,36737,株式会社ポーラ,株式会社ポーラ,brand_owner,JP,core,2025-12-16,2025-12,toner_lotion,skincare,,POLA,デパコス,0,0,0,https://prtimes.jp/main/html/rd/p/000000714.000036737.html
000003005.000005794,5794,株式会社資生堂,株式会社資生堂,brand_owner,JP,present_forward,2025-12-16,2025-12,sunscreen,skincare,,アネッサ,ミドル,0,0,0,https://prtimes.jp/main/html/rd/p/000003005.000005794.html
000001474.000017666,17666,株式会社ファンケル,株式会社ファンケル,brand_owner,JP,present_forward,2025-12-18,2025-12,,none,,FANCL,ミドル,0,0,0,https://prtimes.jp/main/html/rd/p/000001474.000017666.html
000001475.000017666,17666,株式会社ファンケル,株式会社ファンケル,brand_owner,JP,present_forward,2025-12-18,2025-12,blush,makeup,,FANCL,ミドル,0,0,0,https://prtimes.jp/main/html/rd/p/000001475.000017666.html
000000580.000014810,14810,パルファン・クリスチャン・ディオール・ジャポン株式会社,パルファン・クリスチャン・ディオール・ジャポン株式会社,brand_owner,global,present_forward,2025-12-19,2025-12,serum,skincare,加水分解コラーゲン,Dior,デパコス,0,0,0,https://prtimes.jp/main/html/rd/p/000000580.000014810.html
000003006.000005794,5794,株式会社資生堂,株式会社資生堂,brand_owner,JP,present_forward,2025-12-19,2025-12,all_in_one,skincare,,,mixed,1,0,0,https://prtimes.jp/main/html/rd/p/000003006.000005794.html
000003007.000005794,5794,株式会社資生堂,株式会社資生堂,brand_owner,JP,present_forward,2025-12-19,2025-12,cream,skincare,,クレ・ド・ポー ボーテ,デパコス,0,0,0,https://prtimes.jp/main/html/rd/p/000003007.000005794.html
000003008.000005794,5794,株式会社資生堂,株式会社資生堂,brand_owner,JP,present_forward,2025-12-19,2025-12,,none,,クレ・ド・ポー ボーテ,デパコス,0,0,1,https://prtimes.jp/main/html/rd/p/000003008.000005794.html
000000073.000105692,105692,アモーレパシフィックジャパン株式会社,アモーレパシフィックジャパン株式会社,brand_owner,KR,core,2025-12-22,2025-12,,none,,ラネージュ,ミドル,0,0,0,https://prtimes.jp/main/html/rd/p/000000073.000105692.html
000000236.000019685,19685,株式会社 井田ラボラトリーズ,株式会社井田ラボラトリーズ,brand_owner,JP,core,2025-12-22,2025-12,fragrance,other,,CANMAKE,プチプラ,0,0,0,https://prtimes.jp/main/html/rd/p/000000236.000019685.html
000000237.000019685,19685,株式会社 井田ラボラトリーズ,株式会社井田ラボラトリーズ,brand_owner,JP,core,2025-12-22,2025-12,cream|powder|blush,skincare,,CANMAKE,プチプラ,0,1,0,https://prtimes.jp/main/html/rd/p/000000237.000019685.html
000000266.000076505,76505,株式会社韓国高麗人蔘社,株式会社韓国高麗人蔘社,importer,KR,core,2025-12-22,2025-12,toner_lotion,skincare,,,,0,0,0,https://prtimes.jp/main/html/rd/p/000000266.000076505.html
000003009.000005794,5794,株式会社資生堂,株式会社資生堂,brand_owner,JP,present_forward,2025-12-22,2025-12,base_makeup,makeup,,,mixed,0,0,0,https://prtimes.jp/main/html/rd/p/000003009.000005794.html
000000089.000090124,90124,ELCジャパン合同会社,ELCジャパン合同会社,brand_owner,global,core,2025-12-24,2025-12,,none,,ジョー マローン ロンドン,デパコス,0,0,0,https://prtimes.jp/main/html/rd/p/000000089.000090124.html
000000113.000042040,42040,株式会社セザンヌ化粧品,セザンヌ化粧品株式会社,brand_owner,JP,core,2025-12-24,2025-12,eye_makeup,makeup,,CEZANNE,プチプラ,0,0,0,https://prtimes.jp/main/html/rd/p/000000113.000042040.html
000000584.000014810,14810,パルファン・クリスチャン・ディオール・ジャポン株式会社,パルファン・クリスチャン・ディオール・ジャポン株式会社,brand_owner,global,present_forward,2025-12-24,2025-12,toner_lotion|fragrance,skincare,,Dior,デパコス,0,0,0,https://prtimes.jp/main/html/rd/p/000000584.000014810.html
000000181.000031376,31376,アモーレパシフィックジャパン株式会社,アモーレパシフィックジャパン株式会社,brand_owner,KR,core,2025-12-26,2025-12,,none,,イニスフリー,プチプラ/ミドル,0,0,0,https://prtimes.jp/main/html/rd/p/000000181.000031376.html
000000415.000022808,22808,資生堂ジャパン株式会社,株式会社資生堂,brand_owner,JP,present_forward,2025-12-26,2025-12,lip_balm,makeup,,,mixed,0,0,0,https://prtimes.jp/main/html/rd/p/000000415.000022808.html
000001764.000000987,987,株式会社良品計画,株式会社良品計画,brand_owner,JP,present_forward,2025-12-26,2025-12,emulsion,skincare,,無印良品,プチプラ,1,0,0,https://prtimes.jp/main/html/rd/p/000001764.000000987.html
000000416.000022808,22808,資生堂ジャパン株式会社,株式会社資生堂,brand_owner,JP,present_forward,2026-01-02,2026-01,lip_balm,makeup,,,mixed,0,1,0,https://prtimes.jp/main/html/rd/p/000000416.000022808.html
000000417.000022808,22808,資生堂ジャパン株式会社,株式会社資生堂,brand_owner,JP,present_forward,2026-01-02,2026-01,lipstick|blush,makeup,,,mixed,0,0,0,https://prtimes.jp/main/html/rd/p/000000417.000022808.html
000000008.000147749,147749,COSRX  inc.,COSRX inc.,brand_owner,KR,core,2026-01-05,2026-01,,none,エクソソーム|DNA-Na,COSRX,プチプラ/ミドル,0,0,0,https://prtimes.jp/main/html/rd/p/000000008.000147749.html
000000658.000007954,7954,クラシエ株式会社（ホームプロダクツカンパニー）,クラシエ株式会社,brand_owner,JP,core,2026-01-05,2026-01,hair,other,,,プチプラ,0,0,0,https://prtimes.jp/main/html/rd/p/000000658.000007954.html
000003015.000005794,5794,株式会社資生堂,株式会社資生堂,brand_owner,JP,present_forward,2026-01-06,2026-01,foundation|serum,makeup,,,mixed,0,0,0,https://prtimes.jp/main/html/rd/p/000003015.000005794.html
000000051.000077831,77831,株式会社mimi-Japan,株式会社mimi-Japan,importer,CN,core,2026-01-07,2026-01,lash_brow,makeup,,Judydoll,プチプラ/ミドル,0,0,0,https://prtimes.jp/main/html/rd/p/000000051.000077831.html
000000114.000042040,42040,株式会社セザンヌ化粧品,セザンヌ化粧品株式会社,brand_owner,JP,core,2026-01-07,2026-01,eye_makeup|lash_brow,makeup,,CEZANNE,プチプラ,0,1,0,https://prtimes.jp/main/html/rd/p/000000114.000042040.html
000000182.000031376,31376,アモーレパシフィックジャパン株式会社,アモーレパシフィックジャパン株式会社,brand_owner,KR,core,2026-01-07,2026-01,serum|toner_lotion,skincare,セラミド,イニスフリー,プチプラ/ミドル,0,0,0,https://prtimes.jp/main/html/rd/p/000000182.000031376.html
000000322.000021350,21350,アモーレパシフィックジャパン株式会社,アモーレパシフィックジャパン株式会社,brand_owner,KR,core,2026-01-07,2026-01,serum|lipstick,skincare,,,mixed,0,0,0,https://prtimes.jp/main/html/rd/p/000000322.000021350.html
000001769.000000987,987,株式会社良品計画,株式会社良品計画,brand_owner,JP,present_forward,2026-01-07,2026-01,lipstick,makeup,,無印良品,プチプラ,0,0,0,https://prtimes.jp/main/html/rd/p/000001769.000000987.html
000003021.000005794,5794,株式会社資生堂,株式会社資生堂,brand_owner,JP,present_forward,2026-01-07,2026-01,toner_lotion|emulsion,skincare,,エリクシール,ミドル,1,0,0,https://prtimes.jp/main/html/rd/p/000003021.000005794.html
000000321.000021350,21350,アモーレパシフィックジャパン株式会社,アモーレパシフィックジャパン株式会社,brand_owner,KR,core,2026-01-08,2026-01,lipstick,makeup,,,mixed,0,0,0,https://prtimes.jp/main/html/rd/p/000000321.000021350.html
000000660.000007954,7954,クラシエ株式会社（ホームプロダクツカンパニー）,クラシエ株式会社,brand_owner,JP,core,2026-01-08,2026-01,body,other,,,プチプラ,0,0,0,https://prtimes.jp/main/html/rd/p/000000660.000007954.html
000000116.000042040,42040,株式会社セザンヌ化粧品,セザンヌ化粧品株式会社,brand_owner,JP,core,2026-01-09,2026-01,lash_brow|powder,makeup,,CEZANNE,プチプラ,0,0,0,https://prtimes.jp/main/html/rd/p/000000116.000042040.html
000003017.000005794,5794,株式会社資生堂,株式会社資生堂,brand_owner,JP,present_forward,2026-01-09,2026-01,lash_brow,makeup,,,mixed,0,0,0,https://prtimes.jp/main/html/rd/p/000003017.000005794.html
000000271.000076505,76505,株式会社韓国高麗人蔘社,株式会社韓国高麗人蔘社,importer,KR,core,2026-01-13,2026-01,lipstick,makeup,,rom&nd,プチプラ,0,0,0,https://prtimes.jp/main/html/rd/p/000000271.000076505.html
000000457.000000263,263,常盤薬品工業株式会社,常盤薬品工業株式会社,brand_owner,JP,present_forward,2026-01-13,2026-01,hair|serum|lipstick,other,,,プチプラ,0,0,0,https://prtimes.jp/main/html/rd/p/000000457.000000263.html
000000661.000007954,7954,クラシエ株式会社（ホームプロダクツカンパニー）,クラシエ株式会社,brand_owner,JP,core,2026-01-13,2026-01,cleansing|cream,skincare,,,プチプラ,0,0,0,https://prtimes.jp/main/html/rd/p/000000661.000007954.html
000000717.000036737,36737,株式会社ポーラ,株式会社ポーラ,brand_owner,JP,core,2026-01-13,2026-01,toner_lotion,skincare,,POLA,デパコス,0,0,0,https://prtimes.jp/main/html/rd/p/000000717.000036737.html
000003025.000005794,5794,株式会社資生堂,株式会社資生堂,brand_owner,JP,present_forward,2026-01-13,2026-01,all_in_one|cream,skincare,,,mixed,0,1,0,https://prtimes.jp/main/html/rd/p/000003025.000005794.html
000000115.000042040,42040,株式会社セザンヌ化粧品,セザンヌ化粧品株式会社,brand_owner,JP,core,2026-01-14,2026-01,concealer|base_makeup,makeup,,CEZANNE,プチプラ,0,0,0,https://prtimes.jp/main/html/rd/p/000000115.000042040.html
000000129.000024471,24471,日本ロレアル株式会社　タカミ事業部,日本ロレアル株式会社,brand_owner,global,core,2026-01-14,2026-01,serum,skincare,,タカミ,ミドル,1,0,0,https://prtimes.jp/main/html/rd/p/000000129.000024471.html
000000136.000006944,6944,ニベア花王株式会社,ニベア花王株式会社,brand_owner,global,core,2026-01-14,2026-01,,none,,NIVEA,プチプラ/ミドル,1,0,0,https://prtimes.jp/main/html/rd/p/000000136.000006944.html
000000323.000021350,21350,アモーレパシフィックジャパン株式会社,アモーレパシフィックジャパン株式会社,brand_owner,KR,core,2026-01-14,2026-01,,none,,,mixed,0,0,0,https://prtimes.jp/main/html/rd/p/000000323.000021350.html
000000324.000021350,21350,アモーレパシフィックジャパン株式会社,アモーレパシフィックジャパン株式会社,brand_owner,KR,core,2026-01-14,2026-01,base_makeup,makeup,,,mixed,0,0,0,https://prtimes.jp/main/html/rd/p/000000324.000021350.html
000000611.000070897,70897,花王株式会社,花王株式会社,brand_owner,JP,present_forward,2026-01-14,2026-01,,none,,SOFINA,ミドル,0,0,0,https://prtimes.jp/main/html/rd/p/000000611.000070897.html
000000718.000036737,36737,株式会社ポーラ,株式会社ポーラ,brand_owner,JP,core,2026-01-14,2026-01,,none,,POLA,デパコス,0,0,0,https://prtimes.jp/main/html/rd/p/000000718.000036737.html
000000531.000044879,44879,ロート製薬株式会社,ロート製薬株式会社,brand_owner,JP,present_forward,2026-01-15,2026-01,cream,skincare,セラミド,,プチプラ/ミドル,0,0,0,https://prtimes.jp/main/html/rd/p/000000531.000044879.html
000000565.000001572,1572,株式会社石澤研究所,株式会社石澤研究所,brand_owner,JP,core,2026-01-15,2026-01,cream,skincare,,,プチプラ,0,0,0,https://prtimes.jp/main/html/rd/p/000000565.000001572.html
000000662.000007954,7954,クラシエ株式会社（ホームプロダクツカンパニー）,クラシエ株式会社,brand_owner,JP,core,2026-01-15,2026-01,body|hair,other,,,プチプラ,0,0,0,https://prtimes.jp/main/html/rd/p/000000662.000007954.html
000000719.000036737,36737,株式会社ポーラ,株式会社ポーラ,brand_owner,JP,core,2026-01-15,2026-01,cream|lipstick,skincare,,,デパコス,0,0,0,https://prtimes.jp/main/html/rd/p/000000719.000036737.html
000000845.000016220,16220,株式会社カネボウ化粧品,株式会社カネボウ化粧品,brand_owner,JP,present_forward,2026-01-15,2026-01,lipstick,makeup,,KATE,プチプラ,0,0,0,https://prtimes.jp/main/html/rd/p/000000845.000016220.html
000000074.000018737,18737,ELCジャパン合同会社,ELCジャパン合同会社,brand_owner,global,core,2026-01-16,2026-01,serum,skincare,,エスティ ローダー,デパコス,0,0,0,https://prtimes.jp/main/html/rd/p/000000074.000018737.html
000000326.000021350,21350,アモーレパシフィックジャパン株式会社,アモーレパシフィックジャパン株式会社,brand_owner,KR,core,2026-01-16,2026-01,base_makeup,makeup,,エチュード,プチプラ,0,0,0,https://prtimes.jp/main/html/rd/p/000000326.000021350.html
000000421.000022808,22808,資生堂ジャパン株式会社,株式会社資生堂,brand_owner,JP,present_forward,2026-01-16,2026-01,lip_balm,makeup,,,mixed,0,1,0,https://prtimes.jp/main/html/rd/p/000000421.000022808.html
000000422.000022808,22808,資生堂ジャパン株式会社,株式会社資生堂,brand_owner,JP,present_forward,2026-01-16,2026-01,lipstick|blush,makeup,,,mixed,0,0,0,https://prtimes.jp/main/html/rd/p/000000422.000022808.html
000000720.000036737,36737,株式会社ポーラ,株式会社ポーラ,brand_owner,JP,core,2026-01-16,2026-01,,none,,POLA,デパコス,0,0,0,https://prtimes.jp/main/html/rd/p/000000720.000036737.html
000000849.000016220,16220,株式会社カネボウ化粧品,株式会社カネボウ化粧品,brand_owner,JP,present_forward,2026-01-16,2026-01,,none,,KANEBO,デパコス,0,0,0,https://prtimes.jp/main/html/rd/p/000000849.000016220.html
000000851.000016220,16220,株式会社カネボウ化粧品,株式会社カネボウ化粧品,brand_owner,JP,present_forward,2026-01-16,2026-01,,none,,,mixed,0,0,0,https://prtimes.jp/main/html/rd/p/000000851.000016220.html
000003027.000005794,5794,株式会社資生堂,株式会社資生堂,brand_owner,JP,present_forward,2026-01-16,2026-01,serum,skincare,,クレ・ド・ポー ボーテ,デパコス,0,0,0,https://prtimes.jp/main/html/rd/p/000003027.000005794.html
000000131.000024471,24471,日本ロレアル株式会社　タカミ事業部,日本ロレアル株式会社,brand_owner,global,core,2026-01-19,2026-01,,none,,タカミ,ミドル,0,0,0,https://prtimes.jp/main/html/rd/p/000000131.000024471.html
000000420.000022808,22808,資生堂ジャパン株式会社,株式会社資生堂,brand_owner,JP,present_forward,2026-01-19,2026-01,powder,makeup,,,mixed,0,0,0,https://prtimes.jp/main/html/rd/p/000000420.000022808.html
000000848.000016220,16220,株式会社カネボウ化粧品,株式会社カネボウ化粧品,brand_owner,JP,present_forward,2026-01-19,2026-01,blush,makeup,,KATE,プチプラ,0,0,0,https://prtimes.jp/main/html/rd/p/000000848.000016220.html
000000117.000042040,42040,株式会社セザンヌ化粧品,セザンヌ化粧品株式会社,brand_owner,JP,core,2026-01-20,2026-01,,none,アゼライン酸|ツボクサエキス,CEZANNE,プチプラ,0,0,0,https://prtimes.jp/main/html/rd/p/000000117.000042040.html
000000183.000031376,31376,アモーレパシフィックジャパン株式会社,アモーレパシフィックジャパン株式会社,brand_owner,KR,core,2026-01-20,2026-01,serum,skincare,レチノール|DNA-Na,イニスフリー,プチプラ/ミドル,0,0,0,https://prtimes.jp/main/html/rd/p/000000183.000031376.html
000000613.000070897,70897,花王株式会社,花王株式会社,brand_owner,JP,present_forward,2026-01-20,2026-01,,none,,KATE,プチプラ,0,0,0,https://prtimes.jp/main/html/rd/p/000000613.000070897.html
000000852.000016220,16220,株式会社カネボウ化粧品,株式会社カネボウ化粧品,brand_owner,JP,present_forward,2026-01-20,2026-01,lash_brow,makeup,,KATE,プチプラ,0,0,0,https://prtimes.jp/main/html/rd/p/000000852.000016220.html
000001076.000006496,6496,株式会社マンダム,株式会社マンダム,brand_owner,JP,present_forward,2026-01-20,2026-01,face_wash,skincare,,ビフェスタ,プチプラ,0,0,0,https://prtimes.jp/main/html/rd/p/000001076.000006496.html
000003029.000005794,5794,株式会社資生堂,株式会社資生堂,brand_owner,JP,present_forward,2026-01-20,2026-01,toner_lotion|emulsion,skincare,,,mixed,0,1,0,https://prtimes.jp/main/html/rd/p/000003029.000005794.html
000000106.000004359,4359,ELCジャパン合同会社,ELCジャパン合同会社,brand_owner,global,core,2026-01-21,2026-01,booster,skincare,,クリニーク,デパコス,1,0,0,https://prtimes.jp/main/html/rd/p/000000106.000004359.html
000000327.000021350,21350,アモーレパシフィックジャパン株式会社,アモーレパシフィックジャパン株式会社,brand_owner,KR,core,2026-01-21,2026-01,,none,,,mixed,0,0,0,https://prtimes.jp/main/html/rd/p/000000327.000021350.html
000000423.000022808,22808,資生堂ジャパン株式会社,株式会社資生堂,brand_owner,JP,present_forward,2026-01-21,2026-01,lip_balm,makeup,,,mixed,0,0,0,https://prtimes.jp/main/html/rd/p/000000423.000022808.html
000000614.000070897,70897,花王株式会社,花王株式会社,brand_owner,JP,present_forward,2026-01-21,2026-01,base_makeup,makeup,,SOFINA,ミドル,0,0,0,https://prtimes.jp/main/html/rd/p/000000614.000070897.html
000001487.000017666,17666,株式会社ファンケル,株式会社ファンケル,brand_owner,JP,present_forward,2026-01-21,2026-01,face_wash,skincare,,FANCL,ミドル,0,0,0,https://prtimes.jp/main/html/rd/p/000001487.000017666.html
000003032.000005794,5794,株式会社資生堂,株式会社資生堂,brand_owner,JP,present_forward,2026-01-21,2026-01,emulsion,skincare,,エリクシール,ミドル,0,0,0,https://prtimes.jp/main/html/rd/p/000003032.000005794.html
000000040.000126707,126707,株式会社The Founders JAPAN,株式会社The Founders JAPAN,brand_owner,KR,core,2026-01-22,2026-01,,none,DNA-Na|ヒアルロン酸Na,Anua,ミドル,0,0,0,https://prtimes.jp/main/html/rd/p/000000040.000126707.html
000000239.000019685,19685,株式会社 井田ラボラトリーズ,株式会社井田ラボラトリーズ,brand_owner,JP,core,2026-01-22,2026-01,lipstick,makeup,,CANMAKE,プチプラ,0,0,0,https://prtimes.jp/main/html/rd/p/000000239.000019685.html
000000240.000019685,19685,株式会社 井田ラボラトリーズ,株式会社井田ラボラトリーズ,brand_owner,JP,core,2026-01-22,2026-01,lash_brow,makeup,,CANMAKE,プチプラ,0,0,0,https://prtimes.jp/main/html/rd/p/000000240.000019685.html
000000853.000016220,16220,株式会社カネボウ化粧品,株式会社カネボウ化粧品,brand_owner,JP,present_forward,2026-01-22,2026-01,foundation,makeup,,KATE,プチプラ,0,0,0,https://prtimes.jp/main/html/rd/p/000000853.000016220.html
000003033.000005794,5794,株式会社資生堂,株式会社資生堂,brand_owner,JP,present_forward,2026-01-22,2026-01,lipstick,makeup,,SHISEIDO,デパコス,0,0,0,https://prtimes.jp/main/html/rd/p/000003033.000005794.html
000000083.000035071,35071,株式会社BENOW JAPAN,株式会社BENOW JAPAN,importer,KR,core,2026-01-23,2026-01,lip_balm|lipstick,makeup,,,ミドル,0,0,0,https://prtimes.jp/main/html/rd/p/000000083.000035071.html
000000111.000044623,44623,ELCジャパン合同会社　M・A・C事業部,ELCジャパン合同会社,brand_owner,global,core,2026-01-23,2026-01,lipstick|powder,makeup,,M·A·C,デパコス,0,1,0,https://prtimes.jp/main/html/rd/p/000000111.000044623.html
000000328.000021350,21350,アモーレパシフィックジャパン株式会社,アモーレパシフィックジャパン株式会社,brand_owner,KR,core,2026-01-23,2026-01,base_makeup,makeup,,エチュード,プチプラ,0,0,0,https://prtimes.jp/main/html/rd/p/000000328.000021350.html
000000583.000014810,14810,パルファン・クリスチャン・ディオール・ジャポン株式会社,パルファン・クリスチャン・ディオール・ジャポン株式会社,brand_owner,global,present_forward,2026-01-23,2026-01,fragrance,other,,Dior,デパコス,0,0,0,https://prtimes.jp/main/html/rd/p/000000583.000014810.html
000000591.000014810,14810,パルファン・クリスチャン・ディオール・ジャポン株式会社,パルファン・クリスチャン・ディオール・ジャポン株式会社,brand_owner,global,present_forward,2026-01-23,2026-01,serum|base_makeup,skincare,,Dior,デパコス,0,0,0,https://prtimes.jp/main/html/rd/p/000000591.000014810.html
000000854.000016220,16220,株式会社カネボウ化粧品,株式会社カネボウ化粧品,brand_owner,JP,present_forward,2026-01-23,2026-01,,none,,KANEBO,デパコス,0,0,0,https://prtimes.jp/main/html/rd/p/000000854.000016220.html
000000041.000126707,126707,株式会社The Founders JAPAN,株式会社The Founders JAPAN,brand_owner,KR,core,2026-01-26,2026-01,,none,,Anua,ミドル,0,1,0,https://prtimes.jp/main/html/rd/p/000000041.000126707.html
000000092.000090124,90124,ELCジャパン合同会社,ELCジャパン合同会社,brand_owner,global,core,2026-01-27,2026-01,fragrance,other,,ジョー マローン ロンドン,デパコス,0,0,0,https://prtimes.jp/main/html/rd/p/000000092.000090124.html
000000187.000031376,31376,アモーレパシフィックジャパン株式会社,アモーレパシフィックジャパン株式会社,brand_owner,KR,core,2026-01-27,2026-01,powder,makeup,,イニスフリー,プチプラ/ミドル,0,0,0,https://prtimes.jp/main/html/rd/p/000000187.000031376.html
000000536.000044879,44879,ロート製薬株式会社,ロート製薬株式会社,brand_owner,JP,present_forward,2026-01-27,2026-01,,none,アスコルビン酸|アゼライン酸,メラノCC,プチプラ,0,0,0,https://prtimes.jp/main/html/rd/p/000000536.000044879.html
000000615.000070897,70897,花王株式会社,花王株式会社,brand_owner,JP,present_forward,2026-01-27,2026-01,hair,other,,,mixed,0,0,0,https://prtimes.jp/main/html/rd/p/000000615.000070897.html
000000616.000070897,70897,花王株式会社,花王株式会社,brand_owner,JP,present_forward,2026-01-27,2026-01,hair,other,,,mixed,0,0,0,https://prtimes.jp/main/html/rd/p/000000616.000070897.html
000000663.000007954,7954,クラシエ株式会社（ホームプロダクツカンパニー）,クラシエ株式会社,brand_owner,JP,core,2026-01-27,2026-01,mask|emulsion,skincare,,肌美精,プチプラ,0,0,0,https://prtimes.jp/main/html/rd/p/000000663.000007954.html
000001787.000009276,9276,花王株式会社,花王株式会社,brand_owner,JP,present_forward,2026-01-27,2026-01,hair,other,,,ミドル/プチプラ,0,0,0,https://prtimes.jp/main/html/rd/p/000001787.000009276.html
000003020.000005794,5794,株式会社資生堂,株式会社資生堂,brand_owner,JP,present_forward,2026-01-27,2026-01,serum,skincare,,,mixed,0,0,0,https://prtimes.jp/main/html/rd/p/000003020.000005794.html
000000052.000077831,77831,株式会社mimi-Japan,株式会社mimi-Japan,importer,CN,core,2026-01-28,2026-01,lipstick,makeup,,,,0,0,0,https://prtimes.jp/main/html/rd/p/000000052.000077831.html
000000418.000022808,22808,資生堂ジャパン株式会社,株式会社資生堂,brand_owner,JP,present_forward,2026-01-28,2026-01,powder,makeup,,,mixed,0,0,0,https://prtimes.jp/main/html/rd/p/000000418.000022808.html
000000426.000022808,22808,資生堂ジャパン株式会社,株式会社資生堂,brand_owner,JP,present_forward,2026-01-28,2026-01,lip_balm,makeup,,,mixed,0,0,0,https://prtimes.jp/main/html/rd/p/000000426.000022808.html
000003035.000005794,5794,株式会社資生堂,株式会社資生堂,brand_owner,JP,present_forward,2026-01-28,2026-01,,none,,SHISEIDO,デパコス,0,0,0,https://prtimes.jp/main/html/rd/p/000003035.000005794.html
000003037.000005794,5794,株式会社資生堂,株式会社資生堂,brand_owner,JP,present_forward,2026-01-29,2026-01,,none,,アネッサ,ミドル,0,0,0,https://prtimes.jp/main/html/rd/p/000003037.000005794.html
000000009.000147749,147749,COSRX  inc.,COSRX inc.,brand_owner,KR,core,2026-01-30,2026-01,,none,セラミド,COSRX,プチプラ/ミドル,0,0,0,https://prtimes.jp/main/html/rd/p/000000009.000147749.html
000000046.000127171,127171,株式会社Goodai Global Japan,株式会社Goodai Global Japan,importer,KR,core,2026-01-30,2026-01,serum,skincare,,SKIN1004,ミドル,0,0,0,https://prtimes.jp/main/html/rd/p/000000046.000127171.html
000000105.000096821,96821,VT COSMETICS,VT COSMETICS,brand_owner,KR,core,2026-01-30,2026-01,serum|lipstick,skincare,,VT,プチプラ,0,0,0,https://prtimes.jp/main/html/rd/p/000000105.000096821.html
000000570.000001572,1572,株式会社石澤研究所,株式会社石澤研究所,brand_owner,JP,core,2026-01-30,2026-01,sunscreen,skincare,,,プチプラ,0,0,0,https://prtimes.jp/main/html/rd/p/000000570.000001572.html
000000856.000016220,16220,株式会社カネボウ化粧品,株式会社カネボウ化粧品,brand_owner,JP,present_forward,2026-01-30,2026-01,sunscreen,skincare,,ALLIE,プチプラ,0,0,0,https://prtimes.jp/main/html/rd/p/000000856.000016220.html
000001079.000006496,6496,株式会社マンダム,株式会社マンダム,brand_owner,JP,present_forward,2026-01-30,2026-01,lipstick,makeup,,,プチプラ,0,1,0,https://prtimes.jp/main/html/rd/p/000001079.000006496.html
000001781.000000987,987,株式会社良品計画,株式会社良品計画,brand_owner,JP,present_forward,2026-01-30,2026-01,fragrance,other,,無印良品,プチプラ,0,0,0,https://prtimes.jp/main/html/rd/p/000001781.000000987.html
000000188.000031376,31376,アモーレパシフィックジャパン株式会社,アモーレパシフィックジャパン株式会社,brand_owner,KR,core,2026-02-01,2026-02,serum|toner_lotion,skincare,セラミド,イニスフリー,プチプラ/ミドル,0,0,0,https://prtimes.jp/main/html/rd/p/000000188.000031376.html
000000074.000105692,105692,アモーレパシフィックジャパン株式会社,アモーレパシフィックジャパン株式会社,brand_owner,KR,core,2026-02-02,2026-02,,none,,ラネージュ,ミドル,0,0,0,https://prtimes.jp/main/html/rd/p/000000074.000105692.html
000000855.000016220,16220,株式会社カネボウ化粧品,株式会社カネボウ化粧品,brand_owner,JP,present_forward,2026-02-02,2026-02,serum,skincare,,,mixed,0,1,0,https://prtimes.jp/main/html/rd/p/000000855.000016220.html
000001789.000009276,9276,花王株式会社,花王株式会社,brand_owner,JP,present_forward,2026-02-02,2026-02,hair,other,,,ミドル/プチプラ,1,0,0,https://prtimes.jp/main/html/rd/p/000001789.000009276.html
000000075.000105692,105692,アモーレパシフィックジャパン株式会社,アモーレパシフィックジャパン株式会社,brand_owner,KR,core,2026-02-03,2026-02,lipstick,makeup,,ラネージュ,ミドル,0,0,0,https://prtimes.jp/main/html/rd/p/000000075.000105692.html
000000076.000018737,18737,ELCジャパン合同会社,ELCジャパン合同会社,brand_owner,global,core,2026-02-03,2026-02,foundation,makeup,,エスティ ローダー,デパコス,0,1,0,https://prtimes.jp/main/html/rd/p/000000076.000018737.html
000000135.000024471,24471,日本ロレアル株式会社　タカミ事業部,日本ロレアル株式会社,brand_owner,global,core,2026-02-03,2026-02,,none,,タカミ,ミドル,0,0,0,https://prtimes.jp/main/html/rd/p/000000135.000024471.html
000000260.000072864,72864,花王株式会社（Kao Beauty Brands）,花王株式会社,brand_owner,JP,present_forward,2026-02-03,2026-02,serum,skincare,セラミド,キュレル,ミドル,0,0,0,https://prtimes.jp/main/html/rd/p/000000260.000072864.html
000000458.000000263,263,常盤薬品工業株式会社,常盤薬品工業株式会社,brand_owner,JP,present_forward,2026-02-03,2026-02,face_wash,skincare,,,プチプラ,0,0,0,https://prtimes.jp/main/html/rd/p/000000458.000000263.html
000000459.000000263,263,常盤薬品工業株式会社,常盤薬品工業株式会社,brand_owner,JP,present_forward,2026-02-03,2026-02,lash_brow,makeup,,,プチプラ,0,0,0,https://prtimes.jp/main/html/rd/p/000000459.000000263.html
000000460.000000263,263,常盤薬品工業株式会社,常盤薬品工業株式会社,brand_owner,JP,present_forward,2026-02-03,2026-02,cream,skincare,ナイアシンアミド|トラネキサム酸,,プチプラ,1,0,0,https://prtimes.jp/main/html/rd/p/000000460.000000263.html
000000461.000000263,263,常盤薬品工業株式会社,常盤薬品工業株式会社,brand_owner,JP,present_forward,2026-02-03,2026-02,base_makeup,makeup,,,プチプラ,0,0,0,https://prtimes.jp/main/html/rd/p/000000461.000000263.html
000000559.000028974,28974,株式会社桃谷順天館,株式会社桃谷順天館,brand_owner,JP,present_forward,2026-02-03,2026-02,cleansing|serum,skincare,,,プチプラ,0,0,0,https://prtimes.jp/main/html/rd/p/000000559.000028974.html
000000722.000036737,36737,株式会社ポーラ,株式会社ポーラ,brand_owner,JP,core,2026-02-03,2026-02,,none,,POLA,デパコス,0,0,0,https://prtimes.jp/main/html/rd/p/000000722.000036737.html
000001788.000009276,9276,花王株式会社,花王株式会社,brand_owner,JP,present_forward,2026-02-03,2026-02,,none,,,ミドル/プチプラ,0,0,0,https://prtimes.jp/main/html/rd/p/000001788.000009276.html
000000094.000056098,56098,株式会社クリオ,株式会社クリオ,brand_owner,KR,core,2026-02-04,2026-02,lipstick,makeup,,peripera,プチプラ,0,0,0,https://prtimes.jp/main/html/rd/p/000000094.000056098.html
000000665.000007954,7954,クラシエ株式会社（ホームプロダクツカンパニー）,クラシエ株式会社,brand_owner,JP,core,2026-02-04,2026-02,hair,other,,,プチプラ,0,0,0,https://prtimes.jp/main/html/rd/p/000000665.000007954.html
000000865.000016220,16220,株式会社カネボウ化粧品,株式会社カネボウ化粧品,brand_owner,JP,present_forward,2026-02-04,2026-02,serum,skincare,,,mixed,0,0,0,https://prtimes.jp/main/html/rd/p/000000865.000016220.html
000000276.000076505,76505,株式会社韓国高麗人蔘社,株式会社韓国高麗人蔘社,importer,KR,core,2026-02-05,2026-02,,none,,rom&nd,プチプラ,0,0,0,https://prtimes.jp/main/html/rd/p/000000276.000076505.html
000000330.000021350,21350,アモーレパシフィックジャパン株式会社,アモーレパシフィックジャパン株式会社,brand_owner,KR,core,2026-02-05,2026-02,cream,skincare,ツボクサエキス,,mixed,0,0,0,https://prtimes.jp/main/html/rd/p/000000330.000021350.html
000000427.000022808,22808,資生堂ジャパン株式会社,株式会社資生堂,brand_owner,JP,present_forward,2026-02-05,2026-02,foundation,makeup,,,mixed,0,0,0,https://prtimes.jp/main/html/rd/p/000000427.000022808.html
000000860.000016220,16220,株式会社カネボウ化粧品,株式会社カネボウ化粧品,brand_owner,JP,present_forward,2026-02-05,2026-02,,none,,KATE,プチプラ,0,0,0,https://prtimes.jp/main/html/rd/p/000000860.000016220.html
000000106.000096821,96821,VT COSMETICS,VT COSMETICS,brand_owner,KR,core,2026-02-06,2026-02,cream,skincare,,VT,プチプラ,0,0,0,https://prtimes.jp/main/html/rd/p/000000106.000096821.html
000000188.000081704,81704,株式会社ファイントゥデイ,ファイントゥデイ株式会社,brand_owner,JP,core,2026-02-06,2026-02,hair,other,,,プチプラ,0,0,0,https://prtimes.jp/main/html/rd/p/000000188.000081704.html
000000329.000021350,21350,アモーレパシフィックジャパン株式会社,アモーレパシフィックジャパン株式会社,brand_owner,KR,core,2026-02-06,2026-02,all_in_one,skincare,,エチュード,プチプラ,0,0,0,https://prtimes.jp/main/html/rd/p/000000329.000021350.html
000000862.000016220,16220,株式会社カネボウ化粧品,株式会社カネボウ化粧品,brand_owner,JP,present_forward,2026-02-06,2026-02,foundation,makeup,,KANEBO,デパコス,0,0,0,https://prtimes.jp/main/html/rd/p/000000862.000016220.html
000003040.000005794,5794,株式会社資生堂,株式会社資生堂,brand_owner,JP,present_forward,2026-02-06,2026-02,,none,,アネッサ,ミドル,0,0,0,https://prtimes.jp/main/html/rd/p/000003040.000005794.html
000003042.000005794,5794,株式会社資生堂,株式会社資生堂,brand_owner,JP,present_forward,2026-02-06,2026-02,foundation|serum,makeup,,,mixed,0,0,0,https://prtimes.jp/main/html/rd/p/000003042.000005794.html
000003044.000005794,5794,株式会社資生堂,株式会社資生堂,brand_owner,JP,present_forward,2026-02-06,2026-02,,none,,エリクシール,ミドル,0,0,0,https://prtimes.jp/main/html/rd/p/000003044.000005794.html
000001082.000006496,6496,株式会社マンダム,株式会社マンダム,brand_owner,JP,present_forward,2026-02-09,2026-02,,none,,ルシード,プチプラ,0,1,0,https://prtimes.jp/main/html/rd/p/000001082.000006496.html
000003043.000005794,5794,株式会社資生堂,株式会社資生堂,brand_owner,JP,present_forward,2026-02-09,2026-02,blush,makeup,,,mixed,0,0,1,https://prtimes.jp/main/html/rd/p/000003043.000005794.html
000000040.000119328,119328,アモーレパシフィックジャパン株式会社,アモーレパシフィックジャパン株式会社,brand_owner,KR,core,2026-02-10,2026-02,cleansing|face_wash,skincare,,,デパコス,0,1,0,https://prtimes.jp/main/html/rd/p/000000040.000119328.html
000000045.000126707,126707,株式会社The Founders JAPAN,株式会社The Founders JAPAN,brand_owner,KR,core,2026-02-10,2026-02,cream|serum,skincare,,Anua,ミドル,0,0,0,https://prtimes.jp/main/html/rd/p/000000045.000126707.html
000000199.000086691,86691,ユニリーバ・ジャパン・カスタマーマーケティング株式会社,ユニリーバ・ジャパン株式会社,brand_owner,global,core,2026-02-10,2026-02,hair,other,アスコルビン酸,LUX,プチプラ,0,0,0,https://prtimes.jp/main/html/rd/p/000000199.000086691.html
000000428.000022808,22808,資生堂ジャパン株式会社,株式会社資生堂,brand_owner,JP,present_forward,2026-02-11,2026-02,powder,makeup,,,mixed,0,0,0,https://prtimes.jp/main/html/rd/p/000000428.000022808.html
000000053.000077831,77831,株式会社mimi-Japan,株式会社mimi-Japan,importer,CN,core,2026-02-12,2026-02,,none,,Judydoll,プチプラ/ミドル,0,0,0,https://prtimes.jp/main/html/rd/p/000000053.000077831.html
000000092.000064854,64854,P&Gプレステージ合同会社,P&Gプレステージ合同会社,brand_owner,global,core,2026-02-12,2026-02,,none,,SK-II,デパコス,0,0,0,https://prtimes.jp/main/html/rd/p/000000092.000064854.html
000000189.000081704,81704,株式会社ファイントゥデイ,ファイントゥデイ株式会社,brand_owner,JP,core,2026-02-12,2026-02,hair,other,,SEA BREEZE,プチプラ,0,0,0,https://prtimes.jp/main/html/rd/p/000000189.000081704.html
000000261.000072864,72864,花王株式会社（Kao Beauty Brands）,花王株式会社,brand_owner,JP,present_forward,2026-02-12,2026-02,face_wash,skincare,,ソフィーナiP|SOFINA,ミドル,0,0,0,https://prtimes.jp/main/html/rd/p/000000261.000072864.html
000000462.000000263,263,常盤薬品工業株式会社,常盤薬品工業株式会社,brand_owner,JP,present_forward,2026-02-12,2026-02,cream,skincare,,,プチプラ,0,0,0,https://prtimes.jp/main/html/rd/p/000000462.000000263.html
000000097.000056098,56098,株式会社クリオ,株式会社クリオ,brand_owner,KR,core,2026-02-13,2026-02,eye_makeup|serum|lipstick|blush,makeup,,CLIO,ミドル,0,0,0,https://prtimes.jp/main/html/rd/p/000000097.000056098.html
000000107.000096821,96821,VT COSMETICS,VT COSMETICS,brand_owner,KR,core,2026-02-13,2026-02,cream,skincare,,VT,プチプラ,0,0,0,https://prtimes.jp/main/html/rd/p/000000107.000096821.html
000000201.000086691,86691,ユニリーバ・ジャパン・カスタマーマーケティング株式会社,ユニリーバ・ジャパン株式会社,brand_owner,global,core,2026-02-13,2026-02,toner_lotion,skincare,ヒアルロン酸Na|グルタチオン,,プチプラ,0,0,0,https://prtimes.jp/main/html/rd/p/000000201.000086691.html
000000284.000076505,76505,株式会社韓国高麗人蔘社,株式会社韓国高麗人蔘社,importer,KR,core,2026-02-13,2026-02,base_makeup,makeup,,,,0,0,0,https://prtimes.jp/main/html/rd/p/000000284.000076505.html
000000333.000021350,21350,アモーレパシフィックジャパン株式会社,アモーレパシフィックジャパン株式会社,brand_owner,KR,core,2026-02-13,2026-02,blush,makeup,,エチュード,プチプラ,0,0,0,https://prtimes.jp/main/html/rd/p/000000333.000021350.html
000000429.000022808,22808,資生堂ジャパン株式会社,株式会社資生堂,brand_owner,JP,present_forward,2026-02-13,2026-02,powder,makeup,,,mixed,0,0,0,https://prtimes.jp/main/html/rd/p/000000429.000022808.html
000000669.000007954,7954,クラシエ株式会社（ホームプロダクツカンパニー）,クラシエ株式会社,brand_owner,JP,core,2026-02-13,2026-02,toner_lotion,skincare,,肌美精,プチプラ,1,0,0,https://prtimes.jp/main/html/rd/p/000000669.000007954.html
000000723.000036737,36737,株式会社ポーラ,株式会社ポーラ,brand_owner,JP,core,2026-02-13,2026-02,,none,,POLA,デパコス,0,0,0,https://prtimes.jp/main/html/rd/p/000000723.000036737.html
000000861.000016220,16220,株式会社カネボウ化粧品,株式会社カネボウ化粧品,brand_owner,JP,present_forward,2026-02-13,2026-02,,none,加水分解コラーゲン,,mixed,0,0,0,https://prtimes.jp/main/html/rd/p/000000861.000016220.html
000001787.000000987,987,株式会社良品計画,株式会社良品計画,brand_owner,JP,present_forward,2026-02-13,2026-02,cleansing|face_wash,skincare,,無印良品,プチプラ,0,0,0,https://prtimes.jp/main/html/rd/p/000001787.000000987.html
000000464.000000263,263,常盤薬品工業株式会社,常盤薬品工業株式会社,brand_owner,JP,present_forward,2026-02-16,2026-02,,none,,なめらか本舗,プチプラ,1,0,0,https://prtimes.jp/main/html/rd/p/000000464.000000263.html
000003047.000005794,5794,株式会社資生堂,株式会社資生堂,brand_owner,JP,present_forward,2026-02-16,2026-02,,none,,アネッサ,ミドル,0,0,0,https://prtimes.jp/main/html/rd/p/000003047.000005794.html
000000263.000072864,72864,花王株式会社（Kao Beauty Brands）,花王株式会社,brand_owner,JP,present_forward,2026-02-17,2026-02,base_makeup,makeup,,SOFINA,ミドル,0,0,0,https://prtimes.jp/main/html/rd/p/000000263.000072864.html
000000573.000001572,1572,株式会社石澤研究所,株式会社石澤研究所,brand_owner,JP,core,2026-02-17,2026-02,,none,,毛穴撫子,プチプラ,0,0,0,https://prtimes.jp/main/html/rd/p/000000573.000001572.html
000000866.000016220,16220,株式会社カネボウ化粧品,株式会社カネボウ化粧品,brand_owner,JP,present_forward,2026-02-17,2026-02,eye_makeup,makeup,,KATE,プチプラ,0,0,1,https://prtimes.jp/main/html/rd/p/000000866.000016220.html
000000867.000016220,16220,株式会社カネボウ化粧品,株式会社カネボウ化粧品,brand_owner,JP,present_forward,2026-02-17,2026-02,foundation|powder,makeup,,,mixed,0,0,0,https://prtimes.jp/main/html/rd/p/000000867.000016220.html
000001497.000017666,17666,株式会社ファンケル,株式会社ファンケル,brand_owner,JP,present_forward,2026-02-17,2026-02,face_wash,skincare,,FANCL,ミドル,0,0,0,https://prtimes.jp/main/html/rd/p/000001497.000017666.html
000003052.000005794,5794,株式会社資生堂,株式会社資生堂,brand_owner,JP,present_forward,2026-02-17,2026-02,powder|hair,makeup,,クレ・ド・ポー ボーテ,デパコス,0,0,0,https://prtimes.jp/main/html/rd/p/000003052.000005794.html
000000118.000042040,42040,株式会社セザンヌ化粧品,セザンヌ化粧品株式会社,brand_owner,JP,core,2026-02-18,2026-02,base_makeup|foundation|serum,makeup,,CEZANNE,プチプラ,0,0,0,https://prtimes.jp/main/html/rd/p/000000118.000042040.html
000000487.000085143,85143,アステナホールディングス株式会社,アステナホールディングス株式会社,importer,KR,present_forward,2026-02-18,2026-02,serum,skincare,,,,0,0,0,https://prtimes.jp/main/html/rd/p/000000487.000085143.html
000003049.000005794,5794,株式会社資生堂,株式会社資生堂,brand_owner,JP,present_forward,2026-02-18,2026-02,,none,加水分解コラーゲン,,mixed,0,1,0,https://prtimes.jp/main/html/rd/p/000003049.000005794.html
000000098.000056098,56098,株式会社クリオ,株式会社クリオ,brand_owner,KR,core,2026-02-19,2026-02,base_makeup|lipstick,makeup,,CLIO,ミドル,0,0,0,https://prtimes.jp/main/html/rd/p/000000098.000056098.html
000000334.000021350,21350,アモーレパシフィックジャパン株式会社,アモーレパシフィックジャパン株式会社,brand_owner,KR,core,2026-02-19,2026-02,cream|base_makeup,skincare,,,mixed,0,1,0,https://prtimes.jp/main/html/rd/p/000000334.000021350.html
000000670.000007954,7954,クラシエ株式会社（ホームプロダクツカンパニー）,クラシエ株式会社,brand_owner,JP,core,2026-02-19,2026-02,hair,other,,,プチプラ,0,0,0,https://prtimes.jp/main/html/rd/p/000000670.000007954.html
000000692.000002061,2061,オルビス株式会社,株式会社オルビス,brand_owner,JP,core,2026-02-19,2026-02,mask,skincare,,ORBIS,ミドル,0,0,0,https://prtimes.jp/main/html/rd/p/000000692.000002061.html
000000693.000002061,2061,オルビス株式会社,株式会社オルビス,brand_owner,JP,core,2026-02-19,2026-02,,none,,ORBIS,ミドル,1,0,0,https://prtimes.jp/main/html/rd/p/000000693.000002061.html
000001796.000009276,9276,花王株式会社,花王株式会社,brand_owner,JP,present_forward,2026-02-19,2026-02,hair,other,,,ミドル/プチプラ,0,0,0,https://prtimes.jp/main/html/rd/p/000001796.000009276.html
000000554.000028974,28974,株式会社桃谷順天館,株式会社桃谷順天館,brand_owner,JP,present_forward,2026-02-20,2026-02,serum,skincare,,明色,プチプラ,0,0,0,https://prtimes.jp/main/html/rd/p/000000554.000028974.html
000000555.000028974,28974,株式会社桃谷順天館,株式会社桃谷順天館,brand_owner,JP,present_forward,2026-02-20,2026-02,serum,skincare,,明色,プチプラ,0,0,0,https://prtimes.jp/main/html/rd/p/000000555.000028974.html
000000556.000028974,28974,株式会社桃谷順天館,株式会社桃谷順天館,brand_owner,JP,present_forward,2026-02-20,2026-02,face_wash,skincare,,明色,プチプラ,0,0,0,https://prtimes.jp/main/html/rd/p/000000556.000028974.html
000000560.000028974,28974,株式会社桃谷順天館,株式会社桃谷順天館,brand_owner,JP,present_forward,2026-02-20,2026-02,mask,skincare,,,プチプラ,0,0,0,https://prtimes.jp/main/html/rd/p/000000560.000028974.html
000000562.000028974,28974,株式会社桃谷順天館,株式会社桃谷順天館,brand_owner,JP,present_forward,2026-02-20,2026-02,cream,skincare,,,プチプラ,0,0,0,https://prtimes.jp/main/html/rd/p/000000562.000028974.html
000000671.000007954,7954,クラシエ株式会社（ホームプロダクツカンパニー）,クラシエ株式会社,brand_owner,JP,core,2026-02-20,2026-02,hair,other,,,プチプラ,0,1,0,https://prtimes.jp/main/html/rd/p/000000671.000007954.html
000001083.000006496,6496,株式会社マンダム,株式会社マンダム,brand_owner,JP,present_forward,2026-02-20,2026-02,,none,,GATSBY,プチプラ,0,0,0,https://prtimes.jp/main/html/rd/p/000001083.000006496.html
000001084.000006496,6496,株式会社マンダム,株式会社マンダム,brand_owner,JP,present_forward,2026-02-20,2026-02,,none,,GATSBY,プチプラ,0,1,0,https://prtimes.jp/main/html/rd/p/000001084.000006496.html
000001085.000006496,6496,株式会社マンダム,株式会社マンダム,brand_owner,JP,present_forward,2026-02-20,2026-02,,none,,GATSBY,プチプラ,0,0,0,https://prtimes.jp/main/html/rd/p/000001085.000006496.html
000001086.000006496,6496,株式会社マンダム,株式会社マンダム,brand_owner,JP,present_forward,2026-02-20,2026-02,,none,,GATSBY,プチプラ,0,1,0,https://prtimes.jp/main/html/rd/p/000001086.000006496.html
000001087.000006496,6496,株式会社マンダム,株式会社マンダム,brand_owner,JP,present_forward,2026-02-20,2026-02,,none,,GATSBY,プチプラ,0,0,0,https://prtimes.jp/main/html/rd/p/000001087.000006496.html
000001088.000006496,6496,株式会社マンダム,株式会社マンダム,brand_owner,JP,present_forward,2026-02-20,2026-02,,none,,GATSBY,プチプラ,0,0,0,https://prtimes.jp/main/html/rd/p/000001088.000006496.html
000001089.000006496,6496,株式会社マンダム,株式会社マンダム,brand_owner,JP,present_forward,2026-02-20,2026-02,,none,,,プチプラ,0,0,0,https://prtimes.jp/main/html/rd/p/000001089.000006496.html
000001090.000006496,6496,株式会社マンダム,株式会社マンダム,brand_owner,JP,present_forward,2026-02-20,2026-02,lash_brow,makeup,,ビフェスタ,プチプラ,0,0,0,https://prtimes.jp/main/html/rd/p/000001090.000006496.html
000001091.000006496,6496,株式会社マンダム,株式会社マンダム,brand_owner,JP,present_forward,2026-02-20,2026-02,face_wash,skincare,,GATSBY,プチプラ,0,0,0,https://prtimes.jp/main/html/rd/p/000001091.000006496.html
000001797.000009276,9276,花王株式会社,花王株式会社,brand_owner,JP,present_forward,2026-02-20,2026-02,,none,,ビオレ,プチプラ,0,0,0,https://prtimes.jp/main/html/rd/p/000001797.000009276.html
000003053.000005794,5794,株式会社資生堂,株式会社資生堂,brand_owner,JP,present_forward,2026-02-20,2026-02,,none,,クレ・ド・ポー ボーテ,デパコス,0,0,0,https://prtimes.jp/main/html/rd/p/000003053.000005794.html
000003056.000005794,5794,株式会社資生堂,株式会社資生堂,brand_owner,JP,present_forward,2026-02-20,2026-02,serum,skincare,,HAKU,ミドル,1,0,0,https://prtimes.jp/main/html/rd/p/000003056.000005794.html
000000108.000096821,96821,VT COSMETICS,VT COSMETICS,brand_owner,KR,core,2026-02-23,2026-02,,none,アスコルビン酸,,,0,0,0,https://prtimes.jp/main/html/rd/p/000000108.000096821.html
000000189.000031376,31376,アモーレパシフィックジャパン株式会社,アモーレパシフィックジャパン株式会社,brand_owner,KR,core,2026-02-23,2026-02,,none,,イニスフリー,プチプラ/ミドル,0,0,0,https://prtimes.jp/main/html/rd/p/000000189.000031376.html
000000011.000152955,152955,"Gowoonsesang Cosmetics., Co. Ltd.","Gowoonsesang Cosmetics., Co. Ltd.",brand_owner,KR,core,2026-02-24,2026-02,,none,,Dr.G,ミドル,0,0,1,https://prtimes.jp/main/html/rd/p/000000011.000152955.html
000000016.000108700,108700,株式会社APRJP,株式会社APRJP,brand_owner,KR,core,2026-02-24,2026-02,booster,skincare,,medicube,ミドル,0,0,0,https://prtimes.jp/main/html/rd/p/000000016.000108700.html
000000054.000077831,77831,株式会社mimi-Japan,株式会社mimi-Japan,importer,CN,core,2026-02-24,2026-02,,none,,,,0,0,0,https://prtimes.jp/main/html/rd/p/000000054.000077831.html
000000090.000035071,35071,株式会社BENOW JAPAN,株式会社BENOW JAPAN,importer,KR,core,2026-02-24,2026-02,cream,skincare,,numbuzin,ミドル,0,0,0,https://prtimes.jp/main/html/rd/p/000000090.000035071.html
000000241.000019685,19685,株式会社 井田ラボラトリーズ,株式会社井田ラボラトリーズ,brand_owner,JP,core,2026-02-24,2026-02,eye_makeup|cream|blush,makeup,,CANMAKE,プチプラ,0,0,0,https://prtimes.jp/main/html/rd/p/000000241.000019685.html
000000242.000019685,19685,株式会社 井田ラボラトリーズ,株式会社井田ラボラトリーズ,brand_owner,JP,core,2026-02-24,2026-02,blush,makeup,,CANMAKE,プチプラ,0,0,0,https://prtimes.jp/main/html/rd/p/000000242.000019685.html
000000335.000021350,21350,アモーレパシフィックジャパン株式会社,アモーレパシフィックジャパン株式会社,brand_owner,KR,core,2026-02-24,2026-02,,none,,,mixed,0,0,0,https://prtimes.jp/main/html/rd/p/000000335.000021350.html
000000492.000085143,85143,アステナホールディングス株式会社,アステナホールディングス株式会社,importer,KR,present_forward,2026-02-24,2026-02,mask|serum,skincare,,,,0,0,0,https://prtimes.jp/main/html/rd/p/000000492.000085143.html
000000724.000036737,36737,株式会社ポーラ,株式会社ポーラ,brand_owner,JP,core,2026-02-24,2026-02,,none,,POLA,デパコス,0,0,0,https://prtimes.jp/main/html/rd/p/000000724.000036737.html
000001798.000009276,9276,花王株式会社,花王株式会社,brand_owner,JP,present_forward,2026-02-24,2026-02,hair,other,,,ミドル/プチプラ,0,0,0,https://prtimes.jp/main/html/rd/p/000001798.000009276.html
000000052.000127171,127171,株式会社Goodai Global Japan,株式会社Goodai Global Japan,importer,KR,core,2026-02-25,2026-02,lipstick,makeup,,TIRTIR,プチプラ/ミドル,0,0,0,https://prtimes.jp/main/html/rd/p/000000052.000127171.html
000000053.000127171,127171,株式会社Goodai Global Japan,株式会社Goodai Global Japan,importer,KR,core,2026-02-25,2026-02,base_makeup,makeup,,TIRTIR,プチプラ/ミドル,0,0,0,https://prtimes.jp/main/html/rd/p/000000053.000127171.html
000000093.000090124,90124,ELCジャパン合同会社,ELCジャパン合同会社,brand_owner,global,core,2026-02-25,2026-02,fragrance,other,,ジョー マローン ロンドン,デパコス,0,0,0,https://prtimes.jp/main/html/rd/p/000000093.000090124.html
000000108.000004359,4359,ELCジャパン合同会社,ELCジャパン合同会社,brand_owner,global,core,2026-02-25,2026-02,,none,,クリニーク,デパコス,0,1,0,https://prtimes.jp/main/html/rd/p/000000108.000004359.html
000000288.000076505,76505,株式会社韓国高麗人蔘社,株式会社韓国高麗人蔘社,importer,KR,core,2026-02-25,2026-02,toner_lotion,skincare,,,,0,0,0,https://prtimes.jp/main/html/rd/p/000000288.000076505.html
000000603.000014810,14810,パルファン・クリスチャン・ディオール・ジャポン株式会社,パルファン・クリスチャン・ディオール・ジャポン株式会社,brand_owner,global,present_forward,2026-02-25,2026-02,hair|fragrance,other,,,デパコス,0,0,0,https://prtimes.jp/main/html/rd/p/000000603.000014810.html
000000696.000002061,2061,オルビス株式会社,株式会社オルビス,brand_owner,JP,core,2026-02-25,2026-02,serum|hair,skincare,,ORBIS,ミドル,0,0,1,https://prtimes.jp/main/html/rd/p/000000696.000002061.html
000001793.000000987,987,株式会社良品計画,株式会社良品計画,brand_owner,JP,present_forward,2026-02-25,2026-02,all_in_one|face_wash,skincare,,無印良品,プチプラ,0,0,0,https://prtimes.jp/main/html/rd/p/000001793.000000987.html
000000140.000024471,24471,日本ロレアル株式会社　タカミ事業部,日本ロレアル株式会社,brand_owner,global,core,2026-02-26,2026-02,,none,,タカミ,ミドル,0,0,0,https://prtimes.jp/main/html/rd/p/000000140.000024471.html
000000287.000076505,76505,株式会社韓国高麗人蔘社,株式会社韓国高麗人蔘社,importer,KR,core,2026-02-26,2026-02,lipstick,makeup,,,,0,0,0,https://prtimes.jp/main/html/rd/p/000000287.000076505.html
000000336.000021350,21350,アモーレパシフィックジャパン株式会社,アモーレパシフィックジャパン株式会社,brand_owner,KR,core,2026-02-26,2026-02,,none,,,mixed,0,0,0,https://prtimes.jp/main/html/rd/p/000000336.000021350.html
000000337.000021350,21350,アモーレパシフィックジャパン株式会社,アモーレパシフィックジャパン株式会社,brand_owner,KR,core,2026-02-26,2026-02,,none,,エチュード,プチプラ,0,0,0,https://prtimes.jp/main/html/rd/p/000000337.000021350.html
000000568.000028974,28974,株式会社桃谷順天館,株式会社桃谷順天館,brand_owner,JP,present_forward,2026-02-26,2026-02,serum,skincare,,,プチプラ,0,0,0,https://prtimes.jp/main/html/rd/p/000000568.000028974.html
000000569.000028974,28974,株式会社桃谷順天館,株式会社桃谷順天館,brand_owner,JP,present_forward,2026-02-26,2026-02,serum,skincare,,,プチプラ,0,0,0,https://prtimes.jp/main/html/rd/p/000000569.000028974.html
000000604.000014810,14810,パルファン・クリスチャン・ディオール・ジャポン株式会社,パルファン・クリスチャン・ディオール・ジャポン株式会社,brand_owner,global,present_forward,2026-02-26,2026-02,,none,,Dior,デパコス,0,0,0,https://prtimes.jp/main/html/rd/p/000000604.000014810.html
000003062.000005794,5794,株式会社資生堂,株式会社資生堂,brand_owner,JP,present_forward,2026-02-26,2026-02,,none,,,mixed,0,0,0,https://prtimes.jp/main/html/rd/p/000003062.000005794.html
000000109.000096821,96821,VT COSMETICS,VT COSMETICS,brand_owner,KR,core,2026-02-27,2026-02,,none,,VT,プチプラ,0,0,0,https://prtimes.jp/main/html/rd/p/000000109.000096821.html
000000203.000086691,86691,ユニリーバ・ジャパン・カスタマーマーケティング株式会社,ユニリーバ・ジャパン株式会社,brand_owner,global,core,2026-02-27,2026-02,cleansing|cream|face_wash,skincare,,Dove,プチプラ,0,0,0,https://prtimes.jp/main/html/rd/p/000000203.000086691.html
000000290.000076505,76505,株式会社韓国高麗人蔘社,株式会社韓国高麗人蔘社,importer,KR,core,2026-02-27,2026-02,sunscreen|cream|toner_lotion,skincare,,,,0,0,0,https://prtimes.jp/main/html/rd/p/000000290.000076505.html
000000339.000021350,21350,アモーレパシフィックジャパン株式会社,アモーレパシフィックジャパン株式会社,brand_owner,KR,core,2026-02-27,2026-02,,none,,,mixed,0,0,0,https://prtimes.jp/main/html/rd/p/000000339.000021350.html
000000461.000030413,30413,株式会社ディーエイチシー,株式会社ディーエイチシー,brand_owner,JP,core,2026-02-27,2026-02,serum,skincare,グルタチオン|アスコルビン酸,DHC,プチプラ/ミドル,0,0,0,https://prtimes.jp/main/html/rd/p/000000461.000030413.html
000000673.000007954,7954,クラシエ株式会社（ホームプロダクツカンパニー）,クラシエ株式会社,brand_owner,JP,core,2026-02-27,2026-02,body|hair,other,,,プチプラ,0,0,0,https://prtimes.jp/main/html/rd/p/000000673.000007954.html
000001081.000006496,6496,株式会社マンダム,株式会社マンダム,brand_owner,JP,present_forward,2026-02-27,2026-02,cleansing|lash_brow,skincare,,ビフェスタ,プチプラ,0,0,0,https://prtimes.jp/main/html/rd/p/000001081.000006496.html
000001096.000006496,6496,株式会社マンダム,株式会社マンダム,brand_owner,JP,present_forward,2026-02-27,2026-02,serum|hair,skincare,,,プチプラ,0,0,0,https://prtimes.jp/main/html/rd/p/000001096.000006496.html
000003063.000005794,5794,株式会社資生堂,株式会社資生堂,brand_owner,JP,present_forward,2026-02-27,2026-02,,none,,,mixed,0,0,0,https://prtimes.jp/main/html/rd/p/000003063.000005794.html
000000022.000125824,125824,"ｄ’Alba Global Co., Ltd.","ｄ’Alba Global Co., Ltd.",brand_owner,KR,core,2026-02-28,2026-02,,none,,d'Alba,ミドル,0,0,0,https://prtimes.jp/main/html/rd/p/000000022.000125824.html
000000111.000096821,96821,VT COSMETICS,VT COSMETICS,brand_owner,KR,core,2026-03-01,2026-03,lipstick,makeup,,VT,プチプラ,0,0,0,https://prtimes.jp/main/html/rd/p/000000111.000096821.html
000000110.000096821,96821,VT COSMETICS,VT COSMETICS,brand_owner,KR,core,2026-03-02,2026-03,,none,ツボクサエキス,VT,プチプラ,0,0,0,https://prtimes.jp/main/html/rd/p/000000110.000096821.html
000000204.000086691,86691,ユニリーバ・ジャパン・カスタマーマーケティング株式会社,ユニリーバ・ジャパン株式会社,brand_owner,global,core,2026-03-02,2026-03,serum,skincare,,Dove,プチプラ,0,0,0,https://prtimes.jp/main/html/rd/p/000000204.000086691.html
000000340.000021350,21350,アモーレパシフィックジャパン株式会社,アモーレパシフィックジャパン株式会社,brand_owner,KR,core,2026-03-02,2026-03,powder|lipstick,makeup,,,mixed,0,0,0,https://prtimes.jp/main/html/rd/p/000000340.000021350.html
000000552.000028974,28974,株式会社桃谷順天館,株式会社桃谷順天館,brand_owner,JP,present_forward,2026-03-02,2026-03,foundation,makeup,,明色,プチプラ,0,1,0,https://prtimes.jp/main/html/rd/p/000000552.000028974.html
000000570.000028974,28974,株式会社桃谷順天館,株式会社桃谷順天館,brand_owner,JP,present_forward,2026-03-02,2026-03,powder,makeup,,明色,プチプラ,0,0,0,https://prtimes.jp/main/html/rd/p/000000570.000028974.html
000000674.000007954,7954,クラシエ株式会社（ホームプロダクツカンパニー）,クラシエ株式会社,brand_owner,JP,core,2026-03-02,2026-03,hair,other,,,プチプラ,0,1,0,https://prtimes.jp/main/html/rd/p/000000674.000007954.html
000000873.000016220,16220,株式会社カネボウ化粧品,株式会社カネボウ化粧品,brand_owner,JP,present_forward,2026-03-02,2026-03,lipstick,makeup,,,mixed,0,0,0,https://prtimes.jp/main/html/rd/p/000000873.000016220.html
000001074.000006496,6496,株式会社マンダム,株式会社マンダム,brand_owner,JP,present_forward,2026-03-02,2026-03,,none,,,プチプラ,0,0,0,https://prtimes.jp/main/html/rd/p/000001074.000006496.html
000003064.000005794,5794,株式会社資生堂,株式会社資生堂,brand_owner,JP,present_forward,2026-03-02,2026-03,base_makeup,makeup,,,mixed,0,0,0,https://prtimes.jp/main/html/rd/p/000003064.000005794.html
000000093.000056098,56098,株式会社クリオ,株式会社クリオ,brand_owner,KR,core,2026-03-03,2026-03,lipstick,makeup,,peripera,プチプラ,0,0,0,https://prtimes.jp/main/html/rd/p/000000093.000056098.html
000000109.000004359,4359,ELCジャパン合同会社,ELCジャパン合同会社,brand_owner,global,core,2026-03-03,2026-03,blush,makeup,,クリニーク,デパコス,0,0,0,https://prtimes.jp/main/html/rd/p/000000109.000004359.html
000000119.000042040,42040,株式会社セザンヌ化粧品,セザンヌ化粧品株式会社,brand_owner,JP,core,2026-03-03,2026-03,eye_makeup,makeup,,CEZANNE,プチプラ,0,0,0,https://prtimes.jp/main/html/rd/p/000000119.000042040.html
000000265.000072864,72864,花王株式会社（Kao Beauty Brands）,花王株式会社,brand_owner,JP,present_forward,2026-03-03,2026-03,powder,makeup,,est,デパコス,0,0,0,https://prtimes.jp/main/html/rd/p/000000265.000072864.html
000000266.000072864,72864,花王株式会社（Kao Beauty Brands）,花王株式会社,brand_owner,JP,present_forward,2026-03-03,2026-03,base_makeup,makeup,,SOFINA,ミドル,0,0,0,https://prtimes.jp/main/html/rd/p/000000266.000072864.html
000000267.000072864,72864,花王株式会社（Kao Beauty Brands）,花王株式会社,brand_owner,JP,present_forward,2026-03-03,2026-03,serum,skincare,,キュレル,ミドル,1,0,0,https://prtimes.jp/main/html/rd/p/000000267.000072864.html
000000465.000000263,263,常盤薬品工業株式会社,常盤薬品工業株式会社,brand_owner,JP,present_forward,2026-03-03,2026-03,cleansing|cream|serum,skincare,,なめらか本舗,プチプラ,1,0,0,https://prtimes.jp/main/html/rd/p/000000465.000000263.html
000000466.000000263,263,常盤薬品工業株式会社,常盤薬品工業株式会社,brand_owner,JP,present_forward,2026-03-03,2026-03,powder|serum,makeup,,,プチプラ,0,0,0,https://prtimes.jp/main/html/rd/p/000000466.000000263.html
000000628.000070897,70897,花王株式会社,花王株式会社,brand_owner,JP,present_forward,2026-03-03,2026-03,face_wash,skincare,,ビオレ,プチプラ,0,0,0,https://prtimes.jp/main/html/rd/p/000000628.000070897.html
000000675.000007954,7954,クラシエ株式会社（ホームプロダクツカンパニー）,クラシエ株式会社,brand_owner,JP,core,2026-03-03,2026-03,body,other,,,プチプラ,0,0,0,https://prtimes.jp/main/html/rd/p/000000675.000007954.html
000000869.000016220,16220,株式会社カネボウ化粧品,株式会社カネボウ化粧品,brand_owner,JP,present_forward,2026-03-03,2026-03,emulsion,skincare,ヒアルロン酸Na,DEW|KANEBO,ミドル,0,0,0,https://prtimes.jp/main/html/rd/p/000000869.000016220.html
000001800.000009276,9276,花王株式会社,花王株式会社,brand_owner,JP,present_forward,2026-03-03,2026-03,toner_lotion|hair,skincare,,,ミドル/プチプラ,0,0,0,https://prtimes.jp/main/html/rd/p/000001800.000009276.html
000001802.000009276,9276,花王株式会社,花王株式会社,brand_owner,JP,present_forward,2026-03-03,2026-03,,none,,ビオレ,プチプラ,1,0,0,https://prtimes.jp/main/html/rd/p/000001802.000009276.html
000001803.000009276,9276,花王株式会社,花王株式会社,brand_owner,JP,present_forward,2026-03-03,2026-03,cleansing,skincare,,ビオレ,プチプラ,0,0,0,https://prtimes.jp/main/html/rd/p/000001803.000009276.html
000000077.000121730,121730,ＪＮＴＬコンシューマーヘルス株式会社,ケンビュー・ジャパン合同会社,brand_owner,global,core,2026-03-04,2026-03,,none,,,プチプラ/ミドル,0,1,0,https://prtimes.jp/main/html/rd/p/000000077.000121730.html
000000112.000096821,96821,VT COSMETICS,VT COSMETICS,brand_owner,KR,core,2026-03-04,2026-03,toner_lotion,skincare,,VT,プチプラ,0,0,1,https://prtimes.jp/main/html/rd/p/000000112.000096821.html
000000191.000081704,81704,株式会社ファイントゥデイ,ファイントゥデイ株式会社,brand_owner,JP,core,2026-03-04,2026-03,all_in_one|serum,skincare,,,プチプラ,0,0,0,https://prtimes.jp/main/html/rd/p/000000191.000081704.html
000000341.000021350,21350,アモーレパシフィックジャパン株式会社,アモーレパシフィックジャパン株式会社,brand_owner,KR,core,2026-03-04,2026-03,lip_balm|lipstick,makeup,,,mixed,0,0,0,https://prtimes.jp/main/html/rd/p/000000341.000021350.html
000000467.000030413,30413,株式会社ディーエイチシー,株式会社ディーエイチシー,brand_owner,JP,core,2026-03-04,2026-03,cream,skincare,,DHC,プチプラ/ミドル,0,0,0,https://prtimes.jp/main/html/rd/p/000000467.000030413.html
000000606.000014810,14810,パルファン・クリスチャン・ディオール・ジャポン株式会社,パルファン・クリスチャン・ディオール・ジャポン株式会社,brand_owner,global,present_forward,2026-03-04,2026-03,,none,,Dior,デパコス,0,0,0,https://prtimes.jp/main/html/rd/p/000000606.000014810.html
000000874.000016220,16220,株式会社カネボウ化粧品,株式会社カネボウ化粧品,brand_owner,JP,present_forward,2026-03-04,2026-03,toner_lotion|emulsion,skincare,,,mixed,0,0,0,https://prtimes.jp/main/html/rd/p/000000874.000016220.html
000003067.000005794,5794,株式会社資生堂,株式会社資生堂,brand_owner,JP,present_forward,2026-03-04,2026-03,fragrance,other,,,mixed,0,0,0,https://prtimes.jp/main/html/rd/p/000003067.000005794.html
000000192.000081704,81704,株式会社ファイントゥデイ,ファイントゥデイ株式会社,brand_owner,JP,core,2026-03-05,2026-03,serum|cream|face_wash,skincare,,SENKA,プチプラ,0,1,0,https://prtimes.jp/main/html/rd/p/000000192.000081704.html
000000202.000086691,86691,ユニリーバ・ジャパン・カスタマーマーケティング株式会社,ユニリーバ・ジャパン株式会社,brand_owner,global,core,2026-03-05,2026-03,cream,skincare,,Dove,プチプラ,0,0,0,https://prtimes.jp/main/html/rd/p/000000202.000086691.html
000000342.000021350,21350,アモーレパシフィックジャパン株式会社,アモーレパシフィックジャパン株式会社,brand_owner,KR,core,2026-03-05,2026-03,serum,skincare,,,mixed,0,0,0,https://prtimes.jp/main/html/rd/p/000000342.000021350.html
000000607.000014810,14810,パルファン・クリスチャン・ディオール・ジャポン株式会社,パルファン・クリスチャン・ディオール・ジャポン株式会社,brand_owner,global,present_forward,2026-03-05,2026-03,,none,,Dior,デパコス,0,0,0,https://prtimes.jp/main/html/rd/p/000000607.000014810.html
000000012.000152955,152955,"Gowoonsesang Cosmetics., Co. Ltd.","Gowoonsesang Cosmetics., Co. Ltd.",brand_owner,KR,core,2026-03-06,2026-03,serum|lipstick,skincare,,Dr.G,ミドル,0,0,0,https://prtimes.jp/main/html/rd/p/000000012.000152955.html
000000431.000022808,22808,資生堂ジャパン株式会社,株式会社資生堂,brand_owner,JP,present_forward,2026-03-06,2026-03,blush,makeup,,,mixed,0,0,0,https://prtimes.jp/main/html/rd/p/000000431.000022808.html
000000433.000022808,22808,資生堂ジャパン株式会社,株式会社資生堂,brand_owner,JP,present_forward,2026-03-06,2026-03,foundation,makeup,,,mixed,0,0,0,https://prtimes.jp/main/html/rd/p/000000433.000022808.html
000000608.000014810,14810,パルファン・クリスチャン・ディオール・ジャポン株式会社,パルファン・クリスチャン・ディオール・ジャポン株式会社,brand_owner,global,present_forward,2026-03-06,2026-03,eye_makeup,makeup,,,デパコス,0,0,0,https://prtimes.jp/main/html/rd/p/000000608.000014810.html
000000630.000070897,70897,花王株式会社,花王株式会社,brand_owner,JP,present_forward,2026-03-06,2026-03,hair,other,,,mixed,0,0,0,https://prtimes.jp/main/html/rd/p/000000630.000070897.html
000000875.000016220,16220,株式会社カネボウ化粧品,株式会社カネボウ化粧品,brand_owner,JP,present_forward,2026-03-06,2026-03,,none,,KANEBO,デパコス,0,0,0,https://prtimes.jp/main/html/rd/p/000000875.000016220.html
000003069.000005794,5794,株式会社資生堂,株式会社資生堂,brand_owner,JP,present_forward,2026-03-06,2026-03,,none,,,mixed,0,0,0,https://prtimes.jp/main/html/rd/p/000003069.000005794.html
000000205.000086691,86691,ユニリーバ・ジャパン・カスタマーマーケティング株式会社,ユニリーバ・ジャパン株式会社,brand_owner,global,core,2026-03-09,2026-03,hair,other,,LUX,プチプラ,0,0,0,https://prtimes.jp/main/html/rd/p/000000205.000086691.html
000000434.000022808,22808,資生堂ジャパン株式会社,株式会社資生堂,brand_owner,JP,present_forward,2026-03-09,2026-03,powder,makeup,,,mixed,0,0,0,https://prtimes.jp/main/html/rd/p/000000434.000022808.html
000000435.000022808,22808,資生堂ジャパン株式会社,株式会社資生堂,brand_owner,JP,present_forward,2026-03-09,2026-03,blush|powder,makeup,,,mixed,0,0,0,https://prtimes.jp/main/html/rd/p/000000435.000022808.html
000001097.000006496,6496,株式会社マンダム,株式会社マンダム,brand_owner,JP,present_forward,2026-03-09,2026-03,,none,,,プチプラ,1,0,0,https://prtimes.jp/main/html/rd/p/000001097.000006496.html
000000293.000076505,76505,株式会社韓国高麗人蔘社,株式会社韓国高麗人蔘社,importer,KR,core,2026-03-10,2026-03,,none,,rom&nd,プチプラ,0,0,0,https://prtimes.jp/main/html/rd/p/000000293.000076505.html
000000577.000001572,1572,株式会社石澤研究所,株式会社石澤研究所,brand_owner,JP,core,2026-03-10,2026-03,serum,skincare,,,プチプラ,0,0,0,https://prtimes.jp/main/html/rd/p/000000577.000001572.html
000000190.000031376,31376,アモーレパシフィックジャパン株式会社,アモーレパシフィックジャパン株式会社,brand_owner,KR,core,2026-03-11,2026-03,serum,skincare,セラミド,イニスフリー,プチプラ/ミドル,0,0,0,https://prtimes.jp/main/html/rd/p/000000190.000031376.html
000000574.000001572,1572,株式会社石澤研究所,株式会社石澤研究所,brand_owner,JP,core,2026-03-11,2026-03,,none,,,プチプラ,0,0,0,https://prtimes.jp/main/html/rd/p/000000574.000001572.html
000000610.000014810,14810,パルファン・クリスチャン・ディオール・ジャポン株式会社,パルファン・クリスチャン・ディオール・ジャポン株式会社,brand_owner,global,present_forward,2026-03-11,2026-03,,none,,Dior,デパコス,0,0,0,https://prtimes.jp/main/html/rd/p/000000610.000014810.html
000000727.000036737,36737,株式会社ポーラ,株式会社ポーラ,brand_owner,JP,core,2026-03-11,2026-03,mask,skincare,,POLA,デパコス,0,0,0,https://prtimes.jp/main/html/rd/p/000000727.000036737.html
000000501.000085143,85143,アステナホールディングス株式会社,アステナホールディングス株式会社,importer,KR,present_forward,2026-03-12,2026-03,,none,,Torriden,ミドル,0,0,0,https://prtimes.jp/main/html/rd/p/000000501.000085143.html
000000876.000016220,16220,株式会社カネボウ化粧品,株式会社カネボウ化粧品,brand_owner,JP,present_forward,2026-03-12,2026-03,sunscreen|foundation,skincare,,ALLIE,プチプラ,0,0,1,https://prtimes.jp/main/html/rd/p/000000876.000016220.html
000000268.000072864,72864,花王株式会社（Kao Beauty Brands）,花王株式会社,brand_owner,JP,present_forward,2026-03-13,2026-03,face_wash,skincare,,,mixed,1,1,0,https://prtimes.jp/main/html/rd/p/000000268.000072864.html
000000344.000021350,21350,アモーレパシフィックジャパン株式会社,アモーレパシフィックジャパン株式会社,brand_owner,KR,core,2026-03-13,2026-03,base_makeup,makeup,,,mixed,0,0,0,https://prtimes.jp/main/html/rd/p/000000344.000021350.html
000000469.000000263,263,常盤薬品工業株式会社,常盤薬品工業株式会社,brand_owner,JP,present_forward,2026-03-13,2026-03,serum,skincare,,,プチプラ,0,0,0,https://prtimes.jp/main/html/rd/p/000000469.000000263.html
000000549.000044879,44879,ロート製薬株式会社,ロート製薬株式会社,brand_owner,JP,present_forward,2026-03-13,2026-03,fragrance,other,,,プチプラ/ミドル,0,0,0,https://prtimes.jp/main/html/rd/p/000000549.000044879.html
000000077.000018737,18737,ELCジャパン合同会社,ELCジャパン合同会社,brand_owner,global,core,2026-03-16,2026-03,,none,,エスティ ローダー,デパコス,0,0,0,https://prtimes.jp/main/html/rd/p/000000077.000018737.html
000000191.000031376,31376,アモーレパシフィックジャパン株式会社,アモーレパシフィックジャパン株式会社,brand_owner,KR,core,2026-03-16,2026-03,powder,makeup,,イニスフリー,プチプラ/ミドル,0,0,0,https://prtimes.jp/main/html/rd/p/000000191.000031376.html
000000206.000086691,86691,ユニリーバ・ジャパン・カスタマーマーケティング株式会社,ユニリーバ・ジャパン株式会社,brand_owner,global,core,2026-03-16,2026-03,,none,,Dove,プチプラ,0,0,0,https://prtimes.jp/main/html/rd/p/000000206.000086691.html
000001806.000009276,9276,花王株式会社,花王株式会社,brand_owner,JP,present_forward,2026-03-16,2026-03,hair,other,,,ミドル/プチプラ,0,0,0,https://prtimes.jp/main/html/rd/p/000001806.000009276.html
000001809.000009276,9276,花王株式会社,花王株式会社,brand_owner,JP,present_forward,2026-03-16,2026-03,,none,,ビオレ,プチプラ,0,0,0,https://prtimes.jp/main/html/rd/p/000001809.000009276.html
000000471.000030413,30413,株式会社ディーエイチシー,株式会社ディーエイチシー,brand_owner,JP,core,2026-03-17,2026-03,sunscreen,skincare,,DHC,プチプラ/ミドル,0,0,1,https://prtimes.jp/main/html/rd/p/000000471.000030413.html
000003071.000005794,5794,株式会社資生堂,株式会社資生堂,brand_owner,JP,present_forward,2026-03-17,2026-03,,none,,クレ・ド・ポー ボーテ,デパコス,0,0,1,https://prtimes.jp/main/html/rd/p/000003071.000005794.html
000000041.000119328,119328,アモーレパシフィックジャパン株式会社,アモーレパシフィックジャパン株式会社,brand_owner,KR,core,2026-03-18,2026-03,cream|toner_lotion,skincare,,,デパコス,0,0,0,https://prtimes.jp/main/html/rd/p/000000041.000119328.html
000000271.000072864,72864,花王株式会社（Kao Beauty Brands）,花王株式会社,brand_owner,JP,present_forward,2026-03-18,2026-03,face_wash|serum,skincare,,ソフィーナiP|SOFINA,ミドル,0,0,0,https://prtimes.jp/main/html/rd/p/000000271.000072864.html
000000343.000021350,21350,アモーレパシフィックジャパン株式会社,アモーレパシフィックジャパン株式会社,brand_owner,KR,core,2026-03-18,2026-03,,none,,エチュード,プチプラ,0,0,0,https://prtimes.jp/main/html/rd/p/000000343.000021350.html
000000436.000022808,22808,資生堂ジャパン株式会社,株式会社資生堂,brand_owner,JP,present_forward,2026-03-18,2026-03,powder,makeup,,,mixed,0,0,0,https://prtimes.jp/main/html/rd/p/000000436.000022808.html
000000437.000022808,22808,資生堂ジャパン株式会社,株式会社資生堂,brand_owner,JP,present_forward,2026-03-18,2026-03,,none,,,mixed,0,0,0,https://prtimes.jp/main/html/rd/p/000000437.000022808.html
000000578.000001572,1572,株式会社石澤研究所,株式会社石澤研究所,brand_owner,JP,core,2026-03-18,2026-03,mask,skincare,,毛穴撫子,プチプラ,0,0,0,https://prtimes.jp/main/html/rd/p/000000578.000001572.html
000000701.000002061,2061,オルビス株式会社,株式会社オルビス,brand_owner,JP,core,2026-03-18,2026-03,,none,,ORBIS,ミドル,0,0,1,https://prtimes.jp/main/html/rd/p/000000701.000002061.html
000000081.000105692,105692,アモーレパシフィックジャパン株式会社,アモーレパシフィックジャパン株式会社,brand_owner,KR,core,2026-03-19,2026-03,lipstick,makeup,,ラネージュ,ミドル,0,0,0,https://prtimes.jp/main/html/rd/p/000000081.000105692.html
000000207.000086691,86691,ユニリーバ・ジャパン・カスタマーマーケティング株式会社,ユニリーバ・ジャパン株式会社,brand_owner,global,core,2026-03-19,2026-03,hair,other,,LUX,プチプラ,0,0,0,https://prtimes.jp/main/html/rd/p/000000207.000086691.html
000000270.000072864,72864,花王株式会社（Kao Beauty Brands）,花王株式会社,brand_owner,JP,present_forward,2026-03-19,2026-03,toner_lotion,skincare,,est,デパコス,0,0,0,https://prtimes.jp/main/html/rd/p/000000270.000072864.html
000000296.000076505,76505,株式会社韓国高麗人蔘社,株式会社韓国高麗人蔘社,importer,KR,core,2026-03-19,2026-03,lipstick,makeup,,rom&nd,プチプラ,0,0,0,https://prtimes.jp/main/html/rd/p/000000296.000076505.html
000000699.000002061,2061,オルビス株式会社,株式会社オルビス,brand_owner,JP,core,2026-03-19,2026-03,base_makeup|foundation|serum,makeup,,ORBIS,ミドル,0,0,0,https://prtimes.jp/main/html/rd/p/000000699.000002061.html
000000879.000016220,16220,株式会社カネボウ化粧品,株式会社カネボウ化粧品,brand_owner,JP,present_forward,2026-03-19,2026-03,toner_lotion,skincare,,SUISAI|KANEBO,ミドル,0,0,0,https://prtimes.jp/main/html/rd/p/000000879.000016220.html
000003073.000005794,5794,株式会社資生堂,株式会社資生堂,brand_owner,JP,present_forward,2026-03-19,2026-03,all_in_one,skincare,,,mixed,1,0,0,https://prtimes.jp/main/html/rd/p/000003073.000005794.html
000000054.000127171,127171,株式会社Goodai Global Japan,株式会社Goodai Global Japan,importer,KR,core,2026-03-20,2026-03,serum,skincare,DNA-Na,Beauty of Joseon,プチプラ,0,0,0,https://prtimes.jp/main/html/rd/p/000000054.000127171.html
000000047.000126707,126707,株式会社The Founders JAPAN,株式会社The Founders JAPAN,brand_owner,KR,core,2026-03-23,2026-03,cream,skincare,レチノール|加水分解コラーゲン,Anua,ミドル,0,0,0,https://prtimes.jp/main/html/rd/p/000000047.000126707.html
000000244.000019685,19685,株式会社 井田ラボラトリーズ,株式会社井田ラボラトリーズ,brand_owner,JP,core,2026-03-23,2026-03,blush,makeup,,CANMAKE,プチプラ,0,0,0,https://prtimes.jp/main/html/rd/p/000000244.000019685.html
000000245.000019685,19685,株式会社 井田ラボラトリーズ,株式会社井田ラボラトリーズ,brand_owner,JP,core,2026-03-23,2026-03,powder,makeup,,CANMAKE,プチプラ,0,0,0,https://prtimes.jp/main/html/rd/p/000000245.000019685.html
000000438.000022808,22808,資生堂ジャパン株式会社,株式会社資生堂,brand_owner,JP,present_forward,2026-03-23,2026-03,foundation,makeup,,,mixed,0,0,0,https://prtimes.jp/main/html/rd/p/000000438.000022808.html
000003078.000005794,5794,株式会社資生堂,株式会社資生堂,brand_owner,JP,present_forward,2026-03-23,2026-03,,none,,,mixed,0,0,0,https://prtimes.jp/main/html/rd/p/000003078.000005794.html
000000192.000031376,31376,アモーレパシフィックジャパン株式会社,アモーレパシフィックジャパン株式会社,brand_owner,KR,core,2026-03-24,2026-03,mask,skincare,エクソソーム|アゼライン酸|DNA-Na,イニスフリー,プチプラ/ミドル,0,0,0,https://prtimes.jp/main/html/rd/p/000000192.000031376.html
000000209.000086691,86691,ユニリーバ・ジャパン・カスタマーマーケティング株式会社,ユニリーバ・ジャパン株式会社,brand_owner,global,core,2026-03-24,2026-03,toner_lotion,skincare,,,プチプラ,0,0,0,https://prtimes.jp/main/html/rd/p/000000209.000086691.html
000000297.000076505,76505,株式会社韓国高麗人蔘社,株式会社韓国高麗人蔘社,importer,KR,core,2026-03-24,2026-03,serum,skincare,,,,0,0,0,https://prtimes.jp/main/html/rd/p/000000297.000076505.html
000000345.000021350,21350,アモーレパシフィックジャパン株式会社,アモーレパシフィックジャパン株式会社,brand_owner,KR,core,2026-03-25,2026-03,blush,makeup,,エチュード,プチプラ,0,0,0,https://prtimes.jp/main/html/rd/p/000000345.000021350.html
000001514.000017666,17666,株式会社ファンケル,株式会社ファンケル,brand_owner,JP,present_forward,2026-03-25,2026-03,sunscreen,skincare,,FANCL,ミドル,0,0,0,https://prtimes.jp/main/html/rd/p/000001514.000017666.html
000000679.000007954,7954,クラシエ株式会社（ホームプロダクツカンパニー）,クラシエ株式会社,brand_owner,JP,core,2026-03-26,2026-03,hair,other,,,プチプラ,0,0,0,https://prtimes.jp/main/html/rd/p/000000679.000007954.html
000000017.000108700,108700,株式会社APRJP,株式会社APRJP,brand_owner,KR,core,2026-03-27,2026-03,booster,skincare,,medicube,ミドル,0,0,0,https://prtimes.jp/main/html/rd/p/000000017.000108700.html
000000272.000072864,72864,花王株式会社（Kao Beauty Brands）,花王株式会社,brand_owner,JP,present_forward,2026-03-27,2026-03,powder,makeup,,,mixed,0,0,0,https://prtimes.jp/main/html/rd/p/000000272.000072864.html
000000304.000076505,76505,株式会社韓国高麗人蔘社,株式会社韓国高麗人蔘社,importer,KR,core,2026-03-27,2026-03,lipstick,makeup,,rom&nd,プチプラ,0,0,1,https://prtimes.jp/main/html/rd/p/000000304.000076505.html
000000704.000002061,2061,オルビス株式会社,株式会社オルビス,brand_owner,JP,core,2026-03-27,2026-03,,none,,ORBIS,ミドル,0,0,0,https://prtimes.jp/main/html/rd/p/000000704.000002061.html
000000881.000016220,16220,株式会社カネボウ化粧品,株式会社カネボウ化粧品,brand_owner,JP,present_forward,2026-03-27,2026-03,eye_makeup,makeup,,KANEBO,デパコス,0,0,0,https://prtimes.jp/main/html/rd/p/000000881.000016220.html
000001816.000009276,9276,花王株式会社,花王株式会社,brand_owner,JP,present_forward,2026-03-27,2026-03,mask,skincare,,,ミドル/プチプラ,0,0,0,https://prtimes.jp/main/html/rd/p/000001816.000009276.html
000000095.000035071,35071,株式会社BENOW JAPAN,株式会社BENOW JAPAN,importer,KR,core,2026-03-29,2026-03,lipstick|blush,makeup,,,ミドル,0,0,0,https://prtimes.jp/main/html/rd/p/000000095.000035071.html
000000142.000024471,24471,日本ロレアル株式会社　タカミ事業部,日本ロレアル株式会社,brand_owner,global,core,2026-03-30,2026-03,,none,,タカミ,ミドル,0,0,0,https://prtimes.jp/main/html/rd/p/000000142.000024471.html
000000310.000076505,76505,株式会社韓国高麗人蔘社,株式会社韓国高麗人蔘社,importer,KR,core,2026-03-30,2026-03,toner_lotion,skincare,,,,0,0,0,https://prtimes.jp/main/html/rd/p/000000310.000076505.html
000000439.000022808,22808,資生堂ジャパン株式会社,株式会社資生堂,brand_owner,JP,present_forward,2026-03-30,2026-03,blush,makeup,,,mixed,0,0,0,https://prtimes.jp/main/html/rd/p/000000439.000022808.html
000000473.000000263,263,常盤薬品工業株式会社,常盤薬品工業株式会社,brand_owner,JP,present_forward,2026-03-30,2026-03,all_in_one|serum|base_makeup,skincare,,,プチプラ,0,0,0,https://prtimes.jp/main/html/rd/p/000000473.000000263.html
000000885.000016220,16220,株式会社カネボウ化粧品,株式会社カネボウ化粧品,brand_owner,JP,present_forward,2026-03-30,2026-03,serum,skincare,,,mixed,0,0,0,https://prtimes.jp/main/html/rd/p/000000885.000016220.html
000000012.000147749,147749,COSRX  inc.,COSRX inc.,brand_owner,KR,core,2026-03-31,2026-03,,none,,COSRX,プチプラ/ミドル,0,0,0,https://prtimes.jp/main/html/rd/p/000000012.000147749.html
000000114.000096821,96821,VT COSMETICS,VT COSMETICS,brand_owner,KR,core,2026-03-31,2026-03,,none,,VT,プチプラ,0,0,0,https://prtimes.jp/main/html/rd/p/000000114.000096821.html
000000346.000021350,21350,アモーレパシフィックジャパン株式会社,アモーレパシフィックジャパン株式会社,brand_owner,KR,core,2026-03-31,2026-03,lash_brow,makeup,,,mixed,0,0,0,https://prtimes.jp/main/html/rd/p/000000346.000021350.html
000000517.000085143,85143,アステナホールディングス株式会社,アステナホールディングス株式会社,importer,KR,present_forward,2026-03-31,2026-03,mask,skincare,加水分解コラーゲン,Torriden,ミドル,0,0,0,https://prtimes.jp/main/html/rd/p/000000517.000085143.html
000000574.000028974,28974,株式会社桃谷順天館,株式会社桃谷順天館,brand_owner,JP,present_forward,2026-03-31,2026-03,,none,,明色,プチプラ,1,0,1,https://prtimes.jp/main/html/rd/p/000000574.000028974.html
000000681.000007954,7954,クラシエ株式会社（ホームプロダクツカンパニー）,クラシエ株式会社,brand_owner,JP,core,2026-03-31,2026-03,hair,other,,,プチプラ,0,0,0,https://prtimes.jp/main/html/rd/p/000000681.000007954.html
000000048.000126707,126707,株式会社The Founders JAPAN,株式会社The Founders JAPAN,brand_owner,KR,core,2026-04-01,2026-04,cream,skincare,ヒアルロン酸Na,Anua,ミドル,0,0,0,https://prtimes.jp/main/html/rd/p/000000048.000126707.html
000000612.000014810,14810,パルファン・クリスチャン・ディオール・ジャポン株式会社,パルファン・クリスチャン・ディオール・ジャポン株式会社,brand_owner,global,present_forward,2026-04-01,2026-04,,none,,Dior,デパコス,0,0,0,https://prtimes.jp/main/html/rd/p/000000612.000014810.html
000000705.000002061,2061,オルビス株式会社,株式会社オルビス,brand_owner,JP,core,2026-04-01,2026-04,,none,,ORBIS,ミドル,0,0,0,https://prtimes.jp/main/html/rd/p/000000705.000002061.html
000001803.000000987,987,株式会社良品計画,株式会社良品計画,brand_owner,JP,present_forward,2026-04-01,2026-04,sunscreen,skincare,,無印良品,プチプラ,0,0,0,https://prtimes.jp/main/html/rd/p/000001803.000000987.html
000000113.000096821,96821,VT COSMETICS,VT COSMETICS,brand_owner,KR,core,2026-04-02,2026-04,,none,,VT,プチプラ,0,0,0,https://prtimes.jp/main/html/rd/p/000000113.000096821.html
000000682.000007954,7954,クラシエ株式会社（ホームプロダクツカンパニー）,クラシエ株式会社,brand_owner,JP,core,2026-04-02,2026-04,hair,other,,,プチプラ,0,0,0,https://prtimes.jp/main/html/rd/p/000000682.000007954.html
000001802.000000987,987,株式会社良品計画,株式会社良品計画,brand_owner,JP,present_forward,2026-04-02,2026-04,lipstick,makeup,,無印良品,プチプラ,0,0,0,https://prtimes.jp/main/html/rd/p/000001802.000000987.html
000000099.000035071,35071,株式会社BENOW JAPAN,株式会社BENOW JAPAN,importer,KR,core,2026-04-03,2026-04,,none,,numbuzin,ミドル,0,1,0,https://prtimes.jp/main/html/rd/p/000000099.000035071.html
000000120.000042040,42040,株式会社セザンヌ化粧品,セザンヌ化粧品株式会社,brand_owner,JP,core,2026-04-03,2026-04,blush|foundation,makeup,,CEZANNE,プチプラ,0,0,0,https://prtimes.jp/main/html/rd/p/000000120.000042040.html
000000246.000019685,19685,株式会社 井田ラボラトリーズ,株式会社井田ラボラトリーズ,brand_owner,JP,core,2026-04-03,2026-04,,none,,CANMAKE,プチプラ,0,0,0,https://prtimes.jp/main/html/rd/p/000000246.000019685.html
000000094.000064854,64854,P&Gプレステージ合同会社,P&Gプレステージ合同会社,brand_owner,global,core,2026-04-06,2026-04,,none,,SK-II,デパコス,0,0,0,https://prtimes.jp/main/html/rd/p/000000094.000064854.html
000000683.000007954,7954,クラシエ株式会社（ホームプロダクツカンパニー）,クラシエ株式会社,brand_owner,JP,core,2026-04-06,2026-04,cleansing|hair,skincare,,,プチプラ,0,1,0,https://prtimes.jp/main/html/rd/p/000000683.000007954.html
000001821.000009276,9276,花王株式会社,花王株式会社,brand_owner,JP,present_forward,2026-04-06,2026-04,,none,,ビオレ,プチプラ,0,0,1,https://prtimes.jp/main/html/rd/p/000001821.000009276.html
000003086.000005794,5794,株式会社資生堂,株式会社資生堂,brand_owner,JP,present_forward,2026-04-06,2026-04,eye_makeup,makeup,,,mixed,0,1,0,https://prtimes.jp/main/html/rd/p/000003086.000005794.html
000003087.000005794,5794,株式会社資生堂,株式会社資生堂,brand_owner,JP,present_forward,2026-04-06,2026-04,lash_brow,makeup,,,mixed,0,0,0,https://prtimes.jp/main/html/rd/p/000003087.000005794.html
000000001.000175138,175138,合同会社TYCHE,合同会社TYCHE,importer,KR,core,2026-04-07,2026-04,,none,,Isntree,ミドル,0,1,0,https://prtimes.jp/main/html/rd/p/000000001.000175138.html
000000274.000072864,72864,花王株式会社（Kao Beauty Brands）,花王株式会社,brand_owner,JP,present_forward,2026-04-07,2026-04,foundation|powder,makeup,,,mixed,0,0,0,https://prtimes.jp/main/html/rd/p/000000274.000072864.html
000003089.000005794,5794,株式会社資生堂,株式会社資生堂,brand_owner,JP,present_forward,2026-04-07,2026-04,powder,makeup,ナイアシンアミド,,mixed,0,0,0,https://prtimes.jp/main/html/rd/p/000003089.000005794.html
000000306.000076505,76505,株式会社韓国高麗人蔘社,株式会社韓国高麗人蔘社,importer,KR,core,2026-04-08,2026-04,serum,skincare,,,,0,0,0,https://prtimes.jp/main/html/rd/p/000000306.000076505.html
000000476.000030413,30413,株式会社ディーエイチシー,株式会社ディーエイチシー,brand_owner,JP,core,2026-04-08,2026-04,foundation,makeup,,DHC,プチプラ/ミドル,0,0,0,https://prtimes.jp/main/html/rd/p/000000476.000030413.html
000000889.000016220,16220,株式会社カネボウ化粧品,株式会社カネボウ化粧品,brand_owner,JP,present_forward,2026-04-08,2026-04,lipstick,makeup,,KANEBO,デパコス,0,0,0,https://prtimes.jp/main/html/rd/p/000000889.000016220.html
000000024.000121471,121471,アモーレパシフィックジャパン株式会社,アモーレパシフィックジャパン株式会社,brand_owner,KR,core,2026-04-09,2026-04,,none,,,mixed,0,0,0,https://prtimes.jp/main/html/rd/p/000000024.000121471.html
000000193.000031376,31376,アモーレパシフィックジャパン株式会社,アモーレパシフィックジャパン株式会社,brand_owner,KR,core,2026-04-09,2026-04,booster|serum,skincare,,イニスフリー,プチプラ/ミドル,0,0,0,https://prtimes.jp/main/html/rd/p/000000193.000031376.html
000000684.000007954,7954,クラシエ株式会社（ホームプロダクツカンパニー）,クラシエ株式会社,brand_owner,JP,core,2026-04-09,2026-04,,none,,,プチプラ,0,0,0,https://prtimes.jp/main/html/rd/p/000000684.000007954.html
000000891.000016220,16220,株式会社カネボウ化粧品,株式会社カネボウ化粧品,brand_owner,JP,present_forward,2026-04-09,2026-04,eye_makeup,makeup,,,mixed,0,0,0,https://prtimes.jp/main/html/rd/p/000000891.000016220.html
000000025.000121471,121471,アモーレパシフィックジャパン株式会社,アモーレパシフィックジャパン株式会社,brand_owner,KR,core,2026-04-10,2026-04,,none,,,mixed,0,0,0,https://prtimes.jp/main/html/rd/p/000000025.000121471.html
000000322.000076505,76505,株式会社韓国高麗人蔘社,株式会社韓国高麗人蔘社,importer,KR,core,2026-04-10,2026-04,lipstick,makeup,,rom&nd,プチプラ,0,0,0,https://prtimes.jp/main/html/rd/p/000000322.000076505.html
000000440.000022808,22808,資生堂ジャパン株式会社,株式会社資生堂,brand_owner,JP,present_forward,2026-04-10,2026-04,powder,makeup,,,mixed,0,0,0,https://prtimes.jp/main/html/rd/p/000000440.000022808.html
000000441.000022808,22808,資生堂ジャパン株式会社,株式会社資生堂,brand_owner,JP,present_forward,2026-04-10,2026-04,powder,makeup,,,mixed,0,0,0,https://prtimes.jp/main/html/rd/p/000000441.000022808.html
000000195.000031376,31376,アモーレパシフィックジャパン株式会社,アモーレパシフィックジャパン株式会社,brand_owner,KR,core,2026-04-13,2026-04,,none,,イニスフリー,プチプラ/ミドル,0,0,1,https://prtimes.jp/main/html/rd/p/000000195.000031376.html
000000201.000081704,81704,株式会社ファイントゥデイ,ファイントゥデイ株式会社,brand_owner,JP,core,2026-04-13,2026-04,all_in_one|hair,skincare,,,プチプラ,0,0,0,https://prtimes.jp/main/html/rd/p/000000201.000081704.html
000001823.000009276,9276,花王株式会社,花王株式会社,brand_owner,JP,present_forward,2026-04-13,2026-04,hair,other,,,ミドル/プチプラ,0,0,0,https://prtimes.jp/main/html/rd/p/000001823.000009276.html
000003093.000005794,5794,株式会社資生堂,株式会社資生堂,brand_owner,JP,present_forward,2026-04-13,2026-04,fragrance,other,,,mixed,0,0,0,https://prtimes.jp/main/html/rd/p/000003093.000005794.html
000000082.000105692,105692,アモーレパシフィックジャパン株式会社,アモーレパシフィックジャパン株式会社,brand_owner,KR,core,2026-04-14,2026-04,serum|lipstick,skincare,,ラネージュ,ミドル,0,0,0,https://prtimes.jp/main/html/rd/p/000000082.000105692.html
000000055.000127171,127171,株式会社Goodai Global Japan,株式会社Goodai Global Japan,importer,KR,core,2026-04-15,2026-04,lipstick,makeup,,TIRTIR,プチプラ/ミドル,0,0,0,https://prtimes.jp/main/html/rd/p/000000055.000127171.html
000000056.000127171,127171,株式会社Goodai Global Japan,株式会社Goodai Global Japan,importer,KR,core,2026-04-15,2026-04,serum,skincare,,TIRTIR,プチプラ/ミドル,0,0,0,https://prtimes.jp/main/html/rd/p/000000056.000127171.html
000000116.000096821,96821,VT COSMETICS,VT COSMETICS,brand_owner,KR,core,2026-04-15,2026-04,serum,skincare,DNA-Na,VT,プチプラ,0,0,0,https://prtimes.jp/main/html/rd/p/000000116.000096821.html
000000325.000076505,76505,株式会社韓国高麗人蔘社,株式会社韓国高麗人蔘社,importer,KR,core,2026-04-15,2026-04,,none,,,,0,0,0,https://prtimes.jp/main/html/rd/p/000000325.000076505.html
000000523.000085143,85143,アステナホールディングス株式会社,アステナホールディングス株式会社,importer,KR,present_forward,2026-04-15,2026-04,serum,skincare,,,,0,0,0,https://prtimes.jp/main/html/rd/p/000000523.000085143.html
000000100.000090124,90124,ELCジャパン合同会社,ELCジャパン合同会社,brand_owner,global,core,2026-04-16,2026-04,fragrance,other,,ジョー マローン ロンドン,デパコス,0,0,1,https://prtimes.jp/main/html/rd/p/000000100.000090124.html
000000349.000021350,21350,アモーレパシフィックジャパン株式会社,アモーレパシフィックジャパン株式会社,brand_owner,KR,core,2026-04-16,2026-04,,none,,エチュード,プチプラ,0,0,0,https://prtimes.jp/main/html/rd/p/000000349.000021350.html
000000708.000002061,2061,オルビス株式会社,株式会社オルビス,brand_owner,JP,core,2026-04-16,2026-04,,none,,ORBIS,ミドル,1,0,0,https://prtimes.jp/main/html/rd/p/000000708.000002061.html
000000883.000016220,16220,株式会社カネボウ化粧品,株式会社カネボウ化粧品,brand_owner,JP,present_forward,2026-04-16,2026-04,eye_makeup,makeup,,KATE,プチプラ,0,0,0,https://prtimes.jp/main/html/rd/p/000000883.000016220.html
000001824.000009276,9276,花王株式会社,花王株式会社,brand_owner,JP,present_forward,2026-04-16,2026-04,cleansing|face_wash,skincare,,ビオレ,プチプラ,0,0,0,https://prtimes.jp/main/html/rd/p/000001824.000009276.html
000000115.000096821,96821,VT COSMETICS,VT COSMETICS,brand_owner,KR,core,2026-04-17,2026-04,,none,グルタチオン|アスコルビン酸,VT,プチプラ,0,0,0,https://prtimes.jp/main/html/rd/p/000000115.000096821.html
000000275.000072864,72864,花王株式会社（Kao Beauty Brands）,花王株式会社,brand_owner,JP,present_forward,2026-04-17,2026-04,,none,,,mixed,0,0,0,https://prtimes.jp/main/html/rd/p/000000275.000072864.html
000000618.000014810,14810,パルファン・クリスチャン・ディオール・ジャポン株式会社,パルファン・クリスチャン・ディオール・ジャポン株式会社,brand_owner,global,present_forward,2026-04-17,2026-04,toner_lotion|serum,skincare,,Dior,デパコス,0,0,0,https://prtimes.jp/main/html/rd/p/000000618.000014810.html
000001524.000017666,17666,株式会社ファンケル,株式会社ファンケル,brand_owner,JP,present_forward,2026-04-17,2026-04,serum,skincare,,FANCL,ミドル,0,1,0,https://prtimes.jp/main/html/rd/p/000001524.000017666.html
000001525.000017666,17666,株式会社ファンケル,株式会社ファンケル,brand_owner,JP,present_forward,2026-04-17,2026-04,cleansing,skincare,,FANCL,ミドル,0,1,0,https://prtimes.jp/main/html/rd/p/000001525.000017666.html
000000078.000018737,18737,ELCジャパン合同会社,ELCジャパン合同会社,brand_owner,global,core,2026-04-20,2026-04,lipstick,makeup,,エスティ ローダー,デパコス,0,0,0,https://prtimes.jp/main/html/rd/p/000000078.000018737.html
000000196.000031376,31376,アモーレパシフィックジャパン株式会社,アモーレパシフィックジャパン株式会社,brand_owner,KR,core,2026-04-20,2026-04,,none,,イニスフリー,プチプラ/ミドル,0,0,0,https://prtimes.jp/main/html/rd/p/000000196.000031376.html
000000355.000021350,21350,アモーレパシフィックジャパン株式会社,アモーレパシフィックジャパン株式会社,brand_owner,KR,core,2026-04-20,2026-04,lash_brow,makeup,,エチュード,プチプラ,0,0,0,https://prtimes.jp/main/html/rd/p/000000355.000021350.html
000000617.000014810,14810,パルファン・クリスチャン・ディオール・ジャポン株式会社,パルファン・クリスチャン・ディオール・ジャポン株式会社,brand_owner,global,present_forward,2026-04-20,2026-04,lipstick,makeup,,Dior,デパコス,0,0,0,https://prtimes.jp/main/html/rd/p/000000617.000014810.html
000000619.000014810,14810,パルファン・クリスチャン・ディオール・ジャポン株式会社,パルファン・クリスチャン・ディオール・ジャポン株式会社,brand_owner,global,present_forward,2026-04-20,2026-04,,none,,Dior,デパコス,0,0,0,https://prtimes.jp/main/html/rd/p/000000619.000014810.html
000000734.000036737,36737,株式会社ポーラ,株式会社ポーラ,brand_owner,JP,core,2026-04-20,2026-04,foundation,makeup,,POLA,デパコス,0,0,0,https://prtimes.jp/main/html/rd/p/000000734.000036737.html
000000735.000036737,36737,株式会社ポーラ,株式会社ポーラ,brand_owner,JP,core,2026-04-20,2026-04,,none,,POLA,デパコス,0,0,0,https://prtimes.jp/main/html/rd/p/000000735.000036737.html
000001826.000009276,9276,花王株式会社,花王株式会社,brand_owner,JP,present_forward,2026-04-20,2026-04,,none,,,ミドル/プチプラ,0,0,0,https://prtimes.jp/main/html/rd/p/000001826.000009276.html
000003095.000005794,5794,株式会社資生堂,株式会社資生堂,brand_owner,JP,present_forward,2026-04-20,2026-04,,none,,,mixed,0,0,0,https://prtimes.jp/main/html/rd/p/000003095.000005794.html
000000202.000081704,81704,株式会社ファイントゥデイ,ファイントゥデイ株式会社,brand_owner,JP,core,2026-04-21,2026-04,hair,other,,,プチプラ,0,0,0,https://prtimes.jp/main/html/rd/p/000000202.000081704.html
000000247.000019685,19685,株式会社 井田ラボラトリーズ,株式会社井田ラボラトリーズ,brand_owner,JP,core,2026-04-21,2026-04,powder,makeup,,CANMAKE,プチプラ,0,0,0,https://prtimes.jp/main/html/rd/p/000000247.000019685.html
000000248.000019685,19685,株式会社 井田ラボラトリーズ,株式会社井田ラボラトリーズ,brand_owner,JP,core,2026-04-21,2026-04,nail,makeup,,CANMAKE,プチプラ,0,0,0,https://prtimes.jp/main/html/rd/p/000000248.000019685.html
000000474.000000263,263,常盤薬品工業株式会社,常盤薬品工業株式会社,brand_owner,JP,present_forward,2026-04-21,2026-04,powder,makeup,,,プチプラ,0,0,0,https://prtimes.jp/main/html/rd/p/000000474.000000263.html
000000580.000001572,1572,株式会社石澤研究所,株式会社石澤研究所,brand_owner,JP,core,2026-04-21,2026-04,,none,,毛穴撫子,プチプラ,0,0,0,https://prtimes.jp/main/html/rd/p/000000580.000001572.html
000000892.000016220,16220,株式会社カネボウ化粧品,株式会社カネボウ化粧品,brand_owner,JP,present_forward,2026-04-21,2026-04,lipstick,makeup,,KATE,プチプラ,0,0,0,https://prtimes.jp/main/html/rd/p/000000892.000016220.html
000003101.000005794,5794,株式会社資生堂,株式会社資生堂,brand_owner,JP,present_forward,2026-04-21,2026-04,toner_lotion|emulsion,skincare,,エリクシール,ミドル,0,0,0,https://prtimes.jp/main/html/rd/p/000003101.000005794.html
000003102.000005794,5794,株式会社資生堂,株式会社資生堂,brand_owner,JP,present_forward,2026-04-21,2026-04,serum,skincare,,SHISEIDO,デパコス,0,0,0,https://prtimes.jp/main/html/rd/p/000003102.000005794.html
000000442.000022808,22808,資生堂ジャパン株式会社,株式会社資生堂,brand_owner,JP,present_forward,2026-04-22,2026-04,powder,makeup,,,mixed,0,0,0,https://prtimes.jp/main/html/rd/p/000000442.000022808.html
000000621.000014810,14810,パルファン・クリスチャン・ディオール・ジャポン株式会社,パルファン・クリスチャン・ディオール・ジャポン株式会社,brand_owner,global,present_forward,2026-04-22,2026-04,serum,skincare,,,デパコス,0,0,0,https://prtimes.jp/main/html/rd/p/000000621.000014810.html
000000893.000016220,16220,株式会社カネボウ化粧品,株式会社カネボウ化粧品,brand_owner,JP,present_forward,2026-04-22,2026-04,foundation|serum,makeup,,KATE,プチプラ,0,0,0,https://prtimes.jp/main/html/rd/p/000000893.000016220.html
000003100.000005794,5794,株式会社資生堂,株式会社資生堂,brand_owner,JP,present_forward,2026-04-22,2026-04,serum,skincare,,,mixed,0,0,0,https://prtimes.jp/main/html/rd/p/000003100.000005794.html
000000101.000090124,90124,ELCジャパン合同会社,ELCジャパン合同会社,brand_owner,global,core,2026-04-23,2026-04,fragrance,other,,ジョー マローン ロンドン,デパコス,0,0,0,https://prtimes.jp/main/html/rd/p/000000101.000090124.html
000000197.000031376,31376,アモーレパシフィックジャパン株式会社,アモーレパシフィックジャパン株式会社,brand_owner,KR,core,2026-04-23,2026-04,cleansing,skincare,セラミド,イニスフリー,プチプラ/ミドル,0,0,0,https://prtimes.jp/main/html/rd/p/000000197.000031376.html
000000203.000081704,81704,株式会社ファイントゥデイ,ファイントゥデイ株式会社,brand_owner,JP,core,2026-04-23,2026-04,face_wash|cream,skincare,,SENKA,プチプラ,0,0,0,https://prtimes.jp/main/html/rd/p/000000203.000081704.html
000000357.000021350,21350,アモーレパシフィックジャパン株式会社,アモーレパシフィックジャパン株式会社,brand_owner,KR,core,2026-04-23,2026-04,powder,makeup,,エチュード,プチプラ,0,0,0,https://prtimes.jp/main/html/rd/p/000000357.000021350.html
000000042.000119328,119328,アモーレパシフィックジャパン株式会社,アモーレパシフィックジャパン株式会社,brand_owner,KR,core,2026-04-24,2026-04,cream,skincare,,,デパコス,0,0,0,https://prtimes.jp/main/html/rd/p/000000042.000119328.html
000000443.000022808,22808,資生堂ジャパン株式会社,株式会社資生堂,brand_owner,JP,present_forward,2026-04-24,2026-04,powder,makeup,,,mixed,0,0,0,https://prtimes.jp/main/html/rd/p/000000443.000022808.html
000000444.000022808,22808,資生堂ジャパン株式会社,株式会社資生堂,brand_owner,JP,present_forward,2026-04-24,2026-04,powder,makeup,,,mixed,0,0,0,https://prtimes.jp/main/html/rd/p/000000444.000022808.html
000000277.000072864,72864,花王株式会社（Kao Beauty Brands）,花王株式会社,brand_owner,JP,present_forward,2026-04-27,2026-04,base_makeup|face_wash,makeup,,,mixed,0,0,0,https://prtimes.jp/main/html/rd/p/000000277.000072864.html
000000579.000028974,28974,株式会社桃谷順天館,株式会社桃谷順天館,brand_owner,JP,present_forward,2026-04-27,2026-04,powder,makeup,,明色,プチプラ,0,0,0,https://prtimes.jp/main/html/rd/p/000000579.000028974.html
000000622.000014810,14810,パルファン・クリスチャン・ディオール・ジャポン株式会社,パルファン・クリスチャン・ディオール・ジャポン株式会社,brand_owner,global,present_forward,2026-04-27,2026-04,,none,,,デパコス,0,0,0,https://prtimes.jp/main/html/rd/p/000000622.000014810.html
000001103.000006496,6496,株式会社マンダム,株式会社マンダム,brand_owner,JP,present_forward,2026-04-27,2026-04,face_wash,skincare,,ビフェスタ,プチプラ,0,0,0,https://prtimes.jp/main/html/rd/p/000001103.000006496.html
000001115.000006496,6496,株式会社マンダム,株式会社マンダム,brand_owner,JP,present_forward,2026-04-27,2026-04,,none,,,プチプラ,0,0,0,https://prtimes.jp/main/html/rd/p/000001115.000006496.html
000000005.000175138,175138,合同会社TYCHE,合同会社TYCHE,importer,KR,core,2026-04-28,2026-04,mask|serum,skincare,,Isntree,ミドル,0,0,0,https://prtimes.jp/main/html/rd/p/000000005.000175138.html
000000050.000126707,126707,株式会社The Founders JAPAN,株式会社The Founders JAPAN,brand_owner,KR,core,2026-04-28,2026-04,,none,グルタチオン,Anua,ミドル,0,0,0,https://prtimes.jp/main/html/rd/p/000000050.000126707.html
000000688.000007954,7954,クラシエ株式会社（ホームプロダクツカンパニー）,クラシエ株式会社,brand_owner,JP,core,2026-04-28,2026-04,hair|booster,other,,,プチプラ,0,0,0,https://prtimes.jp/main/html/rd/p/000000688.000007954.html
000000013.000147749,147749,COSRX  inc.,COSRX inc.,brand_owner,KR,core,2026-04-30,2026-04,serum,skincare,,COSRX,プチプラ/ミドル,0,0,0,https://prtimes.jp/main/html/rd/p/000000013.000147749.html
000000581.000028974,28974,株式会社桃谷順天館,株式会社桃谷順天館,brand_owner,JP,present_forward,2026-04-30,2026-04,toner_lotion,skincare,,明色,プチプラ,0,0,1,https://prtimes.jp/main/html/rd/p/000000581.000028974.html
000000083.000105692,105692,アモーレパシフィックジャパン株式会社,アモーレパシフィックジャパン株式会社,brand_owner,KR,core,2026-05-01,2026-05,,none,,ラネージュ,ミドル,0,0,0,https://prtimes.jp/main/html/rd/p/000000083.000105692.html
000000895.000016220,16220,株式会社カネボウ化粧品,株式会社カネボウ化粧品,brand_owner,JP,present_forward,2026-05-01,2026-05,sunscreen,skincare,,ALLIE,プチプラ,0,0,0,https://prtimes.jp/main/html/rd/p/000000895.000016220.html
000001118.000006496,6496,株式会社マンダム,株式会社マンダム,brand_owner,JP,present_forward,2026-05-01,2026-05,lash_brow,makeup,,,プチプラ,0,0,0,https://prtimes.jp/main/html/rd/p/000001118.000006496.html
000000043.000119328,119328,アモーレパシフィックジャパン株式会社,アモーレパシフィックジャパン株式会社,brand_owner,KR,core,2026-05-07,2026-05,cream,skincare,,,デパコス,0,0,0,https://prtimes.jp/main/html/rd/p/000000043.000119328.html
000000102.000090124,90124,ELCジャパン合同会社,ELCジャパン合同会社,brand_owner,global,core,2026-05-07,2026-05,fragrance,other,,ジョー マローン ロンドン,デパコス,0,0,0,https://prtimes.jp/main/html/rd/p/000000102.000090124.html
000000358.000021350,21350,アモーレパシフィックジャパン株式会社,アモーレパシフィックジャパン株式会社,brand_owner,KR,core,2026-05-07,2026-05,lipstick,makeup,,,mixed,0,0,0,https://prtimes.jp/main/html/rd/p/000000358.000021350.html
000000586.000001572,1572,株式会社石澤研究所,株式会社石澤研究所,brand_owner,JP,core,2026-05-07,2026-05,face_wash,skincare,,毛穴撫子,プチプラ,0,0,0,https://prtimes.jp/main/html/rd/p/000000586.000001572.html
000000625.000014810,14810,パルファン・クリスチャン・ディオール・ジャポン株式会社,パルファン・クリスチャン・ディオール・ジャポン株式会社,brand_owner,global,present_forward,2026-05-07,2026-05,,none,,Dior,デパコス,0,0,0,https://prtimes.jp/main/html/rd/p/000000625.000014810.html
000000687.000007954,7954,クラシエ株式会社（ホームプロダクツカンパニー）,クラシエ株式会社,brand_owner,JP,core,2026-05-07,2026-05,body,other,,,プチプラ,0,0,0,https://prtimes.jp/main/html/rd/p/000000687.000007954.html
000000898.000016220,16220,株式会社カネボウ化粧品,株式会社カネボウ化粧品,brand_owner,JP,present_forward,2026-05-07,2026-05,cream,skincare,,,mixed,1,0,0,https://prtimes.jp/main/html/rd/p/000000898.000016220.html
000000122.000042040,42040,株式会社セザンヌ化粧品,セザンヌ化粧品株式会社,brand_owner,JP,core,2026-05-08,2026-05,eye_makeup,makeup,,CEZANNE,プチプラ,0,1,0,https://prtimes.jp/main/html/rd/p/000000122.000042040.html
000000018.000108700,108700,株式会社APRJP,株式会社APRJP,brand_owner,KR,core,2026-05-11,2026-05,,none,,medicube,ミドル,0,0,0,https://prtimes.jp/main/html/rd/p/000000018.000108700.html
000000118.000096821,96821,VT COSMETICS,VT COSMETICS,brand_owner,KR,core,2026-05-11,2026-05,,none,ツボクサエキス,VT,プチプラ,0,0,0,https://prtimes.jp/main/html/rd/p/000000118.000096821.html
000000448.000022808,22808,資生堂ジャパン株式会社,株式会社資生堂,brand_owner,JP,present_forward,2026-05-11,2026-05,,none,,,mixed,0,0,0,https://prtimes.jp/main/html/rd/p/000000448.000022808.html
000000449.000022808,22808,資生堂ジャパン株式会社,株式会社資生堂,brand_owner,JP,present_forward,2026-05-11,2026-05,blush|powder,makeup,,,mixed,0,0,0,https://prtimes.jp/main/html/rd/p/000000449.000022808.html
000001829.000009276,9276,花王株式会社,花王株式会社,brand_owner,JP,present_forward,2026-05-11,2026-05,,none,,ビオレ,プチプラ,0,0,0,https://prtimes.jp/main/html/rd/p/000001829.000009276.html
000001830.000009276,9276,花王株式会社,花王株式会社,brand_owner,JP,present_forward,2026-05-11,2026-05,hair,other,,,ミドル/プチプラ,0,0,0,https://prtimes.jp/main/html/rd/p/000001830.000009276.html
000003104.000005794,5794,株式会社資生堂,株式会社資生堂,brand_owner,JP,present_forward,2026-05-11,2026-05,fragrance,other,,,mixed,0,0,0,https://prtimes.jp/main/html/rd/p/000003104.000005794.html
000000119.000096821,96821,VT COSMETICS,VT COSMETICS,brand_owner,KR,core,2026-05-12,2026-05,,none,,VT,プチプラ,0,0,0,https://prtimes.jp/main/html/rd/p/000000119.000096821.html
000000480.000030413,30413,株式会社ディーエイチシー,株式会社ディーエイチシー,brand_owner,JP,core,2026-05-12,2026-05,base_makeup,makeup,,DHC,プチプラ/ミドル,1,0,0,https://prtimes.jp/main/html/rd/p/000000480.000030413.html
000000897.000016220,16220,株式会社カネボウ化粧品,株式会社カネボウ化粧品,brand_owner,JP,present_forward,2026-05-12,2026-05,powder,makeup,,,mixed,0,0,0,https://prtimes.jp/main/html/rd/p/000000897.000016220.html
000000084.000105692,105692,アモーレパシフィックジャパン株式会社,アモーレパシフィックジャパン株式会社,brand_owner,KR,core,2026-05-13,2026-05,sunscreen,skincare,,ラネージュ,ミドル,0,0,0,https://prtimes.jp/main/html/rd/p/000000084.000105692.html
000000117.000096821,96821,VT COSMETICS,VT COSMETICS,brand_owner,KR,core,2026-05-13,2026-05,,none,レチナール|ペプチド,VT,プチプラ,0,0,0,https://prtimes.jp/main/html/rd/p/000000117.000096821.html
000000738.000036737,36737,株式会社ポーラ,株式会社ポーラ,brand_owner,JP,core,2026-05-13,2026-05,,none,,POLA,デパコス,0,0,0,https://prtimes.jp/main/html/rd/p/000000738.000036737.html
000000626.000014810,14810,パルファン・クリスチャン・ディオール・ジャポン株式会社,パルファン・クリスチャン・ディオール・ジャポン株式会社,brand_owner,global,present_forward,2026-05-14,2026-05,fragrance,other,,Dior,デパコス,0,0,0,https://prtimes.jp/main/html/rd/p/000000626.000014810.html
000000627.000014810,14810,パルファン・クリスチャン・ディオール・ジャポン株式会社,パルファン・クリスチャン・ディオール・ジャポン株式会社,brand_owner,global,present_forward,2026-05-14,2026-05,cream|body,skincare,,Dior,デパコス,0,0,0,https://prtimes.jp/main/html/rd/p/000000627.000014810.html
000001539.000017666,17666,株式会社ファンケル,株式会社ファンケル,brand_owner,JP,present_forward,2026-05-14,2026-05,powder|face_wash,makeup,,FANCL,ミドル,0,0,0,https://prtimes.jp/main/html/rd/p/000001539.000017666.html
000000085.000105692,105692,アモーレパシフィックジャパン株式会社,アモーレパシフィックジャパン株式会社,brand_owner,KR,core,2026-05-15,2026-05,mask|toner_lotion|cream,skincare,ペプチド,ラネージュ,ミドル,0,0,0,https://prtimes.jp/main/html/rd/p/000000085.000105692.html
000000360.000021350,21350,アモーレパシフィックジャパン株式会社,アモーレパシフィックジャパン株式会社,brand_owner,KR,core,2026-05-15,2026-05,,none,,エチュード,プチプラ,0,0,0,https://prtimes.jp/main/html/rd/p/000000360.000021350.html
000000739.000036737,36737,株式会社ポーラ,株式会社ポーラ,brand_owner,JP,core,2026-05-15,2026-05,toner_lotion|cream,skincare,,POLA,デパコス,0,0,0,https://prtimes.jp/main/html/rd/p/000000739.000036737.html
000000198.000031376,31376,アモーレパシフィックジャパン株式会社,アモーレパシフィックジャパン株式会社,brand_owner,KR,core,2026-05-18,2026-05,face_wash,skincare,,イニスフリー,プチプラ/ミドル,0,0,0,https://prtimes.jp/main/html/rd/p/000000198.000031376.html
000000340.000076505,76505,株式会社韓国高麗人蔘社,株式会社韓国高麗人蔘社,importer,KR,core,2026-05-18,2026-05,toner_lotion,skincare,,,,0,0,0,https://prtimes.jp/main/html/rd/p/000000340.000076505.html
000000628.000014810,14810,パルファン・クリスチャン・ディオール・ジャポン株式会社,パルファン・クリスチャン・ディオール・ジャポン株式会社,brand_owner,global,present_forward,2026-05-18,2026-05,,none,,Dior,デパコス,0,0,0,https://prtimes.jp/main/html/rd/p/000000628.000014810.html
000001836.000009276,9276,花王株式会社,花王株式会社,brand_owner,JP,present_forward,2026-05-18,2026-05,,none,,ビオレ,プチプラ,0,0,0,https://prtimes.jp/main/html/rd/p/000001836.000009276.html
000001837.000009276,9276,花王株式会社,花王株式会社,brand_owner,JP,present_forward,2026-05-18,2026-05,,none,,ビオレ,プチプラ,0,0,0,https://prtimes.jp/main/html/rd/p/000001837.000009276.html
000003109.000005794,5794,株式会社資生堂,株式会社資生堂,brand_owner,JP,present_forward,2026-05-18,2026-05,cleansing|face_wash,skincare,,,mixed,0,0,0,https://prtimes.jp/main/html/rd/p/000003109.000005794.html
000003110.000005794,5794,株式会社資生堂,株式会社資生堂,brand_owner,JP,present_forward,2026-05-18,2026-05,,none,,クレ・ド・ポー ボーテ,デパコス,0,0,0,https://prtimes.jp/main/html/rd/p/000003110.000005794.html
000000006.000169347,169347,株式会社アルビオン,株式会社アルビオン,brand_owner,JP,core,2026-05-19,2026-05,hair,other,,ALBION,デパコス,0,0,0,https://prtimes.jp/main/html/rd/p/000000006.000169347.html
000000145.000024471,24471,日本ロレアル株式会社　タカミ事業部,日本ロレアル株式会社,brand_owner,global,core,2026-05-19,2026-05,,none,,タカミ,ミドル,0,0,0,https://prtimes.jp/main/html/rd/p/000000145.000024471.html
000000896.000016220,16220,株式会社カネボウ化粧品,株式会社カネボウ化粧品,brand_owner,JP,present_forward,2026-05-19,2026-05,lipstick,makeup,,KATE,プチプラ,0,0,0,https://prtimes.jp/main/html/rd/p/000000896.000016220.html
000000059.000127171,127171,株式会社Goodai Global Japan,株式会社Goodai Global Japan,importer,KR,core,2026-05-20,2026-05,,none,,TIRTIR,プチプラ/ミドル,0,0,0,https://prtimes.jp/main/html/rd/p/000000059.000127171.html
000000112.000004359,4359,ELCジャパン合同会社,ELCジャパン合同会社,brand_owner,global,core,2026-05-20,2026-05,booster|serum,skincare,,クリニーク,デパコス,1,0,0,https://prtimes.jp/main/html/rd/p/000000112.000004359.html
000000146.000024471,24471,日本ロレアル株式会社　タカミ事業部,日本ロレアル株式会社,brand_owner,global,core,2026-05-20,2026-05,,none,,タカミ,ミドル,0,0,0,https://prtimes.jp/main/html/rd/p/000000146.000024471.html
000003113.000005794,5794,株式会社資生堂,株式会社資生堂,brand_owner,JP,present_forward,2026-05-20,2026-05,body,other,,クレ・ド・ポー ボーテ,デパコス,0,0,0,https://prtimes.jp/main/html/rd/p/000003113.000005794.html
000003114.000005794,5794,株式会社資生堂,株式会社資生堂,brand_owner,JP,present_forward,2026-05-20,2026-05,toner_lotion,skincare,,エリクシール,ミドル,0,0,0,https://prtimes.jp/main/html/rd/p/000003114.000005794.html
000000249.000019685,19685,株式会社 井田ラボラトリーズ,株式会社井田ラボラトリーズ,brand_owner,JP,core,2026-05-21,2026-05,eye_makeup|lash_brow|powder,makeup,,CANMAKE,プチプラ,0,0,0,https://prtimes.jp/main/html/rd/p/000000249.000019685.html
000000250.000019685,19685,株式会社 井田ラボラトリーズ,株式会社井田ラボラトリーズ,brand_owner,JP,core,2026-05-21,2026-05,concealer|lipstick,makeup,,CANMAKE,プチプラ,0,0,0,https://prtimes.jp/main/html/rd/p/000000250.000019685.html
000000279.000072864,72864,花王株式会社（Kao Beauty Brands）,花王株式会社,brand_owner,JP,present_forward,2026-05-21,2026-05,toner_lotion,skincare,,est,デパコス,0,0,0,https://prtimes.jp/main/html/rd/p/000000279.000072864.html
000003115.000005794,5794,株式会社資生堂,株式会社資生堂,brand_owner,JP,present_forward,2026-05-21,2026-05,toner_lotion,skincare,,dプログラム,ミドル,0,0,0,https://prtimes.jp/main/html/rd/p/000003115.000005794.html
000000019.000108700,108700,株式会社APRJP,株式会社APRJP,brand_owner,KR,core,2026-05-22,2026-05,toner_lotion,skincare,,medicube,ミドル,0,0,0,https://prtimes.jp/main/html/rd/p/000000019.000108700.html
000000453.000022808,22808,資生堂ジャパン株式会社,株式会社資生堂,brand_owner,JP,present_forward,2026-05-22,2026-05,blush|powder,makeup,,,mixed,0,0,0,https://prtimes.jp/main/html/rd/p/000000453.000022808.html
000000586.000028974,28974,株式会社桃谷順天館,株式会社桃谷順天館,brand_owner,JP,present_forward,2026-05-22,2026-05,powder,makeup,,明色,プチプラ,0,0,0,https://prtimes.jp/main/html/rd/p/000000586.000028974.html
000000587.000028974,28974,株式会社桃谷順天館,株式会社桃谷順天館,brand_owner,JP,present_forward,2026-05-22,2026-05,,none,,,プチプラ,0,0,0,https://prtimes.jp/main/html/rd/p/000000587.000028974.html
000000689.000007954,7954,クラシエ株式会社（ホームプロダクツカンパニー）,クラシエ株式会社,brand_owner,JP,core,2026-05-22,2026-05,hair,other,,,プチプラ,0,0,0,https://prtimes.jp/main/html/rd/p/000000689.000007954.html
000000015.000152955,152955,"Gowoonsesang Cosmetics., Co. Ltd.","Gowoonsesang Cosmetics., Co. Ltd.",brand_owner,KR,core,2026-05-25,2026-05,,none,,Dr.G,ミドル,0,0,0,https://prtimes.jp/main/html/rd/p/000000015.000152955.html
000000120.000096821,96821,VT COSMETICS,VT COSMETICS,brand_owner,KR,core,2026-05-25,2026-05,,none,アスコルビン酸,,,0,0,0,https://prtimes.jp/main/html/rd/p/000000120.000096821.html
000000454.000022808,22808,資生堂ジャパン株式会社,株式会社資生堂,brand_owner,JP,present_forward,2026-05-25,2026-05,powder,makeup,,,mixed,0,0,0,https://prtimes.jp/main/html/rd/p/000000454.000022808.html
000000455.000022808,22808,資生堂ジャパン株式会社,株式会社資生堂,brand_owner,JP,present_forward,2026-05-25,2026-05,blush,makeup,,,mixed,0,0,0,https://prtimes.jp/main/html/rd/p/000000455.000022808.html
000000456.000022808,22808,資生堂ジャパン株式会社,株式会社資生堂,brand_owner,JP,present_forward,2026-05-25,2026-05,cream|blush,skincare,,,mixed,0,0,0,https://prtimes.jp/main/html/rd/p/000000456.000022808.html
000000458.000022808,22808,資生堂ジャパン株式会社,株式会社資生堂,brand_owner,JP,present_forward,2026-05-25,2026-05,cleansing,skincare,,,mixed,0,0,0,https://prtimes.jp/main/html/rd/p/000000458.000022808.html
000000709.000002061,2061,オルビス株式会社,株式会社オルビス,brand_owner,JP,core,2026-05-25,2026-05,hair|serum,other,,ORBIS,ミドル,0,0,0,https://prtimes.jp/main/html/rd/p/000000709.000002061.html
000003111.000005794,5794,株式会社資生堂,株式会社資生堂,brand_owner,JP,present_forward,2026-05-25,2026-05,cream,skincare,,,mixed,0,0,0,https://prtimes.jp/main/html/rd/p/000003111.000005794.html
000003117.000005794,5794,株式会社資生堂,株式会社資生堂,brand_owner,JP,present_forward,2026-05-25,2026-05,,none,,SHISEIDO,デパコス,0,0,0,https://prtimes.jp/main/html/rd/p/000003117.000005794.html
000000147.000024471,24471,日本ロレアル株式会社　タカミ事業部,日本ロレアル株式会社,brand_owner,global,core,2026-05-26,2026-05,,none,,タカミ,ミドル,0,0,0,https://prtimes.jp/main/html/rd/p/000000147.000024471.html
000000336.000076505,76505,株式会社韓国高麗人蔘社,株式会社韓国高麗人蔘社,importer,KR,core,2026-05-26,2026-05,,none,,rom&nd,プチプラ,0,0,0,https://prtimes.jp/main/html/rd/p/000000336.000076505.html
000000589.000028974,28974,株式会社桃谷順天館,株式会社桃谷順天館,brand_owner,JP,present_forward,2026-05-26,2026-05,serum,skincare,アスコルビン酸,明色,プチプラ,0,1,0,https://prtimes.jp/main/html/rd/p/000000589.000028974.html
000001818.000000987,987,株式会社良品計画,株式会社良品計画,brand_owner,JP,present_forward,2026-05-26,2026-05,foundation,makeup,,無印良品,プチプラ,0,0,0,https://prtimes.jp/main/html/rd/p/000001818.000000987.html
000003118.000005794,5794,株式会社資生堂,株式会社資生堂,brand_owner,JP,present_forward,2026-05-26,2026-05,foundation|serum,makeup,,SHISEIDO,デパコス,0,0,0,https://prtimes.jp/main/html/rd/p/000003118.000005794.html
000003119.000005794,5794,株式会社資生堂,株式会社資生堂,brand_owner,JP,present_forward,2026-05-26,2026-05,serum,skincare,,SHISEIDO,デパコス,0,0,0,https://prtimes.jp/main/html/rd/p/000003119.000005794.html
000000016.000147749,147749,COSRX  inc.,COSRX inc.,brand_owner,KR,core,2026-05-27,2026-05,cream,skincare,,COSRX,プチプラ/ミドル,0,0,0,https://prtimes.jp/main/html/rd/p/000000016.000147749.html
000000361.000021350,21350,アモーレパシフィックジャパン株式会社,アモーレパシフィックジャパン株式会社,brand_owner,KR,core,2026-05-27,2026-05,powder,makeup,,,mixed,0,0,0,https://prtimes.jp/main/html/rd/p/000000361.000021350.html
000000061.000127171,127171,株式会社Goodai Global Japan,株式会社Goodai Global Japan,importer,KR,core,2026-05-29,2026-05,lipstick,makeup,,TIRTIR,プチプラ/ミドル,0,0,0,https://prtimes.jp/main/html/rd/p/000000061.000127171.html
000000107.000035071,35071,株式会社BENOW JAPAN,株式会社BENOW JAPAN,importer,KR,core,2026-05-29,2026-05,booster,skincare,,numbuzin,ミドル,0,0,0,https://prtimes.jp/main/html/rd/p/000000107.000035071.html
000000199.000031376,31376,アモーレパシフィックジャパン株式会社,アモーレパシフィックジャパン株式会社,brand_owner,KR,core,2026-05-29,2026-05,,none,,イニスフリー,プチプラ/ミドル,0,0,0,https://prtimes.jp/main/html/rd/p/000000199.000031376.html
000000690.000007954,7954,クラシエ株式会社（ホームプロダクツカンパニー）,クラシエ株式会社,brand_owner,JP,core,2026-05-29,2026-05,hair,other,,,プチプラ,0,1,0,https://prtimes.jp/main/html/rd/p/000000690.000007954.html
000000712.000002061,2061,オルビス株式会社,株式会社オルビス,brand_owner,JP,core,2026-05-29,2026-05,,none,,ORBIS,ミドル,0,0,0,https://prtimes.jp/main/html/rd/p/000000712.000002061.html
000000010.000169347,169347,株式会社アルビオン,株式会社アルビオン,brand_owner,JP,core,2026-06-01,2026-06,hair,other,,ALBION,デパコス,0,0,0,https://prtimes.jp/main/html/rd/p/000000010.000169347.html
000000064.000127171,127171,株式会社Goodai Global Japan,株式会社Goodai Global Japan,importer,KR,core,2026-06-01,2026-06,base_makeup,makeup,,TIRTIR,プチプラ/ミドル,0,0,0,https://prtimes.jp/main/html/rd/p/000000064.000127171.html
000000108.000035071,35071,株式会社BENOW JAPAN,株式会社BENOW JAPAN,importer,KR,core,2026-06-01,2026-06,,none,,numbuzin,ミドル,0,0,0,https://prtimes.jp/main/html/rd/p/000000108.000035071.html
000000590.000028974,28974,株式会社桃谷順天館,株式会社桃谷順天館,brand_owner,JP,present_forward,2026-06-01,2026-06,mask|booster,skincare,,,プチプラ,0,0,0,https://prtimes.jp/main/html/rd/p/000000590.000028974.html
000000591.000028974,28974,株式会社桃谷順天館,株式会社桃谷順天館,brand_owner,JP,present_forward,2026-06-01,2026-06,serum,skincare,,,プチプラ,0,0,0,https://prtimes.jp/main/html/rd/p/000000591.000028974.html
000000477.000000263,263,常盤薬品工業株式会社,常盤薬品工業株式会社,brand_owner,JP,present_forward,2026-06-02,2026-06,serum,skincare,,,プチプラ,0,0,0,https://prtimes.jp/main/html/rd/p/000000477.000000263.html
000000899.000016220,16220,株式会社カネボウ化粧品,株式会社カネボウ化粧品,brand_owner,JP,present_forward,2026-06-02,2026-06,powder,makeup,,,mixed,0,0,1,https://prtimes.jp/main/html/rd/p/000000899.000016220.html
000003127.000005794,5794,株式会社資生堂,株式会社資生堂,brand_owner,JP,present_forward,2026-06-02,2026-06,serum|face_wash,skincare,,,mixed,0,0,1,https://prtimes.jp/main/html/rd/p/000003127.000005794.html
000000055.000077831,77831,株式会社mimi-Japan,株式会社mimi-Japan,importer,CN,core,2026-06-03,2026-06,serum,skincare,,,,0,0,0,https://prtimes.jp/main/html/rd/p/000000055.000077831.html
000000485.000030413,30413,株式会社ディーエイチシー,株式会社ディーエイチシー,brand_owner,JP,core,2026-06-03,2026-06,all_in_one,skincare,,DHC,プチプラ/ミドル,0,1,0,https://prtimes.jp/main/html/rd/p/000000485.000030413.html
000000630.000014810,14810,パルファン・クリスチャン・ディオール・ジャポン株式会社,パルファン・クリスチャン・ディオール・ジャポン株式会社,brand_owner,global,present_forward,2026-06-03,2026-06,powder|foundation,makeup,,Dior,デパコス,0,0,0,https://prtimes.jp/main/html/rd/p/000000630.000014810.html
000003128.000005794,5794,株式会社資生堂,株式会社資生堂,brand_owner,JP,present_forward,2026-06-03,2026-06,lash_brow,makeup,,,mixed,0,1,0,https://prtimes.jp/main/html/rd/p/000003128.000005794.html
000003129.000005794,5794,株式会社資生堂,株式会社資生堂,brand_owner,JP,present_forward,2026-06-03,2026-06,,none,,,mixed,0,0,0,https://prtimes.jp/main/html/rd/p/000003129.000005794.html
000000362.000021350,21350,アモーレパシフィックジャパン株式会社,アモーレパシフィックジャパン株式会社,brand_owner,KR,core,2026-06-04,2026-06,,none,,,mixed,0,0,0,https://prtimes.jp/main/html/rd/p/000000362.000021350.html
000000631.000014810,14810,パルファン・クリスチャン・ディオール・ジャポン株式会社,パルファン・クリスチャン・ディオール・ジャポン株式会社,brand_owner,global,present_forward,2026-06-04,2026-06,,none,,Dior,デパコス,0,0,0,https://prtimes.jp/main/html/rd/p/000000631.000014810.html
000000063.000127171,127171,株式会社Goodai Global Japan,株式会社Goodai Global Japan,importer,KR,core,2026-06-05,2026-06,,none,,SKIN1004,ミドル,0,0,0,https://prtimes.jp/main/html/rd/p/000000063.000127171.html
000000123.000042040,42040,株式会社セザンヌ化粧品,セザンヌ化粧品株式会社,brand_owner,JP,core,2026-06-05,2026-06,concealer|lipstick|serum,makeup,,CEZANNE,プチプラ,0,0,0,https://prtimes.jp/main/html/rd/p/000000123.000042040.html
000000066.000127171,127171,株式会社Goodai Global Japan,株式会社Goodai Global Japan,importer,KR,core,2026-06-08,2026-06,,none,,TIRTIR,プチプラ/ミドル,0,0,0,https://prtimes.jp/main/html/rd/p/000000066.000127171.html
000000103.000090124,90124,ELCジャパン合同会社,ELCジャパン合同会社,brand_owner,global,core,2026-06-08,2026-06,fragrance,other,,ジョー マローン ロンドン,デパコス,0,0,0,https://prtimes.jp/main/html/rd/p/000000103.000090124.html
000000363.000021350,21350,アモーレパシフィックジャパン株式会社,アモーレパシフィックジャパン株式会社,brand_owner,KR,core,2026-06-08,2026-06,,none,,エチュード,プチプラ,0,0,0,https://prtimes.jp/main/html/rd/p/000000363.000021350.html
000001122.000006496,6496,株式会社マンダム,株式会社マンダム,brand_owner,JP,present_forward,2026-06-08,2026-06,lash_brow,makeup,,ビフェスタ,プチプラ,0,0,1,https://prtimes.jp/main/html/rd/p/000001122.000006496.html
000000283.000072864,72864,花王株式会社（Kao Beauty Brands）,花王株式会社,brand_owner,JP,present_forward,2026-06-09,2026-06,lash_brow,makeup,,est,デパコス,0,0,0,https://prtimes.jp/main/html/rd/p/000000283.000072864.html
000000479.000000263,263,常盤薬品工業株式会社,常盤薬品工業株式会社,brand_owner,JP,present_forward,2026-06-09,2026-06,lash_brow,makeup,,,プチプラ,0,0,0,https://prtimes.jp/main/html/rd/p/000000479.000000263.html
000000484.000000263,263,常盤薬品工業株式会社,常盤薬品工業株式会社,brand_owner,JP,present_forward,2026-06-09,2026-06,emulsion,skincare,,,プチプラ,0,0,0,https://prtimes.jp/main/html/rd/p/000000484.000000263.html
000000692.000007954,7954,クラシエ株式会社（ホームプロダクツカンパニー）,クラシエ株式会社,brand_owner,JP,core,2026-06-09,2026-06,hair,other,,,プチプラ,0,0,0,https://prtimes.jp/main/html/rd/p/000000692.000007954.html
000003131.000005794,5794,株式会社資生堂,株式会社資生堂,brand_owner,JP,present_forward,2026-06-09,2026-06,cream|serum,skincare,,HAKU,ミドル,1,0,0,https://prtimes.jp/main/html/rd/p/000003131.000005794.html
000000485.000000263,263,常盤薬品工業株式会社,常盤薬品工業株式会社,brand_owner,JP,present_forward,2026-06-10,2026-06,,none,,,プチプラ,0,1,0,https://prtimes.jp/main/html/rd/p/000000485.000000263.html
000000121.000096821,96821,VT COSMETICS,VT COSMETICS,brand_owner,KR,core,2026-06-11,2026-06,,none,アスコルビン酸,VT,プチプラ,0,0,0,https://prtimes.jp/main/html/rd/p/000000121.000096821.html
000000588.000001572,1572,株式会社石澤研究所,株式会社石澤研究所,brand_owner,JP,core,2026-06-11,2026-06,,none,,毛穴撫子,プチプラ,0,0,0,https://prtimes.jp/main/html/rd/p/000000588.000001572.html
000003132.000005794,5794,株式会社資生堂,株式会社資生堂,brand_owner,JP,present_forward,2026-06-11,2026-06,cream,skincare,,,mixed,1,0,0,https://prtimes.jp/main/html/rd/p/000003132.000005794.html
000000122.000096821,96821,VT COSMETICS,VT COSMETICS,brand_owner,KR,core,2026-06-12,2026-06,,none,レチナール|アスコルビン酸|ペプチド,VT,プチプラ,0,0,0,https://prtimes.jp/main/html/rd/p/000000122.000096821.html
000000359.000076505,76505,株式会社韓国高麗人蔘社,株式会社韓国高麗人蔘社,importer,KR,core,2026-06-12,2026-06,lash_brow,makeup,,rom&nd,プチプラ,0,0,0,https://prtimes.jp/main/html/rd/p/000000359.000076505.html
000001555.000017666,17666,株式会社ファンケル,株式会社ファンケル,brand_owner,JP,present_forward,2026-06-12,2026-06,serum,skincare,,FANCL,ミドル,0,0,0,https://prtimes.jp/main/html/rd/p/000001555.000017666.html
000000097.000064854,64854,P&Gプレステージ合同会社,P&Gプレステージ合同会社,brand_owner,global,core,2026-06-15,2026-06,hair|serum,other,,,デパコス,0,0,0,https://prtimes.jp/main/html/rd/p/000000097.000064854.html
000000361.000076505,76505,株式会社韓国高麗人蔘社,株式会社韓国高麗人蔘社,importer,KR,core,2026-06-15,2026-06,blush,makeup,,,,0,0,0,https://prtimes.jp/main/html/rd/p/000000361.000076505.html
000000476.000000263,263,常盤薬品工業株式会社,常盤薬品工業株式会社,brand_owner,JP,present_forward,2026-06-16,2026-06,cream,skincare,,,プチプラ,0,0,0,https://prtimes.jp/main/html/rd/p/000000476.000000263.html
000000584.000044879,44879,ロート製薬株式会社,ロート製薬株式会社,brand_owner,JP,present_forward,2026-06-16,2026-06,hair,other,,,プチプラ/ミドル,0,0,0,https://prtimes.jp/main/html/rd/p/000000584.000044879.html
000000126.000096821,96821,VT COSMETICS,VT COSMETICS,brand_owner,KR,core,2026-06-17,2026-06,cream,skincare,,VT,プチプラ,0,0,0,https://prtimes.jp/main/html/rd/p/000000126.000096821.html
000000478.000000263,263,常盤薬品工業株式会社,常盤薬品工業株式会社,brand_owner,JP,present_forward,2026-06-17,2026-06,cream,skincare,,,プチプラ,0,0,0,https://prtimes.jp/main/html/rd/p/000000478.000000263.html
000000589.000001572,1572,株式会社石澤研究所,株式会社石澤研究所,brand_owner,JP,core,2026-06-17,2026-06,,none,,,プチプラ,0,0,0,https://prtimes.jp/main/html/rd/p/000000589.000001572.html
000000110.000035071,35071,株式会社BENOW JAPAN,株式会社BENOW JAPAN,importer,KR,core,2026-06-18,2026-06,base_makeup,makeup,,,ミドル,0,0,0,https://prtimes.jp/main/html/rd/p/000000110.000035071.html
000000587.000001572,1572,株式会社石澤研究所,株式会社石澤研究所,brand_owner,JP,core,2026-06-18,2026-06,,none,,,プチプラ,1,0,0,https://prtimes.jp/main/html/rd/p/000000587.000001572.html
000000711.000002061,2061,オルビス株式会社,株式会社オルビス,brand_owner,JP,core,2026-06-18,2026-06,,none,,ORBIS,ミドル,1,0,0,https://prtimes.jp/main/html/rd/p/000000711.000002061.html
000000713.000002061,2061,オルビス株式会社,株式会社オルビス,brand_owner,JP,core,2026-06-18,2026-06,cleansing,skincare,,ORBIS,ミドル,0,0,0,https://prtimes.jp/main/html/rd/p/000000713.000002061.html
000003133.000005794,5794,株式会社資生堂,株式会社資生堂,brand_owner,JP,present_forward,2026-06-18,2026-06,,none,,,mixed,0,0,0,https://prtimes.jp/main/html/rd/p/000003133.000005794.html
000000052.000046376,46376,株式会社コーセー（戦略ブランド事業部）,株式会社コーセー,brand_owner,JP,core,2026-06-19,2026-06,powder|toner_lotion,makeup,,ADDICTION,デパコス,0,0,0,https://prtimes.jp/main/html/rd/p/000000052.000046376.html
000000480.000000263,263,常盤薬品工業株式会社,常盤薬品工業株式会社,brand_owner,JP,present_forward,2026-06-19,2026-06,lash_brow,makeup,,,プチプラ,0,0,0,https://prtimes.jp/main/html/rd/p/000000480.000000263.html
000000693.000007954,7954,クラシエ株式会社（ホームプロダクツカンパニー）,クラシエ株式会社,brand_owner,JP,core,2026-06-19,2026-06,,none,,,プチプラ,0,0,0,https://prtimes.jp/main/html/rd/p/000000693.000007954.html
000000901.000016220,16220,株式会社カネボウ化粧品,株式会社カネボウ化粧品,brand_owner,JP,present_forward,2026-06-19,2026-06,,none,,KANEBO,デパコス,0,0,0,https://prtimes.jp/main/html/rd/p/000000901.000016220.html
000000053.000046376,46376,株式会社コーセー（戦略ブランド事業部）,株式会社コーセー,brand_owner,JP,core,2026-06-22,2026-06,lash_brow,makeup,,ADDICTION,デパコス,0,0,0,https://prtimes.jp/main/html/rd/p/000000053.000046376.html
000000213.000086691,86691,ユニリーバ・ジャパン・カスタマーマーケティング株式会社,ユニリーバ・ジャパン株式会社,brand_owner,global,core,2026-06-22,2026-06,,none,,LUX,プチプラ,0,0,1,https://prtimes.jp/main/html/rd/p/000000213.000086691.html
000000251.000019685,19685,株式会社 井田ラボラトリーズ,株式会社井田ラボラトリーズ,brand_owner,JP,core,2026-06-22,2026-06,,none,,CANMAKE,プチプラ,0,0,1,https://prtimes.jp/main/html/rd/p/000000251.000019685.html
000000252.000019685,19685,株式会社 井田ラボラトリーズ,株式会社井田ラボラトリーズ,brand_owner,JP,core,2026-06-22,2026-06,nail,makeup,,CANMAKE,プチプラ,0,0,0,https://prtimes.jp/main/html/rd/p/000000252.000019685.html
000000487.000000263,263,常盤薬品工業株式会社,常盤薬品工業株式会社,brand_owner,JP,present_forward,2026-06-22,2026-06,,none,,,プチプラ,0,0,0,https://prtimes.jp/main/html/rd/p/000000487.000000263.html
000000591.000001572,1572,株式会社石澤研究所,株式会社石澤研究所,brand_owner,JP,core,2026-06-22,2026-06,serum,skincare,,,プチプラ,0,0,0,https://prtimes.jp/main/html/rd/p/000000591.000001572.html
000000594.000028974,28974,株式会社桃谷順天館,株式会社桃谷順天館,brand_owner,JP,present_forward,2026-06-22,2026-06,,none,,明色,プチプラ,0,0,0,https://prtimes.jp/main/html/rd/p/000000594.000028974.html
000000123.000096821,96821,VT COSMETICS,VT COSMETICS,brand_owner,KR,core,2026-06-23,2026-06,,none,,VT,プチプラ,0,0,0,https://prtimes.jp/main/html/rd/p/000000123.000096821.html
000000141.000006944,6944,ニベア花王株式会社,ニベア花王株式会社,brand_owner,global,core,2026-06-23,2026-06,lip_balm|serum|lipstick,makeup,,NIVEA,プチプラ/ミドル,0,0,0,https://prtimes.jp/main/html/rd/p/000000141.000006944.html
000000142.000006944,6944,ニベア花王株式会社,ニベア花王株式会社,brand_owner,global,core,2026-06-23,2026-06,cream,skincare,,NIVEA,プチプラ/ミドル,0,0,0,https://prtimes.jp/main/html/rd/p/000000142.000006944.html
000000719.000002061,2061,オルビス株式会社,株式会社オルビス,brand_owner,JP,core,2026-06-23,2026-06,cleansing,skincare,,ORBIS,ミドル,0,0,0,https://prtimes.jp/main/html/rd/p/000000719.000002061.html
000000651.000070897,70897,花王株式会社,花王株式会社,brand_owner,JP,present_forward,2026-06-24,2026-06,,none,,SOFINA,ミドル,0,0,0,https://prtimes.jp/main/html/rd/p/000000651.000070897.html
000000741.000036737,36737,株式会社ポーラ,株式会社ポーラ,brand_owner,JP,core,2026-06-24,2026-06,,none,,POLA,デパコス,0,0,0,https://prtimes.jp/main/html/rd/p/000000741.000036737.html
000000368.000076505,76505,株式会社韓国高麗人蔘社,株式会社韓国高麗人蔘社,importer,KR,core,2026-06-25,2026-06,,none,,rom&nd,プチプラ,0,0,0,https://prtimes.jp/main/html/rd/p/000000368.000076505.html
000000694.000007954,7954,クラシエ株式会社（ホームプロダクツカンパニー）,クラシエ株式会社,brand_owner,JP,core,2026-06-25,2026-06,,none,,肌美精,プチプラ,1,0,1,https://prtimes.jp/main/html/rd/p/000000694.000007954.html
000000903.000016220,16220,株式会社カネボウ化粧品,株式会社カネボウ化粧品,brand_owner,JP,present_forward,2026-06-25,2026-06,foundation|powder,makeup,,KATE,プチプラ,0,0,0,https://prtimes.jp/main/html/rd/p/000000903.000016220.html
000000125.000096821,96821,VT COSMETICS,VT COSMETICS,brand_owner,KR,core,2026-06-26,2026-06,,none,DNA-Na,VT,プチプラ,0,0,0,https://prtimes.jp/main/html/rd/p/000000125.000096821.html
000001848.000009276,9276,花王株式会社,花王株式会社,brand_owner,JP,present_forward,2026-06-26,2026-06,mask,skincare,,,ミドル/プチプラ,0,0,0,https://prtimes.jp/main/html/rd/p/000001848.000009276.html
000000017.000147749,147749,COSRX  inc.,COSRX inc.,brand_owner,KR,core,2026-06-29,2026-06,cream,skincare,アゼライン酸,COSRX,プチプラ/ミドル,0,0,0,https://prtimes.jp/main/html/rd/p/000000017.000147749.html
000000558.000085143,85143,アステナホールディングス株式会社,アステナホールディングス株式会社,importer,KR,present_forward,2026-06-29,2026-06,toner_lotion,skincare,,Torriden,ミドル,0,0,0,https://prtimes.jp/main/html/rd/p/000000558.000085143.html
000000696.000007954,7954,クラシエ株式会社（ホームプロダクツカンパニー）,クラシエ株式会社,brand_owner,JP,core,2026-06-29,2026-06,lipstick,makeup,,,プチプラ,0,0,0,https://prtimes.jp/main/html/rd/p/000000696.000007954.html
000000697.000007954,7954,クラシエ株式会社（ホームプロダクツカンパニー）,クラシエ株式会社,brand_owner,JP,core,2026-06-30,2026-06,body|face_wash,other,,,プチプラ,0,0,0,https://prtimes.jp/main/html/rd/p/000000697.000007954.html
000000906.000016220,16220,株式会社カネボウ化粧品,株式会社カネボウ化粧品,brand_owner,JP,present_forward,2026-06-30,2026-06,,none,,KANEBO,デパコス,0,0,0,https://prtimes.jp/main/html/rd/p/000000906.000016220.html
000003143.000005794,5794,株式会社資生堂,株式会社資生堂,brand_owner,JP,present_forward,2026-06-30,2026-06,,none,,クレ・ド・ポー ボーテ,デパコス,0,0,0,https://prtimes.jp/main/html/rd/p/000003143.000005794.html
000000015.000169347,169347,株式会社アルビオン,株式会社アルビオン,brand_owner,JP,core,2026-07-01,2026-07,hair,other,,ALBION,デパコス,0,0,0,https://prtimes.jp/main/html/rd/p/000000015.000169347.html
000000016.000169347,169347,株式会社アルビオン,株式会社アルビオン,brand_owner,JP,core,2026-07-01,2026-07,lipstick|eye_makeup,makeup,,ALBION,デパコス,0,0,0,https://prtimes.jp/main/html/rd/p/000000016.000169347.html
000000111.000035071,35071,株式会社BENOW JAPAN,株式会社BENOW JAPAN,importer,KR,core,2026-07-01,2026-07,,none,,numbuzin,ミドル,0,1,0,https://prtimes.jp/main/html/rd/p/000000111.000035071.html
000000124.000042040,42040,株式会社セザンヌ化粧品,セザンヌ化粧品株式会社,brand_owner,JP,core,2026-07-01,2026-07,,none,,CEZANNE,プチプラ,0,0,0,https://prtimes.jp/main/html/rd/p/000000124.000042040.html
000000559.000085143,85143,アステナホールディングス株式会社,アステナホールディングス株式会社,importer,KR,present_forward,2026-07-01,2026-07,serum,skincare,アゼライン酸,Torriden,ミドル,0,0,0,https://prtimes.jp/main/html/rd/p/000000559.000085143.html
000000596.000028974,28974,株式会社桃谷順天館,株式会社桃谷順天館,brand_owner,JP,present_forward,2026-07-01,2026-07,cleansing,skincare,,,プチプラ,0,1,0,https://prtimes.jp/main/html/rd/p/000000596.000028974.html
000000597.000028974,28974,株式会社桃谷順天館,株式会社桃谷順天館,brand_owner,JP,present_forward,2026-07-01,2026-07,cleansing,skincare,,,プチプラ,0,1,0,https://prtimes.jp/main/html/rd/p/000000597.000028974.html
000000656.000070897,70897,花王株式会社,花王株式会社,brand_owner,JP,present_forward,2026-07-01,2026-07,serum,skincare,,キュレル,ミドル,0,0,0,https://prtimes.jp/main/html/rd/p/000000656.000070897.html
000000695.000007954,7954,クラシエ株式会社（ホームプロダクツカンパニー）,クラシエ株式会社,brand_owner,JP,core,2026-07-01,2026-07,,none,,肌美精,プチプラ,1,0,0,https://prtimes.jp/main/html/rd/p/000000695.000007954.html
000000904.000016220,16220,株式会社カネボウ化粧品,株式会社カネボウ化粧品,brand_owner,JP,present_forward,2026-07-01,2026-07,foundation|cream,makeup,,,mixed,0,0,0,https://prtimes.jp/main/html/rd/p/000000904.000016220.html
000003142.000005794,5794,株式会社資生堂,株式会社資生堂,brand_owner,JP,present_forward,2026-07-01,2026-07,,none,,,mixed,0,0,0,https://prtimes.jp/main/html/rd/p/000003142.000005794.html
000000285.000072864,72864,花王株式会社（Kao Beauty Brands）,花王株式会社,brand_owner,JP,present_forward,2026-07-02,2026-07,base_makeup,makeup,,SOFINA,ミドル,0,0,0,https://prtimes.jp/main/html/rd/p/000000285.000072864.html
000000286.000072864,72864,花王株式会社（Kao Beauty Brands）,花王株式会社,brand_owner,JP,present_forward,2026-07-02,2026-07,base_makeup,makeup,,,mixed,0,0,0,https://prtimes.jp/main/html/rd/p/000000286.000072864.html
000000373.000076505,76505,株式会社韓国高麗人蔘社,株式会社韓国高麗人蔘社,importer,KR,core,2026-07-02,2026-07,,none,,rom&nd,プチプラ,0,0,0,https://prtimes.jp/main/html/rd/p/000000373.000076505.html
000000698.000007954,7954,クラシエ株式会社（ホームプロダクツカンパニー）,クラシエ株式会社,brand_owner,JP,core,2026-07-02,2026-07,lash_brow,makeup,,,プチプラ,0,0,0,https://prtimes.jp/main/html/rd/p/000000698.000007954.html
000000098.000064854,64854,P&Gプレステージ合同会社,P&Gプレステージ合同会社,brand_owner,global,core,2026-07-03,2026-07,serum,skincare,,SK-II,デパコス,0,0,0,https://prtimes.jp/main/html/rd/p/000000098.000064854.html
000000113.000044623,44623,ELCジャパン合同会社　M・A・C事業部,ELCジャパン合同会社,brand_owner,global,core,2026-07-03,2026-07,lipstick,makeup,,M·A·C,デパコス,0,1,0,https://prtimes.jp/main/html/rd/p/000000113.000044623.html
000001566.000017666,17666,株式会社ファンケル,株式会社ファンケル,brand_owner,JP,present_forward,2026-07-03,2026-07,cleansing,skincare,,FANCL,ミドル,0,1,0,https://prtimes.jp/main/html/rd/p/000001566.000017666.html
000000465.000022808,22808,資生堂ジャパン株式会社,株式会社資生堂,brand_owner,JP,present_forward,2026-07-06,2026-07,cleansing,skincare,,,mixed,0,0,0,https://prtimes.jp/main/html/rd/p/000000465.000022808.html
000000466.000022808,22808,資生堂ジャパン株式会社,株式会社資生堂,brand_owner,JP,present_forward,2026-07-06,2026-07,powder,makeup,,,mixed,0,0,0,https://prtimes.jp/main/html/rd/p/000000466.000022808.html
000001854.000009276,9276,花王株式会社,花王株式会社,brand_owner,JP,present_forward,2026-07-06,2026-07,hair,other,,,ミドル/プチプラ,0,0,0,https://prtimes.jp/main/html/rd/p/000001854.000009276.html
000001855.000009276,9276,花王株式会社,花王株式会社,brand_owner,JP,present_forward,2026-07-06,2026-07,,none,,ビオレ,プチプラ,0,0,1,https://prtimes.jp/main/html/rd/p/000001855.000009276.html
000000634.000014810,14810,パルファン・クリスチャン・ディオール・ジャポン株式会社,パルファン・クリスチャン・ディオール・ジャポン株式会社,brand_owner,global,present_forward,2026-07-07,2026-07,lipstick,makeup,,Dior,デパコス,0,0,0,https://prtimes.jp/main/html/rd/p/000000634.000014810.html
000000657.000070897,70897,花王株式会社,花王株式会社,brand_owner,JP,present_forward,2026-07-07,2026-07,cream,skincare,,est,デパコス,0,0,0,https://prtimes.jp/main/html/rd/p/000000657.000070897.html
000000743.000036737,36737,株式会社ポーラ,株式会社ポーラ,brand_owner,JP,core,2026-07-07,2026-07,cream,skincare,,POLA,デパコス,0,0,0,https://prtimes.jp/main/html/rd/p/000000743.000036737.html
000000744.000036737,36737,株式会社ポーラ,株式会社ポーラ,brand_owner,JP,core,2026-07-07,2026-07,cream,skincare,,POLA,デパコス,0,0,0,https://prtimes.jp/main/html/rd/p/000000744.000036737.html
000000745.000036737,36737,株式会社ポーラ,株式会社ポーラ,brand_owner,JP,core,2026-07-07,2026-07,cream,skincare,,POLA,デパコス,0,0,0,https://prtimes.jp/main/html/rd/p/000000745.000036737.html
000000592.000044879,44879,ロート製薬株式会社,ロート製薬株式会社,brand_owner,JP,present_forward,2026-07-08,2026-07,cream,skincare,,,プチプラ/ミドル,0,0,0,https://prtimes.jp/main/html/rd/p/000000592.000044879.html
000000087.000105692,105692,アモーレパシフィックジャパン株式会社,アモーレパシフィックジャパン株式会社,brand_owner,KR,core,2026-07-09,2026-07,lipstick,makeup,,ラネージュ,ミドル,0,0,0,https://prtimes.jp/main/html/rd/p/000000087.000105692.html
000000365.000021350,21350,アモーレパシフィックジャパン株式会社,アモーレパシフィックジャパン株式会社,brand_owner,KR,core,2026-07-09,2026-07,foundation,makeup,,,mixed,0,0,0,https://prtimes.jp/main/html/rd/p/000000365.000021350.html
000000468.000022808,22808,資生堂ジャパン株式会社,株式会社資生堂,brand_owner,JP,present_forward,2026-07-09,2026-07,cleansing,skincare,,,mixed,0,0,0,https://prtimes.jp/main/html/rd/p/000000468.000022808.html
000000701.000007954,7954,クラシエ株式会社（ホームプロダクツカンパニー）,クラシエ株式会社,brand_owner,JP,core,2026-07-09,2026-07,serum,skincare,,肌美精,プチプラ,0,0,0,https://prtimes.jp/main/html/rd/p/000000701.000007954.html
000000910.000016220,16220,株式会社カネボウ化粧品,株式会社カネボウ化粧品,brand_owner,JP,present_forward,2026-07-09,2026-07,,none,,KATE,プチプラ,0,0,0,https://prtimes.jp/main/html/rd/p/000000910.000016220.html
000000027.000125824,125824,"ｄ’Alba Global Co., Ltd.","ｄ’Alba Global Co., Ltd.",brand_owner,KR,core,2026-07-10,2026-07,,none,,d'Alba,ミドル,0,0,0,https://prtimes.jp/main/html/rd/p/000000027.000125824.html
000000079.000018737,18737,ELCジャパン合同会社,ELCジャパン合同会社,brand_owner,global,core,2026-07-10,2026-07,foundation,makeup,,エスティ ローダー,デパコス,0,0,0,https://prtimes.jp/main/html/rd/p/000000079.000018737.html
000000125.000042040,42040,株式会社セザンヌ化粧品,セザンヌ化粧品株式会社,brand_owner,JP,core,2026-07-10,2026-07,lash_brow|powder,makeup,,CEZANNE,プチプラ,0,0,0,https://prtimes.jp/main/html/rd/p/000000125.000042040.html
000000469.000022808,22808,資生堂ジャパン株式会社,株式会社資生堂,brand_owner,JP,present_forward,2026-07-10,2026-07,cleansing,skincare,,,mixed,0,0,0,https://prtimes.jp/main/html/rd/p/000000469.000022808.html
000000599.000028974,28974,株式会社桃谷順天館,株式会社桃谷順天館,brand_owner,JP,present_forward,2026-07-10,2026-07,mask,skincare,,明色,プチプラ,0,0,0,https://prtimes.jp/main/html/rd/p/000000599.000028974.html
000000069.000127171,127171,株式会社Goodai Global Japan,株式会社Goodai Global Japan,importer,KR,core,2026-07-13,2026-07,powder|serum,makeup,,TIRTIR,プチプラ/ミドル,0,0,0,https://prtimes.jp/main/html/rd/p/000000069.000127171.html
000000128.000096821,96821,VT COSMETICS,VT COSMETICS,brand_owner,KR,core,2026-07-13,2026-07,toner_lotion,skincare,ツボクサエキス,VT,プチプラ,0,0,1,https://prtimes.jp/main/html/rd/p/000000128.000096821.html
000000663.000070897,70897,花王株式会社,花王株式会社,brand_owner,JP,present_forward,2026-07-13,2026-07,hair|lipstick,other,,,mixed,1,0,0,https://prtimes.jp/main/html/rd/p/000000663.000070897.html
000000746.000036737,36737,株式会社ポーラ,株式会社ポーラ,brand_owner,JP,core,2026-07-13,2026-07,,none,,POLA,デパコス,0,1,0,https://prtimes.jp/main/html/rd/p/000000746.000036737.html
000001862.000009276,9276,花王株式会社,花王株式会社,brand_owner,JP,present_forward,2026-07-13,2026-07,hair,other,,,ミドル/プチプラ,0,0,0,https://prtimes.jp/main/html/rd/p/000001862.000009276.html
000000288.000072864,72864,花王株式会社（Kao Beauty Brands）,花王株式会社,brand_owner,JP,present_forward,2026-07-15,2026-07,foundation,makeup,,SOFINA,ミドル,0,0,0,https://prtimes.jp/main/html/rd/p/000000288.000072864.html
000000497.000000263,263,常盤薬品工業株式会社,常盤薬品工業株式会社,brand_owner,JP,present_forward,2026-07-15,2026-07,,none,,,プチプラ,0,0,0,https://prtimes.jp/main/html/rd/p/000000497.000000263.html
000000600.000028974,28974,株式会社桃谷順天館,株式会社桃谷順天館,brand_owner,JP,present_forward,2026-07-15,2026-07,powder,makeup,,明色,プチプラ,0,0,0,https://prtimes.jp/main/html/rd/p/000000600.000028974.html
000003151.000005794,5794,株式会社資生堂,株式会社資生堂,brand_owner,JP,present_forward,2026-07-15,2026-07,powder,makeup,,,mixed,0,0,0,https://prtimes.jp/main/html/rd/p/000003151.000005794.html
000000204.000031376,31376,アモーレパシフィックジャパン株式会社,アモーレパシフィックジャパン株式会社,brand_owner,KR,core,2026-07-16,2026-07,cleansing,skincare,,イニスフリー,プチプラ/ミドル,0,0,0,https://prtimes.jp/main/html/rd/p/000000204.000031376.html
000000367.000021350,21350,アモーレパシフィックジャパン株式会社,アモーレパシフィックジャパン株式会社,brand_owner,KR,core,2026-07-16,2026-07,lipstick,makeup,,ラネージュ,ミドル,0,0,0,https://prtimes.jp/main/html/rd/p/000000367.000021350.html
000000665.000070897,70897,花王株式会社,花王株式会社,brand_owner,JP,present_forward,2026-07-16,2026-07,foundation,makeup,,,mixed,0,0,0,https://prtimes.jp/main/html/rd/p/000000665.000070897.html
000000747.000036737,36737,株式会社ポーラ,株式会社ポーラ,brand_owner,JP,core,2026-07-16,2026-07,,none,,POLA,デパコス,0,0,0,https://prtimes.jp/main/html/rd/p/000000747.000036737.html
000000008.000175138,175138,合同会社TYCHE,合同会社TYCHE,importer,KR,core,2026-07-17,2026-07,toner_lotion|mask,skincare,ヒアルロン酸Na,Isntree,ミドル,0,0,0,https://prtimes.jp/main/html/rd/p/000000008.000175138.html
000000471.000022808,22808,資生堂ジャパン株式会社,株式会社資生堂,brand_owner,JP,present_forward,2026-07-17,2026-07,cleansing,skincare,,,mixed,0,0,0,https://prtimes.jp/main/html/rd/p/000000471.000022808.html
000000472.000022808,22808,資生堂ジャパン株式会社,株式会社資生堂,brand_owner,JP,present_forward,2026-07-17,2026-07,powder,makeup,,,mixed,0,0,0,https://prtimes.jp/main/html/rd/p/000000472.000022808.html
000000601.000028974,28974,株式会社桃谷順天館,株式会社桃谷順天館,brand_owner,JP,present_forward,2026-07-17,2026-07,body,other,,,プチプラ,0,0,0,https://prtimes.jp/main/html/rd/p/000000601.000028974.html
000000636.000014810,14810,パルファン・クリスチャン・ディオール・ジャポン株式会社,パルファン・クリスチャン・ディオール・ジャポン株式会社,brand_owner,global,present_forward,2026-07-17,2026-07,,none,,Dior,デパコス,0,0,0,https://prtimes.jp/main/html/rd/p/000000636.000014810.html
000000702.000007954,7954,クラシエ株式会社（ホームプロダクツカンパニー）,クラシエ株式会社,brand_owner,JP,core,2026-07-17,2026-07,body|toner_lotion|hair,other,,,プチプラ,0,1,0,https://prtimes.jp/main/html/rd/p/000000702.000007954.html
000000725.000002061,2061,オルビス株式会社,株式会社オルビス,brand_owner,JP,core,2026-07-17,2026-07,toner_lotion|serum,skincare,,ORBIS,ミドル,0,0,1,https://prtimes.jp/main/html/rd/p/000000725.000002061.html
000001576.000017666,17666,株式会社ファンケル,株式会社ファンケル,brand_owner,JP,present_forward,2026-07-17,2026-07,,none,,FANCL,ミドル,0,0,0,https://prtimes.jp/main/html/rd/p/000001576.000017666.html
000001577.000017666,17666,株式会社ファンケル,株式会社ファンケル,brand_owner,JP,present_forward,2026-07-17,2026-07,serum|lipstick,skincare,,FANCL,ミドル,0,0,0,https://prtimes.jp/main/html/rd/p/000001577.000017666.html
000001863.000009276,9276,花王株式会社,花王株式会社,brand_owner,JP,present_forward,2026-07-17,2026-07,toner_lotion|hair,skincare,,,ミドル/プチプラ,0,0,1,https://prtimes.jp/main/html/rd/p/000001863.000009276.html
000000473.000022808,22808,資生堂ジャパン株式会社,株式会社資生堂,brand_owner,JP,present_forward,2026-07-19,2026-07,lash_brow,makeup,,,mixed,0,0,0,https://prtimes.jp/main/html/rd/p/000000473.000022808.html
000000474.000022808,22808,資生堂ジャパン株式会社,株式会社資生堂,brand_owner,JP,present_forward,2026-07-19,2026-07,eye_makeup,makeup,,,mixed,0,0,0,https://prtimes.jp/main/html/rd/p/000000474.000022808.html
000000475.000022808,22808,資生堂ジャパン株式会社,株式会社資生堂,brand_owner,JP,present_forward,2026-07-19,2026-07,eye_makeup|foundation,makeup,,,mixed,0,0,0,https://prtimes.jp/main/html/rd/p/000000475.000022808.html
000000476.000022808,22808,資生堂ジャパン株式会社,株式会社資生堂,brand_owner,JP,present_forward,2026-07-19,2026-07,lipstick,makeup,,,mixed,0,0,0,https://prtimes.jp/main/html/rd/p/000000476.000022808.html
000000150.000024471,24471,日本ロレアル株式会社　タカミ事業部,日本ロレアル株式会社,brand_owner,global,core,2026-07-21,2026-07,,none,,タカミ,ミドル,0,0,0,https://prtimes.jp/main/html/rd/p/000000150.000024471.html
000000477.000022808,22808,資生堂ジャパン株式会社,株式会社資生堂,brand_owner,JP,present_forward,2026-07-21,2026-07,,none,,,mixed,0,0,0,https://prtimes.jp/main/html/rd/p/000000477.000022808.html
000000596.000044879,44879,ロート製薬株式会社,ロート製薬株式会社,brand_owner,JP,present_forward,2026-07-21,2026-07,serum,skincare,アゼライン酸,,プチプラ/ミドル,0,0,0,https://prtimes.jp/main/html/rd/p/000000596.000044879.html
000000637.000014810,14810,パルファン・クリスチャン・ディオール・ジャポン株式会社,パルファン・クリスチャン・ディオール・ジャポン株式会社,brand_owner,global,present_forward,2026-07-21,2026-07,serum,skincare,DNA-Na,Dior,デパコス,0,0,0,https://prtimes.jp/main/html/rd/p/000000637.000014810.html
000000913.000016220,16220,株式会社カネボウ化粧品,株式会社カネボウ化粧品,brand_owner,JP,present_forward,2026-07-21,2026-07,eye_makeup,makeup,,KATE,プチプラ,0,0,0,https://prtimes.jp/main/html/rd/p/000000913.000016220.html
000003155.000005794,5794,株式会社資生堂,株式会社資生堂,brand_owner,JP,present_forward,2026-07-21,2026-07,cream,skincare,,クレ・ド・ポー ボーテ,デパコス,0,0,0,https://prtimes.jp/main/html/rd/p/000003155.000005794.html
000000149.000024471,24471,日本ロレアル株式会社　タカミ事業部,日本ロレアル株式会社,brand_owner,global,core,2026-07-22,2026-07,serum,skincare,アスコルビン酸,タカミ,ミドル,0,0,0,https://prtimes.jp/main/html/rd/p/000000149.000024471.html
000000255.000019685,19685,株式会社 井田ラボラトリーズ,株式会社井田ラボラトリーズ,brand_owner,JP,core,2026-07-22,2026-07,cream|blush,skincare,,CANMAKE,プチプラ,0,0,1,https://prtimes.jp/main/html/rd/p/000000255.000019685.html
000000256.000019685,19685,株式会社 井田ラボラトリーズ,株式会社井田ラボラトリーズ,brand_owner,JP,core,2026-07-22,2026-07,nail,makeup,,CANMAKE,プチプラ,0,0,0,https://prtimes.jp/main/html/rd/p/000000256.000019685.html
000000498.000000263,263,常盤薬品工業株式会社,常盤薬品工業株式会社,brand_owner,JP,present_forward,2026-07-22,2026-07,,none,,なめらか本舗,プチプラ,0,1,0,https://prtimes.jp/main/html/rd/p/000000498.000000263.html
000000499.000000263,263,常盤薬品工業株式会社,常盤薬品工業株式会社,brand_owner,JP,present_forward,2026-07-22,2026-07,,none,,なめらか本舗,プチプラ,0,1,0,https://prtimes.jp/main/html/rd/p/000000499.000000263.html
000003157.000005794,5794,株式会社資生堂,株式会社資生堂,brand_owner,JP,present_forward,2026-07-22,2026-07,cream|all_in_one,skincare,,,mixed,0,1,0,https://prtimes.jp/main/html/rd/p/000003157.000005794.html
000000113.000035071,35071,株式会社BENOW JAPAN,株式会社BENOW JAPAN,importer,KR,core,2026-07-23,2026-07,,none,,numbuzin,ミドル,0,0,0,https://prtimes.jp/main/html/rd/p/000000113.000035071.html
000000705.000007954,7954,クラシエ株式会社（ホームプロダクツカンパニー）,クラシエ株式会社,brand_owner,JP,core,2026-07-23,2026-07,body,other,,,プチプラ,1,1,0,https://prtimes.jp/main/html/rd/p/000000705.000007954.html
000000126.000042040,42040,株式会社セザンヌ化粧品,セザンヌ化粧品株式会社,brand_owner,JP,core,2026-07-24,2026-07,powder,makeup,,CEZANNE,プチプラ,0,0,1,https://prtimes.jp/main/html/rd/p/000000126.000042040.html
000000914.000016220,16220,株式会社カネボウ化粧品,株式会社カネボウ化粧品,brand_owner,JP,present_forward,2026-07-24,2026-07,lash_brow|base_makeup,makeup,,KATE,プチプラ,0,0,0,https://prtimes.jp/main/html/rd/p/000000914.000016220.html
000000916.000016220,16220,株式会社カネボウ化粧品,株式会社カネボウ化粧品,brand_owner,JP,present_forward,2026-07-24,2026-07,,none,,KANEBO,デパコス,0,0,0,https://prtimes.jp/main/html/rd/p/000000916.000016220.html
000000917.000016220,16220,株式会社カネボウ化粧品,株式会社カネボウ化粧品,brand_owner,JP,present_forward,2026-07-24,2026-07,powder|face_wash,makeup,,SUISAI|KANEBO,ミドル,0,0,0,https://prtimes.jp/main/html/rd/p/000000917.000016220.html
000003161.000005794,5794,株式会社資生堂,株式会社資生堂,brand_owner,JP,present_forward,2026-07-24,2026-07,,none,,SHISEIDO,デパコス,0,1,0,https://prtimes.jp/main/html/rd/p/000003161.000005794.html
000000018.000147749,147749,COSRX  inc.,COSRX inc.,brand_owner,KR,core,2026-07-27,2026-07,mask|serum,skincare,アルブチン,COSRX,プチプラ/ミドル,0,0,0,https://prtimes.jp/main/html/rd/p/000000018.000147749.html
000000205.000031376,31376,アモーレパシフィックジャパン株式会社,アモーレパシフィックジャパン株式会社,brand_owner,KR,core,2026-07-27,2026-07,powder,makeup,,イニスフリー,プチプラ/ミドル,0,0,0,https://prtimes.jp/main/html/rd/p/000000205.000031376.html
000000395.000076505,76505,株式会社韓国高麗人蔘社,株式会社韓国高麗人蔘社,importer,KR,core,2026-07-27,2026-07,eye_makeup,makeup,,,,0,0,0,https://prtimes.jp/main/html/rd/p/000000395.000076505.html
000000478.000022808,22808,資生堂ジャパン株式会社,株式会社資生堂,brand_owner,JP,present_forward,2026-07-27,2026-07,blush,makeup,,,mixed,0,0,0,https://prtimes.jp/main/html/rd/p/000000478.000022808.html
000000479.000022808,22808,資生堂ジャパン株式会社,株式会社資生堂,brand_owner,JP,present_forward,2026-07-27,2026-07,cream|blush,skincare,,,mixed,0,0,0,https://prtimes.jp/main/html/rd/p/000000479.000022808.html
000000500.000000263,263,常盤薬品工業株式会社,常盤薬品工業株式会社,brand_owner,JP,present_forward,2026-07-27,2026-07,,none,,,プチプラ,0,0,0,https://prtimes.jp/main/html/rd/p/000000500.000000263.html
000000213.000081704,81704,株式会社ファイントゥデイ,ファイントゥデイ株式会社,brand_owner,JP,core,2026-07-28,2026-07,hair|serum,other,,fino,プチプラ,0,0,0,https://prtimes.jp/main/html/rd/p/000000213.000081704.html
000000481.000022808,22808,資生堂ジャパン株式会社,株式会社資生堂,brand_owner,JP,present_forward,2026-07-28,2026-07,,none,,,mixed,0,0,0,https://prtimes.jp/main/html/rd/p/000000481.000022808.html
000001140.000006496,6496,株式会社マンダム,株式会社マンダム,brand_owner,JP,present_forward,2026-07-28,2026-07,lash_brow,makeup,,,プチプラ,0,0,0,https://prtimes.jp/main/html/rd/p/000001140.000006496.html
000001841.000000987,987,株式会社良品計画,株式会社良品計画,brand_owner,JP,present_forward,2026-07-28,2026-07,toner_lotion,skincare,,無印良品,プチプラ,0,0,0,https://prtimes.jp/main/html/rd/p/000001841.000000987.html
000000387.000076505,76505,株式会社韓国高麗人蔘社,株式会社韓国高麗人蔘社,importer,KR,core,2026-07-29,2026-07,toner_lotion|emulsion,skincare,,,,0,0,0,https://prtimes.jp/main/html/rd/p/000000387.000076505.html
000001843.000000987,987,株式会社良品計画,株式会社良品計画,brand_owner,JP,present_forward,2026-07-29,2026-07,,none,,無印良品,プチプラ,0,0,0,https://prtimes.jp/main/html/rd/p/000001843.000000987.html
000000707.000007954,7954,クラシエ株式会社（ホームプロダクツカンパニー）,クラシエ株式会社,brand_owner,JP,core,2026-07-30,2026-07,hair,other,,,プチプラ,0,1,0,https://prtimes.jp/main/html/rd/p/000000707.000007954.html
000000022.000108700,108700,株式会社APRJP,株式会社APRJP,brand_owner,KR,core,2026-07-31,2026-07,booster,skincare,,medicube,ミドル,0,0,0,https://prtimes.jp/main/html/rd/p/000000022.000108700.html
000000369.000021350,21350,アモーレパシフィックジャパン株式会社,アモーレパシフィックジャパン株式会社,brand_owner,KR,core,2026-07-31,2026-07,,none,,,mixed,0,0,0,https://prtimes.jp/main/html/rd/p/000000369.000021350.html
000000409.000076505,76505,株式会社韓国高麗人蔘社,株式会社韓国高麗人蔘社,importer,KR,core,2026-07-31,2026-07,toner_lotion,skincare,,,,0,0,0,https://prtimes.jp/main/html/rd/p/000000409.000076505.html
000000606.000028974,28974,株式会社桃谷順天館,株式会社桃谷順天館,brand_owner,JP,present_forward,2026-07-31,2026-07,powder,makeup,,明色,プチプラ,0,0,0,https://prtimes.jp/main/html/rd/p/000000606.000028974.html
000000727.000002061,2061,オルビス株式会社,株式会社オルビス,brand_owner,JP,core,2026-07-31,2026-07,,none,,ORBIS,ミドル,0,1,0,https://prtimes.jp/main/html/rd/p/000000727.000002061.html
000000021.000169347,169347,株式会社アルビオン,株式会社アルビオン,brand_owner,JP,core,2026-08-01,2026-08,powder,makeup,,ALBION,デパコス,0,0,0,https://prtimes.jp/main/html/rd/p/000000021.000169347.html
000000019.000169347,169347,株式会社アルビオン,株式会社アルビオン,brand_owner,JP,core,2026-08-03,2026-08,lipstick,makeup,,ALBION,デパコス,0,0,0,https://prtimes.jp/main/html/rd/p/000000019.000169347.html
000000215.000086691,86691,ユニリーバ・ジャパン・カスタマーマーケティング株式会社,ユニリーバ・ジャパン株式会社,brand_owner,global,core,2026-08-03,2026-08,,none,,LUX,プチプラ,0,0,0,https://prtimes.jp/main/html/rd/p/000000215.000086691.html
000000607.000028974,28974,株式会社桃谷順天館,株式会社桃谷順天館,brand_owner,JP,present_forward,2026-08-03,2026-08,,none,,明色,プチプラ,0,0,0,https://prtimes.jp/main/html/rd/p/000000607.000028974.html
000000708.000007954,7954,クラシエ株式会社（ホームプロダクツカンパニー）,クラシエ株式会社,brand_owner,JP,core,2026-08-03,2026-08,hair,other,,,プチプラ,0,0,0,https://prtimes.jp/main/html/rd/p/000000708.000007954.html
000001137.000006496,6496,株式会社マンダム,株式会社マンダム,brand_owner,JP,present_forward,2026-08-03,2026-08,,none,,GATSBY,プチプラ,0,0,0,https://prtimes.jp/main/html/rd/p/000001137.000006496.html
000001138.000006496,6496,株式会社マンダム,株式会社マンダム,brand_owner,JP,present_forward,2026-08-03,2026-08,serum|hair,skincare,,,プチプラ,0,0,0,https://prtimes.jp/main/html/rd/p/000001138.000006496.html
000003167.000005794,5794,株式会社資生堂,株式会社資生堂,brand_owner,JP,present_forward,2026-08-03,2026-08,body|fragrance,other,,,mixed,0,0,0,https://prtimes.jp/main/html/rd/p/000003167.000005794.html
000003169.000005794,5794,株式会社資生堂,株式会社資生堂,brand_owner,JP,present_forward,2026-08-03,2026-08,cream,skincare,,エリクシール,ミドル,0,0,0,https://prtimes.jp/main/html/rd/p/000003169.000005794.html
000000116.000044623,44623,ELCジャパン合同会社　M・A・C事業部,ELCジャパン合同会社,brand_owner,global,core,2026-08-04,2026-08,lip_balm,makeup,,M·A·C,デパコス,0,0,0,https://prtimes.jp/main/html/rd/p/000000116.000044623.html
000000152.000024471,24471,日本ロレアル株式会社　タカミ事業部,日本ロレアル株式会社,brand_owner,global,core,2026-08-04,2026-08,,none,,タカミ,ミドル,0,0,0,https://prtimes.jp/main/html/rd/p/000000152.000024471.html
000000292.000072864,72864,花王株式会社（Kao Beauty Brands）,花王株式会社,brand_owner,JP,present_forward,2026-08-04,2026-08,,none,,SOFINA,ミドル,0,0,0,https://prtimes.jp/main/html/rd/p/000000292.000072864.html
000000918.000016220,16220,株式会社カネボウ化粧品,株式会社カネボウ化粧品,brand_owner,JP,present_forward,2026-08-04,2026-08,cream,skincare,,DEW|KANEBO,ミドル,0,0,0,https://prtimes.jp/main/html/rd/p/000000918.000016220.html
000001868.000009276,9276,花王株式会社,花王株式会社,brand_owner,JP,present_forward,2026-08-04,2026-08,hair,other,,,ミドル/プチプラ,0,0,0,https://prtimes.jp/main/html/rd/p/000001868.000009276.html
000000106.000090124,90124,ELCジャパン合同会社,ELCジャパン合同会社,brand_owner,global,core,2026-08-05,2026-08,fragrance,other,,ジョー マローン ロンドン,デパコス,0,0,0,https://prtimes.jp/main/html/rd/p/000000106.000090124.html
000000216.000086691,86691,ユニリーバ・ジャパン・カスタマーマーケティング株式会社,ユニリーバ・ジャパン株式会社,brand_owner,global,core,2026-08-05,2026-08,cream,skincare,,Dove,プチプラ,0,0,0,https://prtimes.jp/main/html/rd/p/000000216.000086691.html
000000482.000022808,22808,資生堂ジャパン株式会社,株式会社資生堂,brand_owner,JP,present_forward,2026-08-05,2026-08,blush,makeup,,,mixed,0,0,0,https://prtimes.jp/main/html/rd/p/000000482.000022808.html
000000483.000022808,22808,資生堂ジャパン株式会社,株式会社資生堂,brand_owner,JP,present_forward,2026-08-05,2026-08,cream|blush,skincare,,,mixed,0,0,0,https://prtimes.jp/main/html/rd/p/000000483.000022808.html
000000484.000022808,22808,資生堂ジャパン株式会社,株式会社資生堂,brand_owner,JP,present_forward,2026-08-05,2026-08,lipstick,makeup,,,mixed,0,0,0,https://prtimes.jp/main/html/rd/p/000000484.000022808.html
000000485.000022808,22808,資生堂ジャパン株式会社,株式会社資生堂,brand_owner,JP,present_forward,2026-08-05,2026-08,blush,makeup,,,mixed,0,0,0,https://prtimes.jp/main/html/rd/p/000000485.000022808.html
000000501.000000263,263,常盤薬品工業株式会社,常盤薬品工業株式会社,brand_owner,JP,present_forward,2026-08-05,2026-08,,none,,,プチプラ,0,0,0,https://prtimes.jp/main/html/rd/p/000000501.000000263.html
000000920.000016220,16220,株式会社カネボウ化粧品,株式会社カネボウ化粧品,brand_owner,JP,present_forward,2026-08-05,2026-08,serum,skincare,,KANEBO,デパコス,0,0,0,https://prtimes.jp/main/html/rd/p/000000920.000016220.html
000000921.000016220,16220,株式会社カネボウ化粧品,株式会社カネボウ化粧品,brand_owner,JP,present_forward,2026-08-05,2026-08,serum|hair,skincare,,,mixed,1,0,0,https://prtimes.jp/main/html/rd/p/000000921.000016220.html
000000922.000016220,16220,株式会社カネボウ化粧品,株式会社カネボウ化粧品,brand_owner,JP,present_forward,2026-08-05,2026-08,foundation|serum,makeup,加水分解コラーゲン,,mixed,0,0,0,https://prtimes.jp/main/html/rd/p/000000922.000016220.html
000001584.000017666,17666,株式会社ファンケル,株式会社ファンケル,brand_owner,JP,present_forward,2026-08-05,2026-08,base_makeup,makeup,,FANCL,ミドル,0,1,0,https://prtimes.jp/main/html/rd/p/000001584.000017666.html
000000117.000044623,44623,ELCジャパン合同会社　M・A・C事業部,ELCジャパン合同会社,brand_owner,global,core,2026-08-06,2026-08,,none,,M·A·C,デパコス,0,0,0,https://prtimes.jp/main/html/rd/p/000000117.000044623.html
000000206.000031376,31376,アモーレパシフィックジャパン株式会社,アモーレパシフィックジャパン株式会社,brand_owner,KR,core,2026-08-06,2026-08,serum,skincare,セラミド,イニスフリー,プチプラ/ミドル,0,0,0,https://prtimes.jp/main/html/rd/p/000000206.000031376.html
000000370.000021350,21350,アモーレパシフィックジャパン株式会社,アモーレパシフィックジャパン株式会社,brand_owner,KR,core,2026-08-06,2026-08,lipstick,makeup,,ラネージュ,ミドル,0,0,0,https://prtimes.jp/main/html/rd/p/000000370.000021350.html
000000502.000000263,263,常盤薬品工業株式会社,常盤薬品工業株式会社,brand_owner,JP,present_forward,2026-08-06,2026-08,face_wash,skincare,,,プチプラ,0,0,0,https://prtimes.jp/main/html/rd/p/000000502.000000263.html
000000503.000000263,263,常盤薬品工業株式会社,常盤薬品工業株式会社,brand_owner,JP,present_forward,2026-08-06,2026-08,,none,,,プチプラ,0,1,0,https://prtimes.jp/main/html/rd/p/000000503.000000263.html
000000599.000044879,44879,ロート製薬株式会社,ロート製薬株式会社,brand_owner,JP,present_forward,2026-08-06,2026-08,,none,アスコルビン酸,メラノCC,プチプラ,0,0,0,https://prtimes.jp/main/html/rd/p/000000599.000044879.html
000000639.000014810,14810,パルファン・クリスチャン・ディオール・ジャポン株式会社,パルファン・クリスチャン・ディオール・ジャポン株式会社,brand_owner,global,present_forward,2026-08-06,2026-08,fragrance,other,,Dior,デパコス,0,0,0,https://prtimes.jp/main/html/rd/p/000000639.000014810.html
000003171.000005794,5794,株式会社資生堂,株式会社資生堂,brand_owner,JP,present_forward,2026-08-06,2026-08,serum,skincare,,,mixed,0,0,0,https://prtimes.jp/main/html/rd/p/000003171.000005794.html
000003172.000005794,5794,株式会社資生堂,株式会社資生堂,brand_owner,JP,present_forward,2026-08-06,2026-08,,none,,SHISEIDO,デパコス,0,0,0,https://prtimes.jp/main/html/rd/p/000003172.000005794.html
000000114.000035071,35071,株式会社BENOW JAPAN,株式会社BENOW JAPAN,importer,KR,core,2026-08-07,2026-08,,none,,numbuzin,ミドル,0,0,1,https://prtimes.jp/main/html/rd/p/000000114.000035071.html
000000071.000127171,127171,株式会社Goodai Global Japan,株式会社Goodai Global Japan,importer,KR,core,2026-08-12,2026-08,base_makeup|serum,makeup,,TIRTIR,プチプラ/ミドル,0,0,0,https://prtimes.jp/main/html/rd/p/000000071.000127171.html
000000261.000019685,19685,株式会社 井田ラボラトリーズ,株式会社井田ラボラトリーズ,brand_owner,JP,core,2026-08-12,2026-08,,none,,CANMAKE,プチプラ,0,0,0,https://prtimes.jp/main/html/rd/p/000000261.000019685.html
000000371.000021350,21350,アモーレパシフィックジャパン株式会社,アモーレパシフィックジャパン株式会社,brand_owner,KR,core,2026-08-13,2026-08,lipstick,makeup,,ラネージュ,ミドル,0,0,0,https://prtimes.jp/main/html/rd/p/000000371.000021350.html
000000924.000016220,16220,株式会社カネボウ化粧品,株式会社カネボウ化粧品,brand_owner,JP,present_forward,2026-08-17,2026-08,hair|toner_lotion,other,,,mixed,0,1,0,https://prtimes.jp/main/html/rd/p/000000924.000016220.html
000001133.000006496,6496,株式会社マンダム,株式会社マンダム,brand_owner,JP,present_forward,2026-08-17,2026-08,face_wash,skincare,サリチル酸,ビフェスタ,プチプラ,0,0,0,https://prtimes.jp/main/html/rd/p/000001133.000006496.html
000001872.000009276,9276,花王株式会社,花王株式会社,brand_owner,JP,present_forward,2026-08-17,2026-08,hair|emulsion,other,,,ミドル/プチプラ,0,0,0,https://prtimes.jp/main/html/rd/p/000001872.000009276.html
000003173.000005794,5794,株式会社資生堂,株式会社資生堂,brand_owner,JP,present_forward,2026-08-17,2026-08,cream,skincare,,dプログラム,ミドル,1,0,0,https://prtimes.jp/main/html/rd/p/000003173.000005794.html
000000118.000044623,44623,ELCジャパン合同会社　M・A・C事業部,ELCジャパン合同会社,brand_owner,global,core,2026-08-18,2026-08,,none,,M·A·C,デパコス,0,0,0,https://prtimes.jp/main/html/rd/p/000000118.000044623.html
000000293.000072864,72864,花王株式会社（Kao Beauty Brands）,花王株式会社,brand_owner,JP,present_forward,2026-08-18,2026-08,foundation|concealer|powder,makeup,,est,デパコス,0,0,0,https://prtimes.jp/main/html/rd/p/000000293.000072864.html
000000643.000014810,14810,パルファン・クリスチャン・ディオール・ジャポン株式会社,パルファン・クリスチャン・ディオール・ジャポン株式会社,brand_owner,global,present_forward,2026-08-18,2026-08,lipstick,makeup,,,デパコス,0,0,0,https://prtimes.jp/main/html/rd/p/000000643.000014810.html
000000923.000016220,16220,株式会社カネボウ化粧品,株式会社カネボウ化粧品,brand_owner,JP,present_forward,2026-08-18,2026-08,lipstick,makeup,,KATE,プチプラ,0,0,1,https://prtimes.jp/main/html/rd/p/000000923.000016220.html
000001143.000006496,6496,株式会社マンダム,株式会社マンダム,brand_owner,JP,present_forward,2026-08-18,2026-08,,none,,GATSBY,プチプラ,0,0,0,https://prtimes.jp/main/html/rd/p/000001143.000006496.html
000000024.000108700,108700,株式会社APRJP,株式会社APRJP,brand_owner,KR,core,2026-08-19,2026-08,cream,skincare,加水分解コラーゲン,medicube,ミドル,0,0,0,https://prtimes.jp/main/html/rd/p/000000024.000108700.html
000000101.000056098,56098,株式会社クリオ,株式会社クリオ,brand_owner,KR,core,2026-08-19,2026-08,lip_balm,makeup,DNA-Na,CLIO,ミドル,0,0,0,https://prtimes.jp/main/html/rd/p/000000101.000056098.html
000000424.000076505,76505,株式会社韓国高麗人蔘社,株式会社韓国高麗人蔘社,importer,KR,core,2026-08-19,2026-08,,none,,,,0,0,0,https://prtimes.jp/main/html/rd/p/000000424.000076505.html
000000583.000085143,85143,アステナホールディングス株式会社,アステナホールディングス株式会社,importer,KR,present_forward,2026-08-19,2026-08,,none,ヒアルロン酸Na,Torriden,ミドル,0,1,0,https://prtimes.jp/main/html/rd/p/000000583.000085143.html
000000644.000014810,14810,パルファン・クリスチャン・ディオール・ジャポン株式会社,パルファン・クリスチャン・ディオール・ジャポン株式会社,brand_owner,global,present_forward,2026-08-19,2026-08,serum,skincare,,,デパコス,0,0,0,https://prtimes.jp/main/html/rd/p/000000644.000014810.html
000000710.000007954,7954,クラシエ株式会社（ホームプロダクツカンパニー）,クラシエ株式会社,brand_owner,JP,core,2026-08-19,2026-08,hair,other,,,プチプラ,0,0,0,https://prtimes.jp/main/html/rd/p/000000710.000007954.html
000000728.000002061,2061,オルビス株式会社,株式会社オルビス,brand_owner,JP,core,2026-08-19,2026-08,serum,skincare,,ORBIS,ミドル,0,0,0,https://prtimes.jp/main/html/rd/p/000000728.000002061.html
000000729.000002061,2061,オルビス株式会社,株式会社オルビス,brand_owner,JP,core,2026-08-19,2026-08,cream,skincare,,ORBIS,ミドル,0,0,0,https://prtimes.jp/main/html/rd/p/000000729.000002061.html
000000730.000002061,2061,オルビス株式会社,株式会社オルビス,brand_owner,JP,core,2026-08-19,2026-08,toner_lotion|serum,skincare,,ORBIS,ミドル,0,0,1,https://prtimes.jp/main/html/rd/p/000000730.000002061.html
000000731.000002061,2061,オルビス株式会社,株式会社オルビス,brand_owner,JP,core,2026-08-19,2026-08,foundation,makeup,,ORBIS,ミドル,0,0,0,https://prtimes.jp/main/html/rd/p/000000731.000002061.html
000000732.000002061,2061,オルビス株式会社,株式会社オルビス,brand_owner,JP,core,2026-08-19,2026-08,toner_lotion,skincare,,ORBIS,ミドル,0,0,0,https://prtimes.jp/main/html/rd/p/000000732.000002061.html
000001850.000000987,987,株式会社良品計画,株式会社良品計画,brand_owner,JP,present_forward,2026-08-19,2026-08,,none,,無印良品,プチプラ,0,0,0,https://prtimes.jp/main/html/rd/p/000001850.000000987.html
000000027.000121471,121471,アモーレパシフィックジャパン株式会社,アモーレパシフィックジャパン株式会社,brand_owner,KR,core,2026-08-20,2026-08,,none,,雪花秀,デパコス,0,0,0,https://prtimes.jp/main/html/rd/p/000000027.000121471.html
000000100.000056098,56098,株式会社クリオ,株式会社クリオ,brand_owner,KR,core,2026-08-20,2026-08,lipstick,makeup,,peripera|CLIO,プチプラ,0,0,0,https://prtimes.jp/main/html/rd/p/000000100.000056098.html
000000129.000096821,96821,VT COSMETICS,VT COSMETICS,brand_owner,KR,core,2026-08-20,2026-08,serum,skincare,DNA-Na,VT,プチプラ,0,0,0,https://prtimes.jp/main/html/rd/p/000000129.000096821.html
000000373.000021350,21350,アモーレパシフィックジャパン株式会社,アモーレパシフィックジャパン株式会社,brand_owner,KR,core,2026-08-20,2026-08,,none,,ラネージュ,ミドル,0,0,1,https://prtimes.jp/main/html/rd/p/000000373.000021350.html
000000594.000001572,1572,株式会社石澤研究所,株式会社石澤研究所,brand_owner,JP,core,2026-08-20,2026-08,mask,skincare,,毛穴撫子,プチプラ,0,0,0,https://prtimes.jp/main/html/rd/p/000000594.000001572.html
000001595.000017666,17666,株式会社ファンケル,株式会社ファンケル,brand_owner,JP,present_forward,2026-08-20,2026-08,,none,,FANCL,ミドル,0,1,0,https://prtimes.jp/main/html/rd/p/000001595.000017666.html
000003177.000005794,5794,株式会社資生堂,株式会社資生堂,brand_owner,JP,present_forward,2026-08-20,2026-08,,none,,,mixed,0,0,1,https://prtimes.jp/main/html/rd/p/000003177.000005794.html
000000128.000042040,42040,株式会社セザンヌ化粧品,セザンヌ化粧品株式会社,brand_owner,JP,core,2026-08-21,2026-08,,none,,CEZANNE,プチプラ,0,0,0,https://prtimes.jp/main/html/rd/p/000000128.000042040.html
000000130.000096821,96821,VT COSMETICS,VT COSMETICS,brand_owner,KR,core,2026-08-21,2026-08,cream,skincare,DNA-Na,VT,プチプラ,0,0,0,https://prtimes.jp/main/html/rd/p/000000130.000096821.html
000000262.000019685,19685,株式会社 井田ラボラトリーズ,株式会社井田ラボラトリーズ,brand_owner,JP,core,2026-08-21,2026-08,lash_brow,makeup,,CANMAKE,プチプラ,0,0,0,https://prtimes.jp/main/html/rd/p/000000262.000019685.html
000000294.000072864,72864,花王株式会社（Kao Beauty Brands）,花王株式会社,brand_owner,JP,present_forward,2026-08-21,2026-08,toner_lotion,skincare,,est,デパコス,0,0,0,https://prtimes.jp/main/html/rd/p/000000294.000072864.html
000000645.000014810,14810,パルファン・クリスチャン・ディオール・ジャポン株式会社,パルファン・クリスチャン・ディオール・ジャポン株式会社,brand_owner,global,present_forward,2026-08-21,2026-08,,none,,Dior,デパコス,0,0,0,https://prtimes.jp/main/html/rd/p/000000645.000014810.html
000000925.000016220,16220,株式会社カネボウ化粧品,株式会社カネボウ化粧品,brand_owner,JP,present_forward,2026-08-21,2026-08,,none,,KATE,プチプラ,0,0,1,https://prtimes.jp/main/html/rd/p/000000925.000016220.html
000000926.000016220,16220,株式会社カネボウ化粧品,株式会社カネボウ化粧品,brand_owner,JP,present_forward,2026-08-21,2026-08,,none,,KANEBO,デパコス,0,0,0,https://prtimes.jp/main/html/rd/p/000000926.000016220.html
000003178.000005794,5794,株式会社資生堂,株式会社資生堂,brand_owner,JP,present_forward,2026-08-21,2026-08,,none,,SHISEIDO,デパコス,0,0,0,https://prtimes.jp/main/html/rd/p/000003178.000005794.html
000003181.000005794,5794,株式会社資生堂,株式会社資生堂,brand_owner,JP,present_forward,2026-08-21,2026-08,toner_lotion|emulsion,skincare,,エリクシール,ミドル,1,0,0,https://prtimes.jp/main/html/rd/p/000003181.000005794.html
000000019.000152955,152955,"Gowoonsesang Cosmetics., Co. Ltd.","Gowoonsesang Cosmetics., Co. Ltd.",brand_owner,KR,core,2026-08-24,2026-08,,none,,Dr.G,ミドル,0,0,0,https://prtimes.jp/main/html/rd/p/000000019.000152955.html
000000025.000108700,108700,株式会社APRJP,株式会社APRJP,brand_owner,KR,core,2026-08-24,2026-08,,none,,medicube,ミドル,0,0,0,https://prtimes.jp/main/html/rd/p/000000025.000108700.html
000000074.000127171,127171,株式会社Goodai Global Japan,株式会社Goodai Global Japan,importer,KR,core,2026-08-24,2026-08,,none,,SKIN1004,ミドル,0,0,0,https://prtimes.jp/main/html/rd/p/000000074.000127171.html
000000133.000096821,96821,VT COSMETICS,VT COSMETICS,brand_owner,KR,core,2026-08-24,2026-08,,none,レチナール|ペプチド,VT,プチプラ,0,0,0,https://prtimes.jp/main/html/rd/p/000000133.000096821.html
000000156.000024471,24471,日本ロレアル株式会社　タカミ事業部,日本ロレアル株式会社,brand_owner,global,core,2026-08-24,2026-08,,none,,タカミ,ミドル,0,0,0,https://prtimes.jp/main/html/rd/p/000000156.000024471.html
000000113.000004359,4359,ELCジャパン合同会社,ELCジャパン合同会社,brand_owner,global,core,2026-08-25,2026-08,cream,skincare,DNA-Na|加水分解コラーゲン,クリニーク,デパコス,0,0,0,https://prtimes.jp/main/html/rd/p/000000113.000004359.html
000000132.000096821,96821,VT COSMETICS,VT COSMETICS,brand_owner,KR,core,2026-08-25,2026-08,,none,レチナール|ペプチド,,,0,0,0,https://prtimes.jp/main/html/rd/p/000000132.000096821.html
000000218.000086691,86691,ユニリーバ・ジャパン・カスタマーマーケティング株式会社,ユニリーバ・ジャパン株式会社,brand_owner,global,core,2026-08-25,2026-08,,none,セラミド,Dove,プチプラ,0,1,0,https://prtimes.jp/main/html/rd/p/000000218.000086691.html
000000431.000076505,76505,株式会社韓国高麗人蔘社,株式会社韓国高麗人蔘社,importer,KR,core,2026-08-25,2026-08,body,other,,,,0,0,0,https://prtimes.jp/main/html/rd/p/000000431.000076505.html
000000677.000070897,70897,花王株式会社,花王株式会社,brand_owner,JP,present_forward,2026-08-25,2026-08,,none,,キュレル,ミドル,0,0,0,https://prtimes.jp/main/html/rd/p/000000677.000070897.html
000000711.000007954,7954,クラシエ株式会社（ホームプロダクツカンパニー）,クラシエ株式会社,brand_owner,JP,core,2026-08-25,2026-08,hair,other,,,プチプラ,0,0,0,https://prtimes.jp/main/html/rd/p/000000711.000007954.html
000003176.000005794,5794,株式会社資生堂,株式会社資生堂,brand_owner,JP,present_forward,2026-08-25,2026-08,toner_lotion,skincare,,,mixed,0,0,0,https://prtimes.jp/main/html/rd/p/000003176.000005794.html
000000099.000064854,64854,P&Gプレステージ合同会社,P&Gプレステージ合同会社,brand_owner,global,core,2026-08-26,2026-08,,none,,SK-II,デパコス,0,0,0,https://prtimes.jp/main/html/rd/p/000000099.000064854.html
000000214.000081704,81704,株式会社ファイントゥデイ,ファイントゥデイ株式会社,brand_owner,JP,core,2026-08-26,2026-08,hair,other,,fino,プチプラ,0,0,0,https://prtimes.jp/main/html/rd/p/000000214.000081704.html
000000927.000016220,16220,株式会社カネボウ化粧品,株式会社カネボウ化粧品,brand_owner,JP,present_forward,2026-08-26,2026-08,,none,,KATE,プチプラ,0,0,0,https://prtimes.jp/main/html/rd/p/000000927.000016220.html
000003182.000005794,5794,株式会社資生堂,株式会社資生堂,brand_owner,JP,present_forward,2026-08-26,2026-08,fragrance,other,,,mixed,0,0,0,https://prtimes.jp/main/html/rd/p/000003182.000005794.html
000000022.000147749,147749,COSRX  inc.,COSRX inc.,brand_owner,KR,core,2026-08-27,2026-08,mask|serum,skincare,,COSRX,プチプラ/ミドル,0,0,0,https://prtimes.jp/main/html/rd/p/000000022.000147749.html
000000374.000021350,21350,アモーレパシフィックジャパン株式会社,アモーレパシフィックジャパン株式会社,brand_owner,KR,core,2026-08-27,2026-08,,none,,ラネージュ,ミドル,0,0,0,https://prtimes.jp/main/html/rd/p/000000374.000021350.html
000000712.000007954,7954,クラシエ株式会社（ホームプロダクツカンパニー）,クラシエ株式会社,brand_owner,JP,core,2026-08-27,2026-08,,none,,,プチプラ,0,0,0,https://prtimes.jp/main/html/rd/p/000000712.000007954.html
000000015.000157077,157077,ウィッシュカンパニー株式会社,ウィッシュカンパニー株式会社,brand_owner,KR,core,2026-08-28,2026-08,,none,,Dear Klairs,ミドル,0,0,0,https://prtimes.jp/main/html/rd/p/000000015.000157077.html
000000028.000121471,121471,アモーレパシフィックジャパン株式会社,アモーレパシフィックジャパン株式会社,brand_owner,KR,core,2026-08-28,2026-08,,none,,雪花秀,デパコス,0,0,0,https://prtimes.jp/main/html/rd/p/000000028.000121471.html
000000055.000046376,46376,株式会社コーセー（戦略ブランド事業部）,株式会社コーセー,brand_owner,JP,core,2026-08-28,2026-08,concealer|serum,makeup,,ADDICTION,デパコス,0,0,0,https://prtimes.jp/main/html/rd/p/000000055.000046376.html
000000131.000096821,96821,VT COSMETICS,VT COSMETICS,brand_owner,KR,core,2026-08-28,2026-08,cream,skincare,アゼライン酸,VT,プチプラ,0,0,0,https://prtimes.jp/main/html/rd/p/000000131.000096821.html
000000487.000022808,22808,資生堂ジャパン株式会社,株式会社資生堂,brand_owner,JP,present_forward,2026-08-28,2026-08,blush,makeup,,,mixed,0,0,0,https://prtimes.jp/main/html/rd/p/000000487.000022808.html
000000488.000022808,22808,資生堂ジャパン株式会社,株式会社資生堂,brand_owner,JP,present_forward,2026-08-28,2026-08,lash_brow,makeup,,,mixed,0,0,0,https://prtimes.jp/main/html/rd/p/000000488.000022808.html
000000489.000022808,22808,資生堂ジャパン株式会社,株式会社資生堂,brand_owner,JP,present_forward,2026-08-28,2026-08,eye_makeup,makeup,,,mixed,0,0,0,https://prtimes.jp/main/html/rd/p/000000489.000022808.html
000000490.000022808,22808,資生堂ジャパン株式会社,株式会社資生堂,brand_owner,JP,present_forward,2026-08-28,2026-08,eye_makeup|foundation,makeup,,,mixed,0,0,0,https://prtimes.jp/main/html/rd/p/000000490.000022808.html
000000493.000030413,30413,株式会社ディーエイチシー,株式会社ディーエイチシー,brand_owner,JP,core,2026-08-28,2026-08,all_in_one,skincare,,DHC,プチプラ/ミドル,1,0,0,https://prtimes.jp/main/html/rd/p/000000493.000030413.html
000000504.000000263,263,常盤薬品工業株式会社,常盤薬品工業株式会社,brand_owner,JP,present_forward,2026-08-28,2026-08,lash_brow,makeup,,,プチプラ,0,0,1,https://prtimes.jp/main/html/rd/p/000000504.000000263.html
000000037.000169347,169347,株式会社アルビオン,株式会社アルビオン,brand_owner,JP,core,2026-08-31,2026-08,powder,makeup,,,デパコス,0,0,0,https://prtimes.jp/main/html/rd/p/000000037.000169347.html
000000157.000024471,24471,日本ロレアル株式会社　タカミ事業部,日本ロレアル株式会社,brand_owner,global,core,2026-08-31,2026-08,,none,,タカミ,ミドル,0,0,0,https://prtimes.jp/main/html/rd/p/000000157.000024471.html
000000219.000086691,86691,ユニリーバ・ジャパン・カスタマーマーケティング株式会社,ユニリーバ・ジャパン株式会社,brand_owner,global,core,2026-08-31,2026-08,mask|serum|lipstick,skincare,,,プチプラ,0,0,0,https://prtimes.jp/main/html/rd/p/000000219.000086691.html
000000221.000086691,86691,ユニリーバ・ジャパン・カスタマーマーケティング株式会社,ユニリーバ・ジャパン株式会社,brand_owner,global,core,2026-08-31,2026-08,serum,skincare,,Dove,プチプラ,0,0,1,https://prtimes.jp/main/html/rd/p/000000221.000086691.html
000000376.000021350,21350,アモーレパシフィックジャパン株式会社,アモーレパシフィックジャパン株式会社,brand_owner,KR,core,2026-08-31,2026-08,lipstick,makeup,,エチュード,プチプラ,0,0,0,https://prtimes.jp/main/html/rd/p/000000376.000021350.html
000000036.000169347,169347,株式会社アルビオン,株式会社アルビオン,brand_owner,JP,core,2026-09-01,2026-09,cleansing|fragrance,skincare,,ALBION,デパコス,0,0,0,https://prtimes.jp/main/html/rd/p/000000036.000169347.html
000000111.000090124,90124,ELCジャパン合同会社,ELCジャパン合同会社,brand_owner,global,core,2026-09-01,2026-09,hair,other,,ジョー マローン ロンドン,デパコス,0,0,0,https://prtimes.jp/main/html/rd/p/000000111.000090124.html
000000295.000072864,72864,花王株式会社（Kao Beauty Brands）,花王株式会社,brand_owner,JP,present_forward,2026-09-01,2026-09,serum,skincare,,キュレル,ミドル,1,0,0,https://prtimes.jp/main/html/rd/p/000000295.000072864.html
000000377.000021350,21350,アモーレパシフィックジャパン株式会社,アモーレパシフィックジャパン株式会社,brand_owner,KR,core,2026-09-01,2026-09,,none,,ラネージュ,ミドル,0,0,0,https://prtimes.jp/main/html/rd/p/000000377.000021350.html
000000505.000000263,263,常盤薬品工業株式会社,常盤薬品工業株式会社,brand_owner,JP,present_forward,2026-09-01,2026-09,eye_cream,skincare,,なめらか本舗,プチプラ,0,0,0,https://prtimes.jp/main/html/rd/p/000000505.000000263.html
000000589.000085143,85143,アステナホールディングス株式会社,アステナホールディングス株式会社,importer,KR,present_forward,2026-09-01,2026-09,mask|serum,skincare,,,,0,0,0,https://prtimes.jp/main/html/rd/p/000000589.000085143.html
000000612.000028974,28974,株式会社桃谷順天館,株式会社桃谷順天館,brand_owner,JP,present_forward,2026-09-01,2026-09,toner_lotion,skincare,,明色,プチプラ,0,0,0,https://prtimes.jp/main/html/rd/p/000000612.000028974.html
000000613.000028974,28974,株式会社桃谷順天館,株式会社桃谷順天館,brand_owner,JP,present_forward,2026-09-01,2026-09,serum,skincare,,明色,プチプラ,0,0,0,https://prtimes.jp/main/html/rd/p/000000613.000028974.html
000000614.000028974,28974,株式会社桃谷順天館,株式会社桃谷順天館,brand_owner,JP,present_forward,2026-09-01,2026-09,,none,,明色,プチプラ,1,0,0,https://prtimes.jp/main/html/rd/p/000000614.000028974.html
000000615.000028974,28974,株式会社桃谷順天館,株式会社桃谷順天館,brand_owner,JP,present_forward,2026-09-01,2026-09,serum,skincare,,明色,プチプラ,0,0,0,https://prtimes.jp/main/html/rd/p/000000615.000028974.html
000000648.000014810,14810,パルファン・クリスチャン・ディオール・ジャポン株式会社,パルファン・クリスチャン・ディオール・ジャポン株式会社,brand_owner,global,present_forward,2026-09-01,2026-09,fragrance,other,,Dior,デパコス,0,0,0,https://prtimes.jp/main/html/rd/p/000000648.000014810.html
000000714.000007954,7954,クラシエ株式会社（ホームプロダクツカンパニー）,クラシエ株式会社,brand_owner,JP,core,2026-09-01,2026-09,hair,other,,,プチプラ,0,0,0,https://prtimes.jp/main/html/rd/p/000000714.000007954.html
000001880.000009276,9276,花王株式会社,花王株式会社,brand_owner,JP,present_forward,2026-09-01,2026-09,cream,skincare,,,ミドル/プチプラ,0,0,0,https://prtimes.jp/main/html/rd/p/000001880.000009276.html
000000143.000006944,6944,ニベア花王株式会社,ニベア花王株式会社,brand_owner,global,core,2026-09-02,2026-09,cream,skincare,,NIVEA,プチプラ/ミドル,1,0,0,https://prtimes.jp/main/html/rd/p/000000143.000006944.html
000000297.000072864,72864,花王株式会社（Kao Beauty Brands）,花王株式会社,brand_owner,JP,present_forward,2026-09-02,2026-09,cream,skincare,,ソフィーナiP,ミドル,0,0,0,https://prtimes.jp/main/html/rd/p/000000297.000072864.html
000000495.000022808,22808,資生堂ジャパン株式会社,株式会社資生堂,brand_owner,JP,present_forward,2026-09-02,2026-09,,none,,,mixed,0,0,0,https://prtimes.jp/main/html/rd/p/000000495.000022808.html
000000750.000036737,36737,株式会社ポーラ,株式会社ポーラ,brand_owner,JP,core,2026-09-02,2026-09,,none,,POLA,デパコス,0,0,0,https://prtimes.jp/main/html/rd/p/000000750.000036737.html
000000222.000086691,86691,ユニリーバ・ジャパン・カスタマーマーケティング株式会社,ユニリーバ・ジャパン株式会社,brand_owner,global,core,2026-09-03,2026-09,toner_lotion,skincare,,,プチプラ,0,0,0,https://prtimes.jp/main/html/rd/p/000000222.000086691.html
000000298.000072864,72864,花王株式会社（Kao Beauty Brands）,花王株式会社,brand_owner,JP,present_forward,2026-09-03,2026-09,,none,,est,デパコス,0,0,0,https://prtimes.jp/main/html/rd/p/000000298.000072864.html
000000299.000072864,72864,花王株式会社（Kao Beauty Brands）,花王株式会社,brand_owner,JP,present_forward,2026-09-03,2026-09,,none,,est,デパコス,0,0,0,https://prtimes.jp/main/html/rd/p/000000299.000072864.html
000000751.000036737,36737,株式会社ポーラ,株式会社ポーラ,brand_owner,JP,core,2026-09-03,2026-09,,none,,POLA,デパコス,0,0,0,https://prtimes.jp/main/html/rd/p/000000751.000036737.html
000000057.000046376,46376,株式会社コーセー（戦略ブランド事業部）,株式会社コーセー,brand_owner,JP,core,2026-09-04,2026-09,,none,,ADDICTION,デパコス,0,0,0,https://prtimes.jp/main/html/rd/p/000000057.000046376.html
000000059.000046376,46376,株式会社コーセー（戦略ブランド事業部）,株式会社コーセー,brand_owner,JP,core,2026-09-04,2026-09,,none,,ADDICTION,デパコス,0,0,0,https://prtimes.jp/main/html/rd/p/000000059.000046376.html
000000080.000018737,18737,ELCジャパン合同会社,ELCジャパン合同会社,brand_owner,global,core,2026-09-04,2026-09,hair|toner_lotion|booster|serum,other,,エスティ ローダー,デパコス,0,0,0,https://prtimes.jp/main/html/rd/p/000000080.000018737.html
000000423.000076505,76505,株式会社韓国高麗人蔘社,株式会社韓国高麗人蔘社,importer,KR,core,2026-09-04,2026-09,lipstick,makeup,,rom&nd,プチプラ,0,0,0,https://prtimes.jp/main/html/rd/p/000000423.000076505.html
000000438.000076505,76505,株式会社韓国高麗人蔘社,株式会社韓国高麗人蔘社,importer,KR,core,2026-09-04,2026-09,serum|lipstick|emulsion,skincare,,,,0,0,0,https://prtimes.jp/main/html/rd/p/000000438.000076505.html
000000715.000007954,7954,クラシエ株式会社（ホームプロダクツカンパニー）,クラシエ株式会社,brand_owner,JP,core,2026-09-04,2026-09,body,other,,,プチプラ,1,0,0,https://prtimes.jp/main/html/rd/p/000000715.000007954.html
000000929.000016220,16220,株式会社カネボウ化粧品,株式会社カネボウ化粧品,brand_owner,JP,present_forward,2026-09-04,2026-09,face_wash,skincare,,SUISAI,ミドル,0,0,1,https://prtimes.jp/main/html/rd/p/000000929.000016220.html
000001882.000009276,9276,花王株式会社,花王株式会社,brand_owner,JP,present_forward,2026-09-07,2026-09,emulsion,skincare,,ビオレ,プチプラ,0,0,0,https://prtimes.jp/main/html/rd/p/000001882.000009276.html
000001883.000009276,9276,花王株式会社,花王株式会社,brand_owner,JP,present_forward,2026-09-07,2026-09,,none,,ビオレ,プチプラ,0,0,0,https://prtimes.jp/main/html/rd/p/000001883.000009276.html
000001885.000009276,9276,花王株式会社,花王株式会社,brand_owner,JP,present_forward,2026-09-07,2026-09,,none,,ビオレ,プチプラ,0,0,1,https://prtimes.jp/main/html/rd/p/000001885.000009276.html
000003190.000005794,5794,株式会社資生堂,株式会社資生堂,brand_owner,JP,present_forward,2026-09-07,2026-09,,none,,エリクシール,ミドル,0,0,0,https://prtimes.jp/main/html/rd/p/000003190.000005794.html
000000213.000031376,31376,アモーレパシフィックジャパン株式会社,アモーレパシフィックジャパン株式会社,brand_owner,KR,core,2026-09-08,2026-09,,none,,イニスフリー,プチプラ/ミドル,0,0,0,https://prtimes.jp/main/html/rd/p/000000213.000031376.html
000000301.000072864,72864,花王株式会社（Kao Beauty Brands）,花王株式会社,brand_owner,JP,present_forward,2026-09-08,2026-09,foundation,makeup,,SOFINA,ミドル,0,0,0,https://prtimes.jp/main/html/rd/p/000000301.000072864.html
000000045.000119328,119328,アモーレパシフィックジャパン株式会社,アモーレパシフィックジャパン株式会社,brand_owner,KR,core,2026-09-10,2026-09,mask,skincare,セラミド,,デパコス,0,0,0,https://prtimes.jp/main/html/rd/p/000000045.000119328.html
000000158.000024471,24471,日本ロレアル株式会社　タカミ事業部,日本ロレアル株式会社,brand_owner,global,core,2026-09-10,2026-09,serum|nail,skincare,,タカミ,ミドル,0,0,0,https://prtimes.jp/main/html/rd/p/000000158.000024471.html
000000216.000031376,31376,アモーレパシフィックジャパン株式会社,アモーレパシフィックジャパン株式会社,brand_owner,KR,core,2026-09-10,2026-09,,none,エクソソーム|DNA-Na,イニスフリー,プチプラ/ミドル,0,0,0,https://prtimes.jp/main/html/rd/p/000000216.000031376.html
000000303.000072864,72864,花王株式会社（Kao Beauty Brands）,花王株式会社,brand_owner,JP,present_forward,2026-09-10,2026-09,serum,skincare,,キュレル,ミドル,1,0,0,https://prtimes.jp/main/html/rd/p/000000303.000072864.html
000000717.000007954,7954,クラシエ株式会社（ホームプロダクツカンパニー）,クラシエ株式会社,brand_owner,JP,core,2026-09-10,2026-09,hair,other,,,プチプラ,0,0,0,https://prtimes.jp/main/html/rd/p/000000717.000007954.html
000000718.000007954,7954,クラシエ株式会社（ホームプロダクツカンパニー）,クラシエ株式会社,brand_owner,JP,core,2026-09-10,2026-09,body,other,,,プチプラ,0,0,0,https://prtimes.jp/main/html/rd/p/000000718.000007954.html
000003188.000005794,5794,株式会社資生堂,株式会社資生堂,brand_owner,JP,present_forward,2026-09-10,2026-09,,none,,,mixed,0,0,0,https://prtimes.jp/main/html/rd/p/000003188.000005794.html
000000446.000076505,76505,株式会社韓国高麗人蔘社,株式会社韓国高麗人蔘社,importer,KR,core,2026-09-11,2026-09,,none,,rom&nd,プチプラ,0,0,0,https://prtimes.jp/main/html/rd/p/000000446.000076505.html
000000496.000022808,22808,資生堂ジャパン株式会社,株式会社資生堂,brand_owner,JP,present_forward,2026-09-11,2026-09,,none,,,mixed,0,0,0,https://prtimes.jp/main/html/rd/p/000000496.000022808.html
000000932.000016220,16220,株式会社カネボウ化粧品,株式会社カネボウ化粧品,brand_owner,JP,present_forward,2026-09-11,2026-09,powder,makeup,,KANEBO,デパコス,0,0,0,https://prtimes.jp/main/html/rd/p/000000932.000016220.html
000000223.000086691,86691,ユニリーバ・ジャパン・カスタマーマーケティング株式会社,ユニリーバ・ジャパン株式会社,brand_owner,global,core,2026-09-14,2026-09,hair|serum,other,,LUX,プチプラ,0,0,0,https://prtimes.jp/main/html/rd/p/000000223.000086691.html
000000304.000072864,72864,花王株式会社（Kao Beauty Brands）,花王株式会社,brand_owner,JP,present_forward,2026-09-14,2026-09,blush,makeup,,SOFINA,ミドル,0,0,0,https://prtimes.jp/main/html/rd/p/000000304.000072864.html
000000497.000022808,22808,資生堂ジャパン株式会社,株式会社資生堂,brand_owner,JP,present_forward,2026-09-14,2026-09,lash_brow,makeup,,,mixed,0,0,0,https://prtimes.jp/main/html/rd/p/000000497.000022808.html
000000498.000022808,22808,資生堂ジャパン株式会社,株式会社資生堂,brand_owner,JP,present_forward,2026-09-14,2026-09,eye_makeup,makeup,,,mixed,0,0,0,https://prtimes.jp/main/html/rd/p/000000498.000022808.html
000000499.000022808,22808,資生堂ジャパン株式会社,株式会社資生堂,brand_owner,JP,present_forward,2026-09-14,2026-09,eye_makeup|foundation,makeup,,,mixed,0,0,0,https://prtimes.jp/main/html/rd/p/000000499.000022808.html
000000500.000022808,22808,資生堂ジャパン株式会社,株式会社資生堂,brand_owner,JP,present_forward,2026-09-14,2026-09,lipstick,makeup,,,mixed,0,0,0,https://prtimes.jp/main/html/rd/p/000000500.000022808.html
000000617.000028974,28974,株式会社桃谷順天館,株式会社桃谷順天館,brand_owner,JP,present_forward,2026-09-14,2026-09,serum,skincare,,,プチプラ,0,1,0,https://prtimes.jp/main/html/rd/p/000000617.000028974.html
000000646.000014810,14810,パルファン・クリスチャン・ディオール・ジャポン株式会社,パルファン・クリスチャン・ディオール・ジャポン株式会社,brand_owner,global,present_forward,2026-09-14,2026-09,fragrance,other,,Dior,デパコス,0,0,0,https://prtimes.jp/main/html/rd/p/000000646.000014810.html
000003196.000005794,5794,株式会社資生堂,株式会社資生堂,brand_owner,JP,present_forward,2026-09-14,2026-09,,none,,クレ・ド・ポー ボーテ,デパコス,0,0,0,https://prtimes.jp/main/html/rd/p/000003196.000005794.html
000000116.000035071,35071,株式会社BENOW JAPAN,株式会社BENOW JAPAN,importer,KR,core,2026-09-15,2026-09,booster,skincare,,numbuzin,ミドル,0,0,0,https://prtimes.jp/main/html/rd/p/000000116.000035071.html
000000378.000021350,21350,アモーレパシフィックジャパン株式会社,アモーレパシフィックジャパン株式会社,brand_owner,KR,core,2026-09-15,2026-09,,none,,,mixed,0,0,0,https://prtimes.jp/main/html/rd/p/000000378.000021350.html
000000721.000007954,7954,クラシエ株式会社（ホームプロダクツカンパニー）,クラシエ株式会社,brand_owner,JP,core,2026-09-15,2026-09,hair,other,,,プチプラ,0,0,0,https://prtimes.jp/main/html/rd/p/000000721.000007954.html
000000135.000096821,96821,VT COSMETICS,VT COSMETICS,brand_owner,KR,core,2026-09-16,2026-09,serum,skincare,ツボクサエキス,VT,プチプラ,0,0,0,https://prtimes.jp/main/html/rd/p/000000135.000096821.html
000000379.000021350,21350,アモーレパシフィックジャパン株式会社,アモーレパシフィックジャパン株式会社,brand_owner,KR,core,2026-09-16,2026-09,base_makeup,makeup,,エチュード,プチプラ,0,0,0,https://prtimes.jp/main/html/rd/p/000000379.000021350.html
000000754.000036737,36737,株式会社ポーラ,株式会社ポーラ,brand_owner,JP,core,2026-09-16,2026-09,,none,,POLA,デパコス,0,0,0,https://prtimes.jp/main/html/rd/p/000000754.000036737.html
000003201.000005794,5794,株式会社資生堂,株式会社資生堂,brand_owner,JP,present_forward,2026-09-16,2026-09,,none,,クレ・ド・ポー ボーテ,デパコス,0,0,0,https://prtimes.jp/main/html/rd/p/000003201.000005794.html
000000047.000119328,119328,アモーレパシフィックジャパン株式会社,アモーレパシフィックジャパン株式会社,brand_owner,KR,core,2026-09-17,2026-09,,none,,,デパコス,0,0,0,https://prtimes.jp/main/html/rd/p/000000047.000119328.html
000000064.000126707,126707,株式会社The Founders JAPAN,株式会社The Founders JAPAN,brand_owner,KR,core,2026-09-17,2026-09,cream,skincare,,Anua,ミドル,0,0,0,https://prtimes.jp/main/html/rd/p/000000064.000126707.html
000000217.000031376,31376,アモーレパシフィックジャパン株式会社,アモーレパシフィックジャパン株式会社,brand_owner,KR,core,2026-09-17,2026-09,serum|toner_lotion,skincare,セラミド,イニスフリー,プチプラ/ミドル,0,0,0,https://prtimes.jp/main/html/rd/p/000000217.000031376.html
000000508.000000263,263,常盤薬品工業株式会社,常盤薬品工業株式会社,brand_owner,JP,present_forward,2026-09-17,2026-09,body,other,,なめらか本舗,プチプラ,0,0,0,https://prtimes.jp/main/html/rd/p/000000508.000000263.html
000001614.000017666,17666,株式会社ファンケル,株式会社ファンケル,brand_owner,JP,present_forward,2026-09-17,2026-09,,none,エクソソーム,FANCL,ミドル,0,0,0,https://prtimes.jp/main/html/rd/p/000001614.000017666.html
000003191.000005794,5794,株式会社資生堂,株式会社資生堂,brand_owner,JP,present_forward,2026-09-17,2026-09,lash_brow,makeup,,,mixed,0,0,0,https://prtimes.jp/main/html/rd/p/000003191.000005794.html
000003203.000005794,5794,株式会社資生堂,株式会社資生堂,brand_owner,JP,present_forward,2026-09-17,2026-09,all_in_one|cream|serum,skincare,,,mixed,0,1,0,https://prtimes.jp/main/html/rd/p/000003203.000005794.html
000000112.000090124,90124,ELCジャパン合同会社,ELCジャパン合同会社,brand_owner,global,core,2026-09-18,2026-09,hair,other,,ジョー マローン ロンドン,デパコス,0,0,0,https://prtimes.jp/main/html/rd/p/000000112.000090124.html
000000159.000024471,24471,日本ロレアル株式会社　タカミ事業部,日本ロレアル株式会社,brand_owner,global,core,2026-09-18,2026-09,,none,,タカミ,ミドル,0,0,0,https://prtimes.jp/main/html/rd/p/000000159.000024471.html
000000507.000000263,263,常盤薬品工業株式会社,常盤薬品工業株式会社,brand_owner,JP,present_forward,2026-09-18,2026-09,powder|serum,makeup,,,プチプラ,0,1,0,https://prtimes.jp/main/html/rd/p/000000507.000000263.html
000000509.000000263,263,常盤薬品工業株式会社,常盤薬品工業株式会社,brand_owner,JP,present_forward,2026-09-18,2026-09,fragrance,other,,,プチプラ,0,0,0,https://prtimes.jp/main/html/rd/p/000000509.000000263.html
000003204.000005794,5794,株式会社資生堂,株式会社資生堂,brand_owner,JP,present_forward,2026-09-18,2026-09,fragrance,other,,SHISEIDO,デパコス,0,0,0,https://prtimes.jp/main/html/rd/p/000003204.000005794.html
