flow,year,hs_code,hs_name,country_code,country,value_1000jpy
export,2016,330410000,330410000,50206,アイルランド,1346.0
export,2016,330410000,330410000,50304,アメリカ合衆国,441390.0
export,2016,330410000,330410000,50147,アラブ首長国連邦,8310.0
export,2016,330410000,330410000,50143,イスラエル,2484.0
export,2016,330410000,330410000,50220,イタリア,8657.0
export,2016,330410000,330410000,50123,インド,3101.0
export,2016,330410000,330410000,50118,インドネシア,40946.0
export,2016,330410000,330410000,50238,ウクライナ,615.0
export,2016,330410000,330410000,50235,エストニア,763.0
export,2016,330410000,330410000,50207,オランダ,22132.0
export,2016,330410000,330410000,50601,オーストラリア,35075.0
export,2016,330410000,330410000,50225,オーストリア,454.0
export,2016,330410000,330410000,50302,カナダ,61894.0
export,2016,330410000,330410000,50120,カンボジア,383.0
export,2016,330410000,330410000,50230,ギリシャ,5384.0
export,2016,330410000,330410000,50620,グアム(米),753.0
export,2016,330410000,330410000,50112,シンガポール,763876.0
export,2016,330410000,330410000,50544,セーシェル,202.0
export,2016,330410000,330410000,50111,タイ,139114.0
export,2016,330410000,330410000,50204,デンマーク,1058.0
export,2016,330410000,330410000,50213,ドイツ,593967.0
export,2016,330410000,330410000,50606,ニュージーランド,13706.0
export,2016,330410000,330410000,50202,ノルウェー,1332.0
export,2016,330410000,330410000,50117,フィリピン,8887.0
export,2016,330410000,330410000,50210,フランス,132871.0
export,2016,330410000,330410000,50410,ブラジル,211.0
export,2016,330410000,330410000,50110,ベトナム,81918.0
export,2016,330410000,330410000,50208,ベルギー,3124.0
export,2016,330410000,330410000,50129,マカオ,2119.0
export,2016,330410000,330410000,50113,マレーシア,52498.0
export,2016,330410000,330410000,50122,ミャンマー,7492.0
export,2016,330410000,330410000,50107,モンゴル,2723.0
export,2016,330410000,330410000,50146,レバノン,245.0
export,2016,330410000,330410000,50224,ロシア,8507.0
export,2016,330410000,330410000,50105,中華人民共和国,940565.0
export,2016,330410000,330410000,50106,台湾,977272.0
export,2016,330410000,330410000,50103,大韓民国,1001969.0
export,2016,330410000,330410000,50205,英国,22996.0
export,2016,330410000,330410000,50108,香港,2824675.0
export,2016,330420000,330420000,50206,アイルランド,1825.0
export,2016,330420000,330420000,50304,アメリカ合衆国,3095471.0
export,2016,330420000,330420000,50147,アラブ首長国連邦,4906.0
export,2016,330420000,330420000,50220,イタリア,4949.0
export,2016,330420000,330420000,50133,イラン,933.0
export,2016,330420000,330420000,50123,インド,1096.0
export,2016,330420000,330420000,50118,インドネシア,438371.0
export,2016,330420000,330420000,50238,ウクライナ,1870.0
export,2016,330420000,330420000,50235,エストニア,263.0
export,2016,330420000,330420000,50207,オランダ,65387.0
export,2016,330420000,330420000,50601,オーストラリア,107004.0
export,2016,330420000,330420000,50225,オーストリア,474.0
export,2016,330420000,330420000,50302,カナダ,125341.0
export,2016,330420000,330420000,50120,カンボジア,1173.0
export,2016,330420000,330420000,50112,シンガポール,1403978.0
export,2016,330420000,330420000,50215,スイス,146244.0
export,2016,330420000,330420000,50203,スウェーデン,33110.0
export,2016,330420000,330420000,50111,タイ,417046.0
export,2016,330420000,330420000,50204,デンマーク,620.0
export,2016,330420000,330420000,50213,ドイツ,557658.0
export,2016,330420000,330420000,50606,ニュージーランド,18662.0
export,2016,330420000,330420000,50202,ノルウェー,916.0
export,2016,330420000,330420000,50117,フィリピン,86720.0
export,2016,330420000,330420000,50222,フィンランド,874.0
export,2016,330420000,330420000,50210,フランス,1042958.0
export,2016,330420000,330420000,50110,ベトナム,121628.0
export,2016,330420000,330420000,50208,ベルギー,328223.0
export,2016,330420000,330420000,50223,ポーランド,63480.0
export,2016,330420000,330420000,50129,マカオ,5882.0
export,2016,330420000,330420000,50113,マレーシア,200476.0
export,2016,330420000,330420000,50122,ミャンマー,16386.0
export,2016,330420000,330420000,50107,モンゴル,5624.0
export,2016,330420000,330420000,50209,ルクセンブルク,78091.0
export,2016,330420000,330420000,50146,レバノン,691.0
export,2016,330420000,330420000,50224,ロシア,9117.0
export,2016,330420000,330420000,50105,中華人民共和国,1656000.0
export,2016,330420000,330420000,50106,台湾,3054217.0
export,2016,330420000,330420000,50103,大韓民国,3869385.0
export,2016,330420000,330420000,50205,英国,240079.0
export,2016,330420000,330420000,50108,香港,5759018.0
export,2016,330430000,330430000,50304,アメリカ合衆国,52331.0
export,2016,330430000,330430000,50118,インドネシア,1768.0
export,2016,330430000,330430000,50601,オーストラリア,1223.0
export,2016,330430000,330430000,50302,カナダ,464.0
export,2016,330430000,330430000,50620,グアム(米),225.0
export,2016,330430000,330430000,50137,サウジアラビア,450.0
export,2016,330430000,330430000,50112,シンガポール,5141.0
export,2016,330430000,330430000,50246,スロバキア,4179.0
export,2016,330430000,330430000,50111,タイ,15706.0
export,2016,330430000,330430000,50245,チェコ,8959.0
export,2016,330430000,330430000,50227,ハンガリー,1139.0
export,2016,330430000,330430000,50210,フランス,1040.0
export,2016,330430000,330430000,50110,ベトナム,315.0
export,2016,330430000,330430000,50129,マカオ,241.0
export,2016,330430000,330430000,50113,マレーシア,2953.0
export,2016,330430000,330430000,50209,ルクセンブルク,5557.0
export,2016,330430000,330430000,50224,ロシア,7412.0
export,2016,330430000,330430000,50105,中華人民共和国,30864.0
export,2016,330430000,330430000,50106,台湾,233869.0
export,2016,330430000,330430000,50103,大韓民国,26241.0
export,2016,330430000,330430000,50205,英国,3240.0
export,2016,330430000,330430000,50108,香港,206001.0
export,2016,330491000,330491000,50304,アメリカ合衆国,943168.0
export,2016,330491000,330491000,50147,アラブ首長国連邦,8490.0
export,2016,330491000,330491000,50220,イタリア,584.0
export,2016,330491000,330491000,50123,インド,1146.0
export,2016,330491000,330491000,50118,インドネシア,62622.0
export,2016,330491000,330491000,50207,オランダ,17338.0
export,2016,330491000,330491000,50601,オーストラリア,41683.0
export,2016,330491000,330491000,50302,カナダ,40027.0
export,2016,330491000,330491000,50120,カンボジア,2165.0
export,2016,330491000,330491000,50138,クウェート,427.0
export,2016,330491000,330491000,50112,シンガポール,1018754.0
export,2016,330491000,330491000,50215,スイス,189088.0
export,2016,330491000,330491000,50111,タイ,433269.0
export,2016,330491000,330491000,50213,ドイツ,523424.0
export,2016,330491000,330491000,50606,ニュージーランド,5296.0
export,2016,330491000,330491000,50202,ノルウェー,290.0
export,2016,330491000,330491000,50117,フィリピン,35247.0
export,2016,330491000,330491000,50210,フランス,173607.0
export,2016,330491000,330491000,50110,ベトナム,69583.0
export,2016,330491000,330491000,50239,ベラルーシ,228.0
export,2016,330491000,330491000,50208,ベルギー,366090.0
export,2016,330491000,330491000,50223,ポーランド,3036.0
export,2016,330491000,330491000,50129,マカオ,9639.0
export,2016,330491000,330491000,50113,マレーシア,48605.0
export,2016,330491000,330491000,50122,ミャンマー,38648.0
export,2016,330491000,330491000,50107,モンゴル,14777.0
export,2016,330491000,330491000,50144,ヨルダン,294.0
export,2016,330491000,330491000,50224,ロシア,809.0
export,2016,330491000,330491000,50105,中華人民共和国,1117696.0
export,2016,330491000,330491000,50106,台湾,1286374.0
export,2016,330491000,330491000,50103,大韓民国,817265.0
export,2016,330491000,330491000,50205,英国,203315.0
export,2016,330491000,330491000,50108,香港,3752372.0
export,2016,330499100,330499100,50206,アイルランド,964.0
export,2016,330499100,330499100,50304,アメリカ合衆国,1460147.0
export,2016,330499100,330499100,50147,アラブ首長国連邦,36498.0
export,2016,330499100,330499100,50220,イタリア,289.0
export,2016,330499100,330499100,50123,インド,3167.0
export,2016,330499100,330499100,50118,インドネシア,54436.0
export,2016,330499100,330499100,50238,ウクライナ,598.0
export,2016,330499100,330499100,50235,エストニア,869.0
export,2016,330499100,330499100,50207,オランダ,5400.0
export,2016,330499100,330499100,50601,オーストラリア,101007.0
export,2016,330499100,330499100,50302,カナダ,105453.0
export,2016,330499100,330499100,50112,シンガポール,1266748.0
export,2016,330499100,330499100,50215,スイス,406598.0
export,2016,330499100,330499100,50111,タイ,236478.0
export,2016,330499100,330499100,50204,デンマーク,948.0
export,2016,330499100,330499100,50213,ドイツ,449587.0
export,2016,330499100,330499100,50606,ニュージーランド,20231.0
export,2016,330499100,330499100,50202,ノルウェー,1260.0
export,2016,330499100,330499100,50612,フィジー,515.0
export,2016,330499100,330499100,50117,フィリピン,22769.0
export,2016,330499100,330499100,50210,フランス,392076.0
export,2016,330499100,330499100,50410,ブラジル,2092.0
export,2016,330499100,330499100,50110,ベトナム,51870.0
export,2016,330499100,330499100,50208,ベルギー,310913.0
export,2016,330499100,330499100,50129,マカオ,641.0
export,2016,330499100,330499100,50113,マレーシア,55407.0
export,2016,330499100,330499100,50122,ミャンマー,26586.0
export,2016,330499100,330499100,50107,モンゴル,12488.0
export,2016,330499100,330499100,50224,ロシア,1377.0
export,2016,330499100,330499100,50105,中華人民共和国,1513085.0
export,2016,330499100,330499100,50106,台湾,1335585.0
export,2016,330499100,330499100,50103,大韓民国,2307556.0
export,2016,330499100,330499100,50205,英国,272000.0
export,2016,330499100,330499100,50108,香港,2213901.0
export,2016,330499200,330499200,50201,アイスランド,604.0
export,2016,330499200,330499200,50206,アイルランド,357.0
export,2016,330499200,330499200,50150,アゼルバイジャン,338.0
export,2016,330499200,330499200,50304,アメリカ合衆国,1416424.0
export,2016,330499200,330499200,50147,アラブ首長国連邦,17474.0
export,2016,330499200,330499200,50143,イスラエル,7155.0
export,2016,330499200,330499200,50220,イタリア,15617.0
export,2016,330499200,330499200,50133,イラン,13848.0
export,2016,330499200,330499200,50123,インド,5116.0
export,2016,330499200,330499200,50118,インドネシア,261989.0
export,2016,330499200,330499200,50238,ウクライナ,11575.0
export,2016,330499200,330499200,50235,エストニア,1461.0
export,2016,330499200,330499200,50207,オランダ,81266.0
export,2016,330499200,330499200,50601,オーストラリア,153648.0
export,2016,330499200,330499200,50225,オーストリア,3016.0
export,2016,330499200,330499200,50153,カザフスタン,1087.0
export,2016,330499200,330499200,50140,カタール,340.0
export,2016,330499200,330499200,50302,カナダ,67259.0
export,2016,330499200,330499200,50120,カンボジア,14832.0
export,2016,330499200,330499200,50154,キルギス,374.0
export,2016,330499200,330499200,50138,クウェート,5728.0
export,2016,330499200,330499200,50620,グアム(米),372.0
export,2016,330499200,330499200,50137,サウジアラビア,1936.0
export,2016,330499200,330499200,50112,シンガポール,2447145.0
export,2016,330499200,330499200,50215,スイス,2421.0
export,2016,330499200,330499200,50544,セーシェル,605.0
export,2016,330499200,330499200,50111,タイ,764166.0
export,2016,330499200,330499200,50245,チェコ,569.0
export,2016,330499200,330499200,50204,デンマーク,27597.0
export,2016,330499200,330499200,50234,トルコ,4929.0
export,2016,330499200,330499200,50213,ドイツ,1402050.0
export,2016,330499200,330499200,50606,ニュージーランド,25662.0
export,2016,330499200,330499200,50202,ノルウェー,778.0
export,2016,330499200,330499200,50628,パラオ,1598.0
export,2016,330499200,330499200,50117,フィリピン,37384.0
export,2016,330499200,330499200,50222,フィンランド,16956.0
export,2016,330499200,330499200,50210,フランス,310537.0
export,2016,330499200,330499200,50410,ブラジル,681.0
export,2016,330499200,330499200,50116,ブルネイ,239.0
export,2016,330499200,330499200,50110,ベトナム,360318.0
export,2016,330499200,330499200,50239,ベラルーシ,2321.0
export,2016,330499200,330499200,50208,ベルギー,8842.0
export,2016,330499200,330499200,50223,ポーランド,2488.0
export,2016,330499200,330499200,50129,マカオ,11926.0
export,2016,330499200,330499200,50113,マレーシア,139095.0
export,2016,330499200,330499200,50122,ミャンマー,25277.0
export,2016,330499200,330499200,50305,メキシコ,204.0
export,2016,330499200,330499200,50107,モンゴル,39465.0
export,2016,330499200,330499200,50144,ヨルダン,7620.0
export,2016,330499200,330499200,50236,ラトビア,1490.0
export,2016,330499200,330499200,50237,リトアニア,983.0
export,2016,330499200,330499200,50146,レバノン,410.0
export,2016,330499200,330499200,50224,ロシア,107531.0
export,2016,330499200,330499200,50105,中華人民共和国,5660176.0
export,2016,330499200,330499200,50106,台湾,4775064.0
export,2016,330499200,330499200,50103,大韓民国,3183669.0
export,2016,330499200,330499200,50205,英国,52901.0
export,2016,330499200,330499200,50108,香港,9554651.0
export,2016,330499900,330499900,50201,アイスランド,4012.0
export,2016,330499900,330499900,50206,アイルランド,3926.0
export,2016,330499900,330499900,50150,アゼルバイジャン,13886.0
export,2016,330499900,330499900,50304,アメリカ合衆国,4499022.0
export,2016,330499900,330499900,50147,アラブ首長国連邦,29521.0
export,2016,330499900,330499900,50143,イスラエル,5254.0
export,2016,330499900,330499900,50220,イタリア,20597.0
export,2016,330499900,330499900,50133,イラン,1270.0
export,2016,330499900,330499900,50123,インド,14220.0
export,2016,330499900,330499900,50118,インドネシア,725920.0
export,2016,330499900,330499900,50238,ウクライナ,33343.0
export,2016,330499900,330499900,50235,エストニア,7658.0
export,2016,330499900,330499900,50141,オマーン,5658.0
export,2016,330499900,330499900,50207,オランダ,203246.0
export,2016,330499900,330499900,50601,オーストラリア,376339.0
export,2016,330499900,330499900,50225,オーストリア,3367.0
export,2016,330499900,330499900,50153,カザフスタン,4619.0
export,2016,330499900,330499900,50140,カタール,993.0
export,2016,330499900,330499900,50302,カナダ,286716.0
export,2016,330499900,330499900,50120,カンボジア,21626.0
export,2016,330499900,330499900,50154,キルギス,1152.0
export,2016,330499900,330499900,50138,クウェート,3969.0
export,2016,330499900,330499900,50306,グアテマラ,2217.0
export,2016,330499900,330499900,50620,グアム(米),1857.0
export,2016,330499900,330499900,50401,コロンビア,4459.0
export,2016,330499900,330499900,50137,サウジアラビア,42679.0
export,2016,330499900,330499900,50112,シンガポール,8821343.0
export,2016,330499900,330499900,50215,スイス,169374.0
export,2016,330499900,330499900,50218,スペイン,79063.0
export,2016,330499900,330499900,50125,スリランカ,15252.0
export,2016,330499900,330499900,50111,タイ,2474980.0
export,2016,330499900,330499900,50245,チェコ,19339.0
export,2016,330499900,330499900,50204,デンマーク,2844.0
export,2016,330499900,330499900,50234,トルコ,9351.0
export,2016,330499900,330499900,50213,ドイツ,1951872.0
export,2016,330499900,330499900,50606,ニュージーランド,91036.0
export,2016,330499900,330499900,50202,ノルウェー,70517.0
export,2016,330499900,330499900,50628,パラオ,362.0
export,2016,330499900,330499900,50612,フィジー,225.0
export,2016,330499900,330499900,50117,フィリピン,60902.0
export,2016,330499900,330499900,50222,フィンランド,49664.0
export,2016,330499900,330499900,50210,フランス,637755.0
export,2016,330499900,330499900,50410,ブラジル,1227.0
export,2016,330499900,330499900,50116,ブルネイ,561.0
export,2016,330499900,330499900,50110,ベトナム,1122951.0
export,2016,330499900,330499900,50239,ベラルーシ,3024.0
export,2016,330499900,330499900,50208,ベルギー,139561.0
export,2016,330499900,330499900,50223,ポーランド,4542.0
export,2016,330499900,330499900,50129,マカオ,94730.0
export,2016,330499900,330499900,50113,マレーシア,685869.0
export,2016,330499900,330499900,50122,ミャンマー,87143.0
export,2016,330499900,330499900,50305,メキシコ,9327.0
export,2016,330499900,330499900,50107,モンゴル,77366.0
export,2016,330499900,330499900,50144,ヨルダン,8997.0
export,2016,330499900,330499900,50121,ラオス,982.0
export,2016,330499900,330499900,50236,ラトビア,5232.0
export,2016,330499900,330499900,50237,リトアニア,13037.0
export,2016,330499900,330499900,50146,レバノン,585.0
export,2016,330499900,330499900,50224,ロシア,350208.0
export,2016,330499900,330499900,50105,中華人民共和国,28469297.0
export,2016,330499900,330499900,50627,北マリアナ諸島(米),1176.0
export,2016,330499900,330499900,50106,台湾,16816031.0
export,2016,330499900,330499900,50103,大韓民国,13333973.0
export,2016,330499900,330499900,50205,英国,456353.0
export,2016,330499900,330499900,50108,香港,45953190.0
export,2017,330410000,330410000,50304,アメリカ合衆国,603657.0
export,2017,330410000,330410000,50143,イスラエル,340.0
export,2017,330410000,330410000,50220,イタリア,469.0
export,2017,330410000,330410000,50123,インド,902.0
export,2017,330410000,330410000,50118,インドネシア,31785.0
export,2017,330410000,330410000,50207,オランダ,8606.0
export,2017,330410000,330410000,50601,オーストラリア,32206.0
export,2017,330410000,330410000,50140,カタール,531.0
export,2017,330410000,330410000,50302,カナダ,72313.0
export,2017,330410000,330410000,50620,グアム(米),279.0
export,2017,330410000,330410000,50112,シンガポール,956842.0
export,2017,330410000,330410000,50111,タイ,309416.0
export,2017,330410000,330410000,50213,ドイツ,192587.0
export,2017,330410000,330410000,50606,ニュージーランド,3909.0
export,2017,330410000,330410000,50117,フィリピン,4804.0
export,2017,330410000,330410000,50210,フランス,484361.0
export,2017,330410000,330410000,50410,ブラジル,330.0
export,2017,330410000,330410000,50110,ベトナム,130372.0
export,2017,330410000,330410000,50208,ベルギー,4609.0
export,2017,330410000,330410000,50129,マカオ,16439.0
export,2017,330410000,330410000,50113,マレーシア,72368.0
export,2017,330410000,330410000,50122,ミャンマー,16703.0
export,2017,330410000,330410000,50107,モンゴル,3660.0
export,2017,330410000,330410000,50121,ラオス,729.0
export,2017,330410000,330410000,50224,ロシア,14011.0
export,2017,330410000,330410000,50105,中華人民共和国,2125143.0
export,2017,330410000,330410000,50627,北マリアナ諸島(米),1162.0
export,2017,330410000,330410000,50106,台湾,1087385.0
export,2017,330410000,330410000,50103,大韓民国,1075044.0
export,2017,330410000,330410000,50205,英国,54913.0
export,2017,330410000,330410000,50108,香港,2667066.0
export,2017,330420000,330420000,50304,アメリカ合衆国,3347140.0
export,2017,330420000,330420000,50147,アラブ首長国連邦,3547.0
export,2017,330420000,330420000,50220,イタリア,1121.0
export,2017,330420000,330420000,50133,イラン,1107.0
export,2017,330420000,330420000,50123,インド,1465.0
export,2017,330420000,330420000,50118,インドネシア,647087.0
export,2017,330420000,330420000,50235,エストニア,204.0
export,2017,330420000,330420000,50207,オランダ,60298.0
export,2017,330420000,330420000,50601,オーストラリア,105035.0
export,2017,330420000,330420000,50140,カタール,626.0
export,2017,330420000,330420000,50302,カナダ,191580.0
export,2017,330420000,330420000,50120,カンボジア,24214.0
export,2017,330420000,330420000,50112,シンガポール,1602559.0
export,2017,330420000,330420000,50215,スイス,176934.0
export,2017,330420000,330420000,50203,スウェーデン,19727.0
export,2017,330420000,330420000,50111,タイ,429520.0
export,2017,330420000,330420000,50204,デンマーク,3371.0
export,2017,330420000,330420000,50213,ドイツ,277935.0
export,2017,330420000,330420000,50606,ニュージーランド,24648.0
export,2017,330420000,330420000,50314,バーミュダ(英),259.0
export,2017,330420000,330420000,50117,フィリピン,164905.0
export,2017,330420000,330420000,50210,フランス,2003520.0
export,2017,330420000,330420000,50410,ブラジル,335.0
export,2017,330420000,330420000,50110,ベトナム,234917.0
export,2017,330420000,330420000,50208,ベルギー,652713.0
export,2017,330420000,330420000,50129,マカオ,26909.0
export,2017,330420000,330420000,50113,マレーシア,195470.0
export,2017,330420000,330420000,50122,ミャンマー,28851.0
export,2017,330420000,330420000,50107,モンゴル,7553.0
export,2017,330420000,330420000,50121,ラオス,1349.0
export,2017,330420000,330420000,50237,リトアニア,229.0
export,2017,330420000,330420000,50209,ルクセンブルク,67763.0
export,2017,330420000,330420000,50224,ロシア,13861.0
export,2017,330420000,330420000,50105,中華人民共和国,2953555.0
export,2017,330420000,330420000,50627,北マリアナ諸島(米),2798.0
export,2017,330420000,330420000,50106,台湾,3695181.0
export,2017,330420000,330420000,50103,大韓民国,4550842.0
export,2017,330420000,330420000,50205,英国,313363.0
export,2017,330420000,330420000,50108,香港,5909630.0
export,2017,330430000,330430000,50304,アメリカ合衆国,75027.0
export,2017,330430000,330430000,50235,エストニア,342.0
export,2017,330430000,330430000,50207,オランダ,912.0
export,2017,330430000,330430000,50601,オーストラリア,1224.0
export,2017,330430000,330430000,50302,カナダ,1733.0
export,2017,330430000,330430000,50112,シンガポール,10382.0
export,2017,330430000,330430000,50246,スロバキア,4218.0
export,2017,330430000,330430000,50111,タイ,9144.0
export,2017,330430000,330430000,50245,チェコ,8925.0
export,2017,330430000,330430000,50606,ニュージーランド,208.0
export,2017,330430000,330430000,50210,フランス,1664.0
export,2017,330430000,330430000,50110,ベトナム,570.0
export,2017,330430000,330430000,50223,ポーランド,2970.0
export,2017,330430000,330430000,50113,マレーシア,704.0
export,2017,330430000,330430000,50209,ルクセンブルク,10530.0
export,2017,330430000,330430000,50224,ロシア,7366.0
export,2017,330430000,330430000,50105,中華人民共和国,17003.0
export,2017,330430000,330430000,50551,南アフリカ共和国,267.0
export,2017,330430000,330430000,50106,台湾,283632.0
export,2017,330430000,330430000,50103,大韓民国,40611.0
export,2017,330430000,330430000,50205,英国,5443.0
export,2017,330430000,330430000,50108,香港,205147.0
export,2017,330491000,330491000,50304,アメリカ合衆国,792892.0
export,2017,330491000,330491000,50143,イスラエル,612.0
export,2017,330491000,330491000,50220,イタリア,8154.0
export,2017,330491000,330491000,50118,インドネシア,42938.0
export,2017,330491000,330491000,50207,オランダ,13523.0
export,2017,330491000,330491000,50601,オーストラリア,21705.0
export,2017,330491000,330491000,50225,オーストリア,282.0
export,2017,330491000,330491000,50140,カタール,370.0
export,2017,330491000,330491000,50302,カナダ,29455.0
export,2017,330491000,330491000,50120,カンボジア,375.0
export,2017,330491000,330491000,50112,シンガポール,1224367.0
export,2017,330491000,330491000,50215,スイス,192108.0
export,2017,330491000,330491000,50111,タイ,502019.0
export,2017,330491000,330491000,50213,ドイツ,528536.0
export,2017,330491000,330491000,50606,ニュージーランド,2673.0
export,2017,330491000,330491000,50202,ノルウェー,240.0
export,2017,330491000,330491000,50612,フィジー,245.0
export,2017,330491000,330491000,50117,フィリピン,47212.0
export,2017,330491000,330491000,50210,フランス,229537.0
export,2017,330491000,330491000,50324,プエルトリコ(米),336.0
export,2017,330491000,330491000,50110,ベトナム,141628.0
export,2017,330491000,330491000,50208,ベルギー,360734.0
export,2017,330491000,330491000,50129,マカオ,12553.0
export,2017,330491000,330491000,50113,マレーシア,58463.0
export,2017,330491000,330491000,50122,ミャンマー,22266.0
export,2017,330491000,330491000,50107,モンゴル,7234.0
export,2017,330491000,330491000,50121,ラオス,517.0
export,2017,330491000,330491000,50236,ラトビア,556.0
export,2017,330491000,330491000,50237,リトアニア,398.0
export,2017,330491000,330491000,50224,ロシア,2735.0
export,2017,330491000,330491000,50105,中華人民共和国,2075188.0
export,2017,330491000,330491000,50627,北マリアナ諸島(米),1806.0
export,2017,330491000,330491000,50106,台湾,1367928.0
export,2017,330491000,330491000,50103,大韓民国,1157723.0
export,2017,330491000,330491000,50205,英国,131763.0
export,2017,330491000,330491000,50108,香港,3889664.0
export,2017,330499100,330499100,50304,アメリカ合衆国,766379.0
export,2017,330499100,330499100,50147,アラブ首長国連邦,877.0
export,2017,330499100,330499100,50220,イタリア,1571.0
export,2017,330499100,330499100,50123,インド,551.0
export,2017,330499100,330499100,50118,インドネシア,42583.0
export,2017,330499100,330499100,50238,ウクライナ,217.0
export,2017,330499100,330499100,50207,オランダ,10456.0
export,2017,330499100,330499100,50601,オーストラリア,42573.0
export,2017,330499100,330499100,50225,オーストリア,252.0
export,2017,330499100,330499100,50302,カナダ,65728.0
export,2017,330499100,330499100,50120,カンボジア,216.0
export,2017,330499100,330499100,50112,シンガポール,2782121.0
export,2017,330499100,330499100,50215,スイス,571554.0
export,2017,330499100,330499100,50111,タイ,335948.0
export,2017,330499100,330499100,50213,ドイツ,127509.0
export,2017,330499100,330499100,50606,ニュージーランド,7484.0
export,2017,330499100,330499100,50315,バハマ,471.0
export,2017,330499100,330499100,50312,パナマ,252.0
export,2017,330499100,330499100,50612,フィジー,416.0
export,2017,330499100,330499100,50117,フィリピン,10906.0
export,2017,330499100,330499100,50210,フランス,672113.0
export,2017,330499100,330499100,50410,ブラジル,2667.0
export,2017,330499100,330499100,50110,ベトナム,149478.0
export,2017,330499100,330499100,50208,ベルギー,424356.0
export,2017,330499100,330499100,50223,ポーランド,1801.0
export,2017,330499100,330499100,50129,マカオ,3546.0
export,2017,330499100,330499100,50113,マレーシア,62603.0
export,2017,330499100,330499100,50122,ミャンマー,22538.0
export,2017,330499100,330499100,50107,モンゴル,21334.0
export,2017,330499100,330499100,50236,ラトビア,235.0
export,2017,330499100,330499100,50224,ロシア,2104.0
export,2017,330499100,330499100,50105,中華人民共和国,3628265.0
export,2017,330499100,330499100,50627,北マリアナ諸島(米),651.0
export,2017,330499100,330499100,50106,台湾,1567551.0
export,2017,330499100,330499100,50103,大韓民国,3881445.0
export,2017,330499100,330499100,50205,英国,441104.0
export,2017,330499100,330499100,50108,香港,3213261.0
export,2017,330499200,330499200,50201,アイスランド,763.0
export,2017,330499200,330499200,50150,アゼルバイジャン,761.0
export,2017,330499200,330499200,50304,アメリカ合衆国,2032650.0
export,2017,330499200,330499200,50147,アラブ首長国連邦,7934.0
export,2017,330499200,330499200,50143,イスラエル,834.0
export,2017,330499200,330499200,50220,イタリア,28539.0
export,2017,330499200,330499200,50134,イラク,1294.0
export,2017,330499200,330499200,50133,イラン,302.0
export,2017,330499200,330499200,50123,インド,2718.0
export,2017,330499200,330499200,50118,インドネシア,287355.0
export,2017,330499200,330499200,50238,ウクライナ,12983.0
export,2017,330499200,330499200,50235,エストニア,1592.0
export,2017,330499200,330499200,50207,オランダ,62394.0
export,2017,330499200,330499200,50601,オーストラリア,144903.0
export,2017,330499200,330499200,50225,オーストリア,2512.0
export,2017,330499200,330499200,50153,カザフスタン,5391.0
export,2017,330499200,330499200,50302,カナダ,62781.0
export,2017,330499200,330499200,50120,カンボジア,12810.0
export,2017,330499200,330499200,50154,キルギス,201.0
export,2017,330499200,330499200,50138,クウェート,1628.0
export,2017,330499200,330499200,50112,シンガポール,2970295.0
export,2017,330499200,330499200,50215,スイス,11099.0
export,2017,330499200,330499200,50111,タイ,744931.0
export,2017,330499200,330499200,50245,チェコ,272.0
export,2017,330499200,330499200,50204,デンマーク,13406.0
export,2017,330499200,330499200,50234,トルコ,7484.0
export,2017,330499200,330499200,50213,ドイツ,828158.0
export,2017,330499200,330499200,50606,ニュージーランド,27327.0
export,2017,330499200,330499200,50131,ネパール,315.0
export,2017,330499200,330499200,50202,ノルウェー,8889.0
export,2017,330499200,330499200,50314,バーミュダ(英),808.0
export,2017,330499200,330499200,50135,バーレーン,6861.0
export,2017,330499200,330499200,50628,パラオ,2963.0
export,2017,330499200,330499200,50117,フィリピン,35237.0
export,2017,330499200,330499200,50222,フィンランド,16122.0
export,2017,330499200,330499200,50210,フランス,368340.0
export,2017,330499200,330499200,50410,ブラジル,507.0
export,2017,330499200,330499200,50110,ベトナム,561095.0
export,2017,330499200,330499200,50239,ベラルーシ,969.0
export,2017,330499200,330499200,50208,ベルギー,48142.0
export,2017,330499200,330499200,50223,ポーランド,11311.0
export,2017,330499200,330499200,50129,マカオ,40822.0
export,2017,330499200,330499200,50113,マレーシア,199640.0
export,2017,330499200,330499200,50122,ミャンマー,34464.0
export,2017,330499200,330499200,50305,メキシコ,2956.0
export,2017,330499200,330499200,50211,モナコ,405.0
export,2017,330499200,330499200,50107,モンゴル,66424.0
export,2017,330499200,330499200,50121,ラオス,8523.0
export,2017,330499200,330499200,50236,ラトビア,1434.0
export,2017,330499200,330499200,50237,リトアニア,3831.0
export,2017,330499200,330499200,50146,レバノン,250.0
export,2017,330499200,330499200,50224,ロシア,128283.0
export,2017,330499200,330499200,50105,中華人民共和国,10184017.0
export,2017,330499200,330499200,50627,北マリアナ諸島(米),2204.0
export,2017,330499200,330499200,50106,台湾,4666508.0
export,2017,330499200,330499200,50103,大韓民国,3488203.0
export,2017,330499200,330499200,50205,英国,53478.0
export,2017,330499200,330499200,50108,香港,10756156.0
export,2017,330499900,330499900,50201,アイスランド,3225.0
export,2017,330499900,330499900,50206,アイルランド,893.0
export,2017,330499900,330499900,50150,アゼルバイジャン,58658.0
export,2017,330499900,330499900,50304,アメリカ合衆国,6883930.0
export,2017,330499900,330499900,50147,アラブ首長国連邦,23588.0
export,2017,330499900,330499900,50143,イスラエル,7447.0
export,2017,330499900,330499900,50220,イタリア,39785.0
export,2017,330499900,330499900,50134,イラク,1053.0
export,2017,330499900,330499900,50133,イラン,4710.0
export,2017,330499900,330499900,50123,インド,6319.0
export,2017,330499900,330499900,50118,インドネシア,845227.0
export,2017,330499900,330499900,50238,ウクライナ,22887.0
export,2017,330499900,330499900,50235,エストニア,6240.0
export,2017,330499900,330499900,50207,オランダ,201626.0
export,2017,330499900,330499900,50601,オーストラリア,367134.0
export,2017,330499900,330499900,50225,オーストリア,5882.0
export,2017,330499900,330499900,50153,カザフスタン,7160.0
export,2017,330499900,330499900,50140,カタール,935.0
export,2017,330499900,330499900,50302,カナダ,339045.0
export,2017,330499900,330499900,50120,カンボジア,32322.0
export,2017,330499900,330499900,50154,キルギス,244.0
export,2017,330499900,330499900,50230,ギリシャ,210.0
export,2017,330499900,330499900,50138,クウェート,10479.0
export,2017,330499900,330499900,50241,クロアチア,876.0
export,2017,330499900,330499900,50306,グアテマラ,3401.0
export,2017,330499900,330499900,50620,グアム(米),406.0
export,2017,330499900,330499900,50401,コロンビア,16437.0
export,2017,330499900,330499900,50137,サウジアラビア,9374.0
export,2017,330499900,330499900,50610,サモア,23199.0
export,2017,330499900,330499900,50112,シンガポール,11822114.0
export,2017,330499900,330499900,50215,スイス,148223.0
export,2017,330499900,330499900,50203,スウェーデン,703.0
export,2017,330499900,330499900,50218,スペイン,96000.0
export,2017,330499900,330499900,50125,スリランカ,6479.0
export,2017,330499900,330499900,50242,スロベニア,699.0
export,2017,330499900,330499900,50228,セルビア,341.0
export,2017,330499900,330499900,50111,タイ,2943385.0
export,2017,330499900,330499900,50245,チェコ,7637.0
export,2017,330499900,330499900,50504,チュニジア,345.0
export,2017,330499900,330499900,50409,チリ,1360.0
export,2017,330499900,330499900,50204,デンマーク,1081.0
export,2017,330499900,330499900,50234,トルコ,19058.0
export,2017,330499900,330499900,50213,ドイツ,2372624.0
export,2017,330499900,330499900,50606,ニュージーランド,102918.0
export,2017,330499900,330499900,50202,ノルウェー,73441.0
export,2017,330499900,330499900,50227,ハンガリー,518.0
export,2017,330499900,330499900,50315,バハマ,255.0
export,2017,330499900,330499900,50127,バングラデシュ,578.0
export,2017,330499900,330499900,50314,バーミュダ(英),1354.0
export,2017,330499900,330499900,50124,パキスタン,229.0
export,2017,330499900,330499900,50117,フィリピン,60630.0
export,2017,330499900,330499900,50222,フィンランド,38991.0
export,2017,330499900,330499900,50210,フランス,1354276.0
export,2017,330499900,330499900,50410,ブラジル,4128.0
export,2017,330499900,330499900,50232,ブルガリア,1716.0
export,2017,330499900,330499900,50116,ブルネイ,547.0
export,2017,330499900,330499900,50110,ベトナム,2201515.0
export,2017,330499900,330499900,50239,ベラルーシ,2147.0
export,2017,330499900,330499900,50208,ベルギー,227737.0
export,2017,330499900,330499900,50223,ポーランド,13052.0
export,2017,330499900,330499900,50129,マカオ,278182.0
export,2017,330499900,330499900,50113,マレーシア,740538.0
export,2017,330499900,330499900,50122,ミャンマー,126518.0
export,2017,330499900,330499900,50305,メキシコ,13235.0
export,2017,330499900,330499900,50211,モナコ,750.0
export,2017,330499900,330499900,50107,モンゴル,147921.0
export,2017,330499900,330499900,50247,モンテネグロ,216.0
export,2017,330499900,330499900,50144,ヨルダン,969.0
export,2017,330499900,330499900,50121,ラオス,69946.0
export,2017,330499900,330499900,50236,ラトビア,3960.0
export,2017,330499900,330499900,50237,リトアニア,8126.0
export,2017,330499900,330499900,50231,ルーマニア,384.0
export,2017,330499900,330499900,50146,レバノン,1248.0
export,2017,330499900,330499900,50224,ロシア,400223.0
export,2017,330499900,330499900,50105,中華人民共和国,60021101.0
export,2017,330499900,330499900,50244,北マケドニア,462.0
export,2017,330499900,330499900,50627,北マリアナ諸島(米),3671.0
export,2017,330499900,330499900,50106,台湾,17181320.0
export,2017,330499900,330499900,50103,大韓民国,18172593.0
export,2017,330499900,330499900,50205,英国,344885.0
export,2017,330499900,330499900,50108,香港,57973371.0
export,2018,330410000,330410000,50304,アメリカ合衆国,1741340.0
export,2018,330410000,330410000,50147,アラブ首長国連邦,342.0
export,2018,330410000,330410000,50123,インド,5315.0
export,2018,330410000,330410000,50118,インドネシア,35642.0
export,2018,330410000,330410000,50207,オランダ,24466.0
export,2018,330410000,330410000,50601,オーストラリア,46587.0
export,2018,330410000,330410000,50302,カナダ,43063.0
export,2018,330410000,330410000,50120,カンボジア,742.0
export,2018,330410000,330410000,50112,シンガポール,1361378.0
export,2018,330410000,330410000,50215,スイス,541.0
export,2018,330410000,330410000,50111,タイ,435639.0
export,2018,330410000,330410000,50245,チェコ,4755.0
export,2018,330410000,330410000,50213,ドイツ,402858.0
export,2018,330410000,330410000,50606,ニュージーランド,14878.0
export,2018,330410000,330410000,50117,フィリピン,29780.0
export,2018,330410000,330410000,50210,フランス,1442759.0
export,2018,330410000,330410000,50410,ブラジル,2466.0
export,2018,330410000,330410000,50110,ベトナム,294629.0
export,2018,330410000,330410000,50208,ベルギー,18243.0
export,2018,330410000,330410000,50129,マカオ,21101.0
export,2018,330410000,330410000,50113,マレーシア,79264.0
export,2018,330410000,330410000,50122,ミャンマー,2829.0
export,2018,330410000,330410000,50305,メキシコ,815.0
export,2018,330410000,330410000,50107,モンゴル,4949.0
export,2018,330410000,330410000,50224,ロシア,14058.0
export,2018,330410000,330410000,50105,中華人民共和国,3229636.0
export,2018,330410000,330410000,50627,北マリアナ諸島(米),1711.0
export,2018,330410000,330410000,50106,台湾,1264810.0
export,2018,330410000,330410000,50103,大韓民国,1000168.0
export,2018,330410000,330410000,50205,英国,67772.0
export,2018,330410000,330410000,50108,香港,4042576.0
export,2018,330420000,330420000,50304,アメリカ合衆国,5384572.0
export,2018,330420000,330420000,50147,アラブ首長国連邦,1959.0
export,2018,330420000,330420000,50220,イタリア,7406.0
export,2018,330420000,330420000,50123,インド,679.0
export,2018,330420000,330420000,50118,インドネシア,738431.0
export,2018,330420000,330420000,50207,オランダ,53935.0
export,2018,330420000,330420000,50601,オーストラリア,96537.0
export,2018,330420000,330420000,50302,カナダ,396977.0
export,2018,330420000,330420000,50120,カンボジア,44789.0
export,2018,330420000,330420000,50112,シンガポール,2296080.0
export,2018,330420000,330420000,50215,スイス,233986.0
export,2018,330420000,330420000,50203,スウェーデン,36452.0
export,2018,330420000,330420000,50111,タイ,473228.0
export,2018,330420000,330420000,50245,チェコ,44888.0
export,2018,330420000,330420000,50213,ドイツ,540676.0
export,2018,330420000,330420000,50606,ニュージーランド,15962.0
export,2018,330420000,330420000,50117,フィリピン,106682.0
export,2018,330420000,330420000,50210,フランス,2066558.0
export,2018,330420000,330420000,50110,ベトナム,348714.0
export,2018,330420000,330420000,50208,ベルギー,614602.0
export,2018,330420000,330420000,50129,マカオ,22256.0
export,2018,330420000,330420000,50113,マレーシア,235005.0
export,2018,330420000,330420000,50122,ミャンマー,19574.0
export,2018,330420000,330420000,50107,モンゴル,10186.0
export,2018,330420000,330420000,50121,ラオス,2046.0
export,2018,330420000,330420000,50236,ラトビア,1001.0
export,2018,330420000,330420000,50237,リトアニア,1250.0
export,2018,330420000,330420000,50209,ルクセンブルク,81131.0
export,2018,330420000,330420000,50146,レバノン,222.0
export,2018,330420000,330420000,50224,ロシア,25917.0
export,2018,330420000,330420000,50105,中華人民共和国,4456269.0
export,2018,330420000,330420000,50627,北マリアナ諸島(米),5402.0
export,2018,330420000,330420000,50106,台湾,3652067.0
export,2018,330420000,330420000,50103,大韓民国,6533196.0
export,2018,330420000,330420000,50205,英国,339760.0
export,2018,330420000,330420000,50108,香港,5613460.0
export,2018,330430000,330430000,50304,アメリカ合衆国,76986.0
export,2018,330430000,330430000,50147,アラブ首長国連邦,226.0
export,2018,330430000,330430000,50118,インドネシア,1356.0
export,2018,330430000,330430000,50601,オーストラリア,1206.0
export,2018,330430000,330430000,50302,カナダ,1251.0
export,2018,330430000,330430000,50112,シンガポール,14184.0
export,2018,330430000,330430000,50246,スロバキア,249.0
export,2018,330430000,330430000,50111,タイ,15140.0
export,2018,330430000,330430000,50245,チェコ,2286.0
export,2018,330430000,330430000,50117,フィリピン,350.0
export,2018,330430000,330430000,50110,ベトナム,564.0
export,2018,330430000,330430000,50223,ポーランド,7130.0
export,2018,330430000,330430000,50113,マレーシア,12397.0
export,2018,330430000,330430000,50107,モンゴル,621.0
export,2018,330430000,330430000,50209,ルクセンブルク,5557.0
export,2018,330430000,330430000,50224,ロシア,5395.0
export,2018,330430000,330430000,50105,中華人民共和国,23513.0
export,2018,330430000,330430000,50106,台湾,237596.0
export,2018,330430000,330430000,50103,大韓民国,35137.0
export,2018,330430000,330430000,50205,英国,1347.0
export,2018,330430000,330430000,50108,香港,162560.0
export,2018,330491000,330491000,50304,アメリカ合衆国,575143.0
export,2018,330491000,330491000,50220,イタリア,910.0
export,2018,330491000,330491000,50118,インドネシア,34280.0
export,2018,330491000,330491000,50207,オランダ,8736.0
export,2018,330491000,330491000,50601,オーストラリア,14079.0
export,2018,330491000,330491000,50302,カナダ,20132.0
export,2018,330491000,330491000,50120,カンボジア,857.0
export,2018,330491000,330491000,50112,シンガポール,1550802.0
export,2018,330491000,330491000,50215,スイス,274933.0
export,2018,330491000,330491000,50111,タイ,537310.0
export,2018,330491000,330491000,50245,チェコ,3273.0
export,2018,330491000,330491000,50213,ドイツ,501830.0
export,2018,330491000,330491000,50606,ニュージーランド,3226.0
export,2018,330491000,330491000,50117,フィリピン,141451.0
export,2018,330491000,330491000,50210,フランス,145415.0
export,2018,330491000,330491000,50110,ベトナム,174158.0
export,2018,330491000,330491000,50208,ベルギー,445019.0
export,2018,330491000,330491000,50223,ポーランド,216.0
export,2018,330491000,330491000,50129,マカオ,18451.0
export,2018,330491000,330491000,50113,マレーシア,73542.0
export,2018,330491000,330491000,50122,ミャンマー,22219.0
export,2018,330491000,330491000,50107,モンゴル,10870.0
export,2018,330491000,330491000,50121,ラオス,2341.0
export,2018,330491000,330491000,50236,ラトビア,501.0
export,2018,330491000,330491000,50237,リトアニア,1651.0
export,2018,330491000,330491000,50224,ロシア,6333.0
export,2018,330491000,330491000,50105,中華人民共和国,3385906.0
export,2018,330491000,330491000,50627,北マリアナ諸島(米),1563.0
export,2018,330491000,330491000,50106,台湾,1158827.0
export,2018,330491000,330491000,50103,大韓民国,1410566.0
export,2018,330491000,330491000,50205,英国,124866.0
export,2018,330491000,330491000,50108,香港,4032953.0
export,2018,330499100,330499100,50304,アメリカ合衆国,660070.0
export,2018,330499100,330499100,50147,アラブ首長国連邦,364.0
export,2018,330499100,330499100,50143,イスラエル,1283.0
export,2018,330499100,330499100,50220,イタリア,235.0
export,2018,330499100,330499100,50123,インド,914.0
export,2018,330499100,330499100,50118,インドネシア,61179.0
export,2018,330499100,330499100,50141,オマーン,237.0
export,2018,330499100,330499100,50207,オランダ,9860.0
export,2018,330499100,330499100,50601,オーストラリア,18717.0
export,2018,330499100,330499100,50153,カザフスタン,222.0
export,2018,330499100,330499100,50302,カナダ,49983.0
export,2018,330499100,330499100,50120,カンボジア,519.0
export,2018,330499100,330499100,50541,ケニア,522.0
export,2018,330499100,330499100,50112,シンガポール,4745226.0
export,2018,330499100,330499100,50215,スイス,576222.0
export,2018,330499100,330499100,50111,タイ,259409.0
export,2018,330499100,330499100,50245,チェコ,3740.0
export,2018,330499100,330499100,50213,ドイツ,188826.0
export,2018,330499100,330499100,50606,ニュージーランド,5792.0
export,2018,330499100,330499100,50124,パキスタン,725.0
export,2018,330499100,330499100,50117,フィリピン,6829.0
export,2018,330499100,330499100,50210,フランス,694652.0
export,2018,330499100,330499100,50410,ブラジル,9900.0
export,2018,330499100,330499100,50110,ベトナム,220998.0
export,2018,330499100,330499100,50208,ベルギー,69081.0
export,2018,330499100,330499100,50223,ポーランド,264.0
export,2018,330499100,330499100,50129,マカオ,4003.0
export,2018,330499100,330499100,50113,マレーシア,63575.0
export,2018,330499100,330499100,50122,ミャンマー,23460.0
export,2018,330499100,330499100,50107,モンゴル,19565.0
export,2018,330499100,330499100,50121,ラオス,2886.0
export,2018,330499100,330499100,50224,ロシア,10954.0
export,2018,330499100,330499100,50105,中華人民共和国,4835724.0
export,2018,330499100,330499100,50627,北マリアナ諸島(米),1849.0
export,2018,330499100,330499100,50106,台湾,1532829.0
export,2018,330499100,330499100,50103,大韓民国,5143905.0
export,2018,330499100,330499100,50205,英国,338437.0
export,2018,330499100,330499100,50108,香港,3714872.0
export,2018,330499200,330499200,50201,アイスランド,2092.0
export,2018,330499200,330499200,50150,アゼルバイジャン,1415.0
export,2018,330499200,330499200,50304,アメリカ合衆国,2858017.0
export,2018,330499200,330499200,50147,アラブ首長国連邦,6125.0
export,2018,330499200,330499200,50220,イタリア,19315.0
export,2018,330499200,330499200,50133,イラン,225.0
export,2018,330499200,330499200,50123,インド,5866.0
export,2018,330499200,330499200,50118,インドネシア,181398.0
export,2018,330499200,330499200,50238,ウクライナ,9092.0
export,2018,330499200,330499200,50235,エストニア,970.0
export,2018,330499200,330499200,50207,オランダ,79709.0
export,2018,330499200,330499200,50601,オーストラリア,101873.0
export,2018,330499200,330499200,50153,カザフスタン,5039.0
export,2018,330499200,330499200,50140,カタール,570.0
export,2018,330499200,330499200,50302,カナダ,106282.0
export,2018,330499200,330499200,50120,カンボジア,19117.0
export,2018,330499200,330499200,50233,キプロス,252.0
export,2018,330499200,330499200,50154,キルギス,974.0
export,2018,330499200,330499200,50138,クウェート,4459.0
export,2018,330499200,330499200,50137,サウジアラビア,2139.0
export,2018,330499200,330499200,50112,シンガポール,5748640.0
export,2018,330499200,330499200,50215,スイス,5771.0
export,2018,330499200,330499200,50218,スペイン,1602.0
export,2018,330499200,330499200,50111,タイ,1091927.0
export,2018,330499200,330499200,50245,チェコ,2675.0
export,2018,330499200,330499200,50204,デンマーク,25974.0
export,2018,330499200,330499200,50234,トルコ,9785.0
export,2018,330499200,330499200,50213,ドイツ,989874.0
export,2018,330499200,330499200,50606,ニュージーランド,23609.0
export,2018,330499200,330499200,50202,ノルウェー,1764.0
export,2018,330499200,330499200,50315,バハマ,2234.0
export,2018,330499200,330499200,50127,バングラデシュ,285.0
export,2018,330499200,330499200,50628,パラオ,786.0
export,2018,330499200,330499200,50117,フィリピン,54395.0
export,2018,330499200,330499200,50222,フィンランド,13824.0
export,2018,330499200,330499200,50210,フランス,521387.0
export,2018,330499200,330499200,50410,ブラジル,1531.0
export,2018,330499200,330499200,50110,ベトナム,1284483.0
export,2018,330499200,330499200,50208,ベルギー,201787.0
export,2018,330499200,330499200,50223,ポーランド,83138.0
export,2018,330499200,330499200,50129,マカオ,89851.0
export,2018,330499200,330499200,50113,マレーシア,244371.0
export,2018,330499200,330499200,50122,ミャンマー,24252.0
export,2018,330499200,330499200,50305,メキシコ,3077.0
export,2018,330499200,330499200,50107,モンゴル,74698.0
export,2018,330499200,330499200,50121,ラオス,9022.0
export,2018,330499200,330499200,50236,ラトビア,1530.0
export,2018,330499200,330499200,50237,リトアニア,2689.0
export,2018,330499200,330499200,50146,レバノン,241.0
export,2018,330499200,330499200,50224,ロシア,247263.0
export,2018,330499200,330499200,50105,中華人民共和国,19286824.0
export,2018,330499200,330499200,50627,北マリアナ諸島(米),11712.0
export,2018,330499200,330499200,50106,台湾,4483011.0
export,2018,330499200,330499200,50103,大韓民国,4537257.0
export,2018,330499200,330499200,50205,英国,84855.0
export,2018,330499200,330499200,50108,香港,16897367.0
export,2018,330499900,330499900,50201,アイスランド,5608.0
export,2018,330499900,330499900,50206,アイルランド,1156.0
export,2018,330499900,330499900,50150,アゼルバイジャン,5049.0
export,2018,330499900,330499900,50304,アメリカ合衆国,8030087.0
export,2018,330499900,330499900,50147,アラブ首長国連邦,26053.0
export,2018,330499900,330499900,50143,イスラエル,7329.0
export,2018,330499900,330499900,50220,イタリア,39669.0
export,2018,330499900,330499900,50123,インド,13340.0
export,2018,330499900,330499900,50118,インドネシア,962471.0
export,2018,330499900,330499900,50238,ウクライナ,29562.0
export,2018,330499900,330499900,50235,エストニア,7553.0
export,2018,330499900,330499900,50207,オランダ,204863.0
export,2018,330499900,330499900,50601,オーストラリア,508156.0
export,2018,330499900,330499900,50225,オーストリア,4586.0
export,2018,330499900,330499900,50153,カザフスタン,20178.0
export,2018,330499900,330499900,50140,カタール,242.0
export,2018,330499900,330499900,50302,カナダ,473429.0
export,2018,330499900,330499900,50120,カンボジア,43301.0
export,2018,330499900,330499900,50233,キプロス,686.0
export,2018,330499900,330499900,50154,キルギス,2022.0
export,2018,330499900,330499900,50138,クウェート,3477.0
export,2018,330499900,330499900,50306,グアテマラ,4925.0
export,2018,330499900,330499900,50401,コロンビア,33916.0
export,2018,330499900,330499900,50533,コンゴ民主共和国,2449.0
export,2018,330499900,330499900,50137,サウジアラビア,22287.0
export,2018,330499900,330499900,50112,シンガポール,20444517.0
export,2018,330499900,330499900,50215,スイス,405468.0
export,2018,330499900,330499900,50218,スペイン,52399.0
export,2018,330499900,330499900,50125,スリランカ,41446.0
export,2018,330499900,330499900,50246,スロバキア,432.0
export,2018,330499900,330499900,50544,セーシェル,3917.0
export,2018,330499900,330499900,50111,タイ,5296275.0
export,2018,330499900,330499900,50245,チェコ,23765.0
export,2018,330499900,330499900,50204,デンマーク,658.0
export,2018,330499900,330499900,50234,トルコ,25439.0
export,2018,330499900,330499900,50213,ドイツ,2271119.0
export,2018,330499900,330499900,50606,ニュージーランド,89672.0
export,2018,330499900,330499900,50202,ノルウェー,93879.0
export,2018,330499900,330499900,50315,バハマ,6717.0
export,2018,330499900,330499900,50127,バングラデシュ,466.0
export,2018,330499900,330499900,50314,バーミュダ(英),237.0
export,2018,330499900,330499900,50135,バーレーン,216.0
export,2018,330499900,330499900,50124,パキスタン,216.0
export,2018,330499900,330499900,50411,パラグアイ,1132.0
export,2018,330499900,330499900,50117,フィリピン,126819.0
export,2018,330499900,330499900,50222,フィンランド,32097.0
export,2018,330499900,330499900,50210,フランス,1074036.0
export,2018,330499900,330499900,50410,ブラジル,19937.0
export,2018,330499900,330499900,50232,ブルガリア,216.0
export,2018,330499900,330499900,50110,ベトナム,5289030.0
export,2018,330499900,330499900,50308,ベリーズ,7604.0
export,2018,330499900,330499900,50208,ベルギー,519478.0
export,2018,330499900,330499900,50223,ポーランド,79763.0
export,2018,330499900,330499900,50129,マカオ,410679.0
export,2018,330499900,330499900,50221,マルタ,2031.0
export,2018,330499900,330499900,50113,マレーシア,1166330.0
export,2018,330499900,330499900,50122,ミャンマー,85137.0
export,2018,330499900,330499900,50305,メキシコ,18411.0
export,2018,330499900,330499900,50107,モンゴル,233596.0
export,2018,330499900,330499900,50121,ラオス,134025.0
export,2018,330499900,330499900,50236,ラトビア,2896.0
export,2018,330499900,330499900,50237,リトアニア,6749.0
export,2018,330499900,330499900,50231,ルーマニア,612.0
export,2018,330499900,330499900,50146,レバノン,4552.0
export,2018,330499900,330499900,50224,ロシア,584545.0
export,2018,330499900,330499900,50105,中華人民共和国,108884304.0
export,2018,330499900,330499900,50244,北マケドニア,216.0
export,2018,330499900,330499900,50627,北マリアナ諸島(米),23734.0
export,2018,330499900,330499900,50551,南アフリカ共和国,530.0
export,2018,330499900,330499900,50106,台湾,19500914.0
export,2018,330499900,330499900,50103,大韓民国,27163247.0
export,2018,330499900,330499900,50205,英国,221474.0
export,2018,330499900,330499900,50108,香港,76909682.0
export,2019,330410000,330410000,50304,アメリカ合衆国,855704.0
export,2019,330410000,330410000,50147,アラブ首長国連邦,828.0
export,2019,330410000,330410000,50123,インド,3306.0
export,2019,330410000,330410000,50118,インドネシア,25833.0
export,2019,330410000,330410000,50238,ウクライナ,853.0
export,2019,330410000,330410000,50207,オランダ,15664.0
export,2019,330410000,330410000,50601,オーストラリア,11153.0
export,2019,330410000,330410000,50302,カナダ,21666.0
export,2019,330410000,330410000,50120,カンボジア,1923.0
export,2019,330410000,330410000,50112,シンガポール,1917700.0
export,2019,330410000,330410000,50215,スイス,36089.0
export,2019,330410000,330410000,50111,タイ,266853.0
export,2019,330410000,330410000,50245,チェコ,8045.0
export,2019,330410000,330410000,50213,ドイツ,251489.0
export,2019,330410000,330410000,50606,ニュージーランド,6602.0
export,2019,330410000,330410000,50127,バングラデシュ,331.0
export,2019,330410000,330410000,50117,フィリピン,63585.0
export,2019,330410000,330410000,50210,フランス,875736.0
export,2019,330410000,330410000,50410,ブラジル,736.0
export,2019,330410000,330410000,50110,ベトナム,145582.0
export,2019,330410000,330410000,50208,ベルギー,55944.0
export,2019,330410000,330410000,50129,マカオ,34538.0
export,2019,330410000,330410000,50113,マレーシア,51983.0
export,2019,330410000,330410000,50122,ミャンマー,4623.0
export,2019,330410000,330410000,50107,モンゴル,4293.0
export,2019,330410000,330410000,50224,ロシア,8793.0
export,2019,330410000,330410000,50105,中華人民共和国,4720841.0
export,2019,330410000,330410000,50106,台湾,1039138.0
export,2019,330410000,330410000,50103,大韓民国,867432.0
export,2019,330410000,330410000,50205,英国,55043.0
export,2019,330410000,330410000,50108,香港,2611712.0
export,2019,330420000,330420000,50304,アメリカ合衆国,4688454.0
export,2019,330420000,330420000,50147,アラブ首長国連邦,5156.0
export,2019,330420000,330420000,50220,イタリア,455.0
export,2019,330420000,330420000,50118,インドネシア,381555.0
export,2019,330420000,330420000,50238,ウクライナ,205.0
export,2019,330420000,330420000,50207,オランダ,35286.0
export,2019,330420000,330420000,50601,オーストラリア,67623.0
export,2019,330420000,330420000,50302,カナダ,403493.0
export,2019,330420000,330420000,50120,カンボジア,57692.0
export,2019,330420000,330420000,50401,コロンビア,562.0
export,2019,330420000,330420000,50137,サウジアラビア,448.0
export,2019,330420000,330420000,50112,シンガポール,2509945.0
export,2019,330420000,330420000,50215,スイス,169591.0
export,2019,330420000,330420000,50203,スウェーデン,26268.0
export,2019,330420000,330420000,50218,スペイン,468.0
export,2019,330420000,330420000,50111,タイ,458700.0
export,2019,330420000,330420000,50245,チェコ,73684.0
export,2019,330420000,330420000,50213,ドイツ,667637.0
export,2019,330420000,330420000,50606,ニュージーランド,12397.0
export,2019,330420000,330420000,50117,フィリピン,173187.0
export,2019,330420000,330420000,50210,フランス,1887705.0
export,2019,330420000,330420000,50110,ベトナム,133098.0
export,2019,330420000,330420000,50208,ベルギー,555736.0
export,2019,330420000,330420000,50223,ポーランド,289.0
export,2019,330420000,330420000,50129,マカオ,78001.0
export,2019,330420000,330420000,50113,マレーシア,198270.0
export,2019,330420000,330420000,50122,ミャンマー,113808.0
export,2019,330420000,330420000,50107,モンゴル,14374.0
export,2019,330420000,330420000,50209,ルクセンブルク,30825.0
export,2019,330420000,330420000,50224,ロシア,7151.0
export,2019,330420000,330420000,50105,中華人民共和国,5224591.0
export,2019,330420000,330420000,50106,台湾,3158954.0
export,2019,330420000,330420000,50103,大韓民国,4464593.0
export,2019,330420000,330420000,50205,英国,502904.0
export,2019,330420000,330420000,50108,香港,5067673.0
export,2019,330430000,330430000,50304,アメリカ合衆国,34112.0
export,2019,330430000,330430000,50207,オランダ,1115.0
export,2019,330430000,330430000,50601,オーストラリア,823.0
export,2019,330430000,330430000,50112,シンガポール,11803.0
export,2019,330430000,330430000,50111,タイ,9122.0
export,2019,330430000,330430000,50245,チェコ,3470.0
export,2019,330430000,330430000,50227,ハンガリー,632.0
export,2019,330430000,330430000,50117,フィリピン,1501.0
export,2019,330430000,330430000,50210,フランス,688.0
export,2019,330430000,330430000,50110,ベトナム,2374.0
export,2019,330430000,330430000,50223,ポーランド,18452.0
export,2019,330430000,330430000,50129,マカオ,214.0
export,2019,330430000,330430000,50113,マレーシア,2730.0
export,2019,330430000,330430000,50209,ルクセンブルク,5265.0
export,2019,330430000,330430000,50224,ロシア,6414.0
export,2019,330430000,330430000,50105,中華人民共和国,74315.0
export,2019,330430000,330430000,50106,台湾,237397.0
export,2019,330430000,330430000,50103,大韓民国,17069.0
export,2019,330430000,330430000,50205,英国,1492.0
export,2019,330430000,330430000,50108,香港,99847.0
export,2019,330491000,330491000,50304,アメリカ合衆国,651031.0
export,2019,330491000,330491000,50147,アラブ首長国連邦,293.0
export,2019,330491000,330491000,50143,イスラエル,3248.0
export,2019,330491000,330491000,50123,インド,1206.0
export,2019,330491000,330491000,50118,インドネシア,45422.0
export,2019,330491000,330491000,50207,オランダ,12791.0
export,2019,330491000,330491000,50601,オーストラリア,17690.0
export,2019,330491000,330491000,50302,カナダ,18385.0
export,2019,330491000,330491000,50120,カンボジア,1803.0
export,2019,330491000,330491000,50112,シンガポール,1144316.0
export,2019,330491000,330491000,50215,スイス,98451.0
export,2019,330491000,330491000,50111,タイ,492803.0
export,2019,330491000,330491000,50245,チェコ,6970.0
export,2019,330491000,330491000,50213,ドイツ,348243.0
export,2019,330491000,330491000,50606,ニュージーランド,8538.0
export,2019,330491000,330491000,50117,フィリピン,97714.0
export,2019,330491000,330491000,50210,フランス,574114.0
export,2019,330491000,330491000,50110,ベトナム,96235.0
export,2019,330491000,330491000,50208,ベルギー,268859.0
export,2019,330491000,330491000,50223,ポーランド,346.0
export,2019,330491000,330491000,50129,マカオ,12204.0
export,2019,330491000,330491000,50113,マレーシア,60150.0
export,2019,330491000,330491000,50122,ミャンマー,24081.0
export,2019,330491000,330491000,50107,モンゴル,6915.0
export,2019,330491000,330491000,50224,ロシア,3035.0
export,2019,330491000,330491000,50105,中華人民共和国,3726017.0
export,2019,330491000,330491000,50106,台湾,1000243.0
export,2019,330491000,330491000,50103,大韓民国,1494401.0
export,2019,330491000,330491000,50205,英国,171457.0
export,2019,330491000,330491000,50108,香港,3581121.0
export,2019,330499100,330499100,50304,アメリカ合衆国,819370.0
export,2019,330499100,330499100,50147,アラブ首長国連邦,207.0
export,2019,330499100,330499100,50143,イスラエル,6689.0
export,2019,330499100,330499100,50220,イタリア,3094.0
export,2019,330499100,330499100,50123,インド,2887.0
export,2019,330499100,330499100,50118,インドネシア,87097.0
export,2019,330499100,330499100,50238,ウクライナ,1381.0
export,2019,330499100,330499100,50207,オランダ,6017.0
export,2019,330499100,330499100,50601,オーストラリア,17500.0
export,2019,330499100,330499100,50302,カナダ,46308.0
export,2019,330499100,330499100,50120,カンボジア,449.0
export,2019,330499100,330499100,50112,シンガポール,3283607.0
export,2019,330499100,330499100,50215,スイス,783187.0
export,2019,330499100,330499100,50111,タイ,356551.0
export,2019,330499100,330499100,50245,チェコ,5488.0
export,2019,330499100,330499100,50213,ドイツ,293456.0
export,2019,330499100,330499100,50606,ニュージーランド,16304.0
export,2019,330499100,330499100,50612,フィジー,281.0
export,2019,330499100,330499100,50117,フィリピン,18818.0
export,2019,330499100,330499100,50210,フランス,1280239.0
export,2019,330499100,330499100,50410,ブラジル,10097.0
export,2019,330499100,330499100,50110,ベトナム,134190.0
export,2019,330499100,330499100,50208,ベルギー,31625.0
export,2019,330499100,330499100,50129,マカオ,15350.0
export,2019,330499100,330499100,50113,マレーシア,86291.0
export,2019,330499100,330499100,50122,ミャンマー,13962.0
export,2019,330499100,330499100,50107,モンゴル,28629.0
export,2019,330499100,330499100,50121,ラオス,743.0
export,2019,330499100,330499100,50224,ロシア,13541.0
export,2019,330499100,330499100,50105,中華人民共和国,8160856.0
export,2019,330499100,330499100,50106,台湾,1785098.0
export,2019,330499100,330499100,50103,大韓民国,7105914.0
export,2019,330499100,330499100,50205,英国,475481.0
export,2019,330499100,330499100,50108,香港,3478196.0
export,2019,330499200,330499200,50201,アイスランド,1156.0
export,2019,330499200,330499200,50150,アゼルバイジャン,244.0
export,2019,330499200,330499200,50304,アメリカ合衆国,2730359.0
export,2019,330499200,330499200,50147,アラブ首長国連邦,61024.0
export,2019,330499200,330499200,50220,イタリア,7582.0
export,2019,330499200,330499200,50123,インド,9076.0
export,2019,330499200,330499200,50118,インドネシア,186118.0
export,2019,330499200,330499200,50238,ウクライナ,13372.0
export,2019,330499200,330499200,50152,ウズベキスタン,2242.0
export,2019,330499200,330499200,50235,エストニア,434.0
export,2019,330499200,330499200,50207,オランダ,84544.0
export,2019,330499200,330499200,50601,オーストラリア,101374.0
export,2019,330499200,330499200,50225,オーストリア,1487.0
export,2019,330499200,330499200,50153,カザフスタン,4128.0
export,2019,330499200,330499200,50140,カタール,1208.0
export,2019,330499200,330499200,50302,カナダ,134704.0
export,2019,330499200,330499200,50120,カンボジア,20118.0
export,2019,330499200,330499200,50154,キルギス,1642.0
export,2019,330499200,330499200,50138,クウェート,4409.0
export,2019,330499200,330499200,50306,グアテマラ,2159.0
export,2019,330499200,330499200,50137,サウジアラビア,1099.0
export,2019,330499200,330499200,50112,シンガポール,6323345.0
export,2019,330499200,330499200,50157,ジョージア,384.0
export,2019,330499200,330499200,50215,スイス,1499.0
export,2019,330499200,330499200,50203,スウェーデン,293.0
export,2019,330499200,330499200,50218,スペイン,3362.0
export,2019,330499200,330499200,50111,タイ,927778.0
export,2019,330499200,330499200,50245,チェコ,7035.0
export,2019,330499200,330499200,50204,デンマーク,12920.0
export,2019,330499200,330499200,50234,トルコ,7434.0
export,2019,330499200,330499200,50213,ドイツ,1082747.0
export,2019,330499200,330499200,50606,ニュージーランド,56189.0
export,2019,330499200,330499200,50202,ノルウェー,8795.0
export,2019,330499200,330499200,50315,バハマ,1211.0
export,2019,330499200,330499200,50314,バーミュダ(英),239.0
export,2019,330499200,330499200,50628,パラオ,698.0
export,2019,330499200,330499200,50117,フィリピン,50401.0
export,2019,330499200,330499200,50222,フィンランド,14521.0
export,2019,330499200,330499200,50210,フランス,372294.0
export,2019,330499200,330499200,50410,ブラジル,799.0
export,2019,330499200,330499200,50116,ブルネイ,230.0
export,2019,330499200,330499200,50110,ベトナム,969565.0
export,2019,330499200,330499200,50208,ベルギー,210532.0
export,2019,330499200,330499200,50223,ポーランド,26631.0
export,2019,330499200,330499200,50129,マカオ,150979.0
export,2019,330499200,330499200,50113,マレーシア,207842.0
export,2019,330499200,330499200,50122,ミャンマー,46065.0
export,2019,330499200,330499200,50305,メキシコ,2923.0
export,2019,330499200,330499200,50126,モルディブ,534.0
export,2019,330499200,330499200,50107,モンゴル,76768.0
export,2019,330499200,330499200,50121,ラオス,1239.0
export,2019,330499200,330499200,50236,ラトビア,979.0
export,2019,330499200,330499200,50237,リトアニア,2882.0
export,2019,330499200,330499200,50146,レバノン,513.0
export,2019,330499200,330499200,50224,ロシア,152761.0
export,2019,330499200,330499200,50105,中華人民共和国,33586277.0
export,2019,330499200,330499200,50627,北マリアナ諸島(米),256.0
export,2019,330499200,330499200,50106,台湾,4876586.0
export,2019,330499200,330499200,50103,大韓民国,4285339.0
export,2019,330499200,330499200,50205,英国,239474.0
export,2019,330499200,330499200,50108,香港,20858943.0
export,2019,330499900,330499900,50201,アイスランド,5343.0
export,2019,330499900,330499900,50150,アゼルバイジャン,1729.0
export,2019,330499900,330499900,50304,アメリカ合衆国,6713229.0
export,2019,330499900,330499900,50147,アラブ首長国連邦,41135.0
export,2019,330499900,330499900,50503,アルジェリア,234.0
export,2019,330499900,330499900,50143,イスラエル,5878.0
export,2019,330499900,330499900,50220,イタリア,16232.0
export,2019,330499900,330499900,50134,イラク,9440.0
export,2019,330499900,330499900,50123,インド,17929.0
export,2019,330499900,330499900,50118,インドネシア,1063527.0
export,2019,330499900,330499900,50238,ウクライナ,35787.0
export,2019,330499900,330499900,50152,ウズベキスタン,3010.0
export,2019,330499900,330499900,50235,エストニア,2896.0
export,2019,330499900,330499900,50141,オマーン,934.0
export,2019,330499900,330499900,50207,オランダ,260714.0
export,2019,330499900,330499900,50601,オーストラリア,481414.0
export,2019,330499900,330499900,50225,オーストリア,2573.0
export,2019,330499900,330499900,50153,カザフスタン,28432.0
export,2019,330499900,330499900,50140,カタール,4583.0
export,2019,330499900,330499900,50302,カナダ,534459.0
export,2019,330499900,330499900,50120,カンボジア,90317.0
export,2019,330499900,330499900,50233,キプロス,458.0
export,2019,330499900,330499900,50154,キルギス,4315.0
export,2019,330499900,330499900,50230,ギリシャ,496.0
export,2019,330499900,330499900,50138,クウェート,11266.0
export,2019,330499900,330499900,50401,コロンビア,4145.0
export,2019,330499900,330499900,50137,サウジアラビア,47832.0
export,2019,330499900,330499900,50112,シンガポール,27387087.0
export,2019,330499900,330499900,50157,ジョージア,1477.0
export,2019,330499900,330499900,50215,スイス,281041.0
export,2019,330499900,330499900,50218,スペイン,47787.0
export,2019,330499900,330499900,50125,スリランカ,953.0
export,2019,330499900,330499900,50228,セルビア,660.0
export,2019,330499900,330499900,50111,タイ,4632141.0
export,2019,330499900,330499900,50245,チェコ,24860.0
export,2019,330499900,330499900,50234,トルコ,23338.0
export,2019,330499900,330499900,50213,ドイツ,2652869.0
export,2019,330499900,330499900,50606,ニュージーランド,116934.0
export,2019,330499900,330499900,50202,ノルウェー,63549.0
export,2019,330499900,330499900,50315,バハマ,10981.0
export,2019,330499900,330499900,50127,バングラデシュ,231.0
export,2019,330499900,330499900,50314,バーミュダ(英),634.0
export,2019,330499900,330499900,50117,フィリピン,115970.0
export,2019,330499900,330499900,50222,フィンランド,36347.0
export,2019,330499900,330499900,50210,フランス,1433012.0
export,2019,330499900,330499900,50410,ブラジル,69788.0
export,2019,330499900,330499900,50110,ベトナム,4018069.0
export,2019,330499900,330499900,50239,ベラルーシ,749.0
export,2019,330499900,330499900,50208,ベルギー,436047.0
export,2019,330499900,330499900,50223,ポーランド,104992.0
export,2019,330499900,330499900,50129,マカオ,755640.0
export,2019,330499900,330499900,50113,マレーシア,1187652.0
export,2019,330499900,330499900,50122,ミャンマー,111314.0
export,2019,330499900,330499900,50305,メキシコ,18820.0
export,2019,330499900,330499900,50126,モルディブ,2049.0
export,2019,330499900,330499900,50107,モンゴル,165118.0
export,2019,330499900,330499900,50121,ラオス,19909.0
export,2019,330499900,330499900,50236,ラトビア,3190.0
export,2019,330499900,330499900,50237,リトアニア,19186.0
export,2019,330499900,330499900,50146,レバノン,1703.0
export,2019,330499900,330499900,50224,ロシア,356975.0
export,2019,330499900,330499900,50105,中華人民共和国,139641394.0
export,2019,330499900,330499900,50627,北マリアナ諸島(米),3814.0
export,2019,330499900,330499900,50551,南アフリカ共和国,883.0
export,2019,330499900,330499900,50106,台湾,18885295.0
export,2019,330499900,330499900,50103,大韓民国,27895487.0
export,2019,330499900,330499900,50205,英国,352319.0
export,2019,330499900,330499900,50108,香港,75288447.0
export,2020,330410000,330410000,50304,アメリカ合衆国,541657.0
export,2020,330410000,330410000,50123,インド,4986.0
export,2020,330410000,330410000,50118,インドネシア,16684.0
export,2020,330410000,330410000,50238,ウクライナ,382.0
export,2020,330410000,330410000,50207,オランダ,3006.0
export,2020,330410000,330410000,50601,オーストラリア,28179.0
export,2020,330410000,330410000,50140,カタール,330.0
export,2020,330410000,330410000,50302,カナダ,25981.0
export,2020,330410000,330410000,50120,カンボジア,1174.0
export,2020,330410000,330410000,50112,シンガポール,666327.0
export,2020,330410000,330410000,50215,スイス,28429.0
export,2020,330410000,330410000,50111,タイ,163425.0
export,2020,330410000,330410000,50245,チェコ,4802.0
export,2020,330410000,330410000,50213,ドイツ,222871.0
export,2020,330410000,330410000,50606,ニュージーランド,6816.0
export,2020,330410000,330410000,50117,フィリピン,57613.0
export,2020,330410000,330410000,50210,フランス,437070.0
export,2020,330410000,330410000,50410,ブラジル,1132.0
export,2020,330410000,330410000,50110,ベトナム,113660.0
export,2020,330410000,330410000,50208,ベルギー,17042.0
export,2020,330410000,330410000,50129,マカオ,1387.0
export,2020,330410000,330410000,50113,マレーシア,13660.0
export,2020,330410000,330410000,50122,ミャンマー,2192.0
export,2020,330410000,330410000,50107,モンゴル,1818.0
export,2020,330410000,330410000,50237,リトアニア,237.0
export,2020,330410000,330410000,50224,ロシア,3422.0
export,2020,330410000,330410000,50105,中華人民共和国,4629282.0
export,2020,330410000,330410000,50106,台湾,778769.0
export,2020,330410000,330410000,50103,大韓民国,401062.0
export,2020,330410000,330410000,50205,英国,56807.0
export,2020,330410000,330410000,50108,香港,2307267.0
export,2020,330420000,330420000,50304,アメリカ合衆国,2393005.0
export,2020,330420000,330420000,50147,アラブ首長国連邦,27492.0
export,2020,330420000,330420000,50118,インドネシア,297722.0
export,2020,330420000,330420000,50238,ウクライナ,316.0
export,2020,330420000,330420000,50207,オランダ,23838.0
export,2020,330420000,330420000,50601,オーストラリア,73355.0
export,2020,330420000,330420000,50153,カザフスタン,217.0
export,2020,330420000,330420000,50140,カタール,346.0
export,2020,330420000,330420000,50302,カナダ,294386.0
export,2020,330420000,330420000,50120,カンボジア,30922.0
export,2020,330420000,330420000,50112,シンガポール,1131667.0
export,2020,330420000,330420000,50215,スイス,71995.0
export,2020,330420000,330420000,50203,スウェーデン,29227.0
export,2020,330420000,330420000,50111,タイ,268431.0
export,2020,330420000,330420000,50245,チェコ,108930.0
export,2020,330420000,330420000,50213,ドイツ,370312.0
export,2020,330420000,330420000,50606,ニュージーランド,14536.0
export,2020,330420000,330420000,50117,フィリピン,103922.0
export,2020,330420000,330420000,50222,フィンランド,1087.0
export,2020,330420000,330420000,50210,フランス,967633.0
export,2020,330420000,330420000,50110,ベトナム,139010.0
export,2020,330420000,330420000,50208,ベルギー,380667.0
export,2020,330420000,330420000,50223,ポーランド,494.0
export,2020,330420000,330420000,50129,マカオ,12936.0
export,2020,330420000,330420000,50113,マレーシア,141145.0
export,2020,330420000,330420000,50122,ミャンマー,86358.0
export,2020,330420000,330420000,50107,モンゴル,8788.0
export,2020,330420000,330420000,50224,ロシア,4109.0
export,2020,330420000,330420000,50105,中華人民共和国,6417015.0
export,2020,330420000,330420000,50106,台湾,2574153.0
export,2020,330420000,330420000,50103,大韓民国,2243024.0
export,2020,330420000,330420000,50205,英国,382814.0
export,2020,330420000,330420000,50108,香港,6675378.0
export,2020,330430000,330430000,50304,アメリカ合衆国,41053.0
export,2020,330430000,330430000,50207,オランダ,349.0
export,2020,330430000,330430000,50302,カナダ,415.0
export,2020,330430000,330430000,50112,シンガポール,8030.0
export,2020,330430000,330430000,50111,タイ,12645.0
export,2020,330430000,330430000,50245,チェコ,6348.0
export,2020,330430000,330430000,50227,ハンガリー,5208.0
export,2020,330430000,330430000,50117,フィリピン,1400.0
export,2020,330430000,330430000,50110,ベトナム,229.0
export,2020,330430000,330430000,50223,ポーランド,9405.0
export,2020,330430000,330430000,50305,メキシコ,1048.0
export,2020,330430000,330430000,50209,ルクセンブルク,5218.0
export,2020,330430000,330430000,50224,ロシア,7536.0
export,2020,330430000,330430000,50105,中華人民共和国,131926.0
export,2020,330430000,330430000,50106,台湾,278495.0
export,2020,330430000,330430000,50103,大韓民国,5327.0
export,2020,330430000,330430000,50205,英国,790.0
export,2020,330430000,330430000,50108,香港,154326.0
export,2020,330491000,330491000,50304,アメリカ合衆国,581055.0
export,2020,330491000,330491000,50123,インド,906.0
export,2020,330491000,330491000,50118,インドネシア,12492.0
export,2020,330491000,330491000,50207,オランダ,6330.0
export,2020,330491000,330491000,50601,オーストラリア,55348.0
export,2020,330491000,330491000,50140,カタール,262.0
export,2020,330491000,330491000,50302,カナダ,27527.0
export,2020,330491000,330491000,50112,シンガポール,557322.0
export,2020,330491000,330491000,50215,スイス,22763.0
export,2020,330491000,330491000,50111,タイ,345553.0
export,2020,330491000,330491000,50245,チェコ,25632.0
export,2020,330491000,330491000,50213,ドイツ,316005.0
export,2020,330491000,330491000,50606,ニュージーランド,9040.0
export,2020,330491000,330491000,50117,フィリピン,50490.0
export,2020,330491000,330491000,50210,フランス,117703.0
export,2020,330491000,330491000,50110,ベトナム,95418.0
export,2020,330491000,330491000,50208,ベルギー,158888.0
export,2020,330491000,330491000,50223,ポーランド,403.0
export,2020,330491000,330491000,50129,マカオ,20535.0
export,2020,330491000,330491000,50113,マレーシア,57663.0
export,2020,330491000,330491000,50122,ミャンマー,11371.0
export,2020,330491000,330491000,50107,モンゴル,3131.0
export,2020,330491000,330491000,50121,ラオス,290.0
export,2020,330491000,330491000,50224,ロシア,770.0
export,2020,330491000,330491000,50105,中華人民共和国,4249888.0
export,2020,330491000,330491000,50106,台湾,845944.0
export,2020,330491000,330491000,50103,大韓民国,1393691.0
export,2020,330491000,330491000,50205,英国,102130.0
export,2020,330491000,330491000,50108,香港,3281209.0
export,2020,330499100,330499100,50304,アメリカ合衆国,496579.0
export,2020,330499100,330499100,50147,アラブ首長国連邦,85697.0
export,2020,330499100,330499100,50143,イスラエル,4055.0
export,2020,330499100,330499100,50123,インド,851.0
export,2020,330499100,330499100,50118,インドネシア,56653.0
export,2020,330499100,330499100,50238,ウクライナ,278.0
export,2020,330499100,330499100,50207,オランダ,7025.0
export,2020,330499100,330499100,50601,オーストラリア,16904.0
export,2020,330499100,330499100,50153,カザフスタン,285.0
export,2020,330499100,330499100,50302,カナダ,34482.0
export,2020,330499100,330499100,50120,カンボジア,347.0
export,2020,330499100,330499100,50138,クウェート,978.0
export,2020,330499100,330499100,50112,シンガポール,3725694.0
export,2020,330499100,330499100,50215,スイス,28254.0
export,2020,330499100,330499100,50218,スペイン,347.0
export,2020,330499100,330499100,50111,タイ,219865.0
export,2020,330499100,330499100,50245,チェコ,366.0
export,2020,330499100,330499100,50213,ドイツ,147936.0
export,2020,330499100,330499100,50606,ニュージーランド,6254.0
export,2020,330499100,330499100,50117,フィリピン,9599.0
export,2020,330499100,330499100,50210,フランス,609514.0
export,2020,330499100,330499100,50410,ブラジル,37715.0
export,2020,330499100,330499100,50110,ベトナム,938265.0
export,2020,330499100,330499100,50208,ベルギー,1560.0
export,2020,330499100,330499100,50129,マカオ,19936.0
export,2020,330499100,330499100,50113,マレーシア,44897.0
export,2020,330499100,330499100,50122,ミャンマー,5594.0
export,2020,330499100,330499100,50107,モンゴル,12341.0
export,2020,330499100,330499100,50224,ロシア,12862.0
export,2020,330499100,330499100,50105,中華人民共和国,10820364.0
export,2020,330499100,330499100,50106,台湾,1343915.0
export,2020,330499100,330499100,50103,大韓民国,6392234.0
export,2020,330499100,330499100,50205,英国,334724.0
export,2020,330499100,330499100,50108,香港,6498846.0
export,2020,330499200,330499200,50206,アイルランド,776.0
export,2020,330499200,330499200,50150,アゼルバイジャン,585.0
export,2020,330499200,330499200,50304,アメリカ合衆国,2427699.0
export,2020,330499200,330499200,50147,アラブ首長国連邦,80700.0
export,2020,330499200,330499200,50143,イスラエル,22724.0
export,2020,330499200,330499200,50220,イタリア,4849.0
export,2020,330499200,330499200,50134,イラク,2758.0
export,2020,330499200,330499200,50123,インド,5769.0
export,2020,330499200,330499200,50118,インドネシア,302336.0
export,2020,330499200,330499200,50238,ウクライナ,16887.0
export,2020,330499200,330499200,50152,ウズベキスタン,973.0
export,2020,330499200,330499200,50235,エストニア,201.0
export,2020,330499200,330499200,50207,オランダ,55251.0
export,2020,330499200,330499200,50601,オーストラリア,127965.0
export,2020,330499200,330499200,50225,オーストリア,665.0
export,2020,330499200,330499200,50153,カザフスタン,3264.0
export,2020,330499200,330499200,50140,カタール,277.0
export,2020,330499200,330499200,50302,カナダ,232271.0
export,2020,330499200,330499200,50120,カンボジア,29598.0
export,2020,330499200,330499200,50154,キルギス,1152.0
export,2020,330499200,330499200,50138,クウェート,2717.0
export,2020,330499200,330499200,50137,サウジアラビア,2100.0
export,2020,330499200,330499200,50112,シンガポール,7714006.0
export,2020,330499200,330499200,50215,スイス,259359.0
export,2020,330499200,330499200,50218,スペイン,1754.0
export,2020,330499200,330499200,50111,タイ,751357.0
export,2020,330499200,330499200,50204,デンマーク,28219.0
export,2020,330499200,330499200,50234,トルコ,10649.0
export,2020,330499200,330499200,50213,ドイツ,684807.0
export,2020,330499200,330499200,50606,ニュージーランド,114847.0
export,2020,330499200,330499200,50202,ノルウェー,5629.0
export,2020,330499200,330499200,50628,パラオ,236.0
export,2020,330499200,330499200,50117,フィリピン,45040.0
export,2020,330499200,330499200,50222,フィンランド,14777.0
export,2020,330499200,330499200,50210,フランス,454637.0
export,2020,330499200,330499200,50410,ブラジル,1612.0
export,2020,330499200,330499200,50110,ベトナム,1479800.0
export,2020,330499200,330499200,50308,ベリーズ,240.0
export,2020,330499200,330499200,50208,ベルギー,144288.0
export,2020,330499200,330499200,50223,ポーランド,46781.0
export,2020,330499200,330499200,50129,マカオ,81625.0
export,2020,330499200,330499200,50113,マレーシア,321323.0
export,2020,330499200,330499200,50122,ミャンマー,9553.0
export,2020,330499200,330499200,50305,メキシコ,536.0
export,2020,330499200,330499200,50107,モンゴル,60321.0
export,2020,330499200,330499200,50121,ラオス,24479.0
export,2020,330499200,330499200,50236,ラトビア,944.0
export,2020,330499200,330499200,50237,リトアニア,1310.0
export,2020,330499200,330499200,50224,ロシア,115152.0
export,2020,330499200,330499200,50105,中華人民共和国,52211735.0
export,2020,330499200,330499200,50551,南アフリカ共和国,726.0
export,2020,330499200,330499200,50106,台湾,4059115.0
export,2020,330499200,330499200,50103,大韓民国,6431419.0
export,2020,330499200,330499200,50205,英国,150597.0
export,2020,330499200,330499200,50108,香港,20542494.0
export,2020,330499900,330499900,50150,アゼルバイジャン,1163.0
export,2020,330499900,330499900,50304,アメリカ合衆国,6531048.0
export,2020,330499900,330499900,50147,アラブ首長国連邦,71191.0
export,2020,330499900,330499900,50143,イスラエル,5050.0
export,2020,330499900,330499900,50220,イタリア,18095.0
export,2020,330499900,330499900,50134,イラク,23490.0
export,2020,330499900,330499900,50123,インド,13532.0
export,2020,330499900,330499900,50118,インドネシア,804625.0
export,2020,330499900,330499900,50238,ウクライナ,38130.0
export,2020,330499900,330499900,50152,ウズベキスタン,1117.0
export,2020,330499900,330499900,50235,エストニア,4010.0
export,2020,330499900,330499900,50207,オランダ,71267.0
export,2020,330499900,330499900,50601,オーストラリア,507379.0
export,2020,330499900,330499900,50225,オーストリア,2226.0
export,2020,330499900,330499900,50153,カザフスタン,23207.0
export,2020,330499900,330499900,50140,カタール,2923.0
export,2020,330499900,330499900,50302,カナダ,911627.0
export,2020,330499900,330499900,50120,カンボジア,99631.0
export,2020,330499900,330499900,50233,キプロス,268.0
export,2020,330499900,330499900,50138,クウェート,10712.0
export,2020,330499900,330499900,50620,グアム(米),303.0
export,2020,330499900,330499900,50401,コロンビア,4299.0
export,2020,330499900,330499900,50516,コートジボワール,1346.0
export,2020,330499900,330499900,50137,サウジアラビア,12214.0
export,2020,330499900,330499900,50112,シンガポール,31792745.0
export,2020,330499900,330499900,50157,ジョージア,230.0
export,2020,330499900,330499900,50215,スイス,950630.0
export,2020,330499900,330499900,50203,スウェーデン,2032.0
export,2020,330499900,330499900,50218,スペイン,98643.0
export,2020,330499900,330499900,50125,スリランカ,1164.0
export,2020,330499900,330499900,50242,スロベニア,1553.0
export,2020,330499900,330499900,50228,セルビア,230.0
export,2020,330499900,330499900,50111,タイ,2655860.0
export,2020,330499900,330499900,50245,チェコ,36126.0
export,2020,330499900,330499900,50234,トルコ,13330.0
export,2020,330499900,330499900,50213,ドイツ,1816191.0
export,2020,330499900,330499900,50606,ニュージーランド,273688.0
export,2020,330499900,330499900,50202,ノルウェー,97033.0
export,2020,330499900,330499900,50227,ハンガリー,895.0
export,2020,330499900,330499900,50127,バングラデシュ,1569.0
export,2020,330499900,330499900,50411,パラグアイ,364.0
export,2020,330499900,330499900,50117,フィリピン,156212.0
export,2020,330499900,330499900,50222,フィンランド,38537.0
export,2020,330499900,330499900,50210,フランス,1247737.0
export,2020,330499900,330499900,50410,ブラジル,125499.0
export,2020,330499900,330499900,50110,ベトナム,5365179.0
export,2020,330499900,330499900,50239,ベラルーシ,439.0
export,2020,330499900,330499900,50308,ベリーズ,625.0
export,2020,330499900,330499900,50208,ベルギー,281192.0
export,2020,330499900,330499900,50223,ポーランド,88323.0
export,2020,330499900,330499900,50129,マカオ,357707.0
export,2020,330499900,330499900,50113,マレーシア,1114689.0
export,2020,330499900,330499900,50122,ミャンマー,48490.0
export,2020,330499900,330499900,50305,メキシコ,7825.0
export,2020,330499900,330499900,50126,モルディブ,740.0
export,2020,330499900,330499900,50240,モルドバ,231.0
export,2020,330499900,330499900,50107,モンゴル,146448.0
export,2020,330499900,330499900,50121,ラオス,73712.0
export,2020,330499900,330499900,50236,ラトビア,1178.0
export,2020,330499900,330499900,50237,リトアニア,2492.0
export,2020,330499900,330499900,50231,ルーマニア,480.0
export,2020,330499900,330499900,50224,ロシア,320869.0
export,2020,330499900,330499900,50105,中華人民共和国,202598354.0
export,2020,330499900,330499900,50551,南アフリカ共和国,2433.0
export,2020,330499900,330499900,50106,台湾,16573782.0
export,2020,330499900,330499900,50103,大韓民国,33131710.0
export,2020,330499900,330499900,50205,英国,406947.0
export,2020,330499900,330499900,50108,香港,72731583.0
export,2021,330410000,330410000,50304,アメリカ合衆国,494409.0
export,2021,330410000,330410000,50147,アラブ首長国連邦,1132.0
export,2021,330410000,330410000,50220,イタリア,423.0
export,2021,330410000,330410000,50123,インド,2328.0
export,2021,330410000,330410000,50118,インドネシア,13579.0
export,2021,330410000,330410000,50238,ウクライナ,369.0
export,2021,330410000,330410000,50207,オランダ,870.0
export,2021,330410000,330410000,50601,オーストラリア,20073.0
export,2021,330410000,330410000,50302,カナダ,52005.0
export,2021,330410000,330410000,50120,カンボジア,575.0
export,2021,330410000,330410000,50112,シンガポール,714677.0
export,2021,330410000,330410000,50215,スイス,19774.0
export,2021,330410000,330410000,50111,タイ,71646.0
export,2021,330410000,330410000,50245,チェコ,5219.0
export,2021,330410000,330410000,50213,ドイツ,283488.0
export,2021,330410000,330410000,50606,ニュージーランド,3218.0
export,2021,330410000,330410000,50127,バングラデシュ,384.0
export,2021,330410000,330410000,50117,フィリピン,6537.0
export,2021,330410000,330410000,50210,フランス,185134.0
export,2021,330410000,330410000,50110,ベトナム,101017.0
export,2021,330410000,330410000,50208,ベルギー,2691.0
export,2021,330410000,330410000,50129,マカオ,219.0
export,2021,330410000,330410000,50113,マレーシア,38787.0
export,2021,330410000,330410000,50122,ミャンマー,942.0
export,2021,330410000,330410000,50107,モンゴル,800.0
export,2021,330410000,330410000,50121,ラオス,244.0
export,2021,330410000,330410000,50237,リトアニア,229.0
export,2021,330410000,330410000,50224,ロシア,2239.0
export,2021,330410000,330410000,50105,中華人民共和国,5198419.0
export,2021,330410000,330410000,50106,台湾,580636.0
export,2021,330410000,330410000,50103,大韓民国,307378.0
export,2021,330410000,330410000,50205,英国,95856.0
export,2021,330410000,330410000,50108,香港,2242858.0
export,2021,330420000,330420000,50304,アメリカ合衆国,3647594.0
export,2021,330420000,330420000,50147,アラブ首長国連邦,43884.0
export,2021,330420000,330420000,50123,インド,633.0
export,2021,330420000,330420000,50118,インドネシア,298997.0
export,2021,330420000,330420000,50238,ウクライナ,2420.0
export,2021,330420000,330420000,50207,オランダ,22297.0
export,2021,330420000,330420000,50601,オーストラリア,105920.0
export,2021,330420000,330420000,50153,カザフスタン,286.0
export,2021,330420000,330420000,50302,カナダ,458484.0
export,2021,330420000,330420000,50120,カンボジア,54262.0
export,2021,330420000,330420000,50112,シンガポール,1266542.0
export,2021,330420000,330420000,50215,スイス,78880.0
export,2021,330420000,330420000,50203,スウェーデン,17119.0
export,2021,330420000,330420000,50111,タイ,225361.0
export,2021,330420000,330420000,50245,チェコ,132459.0
export,2021,330420000,330420000,50234,トルコ,563.0
export,2021,330420000,330420000,50213,ドイツ,689523.0
export,2021,330420000,330420000,50606,ニュージーランド,20883.0
export,2021,330420000,330420000,50127,バングラデシュ,773.0
export,2021,330420000,330420000,50117,フィリピン,69022.0
export,2021,330420000,330420000,50222,フィンランド,1991.0
export,2021,330420000,330420000,50210,フランス,1224982.0
export,2021,330420000,330420000,50110,ベトナム,112344.0
export,2021,330420000,330420000,50208,ベルギー,577037.0
export,2021,330420000,330420000,50129,マカオ,28304.0
export,2021,330420000,330420000,50113,マレーシア,115286.0
export,2021,330420000,330420000,50122,ミャンマー,78939.0
export,2021,330420000,330420000,50107,モンゴル,6744.0
export,2021,330420000,330420000,50224,ロシア,7667.0
export,2021,330420000,330420000,50105,中華人民共和国,9792287.0
export,2021,330420000,330420000,50106,台湾,3489166.0
export,2021,330420000,330420000,50103,大韓民国,2426561.0
export,2021,330420000,330420000,50205,英国,430397.0
export,2021,330420000,330420000,50108,香港,8089169.0
export,2021,330430000,330430000,50304,アメリカ合衆国,39175.0
export,2021,330430000,330430000,50147,アラブ首長国連邦,201.0
export,2021,330430000,330430000,50220,イタリア,5963.0
export,2021,330430000,330430000,50601,オーストラリア,266.0
export,2021,330430000,330430000,50112,シンガポール,6443.0
export,2021,330430000,330430000,50246,スロバキア,610.0
export,2021,330430000,330430000,50111,タイ,3800.0
export,2021,330430000,330430000,50245,チェコ,16495.0
export,2021,330430000,330430000,50213,ドイツ,6497.0
export,2021,330430000,330430000,50227,ハンガリー,1479.0
export,2021,330430000,330430000,50223,ポーランド,8535.0
export,2021,330430000,330430000,50224,ロシア,8669.0
export,2021,330430000,330430000,50105,中華人民共和国,136219.0
export,2021,330430000,330430000,50106,台湾,203615.0
export,2021,330430000,330430000,50103,大韓民国,11838.0
export,2021,330430000,330430000,50205,英国,560.0
export,2021,330430000,330430000,50108,香港,88714.0
export,2021,330491000,330491000,50304,アメリカ合衆国,386321.0
export,2021,330491000,330491000,50147,アラブ首長国連邦,2507.0
export,2021,330491000,330491000,50220,イタリア,490.0
export,2021,330491000,330491000,50123,インド,2915.0
export,2021,330491000,330491000,50118,インドネシア,19269.0
export,2021,330491000,330491000,50207,オランダ,4142.0
export,2021,330491000,330491000,50601,オーストラリア,21042.0
export,2021,330491000,330491000,50153,カザフスタン,734.0
export,2021,330491000,330491000,50302,カナダ,24529.0
export,2021,330491000,330491000,50120,カンボジア,6538.0
export,2021,330491000,330491000,50112,シンガポール,707652.0
export,2021,330491000,330491000,50215,スイス,35444.0
export,2021,330491000,330491000,50111,タイ,290967.0
export,2021,330491000,330491000,50245,チェコ,21319.0
export,2021,330491000,330491000,50213,ドイツ,266273.0
export,2021,330491000,330491000,50606,ニュージーランド,10811.0
export,2021,330491000,330491000,50127,バングラデシュ,257.0
export,2021,330491000,330491000,50117,フィリピン,180660.0
export,2021,330491000,330491000,50210,フランス,174946.0
export,2021,330491000,330491000,50110,ベトナム,123011.0
export,2021,330491000,330491000,50208,ベルギー,106424.0
export,2021,330491000,330491000,50129,マカオ,15631.0
export,2021,330491000,330491000,50113,マレーシア,41731.0
export,2021,330491000,330491000,50122,ミャンマー,2975.0
export,2021,330491000,330491000,50107,モンゴル,3767.0
export,2021,330491000,330491000,50121,ラオス,837.0
export,2021,330491000,330491000,50224,ロシア,907.0
export,2021,330491000,330491000,50105,中華人民共和国,7546376.0
export,2021,330491000,330491000,50106,台湾,673767.0
export,2021,330491000,330491000,50103,大韓民国,1804986.0
export,2021,330491000,330491000,50205,英国,86306.0
export,2021,330491000,330491000,50108,香港,5879162.0
export,2021,330499100,330499100,50304,アメリカ合衆国,307173.0
export,2021,330499100,330499100,50147,アラブ首長国連邦,66556.0
export,2021,330499100,330499100,50143,イスラエル,1966.0
export,2021,330499100,330499100,50123,インド,1626.0
export,2021,330499100,330499100,50118,インドネシア,63003.0
export,2021,330499100,330499100,50238,ウクライナ,1161.0
export,2021,330499100,330499100,50207,オランダ,73972.0
export,2021,330499100,330499100,50601,オーストラリア,27896.0
export,2021,330499100,330499100,50153,カザフスタン,1508.0
export,2021,330499100,330499100,50140,カタール,277.0
export,2021,330499100,330499100,50302,カナダ,21134.0
export,2021,330499100,330499100,50120,カンボジア,9198.0
export,2021,330499100,330499100,50112,シンガポール,8448738.0
export,2021,330499100,330499100,50215,スイス,40960.0
export,2021,330499100,330499100,50111,タイ,231036.0
export,2021,330499100,330499100,50245,チェコ,302.0
export,2021,330499100,330499100,50213,ドイツ,269718.0
export,2021,330499100,330499100,50606,ニュージーランド,9961.0
export,2021,330499100,330499100,50127,バングラデシュ,1219.0
export,2021,330499100,330499100,50117,フィリピン,734.0
export,2021,330499100,330499100,50210,フランス,613964.0
export,2021,330499100,330499100,50410,ブラジル,14127.0
export,2021,330499100,330499100,50110,ベトナム,395212.0
export,2021,330499100,330499100,50208,ベルギー,3261.0
export,2021,330499100,330499100,50129,マカオ,15315.0
export,2021,330499100,330499100,50113,マレーシア,62155.0
export,2021,330499100,330499100,50122,ミャンマー,7827.0
export,2021,330499100,330499100,50240,モルドバ,271.0
export,2021,330499100,330499100,50107,モンゴル,8051.0
export,2021,330499100,330499100,50121,ラオス,218.0
export,2021,330499100,330499100,50231,ルーマニア,300.0
export,2021,330499100,330499100,50224,ロシア,2360.0
export,2021,330499100,330499100,50105,中華人民共和国,15723542.0
export,2021,330499100,330499100,50106,台湾,1149502.0
export,2021,330499100,330499100,50103,大韓民国,6533477.0
export,2021,330499100,330499100,50205,英国,188426.0
export,2021,330499100,330499100,50108,香港,9333555.0
export,2021,330499200,330499200,50150,アゼルバイジャン,841.0
export,2021,330499200,330499200,50304,アメリカ合衆国,2864375.0
export,2021,330499200,330499200,50147,アラブ首長国連邦,25644.0
export,2021,330499200,330499200,50149,イエメン,355.0
export,2021,330499200,330499200,50143,イスラエル,16059.0
export,2021,330499200,330499200,50220,イタリア,2408.0
export,2021,330499200,330499200,50134,イラク,5662.0
export,2021,330499200,330499200,50133,イラン,2440.0
export,2021,330499200,330499200,50123,インド,30800.0
export,2021,330499200,330499200,50118,インドネシア,613123.0
export,2021,330499200,330499200,50238,ウクライナ,29856.0
export,2021,330499200,330499200,50152,ウズベキスタン,742.0
export,2021,330499200,330499200,50207,オランダ,94396.0
export,2021,330499200,330499200,50601,オーストラリア,182336.0
export,2021,330499200,330499200,50153,カザフスタン,9814.0
export,2021,330499200,330499200,50140,カタール,861.0
export,2021,330499200,330499200,50302,カナダ,360909.0
export,2021,330499200,330499200,50120,カンボジア,73362.0
export,2021,330499200,330499200,50233,キプロス,225.0
export,2021,330499200,330499200,50154,キルギス,3423.0
export,2021,330499200,330499200,50138,クウェート,210.0
export,2021,330499200,330499200,50306,グアテマラ,1873.0
export,2021,330499200,330499200,50137,サウジアラビア,2751.0
export,2021,330499200,330499200,50112,シンガポール,13127537.0
export,2021,330499200,330499200,50215,スイス,340736.0
export,2021,330499200,330499200,50111,タイ,810604.0
export,2021,330499200,330499200,50204,デンマーク,27080.0
export,2021,330499200,330499200,50234,トルコ,10741.0
export,2021,330499200,330499200,50213,ドイツ,1671905.0
export,2021,330499200,330499200,50524,ナイジェリア,400.0
export,2021,330499200,330499200,50606,ニュージーランド,146656.0
export,2021,330499200,330499200,50131,ネパール,664.0
export,2021,330499200,330499200,50202,ノルウェー,7557.0
export,2021,330499200,330499200,50127,バングラデシュ,2658.0
export,2021,330499200,330499200,50411,パラグアイ,351.0
export,2021,330499200,330499200,50117,フィリピン,41196.0
export,2021,330499200,330499200,50222,フィンランド,9934.0
export,2021,330499200,330499200,50210,フランス,1083397.0
export,2021,330499200,330499200,50410,ブラジル,236.0
export,2021,330499200,330499200,50110,ベトナム,3474413.0
export,2021,330499200,330499200,50208,ベルギー,370861.0
export,2021,330499200,330499200,50223,ポーランド,6872.0
export,2021,330499200,330499200,50129,マカオ,316789.0
export,2021,330499200,330499200,50113,マレーシア,341237.0
export,2021,330499200,330499200,50122,ミャンマー,6817.0
export,2021,330499200,330499200,50305,メキシコ,715.0
export,2021,330499200,330499200,50107,モンゴル,49828.0
export,2021,330499200,330499200,50121,ラオス,21484.0
export,2021,330499200,330499200,50236,ラトビア,499.0
export,2021,330499200,330499200,50237,リトアニア,877.0
export,2021,330499200,330499200,50224,ロシア,172835.0
export,2021,330499200,330499200,50105,中華人民共和国,65263031.0
export,2021,330499200,330499200,50551,南アフリカ共和国,314.0
export,2021,330499200,330499200,50106,台湾,3991869.0
export,2021,330499200,330499200,50103,大韓民国,10837820.0
export,2021,330499200,330499200,50205,英国,385198.0
export,2021,330499200,330499200,50108,香港,17660558.0
export,2021,330499900,330499900,50201,アイスランド,2968.0
export,2021,330499900,330499900,50150,アゼルバイジャン,827.0
export,2021,330499900,330499900,50304,アメリカ合衆国,8366298.0
export,2021,330499900,330499900,50147,アラブ首長国連邦,138185.0
export,2021,330499900,330499900,50143,イスラエル,9496.0
export,2021,330499900,330499900,50220,イタリア,7224.0
export,2021,330499900,330499900,50134,イラク,12485.0
export,2021,330499900,330499900,50123,インド,22314.0
export,2021,330499900,330499900,50118,インドネシア,1039439.0
export,2021,330499900,330499900,50238,ウクライナ,53973.0
export,2021,330499900,330499900,50152,ウズベキスタン,1369.0
export,2021,330499900,330499900,50235,エストニア,9191.0
export,2021,330499900,330499900,50207,オランダ,216524.0
export,2021,330499900,330499900,50601,オーストラリア,556435.0
export,2021,330499900,330499900,50153,カザフスタン,50218.0
export,2021,330499900,330499900,50140,カタール,3105.0
export,2021,330499900,330499900,50302,カナダ,1117117.0
export,2021,330499900,330499900,50120,カンボジア,227275.0
export,2021,330499900,330499900,50233,キプロス,539.0
export,2021,330499900,330499900,50154,キルギス,4424.0
export,2021,330499900,330499900,50230,ギリシャ,398.0
export,2021,330499900,330499900,50138,クウェート,4627.0
export,2021,330499900,330499900,50137,サウジアラビア,25068.0
export,2021,330499900,330499900,50112,シンガポール,49389868.0
export,2021,330499900,330499900,50157,ジョージア,444.0
export,2021,330499900,330499900,50215,スイス,2062072.0
export,2021,330499900,330499900,50218,スペイン,122537.0
export,2021,330499900,330499900,50125,スリランカ,747.0
export,2021,330499900,330499900,50111,タイ,3258257.0
export,2021,330499900,330499900,50245,チェコ,67133.0
export,2021,330499900,330499900,50234,トルコ,24005.0
export,2021,330499900,330499900,50213,ドイツ,2957981.0
export,2021,330499900,330499900,50524,ナイジェリア,3642.0
export,2021,330499900,330499900,50606,ニュージーランド,340328.0
export,2021,330499900,330499900,50131,ネパール,4079.0
export,2021,330499900,330499900,50202,ノルウェー,96676.0
export,2021,330499900,330499900,50227,ハンガリー,691.0
export,2021,330499900,330499900,50127,バングラデシュ,4279.0
export,2021,330499900,330499900,50411,パラグアイ,1464.0
export,2021,330499900,330499900,50117,フィリピン,137327.0
export,2021,330499900,330499900,50222,フィンランド,24601.0
export,2021,330499900,330499900,50210,フランス,1161196.0
export,2021,330499900,330499900,50410,ブラジル,135497.0
export,2021,330499900,330499900,50116,ブルネイ,271.0
export,2021,330499900,330499900,50110,ベトナム,7999818.0
export,2021,330499900,330499900,50208,ベルギー,1264356.0
export,2021,330499900,330499900,50407,ペルー,210.0
export,2021,330499900,330499900,50223,ポーランド,58224.0
export,2021,330499900,330499900,50129,マカオ,752046.0
export,2021,330499900,330499900,50113,マレーシア,1336995.0
export,2021,330499900,330499900,50122,ミャンマー,24056.0
export,2021,330499900,330499900,50305,メキシコ,9464.0
export,2021,330499900,330499900,50126,モルディブ,1274.0
export,2021,330499900,330499900,50107,モンゴル,158423.0
export,2021,330499900,330499900,50144,ヨルダン,619.0
export,2021,330499900,330499900,50121,ラオス,78824.0
export,2021,330499900,330499900,50236,ラトビア,3679.0
export,2021,330499900,330499900,50237,リトアニア,8489.0
export,2021,330499900,330499900,50231,ルーマニア,390.0
export,2021,330499900,330499900,50224,ロシア,456239.0
export,2021,330499900,330499900,50105,中華人民共和国,226755145.0
export,2021,330499900,330499900,50551,南アフリカ共和国,783.0
export,2021,330499900,330499900,50106,台湾,15110537.0
export,2021,330499900,330499900,50103,大韓民国,46892676.0
export,2021,330499900,330499900,50205,英国,756148.0
export,2021,330499900,330499900,50108,香港,79389992.0
export,2022,330410000,330410000,50304,アメリカ合衆国,993096.0
export,2022,330410000,330410000,50151,アルメニア,339.0
export,2022,330410000,330410000,50123,インド,6729.0
export,2022,330410000,330410000,50118,インドネシア,21380.0
export,2022,330410000,330410000,50207,オランダ,4156.0
export,2022,330410000,330410000,50601,オーストラリア,31635.0
export,2022,330410000,330410000,50153,カザフスタン,1437.0
export,2022,330410000,330410000,50302,カナダ,30214.0
export,2022,330410000,330410000,50112,シンガポール,1128588.0
export,2022,330410000,330410000,50215,スイス,114265.0
export,2022,330410000,330410000,50111,タイ,104090.0
export,2022,330410000,330410000,50245,チェコ,12609.0
export,2022,330410000,330410000,50213,ドイツ,302442.0
export,2022,330410000,330410000,50606,ニュージーランド,24209.0
export,2022,330410000,330410000,50131,ネパール,481.0
export,2022,330410000,330410000,50117,フィリピン,10038.0
export,2022,330410000,330410000,50222,フィンランド,293.0
export,2022,330410000,330410000,50210,フランス,542023.0
export,2022,330410000,330410000,50110,ベトナム,225272.0
export,2022,330410000,330410000,50208,ベルギー,7847.0
export,2022,330410000,330410000,50129,マカオ,2889.0
export,2022,330410000,330410000,50113,マレーシア,58732.0
export,2022,330410000,330410000,50122,ミャンマー,838.0
export,2022,330410000,330410000,50107,モンゴル,5576.0
export,2022,330410000,330410000,50121,ラオス,3771.0
export,2022,330410000,330410000,50224,ロシア,539.0
export,2022,330410000,330410000,50105,中華人民共和国,4118250.0
export,2022,330410000,330410000,50106,台湾,434253.0
export,2022,330410000,330410000,50103,大韓民国,239963.0
export,2022,330410000,330410000,50205,英国,67864.0
export,2022,330410000,330410000,50108,香港,860144.0
export,2022,330420000,330420000,50304,アメリカ合衆国,5160880.0
export,2022,330420000,330420000,50147,アラブ首長国連邦,5200.0
export,2022,330420000,330420000,50151,アルメニア,204.0
export,2022,330420000,330420000,50220,イタリア,9887.0
export,2022,330420000,330420000,50123,インド,250.0
export,2022,330420000,330420000,50118,インドネシア,203549.0
export,2022,330420000,330420000,50207,オランダ,21664.0
export,2022,330420000,330420000,50601,オーストラリア,160982.0
export,2022,330420000,330420000,50153,カザフスタン,659.0
export,2022,330420000,330420000,50302,カナダ,448596.0
export,2022,330420000,330420000,50120,カンボジア,82163.0
export,2022,330420000,330420000,50112,シンガポール,1480477.0
export,2022,330420000,330420000,50215,スイス,241113.0
export,2022,330420000,330420000,50203,スウェーデン,35126.0
export,2022,330420000,330420000,50111,タイ,392696.0
export,2022,330420000,330420000,50245,チェコ,131173.0
export,2022,330420000,330420000,50234,トルコ,951.0
export,2022,330420000,330420000,50213,ドイツ,855457.0
export,2022,330420000,330420000,50606,ニュージーランド,14819.0
export,2022,330420000,330420000,50117,フィリピン,123907.0
export,2022,330420000,330420000,50222,フィンランド,616.0
export,2022,330420000,330420000,50210,フランス,1513201.0
export,2022,330420000,330420000,50110,ベトナム,207746.0
export,2022,330420000,330420000,50208,ベルギー,660227.0
export,2022,330420000,330420000,50129,マカオ,34866.0
export,2022,330420000,330420000,50113,マレーシア,232253.0
export,2022,330420000,330420000,50122,ミャンマー,62285.0
export,2022,330420000,330420000,50305,メキシコ,283.0
export,2022,330420000,330420000,50107,モンゴル,12692.0
export,2022,330420000,330420000,50224,ロシア,5719.0
export,2022,330420000,330420000,50105,中華人民共和国,8709382.0
export,2022,330420000,330420000,50106,台湾,2036915.0
export,2022,330420000,330420000,50103,大韓民国,2957974.0
export,2022,330420000,330420000,50205,英国,592248.0
export,2022,330420000,330420000,50108,香港,4008794.0
export,2022,330430000,330430000,50304,アメリカ合衆国,20825.0
export,2022,330430000,330430000,50220,イタリア,7400.0
export,2022,330430000,330430000,50207,オランダ,228.0
export,2022,330430000,330430000,50601,オーストラリア,795.0
export,2022,330430000,330430000,50302,カナダ,305.0
export,2022,330430000,330430000,50112,シンガポール,2344.0
export,2022,330430000,330430000,50246,スロバキア,836.0
export,2022,330430000,330430000,50111,タイ,5175.0
export,2022,330430000,330430000,50245,チェコ,2691.0
export,2022,330430000,330430000,50227,ハンガリー,597.0
export,2022,330430000,330430000,50117,フィリピン,220.0
export,2022,330430000,330430000,50110,ベトナム,14754.0
export,2022,330430000,330430000,50223,ポーランド,12643.0
export,2022,330430000,330430000,50129,マカオ,278.0
export,2022,330430000,330430000,50237,リトアニア,718.0
export,2022,330430000,330430000,50224,ロシア,9565.0
export,2022,330430000,330430000,50105,中華人民共和国,93300.0
export,2022,330430000,330430000,50106,台湾,255851.0
export,2022,330430000,330430000,50103,大韓民国,21041.0
export,2022,330430000,330430000,50205,英国,860.0
export,2022,330430000,330430000,50108,香港,130356.0
export,2022,330491000,330491000,50304,アメリカ合衆国,906843.0
export,2022,330491000,330491000,50147,アラブ首長国連邦,428.0
export,2022,330491000,330491000,50123,インド,5269.0
export,2022,330491000,330491000,50118,インドネシア,30390.0
export,2022,330491000,330491000,50207,オランダ,15183.0
export,2022,330491000,330491000,50601,オーストラリア,37996.0
export,2022,330491000,330491000,50302,カナダ,86979.0
export,2022,330491000,330491000,50120,カンボジア,1160.0
export,2022,330491000,330491000,50137,サウジアラビア,447.0
export,2022,330491000,330491000,50112,シンガポール,909157.0
export,2022,330491000,330491000,50215,スイス,52742.0
export,2022,330491000,330491000,50111,タイ,361451.0
export,2022,330491000,330491000,50245,チェコ,131531.0
export,2022,330491000,330491000,50213,ドイツ,383326.0
export,2022,330491000,330491000,50606,ニュージーランド,5965.0
export,2022,330491000,330491000,50117,フィリピン,105081.0
export,2022,330491000,330491000,50210,フランス,148999.0
export,2022,330491000,330491000,50110,ベトナム,98642.0
export,2022,330491000,330491000,50208,ベルギー,229996.0
export,2022,330491000,330491000,50129,マカオ,32107.0
export,2022,330491000,330491000,50113,マレーシア,48293.0
export,2022,330491000,330491000,50122,ミャンマー,8559.0
export,2022,330491000,330491000,50107,モンゴル,4149.0
export,2022,330491000,330491000,50121,ラオス,451.0
export,2022,330491000,330491000,50224,ロシア,383.0
export,2022,330491000,330491000,50105,中華人民共和国,11014046.0
export,2022,330491000,330491000,50106,台湾,531805.0
export,2022,330491000,330491000,50103,大韓民国,1864885.0
export,2022,330491000,330491000,50205,英国,156487.0
export,2022,330491000,330491000,50108,香港,6964924.0
export,2022,330499100,330499100,50304,アメリカ合衆国,1034782.0
export,2022,330499100,330499100,50147,アラブ首長国連邦,133932.0
export,2022,330499100,330499100,50220,イタリア,494.0
export,2022,330499100,330499100,50123,インド,2737.0
export,2022,330499100,330499100,50118,インドネシア,103440.0
export,2022,330499100,330499100,50601,オーストラリア,42934.0
export,2022,330499100,330499100,50302,カナダ,76363.0
export,2022,330499100,330499100,50112,シンガポール,12741656.0
export,2022,330499100,330499100,50215,スイス,59781.0
export,2022,330499100,330499100,50111,タイ,340607.0
export,2022,330499100,330499100,50245,チェコ,6406.0
export,2022,330499100,330499100,50213,ドイツ,467717.0
export,2022,330499100,330499100,50606,ニュージーランド,9218.0
export,2022,330499100,330499100,50117,フィリピン,16946.0
export,2022,330499100,330499100,50210,フランス,1224529.0
export,2022,330499100,330499100,50410,ブラジル,52870.0
export,2022,330499100,330499100,50110,ベトナム,202444.0
export,2022,330499100,330499100,50208,ベルギー,27259.0
export,2022,330499100,330499100,50223,ポーランド,2425.0
export,2022,330499100,330499100,50129,マカオ,13243.0
export,2022,330499100,330499100,50113,マレーシア,100587.0
export,2022,330499100,330499100,50122,ミャンマー,12378.0
export,2022,330499100,330499100,50107,モンゴル,14491.0
export,2022,330499100,330499100,50121,ラオス,7026.0
export,2022,330499100,330499100,50224,ロシア,4354.0
export,2022,330499100,330499100,50105,中華人民共和国,16798872.0
export,2022,330499100,330499100,50106,台湾,1128616.0
export,2022,330499100,330499100,50103,大韓民国,5572968.0
export,2022,330499100,330499100,50205,英国,361902.0
export,2022,330499100,330499100,50108,香港,6475998.0
export,2022,330499200,330499200,50201,アイスランド,763.0
export,2022,330499200,330499200,50150,アゼルバイジャン,989.0
export,2022,330499200,330499200,50304,アメリカ合衆国,4125723.0
export,2022,330499200,330499200,50147,アラブ首長国連邦,25480.0
export,2022,330499200,330499200,50151,アルメニア,1183.0
export,2022,330499200,330499200,50143,イスラエル,32240.0
export,2022,330499200,330499200,50220,イタリア,8261.0
export,2022,330499200,330499200,50123,インド,42447.0
export,2022,330499200,330499200,50118,インドネシア,435887.0
export,2022,330499200,330499200,50238,ウクライナ,8974.0
export,2022,330499200,330499200,50152,ウズベキスタン,4265.0
export,2022,330499200,330499200,50207,オランダ,90742.0
export,2022,330499200,330499200,50601,オーストラリア,461748.0
export,2022,330499200,330499200,50153,カザフスタン,9391.0
export,2022,330499200,330499200,50140,カタール,1183.0
export,2022,330499200,330499200,50302,カナダ,437876.0
export,2022,330499200,330499200,50120,カンボジア,41261.0
export,2022,330499200,330499200,50233,キプロス,288.0
export,2022,330499200,330499200,50154,キルギス,11252.0
export,2022,330499200,330499200,50138,クウェート,780.0
export,2022,330499200,330499200,50541,ケニア,2141.0
export,2022,330499200,330499200,50112,シンガポール,23560061.0
export,2022,330499200,330499200,50157,ジョージア,9418.0
export,2022,330499200,330499200,50215,スイス,31810.0
export,2022,330499200,330499200,50203,スウェーデン,335.0
export,2022,330499200,330499200,50218,スペイン,527.0
export,2022,330499200,330499200,50125,スリランカ,320.0
export,2022,330499200,330499200,50246,スロバキア,939.0
export,2022,330499200,330499200,50242,スロベニア,859.0
export,2022,330499200,330499200,50111,タイ,1036688.0
export,2022,330499200,330499200,50245,チェコ,3000.0
export,2022,330499200,330499200,50204,デンマーク,26922.0
export,2022,330499200,330499200,50234,トルコ,15236.0
export,2022,330499200,330499200,50213,ドイツ,1717549.0
export,2022,330499200,330499200,50606,ニュージーランド,228928.0
export,2022,330499200,330499200,50131,ネパール,2150.0
export,2022,330499200,330499200,50202,ノルウェー,11910.0
export,2022,330499200,330499200,50127,バングラデシュ,5242.0
export,2022,330499200,330499200,50411,パラグアイ,251.0
export,2022,330499200,330499200,50117,フィリピン,94250.0
export,2022,330499200,330499200,50222,フィンランド,4258.0
export,2022,330499200,330499200,50210,フランス,1226940.0
export,2022,330499200,330499200,50410,ブラジル,6909.0
export,2022,330499200,330499200,50116,ブルネイ,488.0
export,2022,330499200,330499200,50110,ベトナム,1596252.0
export,2022,330499200,330499200,50239,ベラルーシ,234.0
export,2022,330499200,330499200,50208,ベルギー,372045.0
export,2022,330499200,330499200,50223,ポーランド,14538.0
export,2022,330499200,330499200,50129,マカオ,462602.0
export,2022,330499200,330499200,50113,マレーシア,407990.0
export,2022,330499200,330499200,50122,ミャンマー,14013.0
export,2022,330499200,330499200,50305,メキシコ,2884.0
export,2022,330499200,330499200,50107,モンゴル,112297.0
export,2022,330499200,330499200,50121,ラオス,42225.0
export,2022,330499200,330499200,50236,ラトビア,4951.0
export,2022,330499200,330499200,50237,リトアニア,1700.0
export,2022,330499200,330499200,50224,ロシア,97978.0
export,2022,330499200,330499200,50105,中華人民共和国,60818929.0
export,2022,330499200,330499200,50106,台湾,4377807.0
export,2022,330499200,330499200,50103,大韓民国,5716519.0
export,2022,330499200,330499200,50205,英国,253114.0
export,2022,330499200,330499200,50108,香港,14453366.0
export,2022,330499900,330499900,50201,アイスランド,3897.0
export,2022,330499900,330499900,50150,アゼルバイジャン,1402.0
export,2022,330499900,330499900,50304,アメリカ合衆国,9715793.0
export,2022,330499900,330499900,50147,アラブ首長国連邦,142639.0
export,2022,330499900,330499900,50229,アルバニア,220.0
export,2022,330499900,330499900,50151,アルメニア,2139.0
export,2022,330499900,330499900,50143,イスラエル,17212.0
export,2022,330499900,330499900,50220,イタリア,9017.0
export,2022,330499900,330499900,50134,イラク,13820.0
export,2022,330499900,330499900,50123,インド,44156.0
export,2022,330499900,330499900,50118,インドネシア,1468459.0
export,2022,330499900,330499900,50238,ウクライナ,24676.0
export,2022,330499900,330499900,50152,ウズベキスタン,7955.0
export,2022,330499900,330499900,50235,エストニア,7380.0
export,2022,330499900,330499900,50207,オランダ,101364.0
export,2022,330499900,330499900,50601,オーストラリア,760928.0
export,2022,330499900,330499900,50225,オーストリア,235.0
export,2022,330499900,330499900,50153,カザフスタン,49964.0
export,2022,330499900,330499900,50140,カタール,433.0
export,2022,330499900,330499900,50302,カナダ,1635319.0
export,2022,330499900,330499900,50120,カンボジア,115583.0
export,2022,330499900,330499900,50233,キプロス,224.0
export,2022,330499900,330499900,50154,キルギス,11731.0
export,2022,330499900,330499900,50230,ギリシャ,1027.0
export,2022,330499900,330499900,50138,クウェート,16054.0
export,2022,330499900,330499900,50541,ケニア,1985.0
export,2022,330499900,330499900,50137,サウジアラビア,34001.0
export,2022,330499900,330499900,50112,シンガポール,48871860.0
export,2022,330499900,330499900,50157,ジョージア,9654.0
export,2022,330499900,330499900,50215,スイス,6116069.0
export,2022,330499900,330499900,50203,スウェーデン,4681.0
export,2022,330499900,330499900,50218,スペイン,46054.0
export,2022,330499900,330499900,50125,スリランカ,1938.0
export,2022,330499900,330499900,50246,スロバキア,583.0
export,2022,330499900,330499900,50242,スロベニア,1648.0
export,2022,330499900,330499900,50111,タイ,4368323.0
export,2022,330499900,330499900,50245,チェコ,123967.0
export,2022,330499900,330499900,50204,デンマーク,588.0
export,2022,330499900,330499900,50234,トルコ,45097.0
export,2022,330499900,330499900,50213,ドイツ,2618432.0
export,2022,330499900,330499900,50524,ナイジェリア,39076.0
export,2022,330499900,330499900,50606,ニュージーランド,263725.0
export,2022,330499900,330499900,50131,ネパール,7256.0
export,2022,330499900,330499900,50202,ノルウェー,90206.0
export,2022,330499900,330499900,50227,ハンガリー,1461.0
export,2022,330499900,330499900,50611,バヌアツ,208.0
export,2022,330499900,330499900,50127,バングラデシュ,8700.0
export,2022,330499900,330499900,50411,パラグアイ,432.0
export,2022,330499900,330499900,50117,フィリピン,237340.0
export,2022,330499900,330499900,50222,フィンランド,10402.0
export,2022,330499900,330499900,50210,フランス,1412005.0
export,2022,330499900,330499900,50410,ブラジル,99638.0
export,2022,330499900,330499900,50116,ブルネイ,1471.0
export,2022,330499900,330499900,50110,ベトナム,6426322.0
export,2022,330499900,330499900,50208,ベルギー,2001791.0
export,2022,330499900,330499900,50223,ポーランド,31885.0
export,2022,330499900,330499900,50129,マカオ,909534.0
export,2022,330499900,330499900,50113,マレーシア,2060767.0
export,2022,330499900,330499900,50122,ミャンマー,44540.0
export,2022,330499900,330499900,50305,メキシコ,16126.0
export,2022,330499900,330499900,50126,モルディブ,638.0
export,2022,330499900,330499900,50240,モルドバ,295.0
export,2022,330499900,330499900,50107,モンゴル,265500.0
export,2022,330499900,330499900,50547,モーリシャス,610.0
export,2022,330499900,330499900,50121,ラオス,59972.0
export,2022,330499900,330499900,50236,ラトビア,2404.0
export,2022,330499900,330499900,50237,リトアニア,11951.0
export,2022,330499900,330499900,50224,ロシア,239439.0
export,2022,330499900,330499900,50105,中華人民共和国,196283398.0
export,2022,330499900,330499900,50551,南アフリカ共和国,476.0
export,2022,330499900,330499900,50106,台湾,14705218.0
export,2022,330499900,330499900,50103,大韓民国,50669517.0
export,2022,330499900,330499900,50205,英国,583619.0
export,2022,330499900,330499900,50108,香港,59024939.0
export,2023,330410000,330410000,50304,アメリカ合衆国,735321.0
export,2023,330410000,330410000,50147,アラブ首長国連邦,222.0
export,2023,330410000,330410000,50123,インド,15094.0
export,2023,330410000,330410000,50118,インドネシア,31337.0
export,2023,330410000,330410000,50238,ウクライナ,1127.0
export,2023,330410000,330410000,50207,オランダ,1137.0
export,2023,330410000,330410000,50601,オーストラリア,39199.0
export,2023,330410000,330410000,50153,カザフスタン,277.0
export,2023,330410000,330410000,50302,カナダ,48678.0
export,2023,330410000,330410000,50120,カンボジア,2429.0
export,2023,330410000,330410000,50112,シンガポール,1890720.0
export,2023,330410000,330410000,50215,スイス,539838.0
export,2023,330410000,330410000,50111,タイ,158759.0
export,2023,330410000,330410000,50245,チェコ,4973.0
export,2023,330410000,330410000,50213,ドイツ,441403.0
export,2023,330410000,330410000,50606,ニュージーランド,12704.0
export,2023,330410000,330410000,50117,フィリピン,24610.0
export,2023,330410000,330410000,50210,フランス,589242.0
export,2023,330410000,330410000,50110,ベトナム,264748.0
export,2023,330410000,330410000,50208,ベルギー,70645.0
export,2023,330410000,330410000,50129,マカオ,8322.0
export,2023,330410000,330410000,50113,マレーシア,99395.0
export,2023,330410000,330410000,50122,ミャンマー,1373.0
export,2023,330410000,330410000,50107,モンゴル,7680.0
export,2023,330410000,330410000,50224,ロシア,801.0
export,2023,330410000,330410000,50105,中華人民共和国,4028673.0
export,2023,330410000,330410000,50106,台湾,748988.0
export,2023,330410000,330410000,50103,大韓民国,206341.0
export,2023,330410000,330410000,50205,英国,42376.0
export,2023,330410000,330410000,50108,香港,1109124.0
export,2023,330420000,330420000,50304,アメリカ合衆国,5184139.0
export,2023,330420000,330420000,50147,アラブ首長国連邦,5851.0
export,2023,330420000,330420000,50220,イタリア,4150.0
export,2023,330420000,330420000,50123,インド,827.0
export,2023,330420000,330420000,50118,インドネシア,221156.0
export,2023,330420000,330420000,50238,ウクライナ,3726.0
export,2023,330420000,330420000,50235,エストニア,1752.0
export,2023,330420000,330420000,50207,オランダ,7240.0
export,2023,330420000,330420000,50601,オーストラリア,166724.0
export,2023,330420000,330420000,50153,カザフスタン,400.0
export,2023,330420000,330420000,50302,カナダ,350940.0
export,2023,330420000,330420000,50120,カンボジア,61977.0
export,2023,330420000,330420000,50112,シンガポール,1441440.0
export,2023,330420000,330420000,50215,スイス,204294.0
export,2023,330420000,330420000,50203,スウェーデン,29315.0
export,2023,330420000,330420000,50111,タイ,386470.0
export,2023,330420000,330420000,50245,チェコ,161269.0
export,2023,330420000,330420000,50234,トルコ,642.0
export,2023,330420000,330420000,50213,ドイツ,496345.0
export,2023,330420000,330420000,50606,ニュージーランド,16195.0
export,2023,330420000,330420000,50135,バーレーン,990.0
export,2023,330420000,330420000,50117,フィリピン,267233.0
export,2023,330420000,330420000,50210,フランス,1703063.0
export,2023,330420000,330420000,50116,ブルネイ,311.0
export,2023,330420000,330420000,50110,ベトナム,216533.0
export,2023,330420000,330420000,50208,ベルギー,945444.0
export,2023,330420000,330420000,50129,マカオ,8638.0
export,2023,330420000,330420000,50113,マレーシア,207544.0
export,2023,330420000,330420000,50122,ミャンマー,37566.0
export,2023,330420000,330420000,50107,モンゴル,17769.0
export,2023,330420000,330420000,50121,ラオス,992.0
export,2023,330420000,330420000,50237,リトアニア,208.0
export,2023,330420000,330420000,50224,ロシア,2636.0
export,2023,330420000,330420000,50105,中華人民共和国,5312478.0
export,2023,330420000,330420000,50106,台湾,2084751.0
export,2023,330420000,330420000,50103,大韓民国,2516220.0
export,2023,330420000,330420000,50205,英国,292002.0
export,2023,330420000,330420000,50108,香港,4389960.0
export,2023,330430000,330430000,50304,アメリカ合衆国,31325.0
export,2023,330430000,330430000,50220,イタリア,13864.0
export,2023,330430000,330430000,50601,オーストラリア,785.0
export,2023,330430000,330430000,50302,カナダ,3368.0
export,2023,330430000,330430000,50112,シンガポール,7126.0
export,2023,330430000,330430000,50218,スペイン,1320.0
export,2023,330430000,330430000,50246,スロバキア,6017.0
export,2023,330430000,330430000,50111,タイ,11107.0
export,2023,330430000,330430000,50245,チェコ,9225.0
export,2023,330430000,330430000,50227,ハンガリー,1417.0
export,2023,330430000,330430000,50110,ベトナム,1287.0
export,2023,330430000,330430000,50223,ポーランド,22117.0
export,2023,330430000,330430000,50224,ロシア,19967.0
export,2023,330430000,330430000,50105,中華人民共和国,72664.0
export,2023,330430000,330430000,50106,台湾,230571.0
export,2023,330430000,330430000,50103,大韓民国,43885.0
export,2023,330430000,330430000,50205,英国,1010.0
export,2023,330430000,330430000,50108,香港,109454.0
export,2023,330491000,330491000,50304,アメリカ合衆国,618208.0
export,2023,330491000,330491000,50147,アラブ首長国連邦,11592.0
export,2023,330491000,330491000,50123,インド,6752.0
export,2023,330491000,330491000,50118,インドネシア,32900.0
export,2023,330491000,330491000,50235,エストニア,1045.0
export,2023,330491000,330491000,50207,オランダ,4881.0
export,2023,330491000,330491000,50601,オーストラリア,39759.0
export,2023,330491000,330491000,50302,カナダ,75431.0
export,2023,330491000,330491000,50120,カンボジア,9723.0
export,2023,330491000,330491000,50112,シンガポール,1362504.0
export,2023,330491000,330491000,50215,スイス,73693.0
export,2023,330491000,330491000,50111,タイ,490833.0
export,2023,330491000,330491000,50245,チェコ,94851.0
export,2023,330491000,330491000,50213,ドイツ,547891.0
export,2023,330491000,330491000,50606,ニュージーランド,4187.0
export,2023,330491000,330491000,50227,ハンガリー,375.0
export,2023,330491000,330491000,50117,フィリピン,111753.0
export,2023,330491000,330491000,50210,フランス,259061.0
export,2023,330491000,330491000,50110,ベトナム,115494.0
export,2023,330491000,330491000,50208,ベルギー,350826.0
export,2023,330491000,330491000,50129,マカオ,110924.0
export,2023,330491000,330491000,50113,マレーシア,48694.0
export,2023,330491000,330491000,50122,ミャンマー,8740.0
export,2023,330491000,330491000,50107,モンゴル,11120.0
export,2023,330491000,330491000,50121,ラオス,3791.0
export,2023,330491000,330491000,50237,リトアニア,236.0
export,2023,330491000,330491000,50231,ルーマニア,300.0
export,2023,330491000,330491000,50224,ロシア,1259.0
export,2023,330491000,330491000,50105,中華人民共和国,12048236.0
export,2023,330491000,330491000,50106,台湾,773231.0
export,2023,330491000,330491000,50103,大韓民国,478919.0
export,2023,330491000,330491000,50205,英国,129134.0
export,2023,330491000,330491000,50108,香港,7202450.0
export,2023,330499100,330499100,50304,アメリカ合衆国,808887.0
export,2023,330499100,330499100,50147,アラブ首長国連邦,24127.0
export,2023,330499100,330499100,50143,イスラエル,1253.0
export,2023,330499100,330499100,50220,イタリア,19845.0
export,2023,330499100,330499100,50123,インド,9057.0
export,2023,330499100,330499100,50118,インドネシア,52994.0
export,2023,330499100,330499100,50238,ウクライナ,724.0
export,2023,330499100,330499100,50235,エストニア,294.0
export,2023,330499100,330499100,50207,オランダ,1735.0
export,2023,330499100,330499100,50601,オーストラリア,64801.0
export,2023,330499100,330499100,50153,カザフスタン,278.0
export,2023,330499100,330499100,50302,カナダ,162484.0
export,2023,330499100,330499100,50120,カンボジア,1082.0
export,2023,330499100,330499100,50154,キルギス,324.0
export,2023,330499100,330499100,50138,クウェート,429.0
export,2023,330499100,330499100,50112,シンガポール,13534611.0
export,2023,330499100,330499100,50215,スイス,77876.0
export,2023,330499100,330499100,50111,タイ,288356.0
export,2023,330499100,330499100,50245,チェコ,1440.0
export,2023,330499100,330499100,50213,ドイツ,467693.0
export,2023,330499100,330499100,50606,ニュージーランド,22182.0
export,2023,330499100,330499100,50117,フィリピン,22770.0
export,2023,330499100,330499100,50210,フランス,1821011.0
export,2023,330499100,330499100,50410,ブラジル,19481.0
export,2023,330499100,330499100,50110,ベトナム,74030.0
export,2023,330499100,330499100,50208,ベルギー,15988.0
export,2023,330499100,330499100,50223,ポーランド,19815.0
export,2023,330499100,330499100,50129,マカオ,44087.0
export,2023,330499100,330499100,50113,マレーシア,128939.0
export,2023,330499100,330499100,50122,ミャンマー,5982.0
export,2023,330499100,330499100,50107,モンゴル,27901.0
export,2023,330499100,330499100,50121,ラオス,1452.0
export,2023,330499100,330499100,50237,リトアニア,584.0
export,2023,330499100,330499100,50224,ロシア,3512.0
export,2023,330499100,330499100,50105,中華人民共和国,13238542.0
export,2023,330499100,330499100,50106,台湾,1316353.0
export,2023,330499100,330499100,50103,大韓民国,1263093.0
export,2023,330499100,330499100,50205,英国,57772.0
export,2023,330499100,330499100,50108,香港,4894342.0
export,2023,330499200,330499200,50201,アイスランド,1154.0
export,2023,330499200,330499200,50150,アゼルバイジャン,914.0
export,2023,330499200,330499200,50304,アメリカ合衆国,3462917.0
export,2023,330499200,330499200,50147,アラブ首長国連邦,61654.0
export,2023,330499200,330499200,50229,アルバニア,2004.0
export,2023,330499200,330499200,50143,イスラエル,1833.0
export,2023,330499200,330499200,50220,イタリア,611.0
export,2023,330499200,330499200,50123,インド,39342.0
export,2023,330499200,330499200,50118,インドネシア,401423.0
export,2023,330499200,330499200,50238,ウクライナ,9676.0
export,2023,330499200,330499200,50152,ウズベキスタン,8380.0
export,2023,330499200,330499200,50235,エストニア,24402.0
export,2023,330499200,330499200,50207,オランダ,35450.0
export,2023,330499200,330499200,50601,オーストラリア,268290.0
export,2023,330499200,330499200,50153,カザフスタン,31929.0
export,2023,330499200,330499200,50302,カナダ,409757.0
export,2023,330499200,330499200,50120,カンボジア,37330.0
export,2023,330499200,330499200,50154,キルギス,16311.0
export,2023,330499200,330499200,50138,クウェート,2184.0
export,2023,330499200,330499200,50137,サウジアラビア,455.0
export,2023,330499200,330499200,50112,シンガポール,14631122.0
export,2023,330499200,330499200,50157,ジョージア,334.0
export,2023,330499200,330499200,50215,スイス,20632.0
export,2023,330499200,330499200,50125,スリランカ,656.0
export,2023,330499200,330499200,50246,スロバキア,537.0
export,2023,330499200,330499200,50242,スロベニア,347.0
export,2023,330499200,330499200,50111,タイ,1260917.0
export,2023,330499200,330499200,50245,チェコ,1225.0
export,2023,330499200,330499200,50204,デンマーク,25540.0
export,2023,330499200,330499200,50156,トルクメニスタン,3696.0
export,2023,330499200,330499200,50234,トルコ,13049.0
export,2023,330499200,330499200,50213,ドイツ,1756094.0
export,2023,330499200,330499200,50524,ナイジェリア,2051.0
export,2023,330499200,330499200,50606,ニュージーランド,346526.0
export,2023,330499200,330499200,50131,ネパール,2250.0
export,2023,330499200,330499200,50202,ノルウェー,7838.0
export,2023,330499200,330499200,50227,ハンガリー,814.0
export,2023,330499200,330499200,50127,バングラデシュ,386.0
export,2023,330499200,330499200,50135,バーレーン,800.0
export,2023,330499200,330499200,50117,フィリピン,107059.0
export,2023,330499200,330499200,50210,フランス,1368237.0
export,2023,330499200,330499200,50116,ブルネイ,497.0
export,2023,330499200,330499200,50110,ベトナム,1194817.0
export,2023,330499200,330499200,50208,ベルギー,888.0
export,2023,330499200,330499200,50223,ポーランド,6327.0
export,2023,330499200,330499200,50129,マカオ,140123.0
export,2023,330499200,330499200,50113,マレーシア,564423.0
export,2023,330499200,330499200,50122,ミャンマー,17789.0
export,2023,330499200,330499200,50305,メキシコ,1593.0
export,2023,330499200,330499200,50107,モンゴル,87559.0
export,2023,330499200,330499200,50121,ラオス,43046.0
export,2023,330499200,330499200,50236,ラトビア,3057.0
export,2023,330499200,330499200,50237,リトアニア,4091.0
export,2023,330499200,330499200,50209,ルクセンブルク,349.0
export,2023,330499200,330499200,50224,ロシア,127204.0
export,2023,330499200,330499200,50105,中華人民共和国,50598137.0
export,2023,330499200,330499200,50106,台湾,4929183.0
export,2023,330499200,330499200,50103,大韓民国,5597008.0
export,2023,330499200,330499200,50205,英国,300343.0
export,2023,330499200,330499200,50108,香港,10446775.0
export,2023,330499900,330499900,50201,アイスランド,3159.0
export,2023,330499900,330499900,50150,アゼルバイジャン,1040.0
export,2023,330499900,330499900,50304,アメリカ合衆国,9101742.0
export,2023,330499900,330499900,50147,アラブ首長国連邦,216702.0
export,2023,330499900,330499900,50143,イスラエル,6294.0
export,2023,330499900,330499900,50220,イタリア,21917.0
export,2023,330499900,330499900,50123,インド,71156.0
export,2023,330499900,330499900,50118,インドネシア,1055638.0
export,2023,330499900,330499900,50238,ウクライナ,34795.0
export,2023,330499900,330499900,50152,ウズベキスタン,22527.0
export,2023,330499900,330499900,50235,エストニア,22993.0
export,2023,330499900,330499900,50207,オランダ,99580.0
export,2023,330499900,330499900,50601,オーストラリア,626899.0
export,2023,330499900,330499900,50153,カザフスタン,82685.0
export,2023,330499900,330499900,50302,カナダ,1161065.0
export,2023,330499900,330499900,50523,カナリー諸島(西),50094.0
export,2023,330499900,330499900,50120,カンボジア,165785.0
export,2023,330499900,330499900,50233,キプロス,247.0
export,2023,330499900,330499900,50154,キルギス,38575.0
export,2023,330499900,330499900,50230,ギリシャ,651.0
export,2023,330499900,330499900,50138,クウェート,5326.0
export,2023,330499900,330499900,50620,グアム(米),488.0
export,2023,330499900,330499900,50137,サウジアラビア,57964.0
export,2023,330499900,330499900,50112,シンガポール,33712832.0
export,2023,330499900,330499900,50215,スイス,3048276.0
export,2023,330499900,330499900,50203,スウェーデン,20353.0
export,2023,330499900,330499900,50218,スペイン,55847.0
export,2023,330499900,330499900,50125,スリランカ,2057.0
export,2023,330499900,330499900,50246,スロバキア,7146.0
export,2023,330499900,330499900,50242,スロベニア,700.0
export,2023,330499900,330499900,50111,タイ,4387341.0
export,2023,330499900,330499900,50245,チェコ,195689.0
export,2023,330499900,330499900,50204,デンマーク,205.0
export,2023,330499900,330499900,50156,トルクメニスタン,7706.0
export,2023,330499900,330499900,50234,トルコ,33580.0
export,2023,330499900,330499900,50213,ドイツ,2621069.0
export,2023,330499900,330499900,50524,ナイジェリア,104829.0
export,2023,330499900,330499900,50606,ニュージーランド,347280.0
export,2023,330499900,330499900,50131,ネパール,9417.0
export,2023,330499900,330499900,50202,ノルウェー,38149.0
export,2023,330499900,330499900,50227,ハンガリー,1173.0
export,2023,330499900,330499900,50611,バヌアツ,240.0
export,2023,330499900,330499900,50127,バングラデシュ,4606.0
export,2023,330499900,330499900,50135,バーレーン,210.0
export,2023,330499900,330499900,50411,パラグアイ,299.0
export,2023,330499900,330499900,50117,フィリピン,270307.0
export,2023,330499900,330499900,50210,フランス,1712564.0
export,2023,330499900,330499900,50410,ブラジル,189131.0
export,2023,330499900,330499900,50232,ブルガリア,292.0
export,2023,330499900,330499900,50116,ブルネイ,201.0
export,2023,330499900,330499900,50132,ブータン,242.0
export,2023,330499900,330499900,50110,ベトナム,4754458.0
export,2023,330499900,330499900,50208,ベルギー,2076763.0
export,2023,330499900,330499900,50217,ポルトガル,1136.0
export,2023,330499900,330499900,50223,ポーランド,167569.0
export,2023,330499900,330499900,50129,マカオ,637289.0
export,2023,330499900,330499900,50113,マレーシア,2047627.0
export,2023,330499900,330499900,50122,ミャンマー,72142.0
export,2023,330499900,330499900,50305,メキシコ,12790.0
export,2023,330499900,330499900,50126,モルディブ,845.0
export,2023,330499900,330499900,50240,モルドバ,2339.0
export,2023,330499900,330499900,50107,モンゴル,263501.0
export,2023,330499900,330499900,50547,モーリシャス,604.0
export,2023,330499900,330499900,50509,モーリタニア,204.0
export,2023,330499900,330499900,50121,ラオス,185821.0
export,2023,330499900,330499900,50236,ラトビア,5556.0
export,2023,330499900,330499900,50237,リトアニア,20990.0
export,2023,330499900,330499900,50146,レバノン,737.0
export,2023,330499900,330499900,50224,ロシア,250521.0
export,2023,330499900,330499900,50105,中華人民共和国,163229717.0
export,2023,330499900,330499900,50244,北マケドニア,1783.0
export,2023,330499900,330499900,50551,南アフリカ共和国,992.0
export,2023,330499900,330499900,50106,台湾,15137766.0
export,2023,330499900,330499900,50103,大韓民国,16948254.0
export,2023,330499900,330499900,50205,英国,511681.0
export,2023,330499900,330499900,50108,香港,44101909.0
export,2024,330410000,330410000,50304,アメリカ合衆国,1227175.0
export,2024,330410000,330410000,50147,アラブ首長国連邦,3061.0
export,2024,330410000,330410000,50123,インド,33200.0
export,2024,330410000,330410000,50118,インドネシア,32471.0
export,2024,330410000,330410000,50238,ウクライナ,302.0
export,2024,330410000,330410000,50207,オランダ,772.0
export,2024,330410000,330410000,50601,オーストラリア,32314.0
export,2024,330410000,330410000,50302,カナダ,62717.0
export,2024,330410000,330410000,50120,カンボジア,1794.0
export,2024,330410000,330410000,50620,グアム(米),269.0
export,2024,330410000,330410000,50112,シンガポール,996303.0
export,2024,330410000,330410000,50215,スイス,35190.0
export,2024,330410000,330410000,50111,タイ,251960.0
export,2024,330410000,330410000,50245,チェコ,11294.0
export,2024,330410000,330410000,50213,ドイツ,484243.0
export,2024,330410000,330410000,50606,ニュージーランド,21044.0
export,2024,330410000,330410000,50127,バングラデシュ,265.0
export,2024,330410000,330410000,50117,フィリピン,29870.0
export,2024,330410000,330410000,50210,フランス,641551.0
export,2024,330410000,330410000,50110,ベトナム,344939.0
export,2024,330410000,330410000,50208,ベルギー,66319.0
export,2024,330410000,330410000,50129,マカオ,12624.0
export,2024,330410000,330410000,50113,マレーシア,82275.0
export,2024,330410000,330410000,50122,ミャンマー,3170.0
export,2024,330410000,330410000,50240,モルドバ,362.0
export,2024,330410000,330410000,50107,モンゴル,20751.0
export,2024,330410000,330410000,50121,ラオス,613.0
export,2024,330410000,330410000,50224,ロシア,4421.0
export,2024,330410000,330410000,50105,中華人民共和国,4613946.0
export,2024,330410000,330410000,50106,台湾,981281.0
export,2024,330410000,330410000,50103,大韓民国,294411.0
export,2024,330410000,330410000,50205,英国,66085.0
export,2024,330410000,330410000,50108,香港,1148222.0
export,2024,330420000,330420000,50304,アメリカ合衆国,4336055.0
export,2024,330420000,330420000,50147,アラブ首長国連邦,5166.0
export,2024,330420000,330420000,50220,イタリア,1612.0
export,2024,330420000,330420000,50123,インド,2493.0
export,2024,330420000,330420000,50118,インドネシア,201978.0
export,2024,330420000,330420000,50238,ウクライナ,1271.0
export,2024,330420000,330420000,50207,オランダ,566.0
export,2024,330420000,330420000,50601,オーストラリア,188113.0
export,2024,330420000,330420000,50153,カザフスタン,303.0
export,2024,330420000,330420000,50302,カナダ,385814.0
export,2024,330420000,330420000,50120,カンボジア,18477.0
export,2024,330420000,330420000,50620,グアム(米),2389.0
export,2024,330420000,330420000,50112,シンガポール,1090607.0
export,2024,330420000,330420000,50215,スイス,137575.0
export,2024,330420000,330420000,50203,スウェーデン,25240.0
export,2024,330420000,330420000,50218,スペイン,387.0
export,2024,330420000,330420000,50111,タイ,482184.0
export,2024,330420000,330420000,50245,チェコ,147109.0
export,2024,330420000,330420000,50234,トルコ,981.0
export,2024,330420000,330420000,50213,ドイツ,610726.0
export,2024,330420000,330420000,50606,ニュージーランド,15515.0
export,2024,330420000,330420000,50117,フィリピン,178743.0
export,2024,330420000,330420000,50210,フランス,1736601.0
export,2024,330420000,330420000,50116,ブルネイ,233.0
export,2024,330420000,330420000,50110,ベトナム,281940.0
export,2024,330420000,330420000,50208,ベルギー,754315.0
export,2024,330420000,330420000,50223,ポーランド,724.0
export,2024,330420000,330420000,50129,マカオ,305.0
export,2024,330420000,330420000,50113,マレーシア,207355.0
export,2024,330420000,330420000,50122,ミャンマー,12351.0
export,2024,330420000,330420000,50305,メキシコ,360.0
export,2024,330420000,330420000,50107,モンゴル,29939.0
export,2024,330420000,330420000,50121,ラオス,1411.0
export,2024,330420000,330420000,50237,リトアニア,247.0
export,2024,330420000,330420000,50224,ロシア,7604.0
export,2024,330420000,330420000,50105,中華人民共和国,3769104.0
export,2024,330420000,330420000,50106,台湾,1748191.0
export,2024,330420000,330420000,50103,大韓民国,2563232.0
export,2024,330420000,330420000,50205,英国,280220.0
export,2024,330420000,330420000,50108,香港,2128272.0
export,2024,330430000,330430000,50304,アメリカ合衆国,28463.0
export,2024,330430000,330430000,50601,オーストラリア,7564.0
export,2024,330430000,330430000,50302,カナダ,5937.0
export,2024,330430000,330430000,50112,シンガポール,2260.0
export,2024,330430000,330430000,50246,スロバキア,2045.0
export,2024,330430000,330430000,50111,タイ,7999.0
export,2024,330430000,330430000,50245,チェコ,9233.0
export,2024,330430000,330430000,50606,ニュージーランド,1042.0
export,2024,330430000,330430000,50227,ハンガリー,1287.0
export,2024,330430000,330430000,50210,フランス,1665.0
export,2024,330430000,330430000,50110,ベトナム,2082.0
export,2024,330430000,330430000,50223,ポーランド,36506.0
export,2024,330430000,330430000,50224,ロシア,29733.0
export,2024,330430000,330430000,50105,中華人民共和国,61371.0
export,2024,330430000,330430000,50551,南アフリカ共和国,570.0
export,2024,330430000,330430000,50106,台湾,215943.0
export,2024,330430000,330430000,50103,大韓民国,33848.0
export,2024,330430000,330430000,50205,英国,7363.0
export,2024,330430000,330430000,50108,香港,71190.0
export,2024,330491000,330491000,50304,アメリカ合衆国,561195.0
export,2024,330491000,330491000,50147,アラブ首長国連邦,2435.0
export,2024,330491000,330491000,50123,インド,1390.0
export,2024,330491000,330491000,50118,インドネシア,42523.0
export,2024,330491000,330491000,50235,エストニア,2531.0
export,2024,330491000,330491000,50207,オランダ,1880.0
export,2024,330491000,330491000,50601,オーストラリア,49888.0
export,2024,330491000,330491000,50302,カナダ,67936.0
export,2024,330491000,330491000,50120,カンボジア,5863.0
export,2024,330491000,330491000,50112,シンガポール,844834.0
export,2024,330491000,330491000,50215,スイス,43238.0
export,2024,330491000,330491000,50111,タイ,584535.0
export,2024,330491000,330491000,50245,チェコ,110583.0
export,2024,330491000,330491000,50213,ドイツ,400110.0
export,2024,330491000,330491000,50606,ニュージーランド,9528.0
export,2024,330491000,330491000,50117,フィリピン,293899.0
export,2024,330491000,330491000,50210,フランス,357533.0
export,2024,330491000,330491000,50110,ベトナム,127194.0
export,2024,330491000,330491000,50208,ベルギー,295430.0
export,2024,330491000,330491000,50223,ポーランド,2389.0
export,2024,330491000,330491000,50129,マカオ,72733.0
export,2024,330491000,330491000,50113,マレーシア,94039.0
export,2024,330491000,330491000,50122,ミャンマー,8023.0
export,2024,330491000,330491000,50107,モンゴル,16087.0
export,2024,330491000,330491000,50121,ラオス,1503.0
export,2024,330491000,330491000,50237,リトアニア,834.0
export,2024,330491000,330491000,50224,ロシア,3620.0
export,2024,330491000,330491000,50105,中華人民共和国,12449669.0
export,2024,330491000,330491000,50106,台湾,945647.0
export,2024,330491000,330491000,50103,大韓民国,641770.0
export,2024,330491000,330491000,50205,英国,129373.0
export,2024,330491000,330491000,50108,香港,5721974.0
export,2024,330499100,330499100,50304,アメリカ合衆国,803892.0
export,2024,330499100,330499100,50147,アラブ首長国連邦,6376.0
export,2024,330499100,330499100,50143,イスラエル,1431.0
export,2024,330499100,330499100,50220,イタリア,70213.0
export,2024,330499100,330499100,50123,インド,54642.0
export,2024,330499100,330499100,50118,インドネシア,65519.0
export,2024,330499100,330499100,50238,ウクライナ,637.0
export,2024,330499100,330499100,50207,オランダ,365.0
export,2024,330499100,330499100,50601,オーストラリア,136931.0
export,2024,330499100,330499100,50302,カナダ,104328.0
export,2024,330499100,330499100,50120,カンボジア,457.0
export,2024,330499100,330499100,50154,キルギス,547.0
export,2024,330499100,330499100,50241,クロアチア,310.0
export,2024,330499100,330499100,50112,シンガポール,13759429.0
export,2024,330499100,330499100,50215,スイス,13583.0
export,2024,330499100,330499100,50111,タイ,445168.0
export,2024,330499100,330499100,50213,ドイツ,623581.0
export,2024,330499100,330499100,50524,ナイジェリア,621.0
export,2024,330499100,330499100,50606,ニュージーランド,47550.0
export,2024,330499100,330499100,50227,ハンガリー,260.0
export,2024,330499100,330499100,50117,フィリピン,25804.0
export,2024,330499100,330499100,50210,フランス,3871482.0
export,2024,330499100,330499100,50410,ブラジル,147923.0
export,2024,330499100,330499100,50132,ブータン,324.0
export,2024,330499100,330499100,50110,ベトナム,95180.0
export,2024,330499100,330499100,50208,ベルギー,3139.0
export,2024,330499100,330499100,50223,ポーランド,44087.0
export,2024,330499100,330499100,50129,マカオ,22378.0
export,2024,330499100,330499100,50113,マレーシア,201086.0
export,2024,330499100,330499100,50122,ミャンマー,11218.0
export,2024,330499100,330499100,50240,モルドバ,244.0
export,2024,330499100,330499100,50107,モンゴル,27321.0
export,2024,330499100,330499100,50121,ラオス,1071.0
export,2024,330499100,330499100,50224,ロシア,10060.0
export,2024,330499100,330499100,50105,中華人民共和国,15114752.0
export,2024,330499100,330499100,50106,台湾,1354538.0
export,2024,330499100,330499100,50103,大韓民国,1229907.0
export,2024,330499100,330499100,50205,英国,157392.0
export,2024,330499100,330499100,50108,香港,4457941.0
export,2024,330499200,330499200,50150,アゼルバイジャン,628.0
export,2024,330499200,330499200,50304,アメリカ合衆国,4662927.0
export,2024,330499200,330499200,50147,アラブ首長国連邦,87432.0
export,2024,330499200,330499200,50229,アルバニア,5580.0
export,2024,330499200,330499200,50151,アルメニア,499.0
export,2024,330499200,330499200,50220,イタリア,1257.0
export,2024,330499200,330499200,50134,イラク,305.0
export,2024,330499200,330499200,50123,インド,39158.0
export,2024,330499200,330499200,50118,インドネシア,459612.0
export,2024,330499200,330499200,50238,ウクライナ,14879.0
export,2024,330499200,330499200,50152,ウズベキスタン,2460.0
export,2024,330499200,330499200,50235,エストニア,23234.0
export,2024,330499200,330499200,50207,オランダ,69762.0
export,2024,330499200,330499200,50601,オーストラリア,339829.0
export,2024,330499200,330499200,50153,カザフスタン,13169.0
export,2024,330499200,330499200,50140,カタール,932.0
export,2024,330499200,330499200,50302,カナダ,312946.0
export,2024,330499200,330499200,50120,カンボジア,84020.0
export,2024,330499200,330499200,50154,キルギス,23224.0
export,2024,330499200,330499200,50138,クウェート,667.0
export,2024,330499200,330499200,50241,クロアチア,241.0
export,2024,330499200,330499200,50620,グアム(米),2970.0
export,2024,330499200,330499200,50541,ケニア,867.0
export,2024,330499200,330499200,50137,サウジアラビア,796.0
export,2024,330499200,330499200,50112,シンガポール,9086575.0
export,2024,330499200,330499200,50215,スイス,38939.0
export,2024,330499200,330499200,50218,スペイン,10414.0
export,2024,330499200,330499200,50125,スリランカ,2097.0
export,2024,330499200,330499200,50111,タイ,1332331.0
export,2024,330499200,330499200,50155,タジキスタン,790.0
export,2024,330499200,330499200,50245,チェコ,20491.0
export,2024,330499200,330499200,50204,デンマーク,13052.0
export,2024,330499200,330499200,50234,トルコ,15370.0
export,2024,330499200,330499200,50213,ドイツ,1686178.0
export,2024,330499200,330499200,50606,ニュージーランド,285486.0
export,2024,330499200,330499200,50131,ネパール,5273.0
export,2024,330499200,330499200,50202,ノルウェー,6515.0
export,2024,330499200,330499200,50227,ハンガリー,4109.0
export,2024,330499200,330499200,50127,バングラデシュ,616.0
export,2024,330499200,330499200,50117,フィリピン,90684.0
export,2024,330499200,330499200,50210,フランス,1279729.0
export,2024,330499200,330499200,50410,ブラジル,6246.0
export,2024,330499200,330499200,50232,ブルガリア,328.0
export,2024,330499200,330499200,50116,ブルネイ,485.0
export,2024,330499200,330499200,50110,ベトナム,1684751.0
export,2024,330499200,330499200,50208,ベルギー,411428.0
export,2024,330499200,330499200,50223,ポーランド,9334.0
export,2024,330499200,330499200,50129,マカオ,101610.0
export,2024,330499200,330499200,50113,マレーシア,679190.0
export,2024,330499200,330499200,50122,ミャンマー,26913.0
export,2024,330499200,330499200,50107,モンゴル,128428.0
export,2024,330499200,330499200,50509,モーリタニア,2814.0
export,2024,330499200,330499200,50121,ラオス,48146.0
export,2024,330499200,330499200,50236,ラトビア,4270.0
export,2024,330499200,330499200,50237,リトアニア,4977.0
export,2024,330499200,330499200,50231,ルーマニア,1413.0
export,2024,330499200,330499200,50146,レバノン,837.0
export,2024,330499200,330499200,50224,ロシア,158356.0
export,2024,330499200,330499200,50105,中華人民共和国,37683413.0
export,2024,330499200,330499200,50244,北マケドニア,589.0
export,2024,330499200,330499200,50551,南アフリカ共和国,369.0
export,2024,330499200,330499200,50106,台湾,4526909.0
export,2024,330499200,330499200,50103,大韓民国,4460694.0
export,2024,330499200,330499200,50205,英国,410279.0
export,2024,330499200,330499200,50108,香港,9305739.0
export,2024,330499900,330499900,50201,アイスランド,2700.0
export,2024,330499900,330499900,50150,アゼルバイジャン,1320.0
export,2024,330499900,330499900,50304,アメリカ合衆国,9979846.0
export,2024,330499900,330499900,50147,アラブ首長国連邦,286418.0
export,2024,330499900,330499900,50229,アルバニア,3218.0
export,2024,330499900,330499900,50151,アルメニア,539.0
export,2024,330499900,330499900,50143,イスラエル,17334.0
export,2024,330499900,330499900,50220,イタリア,12470.0
export,2024,330499900,330499900,50134,イラク,8883.0
export,2024,330499900,330499900,50133,イラン,450.0
export,2024,330499900,330499900,50123,インド,102367.0
export,2024,330499900,330499900,50118,インドネシア,1223102.0
export,2024,330499900,330499900,50238,ウクライナ,33817.0
export,2024,330499900,330499900,50152,ウズベキスタン,9544.0
export,2024,330499900,330499900,50235,エストニア,23633.0
export,2024,330499900,330499900,50207,オランダ,133889.0
export,2024,330499900,330499900,50601,オーストラリア,677625.0
export,2024,330499900,330499900,50225,オーストリア,1354.0
export,2024,330499900,330499900,50153,カザフスタン,48360.0
export,2024,330499900,330499900,50140,カタール,1630.0
export,2024,330499900,330499900,50302,カナダ,649552.0
export,2024,330499900,330499900,50120,カンボジア,190081.0
export,2024,330499900,330499900,50154,キルギス,53742.0
export,2024,330499900,330499900,50230,ギリシャ,867.0
export,2024,330499900,330499900,50138,クウェート,7185.0
export,2024,330499900,330499900,50241,クロアチア,269.0
export,2024,330499900,330499900,50620,グアム(米),13499.0
export,2024,330499900,330499900,50248,コソボ,563.0
export,2024,330499900,330499900,50137,サウジアラビア,93241.0
export,2024,330499900,330499900,50112,シンガポール,26542005.0
export,2024,330499900,330499900,50157,ジョージア,213.0
export,2024,330499900,330499900,50215,スイス,1057953.0
export,2024,330499900,330499900,50203,スウェーデン,33131.0
export,2024,330499900,330499900,50218,スペイン,136769.0
export,2024,330499900,330499900,50125,スリランカ,2948.0
export,2024,330499900,330499900,50246,スロバキア,671.0
export,2024,330499900,330499900,50111,タイ,6123031.0
export,2024,330499900,330499900,50155,タジキスタン,846.0
export,2024,330499900,330499900,50245,チェコ,400680.0
export,2024,330499900,330499900,50409,チリ,675.0
export,2024,330499900,330499900,50204,デンマーク,477.0
export,2024,330499900,330499900,50234,トルコ,43301.0
export,2024,330499900,330499900,50213,ドイツ,2949189.0
export,2024,330499900,330499900,50524,ナイジェリア,257505.0
export,2024,330499900,330499900,50606,ニュージーランド,388647.0
export,2024,330499900,330499900,50131,ネパール,17033.0
export,2024,330499900,330499900,50202,ノルウェー,26616.0
export,2024,330499900,330499900,50611,バヌアツ,261.0
export,2024,330499900,330499900,50127,バングラデシュ,6998.0
export,2024,330499900,330499900,50117,フィリピン,410584.0
export,2024,330499900,330499900,50210,フランス,2091282.0
export,2024,330499900,330499900,50410,ブラジル,269402.0
export,2024,330499900,330499900,50232,ブルガリア,1653.0
export,2024,330499900,330499900,50116,ブルネイ,369.0
export,2024,330499900,330499900,50132,ブータン,1610.0
export,2024,330499900,330499900,50324,プエルトリコ(米),101948.0
export,2024,330499900,330499900,50110,ベトナム,4721056.0
export,2024,330499900,330499900,50208,ベルギー,2549973.0
export,2024,330499900,330499900,50223,ポーランド,148438.0
export,2024,330499900,330499900,50129,マカオ,560619.0
export,2024,330499900,330499900,50113,マレーシア,2371832.0
export,2024,330499900,330499900,50122,ミャンマー,128653.0
export,2024,330499900,330499900,50305,メキシコ,9524.0
export,2024,330499900,330499900,50126,モルディブ,648.0
export,2024,330499900,330499900,50240,モルドバ,2150.0
export,2024,330499900,330499900,50107,モンゴル,366433.0
export,2024,330499900,330499900,50509,モーリタニア,480.0
export,2024,330499900,330499900,50121,ラオス,117889.0
export,2024,330499900,330499900,50236,ラトビア,8938.0
export,2024,330499900,330499900,50237,リトアニア,32670.0
export,2024,330499900,330499900,50231,ルーマニア,1387.0
export,2024,330499900,330499900,50146,レバノン,4291.0
export,2024,330499900,330499900,50224,ロシア,274821.0
export,2024,330499900,330499900,50105,中華人民共和国,122442366.0
export,2024,330499900,330499900,50551,南アフリカ共和国,552.0
export,2024,330499900,330499900,50106,台湾,15195133.0
export,2024,330499900,330499900,50103,大韓民国,7512881.0
export,2024,330499900,330499900,50205,英国,781656.0
export,2024,330499900,330499900,50108,香港,31374397.0
export,2025,330410000,330410000,50304,アメリカ合衆国,747181.0
export,2025,330410000,330410000,50123,インド,4305.0
export,2025,330410000,330410000,50118,インドネシア,32681.0
export,2025,330410000,330410000,50152,ウズベキスタン,1274.0
export,2025,330410000,330410000,50207,オランダ,425.0
export,2025,330410000,330410000,50601,オーストラリア,63626.0
export,2025,330410000,330410000,50302,カナダ,33008.0
export,2025,330410000,330410000,50120,カンボジア,204.0
export,2025,330410000,330410000,50137,サウジアラビア,5481.0
export,2025,330410000,330410000,50112,シンガポール,794736.0
export,2025,330410000,330410000,50215,スイス,212902.0
export,2025,330410000,330410000,50111,タイ,320566.0
export,2025,330410000,330410000,50245,チェコ,12090.0
export,2025,330410000,330410000,50504,チュニジア,2889.0
export,2025,330410000,330410000,50204,デンマーク,2619.0
export,2025,330410000,330410000,50234,トルコ,233.0
export,2025,330410000,330410000,50213,ドイツ,512099.0
export,2025,330410000,330410000,50606,ニュージーランド,8357.0
export,2025,330410000,330410000,50117,フィリピン,46938.0
export,2025,330410000,330410000,50210,フランス,542052.0
export,2025,330410000,330410000,50410,ブラジル,14008.0
export,2025,330410000,330410000,50110,ベトナム,290632.0
export,2025,330410000,330410000,50208,ベルギー,37881.0
export,2025,330410000,330410000,50129,マカオ,2072.0
export,2025,330410000,330410000,50113,マレーシア,64553.0
export,2025,330410000,330410000,50122,ミャンマー,611.0
export,2025,330410000,330410000,50107,モンゴル,17801.0
export,2025,330410000,330410000,50121,ラオス,416.0
export,2025,330410000,330410000,50237,リトアニア,300.0
export,2025,330410000,330410000,50224,ロシア,978.0
export,2025,330410000,330410000,50105,中華人民共和国,3766987.0
export,2025,330410000,330410000,50106,台湾,927514.0
export,2025,330410000,330410000,50103,大韓民国,237872.0
export,2025,330410000,330410000,50205,英国,66612.0
export,2025,330410000,330410000,50108,香港,1242831.0
export,2025,330420000,330420000,50304,アメリカ合衆国,4435411.0
export,2025,330420000,330420000,50147,アラブ首長国連邦,4217.0
export,2025,330420000,330420000,50123,インド,1194.0
export,2025,330420000,330420000,50118,インドネシア,194505.0
export,2025,330420000,330420000,50238,ウクライナ,1324.0
export,2025,330420000,330420000,50207,オランダ,2155.0
export,2025,330420000,330420000,50601,オーストラリア,272102.0
export,2025,330420000,330420000,50225,オーストリア,867.0
export,2025,330420000,330420000,50302,カナダ,172305.0
export,2025,330420000,330420000,50120,カンボジア,60750.0
export,2025,330420000,330420000,50154,キルギス,563.0
export,2025,330420000,330420000,50112,シンガポール,1097133.0
export,2025,330420000,330420000,50215,スイス,127750.0
export,2025,330420000,330420000,50203,スウェーデン,33117.0
export,2025,330420000,330420000,50111,タイ,513159.0
export,2025,330420000,330420000,50245,チェコ,237853.0
export,2025,330420000,330420000,50504,チュニジア,1651.0
export,2025,330420000,330420000,50234,トルコ,1844.0
export,2025,330420000,330420000,50213,ドイツ,501501.0
export,2025,330420000,330420000,50606,ニュージーランド,12238.0
export,2025,330420000,330420000,50131,ネパール,1072.0
export,2025,330420000,330420000,50117,フィリピン,97592.0
export,2025,330420000,330420000,50210,フランス,1609739.0
export,2025,330420000,330420000,50410,ブラジル,1051.0
export,2025,330420000,330420000,50116,ブルネイ,233.0
export,2025,330420000,330420000,50110,ベトナム,300841.0
export,2025,330420000,330420000,50208,ベルギー,751151.0
export,2025,330420000,330420000,50223,ポーランド,486.0
export,2025,330420000,330420000,50113,マレーシア,172658.0
export,2025,330420000,330420000,50122,ミャンマー,14232.0
export,2025,330420000,330420000,50126,モルディブ,459.0
export,2025,330420000,330420000,50107,モンゴル,44992.0
export,2025,330420000,330420000,50237,リトアニア,1234.0
export,2025,330420000,330420000,50209,ルクセンブルク,3500.0
export,2025,330420000,330420000,50146,レバノン,384.0
export,2025,330420000,330420000,50224,ロシア,4801.0
export,2025,330420000,330420000,50105,中華人民共和国,4033013.0
export,2025,330420000,330420000,50106,台湾,1481879.0
export,2025,330420000,330420000,50103,大韓民国,2424431.0
export,2025,330420000,330420000,50205,英国,89533.0
export,2025,330420000,330420000,50108,香港,2560865.0
export,2025,330430000,330430000,50304,アメリカ合衆国,51202.0
export,2025,330430000,330430000,50118,インドネシア,329.0
export,2025,330430000,330430000,50601,オーストラリア,10969.0
export,2025,330430000,330430000,50302,カナダ,12189.0
export,2025,330430000,330430000,50112,シンガポール,4296.0
export,2025,330430000,330430000,50215,スイス,263.0
export,2025,330430000,330430000,50246,スロバキア,2766.0
export,2025,330430000,330430000,50111,タイ,10475.0
export,2025,330430000,330430000,50245,チェコ,1570.0
export,2025,330430000,330430000,50227,ハンガリー,1515.0
export,2025,330430000,330430000,50117,フィリピン,219.0
export,2025,330430000,330430000,50210,フランス,1358.0
export,2025,330430000,330430000,50110,ベトナム,232.0
export,2025,330430000,330430000,50223,ポーランド,27148.0
export,2025,330430000,330430000,50107,モンゴル,580.0
export,2025,330430000,330430000,50237,リトアニア,469.0
export,2025,330430000,330430000,50224,ロシア,10923.0
export,2025,330430000,330430000,50105,中華人民共和国,95236.0
export,2025,330430000,330430000,50551,南アフリカ共和国,547.0
export,2025,330430000,330430000,50106,台湾,162774.0
export,2025,330430000,330430000,50103,大韓民国,35288.0
export,2025,330430000,330430000,50205,英国,15990.0
export,2025,330430000,330430000,50108,香港,64872.0
export,2025,330491000,330491000,50304,アメリカ合衆国,717905.0
export,2025,330491000,330491000,50147,アラブ首長国連邦,11466.0
export,2025,330491000,330491000,50123,インド,1388.0
export,2025,330491000,330491000,50118,インドネシア,33524.0
export,2025,330491000,330491000,50152,ウズベキスタン,243.0
export,2025,330491000,330491000,50235,エストニア,385.0
export,2025,330491000,330491000,50207,オランダ,1029.0
export,2025,330491000,330491000,50601,オーストラリア,80783.0
export,2025,330491000,330491000,50153,カザフスタン,1165.0
export,2025,330491000,330491000,50302,カナダ,33835.0
export,2025,330491000,330491000,50120,カンボジア,10124.0
export,2025,330491000,330491000,50154,キルギス,1234.0
export,2025,330491000,330491000,50112,シンガポール,1001218.0
export,2025,330491000,330491000,50215,スイス,21919.0
export,2025,330491000,330491000,50111,タイ,645680.0
export,2025,330491000,330491000,50245,チェコ,112887.0
export,2025,330491000,330491000,50234,トルコ,345.0
export,2025,330491000,330491000,50213,ドイツ,344397.0
export,2025,330491000,330491000,50606,ニュージーランド,9832.0
export,2025,330491000,330491000,50117,フィリピン,477798.0
export,2025,330491000,330491000,50210,フランス,511518.0
export,2025,330491000,330491000,50410,ブラジル,364.0
export,2025,330491000,330491000,50110,ベトナム,184269.0
export,2025,330491000,330491000,50208,ベルギー,298863.0
export,2025,330491000,330491000,50223,ポーランド,2245.0
export,2025,330491000,330491000,50129,マカオ,1200.0
export,2025,330491000,330491000,50113,マレーシア,93626.0
export,2025,330491000,330491000,50122,ミャンマー,17072.0
export,2025,330491000,330491000,50126,モルディブ,541.0
export,2025,330491000,330491000,50107,モンゴル,20375.0
export,2025,330491000,330491000,50121,ラオス,3843.0
export,2025,330491000,330491000,50237,リトアニア,18137.0
export,2025,330491000,330491000,50231,ルーマニア,300.0
export,2025,330491000,330491000,50224,ロシア,3564.0
export,2025,330491000,330491000,50105,中華人民共和国,10544792.0
export,2025,330491000,330491000,50106,台湾,941745.0
export,2025,330491000,330491000,50103,大韓民国,855245.0
export,2025,330491000,330491000,50205,英国,52302.0
export,2025,330491000,330491000,50108,香港,5908532.0
export,2025,330499100,330499100,50304,アメリカ合衆国,642318.0
export,2025,330499100,330499100,50147,アラブ首長国連邦,46102.0
export,2025,330499100,330499100,50143,イスラエル,1110.0
export,2025,330499100,330499100,50220,イタリア,17889.0
export,2025,330499100,330499100,50123,インド,13050.0
export,2025,330499100,330499100,50118,インドネシア,58168.0
export,2025,330499100,330499100,50238,ウクライナ,518.0
export,2025,330499100,330499100,50152,ウズベキスタン,777.0
export,2025,330499100,330499100,50235,エストニア,3050.0
export,2025,330499100,330499100,50601,オーストラリア,166083.0
export,2025,330499100,330499100,50302,カナダ,12104.0
export,2025,330499100,330499100,50120,カンボジア,1977.0
export,2025,330499100,330499100,50154,キルギス,336.0
export,2025,330499100,330499100,50112,シンガポール,8988414.0
export,2025,330499100,330499100,50215,スイス,227728.0
export,2025,330499100,330499100,50111,タイ,339297.0
export,2025,330499100,330499100,50245,チェコ,1443.0
export,2025,330499100,330499100,50504,チュニジア,3500.0
export,2025,330499100,330499100,50234,トルコ,1386.0
export,2025,330499100,330499100,50213,ドイツ,717388.0
export,2025,330499100,330499100,50524,ナイジェリア,721.0
export,2025,330499100,330499100,50606,ニュージーランド,22299.0
export,2025,330499100,330499100,50131,ネパール,4249.0
export,2025,330499100,330499100,50117,フィリピン,7743.0
export,2025,330499100,330499100,50210,フランス,3567275.0
export,2025,330499100,330499100,50410,ブラジル,42766.0
export,2025,330499100,330499100,50132,ブータン,576.0
export,2025,330499100,330499100,50110,ベトナム,159837.0
export,2025,330499100,330499100,50223,ポーランド,69301.0
export,2025,330499100,330499100,50113,マレーシア,149704.0
export,2025,330499100,330499100,50122,ミャンマー,8410.0
export,2025,330499100,330499100,50126,モルディブ,557.0
export,2025,330499100,330499100,50107,モンゴル,36161.0
export,2025,330499100,330499100,50231,ルーマニア,600.0
export,2025,330499100,330499100,50224,ロシア,13490.0
export,2025,330499100,330499100,50105,中華人民共和国,15289456.0
export,2025,330499100,330499100,50106,台湾,1239557.0
export,2025,330499100,330499100,50103,大韓民国,1339683.0
export,2025,330499100,330499100,50205,英国,401673.0
export,2025,330499100,330499100,50108,香港,5329223.0
export,2025,330499200,330499200,50201,アイスランド,864.0
export,2025,330499200,330499200,50150,アゼルバイジャン,1536.0
export,2025,330499200,330499200,50304,アメリカ合衆国,4498742.0
export,2025,330499200,330499200,50147,アラブ首長国連邦,100809.0
export,2025,330499200,330499200,50229,アルバニア,406.0
export,2025,330499200,330499200,50151,アルメニア,362.0
export,2025,330499200,330499200,50220,イタリア,4699.0
export,2025,330499200,330499200,50134,イラク,231.0
export,2025,330499200,330499200,50123,インド,27117.0
export,2025,330499200,330499200,50118,インドネシア,523108.0
export,2025,330499200,330499200,50238,ウクライナ,18298.0
export,2025,330499200,330499200,50152,ウズベキスタン,13176.0
export,2025,330499200,330499200,50235,エストニア,18871.0
export,2025,330499200,330499200,50309,エルサルバドル,556.0
export,2025,330499200,330499200,50207,オランダ,47577.0
export,2025,330499200,330499200,50601,オーストラリア,357508.0
export,2025,330499200,330499200,50153,カザフスタン,24672.0
export,2025,330499200,330499200,50302,カナダ,217984.0
export,2025,330499200,330499200,50120,カンボジア,90026.0
export,2025,330499200,330499200,50154,キルギス,15432.0
export,2025,330499200,330499200,50138,クウェート,611.0
export,2025,330499200,330499200,50620,グアム(米),4171.0
export,2025,330499200,330499200,50541,ケニア,2325.0
export,2025,330499200,330499200,50137,サウジアラビア,6118.0
export,2025,330499200,330499200,50112,シンガポール,8893938.0
export,2025,330499200,330499200,50215,スイス,1992737.0
export,2025,330499200,330499200,50218,スペイン,3567.0
export,2025,330499200,330499200,50125,スリランカ,3618.0
export,2025,330499200,330499200,50246,スロバキア,2356.0
export,2025,330499200,330499200,50111,タイ,1691843.0
export,2025,330499200,330499200,50155,タジキスタン,856.0
export,2025,330499200,330499200,50245,チェコ,123058.0
export,2025,330499200,330499200,50204,デンマーク,25841.0
export,2025,330499200,330499200,50156,トルクメニスタン,1403.0
export,2025,330499200,330499200,50234,トルコ,9737.0
export,2025,330499200,330499200,50213,ドイツ,1929799.0
export,2025,330499200,330499200,50524,ナイジェリア,3088.0
export,2025,330499200,330499200,50606,ニュージーランド,206558.0
export,2025,330499200,330499200,50131,ネパール,8015.0
export,2025,330499200,330499200,50202,ノルウェー,4347.0
export,2025,330499200,330499200,50227,ハンガリー,2075.0
export,2025,330499200,330499200,50127,バングラデシュ,1248.0
export,2025,330499200,330499200,50117,フィリピン,75837.0
export,2025,330499200,330499200,50222,フィンランド,3475.0
export,2025,330499200,330499200,50210,フランス,1465374.0
export,2025,330499200,330499200,50410,ブラジル,9832.0
export,2025,330499200,330499200,50116,ブルネイ,1330.0
export,2025,330499200,330499200,50132,ブータン,2248.0
export,2025,330499200,330499200,50110,ベトナム,1514930.0
export,2025,330499200,330499200,50208,ベルギー,926850.0
export,2025,330499200,330499200,50223,ポーランド,21423.0
export,2025,330499200,330499200,50129,マカオ,141689.0
export,2025,330499200,330499200,50113,マレーシア,652435.0
export,2025,330499200,330499200,50122,ミャンマー,24555.0
export,2025,330499200,330499200,50305,メキシコ,2251.0
export,2025,330499200,330499200,50126,モルディブ,3738.0
export,2025,330499200,330499200,50107,モンゴル,154634.0
export,2025,330499200,330499200,50509,モーリタニア,270.0
export,2025,330499200,330499200,50121,ラオス,25083.0
export,2025,330499200,330499200,50236,ラトビア,9195.0
export,2025,330499200,330499200,50237,リトアニア,11706.0
export,2025,330499200,330499200,50146,レバノン,4951.0
export,2025,330499200,330499200,50224,ロシア,167871.0
export,2025,330499200,330499200,50105,中華人民共和国,51627129.0
export,2025,330499200,330499200,50106,台湾,5327189.0
export,2025,330499200,330499200,50103,大韓民国,1629185.0
export,2025,330499200,330499200,50205,英国,398009.0
export,2025,330499200,330499200,50108,香港,12489853.0
export,2025,330499900,330499900,50201,アイスランド,3412.0
export,2025,330499900,330499900,50150,アゼルバイジャン,2010.0
export,2025,330499900,330499900,50304,アメリカ合衆国,9692957.0
export,2025,330499900,330499900,50147,アラブ首長国連邦,301110.0
export,2025,330499900,330499900,50229,アルバニア,1043.0
export,2025,330499900,330499900,50151,アルメニア,1279.0
export,2025,330499900,330499900,50143,イスラエル,12448.0
export,2025,330499900,330499900,50220,イタリア,6468.0
export,2025,330499900,330499900,50134,イラク,7475.0
export,2025,330499900,330499900,50133,イラン,1260.0
export,2025,330499900,330499900,50123,インド,51685.0
export,2025,330499900,330499900,50118,インドネシア,1693880.0
export,2025,330499900,330499900,50238,ウクライナ,50138.0
export,2025,330499900,330499900,50152,ウズベキスタン,54527.0
export,2025,330499900,330499900,50235,エストニア,39223.0
export,2025,330499900,330499900,50309,エルサルバドル,868.0
export,2025,330499900,330499900,50207,オランダ,157673.0
export,2025,330499900,330499900,50601,オーストラリア,919329.0
export,2025,330499900,330499900,50225,オーストリア,2578.0
export,2025,330499900,330499900,50153,カザフスタン,56116.0
export,2025,330499900,330499900,50140,カタール,1875.0
export,2025,330499900,330499900,50302,カナダ,479451.0
export,2025,330499900,330499900,50120,カンボジア,212929.0
export,2025,330499900,330499900,50233,キプロス,847.0
export,2025,330499900,330499900,50154,キルギス,63882.0
export,2025,330499900,330499900,50230,ギリシャ,350.0
export,2025,330499900,330499900,50138,クウェート,1290.0
export,2025,330499900,330499900,50241,クロアチア,302.0
export,2025,330499900,330499900,50620,グアム(米),23344.0
export,2025,330499900,330499900,50541,ケニア,7337.0
export,2025,330499900,330499900,50401,コロンビア,1714.0
export,2025,330499900,330499900,50137,サウジアラビア,44868.0
export,2025,330499900,330499900,50112,シンガポール,21761973.0
export,2025,330499900,330499900,50157,ジョージア,354.0
export,2025,330499900,330499900,50215,スイス,2876216.0
export,2025,330499900,330499900,50203,スウェーデン,41270.0
export,2025,330499900,330499900,50218,スペイン,137642.0
export,2025,330499900,330499900,50125,スリランカ,6305.0
export,2025,330499900,330499900,50246,スロバキア,7054.0
export,2025,330499900,330499900,50111,タイ,6624515.0
export,2025,330499900,330499900,50155,タジキスタン,1126.0
export,2025,330499900,330499900,50245,チェコ,378087.0
export,2025,330499900,330499900,50204,デンマーク,22831.0
export,2025,330499900,330499900,50156,トルクメニスタン,2298.0
export,2025,330499900,330499900,50234,トルコ,21621.0
export,2025,330499900,330499900,50213,ドイツ,3271386.0
export,2025,330499900,330499900,50524,ナイジェリア,220394.0
export,2025,330499900,330499900,50606,ニュージーランド,638476.0
export,2025,330499900,330499900,50131,ネパール,38339.0
export,2025,330499900,330499900,50202,ノルウェー,41402.0
export,2025,330499900,330499900,50227,ハンガリー,2970.0
export,2025,330499900,330499900,50127,バングラデシュ,13420.0
export,2025,330499900,330499900,50135,バーレーン,275.0
export,2025,330499900,330499900,50628,パラオ,432.0
export,2025,330499900,330499900,50411,パラグアイ,326.0
export,2025,330499900,330499900,50616,ピットケルン(英),4604.0
export,2025,330499900,330499900,50117,フィリピン,429258.0
export,2025,330499900,330499900,50222,フィンランド,23819.0
export,2025,330499900,330499900,50210,フランス,2113041.0
export,2025,330499900,330499900,50410,ブラジル,263434.0
export,2025,330499900,330499900,50232,ブルガリア,4074.0
export,2025,330499900,330499900,50116,ブルネイ,427.0
export,2025,330499900,330499900,50132,ブータン,4087.0
export,2025,330499900,330499900,50110,ベトナム,4417452.0
export,2025,330499900,330499900,50208,ベルギー,1708790.0
export,2025,330499900,330499900,50407,ペルー,1678.0
export,2025,330499900,330499900,50307,ホンジュラス,446.0
export,2025,330499900,330499900,50223,ポーランド,91470.0
export,2025,330499900,330499900,50129,マカオ,334552.0
export,2025,330499900,330499900,50113,マレーシア,2139099.0
export,2025,330499900,330499900,50122,ミャンマー,253349.0
export,2025,330499900,330499900,50305,メキシコ,14544.0
export,2025,330499900,330499900,50126,モルディブ,2337.0
export,2025,330499900,330499900,50240,モルドバ,886.0
export,2025,330499900,330499900,50107,モンゴル,453124.0
export,2025,330499900,330499900,50547,モーリシャス,604.0
export,2025,330499900,330499900,50509,モーリタニア,1147.0
export,2025,330499900,330499900,50121,ラオス,61172.0
export,2025,330499900,330499900,50236,ラトビア,4250.0
export,2025,330499900,330499900,50237,リトアニア,44384.0
export,2025,330499900,330499900,50505,リビア,807.0
export,2025,330499900,330499900,50209,ルクセンブルク,1751.0
export,2025,330499900,330499900,50231,ルーマニア,413.0
export,2025,330499900,330499900,50146,レバノン,16963.0
export,2025,330499900,330499900,50224,ロシア,276879.0
export,2025,330499900,330499900,50105,中華人民共和国,145887159.0
export,2025,330499900,330499900,50244,北マケドニア,243.0
export,2025,330499900,330499900,50106,台湾,18286271.0
export,2025,330499900,330499900,50103,大韓民国,6315823.0
export,2025,330499900,330499900,50205,英国,490237.0
export,2025,330499900,330499900,50108,香港,34276564.0
import,2016,330410000,330410000,50304,アメリカ合衆国,1686831.0
import,2016,330410000,330410000,50143,イスラエル,3146.0
import,2016,330410000,330410000,50220,イタリア,358165.0
import,2016,330410000,330410000,50118,インドネシア,4324.0
import,2016,330410000,330410000,50601,オーストラリア,25086.0
import,2016,330410000,330410000,50302,カナダ,423244.0
import,2016,330410000,330410000,50230,ギリシャ,247.0
import,2016,330410000,330410000,50112,シンガポール,423.0
import,2016,330410000,330410000,50203,スウェーデン,1049.0
import,2016,330410000,330410000,50218,スペイン,5009.0
import,2016,330410000,330410000,50125,スリランカ,437.0
import,2016,330410000,330410000,50111,タイ,62731.0
import,2016,330410000,330410000,50245,チェコ,4886.0
import,2016,330410000,330410000,50213,ドイツ,225475.0
import,2016,330410000,330410000,50606,ニュージーランド,2040.0
import,2016,330410000,330410000,50131,ネパール,11409.0
import,2016,330410000,330410000,50117,フィリピン,494.0
import,2016,330410000,330410000,50210,フランス,7917698.0
import,2016,330410000,330410000,50410,ブラジル,391.0
import,2016,330410000,330410000,50110,ベトナム,118906.0
import,2016,330410000,330410000,50208,ベルギー,786430.0
import,2016,330410000,330410000,50223,ポーランド,8063.0
import,2016,330410000,330410000,50105,中華人民共和国,1858645.0
import,2016,330410000,330410000,50106,台湾,112401.0
import,2016,330410000,330410000,50103,大韓民国,1222055.0
import,2016,330410000,330410000,50205,英国,26215.0
import,2016,330410000,330410000,50108,香港,7761.0
import,2016,330420000,330420000,50304,アメリカ合衆国,1044061.0
import,2016,330420000,330420000,50147,アラブ首長国連邦,4060.0
import,2016,330420000,330420000,50220,イタリア,1097885.0
import,2016,330420000,330420000,50601,オーストラリア,3427.0
import,2016,330420000,330420000,50302,カナダ,360750.0
import,2016,330420000,330420000,50112,シンガポール,589.0
import,2016,330420000,330420000,50215,スイス,18431.0
import,2016,330420000,330420000,50203,スウェーデン,2896.0
import,2016,330420000,330420000,50111,タイ,16929.0
import,2016,330420000,330420000,50245,チェコ,7747.0
import,2016,330420000,330420000,50213,ドイツ,507026.0
import,2016,330420000,330420000,50606,ニュージーランド,3008.0
import,2016,330420000,330420000,50117,フィリピン,119784.0
import,2016,330420000,330420000,50210,フランス,2955562.0
import,2016,330420000,330420000,50410,ブラジル,4138.0
import,2016,330420000,330420000,50110,ベトナム,741933.0
import,2016,330420000,330420000,50208,ベルギー,26376.0
import,2016,330420000,330420000,50223,ポーランド,31709.0
import,2016,330420000,330420000,50305,メキシコ,6186.0
import,2016,330420000,330420000,50211,モナコ,713.0
import,2016,330420000,330420000,50209,ルクセンブルク,1194.0
import,2016,330420000,330420000,50105,中華人民共和国,2982965.0
import,2016,330420000,330420000,50551,南アフリカ共和国,4832.0
import,2016,330420000,330420000,50106,台湾,509784.0
import,2016,330420000,330420000,50103,大韓民国,1455327.0
import,2016,330420000,330420000,50205,英国,20580.0
import,2016,330420000,330420000,50108,香港,1121.0
import,2016,330430000,330430000,50304,アメリカ合衆国,1203222.0
import,2016,330430000,330430000,50143,イスラエル,1206.0
import,2016,330430000,330430000,50220,イタリア,134027.0
import,2016,330430000,330430000,50207,オランダ,22255.0
import,2016,330430000,330430000,50601,オーストラリア,256.0
import,2016,330430000,330430000,50302,カナダ,40354.0
import,2016,330430000,330430000,50230,ギリシャ,659.0
import,2016,330430000,330430000,50215,スイス,87558.0
import,2016,330430000,330430000,50111,タイ,16807.0
import,2016,330430000,330430000,50213,ドイツ,157650.0
import,2016,330430000,330430000,50210,フランス,1272162.0
import,2016,330430000,330430000,50410,ブラジル,3079.0
import,2016,330430000,330430000,50110,ベトナム,36014.0
import,2016,330430000,330430000,50305,メキシコ,23335.0
import,2016,330430000,330430000,50209,ルクセンブルク,17767.0
import,2016,330430000,330430000,50105,中華人民共和国,853888.0
import,2016,330430000,330430000,50551,南アフリカ共和国,185467.0
import,2016,330430000,330430000,50106,台湾,884972.0
import,2016,330430000,330430000,50103,大韓民国,241787.0
import,2016,330430000,330430000,50205,英国,14380.0
import,2016,330430000,330430000,50108,香港,960.0
import,2016,330491010,330491010,50304,アメリカ合衆国,185116.0
import,2016,330491010,330491010,50220,イタリア,320153.0
import,2016,330491010,330491010,50302,カナダ,2041.0
import,2016,330491010,330491010,50111,タイ,60477.0
import,2016,330491010,330491010,50213,ドイツ,3390.0
import,2016,330491010,330491010,50310,ニカラグア,578.0
import,2016,330491010,330491010,50210,フランス,1969199.0
import,2016,330491010,330491010,50208,ベルギー,11356.0
import,2016,330491010,330491010,50223,ポーランド,410.0
import,2016,330491010,330491010,50105,中華人民共和国,39345.0
import,2016,330491010,330491010,50106,台湾,16300.0
import,2016,330491010,330491010,50103,大韓民国,326136.0
import,2016,330491010,330491010,50205,英国,978.0
import,2016,330491090,330491090,50304,アメリカ合衆国,1387245.0
import,2016,330491090,330491090,50143,イスラエル,768.0
import,2016,330491090,330491090,50220,イタリア,648962.0
import,2016,330491090,330491090,50118,インドネシア,1611.0
import,2016,330491090,330491090,50601,オーストラリア,585.0
import,2016,330491090,330491090,50302,カナダ,118528.0
import,2016,330491090,330491090,50112,シンガポール,241.0
import,2016,330491090,330491090,50215,スイス,1922.0
import,2016,330491090,330491090,50111,タイ,267733.0
import,2016,330491090,330491090,50213,ドイツ,43062.0
import,2016,330491090,330491090,50606,ニュージーランド,37889.0
import,2016,330491090,330491090,50117,フィリピン,63495.0
import,2016,330491090,330491090,50210,フランス,1667407.0
import,2016,330491090,330491090,50410,ブラジル,1331.0
import,2016,330491090,330491090,50208,ベルギー,21732.0
import,2016,330491090,330491090,50113,マレーシア,1284.0
import,2016,330491090,330491090,50211,モナコ,1167.0
import,2016,330491090,330491090,50105,中華人民共和国,717511.0
import,2016,330491090,330491090,50106,台湾,100520.0
import,2016,330491090,330491090,50103,大韓民国,1522169.0
import,2016,330491090,330491090,50205,英国,10644.0
import,2016,330499011,330499011,50304,アメリカ合衆国,1714137.0
import,2016,330499011,330499011,50220,イタリア,66411.0
import,2016,330499011,330499011,50601,オーストラリア,4346.0
import,2016,330499011,330499011,50302,カナダ,112935.0
import,2016,330499011,330499011,50215,スイス,13480.0
import,2016,330499011,330499011,50111,タイ,7711.0
import,2016,330499011,330499011,50504,チュニジア,1172.0
import,2016,330499011,330499011,50213,ドイツ,71324.0
import,2016,330499011,330499011,50606,ニュージーランド,1070.0
import,2016,330499011,330499011,50210,フランス,3005811.0
import,2016,330499011,330499011,50232,ブルガリア,261.0
import,2016,330499011,330499011,50208,ベルギー,665229.0
import,2016,330499011,330499011,50223,ポーランド,1027.0
import,2016,330499011,330499011,50105,中華人民共和国,203781.0
import,2016,330499011,330499011,50106,台湾,18754.0
import,2016,330499011,330499011,50103,大韓民国,3521365.0
import,2016,330499011,330499011,50205,英国,29115.0
import,2016,330499012,330499012,50304,アメリカ合衆国,2157520.0
import,2016,330499012,330499012,50143,イスラエル,44501.0
import,2016,330499012,330499012,50220,イタリア,65610.0
import,2016,330499012,330499012,50123,インド,744.0
import,2016,330499012,330499012,50601,オーストラリア,28404.0
import,2016,330499012,330499012,50302,カナダ,23364.0
import,2016,330499012,330499012,50230,ギリシャ,10413.0
import,2016,330499012,330499012,50112,シンガポール,4024.0
import,2016,330499012,330499012,50215,スイス,62281.0
import,2016,330499012,330499012,50218,スペイン,1952.0
import,2016,330499012,330499012,50111,タイ,1615632.0
import,2016,330499012,330499012,50213,ドイツ,225123.0
import,2016,330499012,330499012,50606,ニュージーランド,71811.0
import,2016,330499012,330499012,50227,ハンガリー,1081.0
import,2016,330499012,330499012,50222,フィンランド,621.0
import,2016,330499012,330499012,50210,フランス,2260887.0
import,2016,330499012,330499012,50110,ベトナム,1053281.0
import,2016,330499012,330499012,50208,ベルギー,49358.0
import,2016,330499012,330499012,50223,ポーランド,12641.0
import,2016,330499012,330499012,50113,マレーシア,252650.0
import,2016,330499012,330499012,50211,モナコ,4018.0
import,2016,330499012,330499012,50224,ロシア,387.0
import,2016,330499012,330499012,50105,中華人民共和国,68579.0
import,2016,330499012,330499012,50106,台湾,12687.0
import,2016,330499012,330499012,50103,大韓民国,672907.0
import,2016,330499012,330499012,50205,英国,464198.0
import,2016,330499019,330499019,50201,アイスランド,7106.0
import,2016,330499019,330499019,50206,アイルランド,213.0
import,2016,330499019,330499019,50304,アメリカ合衆国,7296035.0
import,2016,330499019,330499019,50151,アルメニア,517.0
import,2016,330499019,330499019,50143,イスラエル,623487.0
import,2016,330499019,330499019,50220,イタリア,328933.0
import,2016,330499019,330499019,50123,インド,90420.0
import,2016,330499019,330499019,50118,インドネシア,32363.0
import,2016,330499019,330499019,50238,ウクライナ,664.0
import,2016,330499019,330499019,50235,エストニア,529.0
import,2016,330499019,330499019,50207,オランダ,19310.0
import,2016,330499019,330499019,50601,オーストラリア,488108.0
import,2016,330499019,330499019,50225,オーストリア,2925.0
import,2016,330499019,330499019,50302,カナダ,297243.0
import,2016,330499019,330499019,50230,ギリシャ,55019.0
import,2016,330499019,330499019,50607,クック,3104.0
import,2016,330499019,330499019,50112,シンガポール,3225.0
import,2016,330499019,330499019,50215,スイス,703857.0
import,2016,330499019,330499019,50203,スウェーデン,1955.0
import,2016,330499019,330499019,50218,スペイン,69803.0
import,2016,330499019,330499019,50125,スリランカ,9528.0
import,2016,330499019,330499019,50111,タイ,1321824.0
import,2016,330499019,330499019,50245,チェコ,4103.0
import,2016,330499019,330499019,50409,チリ,589.0
import,2016,330499019,330499019,50204,デンマーク,668.0
import,2016,330499019,330499019,50234,トルコ,10696.0
import,2016,330499019,330499019,50213,ドイツ,1470430.0
import,2016,330499019,330499019,50310,ニカラグア,216.0
import,2016,330499019,330499019,50606,ニュージーランド,156722.0
import,2016,330499019,330499019,50202,ノルウェー,1297.0
import,2016,330499019,330499019,50227,ハンガリー,678.0
import,2016,330499019,330499019,50611,バヌアツ,2490.0
import,2016,330499019,330499019,50117,フィリピン,19143.0
import,2016,330499019,330499019,50222,フィンランド,5142.0
import,2016,330499019,330499019,50210,フランス,13232532.0
import,2016,330499019,330499019,50410,ブラジル,20677.0
import,2016,330499019,330499019,50232,ブルガリア,5331.0
import,2016,330499019,330499019,50110,ベトナム,1034627.0
import,2016,330499019,330499019,50208,ベルギー,257432.0
import,2016,330499019,330499019,50223,ポーランド,73280.0
import,2016,330499019,330499019,50129,マカオ,206.0
import,2016,330499019,330499019,50221,マルタ,2923.0
import,2016,330499019,330499019,50113,マレーシア,36638.0
import,2016,330499019,330499019,50211,モナコ,68485.0
import,2016,330499019,330499019,50501,モロッコ,36722.0
import,2016,330499019,330499019,50547,モーリシャス,5177.0
import,2016,330499019,330499019,50144,ヨルダン,1402.0
import,2016,330499019,330499019,50236,ラトビア,1323.0
import,2016,330499019,330499019,50231,ルーマニア,6988.0
import,2016,330499019,330499019,50224,ロシア,3515.0
import,2016,330499019,330499019,50105,中華人民共和国,1276154.0
import,2016,330499019,330499019,50619,仏領ポリネシア,2448.0
import,2016,330499019,330499019,50627,北マリアナ諸島(米),361.0
import,2016,330499019,330499019,50551,南アフリカ共和国,597078.0
import,2016,330499019,330499019,50106,台湾,126118.0
import,2016,330499019,330499019,50103,大韓民国,2629742.0
import,2016,330499019,330499019,50205,英国,2606480.0
import,2016,330499019,330499019,50108,香港,6697.0
import,2016,330499090,330499090,50201,アイスランド,1289.0
import,2016,330499090,330499090,50206,アイルランド,466.0
import,2016,330499090,330499090,50304,アメリカ合衆国,7625663.0
import,2016,330499090,330499090,50151,アルメニア,385.0
import,2016,330499090,330499090,50143,イスラエル,912294.0
import,2016,330499090,330499090,50220,イタリア,236466.0
import,2016,330499090,330499090,50123,インド,7350.0
import,2016,330499090,330499090,50118,インドネシア,8011.0
import,2016,330499090,330499090,50238,ウクライナ,89198.0
import,2016,330499090,330499090,50207,オランダ,3678.0
import,2016,330499090,330499090,50601,オーストラリア,187280.0
import,2016,330499090,330499090,50225,オーストリア,607.0
import,2016,330499090,330499090,50302,カナダ,154614.0
import,2016,330499090,330499090,50233,キプロス,4988.0
import,2016,330499090,330499090,50230,ギリシャ,15181.0
import,2016,330499090,330499090,50311,コスタリカ,6000.0
import,2016,330499090,330499090,50112,シンガポール,23797.0
import,2016,330499090,330499090,50215,スイス,659537.0
import,2016,330499090,330499090,50203,スウェーデン,687760.0
import,2016,330499090,330499090,50218,スペイン,156277.0
import,2016,330499090,330499090,50125,スリランカ,652.0
import,2016,330499090,330499090,50111,タイ,539852.0
import,2016,330499090,330499090,50245,チェコ,577895.0
import,2016,330499090,330499090,50204,デンマーク,223270.0
import,2016,330499090,330499090,50234,トルコ,4500.0
import,2016,330499090,330499090,50213,ドイツ,693094.0
import,2016,330499090,330499090,50606,ニュージーランド,14386.0
import,2016,330499090,330499090,50227,ハンガリー,882.0
import,2016,330499090,330499090,50611,バヌアツ,212.0
import,2016,330499090,330499090,50117,フィリピン,1436.0
import,2016,330499090,330499090,50222,フィンランド,2991.0
import,2016,330499090,330499090,50210,フランス,8946070.0
import,2016,330499090,330499090,50410,ブラジル,11978.0
import,2016,330499090,330499090,50232,ブルガリア,2119.0
import,2016,330499090,330499090,50110,ベトナム,1982541.0
import,2016,330499090,330499090,50208,ベルギー,136927.0
import,2016,330499090,330499090,50223,ポーランド,41378.0
import,2016,330499090,330499090,50113,マレーシア,42030.0
import,2016,330499090,330499090,50211,モナコ,78579.0
import,2016,330499090,330499090,50501,モロッコ,61805.0
import,2016,330499090,330499090,50144,ヨルダン,379.0
import,2016,330499090,330499090,50236,ラトビア,992.0
import,2016,330499090,330499090,50209,ルクセンブルク,672.0
import,2016,330499090,330499090,50231,ルーマニア,747.0
import,2016,330499090,330499090,50224,ロシア,4009.0
import,2016,330499090,330499090,50105,中華人民共和国,445582.0
import,2016,330499090,330499090,50551,南アフリカ共和国,291018.0
import,2016,330499090,330499090,50106,台湾,147908.0
import,2016,330499090,330499090,50103,大韓民国,2974959.0
import,2016,330499090,330499090,50205,英国,2670935.0
import,2016,330499090,330499090,50108,香港,7186.0
import,2017,330410000,330410000,50304,アメリカ合衆国,1941965.0
import,2017,330410000,330410000,50143,イスラエル,2890.0
import,2017,330410000,330410000,50220,イタリア,595322.0
import,2017,330410000,330410000,50601,オーストラリア,22030.0
import,2017,330410000,330410000,50302,カナダ,663262.0
import,2017,330410000,330410000,50112,シンガポール,12806.0
import,2017,330410000,330410000,50215,スイス,226.0
import,2017,330410000,330410000,50218,スペイン,2862.0
import,2017,330410000,330410000,50125,スリランカ,628.0
import,2017,330410000,330410000,50246,スロバキア,314.0
import,2017,330410000,330410000,50111,タイ,364600.0
import,2017,330410000,330410000,50245,チェコ,3039.0
import,2017,330410000,330410000,50213,ドイツ,194499.0
import,2017,330410000,330410000,50606,ニュージーランド,5025.0
import,2017,330410000,330410000,50131,ネパール,3375.0
import,2017,330410000,330410000,50117,フィリピン,229.0
import,2017,330410000,330410000,50210,フランス,11579616.0
import,2017,330410000,330410000,50410,ブラジル,353.0
import,2017,330410000,330410000,50110,ベトナム,19658.0
import,2017,330410000,330410000,50208,ベルギー,900374.0
import,2017,330410000,330410000,50223,ポーランド,27535.0
import,2017,330410000,330410000,50113,マレーシア,570.0
import,2017,330410000,330410000,50105,中華人民共和国,2100008.0
import,2017,330410000,330410000,50106,台湾,171403.0
import,2017,330410000,330410000,50103,大韓民国,1325731.0
import,2017,330410000,330410000,50205,英国,14828.0
import,2017,330410000,330410000,50108,香港,50667.0
import,2017,330420000,330420000,50201,アイスランド,714.0
import,2017,330420000,330420000,50304,アメリカ合衆国,1205566.0
import,2017,330420000,330420000,50143,イスラエル,528.0
import,2017,330420000,330420000,50220,イタリア,1437552.0
import,2017,330420000,330420000,50601,オーストラリア,3031.0
import,2017,330420000,330420000,50302,カナダ,369234.0
import,2017,330420000,330420000,50112,シンガポール,7117.0
import,2017,330420000,330420000,50215,スイス,14537.0
import,2017,330420000,330420000,50203,スウェーデン,2451.0
import,2017,330420000,330420000,50218,スペイン,980.0
import,2017,330420000,330420000,50111,タイ,75102.0
import,2017,330420000,330420000,50245,チェコ,859.0
import,2017,330420000,330420000,50204,デンマーク,2844.0
import,2017,330420000,330420000,50213,ドイツ,402226.0
import,2017,330420000,330420000,50227,ハンガリー,310.0
import,2017,330420000,330420000,50117,フィリピン,30841.0
import,2017,330420000,330420000,50210,フランス,2998521.0
import,2017,330420000,330420000,50410,ブラジル,944.0
import,2017,330420000,330420000,50110,ベトナム,312656.0
import,2017,330420000,330420000,50208,ベルギー,33699.0
import,2017,330420000,330420000,50223,ポーランド,37623.0
import,2017,330420000,330420000,50113,マレーシア,765.0
import,2017,330420000,330420000,50211,モナコ,5103.0
import,2017,330420000,330420000,50209,ルクセンブルク,1943.0
import,2017,330420000,330420000,50105,中華人民共和国,3855015.0
import,2017,330420000,330420000,50551,南アフリカ共和国,27973.0
import,2017,330420000,330420000,50106,台湾,516433.0
import,2017,330420000,330420000,50103,大韓民国,1778902.0
import,2017,330420000,330420000,50205,英国,50714.0
import,2017,330420000,330420000,50108,香港,689.0
import,2017,330430000,330430000,50304,アメリカ合衆国,990436.0
import,2017,330430000,330430000,50143,イスラエル,545.0
import,2017,330430000,330430000,50220,イタリア,271973.0
import,2017,330430000,330430000,50207,オランダ,59206.0
import,2017,330430000,330430000,50302,カナダ,37650.0
import,2017,330430000,330430000,50230,ギリシャ,871.0
import,2017,330430000,330430000,50215,スイス,63579.0
import,2017,330430000,330430000,50218,スペイン,3915.0
import,2017,330430000,330430000,50213,ドイツ,94790.0
import,2017,330430000,330430000,50210,フランス,1138920.0
import,2017,330430000,330430000,50410,ブラジル,4136.0
import,2017,330430000,330430000,50110,ベトナム,55487.0
import,2017,330430000,330430000,50223,ポーランド,201.0
import,2017,330430000,330430000,50305,メキシコ,8412.0
import,2017,330430000,330430000,50209,ルクセンブルク,9028.0
import,2017,330430000,330430000,50105,中華人民共和国,1175377.0
import,2017,330430000,330430000,50551,南アフリカ共和国,174600.0
import,2017,330430000,330430000,50106,台湾,824381.0
import,2017,330430000,330430000,50103,大韓民国,358788.0
import,2017,330430000,330430000,50205,英国,18958.0
import,2017,330491010,330491010,50304,アメリカ合衆国,281600.0
import,2017,330491010,330491010,50220,イタリア,537099.0
import,2017,330491010,330491010,50302,カナダ,4218.0
import,2017,330491010,330491010,50112,シンガポール,436.0
import,2017,330491010,330491010,50111,タイ,69982.0
import,2017,330491010,330491010,50213,ドイツ,7387.0
import,2017,330491010,330491010,50210,フランス,1736228.0
import,2017,330491010,330491010,50208,ベルギー,41265.0
import,2017,330491010,330491010,50113,マレーシア,325.0
import,2017,330491010,330491010,50105,中華人民共和国,48619.0
import,2017,330491010,330491010,50106,台湾,14996.0
import,2017,330491010,330491010,50103,大韓民国,338119.0
import,2017,330491010,330491010,50205,英国,1540.0
import,2017,330491090,330491090,50304,アメリカ合衆国,1478476.0
import,2017,330491090,330491090,50143,イスラエル,262.0
import,2017,330491090,330491090,50220,イタリア,683475.0
import,2017,330491090,330491090,50118,インドネシア,583.0
import,2017,330491090,330491090,50207,オランダ,1681.0
import,2017,330491090,330491090,50601,オーストラリア,2803.0
import,2017,330491090,330491090,50302,カナダ,146447.0
import,2017,330491090,330491090,50233,キプロス,557.0
import,2017,330491090,330491090,50112,シンガポール,2106.0
import,2017,330491090,330491090,50215,スイス,2577.0
import,2017,330491090,330491090,50111,タイ,84347.0
import,2017,330491090,330491090,50213,ドイツ,47378.0
import,2017,330491090,330491090,50310,ニカラグア,215.0
import,2017,330491090,330491090,50606,ニュージーランド,73636.0
import,2017,330491090,330491090,50210,フランス,1695855.0
import,2017,330491090,330491090,50410,ブラジル,1990.0
import,2017,330491090,330491090,50208,ベルギー,10800.0
import,2017,330491090,330491090,50223,ポーランド,1698.0
import,2017,330491090,330491090,50113,マレーシア,231.0
import,2017,330491090,330491090,50501,モロッコ,10660.0
import,2017,330491090,330491090,50105,中華人民共和国,699489.0
import,2017,330491090,330491090,50106,台湾,50295.0
import,2017,330491090,330491090,50103,大韓民国,1089438.0
import,2017,330491090,330491090,50205,英国,20294.0
import,2017,330491090,330491090,50108,香港,1178.0
import,2017,330499011,330499011,50201,アイスランド,875.0
import,2017,330499011,330499011,50304,アメリカ合衆国,1930022.0
import,2017,330499011,330499011,50143,イスラエル,315.0
import,2017,330499011,330499011,50220,イタリア,103640.0
import,2017,330499011,330499011,50601,オーストラリア,4020.0
import,2017,330499011,330499011,50302,カナダ,89330.0
import,2017,330499011,330499011,50112,シンガポール,1021.0
import,2017,330499011,330499011,50215,スイス,24147.0
import,2017,330499011,330499011,50111,タイ,16212.0
import,2017,330499011,330499011,50213,ドイツ,104375.0
import,2017,330499011,330499011,50606,ニュージーランド,446.0
import,2017,330499011,330499011,50222,フィンランド,275.0
import,2017,330499011,330499011,50210,フランス,3311818.0
import,2017,330499011,330499011,50208,ベルギー,826874.0
import,2017,330499011,330499011,50223,ポーランド,720.0
import,2017,330499011,330499011,50113,マレーシア,2328.0
import,2017,330499011,330499011,50105,中華人民共和国,294814.0
import,2017,330499011,330499011,50106,台湾,56051.0
import,2017,330499011,330499011,50103,大韓民国,5881629.0
import,2017,330499011,330499011,50205,英国,13819.0
import,2017,330499011,330499011,50108,香港,1726.0
import,2017,330499012,330499012,50304,アメリカ合衆国,1884710.0
import,2017,330499012,330499012,50143,イスラエル,47136.0
import,2017,330499012,330499012,50220,イタリア,73225.0
import,2017,330499012,330499012,50118,インドネシア,939.0
import,2017,330499012,330499012,50601,オーストラリア,25379.0
import,2017,330499012,330499012,50225,オーストリア,446.0
import,2017,330499012,330499012,50302,カナダ,23292.0
import,2017,330499012,330499012,50230,ギリシャ,5038.0
import,2017,330499012,330499012,50112,シンガポール,3165.0
import,2017,330499012,330499012,50215,スイス,97542.0
import,2017,330499012,330499012,50218,スペイン,2974.0
import,2017,330499012,330499012,50111,タイ,1289600.0
import,2017,330499012,330499012,50213,ドイツ,119776.0
import,2017,330499012,330499012,50606,ニュージーランド,326.0
import,2017,330499012,330499012,50227,ハンガリー,6014.0
import,2017,330499012,330499012,50222,フィンランド,1288.0
import,2017,330499012,330499012,50210,フランス,2150973.0
import,2017,330499012,330499012,50110,ベトナム,767028.0
import,2017,330499012,330499012,50208,ベルギー,25464.0
import,2017,330499012,330499012,50223,ポーランド,9511.0
import,2017,330499012,330499012,50113,マレーシア,330589.0
import,2017,330499012,330499012,50211,モナコ,22167.0
import,2017,330499012,330499012,50105,中華人民共和国,57241.0
import,2017,330499012,330499012,50106,台湾,24893.0
import,2017,330499012,330499012,50103,大韓民国,697056.0
import,2017,330499012,330499012,50205,英国,557394.0
import,2017,330499019,330499019,50201,アイスランド,11645.0
import,2017,330499019,330499019,50206,アイルランド,9663.0
import,2017,330499019,330499019,50304,アメリカ合衆国,7076084.0
import,2017,330499019,330499019,50151,アルメニア,490.0
import,2017,330499019,330499019,50143,イスラエル,545387.0
import,2017,330499019,330499019,50220,イタリア,229509.0
import,2017,330499019,330499019,50123,インド,101426.0
import,2017,330499019,330499019,50118,インドネシア,38038.0
import,2017,330499019,330499019,50238,ウクライナ,1577.0
import,2017,330499019,330499019,50207,オランダ,17540.0
import,2017,330499019,330499019,50601,オーストラリア,600775.0
import,2017,330499019,330499019,50225,オーストリア,1718.0
import,2017,330499019,330499019,50302,カナダ,472899.0
import,2017,330499019,330499019,50230,ギリシャ,13045.0
import,2017,330499019,330499019,50607,クック,845.0
import,2017,330499019,330499019,50112,シンガポール,27351.0
import,2017,330499019,330499019,50215,スイス,769699.0
import,2017,330499019,330499019,50203,スウェーデン,3928.0
import,2017,330499019,330499019,50218,スペイン,27912.0
import,2017,330499019,330499019,50125,スリランカ,13591.0
import,2017,330499019,330499019,50111,タイ,1373069.0
import,2017,330499019,330499019,50245,チェコ,5103.0
import,2017,330499019,330499019,50409,チリ,208.0
import,2017,330499019,330499019,50204,デンマーク,4865.0
import,2017,330499019,330499019,50234,トルコ,1014.0
import,2017,330499019,330499019,50213,ドイツ,1873306.0
import,2017,330499019,330499019,50606,ニュージーランド,151013.0
import,2017,330499019,330499019,50131,ネパール,7112.0
import,2017,330499019,330499019,50227,ハンガリー,5946.0
import,2017,330499019,330499019,50222,フィンランド,5566.0
import,2017,330499019,330499019,50210,フランス,15343500.0
import,2017,330499019,330499019,50410,ブラジル,23221.0
import,2017,330499019,330499019,50232,ブルガリア,8928.0
import,2017,330499019,330499019,50110,ベトナム,984214.0
import,2017,330499019,330499019,50208,ベルギー,322570.0
import,2017,330499019,330499019,50223,ポーランド,75527.0
import,2017,330499019,330499019,50113,マレーシア,41137.0
import,2017,330499019,330499019,50211,モナコ,68534.0
import,2017,330499019,330499019,50501,モロッコ,21837.0
import,2017,330499019,330499019,50547,モーリシャス,5793.0
import,2017,330499019,330499019,50144,ヨルダン,2457.0
import,2017,330499019,330499019,50236,ラトビア,1841.0
import,2017,330499019,330499019,50237,リトアニア,2475.0
import,2017,330499019,330499019,50231,ルーマニア,5116.0
import,2017,330499019,330499019,50224,ロシア,2254.0
import,2017,330499019,330499019,50105,中華人民共和国,1328980.0
import,2017,330499019,330499019,50619,仏領ポリネシア,1761.0
import,2017,330499019,330499019,50551,南アフリカ共和国,978803.0
import,2017,330499019,330499019,50106,台湾,88366.0
import,2017,330499019,330499019,50103,大韓民国,2489665.0
import,2017,330499019,330499019,50205,英国,2946301.0
import,2017,330499019,330499019,50108,香港,6680.0
import,2017,330499090,330499090,50201,アイスランド,2609.0
import,2017,330499090,330499090,50206,アイルランド,3584.0
import,2017,330499090,330499090,50304,アメリカ合衆国,7114604.0
import,2017,330499090,330499090,50147,アラブ首長国連邦,14689.0
import,2017,330499090,330499090,50151,アルメニア,208.0
import,2017,330499090,330499090,50143,イスラエル,1061042.0
import,2017,330499090,330499090,50220,イタリア,227195.0
import,2017,330499090,330499090,50123,インド,61515.0
import,2017,330499090,330499090,50118,インドネシア,13014.0
import,2017,330499090,330499090,50238,ウクライナ,344738.0
import,2017,330499090,330499090,50207,オランダ,8572.0
import,2017,330499090,330499090,50601,オーストラリア,191256.0
import,2017,330499090,330499090,50225,オーストリア,462.0
import,2017,330499090,330499090,50302,カナダ,171714.0
import,2017,330499090,330499090,50230,ギリシャ,2102.0
import,2017,330499090,330499090,50401,コロンビア,675.0
import,2017,330499090,330499090,50112,シンガポール,15959.0
import,2017,330499090,330499090,50215,スイス,669314.0
import,2017,330499090,330499090,50203,スウェーデン,197515.0
import,2017,330499090,330499090,50218,スペイン,58459.0
import,2017,330499090,330499090,50125,スリランカ,2549.0
import,2017,330499090,330499090,50111,タイ,490771.0
import,2017,330499090,330499090,50245,チェコ,124442.0
import,2017,330499090,330499090,50204,デンマーク,156720.0
import,2017,330499090,330499090,50234,トルコ,1942.0
import,2017,330499090,330499090,50213,ドイツ,793136.0
import,2017,330499090,330499090,50606,ニュージーランド,13489.0
import,2017,330499090,330499090,50227,ハンガリー,7417.0
import,2017,330499090,330499090,50117,フィリピン,765.0
import,2017,330499090,330499090,50222,フィンランド,3601.0
import,2017,330499090,330499090,50210,フランス,9471670.0
import,2017,330499090,330499090,50410,ブラジル,10663.0
import,2017,330499090,330499090,50232,ブルガリア,3827.0
import,2017,330499090,330499090,50110,ベトナム,1782254.0
import,2017,330499090,330499090,50208,ベルギー,148146.0
import,2017,330499090,330499090,50223,ポーランド,54746.0
import,2017,330499090,330499090,50113,マレーシア,74455.0
import,2017,330499090,330499090,50305,メキシコ,1648.0
import,2017,330499090,330499090,50211,モナコ,58469.0
import,2017,330499090,330499090,50501,モロッコ,70384.0
import,2017,330499090,330499090,50236,ラトビア,1151.0
import,2017,330499090,330499090,50209,ルクセンブルク,1324.0
import,2017,330499090,330499090,50224,ロシア,12615.0
import,2017,330499090,330499090,50105,中華人民共和国,405951.0
import,2017,330499090,330499090,50551,南アフリカ共和国,21751.0
import,2017,330499090,330499090,50106,台湾,152001.0
import,2017,330499090,330499090,50103,大韓民国,3437031.0
import,2017,330499090,330499090,50205,英国,3593135.0
import,2017,330499090,330499090,50108,香港,8361.0
import,2018,330410000,330410000,50304,アメリカ合衆国,1922500.0
import,2018,330410000,330410000,50143,イスラエル,412.0
import,2018,330410000,330410000,50220,イタリア,544349.0
import,2018,330410000,330410000,50601,オーストラリア,4766.0
import,2018,330410000,330410000,50302,カナダ,845290.0
import,2018,330410000,330410000,50230,ギリシャ,8107.0
import,2018,330410000,330410000,50112,シンガポール,2736.0
import,2018,330410000,330410000,50218,スペイン,2597.0
import,2018,330410000,330410000,50111,タイ,1094123.0
import,2018,330410000,330410000,50245,チェコ,2922.0
import,2018,330410000,330410000,50204,デンマーク,203.0
import,2018,330410000,330410000,50213,ドイツ,240332.0
import,2018,330410000,330410000,50606,ニュージーランド,4582.0
import,2018,330410000,330410000,50131,ネパール,7276.0
import,2018,330410000,330410000,50117,フィリピン,426.0
import,2018,330410000,330410000,50210,フランス,11413599.0
import,2018,330410000,330410000,50410,ブラジル,703.0
import,2018,330410000,330410000,50110,ベトナム,15100.0
import,2018,330410000,330410000,50208,ベルギー,1014139.0
import,2018,330410000,330410000,50223,ポーランド,87996.0
import,2018,330410000,330410000,50501,モロッコ,502.0
import,2018,330410000,330410000,50105,中華人民共和国,1811915.0
import,2018,330410000,330410000,50106,台湾,243028.0
import,2018,330410000,330410000,50103,大韓民国,2451417.0
import,2018,330410000,330410000,50205,英国,17210.0
import,2018,330410000,330410000,50108,香港,390.0
import,2018,330420000,330420000,50304,アメリカ合衆国,1137576.0
import,2018,330420000,330420000,50143,イスラエル,6555.0
import,2018,330420000,330420000,50220,イタリア,2058028.0
import,2018,330420000,330420000,50601,オーストラリア,477.0
import,2018,330420000,330420000,50302,カナダ,448169.0
import,2018,330420000,330420000,50112,シンガポール,1936.0
import,2018,330420000,330420000,50215,スイス,14502.0
import,2018,330420000,330420000,50203,スウェーデン,1854.0
import,2018,330420000,330420000,50111,タイ,41064.0
import,2018,330420000,330420000,50245,チェコ,772.0
import,2018,330420000,330420000,50213,ドイツ,356001.0
import,2018,330420000,330420000,50117,フィリピン,23679.0
import,2018,330420000,330420000,50210,フランス,2637140.0
import,2018,330420000,330420000,50410,ブラジル,1045.0
import,2018,330420000,330420000,50110,ベトナム,72477.0
import,2018,330420000,330420000,50208,ベルギー,25126.0
import,2018,330420000,330420000,50223,ポーランド,33328.0
import,2018,330420000,330420000,50113,マレーシア,1833.0
import,2018,330420000,330420000,50305,メキシコ,14771.0
import,2018,330420000,330420000,50211,モナコ,696.0
import,2018,330420000,330420000,50105,中華人民共和国,3505269.0
import,2018,330420000,330420000,50106,台湾,248981.0
import,2018,330420000,330420000,50103,大韓民国,3046266.0
import,2018,330420000,330420000,50205,英国,33409.0
import,2018,330420000,330420000,50108,香港,3213.0
import,2018,330430000,330430000,50304,アメリカ合衆国,808501.0
import,2018,330430000,330430000,50220,イタリア,254210.0
import,2018,330430000,330430000,50207,オランダ,31133.0
import,2018,330430000,330430000,50302,カナダ,27011.0
import,2018,330430000,330430000,50230,ギリシャ,422.0
import,2018,330430000,330430000,50215,スイス,38417.0
import,2018,330430000,330430000,50218,スペイン,2619.0
import,2018,330430000,330430000,50111,タイ,325.0
import,2018,330430000,330430000,50213,ドイツ,16753.0
import,2018,330430000,330430000,50210,フランス,1106850.0
import,2018,330430000,330430000,50410,ブラジル,4536.0
import,2018,330430000,330430000,50110,ベトナム,10558.0
import,2018,330430000,330430000,50305,メキシコ,6271.0
import,2018,330430000,330430000,50209,ルクセンブルク,13881.0
import,2018,330430000,330430000,50105,中華人民共和国,1671507.0
import,2018,330430000,330430000,50551,南アフリカ共和国,168330.0
import,2018,330430000,330430000,50106,台湾,718692.0
import,2018,330430000,330430000,50103,大韓民国,291356.0
import,2018,330430000,330430000,50205,英国,23116.0
import,2018,330491010,330491010,50304,アメリカ合衆国,193328.0
import,2018,330491010,330491010,50220,イタリア,735381.0
import,2018,330491010,330491010,50302,カナダ,7490.0
import,2018,330491010,330491010,50112,シンガポール,1210.0
import,2018,330491010,330491010,50111,タイ,70402.0
import,2018,330491010,330491010,50213,ドイツ,2365.0
import,2018,330491010,330491010,50210,フランス,1771651.0
import,2018,330491010,330491010,50208,ベルギー,39795.0
import,2018,330491010,330491010,50305,メキシコ,457.0
import,2018,330491010,330491010,50105,中華人民共和国,32724.0
import,2018,330491010,330491010,50106,台湾,15258.0
import,2018,330491010,330491010,50103,大韓民国,368446.0
import,2018,330491010,330491010,50205,英国,1849.0
import,2018,330491090,330491090,50304,アメリカ合衆国,1329342.0
import,2018,330491090,330491090,50220,イタリア,1432255.0
import,2018,330491090,330491090,50118,インドネシア,1772.0
import,2018,330491090,330491090,50601,オーストラリア,781.0
import,2018,330491090,330491090,50302,カナダ,93466.0
import,2018,330491090,330491090,50233,キプロス,461.0
import,2018,330491090,330491090,50112,シンガポール,262.0
import,2018,330491090,330491090,50215,スイス,981.0
import,2018,330491090,330491090,50111,タイ,96160.0
import,2018,330491090,330491090,50213,ドイツ,37949.0
import,2018,330491090,330491090,50606,ニュージーランド,61808.0
import,2018,330491090,330491090,50210,フランス,1635684.0
import,2018,330491090,330491090,50410,ブラジル,1745.0
import,2018,330491090,330491090,50110,ベトナム,982.0
import,2018,330491090,330491090,50208,ベルギー,31565.0
import,2018,330491090,330491090,50223,ポーランド,2751.0
import,2018,330491090,330491090,50113,マレーシア,349.0
import,2018,330491090,330491090,50105,中華人民共和国,681863.0
import,2018,330491090,330491090,50106,台湾,33771.0
import,2018,330491090,330491090,50103,大韓民国,1774987.0
import,2018,330491090,330491090,50205,英国,7523.0
import,2018,330491090,330491090,50108,香港,727.0
import,2018,330499011,330499011,50304,アメリカ合衆国,1850745.0
import,2018,330499011,330499011,50220,イタリア,93727.0
import,2018,330499011,330499011,50302,カナダ,115605.0
import,2018,330499011,330499011,50112,シンガポール,5091.0
import,2018,330499011,330499011,50215,スイス,21014.0
import,2018,330499011,330499011,50111,タイ,48898.0
import,2018,330499011,330499011,50213,ドイツ,122397.0
import,2018,330499011,330499011,50210,フランス,3808049.0
import,2018,330499011,330499011,50410,ブラジル,203.0
import,2018,330499011,330499011,50208,ベルギー,965774.0
import,2018,330499011,330499011,50223,ポーランド,19823.0
import,2018,330499011,330499011,50105,中華人民共和国,656003.0
import,2018,330499011,330499011,50106,台湾,15748.0
import,2018,330499011,330499011,50103,大韓民国,8502596.0
import,2018,330499011,330499011,50205,英国,37817.0
import,2018,330499011,330499011,50108,香港,1198.0
import,2018,330499012,330499012,50201,アイスランド,490.0
import,2018,330499012,330499012,50304,アメリカ合衆国,1515073.0
import,2018,330499012,330499012,50143,イスラエル,106594.0
import,2018,330499012,330499012,50220,イタリア,55919.0
import,2018,330499012,330499012,50123,インド,322.0
import,2018,330499012,330499012,50118,インドネシア,267.0
import,2018,330499012,330499012,50207,オランダ,3465.0
import,2018,330499012,330499012,50601,オーストラリア,25572.0
import,2018,330499012,330499012,50225,オーストリア,1364.0
import,2018,330499012,330499012,50302,カナダ,22188.0
import,2018,330499012,330499012,50230,ギリシャ,4039.0
import,2018,330499012,330499012,50112,シンガポール,6417.0
import,2018,330499012,330499012,50215,スイス,78671.0
import,2018,330499012,330499012,50218,スペイン,2378.0
import,2018,330499012,330499012,50111,タイ,59808.0
import,2018,330499012,330499012,50213,ドイツ,144368.0
import,2018,330499012,330499012,50606,ニュージーランド,2514.0
import,2018,330499012,330499012,50227,ハンガリー,1168.0
import,2018,330499012,330499012,50222,フィンランド,764.0
import,2018,330499012,330499012,50210,フランス,2160207.0
import,2018,330499012,330499012,50110,ベトナム,881712.0
import,2018,330499012,330499012,50208,ベルギー,28630.0
import,2018,330499012,330499012,50223,ポーランド,4728.0
import,2018,330499012,330499012,50113,マレーシア,1553403.0
import,2018,330499012,330499012,50211,モナコ,656.0
import,2018,330499012,330499012,50105,中華人民共和国,53465.0
import,2018,330499012,330499012,50106,台湾,4904.0
import,2018,330499012,330499012,50103,大韓民国,618445.0
import,2018,330499012,330499012,50205,英国,679174.0
import,2018,330499012,330499012,50108,香港,4479.0
import,2018,330499019,330499019,50201,アイスランド,565.0
import,2018,330499019,330499019,50206,アイルランド,30456.0
import,2018,330499019,330499019,50304,アメリカ合衆国,7373051.0
import,2018,330499019,330499019,50143,イスラエル,793157.0
import,2018,330499019,330499019,50220,イタリア,394494.0
import,2018,330499019,330499019,50123,インド,103652.0
import,2018,330499019,330499019,50118,インドネシア,32791.0
import,2018,330499019,330499019,50238,ウクライナ,333.0
import,2018,330499019,330499019,50406,エクアドル,1649.0
import,2018,330499019,330499019,50235,エストニア,3621.0
import,2018,330499019,330499019,50207,オランダ,21961.0
import,2018,330499019,330499019,50601,オーストラリア,584630.0
import,2018,330499019,330499019,50225,オーストリア,243.0
import,2018,330499019,330499019,50302,カナダ,601520.0
import,2018,330499019,330499019,50233,キプロス,2108.0
import,2018,330499019,330499019,50230,ギリシャ,7066.0
import,2018,330499019,330499019,50607,クック,216.0
import,2018,330499019,330499019,50541,ケニア,1863.0
import,2018,330499019,330499019,50112,シンガポール,62396.0
import,2018,330499019,330499019,50215,スイス,983527.0
import,2018,330499019,330499019,50203,スウェーデン,18665.0
import,2018,330499019,330499019,50218,スペイン,74371.0
import,2018,330499019,330499019,50125,スリランカ,7699.0
import,2018,330499019,330499019,50242,スロベニア,411.0
import,2018,330499019,330499019,50111,タイ,1570866.0
import,2018,330499019,330499019,50245,チェコ,4285.0
import,2018,330499019,330499019,50204,デンマーク,3129.0
import,2018,330499019,330499019,50234,トルコ,285.0
import,2018,330499019,330499019,50213,ドイツ,1851327.0
import,2018,330499019,330499019,50606,ニュージーランド,104423.0
import,2018,330499019,330499019,50131,ネパール,8171.0
import,2018,330499019,330499019,50227,ハンガリー,4815.0
import,2018,330499019,330499019,50117,フィリピン,491.0
import,2018,330499019,330499019,50222,フィンランド,7405.0
import,2018,330499019,330499019,50210,フランス,16732669.0
import,2018,330499019,330499019,50410,ブラジル,13839.0
import,2018,330499019,330499019,50232,ブルガリア,9863.0
import,2018,330499019,330499019,50110,ベトナム,1348800.0
import,2018,330499019,330499019,50208,ベルギー,364854.0
import,2018,330499019,330499019,50223,ポーランド,93374.0
import,2018,330499019,330499019,50129,マカオ,6548.0
import,2018,330499019,330499019,50113,マレーシア,49050.0
import,2018,330499019,330499019,50211,モナコ,53854.0
import,2018,330499019,330499019,50501,モロッコ,50228.0
import,2018,330499019,330499019,50547,モーリシャス,2983.0
import,2018,330499019,330499019,50144,ヨルダン,1684.0
import,2018,330499019,330499019,50236,ラトビア,2885.0
import,2018,330499019,330499019,50237,リトアニア,6784.0
import,2018,330499019,330499019,50231,ルーマニア,7152.0
import,2018,330499019,330499019,50224,ロシア,3415.0
import,2018,330499019,330499019,50105,中華人民共和国,1100627.0
import,2018,330499019,330499019,50619,仏領ポリネシア,1818.0
import,2018,330499019,330499019,50551,南アフリカ共和国,1322830.0
import,2018,330499019,330499019,50106,台湾,111293.0
import,2018,330499019,330499019,50103,大韓民国,2814401.0
import,2018,330499019,330499019,50205,英国,3001043.0
import,2018,330499019,330499019,50108,香港,11084.0
import,2018,330499090,330499090,50201,アイスランド,21106.0
import,2018,330499090,330499090,50206,アイルランド,2525.0
import,2018,330499090,330499090,50304,アメリカ合衆国,7210743.0
import,2018,330499090,330499090,50147,アラブ首長国連邦,906.0
import,2018,330499090,330499090,50143,イスラエル,886692.0
import,2018,330499090,330499090,50220,イタリア,215426.0
import,2018,330499090,330499090,50123,インド,133483.0
import,2018,330499090,330499090,50118,インドネシア,3597.0
import,2018,330499090,330499090,50238,ウクライナ,348415.0
import,2018,330499090,330499090,50235,エストニア,278.0
import,2018,330499090,330499090,50207,オランダ,15053.0
import,2018,330499090,330499090,50601,オーストラリア,276602.0
import,2018,330499090,330499090,50225,オーストリア,421.0
import,2018,330499090,330499090,50302,カナダ,306478.0
import,2018,330499090,330499090,50230,ギリシャ,1455.0
import,2018,330499090,330499090,50311,コスタリカ,401.0
import,2018,330499090,330499090,50112,シンガポール,52432.0
import,2018,330499090,330499090,50215,スイス,873308.0
import,2018,330499090,330499090,50203,スウェーデン,115762.0
import,2018,330499090,330499090,50218,スペイン,102973.0
import,2018,330499090,330499090,50125,スリランカ,1700.0
import,2018,330499090,330499090,50111,タイ,646503.0
import,2018,330499090,330499090,50245,チェコ,161713.0
import,2018,330499090,330499090,50204,デンマーク,153117.0
import,2018,330499090,330499090,50234,トルコ,1364.0
import,2018,330499090,330499090,50213,ドイツ,943814.0
import,2018,330499090,330499090,50606,ニュージーランド,10848.0
import,2018,330499090,330499090,50227,ハンガリー,3943.0
import,2018,330499090,330499090,50124,パキスタン,622.0
import,2018,330499090,330499090,50117,フィリピン,11008.0
import,2018,330499090,330499090,50222,フィンランド,6128.0
import,2018,330499090,330499090,50210,フランス,11762589.0
import,2018,330499090,330499090,50410,ブラジル,11486.0
import,2018,330499090,330499090,50232,ブルガリア,6300.0
import,2018,330499090,330499090,50110,ベトナム,1478085.0
import,2018,330499090,330499090,50208,ベルギー,226323.0
import,2018,330499090,330499090,50223,ポーランド,152974.0
import,2018,330499090,330499090,50129,マカオ,3799.0
import,2018,330499090,330499090,50113,マレーシア,37468.0
import,2018,330499090,330499090,50305,メキシコ,1085.0
import,2018,330499090,330499090,50211,モナコ,75515.0
import,2018,330499090,330499090,50501,モロッコ,59784.0
import,2018,330499090,330499090,50236,ラトビア,613.0
import,2018,330499090,330499090,50209,ルクセンブルク,425.0
import,2018,330499090,330499090,50231,ルーマニア,2860.0
import,2018,330499090,330499090,50146,レバノン,210.0
import,2018,330499090,330499090,50224,ロシア,10050.0
import,2018,330499090,330499090,50105,中華人民共和国,535374.0
import,2018,330499090,330499090,50551,南アフリカ共和国,3772.0
import,2018,330499090,330499090,50106,台湾,126421.0
import,2018,330499090,330499090,50103,大韓民国,4533721.0
import,2018,330499090,330499090,50205,英国,4260388.0
import,2018,330499090,330499090,50108,香港,37212.0
import,2019,330410000,330410000,50304,アメリカ合衆国,2252327.0
import,2019,330410000,330410000,50220,イタリア,752306.0
import,2019,330410000,330410000,50601,オーストラリア,9450.0
import,2019,330410000,330410000,50302,カナダ,1085203.0
import,2019,330410000,330410000,50230,ギリシャ,15861.0
import,2019,330410000,330410000,50112,シンガポール,16076.0
import,2019,330410000,330410000,50203,スウェーデン,259.0
import,2019,330410000,330410000,50218,スペイン,3158.0
import,2019,330410000,330410000,50246,スロバキア,253.0
import,2019,330410000,330410000,50111,タイ,807974.0
import,2019,330410000,330410000,50245,チェコ,7753.0
import,2019,330410000,330410000,50213,ドイツ,367254.0
import,2019,330410000,330410000,50606,ニュージーランド,8126.0
import,2019,330410000,330410000,50131,ネパール,5558.0
import,2019,330410000,330410000,50117,フィリピン,359.0
import,2019,330410000,330410000,50210,フランス,11157239.0
import,2019,330410000,330410000,50410,ブラジル,297.0
import,2019,330410000,330410000,50232,ブルガリア,5806.0
import,2019,330410000,330410000,50110,ベトナム,47325.0
import,2019,330410000,330410000,50208,ベルギー,1121909.0
import,2019,330410000,330410000,50223,ポーランド,28601.0
import,2019,330410000,330410000,50113,マレーシア,21052.0
import,2019,330410000,330410000,50105,中華人民共和国,2015774.0
import,2019,330410000,330410000,50106,台湾,218179.0
import,2019,330410000,330410000,50103,大韓民国,3618559.0
import,2019,330410000,330410000,50205,英国,24447.0
import,2019,330410000,330410000,50108,香港,507.0
import,2019,330420000,330420000,50304,アメリカ合衆国,1326467.0
import,2019,330420000,330420000,50220,イタリア,2419997.0
import,2019,330420000,330420000,50302,カナダ,686391.0
import,2019,330420000,330420000,50112,シンガポール,1092.0
import,2019,330420000,330420000,50215,スイス,56212.0
import,2019,330420000,330420000,50203,スウェーデン,1727.0
import,2019,330420000,330420000,50111,タイ,44335.0
import,2019,330420000,330420000,50245,チェコ,2209.0
import,2019,330420000,330420000,50204,デンマーク,2906.0
import,2019,330420000,330420000,50213,ドイツ,366204.0
import,2019,330420000,330420000,50606,ニュージーランド,680.0
import,2019,330420000,330420000,50117,フィリピン,55879.0
import,2019,330420000,330420000,50210,フランス,2677913.0
import,2019,330420000,330420000,50410,ブラジル,293.0
import,2019,330420000,330420000,50110,ベトナム,123201.0
import,2019,330420000,330420000,50208,ベルギー,13788.0
import,2019,330420000,330420000,50223,ポーランド,19542.0
import,2019,330420000,330420000,50113,マレーシア,2288.0
import,2019,330420000,330420000,50305,メキシコ,39776.0
import,2019,330420000,330420000,50211,モナコ,687.0
import,2019,330420000,330420000,50224,ロシア,865.0
import,2019,330420000,330420000,50105,中華人民共和国,3888643.0
import,2019,330420000,330420000,50551,南アフリカ共和国,280.0
import,2019,330420000,330420000,50106,台湾,278869.0
import,2019,330420000,330420000,50103,大韓民国,4712894.0
import,2019,330420000,330420000,50205,英国,24512.0
import,2019,330420000,330420000,50108,香港,2932.0
import,2019,330430000,330430000,50304,アメリカ合衆国,899088.0
import,2019,330430000,330430000,50220,イタリア,148143.0
import,2019,330430000,330430000,50207,オランダ,9826.0
import,2019,330430000,330430000,50302,カナダ,24321.0
import,2019,330430000,330430000,50230,ギリシャ,1338.0
import,2019,330430000,330430000,50215,スイス,37245.0
import,2019,330430000,330430000,50203,スウェーデン,2199.0
import,2019,330430000,330430000,50218,スペイン,724.0
import,2019,330430000,330430000,50111,タイ,442.0
import,2019,330430000,330430000,50213,ドイツ,23404.0
import,2019,330430000,330430000,50210,フランス,1268416.0
import,2019,330430000,330430000,50410,ブラジル,3677.0
import,2019,330430000,330430000,50110,ベトナム,727.0
import,2019,330430000,330430000,50305,メキシコ,8003.0
import,2019,330430000,330430000,50209,ルクセンブルク,18903.0
import,2019,330430000,330430000,50105,中華人民共和国,1520326.0
import,2019,330430000,330430000,50551,南アフリカ共和国,140159.0
import,2019,330430000,330430000,50106,台湾,679408.0
import,2019,330430000,330430000,50103,大韓民国,284615.0
import,2019,330430000,330430000,50205,英国,29338.0
import,2019,330491010,330491010,50304,アメリカ合衆国,334145.0
import,2019,330491010,330491010,50220,イタリア,527371.0
import,2019,330491010,330491010,50302,カナダ,11980.0
import,2019,330491010,330491010,50111,タイ,1824.0
import,2019,330491010,330491010,50213,ドイツ,37022.0
import,2019,330491010,330491010,50210,フランス,1556024.0
import,2019,330491010,330491010,50110,ベトナム,36581.0
import,2019,330491010,330491010,50208,ベルギー,39502.0
import,2019,330491010,330491010,50223,ポーランド,469.0
import,2019,330491010,330491010,50105,中華人民共和国,32957.0
import,2019,330491010,330491010,50106,台湾,32673.0
import,2019,330491010,330491010,50103,大韓民国,367583.0
import,2019,330491010,330491010,50205,英国,1194.0
import,2019,330491090,330491090,50304,アメリカ合衆国,974648.0
import,2019,330491090,330491090,50220,イタリア,1578446.0
import,2019,330491090,330491090,50123,インド,326.0
import,2019,330491090,330491090,50118,インドネシア,1097.0
import,2019,330491090,330491090,50207,オランダ,3563.0
import,2019,330491090,330491090,50601,オーストラリア,507.0
import,2019,330491090,330491090,50302,カナダ,141761.0
import,2019,330491090,330491090,50112,シンガポール,718.0
import,2019,330491090,330491090,50215,スイス,525.0
import,2019,330491090,330491090,50111,タイ,33584.0
import,2019,330491090,330491090,50213,ドイツ,13527.0
import,2019,330491090,330491090,50606,ニュージーランド,35505.0
import,2019,330491090,330491090,50210,フランス,1337705.0
import,2019,330491090,330491090,50410,ブラジル,2059.0
import,2019,330491090,330491090,50110,ベトナム,5536.0
import,2019,330491090,330491090,50208,ベルギー,44410.0
import,2019,330491090,330491090,50223,ポーランド,3052.0
import,2019,330491090,330491090,50113,マレーシア,5308.0
import,2019,330491090,330491090,50547,モーリシャス,373.0
import,2019,330491090,330491090,50105,中華人民共和国,602985.0
import,2019,330491090,330491090,50106,台湾,35286.0
import,2019,330491090,330491090,50103,大韓民国,2515799.0
import,2019,330491090,330491090,50205,英国,4428.0
import,2019,330491090,330491090,50108,香港,2963.0
import,2019,330499011,330499011,50304,アメリカ合衆国,1742657.0
import,2019,330499011,330499011,50143,イスラエル,2766.0
import,2019,330499011,330499011,50220,イタリア,115994.0
import,2019,330499011,330499011,50207,オランダ,665.0
import,2019,330499011,330499011,50601,オーストラリア,444.0
import,2019,330499011,330499011,50302,カナダ,197556.0
import,2019,330499011,330499011,50230,ギリシャ,364.0
import,2019,330499011,330499011,50112,シンガポール,1092.0
import,2019,330499011,330499011,50218,スペイン,1190.0
import,2019,330499011,330499011,50111,タイ,16607.0
import,2019,330499011,330499011,50245,チェコ,2483.0
import,2019,330499011,330499011,50213,ドイツ,108265.0
import,2019,330499011,330499011,50210,フランス,4229623.0
import,2019,330499011,330499011,50110,ベトナム,17119.0
import,2019,330499011,330499011,50208,ベルギー,1027369.0
import,2019,330499011,330499011,50223,ポーランド,7485.0
import,2019,330499011,330499011,50211,モナコ,1341.0
import,2019,330499011,330499011,50105,中華人民共和国,437441.0
import,2019,330499011,330499011,50106,台湾,23594.0
import,2019,330499011,330499011,50103,大韓民国,9182972.0
import,2019,330499011,330499011,50205,英国,19436.0
import,2019,330499011,330499011,50108,香港,2137.0
import,2019,330499012,330499012,50304,アメリカ合衆国,1331176.0
import,2019,330499012,330499012,50143,イスラエル,32881.0
import,2019,330499012,330499012,50220,イタリア,55035.0
import,2019,330499012,330499012,50207,オランダ,538.0
import,2019,330499012,330499012,50601,オーストラリア,39719.0
import,2019,330499012,330499012,50225,オーストリア,1679.0
import,2019,330499012,330499012,50302,カナダ,9138.0
import,2019,330499012,330499012,50230,ギリシャ,5954.0
import,2019,330499012,330499012,50112,シンガポール,3930.0
import,2019,330499012,330499012,50215,スイス,98338.0
import,2019,330499012,330499012,50218,スペイン,1260.0
import,2019,330499012,330499012,50242,スロベニア,879.0
import,2019,330499012,330499012,50111,タイ,53288.0
import,2019,330499012,330499012,50234,トルコ,266.0
import,2019,330499012,330499012,50213,ドイツ,84343.0
import,2019,330499012,330499012,50606,ニュージーランド,8473.0
import,2019,330499012,330499012,50227,ハンガリー,626.0
import,2019,330499012,330499012,50117,フィリピン,433.0
import,2019,330499012,330499012,50222,フィンランド,645.0
import,2019,330499012,330499012,50210,フランス,1682387.0
import,2019,330499012,330499012,50410,ブラジル,13631.0
import,2019,330499012,330499012,50110,ベトナム,525166.0
import,2019,330499012,330499012,50208,ベルギー,22083.0
import,2019,330499012,330499012,50223,ポーランド,920.0
import,2019,330499012,330499012,50113,マレーシア,1917248.0
import,2019,330499012,330499012,50211,モナコ,14847.0
import,2019,330499012,330499012,50105,中華人民共和国,74449.0
import,2019,330499012,330499012,50106,台湾,3100.0
import,2019,330499012,330499012,50103,大韓民国,443241.0
import,2019,330499012,330499012,50205,英国,418638.0
import,2019,330499019,330499019,50201,アイスランド,2243.0
import,2019,330499019,330499019,50206,アイルランド,27156.0
import,2019,330499019,330499019,50304,アメリカ合衆国,7632855.0
import,2019,330499019,330499019,50143,イスラエル,853240.0
import,2019,330499019,330499019,50220,イタリア,728350.0
import,2019,330499019,330499019,50123,インド,192167.0
import,2019,330499019,330499019,50118,インドネシア,21686.0
import,2019,330499019,330499019,50238,ウクライナ,1603.0
import,2019,330499019,330499019,50207,オランダ,14092.0
import,2019,330499019,330499019,50601,オーストラリア,823721.0
import,2019,330499019,330499019,50225,オーストリア,490.0
import,2019,330499019,330499019,50302,カナダ,639413.0
import,2019,330499019,330499019,50233,キプロス,21369.0
import,2019,330499019,330499019,50230,ギリシャ,18277.0
import,2019,330499019,330499019,50607,クック,520.0
import,2019,330499019,330499019,50112,シンガポール,10997.0
import,2019,330499019,330499019,50215,スイス,1045730.0
import,2019,330499019,330499019,50203,スウェーデン,21827.0
import,2019,330499019,330499019,50218,スペイン,84328.0
import,2019,330499019,330499019,50125,スリランカ,13826.0
import,2019,330499019,330499019,50246,スロバキア,497.0
import,2019,330499019,330499019,50242,スロベニア,6378.0
import,2019,330499019,330499019,50111,タイ,1315212.0
import,2019,330499019,330499019,50245,チェコ,6152.0
import,2019,330499019,330499019,50204,デンマーク,1940.0
import,2019,330499019,330499019,50234,トルコ,7257.0
import,2019,330499019,330499019,50213,ドイツ,1575677.0
import,2019,330499019,330499019,50606,ニュージーランド,104520.0
import,2019,330499019,330499019,50131,ネパール,376.0
import,2019,330499019,330499019,50227,ハンガリー,2674.0
import,2019,330499019,330499019,50117,フィリピン,245.0
import,2019,330499019,330499019,50222,フィンランド,6964.0
import,2019,330499019,330499019,50210,フランス,17309600.0
import,2019,330499019,330499019,50410,ブラジル,25188.0
import,2019,330499019,330499019,50232,ブルガリア,6726.0
import,2019,330499019,330499019,50110,ベトナム,1515916.0
import,2019,330499019,330499019,50208,ベルギー,458785.0
import,2019,330499019,330499019,50217,ポルトガル,202.0
import,2019,330499019,330499019,50223,ポーランド,155738.0
import,2019,330499019,330499019,50113,マレーシア,35114.0
import,2019,330499019,330499019,50211,モナコ,47345.0
import,2019,330499019,330499019,50501,モロッコ,27820.0
import,2019,330499019,330499019,50144,ヨルダン,2182.0
import,2019,330499019,330499019,50236,ラトビア,13320.0
import,2019,330499019,330499019,50237,リトアニア,4049.0
import,2019,330499019,330499019,50231,ルーマニア,3906.0
import,2019,330499019,330499019,50224,ロシア,12234.0
import,2019,330499019,330499019,50105,中華人民共和国,1299179.0
import,2019,330499019,330499019,50619,仏領ポリネシア,4264.0
import,2019,330499019,330499019,50551,南アフリカ共和国,1009674.0
import,2019,330499019,330499019,50106,台湾,110592.0
import,2019,330499019,330499019,50103,大韓民国,3808449.0
import,2019,330499019,330499019,50205,英国,3067012.0
import,2019,330499019,330499019,50108,香港,13771.0
import,2019,330499090,330499090,50201,アイスランド,75681.0
import,2019,330499090,330499090,50206,アイルランド,10578.0
import,2019,330499090,330499090,50304,アメリカ合衆国,8190040.0
import,2019,330499090,330499090,50147,アラブ首長国連邦,478.0
import,2019,330499090,330499090,50143,イスラエル,690402.0
import,2019,330499090,330499090,50220,イタリア,340895.0
import,2019,330499090,330499090,50123,インド,131721.0
import,2019,330499090,330499090,50118,インドネシア,648.0
import,2019,330499090,330499090,50238,ウクライナ,165289.0
import,2019,330499090,330499090,50412,ウルグアイ,382.0
import,2019,330499090,330499090,50235,エストニア,735.0
import,2019,330499090,330499090,50207,オランダ,44528.0
import,2019,330499090,330499090,50601,オーストラリア,424950.0
import,2019,330499090,330499090,50225,オーストリア,855.0
import,2019,330499090,330499090,50302,カナダ,381496.0
import,2019,330499090,330499090,50517,ガーナ,228.0
import,2019,330499090,330499090,50233,キプロス,219.0
import,2019,330499090,330499090,50230,ギリシャ,3984.0
import,2019,330499090,330499090,50112,シンガポール,38653.0
import,2019,330499090,330499090,50215,スイス,885177.0
import,2019,330499090,330499090,50203,スウェーデン,59261.0
import,2019,330499090,330499090,50218,スペイン,49717.0
import,2019,330499090,330499090,50125,スリランカ,4967.0
import,2019,330499090,330499090,50242,スロベニア,1497.0
import,2019,330499090,330499090,50111,タイ,758510.0
import,2019,330499090,330499090,50245,チェコ,73945.0
import,2019,330499090,330499090,50204,デンマーク,126102.0
import,2019,330499090,330499090,50234,トルコ,2848.0
import,2019,330499090,330499090,50213,ドイツ,1066720.0
import,2019,330499090,330499090,50606,ニュージーランド,52504.0
import,2019,330499090,330499090,50227,ハンガリー,4291.0
import,2019,330499090,330499090,50611,バヌアツ,227.0
import,2019,330499090,330499090,50117,フィリピン,1467.0
import,2019,330499090,330499090,50222,フィンランド,3468.0
import,2019,330499090,330499090,50210,フランス,14492663.0
import,2019,330499090,330499090,50410,ブラジル,11849.0
import,2019,330499090,330499090,50232,ブルガリア,6104.0
import,2019,330499090,330499090,50110,ベトナム,802857.0
import,2019,330499090,330499090,50208,ベルギー,304381.0
import,2019,330499090,330499090,50223,ポーランド,212563.0
import,2019,330499090,330499090,50113,マレーシア,46289.0
import,2019,330499090,330499090,50305,メキシコ,711.0
import,2019,330499090,330499090,50211,モナコ,24950.0
import,2019,330499090,330499090,50501,モロッコ,37003.0
import,2019,330499090,330499090,50236,ラトビア,1012.0
import,2019,330499090,330499090,50209,ルクセンブルク,2535.0
import,2019,330499090,330499090,50231,ルーマニア,367.0
import,2019,330499090,330499090,50224,ロシア,14248.0
import,2019,330499090,330499090,50105,中華人民共和国,565085.0
import,2019,330499090,330499090,50551,南アフリカ共和国,626618.0
import,2019,330499090,330499090,50106,台湾,117834.0
import,2019,330499090,330499090,50103,大韓民国,7566214.0
import,2019,330499090,330499090,50205,英国,4434126.0
import,2019,330499090,330499090,50108,香港,17671.0
import,2020,330410000,330410000,50304,アメリカ合衆国,1397081.0
import,2020,330410000,330410000,50220,イタリア,977573.0
import,2020,330410000,330410000,50601,オーストラリア,643.0
import,2020,330410000,330410000,50302,カナダ,519238.0
import,2020,330410000,330410000,50230,ギリシャ,920.0
import,2020,330410000,330410000,50112,シンガポール,406.0
import,2020,330410000,330410000,50215,スイス,843.0
import,2020,330410000,330410000,50203,スウェーデン,1699.0
import,2020,330410000,330410000,50111,タイ,77016.0
import,2020,330410000,330410000,50245,チェコ,5184.0
import,2020,330410000,330410000,50213,ドイツ,214455.0
import,2020,330410000,330410000,50606,ニュージーランド,6384.0
import,2020,330410000,330410000,50131,ネパール,4102.0
import,2020,330410000,330410000,50117,フィリピン,3249.0
import,2020,330410000,330410000,50222,フィンランド,646.0
import,2020,330410000,330410000,50210,フランス,6080647.0
import,2020,330410000,330410000,50410,ブラジル,752.0
import,2020,330410000,330410000,50232,ブルガリア,2767.0
import,2020,330410000,330410000,50208,ベルギー,428312.0
import,2020,330410000,330410000,50223,ポーランド,12229.0
import,2020,330410000,330410000,50113,マレーシア,122484.0
import,2020,330410000,330410000,50501,モロッコ,639.0
import,2020,330410000,330410000,50237,リトアニア,2085.0
import,2020,330410000,330410000,50105,中華人民共和国,1339138.0
import,2020,330410000,330410000,50106,台湾,131347.0
import,2020,330410000,330410000,50103,大韓民国,3887080.0
import,2020,330410000,330410000,50205,英国,8246.0
import,2020,330410000,330410000,50108,香港,3142.0
import,2020,330420000,330420000,50304,アメリカ合衆国,1558933.0
import,2020,330420000,330420000,50143,イスラエル,1609.0
import,2020,330420000,330420000,50220,イタリア,1783468.0
import,2020,330420000,330420000,50207,オランダ,3925.0
import,2020,330420000,330420000,50601,オーストラリア,204.0
import,2020,330420000,330420000,50225,オーストリア,3226.0
import,2020,330420000,330420000,50302,カナダ,571625.0
import,2020,330420000,330420000,50112,シンガポール,1369.0
import,2020,330420000,330420000,50215,スイス,6308.0
import,2020,330420000,330420000,50203,スウェーデン,3077.0
import,2020,330420000,330420000,50218,スペイン,3418.0
import,2020,330420000,330420000,50111,タイ,153722.0
import,2020,330420000,330420000,50245,チェコ,302.0
import,2020,330420000,330420000,50204,デンマーク,1053.0
import,2020,330420000,330420000,50213,ドイツ,294011.0
import,2020,330420000,330420000,50606,ニュージーランド,224.0
import,2020,330420000,330420000,50227,ハンガリー,463.0
import,2020,330420000,330420000,50117,フィリピン,213917.0
import,2020,330420000,330420000,50210,フランス,2992847.0
import,2020,330420000,330420000,50410,ブラジル,536.0
import,2020,330420000,330420000,50110,ベトナム,72320.0
import,2020,330420000,330420000,50208,ベルギー,7561.0
import,2020,330420000,330420000,50223,ポーランド,8613.0
import,2020,330420000,330420000,50113,マレーシア,3401.0
import,2020,330420000,330420000,50211,モナコ,1615.0
import,2020,330420000,330420000,50224,ロシア,636.0
import,2020,330420000,330420000,50105,中華人民共和国,3712438.0
import,2020,330420000,330420000,50106,台湾,341164.0
import,2020,330420000,330420000,50103,大韓民国,5154787.0
import,2020,330420000,330420000,50205,英国,37471.0
import,2020,330420000,330420000,50108,香港,848.0
import,2020,330430000,330430000,50304,アメリカ合衆国,621214.0
import,2020,330430000,330430000,50143,イスラエル,6521.0
import,2020,330430000,330430000,50220,イタリア,38632.0
import,2020,330430000,330430000,50207,オランダ,1960.0
import,2020,330430000,330430000,50302,カナダ,11668.0
import,2020,330430000,330430000,50230,ギリシャ,362.0
import,2020,330430000,330430000,50215,スイス,12427.0
import,2020,330430000,330430000,50203,スウェーデン,2210.0
import,2020,330430000,330430000,50218,スペイン,296.0
import,2020,330430000,330430000,50111,タイ,1178.0
import,2020,330430000,330430000,50213,ドイツ,23403.0
import,2020,330430000,330430000,50210,フランス,1321008.0
import,2020,330430000,330430000,50410,ブラジル,3397.0
import,2020,330430000,330430000,50110,ベトナム,561.0
import,2020,330430000,330430000,50305,メキシコ,786.0
import,2020,330430000,330430000,50209,ルクセンブルク,9937.0
import,2020,330430000,330430000,50105,中華人民共和国,1470678.0
import,2020,330430000,330430000,50551,南アフリカ共和国,71108.0
import,2020,330430000,330430000,50106,台湾,495088.0
import,2020,330430000,330430000,50103,大韓民国,237400.0
import,2020,330430000,330430000,50205,英国,32166.0
import,2020,330430000,330430000,50108,香港,501.0
import,2020,330491010,330491010,50304,アメリカ合衆国,197311.0
import,2020,330491010,330491010,50220,イタリア,300101.0
import,2020,330491010,330491010,50118,インドネシア,8477.0
import,2020,330491010,330491010,50302,カナダ,10529.0
import,2020,330491010,330491010,50111,タイ,4351.0
import,2020,330491010,330491010,50213,ドイツ,3073.0
import,2020,330491010,330491010,50210,フランス,874029.0
import,2020,330491010,330491010,50110,ベトナム,5282.0
import,2020,330491010,330491010,50208,ベルギー,46041.0
import,2020,330491010,330491010,50223,ポーランド,219.0
import,2020,330491010,330491010,50113,マレーシア,495.0
import,2020,330491010,330491010,50105,中華人民共和国,43499.0
import,2020,330491010,330491010,50106,台湾,23590.0
import,2020,330491010,330491010,50103,大韓民国,491877.0
import,2020,330491010,330491010,50108,香港,661.0
import,2020,330491090,330491090,50304,アメリカ合衆国,656453.0
import,2020,330491090,330491090,50220,イタリア,1112817.0
import,2020,330491090,330491090,50123,インド,348.0
import,2020,330491090,330491090,50118,インドネシア,681.0
import,2020,330491090,330491090,50601,オーストラリア,544.0
import,2020,330491090,330491090,50302,カナダ,136437.0
import,2020,330491090,330491090,50112,シンガポール,359.0
import,2020,330491090,330491090,50215,スイス,548.0
import,2020,330491090,330491090,50111,タイ,92323.0
import,2020,330491090,330491090,50213,ドイツ,1831.0
import,2020,330491090,330491090,50606,ニュージーランド,18457.0
import,2020,330491090,330491090,50117,フィリピン,373.0
import,2020,330491090,330491090,50210,フランス,1083816.0
import,2020,330491090,330491090,50410,ブラジル,1822.0
import,2020,330491090,330491090,50110,ベトナム,12407.0
import,2020,330491090,330491090,50208,ベルギー,34195.0
import,2020,330491090,330491090,50223,ポーランド,6029.0
import,2020,330491090,330491090,50113,マレーシア,1970.0
import,2020,330491090,330491090,50501,モロッコ,7423.0
import,2020,330491090,330491090,50105,中華人民共和国,512099.0
import,2020,330491090,330491090,50106,台湾,52751.0
import,2020,330491090,330491090,50103,大韓民国,2125288.0
import,2020,330491090,330491090,50205,英国,9950.0
import,2020,330499011,330499011,50304,アメリカ合衆国,1230135.0
import,2020,330499011,330499011,50220,イタリア,66618.0
import,2020,330499011,330499011,50601,オーストラリア,835.0
import,2020,330499011,330499011,50302,カナダ,95808.0
import,2020,330499011,330499011,50112,シンガポール,7968.0
import,2020,330499011,330499011,50215,スイス,466.0
import,2020,330499011,330499011,50111,タイ,22889.0
import,2020,330499011,330499011,50213,ドイツ,30030.0
import,2020,330499011,330499011,50606,ニュージーランド,235.0
import,2020,330499011,330499011,50210,フランス,3571039.0
import,2020,330499011,330499011,50110,ベトナム,18947.0
import,2020,330499011,330499011,50208,ベルギー,550319.0
import,2020,330499011,330499011,50223,ポーランド,11339.0
import,2020,330499011,330499011,50113,マレーシア,465.0
import,2020,330499011,330499011,50105,中華人民共和国,275394.0
import,2020,330499011,330499011,50106,台湾,29182.0
import,2020,330499011,330499011,50103,大韓民国,11171684.0
import,2020,330499011,330499011,50205,英国,41197.0
import,2020,330499011,330499011,50108,香港,2302.0
import,2020,330499012,330499012,50304,アメリカ合衆国,1060953.0
import,2020,330499012,330499012,50143,イスラエル,13978.0
import,2020,330499012,330499012,50220,イタリア,58321.0
import,2020,330499012,330499012,50207,オランダ,1796.0
import,2020,330499012,330499012,50601,オーストラリア,42587.0
import,2020,330499012,330499012,50225,オーストリア,817.0
import,2020,330499012,330499012,50302,カナダ,65238.0
import,2020,330499012,330499012,50230,ギリシャ,7105.0
import,2020,330499012,330499012,50112,シンガポール,1324.0
import,2020,330499012,330499012,50215,スイス,58783.0
import,2020,330499012,330499012,50218,スペイン,1430.0
import,2020,330499012,330499012,50111,タイ,131764.0
import,2020,330499012,330499012,50204,デンマーク,676.0
import,2020,330499012,330499012,50213,ドイツ,16743.0
import,2020,330499012,330499012,50606,ニュージーランド,8104.0
import,2020,330499012,330499012,50227,ハンガリー,572.0
import,2020,330499012,330499012,50117,フィリピン,265.0
import,2020,330499012,330499012,50222,フィンランド,213.0
import,2020,330499012,330499012,50210,フランス,1270982.0
import,2020,330499012,330499012,50410,ブラジル,310.0
import,2020,330499012,330499012,50110,ベトナム,357824.0
import,2020,330499012,330499012,50208,ベルギー,28069.0
import,2020,330499012,330499012,50223,ポーランド,1520.0
import,2020,330499012,330499012,50113,マレーシア,1789530.0
import,2020,330499012,330499012,50211,モナコ,14943.0
import,2020,330499012,330499012,50501,モロッコ,443.0
import,2020,330499012,330499012,50105,中華人民共和国,68912.0
import,2020,330499012,330499012,50106,台湾,3656.0
import,2020,330499012,330499012,50103,大韓民国,904427.0
import,2020,330499012,330499012,50205,英国,246562.0
import,2020,330499019,330499019,50201,アイスランド,496.0
import,2020,330499019,330499019,50206,アイルランド,19306.0
import,2020,330499019,330499019,50304,アメリカ合衆国,7192238.0
import,2020,330499019,330499019,50143,イスラエル,1467323.0
import,2020,330499019,330499019,50220,イタリア,603896.0
import,2020,330499019,330499019,50123,インド,160036.0
import,2020,330499019,330499019,50118,インドネシア,22198.0
import,2020,330499019,330499019,50406,エクアドル,2266.0
import,2020,330499019,330499019,50207,オランダ,11357.0
import,2020,330499019,330499019,50601,オーストラリア,892592.0
import,2020,330499019,330499019,50225,オーストリア,1300.0
import,2020,330499019,330499019,50302,カナダ,365266.0
import,2020,330499019,330499019,50517,ガーナ,333.0
import,2020,330499019,330499019,50233,キプロス,22985.0
import,2020,330499019,330499019,50230,ギリシャ,13241.0
import,2020,330499019,330499019,50607,クック,759.0
import,2020,330499019,330499019,50112,シンガポール,2238.0
import,2020,330499019,330499019,50215,スイス,639684.0
import,2020,330499019,330499019,50203,スウェーデン,4165.0
import,2020,330499019,330499019,50218,スペイン,69369.0
import,2020,330499019,330499019,50125,スリランカ,6983.0
import,2020,330499019,330499019,50246,スロバキア,984.0
import,2020,330499019,330499019,50242,スロベニア,5395.0
import,2020,330499019,330499019,50111,タイ,1200057.0
import,2020,330499019,330499019,50245,チェコ,8646.0
import,2020,330499019,330499019,50409,チリ,319.0
import,2020,330499019,330499019,50204,デンマーク,2526.0
import,2020,330499019,330499019,50234,トルコ,6656.0
import,2020,330499019,330499019,50213,ドイツ,1742358.0
import,2020,330499019,330499019,50606,ニュージーランド,107780.0
import,2020,330499019,330499019,50131,ネパール,1585.0
import,2020,330499019,330499019,50227,ハンガリー,2644.0
import,2020,330499019,330499019,50222,フィンランド,3906.0
import,2020,330499019,330499019,50210,フランス,14725471.0
import,2020,330499019,330499019,50410,ブラジル,44202.0
import,2020,330499019,330499019,50232,ブルガリア,8549.0
import,2020,330499019,330499019,50110,ベトナム,1176760.0
import,2020,330499019,330499019,50208,ベルギー,195995.0
import,2020,330499019,330499019,50223,ポーランド,24051.0
import,2020,330499019,330499019,50113,マレーシア,45802.0
import,2020,330499019,330499019,50305,メキシコ,260.0
import,2020,330499019,330499019,50211,モナコ,101614.0
import,2020,330499019,330499019,50501,モロッコ,35137.0
import,2020,330499019,330499019,50144,ヨルダン,2754.0
import,2020,330499019,330499019,50236,ラトビア,4327.0
import,2020,330499019,330499019,50237,リトアニア,24013.0
import,2020,330499019,330499019,50231,ルーマニア,2361.0
import,2020,330499019,330499019,50224,ロシア,4403.0
import,2020,330499019,330499019,50105,中華人民共和国,1051269.0
import,2020,330499019,330499019,50619,仏領ポリネシア,1175.0
import,2020,330499019,330499019,50551,南アフリカ共和国,725129.0
import,2020,330499019,330499019,50106,台湾,126791.0
import,2020,330499019,330499019,50103,大韓民国,5832484.0
import,2020,330499019,330499019,50205,英国,1462857.0
import,2020,330499019,330499019,50108,香港,4209.0
import,2020,330499090,330499090,50201,アイスランド,47666.0
import,2020,330499090,330499090,50206,アイルランド,13154.0
import,2020,330499090,330499090,50304,アメリカ合衆国,6840387.0
import,2020,330499090,330499090,50147,アラブ首長国連邦,214.0
import,2020,330499090,330499090,50143,イスラエル,443095.0
import,2020,330499090,330499090,50220,イタリア,270447.0
import,2020,330499090,330499090,50123,インド,100217.0
import,2020,330499090,330499090,50118,インドネシア,10596.0
import,2020,330499090,330499090,50238,ウクライナ,77037.0
import,2020,330499090,330499090,50207,オランダ,56388.0
import,2020,330499090,330499090,50601,オーストラリア,429227.0
import,2020,330499090,330499090,50225,オーストリア,2392.0
import,2020,330499090,330499090,50302,カナダ,188107.0
import,2020,330499090,330499090,50517,ガーナ,280.0
import,2020,330499090,330499090,50230,ギリシャ,6555.0
import,2020,330499090,330499090,50241,クロアチア,344.0
import,2020,330499090,330499090,50112,シンガポール,20396.0
import,2020,330499090,330499090,50215,スイス,534612.0
import,2020,330499090,330499090,50203,スウェーデン,49944.0
import,2020,330499090,330499090,50218,スペイン,165275.0
import,2020,330499090,330499090,50125,スリランカ,3938.0
import,2020,330499090,330499090,50246,スロバキア,332.0
import,2020,330499090,330499090,50242,スロベニア,3155.0
import,2020,330499090,330499090,50111,タイ,586745.0
import,2020,330499090,330499090,50245,チェコ,20902.0
import,2020,330499090,330499090,50204,デンマーク,89336.0
import,2020,330499090,330499090,50234,トルコ,1063.0
import,2020,330499090,330499090,50213,ドイツ,835277.0
import,2020,330499090,330499090,50606,ニュージーランド,43263.0
import,2020,330499090,330499090,50227,ハンガリー,4852.0
import,2020,330499090,330499090,50117,フィリピン,36760.0
import,2020,330499090,330499090,50222,フィンランド,2927.0
import,2020,330499090,330499090,50210,フランス,12231756.0
import,2020,330499090,330499090,50410,ブラジル,9730.0
import,2020,330499090,330499090,50232,ブルガリア,6945.0
import,2020,330499090,330499090,50110,ベトナム,543454.0
import,2020,330499090,330499090,50208,ベルギー,154909.0
import,2020,330499090,330499090,50223,ポーランド,48955.0
import,2020,330499090,330499090,50113,マレーシア,29010.0
import,2020,330499090,330499090,50305,メキシコ,613.0
import,2020,330499090,330499090,50211,モナコ,32664.0
import,2020,330499090,330499090,50501,モロッコ,36464.0
import,2020,330499090,330499090,50107,モンゴル,485.0
import,2020,330499090,330499090,50236,ラトビア,1330.0
import,2020,330499090,330499090,50209,ルクセンブルク,376.0
import,2020,330499090,330499090,50231,ルーマニア,1098.0
import,2020,330499090,330499090,50224,ロシア,12021.0
import,2020,330499090,330499090,50105,中華人民共和国,1256300.0
import,2020,330499090,330499090,50551,南アフリカ共和国,844360.0
import,2020,330499090,330499090,50106,台湾,495066.0
import,2020,330499090,330499090,50103,大韓民国,13272426.0
import,2020,330499090,330499090,50205,英国,1957635.0
import,2020,330499090,330499090,50108,香港,13795.0
import,2021,330410000,330410000,50304,アメリカ合衆国,612092.0
import,2021,330410000,330410000,50220,イタリア,1019304.0
import,2021,330410000,330410000,50601,オーストラリア,9595.0
import,2021,330410000,330410000,50302,カナダ,364645.0
import,2021,330410000,330410000,50203,スウェーデン,1674.0
import,2021,330410000,330410000,50242,スロベニア,441.0
import,2021,330410000,330410000,50111,タイ,34609.0
import,2021,330410000,330410000,50245,チェコ,7301.0
import,2021,330410000,330410000,50213,ドイツ,101368.0
import,2021,330410000,330410000,50606,ニュージーランド,3424.0
import,2021,330410000,330410000,50222,フィンランド,1023.0
import,2021,330410000,330410000,50210,フランス,4327501.0
import,2021,330410000,330410000,50110,ベトナム,14689.0
import,2021,330410000,330410000,50208,ベルギー,209217.0
import,2021,330410000,330410000,50113,マレーシア,38663.0
import,2021,330410000,330410000,50501,モロッコ,1118.0
import,2021,330410000,330410000,50105,中華人民共和国,1033948.0
import,2021,330410000,330410000,50106,台湾,46803.0
import,2021,330410000,330410000,50103,大韓民国,3499968.0
import,2021,330410000,330410000,50205,英国,10313.0
import,2021,330420000,330420000,50304,アメリカ合衆国,2259954.0
import,2021,330420000,330420000,50143,イスラエル,5367.0
import,2021,330420000,330420000,50220,イタリア,2321179.0
import,2021,330420000,330420000,50207,オランダ,1711.0
import,2021,330420000,330420000,50601,オーストラリア,918.0
import,2021,330420000,330420000,50225,オーストリア,1282.0
import,2021,330420000,330420000,50302,カナダ,387579.0
import,2021,330420000,330420000,50112,シンガポール,765.0
import,2021,330420000,330420000,50215,スイス,6121.0
import,2021,330420000,330420000,50203,スウェーデン,3060.0
import,2021,330420000,330420000,50218,スペイン,3777.0
import,2021,330420000,330420000,50242,スロベニア,441.0
import,2021,330420000,330420000,50111,タイ,49822.0
import,2021,330420000,330420000,50245,チェコ,4754.0
import,2021,330420000,330420000,50204,デンマーク,1660.0
import,2021,330420000,330420000,50213,ドイツ,221264.0
import,2021,330420000,330420000,50606,ニュージーランド,243.0
import,2021,330420000,330420000,50117,フィリピン,248330.0
import,2021,330420000,330420000,50210,フランス,3740642.0
import,2021,330420000,330420000,50410,ブラジル,690.0
import,2021,330420000,330420000,50110,ベトナム,197206.0
import,2021,330420000,330420000,50208,ベルギー,7411.0
import,2021,330420000,330420000,50223,ポーランド,20654.0
import,2021,330420000,330420000,50113,マレーシア,216.0
import,2021,330420000,330420000,50305,メキシコ,962.0
import,2021,330420000,330420000,50211,モナコ,655.0
import,2021,330420000,330420000,50237,リトアニア,854.0
import,2021,330420000,330420000,50224,ロシア,1647.0
import,2021,330420000,330420000,50105,中華人民共和国,4106559.0
import,2021,330420000,330420000,50106,台湾,610839.0
import,2021,330420000,330420000,50103,大韓民国,7565141.0
import,2021,330420000,330420000,50205,英国,7212.0
import,2021,330420000,330420000,50108,香港,2085.0
import,2021,330430000,330430000,50304,アメリカ合衆国,580835.0
import,2021,330430000,330430000,50143,イスラエル,7324.0
import,2021,330430000,330430000,50220,イタリア,108149.0
import,2021,330430000,330430000,50207,オランダ,4970.0
import,2021,330430000,330430000,50302,カナダ,27363.0
import,2021,330430000,330430000,50215,スイス,12639.0
import,2021,330430000,330430000,50203,スウェーデン,4462.0
import,2021,330430000,330430000,50218,スペイン,297.0
import,2021,330430000,330430000,50213,ドイツ,14513.0
import,2021,330430000,330430000,50210,フランス,1786739.0
import,2021,330430000,330430000,50410,ブラジル,2529.0
import,2021,330430000,330430000,50232,ブルガリア,377.0
import,2021,330430000,330430000,50223,ポーランド,643.0
import,2021,330430000,330430000,50305,メキシコ,4578.0
import,2021,330430000,330430000,50209,ルクセンブルク,5843.0
import,2021,330430000,330430000,50105,中華人民共和国,2093212.0
import,2021,330430000,330430000,50551,南アフリカ共和国,102159.0
import,2021,330430000,330430000,50106,台湾,524185.0
import,2021,330430000,330430000,50103,大韓民国,238570.0
import,2021,330430000,330430000,50205,英国,36473.0
import,2021,330491010,330491010,50304,アメリカ合衆国,95912.0
import,2021,330491010,330491010,50220,イタリア,185497.0
import,2021,330491010,330491010,50302,カナダ,1118.0
import,2021,330491010,330491010,50111,タイ,17221.0
import,2021,330491010,330491010,50213,ドイツ,727.0
import,2021,330491010,330491010,50210,フランス,618647.0
import,2021,330491010,330491010,50208,ベルギー,2932.0
import,2021,330491010,330491010,50113,マレーシア,234.0
import,2021,330491010,330491010,50105,中華人民共和国,33861.0
import,2021,330491010,330491010,50106,台湾,17711.0
import,2021,330491010,330491010,50103,大韓民国,792709.0
import,2021,330491010,330491010,50205,英国,765.0
import,2021,330491090,330491090,50304,アメリカ合衆国,647554.0
import,2021,330491090,330491090,50220,イタリア,1637906.0
import,2021,330491090,330491090,50123,インド,864.0
import,2021,330491090,330491090,50118,インドネシア,1107.0
import,2021,330491090,330491090,50601,オーストラリア,2417.0
import,2021,330491090,330491090,50302,カナダ,81474.0
import,2021,330491090,330491090,50112,シンガポール,987.0
import,2021,330491090,330491090,50215,スイス,464.0
import,2021,330491090,330491090,50111,タイ,83223.0
import,2021,330491090,330491090,50234,トルコ,418.0
import,2021,330491090,330491090,50213,ドイツ,2870.0
import,2021,330491090,330491090,50606,ニュージーランド,4889.0
import,2021,330491090,330491090,50117,フィリピン,559.0
import,2021,330491090,330491090,50210,フランス,1297299.0
import,2021,330491090,330491090,50410,ブラジル,1783.0
import,2021,330491090,330491090,50110,ベトナム,8013.0
import,2021,330491090,330491090,50208,ベルギー,15351.0
import,2021,330491090,330491090,50223,ポーランド,31264.0
import,2021,330491090,330491090,50113,マレーシア,2302.0
import,2021,330491090,330491090,50501,モロッコ,11347.0
import,2021,330491090,330491090,50105,中華人民共和国,653277.0
import,2021,330491090,330491090,50106,台湾,94151.0
import,2021,330491090,330491090,50103,大韓民国,2859646.0
import,2021,330491090,330491090,50205,英国,6562.0
import,2021,330491090,330491090,50108,香港,3567.0
import,2021,330499011,330499011,50304,アメリカ合衆国,683759.0
import,2021,330499011,330499011,50220,イタリア,52249.0
import,2021,330499011,330499011,50601,オーストラリア,1084.0
import,2021,330499011,330499011,50302,カナダ,68389.0
import,2021,330499011,330499011,50112,シンガポール,4655.0
import,2021,330499011,330499011,50215,スイス,5241.0
import,2021,330499011,330499011,50218,スペイン,232.0
import,2021,330499011,330499011,50111,タイ,8832.0
import,2021,330499011,330499011,50213,ドイツ,25028.0
import,2021,330499011,330499011,50210,フランス,3484594.0
import,2021,330499011,330499011,50110,ベトナム,12589.0
import,2021,330499011,330499011,50208,ベルギー,429763.0
import,2021,330499011,330499011,50223,ポーランド,31775.0
import,2021,330499011,330499011,50113,マレーシア,847.0
import,2021,330499011,330499011,50105,中華人民共和国,255517.0
import,2021,330499011,330499011,50106,台湾,41400.0
import,2021,330499011,330499011,50103,大韓民国,11246421.0
import,2021,330499011,330499011,50205,英国,95409.0
import,2021,330499011,330499011,50108,香港,8697.0
import,2021,330499012,330499012,50304,アメリカ合衆国,1004389.0
import,2021,330499012,330499012,50143,イスラエル,7073.0
import,2021,330499012,330499012,50220,イタリア,51059.0
import,2021,330499012,330499012,50123,インド,237.0
import,2021,330499012,330499012,50601,オーストラリア,91680.0
import,2021,330499012,330499012,50302,カナダ,212063.0
import,2021,330499012,330499012,50230,ギリシャ,603.0
import,2021,330499012,330499012,50112,シンガポール,1998.0
import,2021,330499012,330499012,50215,スイス,47667.0
import,2021,330499012,330499012,50218,スペイン,2592.0
import,2021,330499012,330499012,50111,タイ,123728.0
import,2021,330499012,330499012,50204,デンマーク,338.0
import,2021,330499012,330499012,50213,ドイツ,12946.0
import,2021,330499012,330499012,50606,ニュージーランド,4802.0
import,2021,330499012,330499012,50227,ハンガリー,272.0
import,2021,330499012,330499012,50222,フィンランド,420.0
import,2021,330499012,330499012,50210,フランス,1361477.0
import,2021,330499012,330499012,50232,ブルガリア,291.0
import,2021,330499012,330499012,50110,ベトナム,352562.0
import,2021,330499012,330499012,50208,ベルギー,23395.0
import,2021,330499012,330499012,50223,ポーランド,2580.0
import,2021,330499012,330499012,50113,マレーシア,2161639.0
import,2021,330499012,330499012,50211,モナコ,9503.0
import,2021,330499012,330499012,50105,中華人民共和国,63015.0
import,2021,330499012,330499012,50103,大韓民国,1455979.0
import,2021,330499012,330499012,50205,英国,132451.0
import,2021,330499012,330499012,50108,香港,1913.0
import,2021,330499019,330499019,50201,アイスランド,2371.0
import,2021,330499019,330499019,50206,アイルランド,77076.0
import,2021,330499019,330499019,50304,アメリカ合衆国,10311418.0
import,2021,330499019,330499019,50143,イスラエル,1209809.0
import,2021,330499019,330499019,50220,イタリア,483469.0
import,2021,330499019,330499019,50123,インド,104947.0
import,2021,330499019,330499019,50118,インドネシア,22320.0
import,2021,330499019,330499019,50406,エクアドル,2613.0
import,2021,330499019,330499019,50235,エストニア,1507.0
import,2021,330499019,330499019,50207,オランダ,15487.0
import,2021,330499019,330499019,50601,オーストラリア,1353733.0
import,2021,330499019,330499019,50225,オーストリア,2949.0
import,2021,330499019,330499019,50302,カナダ,218928.0
import,2021,330499019,330499019,50517,ガーナ,260.0
import,2021,330499019,330499019,50230,ギリシャ,2661.0
import,2021,330499019,330499019,50607,クック,249.0
import,2021,330499019,330499019,50112,シンガポール,6741.0
import,2021,330499019,330499019,50215,スイス,755326.0
import,2021,330499019,330499019,50203,スウェーデン,11693.0
import,2021,330499019,330499019,50218,スペイン,28205.0
import,2021,330499019,330499019,50125,スリランカ,13744.0
import,2021,330499019,330499019,50242,スロベニア,10604.0
import,2021,330499019,330499019,50111,タイ,1160762.0
import,2021,330499019,330499019,50245,チェコ,12132.0
import,2021,330499019,330499019,50504,チュニジア,2090.0
import,2021,330499019,330499019,50204,デンマーク,14857.0
import,2021,330499019,330499019,50234,トルコ,4924.0
import,2021,330499019,330499019,50213,ドイツ,1475018.0
import,2021,330499019,330499019,50606,ニュージーランド,93451.0
import,2021,330499019,330499019,50131,ネパール,8012.0
import,2021,330499019,330499019,50227,ハンガリー,4017.0
import,2021,330499019,330499019,50117,フィリピン,11170.0
import,2021,330499019,330499019,50222,フィンランド,4346.0
import,2021,330499019,330499019,50210,フランス,15931197.0
import,2021,330499019,330499019,50410,ブラジル,25528.0
import,2021,330499019,330499019,50232,ブルガリア,5668.0
import,2021,330499019,330499019,50324,プエルトリコ(米),269.0
import,2021,330499019,330499019,50110,ベトナム,900379.0
import,2021,330499019,330499019,50208,ベルギー,153665.0
import,2021,330499019,330499019,50217,ポルトガル,605.0
import,2021,330499019,330499019,50223,ポーランド,101580.0
import,2021,330499019,330499019,50113,マレーシア,25491.0
import,2021,330499019,330499019,50305,メキシコ,367.0
import,2021,330499019,330499019,50211,モナコ,50419.0
import,2021,330499019,330499019,50501,モロッコ,31671.0
import,2021,330499019,330499019,50144,ヨルダン,1825.0
import,2021,330499019,330499019,50236,ラトビア,1259.0
import,2021,330499019,330499019,50237,リトアニア,12701.0
import,2021,330499019,330499019,50209,ルクセンブルク,702.0
import,2021,330499019,330499019,50231,ルーマニア,1312.0
import,2021,330499019,330499019,50224,ロシア,11882.0
import,2021,330499019,330499019,50105,中華人民共和国,858721.0
import,2021,330499019,330499019,50619,仏領ポリネシア,1385.0
import,2021,330499019,330499019,50551,南アフリカ共和国,1151796.0
import,2021,330499019,330499019,50106,台湾,126514.0
import,2021,330499019,330499019,50103,大韓民国,7782975.0
import,2021,330499019,330499019,50205,英国,1167371.0
import,2021,330499019,330499019,50108,香港,12383.0
import,2021,330499090,330499090,50201,アイスランド,18567.0
import,2021,330499090,330499090,50206,アイルランド,10741.0
import,2021,330499090,330499090,50304,アメリカ合衆国,7804747.0
import,2021,330499090,330499090,50147,アラブ首長国連邦,2346.0
import,2021,330499090,330499090,50143,イスラエル,406046.0
import,2021,330499090,330499090,50220,イタリア,448352.0
import,2021,330499090,330499090,50123,インド,109437.0
import,2021,330499090,330499090,50118,インドネシア,13311.0
import,2021,330499090,330499090,50238,ウクライナ,8761.0
import,2021,330499090,330499090,50207,オランダ,50711.0
import,2021,330499090,330499090,50601,オーストラリア,633687.0
import,2021,330499090,330499090,50225,オーストリア,1553.0
import,2021,330499090,330499090,50302,カナダ,106415.0
import,2021,330499090,330499090,50230,ギリシャ,879.0
import,2021,330499090,330499090,50112,シンガポール,22712.0
import,2021,330499090,330499090,50215,スイス,561353.0
import,2021,330499090,330499090,50203,スウェーデン,47716.0
import,2021,330499090,330499090,50218,スペイン,100578.0
import,2021,330499090,330499090,50125,スリランカ,7287.0
import,2021,330499090,330499090,50242,スロベニア,8693.0
import,2021,330499090,330499090,50111,タイ,208023.0
import,2021,330499090,330499090,50245,チェコ,11495.0
import,2021,330499090,330499090,50204,デンマーク,74457.0
import,2021,330499090,330499090,50234,トルコ,1304.0
import,2021,330499090,330499090,50213,ドイツ,679796.0
import,2021,330499090,330499090,50606,ニュージーランド,17877.0
import,2021,330499090,330499090,50227,ハンガリー,4228.0
import,2021,330499090,330499090,50117,フィリピン,6560.0
import,2021,330499090,330499090,50222,フィンランド,6174.0
import,2021,330499090,330499090,50210,フランス,13168463.0
import,2021,330499090,330499090,50410,ブラジル,14224.0
import,2021,330499090,330499090,50232,ブルガリア,6552.0
import,2021,330499090,330499090,50110,ベトナム,691893.0
import,2021,330499090,330499090,50208,ベルギー,184846.0
import,2021,330499090,330499090,50217,ポルトガル,258.0
import,2021,330499090,330499090,50223,ポーランド,46064.0
import,2021,330499090,330499090,50113,マレーシア,35477.0
import,2021,330499090,330499090,50305,メキシコ,737.0
import,2021,330499090,330499090,50211,モナコ,21185.0
import,2021,330499090,330499090,50501,モロッコ,23771.0
import,2021,330499090,330499090,50107,モンゴル,512.0
import,2021,330499090,330499090,50236,ラトビア,865.0
import,2021,330499090,330499090,50237,リトアニア,235.0
import,2021,330499090,330499090,50209,ルクセンブルク,2806.0
import,2021,330499090,330499090,50224,ロシア,66218.0
import,2021,330499090,330499090,50105,中華人民共和国,1156375.0
import,2021,330499090,330499090,50551,南アフリカ共和国,839181.0
import,2021,330499090,330499090,50106,台湾,343194.0
import,2021,330499090,330499090,50103,大韓民国,15045106.0
import,2021,330499090,330499090,50205,英国,1438434.0
import,2021,330499090,330499090,50108,香港,18949.0
import,2022,330410000,330410000,50304,アメリカ合衆国,865957.0
import,2022,330410000,330410000,50220,イタリア,1084969.0
import,2022,330410000,330410000,50207,オランダ,360.0
import,2022,330410000,330410000,50601,オーストラリア,8370.0
import,2022,330410000,330410000,50302,カナダ,435682.0
import,2022,330410000,330410000,50203,スウェーデン,1471.0
import,2022,330410000,330410000,50218,スペイン,910.0
import,2022,330410000,330410000,50111,タイ,131349.0
import,2022,330410000,330410000,50245,チェコ,5231.0
import,2022,330410000,330410000,50204,デンマーク,248.0
import,2022,330410000,330410000,50213,ドイツ,175802.0
import,2022,330410000,330410000,50606,ニュージーランド,3377.0
import,2022,330410000,330410000,50131,ネパール,1834.0
import,2022,330410000,330410000,50117,フィリピン,1055.0
import,2022,330410000,330410000,50210,フランス,6543920.0
import,2022,330410000,330410000,50410,ブラジル,312.0
import,2022,330410000,330410000,50208,ベルギー,347017.0
import,2022,330410000,330410000,50223,ポーランド,3768.0
import,2022,330410000,330410000,50113,マレーシア,53194.0
import,2022,330410000,330410000,50237,リトアニア,550.0
import,2022,330410000,330410000,50209,ルクセンブルク,4214.0
import,2022,330410000,330410000,50105,中華人民共和国,1194467.0
import,2022,330410000,330410000,50106,台湾,95329.0
import,2022,330410000,330410000,50103,大韓民国,4274173.0
import,2022,330410000,330410000,50205,英国,37836.0
import,2022,330410000,330410000,50108,香港,3253.0
import,2022,330420000,330420000,50304,アメリカ合衆国,3141383.0
import,2022,330420000,330420000,50147,アラブ首長国連邦,14076.0
import,2022,330420000,330420000,50220,イタリア,2444100.0
import,2022,330420000,330420000,50601,オーストラリア,527.0
import,2022,330420000,330420000,50302,カナダ,371204.0
import,2022,330420000,330420000,50112,シンガポール,236.0
import,2022,330420000,330420000,50215,スイス,2111.0
import,2022,330420000,330420000,50203,スウェーデン,2637.0
import,2022,330420000,330420000,50218,スペイン,841.0
import,2022,330420000,330420000,50111,タイ,176615.0
import,2022,330420000,330420000,50245,チェコ,24497.0
import,2022,330420000,330420000,50204,デンマーク,1138.0
import,2022,330420000,330420000,50234,トルコ,2544.0
import,2022,330420000,330420000,50213,ドイツ,299067.0
import,2022,330420000,330420000,50606,ニュージーランド,2512.0
import,2022,330420000,330420000,50117,フィリピン,356684.0
import,2022,330420000,330420000,50210,フランス,5438408.0
import,2022,330420000,330420000,50410,ブラジル,406.0
import,2022,330420000,330420000,50110,ベトナム,109137.0
import,2022,330420000,330420000,50208,ベルギー,35560.0
import,2022,330420000,330420000,50223,ポーランド,32804.0
import,2022,330420000,330420000,50305,メキシコ,3210.0
import,2022,330420000,330420000,50211,モナコ,1246.0
import,2022,330420000,330420000,50224,ロシア,9340.0
import,2022,330420000,330420000,50105,中華人民共和国,5645773.0
import,2022,330420000,330420000,50106,台湾,931441.0
import,2022,330420000,330420000,50103,大韓民国,8011449.0
import,2022,330420000,330420000,50205,英国,15809.0
import,2022,330420000,330420000,50108,香港,940.0
import,2022,330430000,330430000,50304,アメリカ合衆国,813905.0
import,2022,330430000,330430000,50220,イタリア,130617.0
import,2022,330430000,330430000,50207,オランダ,1186.0
import,2022,330430000,330430000,50601,オーストラリア,2436.0
import,2022,330430000,330430000,50302,カナダ,20551.0
import,2022,330430000,330430000,50230,ギリシャ,436.0
import,2022,330430000,330430000,50112,シンガポール,606.0
import,2022,330430000,330430000,50215,スイス,3065.0
import,2022,330430000,330430000,50203,スウェーデン,223.0
import,2022,330430000,330430000,50218,スペイン,8458.0
import,2022,330430000,330430000,50213,ドイツ,35461.0
import,2022,330430000,330430000,50210,フランス,1721169.0
import,2022,330430000,330430000,50410,ブラジル,5869.0
import,2022,330430000,330430000,50232,ブルガリア,261.0
import,2022,330430000,330430000,50223,ポーランド,1611.0
import,2022,330430000,330430000,50305,メキシコ,7396.0
import,2022,330430000,330430000,50209,ルクセンブルク,4421.0
import,2022,330430000,330430000,50105,中華人民共和国,3560199.0
import,2022,330430000,330430000,50551,南アフリカ共和国,108786.0
import,2022,330430000,330430000,50106,台湾,570831.0
import,2022,330430000,330430000,50103,大韓民国,471043.0
import,2022,330430000,330430000,50205,英国,723.0
import,2022,330430000,330430000,50108,香港,1588.0
import,2022,330491010,330491010,50304,アメリカ合衆国,134332.0
import,2022,330491010,330491010,50220,イタリア,449769.0
import,2022,330491010,330491010,50215,スイス,652.0
import,2022,330491010,330491010,50111,タイ,35189.0
import,2022,330491010,330491010,50210,フランス,892859.0
import,2022,330491010,330491010,50110,ベトナム,1877.0
import,2022,330491010,330491010,50105,中華人民共和国,73473.0
import,2022,330491010,330491010,50106,台湾,40956.0
import,2022,330491010,330491010,50103,大韓民国,1197673.0
import,2022,330491090,330491090,50304,アメリカ合衆国,772449.0
import,2022,330491090,330491090,50220,イタリア,2676803.0
import,2022,330491090,330491090,50118,インドネシア,1704.0
import,2022,330491090,330491090,50207,オランダ,574.0
import,2022,330491090,330491090,50601,オーストラリア,2075.0
import,2022,330491090,330491090,50302,カナダ,62625.0
import,2022,330491090,330491090,50112,シンガポール,967.0
import,2022,330491090,330491090,50215,スイス,623.0
import,2022,330491090,330491090,50111,タイ,121007.0
import,2022,330491090,330491090,50213,ドイツ,4027.0
import,2022,330491090,330491090,50117,フィリピン,297.0
import,2022,330491090,330491090,50210,フランス,1776521.0
import,2022,330491090,330491090,50410,ブラジル,955.0
import,2022,330491090,330491090,50110,ベトナム,432.0
import,2022,330491090,330491090,50208,ベルギー,40606.0
import,2022,330491090,330491090,50223,ポーランド,3652.0
import,2022,330491090,330491090,50224,ロシア,998.0
import,2022,330491090,330491090,50105,中華人民共和国,579480.0
import,2022,330491090,330491090,50106,台湾,113312.0
import,2022,330491090,330491090,50103,大韓民国,7931152.0
import,2022,330491090,330491090,50205,英国,10910.0
import,2022,330491090,330491090,50108,香港,2287.0
import,2022,330499011,330499011,50304,アメリカ合衆国,717943.0
import,2022,330499011,330499011,50220,イタリア,80180.0
import,2022,330499011,330499011,50207,オランダ,261.0
import,2022,330499011,330499011,50302,カナダ,105574.0
import,2022,330499011,330499011,50112,シンガポール,5602.0
import,2022,330499011,330499011,50215,スイス,9681.0
import,2022,330499011,330499011,50111,タイ,89455.0
import,2022,330499011,330499011,50213,ドイツ,40998.0
import,2022,330499011,330499011,50117,フィリピン,620.0
import,2022,330499011,330499011,50210,フランス,4282777.0
import,2022,330499011,330499011,50232,ブルガリア,919.0
import,2022,330499011,330499011,50110,ベトナム,21885.0
import,2022,330499011,330499011,50208,ベルギー,668223.0
import,2022,330499011,330499011,50223,ポーランド,7856.0
import,2022,330499011,330499011,50113,マレーシア,248.0
import,2022,330499011,330499011,50105,中華人民共和国,388801.0
import,2022,330499011,330499011,50106,台湾,113473.0
import,2022,330499011,330499011,50103,大韓民国,12560306.0
import,2022,330499011,330499011,50205,英国,55813.0
import,2022,330499011,330499011,50108,香港,4984.0
import,2022,330499012,330499012,50304,アメリカ合衆国,1111576.0
import,2022,330499012,330499012,50143,イスラエル,8138.0
import,2022,330499012,330499012,50220,イタリア,52551.0
import,2022,330499012,330499012,50123,インド,2222.0
import,2022,330499012,330499012,50601,オーストラリア,90823.0
import,2022,330499012,330499012,50302,カナダ,541670.0
import,2022,330499012,330499012,50230,ギリシャ,1035.0
import,2022,330499012,330499012,50112,シンガポール,818.0
import,2022,330499012,330499012,50215,スイス,25697.0
import,2022,330499012,330499012,50218,スペイン,1705.0
import,2022,330499012,330499012,50125,スリランカ,1239.0
import,2022,330499012,330499012,50111,タイ,17126.0
import,2022,330499012,330499012,50204,デンマーク,605.0
import,2022,330499012,330499012,50213,ドイツ,29503.0
import,2022,330499012,330499012,50606,ニュージーランド,7320.0
import,2022,330499012,330499012,50210,フランス,1523233.0
import,2022,330499012,330499012,50110,ベトナム,441922.0
import,2022,330499012,330499012,50208,ベルギー,36770.0
import,2022,330499012,330499012,50223,ポーランド,1504.0
import,2022,330499012,330499012,50113,マレーシア,1908397.0
import,2022,330499012,330499012,50211,モナコ,15448.0
import,2022,330499012,330499012,50105,中華人民共和国,99446.0
import,2022,330499012,330499012,50106,台湾,8916.0
import,2022,330499012,330499012,50103,大韓民国,2073788.0
import,2022,330499012,330499012,50205,英国,128535.0
import,2022,330499012,330499012,50108,香港,2476.0
import,2022,330499019,330499019,50201,アイスランド,3585.0
import,2022,330499019,330499019,50206,アイルランド,11171.0
import,2022,330499019,330499019,50304,アメリカ合衆国,11127570.0
import,2022,330499019,330499019,50143,イスラエル,1665246.0
import,2022,330499019,330499019,50220,イタリア,554074.0
import,2022,330499019,330499019,50123,インド,183356.0
import,2022,330499019,330499019,50118,インドネシア,13388.0
import,2022,330499019,330499019,50238,ウクライナ,203.0
import,2022,330499019,330499019,50235,エストニア,644.0
import,2022,330499019,330499019,50207,オランダ,15453.0
import,2022,330499019,330499019,50601,オーストラリア,1242770.0
import,2022,330499019,330499019,50225,オーストリア,1039.0
import,2022,330499019,330499019,50302,カナダ,473755.0
import,2022,330499019,330499019,50517,ガーナ,281.0
import,2022,330499019,330499019,50230,ギリシャ,2029.0
import,2022,330499019,330499019,50401,コロンビア,270.0
import,2022,330499019,330499019,50112,シンガポール,7908.0
import,2022,330499019,330499019,50215,スイス,842572.0
import,2022,330499019,330499019,50203,スウェーデン,10425.0
import,2022,330499019,330499019,50218,スペイン,77410.0
import,2022,330499019,330499019,50125,スリランカ,17254.0
import,2022,330499019,330499019,50246,スロバキア,8385.0
import,2022,330499019,330499019,50242,スロベニア,2589.0
import,2022,330499019,330499019,50111,タイ,1178133.0
import,2022,330499019,330499019,50245,チェコ,8922.0
import,2022,330499019,330499019,50204,デンマーク,7744.0
import,2022,330499019,330499019,50234,トルコ,1795.0
import,2022,330499019,330499019,50213,ドイツ,1257399.0
import,2022,330499019,330499019,50550,ナミビア,314.0
import,2022,330499019,330499019,50606,ニュージーランド,147499.0
import,2022,330499019,330499019,50131,ネパール,8099.0
import,2022,330499019,330499019,50227,ハンガリー,1495.0
import,2022,330499019,330499019,50612,フィジー,425.0
import,2022,330499019,330499019,50222,フィンランド,5370.0
import,2022,330499019,330499019,50210,フランス,16253048.0
import,2022,330499019,330499019,50410,ブラジル,16944.0
import,2022,330499019,330499019,50232,ブルガリア,10484.0
import,2022,330499019,330499019,50110,ベトナム,1844876.0
import,2022,330499019,330499019,50208,ベルギー,163316.0
import,2022,330499019,330499019,50217,ポルトガル,1087.0
import,2022,330499019,330499019,50223,ポーランド,124015.0
import,2022,330499019,330499019,50113,マレーシア,41701.0
import,2022,330499019,330499019,50211,モナコ,67562.0
import,2022,330499019,330499019,50501,モロッコ,21604.0
import,2022,330499019,330499019,50144,ヨルダン,1880.0
import,2022,330499019,330499019,50236,ラトビア,1072.0
import,2022,330499019,330499019,50237,リトアニア,7830.0
import,2022,330499019,330499019,50209,ルクセンブルク,464.0
import,2022,330499019,330499019,50231,ルーマニア,3233.0
import,2022,330499019,330499019,50224,ロシア,10190.0
import,2022,330499019,330499019,50105,中華人民共和国,1516800.0
import,2022,330499019,330499019,50619,仏領ポリネシア,2140.0
import,2022,330499019,330499019,50551,南アフリカ共和国,1036131.0
import,2022,330499019,330499019,50106,台湾,134241.0
import,2022,330499019,330499019,50103,大韓民国,9813367.0
import,2022,330499019,330499019,50205,英国,1260500.0
import,2022,330499019,330499019,50108,香港,10342.0
import,2022,330499090,330499090,50201,アイスランド,30243.0
import,2022,330499090,330499090,50206,アイルランド,1568.0
import,2022,330499090,330499090,50304,アメリカ合衆国,8310689.0
import,2022,330499090,330499090,50143,イスラエル,545717.0
import,2022,330499090,330499090,50220,イタリア,688831.0
import,2022,330499090,330499090,50123,インド,109567.0
import,2022,330499090,330499090,50118,インドネシア,508.0
import,2022,330499090,330499090,50238,ウクライナ,1891.0
import,2022,330499090,330499090,50412,ウルグアイ,29334.0
import,2022,330499090,330499090,50235,エストニア,4139.0
import,2022,330499090,330499090,50207,オランダ,43363.0
import,2022,330499090,330499090,50601,オーストラリア,672675.0
import,2022,330499090,330499090,50225,オーストリア,1280.0
import,2022,330499090,330499090,50302,カナダ,143241.0
import,2022,330499090,330499090,50230,ギリシャ,430.0
import,2022,330499090,330499090,50241,クロアチア,316.0
import,2022,330499090,330499090,50112,シンガポール,53679.0
import,2022,330499090,330499090,50215,スイス,649522.0
import,2022,330499090,330499090,50203,スウェーデン,55315.0
import,2022,330499090,330499090,50218,スペイン,143428.0
import,2022,330499090,330499090,50125,スリランカ,6232.0
import,2022,330499090,330499090,50242,スロベニア,6086.0
import,2022,330499090,330499090,50111,タイ,330975.0
import,2022,330499090,330499090,50245,チェコ,6000.0
import,2022,330499090,330499090,50204,デンマーク,83622.0
import,2022,330499090,330499090,50234,トルコ,1709.0
import,2022,330499090,330499090,50213,ドイツ,871797.0
import,2022,330499090,330499090,50606,ニュージーランド,56370.0
import,2022,330499090,330499090,50227,ハンガリー,7415.0
import,2022,330499090,330499090,50312,パナマ,222.0
import,2022,330499090,330499090,50612,フィジー,551.0
import,2022,330499090,330499090,50117,フィリピン,3856.0
import,2022,330499090,330499090,50222,フィンランド,3888.0
import,2022,330499090,330499090,50210,フランス,15075993.0
import,2022,330499090,330499090,50410,ブラジル,27764.0
import,2022,330499090,330499090,50232,ブルガリア,13147.0
import,2022,330499090,330499090,50110,ベトナム,906888.0
import,2022,330499090,330499090,50208,ベルギー,217397.0
import,2022,330499090,330499090,50217,ポルトガル,919.0
import,2022,330499090,330499090,50223,ポーランド,107599.0
import,2022,330499090,330499090,50113,マレーシア,31705.0
import,2022,330499090,330499090,50305,メキシコ,724.0
import,2022,330499090,330499090,50211,モナコ,17162.0
import,2022,330499090,330499090,50501,モロッコ,34532.0
import,2022,330499090,330499090,50236,ラトビア,2093.0
import,2022,330499090,330499090,50237,リトアニア,2521.0
import,2022,330499090,330499090,50209,ルクセンブルク,1026.0
import,2022,330499090,330499090,50231,ルーマニア,356.0
import,2022,330499090,330499090,50224,ロシア,8588.0
import,2022,330499090,330499090,50105,中華人民共和国,833820.0
import,2022,330499090,330499090,50551,南アフリカ共和国,767375.0
import,2022,330499090,330499090,50106,台湾,496664.0
import,2022,330499090,330499090,50103,大韓民国,18391608.0
import,2022,330499090,330499090,50205,英国,1575394.0
import,2022,330499090,330499090,50108,香港,25916.0
import,2023,330410000,330410000,50304,アメリカ合衆国,873393.0
import,2023,330410000,330410000,50143,イスラエル,335.0
import,2023,330410000,330410000,50220,イタリア,1224067.0
import,2023,330410000,330410000,50601,オーストラリア,8034.0
import,2023,330410000,330410000,50302,カナダ,617410.0
import,2023,330410000,330410000,50112,シンガポール,888.0
import,2023,330410000,330410000,50203,スウェーデン,1774.0
import,2023,330410000,330410000,50218,スペイン,2580.0
import,2023,330410000,330410000,50246,スロバキア,265.0
import,2023,330410000,330410000,50111,タイ,146901.0
import,2023,330410000,330410000,50245,チェコ,13253.0
import,2023,330410000,330410000,50204,デンマーク,3644.0
import,2023,330410000,330410000,50213,ドイツ,187188.0
import,2023,330410000,330410000,50606,ニュージーランド,1800.0
import,2023,330410000,330410000,50210,フランス,8063629.0
import,2023,330410000,330410000,50410,ブラジル,206.0
import,2023,330410000,330410000,50208,ベルギー,462305.0
import,2023,330410000,330410000,50223,ポーランド,4572.0
import,2023,330410000,330410000,50113,マレーシア,70296.0
import,2023,330410000,330410000,50209,ルクセンブルク,5620.0
import,2023,330410000,330410000,50105,中華人民共和国,1882169.0
import,2023,330410000,330410000,50106,台湾,108018.0
import,2023,330410000,330410000,50103,大韓民国,8898275.0
import,2023,330410000,330410000,50205,英国,65955.0
import,2023,330420000,330420000,50201,アイスランド,1325.0
import,2023,330420000,330420000,50304,アメリカ合衆国,1775829.0
import,2023,330420000,330420000,50220,イタリア,2668586.0
import,2023,330420000,330420000,50302,カナダ,442866.0
import,2023,330420000,330420000,50215,スイス,4001.0
import,2023,330420000,330420000,50203,スウェーデン,2993.0
import,2023,330420000,330420000,50111,タイ,63133.0
import,2023,330420000,330420000,50245,チェコ,34335.0
import,2023,330420000,330420000,50204,デンマーク,1145.0
import,2023,330420000,330420000,50234,トルコ,3524.0
import,2023,330420000,330420000,50213,ドイツ,317138.0
import,2023,330420000,330420000,50606,ニュージーランド,250.0
import,2023,330420000,330420000,50117,フィリピン,314962.0
import,2023,330420000,330420000,50210,フランス,4267318.0
import,2023,330420000,330420000,50110,ベトナム,21896.0
import,2023,330420000,330420000,50208,ベルギー,29677.0
import,2023,330420000,330420000,50223,ポーランド,9602.0
import,2023,330420000,330420000,50305,メキシコ,5398.0
import,2023,330420000,330420000,50211,モナコ,5120.0
import,2023,330420000,330420000,50224,ロシア,4712.0
import,2023,330420000,330420000,50105,中華人民共和国,6206093.0
import,2023,330420000,330420000,50106,台湾,912662.0
import,2023,330420000,330420000,50103,大韓民国,7932607.0
import,2023,330420000,330420000,50205,英国,17724.0
import,2023,330420000,330420000,50108,香港,1384.0
import,2023,330430000,330430000,50304,アメリカ合衆国,840386.0
import,2023,330430000,330430000,50143,イスラエル,10979.0
import,2023,330430000,330430000,50220,イタリア,120998.0
import,2023,330430000,330430000,50207,オランダ,2654.0
import,2023,330430000,330430000,50601,オーストラリア,1532.0
import,2023,330430000,330430000,50302,カナダ,18822.0
import,2023,330430000,330430000,50203,スウェーデン,2218.0
import,2023,330430000,330430000,50218,スペイン,1662.0
import,2023,330430000,330430000,50213,ドイツ,25139.0
import,2023,330430000,330430000,50210,フランス,1990764.0
import,2023,330430000,330430000,50410,ブラジル,4203.0
import,2023,330430000,330430000,50110,ベトナム,949.0
import,2023,330430000,330430000,50208,ベルギー,265.0
import,2023,330430000,330430000,50305,メキシコ,21866.0
import,2023,330430000,330430000,50209,ルクセンブルク,4932.0
import,2023,330430000,330430000,50105,中華人民共和国,4477855.0
import,2023,330430000,330430000,50551,南アフリカ共和国,91536.0
import,2023,330430000,330430000,50106,台湾,550694.0
import,2023,330430000,330430000,50103,大韓民国,403822.0
import,2023,330430000,330430000,50205,英国,6898.0
import,2023,330491000,330491000,50304,アメリカ合衆国,961473.0
import,2023,330491000,330491000,50220,イタリア,2872135.0
import,2023,330491000,330491000,50123,インド,308.0
import,2023,330491000,330491000,50601,オーストラリア,9802.0
import,2023,330491000,330491000,50225,オーストリア,429.0
import,2023,330491000,330491000,50302,カナダ,171329.0
import,2023,330491000,330491000,50215,スイス,1333.0
import,2023,330491000,330491000,50111,タイ,111186.0
import,2023,330491000,330491000,50213,ドイツ,4369.0
import,2023,330491000,330491000,50210,フランス,2531138.0
import,2023,330491000,330491000,50410,ブラジル,1686.0
import,2023,330491000,330491000,50208,ベルギー,7263.0
import,2023,330491000,330491000,50223,ポーランド,6965.0
import,2023,330491000,330491000,50105,中華人民共和国,1060070.0
import,2023,330491000,330491000,50551,南アフリカ共和国,1887.0
import,2023,330491000,330491000,50106,台湾,141710.0
import,2023,330491000,330491000,50103,大韓民国,8316219.0
import,2023,330491000,330491000,50205,英国,14901.0
import,2023,330491000,330491000,50108,香港,10932.0
import,2023,330499011,330499011,50304,アメリカ合衆国,973820.0
import,2023,330499011,330499011,50220,イタリア,88942.0
import,2023,330499011,330499011,50302,カナダ,97248.0
import,2023,330499011,330499011,50112,シンガポール,2123.0
import,2023,330499011,330499011,50215,スイス,40859.0
import,2023,330499011,330499011,50218,スペイン,274.0
import,2023,330499011,330499011,50204,デンマーク,238.0
import,2023,330499011,330499011,50213,ドイツ,35481.0
import,2023,330499011,330499011,50210,フランス,5877716.0
import,2023,330499011,330499011,50410,ブラジル,492.0
import,2023,330499011,330499011,50208,ベルギー,655488.0
import,2023,330499011,330499011,50223,ポーランド,9295.0
import,2023,330499011,330499011,50113,マレーシア,538.0
import,2023,330499011,330499011,50105,中華人民共和国,909280.0
import,2023,330499011,330499011,50551,南アフリカ共和国,6081.0
import,2023,330499011,330499011,50106,台湾,184246.0
import,2023,330499011,330499011,50103,大韓民国,20495693.0
import,2023,330499011,330499011,50205,英国,34913.0
import,2023,330499011,330499011,50108,香港,4666.0
import,2023,330499012,330499012,50206,アイルランド,3866.0
import,2023,330499012,330499012,50304,アメリカ合衆国,923619.0
import,2023,330499012,330499012,50143,イスラエル,102670.0
import,2023,330499012,330499012,50220,イタリア,86449.0
import,2023,330499012,330499012,50123,インド,350.0
import,2023,330499012,330499012,50601,オーストラリア,116470.0
import,2023,330499012,330499012,50302,カナダ,308810.0
import,2023,330499012,330499012,50230,ギリシャ,1497.0
import,2023,330499012,330499012,50112,シンガポール,2580.0
import,2023,330499012,330499012,50215,スイス,56206.0
import,2023,330499012,330499012,50203,スウェーデン,1106.0
import,2023,330499012,330499012,50218,スペイン,2051.0
import,2023,330499012,330499012,50125,スリランカ,3429.0
import,2023,330499012,330499012,50111,タイ,35403.0
import,2023,330499012,330499012,50204,デンマーク,579.0
import,2023,330499012,330499012,50213,ドイツ,13898.0
import,2023,330499012,330499012,50606,ニュージーランド,227.0
import,2023,330499012,330499012,50210,フランス,1524803.0
import,2023,330499012,330499012,50110,ベトナム,390284.0
import,2023,330499012,330499012,50208,ベルギー,50667.0
import,2023,330499012,330499012,50217,ポルトガル,1314.0
import,2023,330499012,330499012,50223,ポーランド,3875.0
import,2023,330499012,330499012,50113,マレーシア,1977714.0
import,2023,330499012,330499012,50211,モナコ,18511.0
import,2023,330499012,330499012,50105,中華人民共和国,133963.0
import,2023,330499012,330499012,50106,台湾,553.0
import,2023,330499012,330499012,50103,大韓民国,1440283.0
import,2023,330499012,330499012,50205,英国,83227.0
import,2023,330499012,330499012,50108,香港,281.0
import,2023,330499019,330499019,50201,アイスランド,2592.0
import,2023,330499019,330499019,50304,アメリカ合衆国,10297568.0
import,2023,330499019,330499019,50147,アラブ首長国連邦,612.0
import,2023,330499019,330499019,50143,イスラエル,1136849.0
import,2023,330499019,330499019,50220,イタリア,556976.0
import,2023,330499019,330499019,50123,インド,224292.0
import,2023,330499019,330499019,50118,インドネシア,1144.0
import,2023,330499019,330499019,50406,エクアドル,1034.0
import,2023,330499019,330499019,50235,エストニア,496.0
import,2023,330499019,330499019,50207,オランダ,11774.0
import,2023,330499019,330499019,50601,オーストラリア,1455334.0
import,2023,330499019,330499019,50225,オーストリア,2127.0
import,2023,330499019,330499019,50302,カナダ,842675.0
import,2023,330499019,330499019,50230,ギリシャ,5049.0
import,2023,330499019,330499019,50112,シンガポール,6542.0
import,2023,330499019,330499019,50215,スイス,1246693.0
import,2023,330499019,330499019,50203,スウェーデン,24664.0
import,2023,330499019,330499019,50218,スペイン,62736.0
import,2023,330499019,330499019,50125,スリランカ,9737.0
import,2023,330499019,330499019,50242,スロベニア,3672.0
import,2023,330499019,330499019,50228,セルビア,281.0
import,2023,330499019,330499019,50111,タイ,1281373.0
import,2023,330499019,330499019,50245,チェコ,14786.0
import,2023,330499019,330499019,50204,デンマーク,32240.0
import,2023,330499019,330499019,50234,トルコ,3478.0
import,2023,330499019,330499019,50213,ドイツ,1175920.0
import,2023,330499019,330499019,50550,ナミビア,320.0
import,2023,330499019,330499019,50606,ニュージーランド,211546.0
import,2023,330499019,330499019,50131,ネパール,7816.0
import,2023,330499019,330499019,50227,ハンガリー,1949.0
import,2023,330499019,330499019,50222,フィンランド,5771.0
import,2023,330499019,330499019,50210,フランス,19400895.0
import,2023,330499019,330499019,50410,ブラジル,28326.0
import,2023,330499019,330499019,50232,ブルガリア,6638.0
import,2023,330499019,330499019,50110,ベトナム,1859194.0
import,2023,330499019,330499019,50208,ベルギー,231174.0
import,2023,330499019,330499019,50223,ポーランド,326568.0
import,2023,330499019,330499019,50113,マレーシア,85880.0
import,2023,330499019,330499019,50211,モナコ,104045.0
import,2023,330499019,330499019,50501,モロッコ,20438.0
import,2023,330499019,330499019,50144,ヨルダン,2134.0
import,2023,330499019,330499019,50236,ラトビア,1679.0
import,2023,330499019,330499019,50209,ルクセンブルク,803.0
import,2023,330499019,330499019,50231,ルーマニア,5070.0
import,2023,330499019,330499019,50224,ロシア,1568.0
import,2023,330499019,330499019,50105,中華人民共和国,2030270.0
import,2023,330499019,330499019,50619,仏領ポリネシア,1408.0
import,2023,330499019,330499019,50551,南アフリカ共和国,894333.0
import,2023,330499019,330499019,50106,台湾,199930.0
import,2023,330499019,330499019,50103,大韓民国,11565060.0
import,2023,330499019,330499019,50205,英国,1770126.0
import,2023,330499019,330499019,50108,香港,31249.0
import,2023,330499090,330499090,50201,アイスランド,46147.0
import,2023,330499090,330499090,50304,アメリカ合衆国,7962056.0
import,2023,330499090,330499090,50147,アラブ首長国連邦,17006.0
import,2023,330499090,330499090,50143,イスラエル,521973.0
import,2023,330499090,330499090,50220,イタリア,1143248.0
import,2023,330499090,330499090,50123,インド,99676.0
import,2023,330499090,330499090,50118,インドネシア,2109.0
import,2023,330499090,330499090,50542,ウガンダ,321.0
import,2023,330499090,330499090,50235,エストニア,1351.0
import,2023,330499090,330499090,50207,オランダ,45089.0
import,2023,330499090,330499090,50601,オーストラリア,734771.0
import,2023,330499090,330499090,50225,オーストリア,1761.0
import,2023,330499090,330499090,50302,カナダ,109437.0
import,2023,330499090,330499090,50230,ギリシャ,329.0
import,2023,330499090,330499090,50241,クロアチア,630.0
import,2023,330499090,330499090,50112,シンガポール,19090.0
import,2023,330499090,330499090,50215,スイス,842348.0
import,2023,330499090,330499090,50203,スウェーデン,119023.0
import,2023,330499090,330499090,50218,スペイン,65033.0
import,2023,330499090,330499090,50125,スリランカ,4870.0
import,2023,330499090,330499090,50242,スロベニア,1330.0
import,2023,330499090,330499090,50228,セルビア,258.0
import,2023,330499090,330499090,50111,タイ,368987.0
import,2023,330499090,330499090,50245,チェコ,1741.0
import,2023,330499090,330499090,50204,デンマーク,96779.0
import,2023,330499090,330499090,50234,トルコ,815.0
import,2023,330499090,330499090,50213,ドイツ,825618.0
import,2023,330499090,330499090,50606,ニュージーランド,4736.0
import,2023,330499090,330499090,50227,ハンガリー,10753.0
import,2023,330499090,330499090,50312,パナマ,205.0
import,2023,330499090,330499090,50612,フィジー,240.0
import,2023,330499090,330499090,50117,フィリピン,673.0
import,2023,330499090,330499090,50222,フィンランド,2350.0
import,2023,330499090,330499090,50210,フランス,17058911.0
import,2023,330499090,330499090,50410,ブラジル,17629.0
import,2023,330499090,330499090,50232,ブルガリア,13086.0
import,2023,330499090,330499090,50110,ベトナム,571236.0
import,2023,330499090,330499090,50208,ベルギー,117732.0
import,2023,330499090,330499090,50217,ポルトガル,246.0
import,2023,330499090,330499090,50223,ポーランド,253959.0
import,2023,330499090,330499090,50546,マダガスカル,231.0
import,2023,330499090,330499090,50113,マレーシア,28650.0
import,2023,330499090,330499090,50305,メキシコ,722.0
import,2023,330499090,330499090,50211,モナコ,9109.0
import,2023,330499090,330499090,50501,モロッコ,21466.0
import,2023,330499090,330499090,50107,モンゴル,410.0
import,2023,330499090,330499090,50236,ラトビア,1955.0
import,2023,330499090,330499090,50209,ルクセンブルク,4907.0
import,2023,330499090,330499090,50231,ルーマニア,1597.0
import,2023,330499090,330499090,50146,レバノン,449.0
import,2023,330499090,330499090,50224,ロシア,14883.0
import,2023,330499090,330499090,50105,中華人民共和国,714294.0
import,2023,330499090,330499090,50551,南アフリカ共和国,697867.0
import,2023,330499090,330499090,50106,台湾,390113.0
import,2023,330499090,330499090,50103,大韓民国,22546045.0
import,2023,330499090,330499090,50205,英国,2187742.0
import,2023,330499090,330499090,50108,香港,131307.0
import,2024,330410000,330410000,50304,アメリカ合衆国,1102515.0
import,2024,330410000,330410000,50143,イスラエル,472.0
import,2024,330410000,330410000,50220,イタリア,1472370.0
import,2024,330410000,330410000,50207,オランダ,697.0
import,2024,330410000,330410000,50601,オーストラリア,4352.0
import,2024,330410000,330410000,50302,カナダ,674383.0
import,2024,330410000,330410000,50401,コロンビア,4947.0
import,2024,330410000,330410000,50203,スウェーデン,2114.0
import,2024,330410000,330410000,50111,タイ,74550.0
import,2024,330410000,330410000,50245,チェコ,35920.0
import,2024,330410000,330410000,50204,デンマーク,695.0
import,2024,330410000,330410000,50213,ドイツ,202100.0
import,2024,330410000,330410000,50606,ニュージーランド,2945.0
import,2024,330410000,330410000,50117,フィリピン,209.0
import,2024,330410000,330410000,50210,フランス,12473212.0
import,2024,330410000,330410000,50110,ベトナム,6531.0
import,2024,330410000,330410000,50208,ベルギー,535301.0
import,2024,330410000,330410000,50223,ポーランド,13713.0
import,2024,330410000,330410000,50113,マレーシア,60105.0
import,2024,330410000,330410000,50209,ルクセンブルク,776.0
import,2024,330410000,330410000,50105,中華人民共和国,3022175.0
import,2024,330410000,330410000,50106,台湾,180766.0
import,2024,330410000,330410000,50103,大韓民国,18818193.0
import,2024,330410000,330410000,50205,英国,30949.0
import,2024,330410000,330410000,50108,香港,316.0
import,2024,330420000,330420000,50304,アメリカ合衆国,3928397.0
import,2024,330420000,330420000,50220,イタリア,3013023.0
import,2024,330420000,330420000,50302,カナダ,213096.0
import,2024,330420000,330420000,50401,コロンビア,373.0
import,2024,330420000,330420000,50112,シンガポール,1104.0
import,2024,330420000,330420000,50215,スイス,6823.0
import,2024,330420000,330420000,50203,スウェーデン,2361.0
import,2024,330420000,330420000,50111,タイ,64763.0
import,2024,330420000,330420000,50245,チェコ,47413.0
import,2024,330420000,330420000,50204,デンマーク,1029.0
import,2024,330420000,330420000,50234,トルコ,2513.0
import,2024,330420000,330420000,50213,ドイツ,305399.0
import,2024,330420000,330420000,50606,ニュージーランド,225.0
import,2024,330420000,330420000,50117,フィリピン,125045.0
import,2024,330420000,330420000,50210,フランス,3840863.0
import,2024,330420000,330420000,50110,ベトナム,7202.0
import,2024,330420000,330420000,50208,ベルギー,39466.0
import,2024,330420000,330420000,50223,ポーランド,5765.0
import,2024,330420000,330420000,50305,メキシコ,4668.0
import,2024,330420000,330420000,50224,ロシア,1685.0
import,2024,330420000,330420000,50105,中華人民共和国,5580605.0
import,2024,330420000,330420000,50106,台湾,644909.0
import,2024,330420000,330420000,50103,大韓民国,8198115.0
import,2024,330420000,330420000,50205,英国,20802.0
import,2024,330420000,330420000,50108,香港,18495.0
import,2024,330430000,330430000,50304,アメリカ合衆国,682804.0
import,2024,330430000,330430000,50143,イスラエル,6938.0
import,2024,330430000,330430000,50220,イタリア,39751.0
import,2024,330430000,330430000,50207,オランダ,1863.0
import,2024,330430000,330430000,50302,カナダ,23989.0
import,2024,330430000,330430000,50203,スウェーデン,8086.0
import,2024,330430000,330430000,50213,ドイツ,7389.0
import,2024,330430000,330430000,50117,フィリピン,258.0
import,2024,330430000,330430000,50210,フランス,1669663.0
import,2024,330430000,330430000,50410,ブラジル,6005.0
import,2024,330430000,330430000,50305,メキシコ,22086.0
import,2024,330430000,330430000,50209,ルクセンブルク,3099.0
import,2024,330430000,330430000,50105,中華人民共和国,4990012.0
import,2024,330430000,330430000,50551,南アフリカ共和国,98744.0
import,2024,330430000,330430000,50106,台湾,565863.0
import,2024,330430000,330430000,50103,大韓民国,266984.0
import,2024,330430000,330430000,50205,英国,6201.0
import,2024,330491000,330491000,50304,アメリカ合衆国,796178.0
import,2024,330491000,330491000,50143,イスラエル,2094.0
import,2024,330491000,330491000,50220,イタリア,5033136.0
import,2024,330491000,330491000,50123,インド,987.0
import,2024,330491000,330491000,50601,オーストラリア,454.0
import,2024,330491000,330491000,50302,カナダ,192265.0
import,2024,330491000,330491000,50215,スイス,1968.0
import,2024,330491000,330491000,50111,タイ,82013.0
import,2024,330491000,330491000,50213,ドイツ,3762.0
import,2024,330491000,330491000,50117,フィリピン,11163.0
import,2024,330491000,330491000,50210,フランス,3202380.0
import,2024,330491000,330491000,50410,ブラジル,356.0
import,2024,330491000,330491000,50208,ベルギー,10468.0
import,2024,330491000,330491000,50223,ポーランド,4007.0
import,2024,330491000,330491000,50113,マレーシア,10712.0
import,2024,330491000,330491000,50501,モロッコ,213.0
import,2024,330491000,330491000,50105,中華人民共和国,1692364.0
import,2024,330491000,330491000,50551,南アフリカ共和国,1104.0
import,2024,330491000,330491000,50106,台湾,152800.0
import,2024,330491000,330491000,50103,大韓民国,6787561.0
import,2024,330491000,330491000,50205,英国,15227.0
import,2024,330491000,330491000,50108,香港,18662.0
import,2024,330499090,330499090,50201,アイスランド,25606.0
import,2024,330499090,330499090,50206,アイルランド,556.0
import,2024,330499090,330499090,50130,アフガニスタン,321.0
import,2024,330499090,330499090,50304,アメリカ合衆国,9010377.0
import,2024,330499090,330499090,50147,アラブ首長国連邦,83312.0
import,2024,330499090,330499090,50143,イスラエル,968364.0
import,2024,330499090,330499090,50220,イタリア,906643.0
import,2024,330499090,330499090,50123,インド,130462.0
import,2024,330499090,330499090,50118,インドネシア,4887.0
import,2024,330499090,330499090,50235,エストニア,1863.0
import,2024,330499090,330499090,50556,エスワティニ,238.0
import,2024,330499090,330499090,50207,オランダ,40839.0
import,2024,330499090,330499090,50601,オーストラリア,829353.0
import,2024,330499090,330499090,50225,オーストリア,1119.0
import,2024,330499090,330499090,50302,カナダ,583572.0
import,2024,330499090,330499090,50112,シンガポール,55748.0
import,2024,330499090,330499090,50215,スイス,954986.0
import,2024,330499090,330499090,50203,スウェーデン,149069.0
import,2024,330499090,330499090,50218,スペイン,96621.0
import,2024,330499090,330499090,50125,スリランカ,3884.0
import,2024,330499090,330499090,50242,スロベニア,679.0
import,2024,330499090,330499090,50111,タイ,443695.0
import,2024,330499090,330499090,50245,チェコ,3286.0
import,2024,330499090,330499090,50204,デンマーク,17415.0
import,2024,330499090,330499090,50234,トルコ,2787.0
import,2024,330499090,330499090,50213,ドイツ,750184.0
import,2024,330499090,330499090,50606,ニュージーランド,1619.0
import,2024,330499090,330499090,50131,ネパール,400.0
import,2024,330499090,330499090,50227,ハンガリー,11224.0
import,2024,330499090,330499090,50312,パナマ,463.0
import,2024,330499090,330499090,50117,フィリピン,6087.0
import,2024,330499090,330499090,50222,フィンランド,1324.0
import,2024,330499090,330499090,50210,フランス,20877126.0
import,2024,330499090,330499090,50410,ブラジル,9931.0
import,2024,330499090,330499090,50232,ブルガリア,21719.0
import,2024,330499090,330499090,50110,ベトナム,419026.0
import,2024,330499090,330499090,50208,ベルギー,79619.0
import,2024,330499090,330499090,50217,ポルトガル,446.0
import,2024,330499090,330499090,50223,ポーランド,450493.0
import,2024,330499090,330499090,50113,マレーシア,44711.0
import,2024,330499090,330499090,50211,モナコ,29552.0
import,2024,330499090,330499090,50501,モロッコ,27438.0
import,2024,330499090,330499090,50144,ヨルダン,490.0
import,2024,330499090,330499090,50236,ラトビア,1707.0
import,2024,330499090,330499090,50209,ルクセンブルク,168161.0
import,2024,330499090,330499090,50224,ロシア,31449.0
import,2024,330499090,330499090,50105,中華人民共和国,1449523.0
import,2024,330499090,330499090,50551,南アフリカ共和国,553261.0
import,2024,330499090,330499090,50106,台湾,312116.0
import,2024,330499090,330499090,50103,大韓民国,33477927.0
import,2024,330499090,330499090,50205,英国,2757772.0
import,2024,330499090,330499090,50108,香港,120698.0
import,2025,330410000,330410000,50304,アメリカ合衆国,979547.0
import,2025,330410000,330410000,50220,イタリア,3538163.0
import,2025,330410000,330410000,50207,オランダ,524.0
import,2025,330410000,330410000,50601,オーストラリア,5141.0
import,2025,330410000,330410000,50302,カナダ,687609.0
import,2025,330410000,330410000,50112,シンガポール,602.0
import,2025,330410000,330410000,50215,スイス,924.0
import,2025,330410000,330410000,50203,スウェーデン,3678.0
import,2025,330410000,330410000,50218,スペイン,528.0
import,2025,330410000,330410000,50111,タイ,118672.0
import,2025,330410000,330410000,50245,チェコ,41773.0
import,2025,330410000,330410000,50213,ドイツ,133460.0
import,2025,330410000,330410000,50131,ネパール,5868.0
import,2025,330410000,330410000,50117,フィリピン,28091.0
import,2025,330410000,330410000,50210,フランス,9755572.0
import,2025,330410000,330410000,50110,ベトナム,30948.0
import,2025,330410000,330410000,50208,ベルギー,444123.0
import,2025,330410000,330410000,50223,ポーランド,11297.0
import,2025,330410000,330410000,50113,マレーシア,36369.0
import,2025,330410000,330410000,50209,ルクセンブルク,673.0
import,2025,330410000,330410000,50105,中華人民共和国,2188914.0
import,2025,330410000,330410000,50106,台湾,89525.0
import,2025,330410000,330410000,50103,大韓民国,22195550.0
import,2025,330410000,330410000,50205,英国,49959.0
import,2025,330420000,330420000,50304,アメリカ合衆国,3095479.0
import,2025,330420000,330420000,50143,イスラエル,396.0
import,2025,330420000,330420000,50220,イタリア,1998763.0
import,2025,330420000,330420000,50225,オーストリア,1175.0
import,2025,330420000,330420000,50302,カナダ,127423.0
import,2025,330420000,330420000,50112,シンガポール,4155.0
import,2025,330420000,330420000,50203,スウェーデン,3241.0
import,2025,330420000,330420000,50218,スペイン,2064.0
import,2025,330420000,330420000,50111,タイ,39219.0
import,2025,330420000,330420000,50245,チェコ,250620.0
import,2025,330420000,330420000,50204,デンマーク,1134.0
import,2025,330420000,330420000,50234,トルコ,2446.0
import,2025,330420000,330420000,50213,ドイツ,335280.0
import,2025,330420000,330420000,50117,フィリピン,127601.0
import,2025,330420000,330420000,50210,フランス,4227938.0
import,2025,330420000,330420000,50110,ベトナム,15597.0
import,2025,330420000,330420000,50208,ベルギー,17746.0
import,2025,330420000,330420000,50223,ポーランド,6219.0
import,2025,330420000,330420000,50113,マレーシア,951.0
import,2025,330420000,330420000,50211,モナコ,946.0
import,2025,330420000,330420000,50515,リベリア,648.0
import,2025,330420000,330420000,50224,ロシア,1316.0
import,2025,330420000,330420000,50105,中華人民共和国,4721639.0
import,2025,330420000,330420000,50106,台湾,444822.0
import,2025,330420000,330420000,50103,大韓民国,6994925.0
import,2025,330420000,330420000,50205,英国,9607.0
import,2025,330430000,330430000,50304,アメリカ合衆国,781266.0
import,2025,330430000,330430000,50220,イタリア,106287.0
import,2025,330430000,330430000,50207,オランダ,1086.0
import,2025,330430000,330430000,50601,オーストラリア,1972.0
import,2025,330430000,330430000,50302,カナダ,10285.0
import,2025,330430000,330430000,50215,スイス,2920.0
import,2025,330430000,330430000,50213,ドイツ,11734.0
import,2025,330430000,330430000,50117,フィリピン,316.0
import,2025,330430000,330430000,50210,フランス,1521188.0
import,2025,330430000,330430000,50410,ブラジル,7676.0
import,2025,330430000,330430000,50232,ブルガリア,955.0
import,2025,330430000,330430000,50217,ポルトガル,208.0
import,2025,330430000,330430000,50223,ポーランド,32811.0
import,2025,330430000,330430000,50305,メキシコ,11014.0
import,2025,330430000,330430000,50209,ルクセンブルク,6947.0
import,2025,330430000,330430000,50105,中華人民共和国,4745314.0
import,2025,330430000,330430000,50551,南アフリカ共和国,66347.0
import,2025,330430000,330430000,50106,台湾,508309.0
import,2025,330430000,330430000,50103,大韓民国,347558.0
import,2025,330430000,330430000,50205,英国,330.0
import,2025,330430000,330430000,50108,香港,221.0
import,2025,330491000,330491000,50304,アメリカ合衆国,446956.0
import,2025,330491000,330491000,50143,イスラエル,663.0
import,2025,330491000,330491000,50220,イタリア,6280311.0
import,2025,330491000,330491000,50302,カナダ,162395.0
import,2025,330491000,330491000,50112,シンガポール,573.0
import,2025,330491000,330491000,50215,スイス,1100.0
import,2025,330491000,330491000,50111,タイ,272141.0
import,2025,330491000,330491000,50245,チェコ,4346.0
import,2025,330491000,330491000,50213,ドイツ,3571.0
import,2025,330491000,330491000,50117,フィリピン,282574.0
import,2025,330491000,330491000,50210,フランス,2805752.0
import,2025,330491000,330491000,50410,ブラジル,661.0
import,2025,330491000,330491000,50208,ベルギー,5021.0
import,2025,330491000,330491000,50223,ポーランド,5321.0
import,2025,330491000,330491000,50113,マレーシア,30355.0
import,2025,330491000,330491000,50501,モロッコ,215.0
import,2025,330491000,330491000,50144,ヨルダン,2367.0
import,2025,330491000,330491000,50105,中華人民共和国,2392870.0
import,2025,330491000,330491000,50106,台湾,70594.0
import,2025,330491000,330491000,50103,大韓民国,5619690.0
import,2025,330491000,330491000,50205,英国,220.0
import,2025,330491000,330491000,50108,香港,42649.0
import,2025,330499090,330499090,50201,アイスランド,43165.0
import,2025,330499090,330499090,50206,アイルランド,237.0
import,2025,330499090,330499090,50304,アメリカ合衆国,7432050.0
import,2025,330499090,330499090,50147,アラブ首長国連邦,33046.0
import,2025,330499090,330499090,50143,イスラエル,1484298.0
import,2025,330499090,330499090,50220,イタリア,1358892.0
import,2025,330499090,330499090,50123,インド,149400.0
import,2025,330499090,330499090,50118,インドネシア,3904.0
import,2025,330499090,330499090,50235,エストニア,747.0
import,2025,330499090,330499090,50207,オランダ,32824.0
import,2025,330499090,330499090,50601,オーストラリア,530608.0
import,2025,330499090,330499090,50225,オーストリア,638.0
import,2025,330499090,330499090,50302,カナダ,435586.0
import,2025,330499090,330499090,50112,シンガポール,33399.0
import,2025,330499090,330499090,50215,スイス,893176.0
import,2025,330499090,330499090,50203,スウェーデン,166162.0
import,2025,330499090,330499090,50218,スペイン,120986.0
import,2025,330499090,330499090,50125,スリランカ,2261.0
import,2025,330499090,330499090,50111,タイ,532500.0
import,2025,330499090,330499090,50245,チェコ,3147.0
import,2025,330499090,330499090,50204,デンマーク,10789.0
import,2025,330499090,330499090,50234,トルコ,4361.0
import,2025,330499090,330499090,50213,ドイツ,607018.0
import,2025,330499090,330499090,50606,ニュージーランド,1932.0
import,2025,330499090,330499090,50227,ハンガリー,5955.0
import,2025,330499090,330499090,50612,フィジー,351.0
import,2025,330499090,330499090,50117,フィリピン,94966.0
import,2025,330499090,330499090,50222,フィンランド,805.0
import,2025,330499090,330499090,50210,フランス,20720059.0
import,2025,330499090,330499090,50410,ブラジル,2142.0
import,2025,330499090,330499090,50232,ブルガリア,18929.0
import,2025,330499090,330499090,50110,ベトナム,775964.0
import,2025,330499090,330499090,50208,ベルギー,95331.0
import,2025,330499090,330499090,50407,ペルー,516.0
import,2025,330499090,330499090,50217,ポルトガル,1595.0
import,2025,330499090,330499090,50223,ポーランド,361153.0
import,2025,330499090,330499090,50113,マレーシア,46192.0
import,2025,330499090,330499090,50211,モナコ,7218.0
import,2025,330499090,330499090,50501,モロッコ,12854.0
import,2025,330499090,330499090,50144,ヨルダン,20080.0
import,2025,330499090,330499090,50236,ラトビア,483.0
import,2025,330499090,330499090,50237,リトアニア,1292.0
import,2025,330499090,330499090,50209,ルクセンブルク,78334.0
import,2025,330499090,330499090,50231,ルーマニア,1782.0
import,2025,330499090,330499090,50224,ロシア,15882.0
import,2025,330499090,330499090,50105,中華人民共和国,1953280.0
import,2025,330499090,330499090,50551,南アフリカ共和国,576692.0
import,2025,330499090,330499090,50106,台湾,358035.0
import,2025,330499090,330499090,50103,大韓民国,37325227.0
import,2025,330499090,330499090,50205,英国,3047735.0
import,2025,330499090,330499090,50108,香港,64986.0
