year,month,item,measure,unit,value,source_table_year
2015,0,おしろい,出荷その他,kg,4176.0,2019
2016,0,おしろい,出荷その他,kg,3983.0,2020
2017,0,おしろい,出荷その他,kg,7034.0,2021
2018,0,おしろい,出荷その他,kg,7224.0,2022
2019,0,おしろい,出荷その他,kg,8267.0,2023
2019,1,おしろい,出荷その他,kg,360.0,2019
2019,2,おしろい,出荷その他,kg,464.0,2019
2019,3,おしろい,出荷その他,kg,344.0,2019
2019,4,おしろい,出荷その他,kg,789.0,2019
2019,5,おしろい,出荷その他,kg,361.0,2019
2019,6,おしろい,出荷その他,kg,712.0,2019
2019,7,おしろい,出荷その他,kg,566.0,2019
2019,8,おしろい,出荷その他,kg,1410.0,2019
2019,9,おしろい,出荷その他,kg,1583.0,2019
2019,10,おしろい,出荷その他,kg,302.0,2019
2019,11,おしろい,出荷その他,kg,899.0,2019
2019,12,おしろい,出荷その他,kg,477.0,2019
2020,0,おしろい,出荷その他,kg,9252.0,2023
2020,1,おしろい,出荷その他,kg,534.0,2020
2020,2,おしろい,出荷その他,kg,506.0,2020
2020,3,おしろい,出荷その他,kg,774.0,2020
2020,4,おしろい,出荷その他,kg,584.0,2020
2020,5,おしろい,出荷その他,kg,533.0,2020
2020,6,おしろい,出荷その他,kg,1579.0,2020
2020,7,おしろい,出荷その他,kg,483.0,2020
2020,8,おしろい,出荷その他,kg,386.0,2020
2020,9,おしろい,出荷その他,kg,527.0,2020
2020,10,おしろい,出荷その他,kg,575.0,2020
2020,11,おしろい,出荷その他,kg,1901.0,2020
2020,12,おしろい,出荷その他,kg,857.0,2020
2021,0,おしろい,出荷その他,kg,13438.0,2023
2021,1,おしろい,出荷その他,kg,363.0,2021
2021,2,おしろい,出荷その他,kg,571.0,2021
2021,3,おしろい,出荷その他,kg,1056.0,2021
2021,4,おしろい,出荷その他,kg,1276.0,2021
2021,5,おしろい,出荷その他,kg,3043.0,2021
2021,6,おしろい,出荷その他,kg,2102.0,2021
2021,7,おしろい,出荷その他,kg,947.0,2021
2021,8,おしろい,出荷その他,kg,475.0,2021
2021,9,おしろい,出荷その他,kg,1466.0,2021
2021,10,おしろい,出荷その他,kg,650.0,2021
2021,11,おしろい,出荷その他,kg,714.0,2021
2021,12,おしろい,出荷その他,kg,756.0,2021
2022,0,おしろい,出荷その他,kg,7401.0,2023
2022,1,おしろい,出荷その他,kg,569.0,2022
2022,2,おしろい,出荷その他,kg,384.0,2022
2022,3,おしろい,出荷その他,kg,856.0,2022
2022,4,おしろい,出荷その他,kg,384.0,2022
2022,5,おしろい,出荷その他,kg,980.0,2022
2022,6,おしろい,出荷その他,kg,920.0,2022
2022,7,おしろい,出荷その他,kg,460.0,2022
2022,8,おしろい,出荷その他,kg,487.0,2022
2022,9,おしろい,出荷その他,kg,645.0,2022
2022,10,おしろい,出荷その他,kg,625.0,2022
2022,11,おしろい,出荷その他,kg,659.0,2022
2022,12,おしろい,出荷その他,kg,432.0,2022
2023,0,おしろい,出荷その他,kg,7820.0,2023
2023,1,おしろい,出荷その他,kg,436.0,2023
2023,2,おしろい,出荷その他,kg,253.0,2023
2023,3,おしろい,出荷その他,kg,898.0,2023
2023,4,おしろい,出荷その他,kg,458.0,2023
2023,5,おしろい,出荷その他,kg,565.0,2023
2023,6,おしろい,出荷その他,kg,1325.0,2023
2023,7,おしろい,出荷その他,kg,436.0,2023
2023,8,おしろい,出荷その他,kg,406.0,2023
2023,9,おしろい,出荷その他,kg,537.0,2023
2023,10,おしろい,出荷その他,kg,1333.0,2023
2023,11,おしろい,出荷その他,kg,505.0,2023
2023,12,おしろい,出荷その他,kg,668.0,2023
2024,1,おしろい,出荷その他,kg,421.0,2024
2024,2,おしろい,出荷その他,kg,974.0,2024
2024,3,おしろい,出荷その他,kg,1550.0,2024
2024,4,おしろい,出荷その他,kg,955.0,2024
2024,5,おしろい,出荷その他,kg,529.0,2024
2024,6,おしろい,出荷その他,kg,330.0,2024
2024,7,おしろい,出荷その他,kg,258.0,2024
2024,8,おしろい,出荷その他,kg,171.0,2024
2024,9,おしろい,出荷その他,kg,625.0,2024
2024,10,おしろい,出荷その他,kg,387.0,2024
2024,11,おしろい,出荷その他,kg,336.0,2024
2024,12,おしろい,出荷その他,kg,338.0,2024
2015,0,おしろい,受入,kg,34367.0,2019
2016,0,おしろい,受入,kg,71051.0,2020
2017,0,おしろい,受入,kg,86581.0,2021
2018,0,おしろい,受入,kg,120083.0,2022
2019,0,おしろい,受入,kg,93388.0,2023
2019,1,おしろい,受入,kg,8126.0,2019
2019,2,おしろい,受入,kg,6626.0,2019
2019,3,おしろい,受入,kg,2900.0,2019
2019,4,おしろい,受入,kg,11165.0,2019
2019,5,おしろい,受入,kg,5168.0,2019
2019,6,おしろい,受入,kg,3499.0,2019
2019,7,おしろい,受入,kg,5083.0,2019
2019,8,おしろい,受入,kg,9935.0,2019
2019,9,おしろい,受入,kg,9464.0,2019
2019,10,おしろい,受入,kg,8824.0,2019
2019,11,おしろい,受入,kg,12995.0,2019
2019,12,おしろい,受入,kg,9603.0,2019
2020,0,おしろい,受入,kg,66759.0,2023
2020,1,おしろい,受入,kg,7209.0,2020
2020,2,おしろい,受入,kg,6991.0,2020
2020,3,おしろい,受入,kg,8165.0,2020
2020,4,おしろい,受入,kg,8313.0,2020
2020,5,おしろい,受入,kg,5851.0,2020
2020,6,おしろい,受入,kg,7991.0,2020
2020,7,おしろい,受入,kg,1752.0,2020
2020,8,おしろい,受入,kg,2882.0,2020
2020,9,おしろい,受入,kg,3519.0,2020
2020,10,おしろい,受入,kg,6665.0,2020
2020,11,おしろい,受入,kg,5585.0,2020
2020,12,おしろい,受入,kg,3093.0,2020
2021,0,おしろい,受入,kg,48318.0,2023
2021,1,おしろい,受入,kg,725.0,2021
2021,2,おしろい,受入,kg,2605.0,2021
2021,3,おしろい,受入,kg,3990.0,2021
2021,4,おしろい,受入,kg,2866.0,2021
2021,5,おしろい,受入,kg,4514.0,2021
2021,6,おしろい,受入,kg,2878.0,2021
2021,7,おしろい,受入,kg,4983.0,2021
2021,8,おしろい,受入,kg,6210.0,2021
2021,9,おしろい,受入,kg,5124.0,2021
2021,10,おしろい,受入,kg,6175.0,2021
2021,11,おしろい,受入,kg,4732.0,2021
2021,12,おしろい,受入,kg,4834.0,2021
2022,0,おしろい,受入,kg,18970.0,2023
2022,1,おしろい,受入,kg,1856.0,2022
2022,2,おしろい,受入,kg,522.0,2022
2022,3,おしろい,受入,kg,1071.0,2022
2022,4,おしろい,受入,kg,1322.0,2022
2022,5,おしろい,受入,kg,1754.0,2022
2022,6,おしろい,受入,kg,1729.0,2022
2022,7,おしろい,受入,kg,1739.0,2022
2022,8,おしろい,受入,kg,1658.0,2022
2022,9,おしろい,受入,kg,2770.0,2022
2022,10,おしろい,受入,kg,1920.0,2022
2022,11,おしろい,受入,kg,1179.0,2022
2022,12,おしろい,受入,kg,1450.0,2022
2023,0,おしろい,受入,kg,18994.0,2023
2023,1,おしろい,受入,kg,358.0,2023
2023,2,おしろい,受入,kg,1153.0,2023
2023,3,おしろい,受入,kg,2384.0,2023
2023,4,おしろい,受入,kg,1673.0,2023
2023,5,おしろい,受入,kg,1477.0,2023
2023,6,おしろい,受入,kg,1926.0,2023
2023,7,おしろい,受入,kg,967.0,2023
2023,8,おしろい,受入,kg,1265.0,2023
2023,9,おしろい,受入,kg,2171.0,2023
2023,10,おしろい,受入,kg,1971.0,2023
2023,11,おしろい,受入,kg,2545.0,2023
2023,12,おしろい,受入,kg,1104.0,2023
2024,1,おしろい,受入,kg,1432.0,2024
2024,2,おしろい,受入,kg,2114.0,2024
2024,3,おしろい,受入,kg,2779.0,2024
2024,4,おしろい,受入,kg,2529.0,2024
2024,5,おしろい,受入,kg,1149.0,2024
2024,6,おしろい,受入,kg,1668.0,2024
2024,7,おしろい,受入,kg,2055.0,2024
2024,8,おしろい,受入,kg,2663.0,2024
2024,9,おしろい,受入,kg,2390.0,2024
2024,10,おしろい,受入,kg,2489.0,2024
2024,11,おしろい,受入,kg,4419.0,2024
2024,12,おしろい,受入,kg,1554.0,2024
2015,0,おしろい,月末在庫,kg,32400.0,2019
2016,0,おしろい,月末在庫,kg,34813.0,2020
2017,0,おしろい,月末在庫,kg,49794.0,2021
2018,0,おしろい,月末在庫,kg,52413.0,2022
2019,0,おしろい,月末在庫,kg,84922.0,2023
2019,1,おしろい,月末在庫,kg,52862.0,2019
2019,2,おしろい,月末在庫,kg,55400.0,2019
2019,3,おしろい,月末在庫,kg,60447.0,2019
2019,4,おしろい,月末在庫,kg,67544.0,2019
2019,5,おしろい,月末在庫,kg,83010.0,2019
2019,6,おしろい,月末在庫,kg,77125.0,2019
2019,7,おしろい,月末在庫,kg,73288.0,2019
2019,8,おしろい,月末在庫,kg,71504.0,2019
2019,9,おしろい,月末在庫,kg,84958.0,2019
2019,10,おしろい,月末在庫,kg,92737.0,2019
2019,11,おしろい,月末在庫,kg,86440.0,2019
2019,12,おしろい,月末在庫,kg,84922.0,2019
2020,0,おしろい,月末在庫,kg,55078.0,2023
2020,1,おしろい,月末在庫,kg,89122.0,2020
2020,2,おしろい,月末在庫,kg,92952.0,2020
2020,3,おしろい,月末在庫,kg,113433.0,2020
2020,4,おしろい,月末在庫,kg,112684.0,2020
2020,5,おしろい,月末在庫,kg,96765.0,2020
2020,6,おしろい,月末在庫,kg,77991.0,2020
2020,7,おしろい,月末在庫,kg,69941.0,2020
2020,8,おしろい,月末在庫,kg,59347.0,2020
2020,9,おしろい,月末在庫,kg,76319.0,2020
2020,10,おしろい,月末在庫,kg,76698.0,2020
2020,11,おしろい,月末在庫,kg,52037.0,2020
2020,12,おしろい,月末在庫,kg,54595.0,2020
2021,0,おしろい,月末在庫,kg,60986.0,2023
2021,1,おしろい,月末在庫,kg,64381.0,2021
2021,2,おしろい,月末在庫,kg,83010.0,2021
2021,3,おしろい,月末在庫,kg,100163.0,2021
2021,4,おしろい,月末在庫,kg,71499.0,2021
2021,5,おしろい,月末在庫,kg,76826.0,2021
2021,6,おしろい,月末在庫,kg,100286.0,2021
2021,7,おしろい,月末在庫,kg,107563.0,2021
2021,8,おしろい,月末在庫,kg,97059.0,2021
2021,9,おしろい,月末在庫,kg,90551.0,2021
2021,10,おしろい,月末在庫,kg,89676.0,2021
2021,11,おしろい,月末在庫,kg,70669.0,2021
2021,12,おしろい,月末在庫,kg,60635.0,2021
2022,0,おしろい,月末在庫,kg,44908.0,2023
2022,1,おしろい,月末在庫,kg,57031.0,2022
2022,2,おしろい,月末在庫,kg,60953.0,2022
2022,3,おしろい,月末在庫,kg,73504.0,2022
2022,4,おしろい,月末在庫,kg,53353.0,2022
2022,5,おしろい,月末在庫,kg,53333.0,2022
2022,6,おしろい,月末在庫,kg,56879.0,2022
2022,7,おしろい,月末在庫,kg,74049.0,2022
2022,8,おしろい,月末在庫,kg,58386.0,2022
2022,9,おしろい,月末在庫,kg,61925.0,2022
2022,10,おしろい,月末在庫,kg,73677.0,2022
2022,11,おしろい,月末在庫,kg,47227.0,2022
2022,12,おしろい,月末在庫,kg,44908.0,2022
2023,0,おしろい,月末在庫,kg,115483.0,2023
2023,1,おしろい,月末在庫,kg,54226.0,2023
2023,2,おしろい,月末在庫,kg,58419.0,2023
2023,3,おしろい,月末在庫,kg,70595.0,2023
2023,4,おしろい,月末在庫,kg,79533.0,2023
2023,5,おしろい,月末在庫,kg,92447.0,2023
2023,6,おしろい,月末在庫,kg,95459.0,2023
2023,7,おしろい,月末在庫,kg,102504.0,2023
2023,8,おしろい,月末在庫,kg,125413.0,2023
2023,9,おしろい,月末在庫,kg,104723.0,2023
2023,10,おしろい,月末在庫,kg,119133.0,2023
2023,11,おしろい,月末在庫,kg,93459.0,2023
2023,12,おしろい,月末在庫,kg,115483.0,2023
2024,1,おしろい,月末在庫,kg,178327.0,2024
2024,2,おしろい,月末在庫,kg,144987.0,2024
2024,3,おしろい,月末在庫,kg,169038.0,2024
2024,4,おしろい,月末在庫,kg,182247.0,2024
2024,5,おしろい,月末在庫,kg,188044.0,2024
2024,6,おしろい,月末在庫,kg,172622.0,2024
2024,7,おしろい,月末在庫,kg,180899.0,2024
2024,8,おしろい,月末在庫,kg,200212.0,2024
2024,9,おしろい,月末在庫,kg,187710.0,2024
2024,10,おしろい,月末在庫,kg,197683.0,2024
2024,11,おしろい,月末在庫,kg,199355.0,2024
2024,12,おしろい,月末在庫,kg,213913.0,2024
2015,0,おしろい,生産,kg,216262.0,2019
2016,0,おしろい,生産,kg,230602.0,2020
2017,0,おしろい,生産,kg,280266.0,2021
2018,0,おしろい,生産,kg,255512.0,2022
2019,0,おしろい,生産,kg,384237.0,2023
2019,1,おしろい,生産,kg,17159.0,2019
2019,2,おしろい,生産,kg,20412.0,2019
2019,3,おしろい,生産,kg,23951.0,2019
2019,4,おしろい,生産,kg,29236.0,2019
2019,5,おしろい,生産,kg,44500.0,2019
2019,6,おしろい,生産,kg,44134.0,2019
2019,7,おしろい,生産,kg,34355.0,2019
2019,8,おしろい,生産,kg,33954.0,2019
2019,9,おしろい,生産,kg,44346.0,2019
2019,10,おしろい,生産,kg,31193.0,2019
2019,11,おしろい,生産,kg,35106.0,2019
2019,12,おしろい,生産,kg,25891.0,2019
2020,0,おしろい,生産,kg,327017.0,2023
2020,1,おしろい,生産,kg,24075.0,2020
2020,2,おしろい,生産,kg,24997.0,2020
2020,3,おしろい,生産,kg,42133.0,2020
2020,4,おしろい,生産,kg,25950.0,2020
2020,5,おしろい,生産,kg,37898.0,2020
2020,6,おしろい,生産,kg,20101.0,2020
2020,7,おしろい,生産,kg,25808.0,2020
2020,8,おしろい,生産,kg,23550.0,2020
2020,9,おしろい,生産,kg,31985.0,2020
2020,10,おしろい,生産,kg,22275.0,2020
2020,11,おしろい,生産,kg,15523.0,2020
2020,12,おしろい,生産,kg,30273.0,2020
2021,0,おしろい,生産,kg,414351.0,2023
2021,1,おしろい,生産,kg,35062.0,2021
2021,2,おしろい,生産,kg,41753.0,2021
2021,3,おしろい,生産,kg,59607.0,2021
2021,4,おしろい,生産,kg,41494.0,2021
2021,5,おしろい,生産,kg,33229.0,2021
2021,6,おしろい,生産,kg,48341.0,2021
2021,7,おしろい,生産,kg,36599.0,2021
2021,8,おしろい,生産,kg,25345.0,2021
2021,9,おしろい,生産,kg,20671.0,2021
2021,10,おしろい,生産,kg,24717.0,2021
2021,11,おしろい,生産,kg,21320.0,2021
2021,12,おしろい,生産,kg,22755.0,2021
2022,0,おしろい,生産,kg,487090.0,2023
2022,1,おしろい,生産,kg,22234.0,2022
2022,2,おしろい,生産,kg,35904.0,2022
2022,3,おしろい,生産,kg,55410.0,2022
2022,4,おしろい,生産,kg,36658.0,2022
2022,5,おしろい,生産,kg,39384.0,2022
2022,6,おしろい,生産,kg,50091.0,2022
2022,7,おしろい,生産,kg,63512.0,2022
2022,8,おしろい,生産,kg,37105.0,2022
2022,9,おしろい,生産,kg,39689.0,2022
2022,10,おしろい,生産,kg,45397.0,2022
2022,11,おしろい,生産,kg,34799.0,2022
2022,12,おしろい,生産,kg,26907.0,2022
2023,0,おしろい,生産,kg,630660.0,2023
2023,1,おしろい,生産,kg,31142.0,2023
2023,2,おしろい,生産,kg,32874.0,2023
2023,3,おしろい,生産,kg,47373.0,2023
2023,4,おしろい,生産,kg,46506.0,2023
2023,5,おしろい,生産,kg,39781.0,2023
2023,6,おしろい,生産,kg,64955.0,2023
2023,7,おしろい,生産,kg,63813.0,2023
2023,8,おしろい,生産,kg,77010.0,2023
2023,9,おしろい,生産,kg,63516.0,2023
2023,10,おしろい,生産,kg,65881.0,2023
2023,11,おしろい,生産,kg,31585.0,2023
2023,12,おしろい,生産,kg,66224.0,2023
2024,1,おしろい,生産,kg,92094.0,2024
2024,2,おしろい,生産,kg,43841.0,2024
2024,3,おしろい,生産,kg,58632.0,2024
2024,4,おしろい,生産,kg,68503.0,2024
2024,5,おしろい,生産,kg,77837.0,2024
2024,6,おしろい,生産,kg,76276.0,2024
2024,7,おしろい,生産,kg,69976.0,2024
2024,8,おしろい,生産,kg,75192.0,2024
2024,9,おしろい,生産,kg,68046.0,2024
2024,10,おしろい,生産,kg,63041.0,2024
2024,11,おしろい,生産,kg,87268.0,2024
2024,12,おしろい,生産,kg,69005.0,2024
2015,0,おしろい,販売個数,十個,1777183.0,2019
2016,0,おしろい,販売個数,十個,1982045.0,2020
2017,0,おしろい,販売個数,十個,2182483.0,2021
2018,0,おしろい,販売個数,十個,2357125.0,2022
2019,0,おしろい,販売個数,十個,2513597.0,2023
2019,1,おしろい,販売個数,十個,172412.0,2019
2019,2,おしろい,販売個数,十個,181242.0,2019
2019,3,おしろい,販売個数,十個,185938.0,2019
2019,4,おしろい,販売個数,十個,202547.0,2019
2019,5,おしろい,販売個数,十個,208271.0,2019
2019,6,おしろい,販売個数,十個,215354.0,2019
2019,7,おしろい,販売個数,十個,216757.0,2019
2019,8,おしろい,販売個数,十個,228115.0,2019
2019,9,おしろい,販売個数,十個,225936.0,2019
2019,10,おしろい,販売個数,十個,199728.0,2019
2019,11,おしろい,販売個数,十個,269288.0,2019
2019,12,おしろい,販売個数,十個,208009.0,2019
2020,0,おしろい,販売個数,十個,2002542.0,2023
2020,1,おしろい,販売個数,十個,153629.0,2020
2020,2,おしろい,販売個数,十個,162452.0,2020
2020,3,おしろい,販売個数,十個,139796.0,2020
2020,4,おしろい,販売個数,十個,182799.0,2020
2020,5,おしろい,販売個数,十個,176733.0,2020
2020,6,おしろい,販売個数,十個,175953.0,2020
2020,7,おしろい,販売個数,十個,141543.0,2020
2020,8,おしろい,販売個数,十個,175243.0,2020
2020,9,おしろい,販売個数,十個,181094.0,2020
2020,10,おしろい,販売個数,十個,170670.0,2020
2020,11,おしろい,販売個数,十個,180153.0,2020
2020,12,おしろい,販売個数,十個,146630.0,2020
2021,0,おしろい,販売個数,十個,1975972.0,2023
2021,1,おしろい,販売個数,十個,118068.0,2021
2021,2,おしろい,販売個数,十個,126278.0,2021
2021,3,おしろい,販売個数,十個,171940.0,2021
2021,4,おしろい,販売個数,十個,201471.0,2021
2021,5,おしろい,販売個数,十個,132317.0,2021
2021,6,おしろい,販売個数,十個,140762.0,2021
2021,7,おしろい,販売個数,十個,180357.0,2021
2021,8,おしろい,販売個数,十個,165385.0,2021
2021,9,おしろい,販売個数,十個,167123.0,2021
2021,10,おしろい,販売個数,十個,179453.0,2021
2021,11,おしろい,販売個数,十個,199883.0,2021
2021,12,おしろい,販売個数,十個,170572.0,2021
2022,0,おしろい,販売個数,十個,2278847.0,2023
2022,1,おしろい,販売個数,十個,135948.0,2022
2022,2,おしろい,販売個数,十個,166916.0,2022
2022,3,おしろい,販売個数,十個,192091.0,2022
2022,4,おしろい,販売個数,十個,221482.0,2022
2022,5,おしろい,販売個数,十個,179677.0,2022
2022,6,おしろい,販売個数,十個,184688.0,2022
2022,7,おしろい,販売個数,十個,211562.0,2022
2022,8,おしろい,販売個数,十個,207398.0,2022
2022,9,おしろい,販売個数,十個,186801.0,2022
2022,10,おしろい,販売個数,十個,166995.0,2022
2022,11,おしろい,販売個数,十個,254674.0,2022
2022,12,おしろい,販売個数,十個,170615.0,2022
2023,0,おしろい,販売個数,十個,2608605.0,2023
2023,1,おしろい,販売個数,十個,125629.0,2023
2023,2,おしろい,販売個数,十個,175905.0,2023
2023,3,おしろい,販売個数,十個,212733.0,2023
2023,4,おしろい,販売個数,十個,259698.0,2023
2023,5,おしろい,販売個数,十個,176340.0,2023
2023,6,おしろい,販売個数,十個,271597.0,2023
2023,7,おしろい,販売個数,十個,224975.0,2023
2023,8,おしろい,販売個数,十個,222611.0,2023
2023,9,おしろい,販売個数,十個,270824.0,2023
2023,10,おしろい,販売個数,十個,218919.0,2023
2023,11,おしろい,販売個数,十個,236286.0,2023
2023,12,おしろい,販売個数,十個,213088.0,2023
2024,1,おしろい,販売個数,十個,186871.0,2024
2024,2,おしろい,販売個数,十個,289171.0,2024
2024,3,おしろい,販売個数,十個,200394.0,2024
2024,4,おしろい,販売個数,十個,261428.0,2024
2024,5,おしろい,販売個数,十個,259576.0,2024
2024,6,おしろい,販売個数,十個,365492.0,2024
2024,7,おしろい,販売個数,十個,264935.0,2024
2024,8,おしろい,販売個数,十個,258777.0,2024
2024,9,おしろい,販売個数,十個,309010.0,2024
2024,10,おしろい,販売個数,十個,269787.0,2024
2024,11,おしろい,販売個数,十個,308612.0,2024
2024,12,おしろい,販売個数,十個,253569.0,2024
2015,0,おしろい,販売数量,kg,249634.0,2019
2016,0,おしろい,販売数量,kg,291442.0,2020
2017,0,おしろい,販売数量,kg,339789.0,2021
2018,0,おしろい,販売数量,kg,361744.0,2022
2019,0,おしろい,販売数量,kg,429263.0,2023
2019,1,おしろい,販売数量,kg,23693.0,2019
2019,2,おしろい,販売数量,kg,22855.0,2019
2019,3,おしろい,販売数量,kg,23094.0,2019
2019,4,おしろい,販売数量,kg,31746.0,2019
2019,5,おしろい,販売数量,kg,33741.0,2019
2019,6,おしろい,販売数量,kg,52258.0,2019
2019,7,おしろい,販売数量,kg,42071.0,2019
2019,8,おしろい,販売数量,kg,43769.0,2019
2019,9,おしろい,販売数量,kg,37890.0,2019
2019,10,おしろい,販売数量,kg,30602.0,2019
2019,11,おしろい,販売数量,kg,52503.0,2019
2019,12,おしろい,販売数量,kg,35041.0,2019
2020,0,おしろい,販売数量,kg,426694.0,2023
2020,1,おしろい,販売数量,kg,25800.0,2020
2020,2,おしろい,販売数量,kg,27377.0,2020
2020,3,おしろい,販売数量,kg,28062.0,2020
2020,4,おしろい,販売数量,kg,34170.0,2020
2020,5,おしろい,販売数量,kg,58034.0,2020
2020,6,おしろい,販売数量,kg,47624.0,2020
2020,7,おしろい,販売数量,kg,35172.0,2020
2020,8,おしろい,販売数量,kg,36418.0,2020
2020,9,おしろい,販売数量,kg,30587.0,2020
2020,10,おしろい,販売数量,kg,29704.0,2020
2020,11,おしろい,販売数量,kg,42474.0,2020
2020,12,おしろい,販売数量,kg,29640.0,2020
2021,0,おしろい,販売数量,kg,439813.0,2023
2021,1,おしろい,販売数量,kg,25326.0,2021
2021,2,おしろい,販売数量,kg,24936.0,2021
2021,3,おしろい,販売数量,kg,44053.0,2021
2021,4,おしろい,販売数量,kg,71642.0,2021
2021,5,おしろい,販売数量,kg,29247.0,2021
2021,6,おしろい,販売数量,kg,26562.0,2021
2021,7,おしろい,販売数量,kg,32990.0,2021
2021,8,おしろい,販売数量,kg,41258.0,2021
2021,9,おしろい,販売数量,kg,29985.0,2021
2021,10,おしろい,販売数量,kg,31011.0,2021
2021,11,おしろい,販売数量,kg,43936.0,2021
2021,12,おしろい,販売数量,kg,36615.0,2021
2022,0,おしろい,販売数量,kg,513507.0,2023
2022,1,おしろい,販売数量,kg,27250.0,2022
2022,2,おしろい,販売数量,kg,31948.0,2022
2022,3,おしろい,販売数量,kg,42584.0,2022
2022,4,おしろい,販売数量,kg,57702.0,2022
2022,5,おしろい,販売数量,kg,40095.0,2022
2022,6,おしろい,販売数量,kg,47219.0,2022
2022,7,おしろい,販売数量,kg,47713.0,2022
2022,8,おしろい,販売数量,kg,53988.0,2022
2022,9,おしろい,販売数量,kg,38239.0,2022
2022,10,おしろい,販売数量,kg,34939.0,2022
2022,11,おしろい,販売数量,kg,61723.0,2022
2022,12,おしろい,販売数量,kg,30107.0,2022
2023,0,おしろい,販売数量,kg,567637.0,2023
2023,1,おしろい,販売数量,kg,21547.0,2023
2023,2,おしろい,販売数量,kg,29499.0,2023
2023,3,おしろい,販売数量,kg,36460.0,2023
2023,4,おしろい,販売数量,kg,38665.0,2023
2023,5,おしろい,販売数量,kg,26542.0,2023
2023,6,おしろい,販売数量,kg,62262.0,2023
2023,7,おしろい,販売数量,kg,56788.0,2023
2023,8,おしろい,販売数量,kg,54741.0,2023
2023,9,おしろい,販売数量,kg,85698.0,2023
2023,10,おしろい,販売数量,kg,52029.0,2023
2023,11,おしろい,販売数量,kg,59139.0,2023
2023,12,おしろい,販売数量,kg,44267.0,2023
2024,1,おしろい,販売数量,kg,31136.0,2024
2024,2,おしろい,販売数量,kg,78568.0,2024
2024,3,おしろい,販売数量,kg,35872.0,2024
2024,4,おしろい,販売数量,kg,57109.0,2024
2024,5,おしろい,販売数量,kg,72576.0,2024
2024,6,おしろい,販売数量,kg,92936.0,2024
2024,7,おしろい,販売数量,kg,63361.0,2024
2024,8,おしろい,販売数量,kg,58469.0,2024
2024,9,おしろい,販売数量,kg,82029.0,2024
2024,10,おしろい,販売数量,kg,54904.0,2024
2024,11,おしろい,販売数量,kg,89463.0,2024
2024,12,おしろい,販売数量,kg,53956.0,2024
2015,0,おしろい,販売金額,千円,24615267.0,2019
2016,0,おしろい,販売金額,千円,26676812.0,2020
2017,0,おしろい,販売金額,千円,32059857.0,2021
2018,0,おしろい,販売金額,千円,32970180.0,2022
2019,0,おしろい,販売金額,千円,37843679.0,2023
2019,1,おしろい,販売金額,千円,2029229.0,2019
2019,2,おしろい,販売金額,千円,2203771.0,2019
2019,3,おしろい,販売金額,千円,2640333.0,2019
2019,4,おしろい,販売金額,千円,2777293.0,2019
2019,5,おしろい,販売金額,千円,3234611.0,2019
2019,6,おしろい,販売金額,千円,2823517.0,2019
2019,7,おしろい,販売金額,千円,2813623.0,2019
2019,8,おしろい,販売金額,千円,2744391.0,2019
2019,9,おしろい,販売金額,千円,3073225.0,2019
2019,10,おしろい,販売金額,千円,2346916.0,2019
2019,11,おしろい,販売金額,千円,7603785.0,2019
2019,12,おしろい,販売金額,千円,3552985.0,2019
2020,0,おしろい,販売金額,千円,28879262.0,2023
2020,1,おしろい,販売金額,千円,1893529.0,2020
2020,2,おしろい,販売金額,千円,1859362.0,2020
2020,3,おしろい,販売金額,千円,1668751.0,2020
2020,4,おしろい,販売金額,千円,1759849.0,2020
2020,5,おしろい,販売金額,千円,1974285.0,2020
2020,6,おしろい,販売金額,千円,2115802.0,2020
2020,7,おしろい,販売金額,千円,1864834.0,2020
2020,8,おしろい,販売金額,千円,2072736.0,2020
2020,9,おしろい,販売金額,千円,1999046.0,2020
2020,10,おしろい,販売金額,千円,2345152.0,2020
2020,11,おしろい,販売金額,千円,6033320.0,2020
2020,12,おしろい,販売金額,千円,3017563.0,2020
2021,0,おしろい,販売金額,千円,30163476.0,2023
2021,1,おしろい,販売金額,千円,1487138.0,2021
2021,2,おしろい,販売金額,千円,1628574.0,2021
2021,3,おしろい,販売金額,千円,2055016.0,2021
2021,4,おしろい,販売金額,千円,2133972.0,2021
2021,5,おしろい,販売金額,千円,1747591.0,2021
2021,6,おしろい,販売金額,千円,2570533.0,2021
2021,7,おしろい,販売金額,千円,2377322.0,2021
2021,8,おしろい,販売金額,千円,2017557.0,2021
2021,9,おしろい,販売金額,千円,2611635.0,2021
2021,10,おしろい,販売金額,千円,2625095.0,2021
2021,11,おしろい,販売金額,千円,5810984.0,2021
2021,12,おしろい,販売金額,千円,2704753.0,2021
2022,0,おしろい,販売金額,千円,34828149.0,2023
2022,1,おしろい,販売金額,千円,1912608.0,2022
2022,2,おしろい,販売金額,千円,2155834.0,2022
2022,3,おしろい,販売金額,千円,2677793.0,2022
2022,4,おしろい,販売金額,千円,2818580.0,2022
2022,5,おしろい,販売金額,千円,2543882.0,2022
2022,6,おしろい,販売金額,千円,2687247.0,2022
2022,7,おしろい,販売金額,千円,2686455.0,2022
2022,8,おしろい,販売金額,千円,2726789.0,2022
2022,9,おしろい,販売金額,千円,2937300.0,2022
2022,10,おしろい,販売金額,千円,2381759.0,2022
2022,11,おしろい,販売金額,千円,6242675.0,2022
2022,12,おしろい,販売金額,千円,3057227.0,2022
2023,0,おしろい,販売金額,千円,40308367.0,2023
2023,1,おしろい,販売金額,千円,1679919.0,2023
2023,2,おしろい,販売金額,千円,2003699.0,2023
2023,3,おしろい,販売金額,千円,3175687.0,2023
2023,4,おしろい,販売金額,千円,3303188.0,2023
2023,5,おしろい,販売金額,千円,2926984.0,2023
2023,6,おしろい,販売金額,千円,3917979.0,2023
2023,7,おしろい,販売金額,千円,3292151.0,2023
2023,8,おしろい,販売金額,千円,3144714.0,2023
2023,9,おしろい,販売金額,千円,3770515.0,2023
2023,10,おしろい,販売金額,千円,3277243.0,2023
2023,11,おしろい,販売金額,千円,6124735.0,2023
2023,12,おしろい,販売金額,千円,3691553.0,2023
2024,1,おしろい,販売金額,千円,2655330.0,2024
2024,2,おしろい,販売金額,千円,3487499.0,2024
2024,3,おしろい,販売金額,千円,3281242.0,2024
2024,4,おしろい,販売金額,千円,3732373.0,2024
2024,5,おしろい,販売金額,千円,4428873.0,2024
2024,6,おしろい,販売金額,千円,5058742.0,2024
2024,7,おしろい,販売金額,千円,4432303.0,2024
2024,8,おしろい,販売金額,千円,4223470.0,2024
2024,9,おしろい,販売金額,千円,4622840.0,2024
2024,10,おしろい,販売金額,千円,4099642.0,2024
2024,11,おしろい,販売金額,千円,7044606.0,2024
2024,12,おしろい,販売金額,千円,4290100.0,2024
2015,0,その他の仕上用化粧品,出荷その他,kg,4003.0,2019
2016,0,その他の仕上用化粧品,出荷その他,kg,4911.0,2020
2017,0,その他の仕上用化粧品,出荷その他,kg,5764.0,2021
2018,0,その他の仕上用化粧品,出荷その他,kg,3658.0,2022
2019,0,その他の仕上用化粧品,出荷その他,kg,6140.0,2023
2019,1,その他の仕上用化粧品,出荷その他,kg,28.0,2019
2019,2,その他の仕上用化粧品,出荷その他,kg,19.0,2019
2019,3,その他の仕上用化粧品,出荷その他,kg,131.0,2019
2019,4,その他の仕上用化粧品,出荷その他,kg,1188.0,2019
2019,5,その他の仕上用化粧品,出荷その他,kg,281.0,2019
2019,6,その他の仕上用化粧品,出荷その他,kg,1113.0,2019
2019,7,その他の仕上用化粧品,出荷その他,kg,174.0,2019
2019,8,その他の仕上用化粧品,出荷その他,kg,160.0,2019
2019,9,その他の仕上用化粧品,出荷その他,kg,236.0,2019
2019,10,その他の仕上用化粧品,出荷その他,kg,62.0,2019
2019,11,その他の仕上用化粧品,出荷その他,kg,1894.0,2019
2019,12,その他の仕上用化粧品,出荷その他,kg,854.0,2019
2020,0,その他の仕上用化粧品,出荷その他,kg,3219.0,2023
2020,1,その他の仕上用化粧品,出荷その他,kg,92.0,2020
2020,2,その他の仕上用化粧品,出荷その他,kg,351.0,2020
2020,3,その他の仕上用化粧品,出荷その他,kg,411.0,2020
2020,4,その他の仕上用化粧品,出荷その他,kg,53.0,2020
2020,5,その他の仕上用化粧品,出荷その他,kg,118.0,2020
2020,6,その他の仕上用化粧品,出荷その他,kg,228.0,2020
2020,7,その他の仕上用化粧品,出荷その他,kg,77.0,2020
2020,8,その他の仕上用化粧品,出荷その他,kg,702.0,2020
2020,9,その他の仕上用化粧品,出荷その他,kg,233.0,2020
2020,10,その他の仕上用化粧品,出荷その他,kg,4246.0,2020
2020,11,その他の仕上用化粧品,出荷その他,kg,13214.0,2020
2020,12,その他の仕上用化粧品,出荷その他,kg,924.0,2020
2021,0,その他の仕上用化粧品,出荷その他,kg,8041.0,2023
2021,1,その他の仕上用化粧品,出荷その他,kg,5482.0,2021
2021,2,その他の仕上用化粧品,出荷その他,kg,683.0,2021
2021,3,その他の仕上用化粧品,出荷その他,kg,2347.0,2021
2021,4,その他の仕上用化粧品,出荷その他,kg,332.0,2021
2021,5,その他の仕上用化粧品,出荷その他,kg,860.0,2021
2021,6,その他の仕上用化粧品,出荷その他,kg,2643.0,2021
2021,7,その他の仕上用化粧品,出荷その他,kg,785.0,2021
2021,8,その他の仕上用化粧品,出荷その他,kg,289.0,2021
2021,9,その他の仕上用化粧品,出荷その他,kg,5368.0,2021
2021,10,その他の仕上用化粧品,出荷その他,kg,5780.0,2021
2021,11,その他の仕上用化粧品,出荷その他,kg,1635.0,2021
2021,12,その他の仕上用化粧品,出荷その他,kg,4262.0,2021
2022,0,その他の仕上用化粧品,出荷その他,kg,3063.0,2023
2022,1,その他の仕上用化粧品,出荷その他,kg,176.0,2022
2022,2,その他の仕上用化粧品,出荷その他,kg,476.0,2022
2022,3,その他の仕上用化粧品,出荷その他,kg,345.0,2022
2022,4,その他の仕上用化粧品,出荷その他,kg,156.0,2022
2022,5,その他の仕上用化粧品,出荷その他,kg,408.0,2022
2022,6,その他の仕上用化粧品,出荷その他,kg,186.0,2022
2022,7,その他の仕上用化粧品,出荷その他,kg,142.0,2022
2022,8,その他の仕上用化粧品,出荷その他,kg,101.0,2022
2022,9,その他の仕上用化粧品,出荷その他,kg,131.0,2022
2022,10,その他の仕上用化粧品,出荷その他,kg,98.0,2022
2022,11,その他の仕上用化粧品,出荷その他,kg,724.0,2022
2022,12,その他の仕上用化粧品,出荷その他,kg,120.0,2022
2023,0,その他の仕上用化粧品,出荷その他,kg,5221.0,2023
2023,1,その他の仕上用化粧品,出荷その他,kg,127.0,2023
2023,2,その他の仕上用化粧品,出荷その他,kg,366.0,2023
2023,3,その他の仕上用化粧品,出荷その他,kg,326.0,2023
2023,4,その他の仕上用化粧品,出荷その他,kg,317.0,2023
2023,5,その他の仕上用化粧品,出荷その他,kg,208.0,2023
2023,6,その他の仕上用化粧品,出荷その他,kg,210.0,2023
2023,7,その他の仕上用化粧品,出荷その他,kg,578.0,2023
2023,8,その他の仕上用化粧品,出荷その他,kg,152.0,2023
2023,9,その他の仕上用化粧品,出荷その他,kg,478.0,2023
2023,10,その他の仕上用化粧品,出荷その他,kg,880.0,2023
2023,11,その他の仕上用化粧品,出荷その他,kg,1089.0,2023
2023,12,その他の仕上用化粧品,出荷その他,kg,490.0,2023
2024,1,その他の仕上用化粧品,出荷その他,kg,966.0,2024
2024,2,その他の仕上用化粧品,出荷その他,kg,682.0,2024
2024,3,その他の仕上用化粧品,出荷その他,kg,315.0,2024
2024,4,その他の仕上用化粧品,出荷その他,kg,1013.0,2024
2024,5,その他の仕上用化粧品,出荷その他,kg,347.0,2024
2024,6,その他の仕上用化粧品,出荷その他,kg,782.0,2024
2024,7,その他の仕上用化粧品,出荷その他,kg,279.0,2024
2024,8,その他の仕上用化粧品,出荷その他,kg,1491.0,2024
2024,9,その他の仕上用化粧品,出荷その他,kg,2804.0,2024
2024,10,その他の仕上用化粧品,出荷その他,kg,1002.0,2024
2024,11,その他の仕上用化粧品,出荷その他,kg,1181.0,2024
2024,12,その他の仕上用化粧品,出荷その他,kg,935.0,2024
2015,0,その他の仕上用化粧品,受入,kg,39662.0,2019
2016,0,その他の仕上用化粧品,受入,kg,32958.0,2020
2017,0,その他の仕上用化粧品,受入,kg,82254.0,2021
2018,0,その他の仕上用化粧品,受入,kg,57982.0,2022
2019,0,その他の仕上用化粧品,受入,kg,72192.0,2023
2019,1,その他の仕上用化粧品,受入,kg,4789.0,2019
2019,2,その他の仕上用化粧品,受入,kg,7296.0,2019
2019,3,その他の仕上用化粧品,受入,kg,2234.0,2019
2019,4,その他の仕上用化粧品,受入,kg,7158.0,2019
2019,5,その他の仕上用化粧品,受入,kg,6928.0,2019
2019,6,その他の仕上用化粧品,受入,kg,6104.0,2019
2019,7,その他の仕上用化粧品,受入,kg,5364.0,2019
2019,8,その他の仕上用化粧品,受入,kg,3851.0,2019
2019,9,その他の仕上用化粧品,受入,kg,11920.0,2019
2019,10,その他の仕上用化粧品,受入,kg,4063.0,2019
2019,11,その他の仕上用化粧品,受入,kg,7058.0,2019
2019,12,その他の仕上用化粧品,受入,kg,5427.0,2019
2020,0,その他の仕上用化粧品,受入,kg,54045.0,2023
2020,1,その他の仕上用化粧品,受入,kg,15506.0,2020
2020,2,その他の仕上用化粧品,受入,kg,4953.0,2020
2020,3,その他の仕上用化粧品,受入,kg,4892.0,2020
2020,4,その他の仕上用化粧品,受入,kg,4620.0,2020
2020,5,その他の仕上用化粧品,受入,kg,6318.0,2020
2020,6,その他の仕上用化粧品,受入,kg,12377.0,2020
2020,7,その他の仕上用化粧品,受入,kg,19258.0,2020
2020,8,その他の仕上用化粧品,受入,kg,1317.0,2020
2020,9,その他の仕上用化粧品,受入,kg,1397.0,2020
2020,10,その他の仕上用化粧品,受入,kg,5821.0,2020
2020,11,その他の仕上用化粧品,受入,kg,7703.0,2020
2020,12,その他の仕上用化粧品,受入,kg,3901.0,2020
2021,0,その他の仕上用化粧品,受入,kg,56352.0,2023
2021,1,その他の仕上用化粧品,受入,kg,13512.0,2021
2021,2,その他の仕上用化粧品,受入,kg,20879.0,2021
2021,3,その他の仕上用化粧品,受入,kg,5688.0,2021
2021,4,その他の仕上用化粧品,受入,kg,3705.0,2021
2021,5,その他の仕上用化粧品,受入,kg,893.0,2021
2021,6,その他の仕上用化粧品,受入,kg,7330.0,2021
2021,7,その他の仕上用化粧品,受入,kg,10463.0,2021
2021,8,その他の仕上用化粧品,受入,kg,17910.0,2021
2021,9,その他の仕上用化粧品,受入,kg,4377.0,2021
2021,10,その他の仕上用化粧品,受入,kg,13195.0,2021
2021,11,その他の仕上用化粧品,受入,kg,2534.0,2021
2021,12,その他の仕上用化粧品,受入,kg,3186.0,2021
2022,0,その他の仕上用化粧品,受入,kg,54747.0,2023
2022,1,その他の仕上用化粧品,受入,kg,974.0,2022
2022,2,その他の仕上用化粧品,受入,kg,1068.0,2022
2022,3,その他の仕上用化粧品,受入,kg,1481.0,2022
2022,4,その他の仕上用化粧品,受入,kg,10254.0,2022
2022,5,その他の仕上用化粧品,受入,kg,7268.0,2022
2022,6,その他の仕上用化粧品,受入,kg,4948.0,2022
2022,7,その他の仕上用化粧品,受入,kg,2812.0,2022
2022,8,その他の仕上用化粧品,受入,kg,1290.0,2022
2022,9,その他の仕上用化粧品,受入,kg,4317.0,2022
2022,10,その他の仕上用化粧品,受入,kg,6777.0,2022
2022,11,その他の仕上用化粧品,受入,kg,7688.0,2022
2022,12,その他の仕上用化粧品,受入,kg,5870.0,2022
2023,0,その他の仕上用化粧品,受入,kg,38618.0,2023
2023,1,その他の仕上用化粧品,受入,kg,2482.0,2023
2023,2,その他の仕上用化粧品,受入,kg,1548.0,2023
2023,3,その他の仕上用化粧品,受入,kg,8833.0,2023
2023,4,その他の仕上用化粧品,受入,kg,2143.0,2023
2023,5,その他の仕上用化粧品,受入,kg,1873.0,2023
2023,6,その他の仕上用化粧品,受入,kg,2928.0,2023
2023,7,その他の仕上用化粧品,受入,kg,2451.0,2023
2023,8,その他の仕上用化粧品,受入,kg,5529.0,2023
2023,9,その他の仕上用化粧品,受入,kg,4208.0,2023
2023,10,その他の仕上用化粧品,受入,kg,2409.0,2023
2023,11,その他の仕上用化粧品,受入,kg,2484.0,2023
2023,12,その他の仕上用化粧品,受入,kg,1730.0,2023
2024,1,その他の仕上用化粧品,受入,kg,5403.0,2024
2024,2,その他の仕上用化粧品,受入,kg,2448.0,2024
2024,3,その他の仕上用化粧品,受入,kg,4357.0,2024
2024,4,その他の仕上用化粧品,受入,kg,3219.0,2024
2024,5,その他の仕上用化粧品,受入,kg,1087.0,2024
2024,6,その他の仕上用化粧品,受入,kg,2236.0,2024
2024,7,その他の仕上用化粧品,受入,kg,3004.0,2024
2024,8,その他の仕上用化粧品,受入,kg,6648.0,2024
2024,9,その他の仕上用化粧品,受入,kg,3050.0,2024
2024,10,その他の仕上用化粧品,受入,kg,2532.0,2024
2024,11,その他の仕上用化粧品,受入,kg,2025.0,2024
2024,12,その他の仕上用化粧品,受入,kg,1836.0,2024
2015,0,その他の仕上用化粧品,月末在庫,kg,18584.0,2019
2016,0,その他の仕上用化粧品,月末在庫,kg,15770.0,2020
2017,0,その他の仕上用化粧品,月末在庫,kg,21524.0,2021
2018,0,その他の仕上用化粧品,月末在庫,kg,37032.0,2022
2019,0,その他の仕上用化粧品,月末在庫,kg,25441.0,2023
2019,1,その他の仕上用化粧品,月末在庫,kg,44924.0,2019
2019,2,その他の仕上用化粧品,月末在庫,kg,43569.0,2019
2019,3,その他の仕上用化粧品,月末在庫,kg,49405.0,2019
2019,4,その他の仕上用化粧品,月末在庫,kg,43737.0,2019
2019,5,その他の仕上用化粧品,月末在庫,kg,45165.0,2019
2019,6,その他の仕上用化粧品,月末在庫,kg,43392.0,2019
2019,7,その他の仕上用化粧品,月末在庫,kg,39757.0,2019
2019,8,その他の仕上用化粧品,月末在庫,kg,38542.0,2019
2019,9,その他の仕上用化粧品,月末在庫,kg,31283.0,2019
2019,10,その他の仕上用化粧品,月末在庫,kg,31542.0,2019
2019,11,その他の仕上用化粧品,月末在庫,kg,26136.0,2019
2019,12,その他の仕上用化粧品,月末在庫,kg,25441.0,2019
2020,0,その他の仕上用化粧品,月末在庫,kg,28631.0,2023
2020,1,その他の仕上用化粧品,月末在庫,kg,31000.0,2020
2020,2,その他の仕上用化粧品,月末在庫,kg,26032.0,2020
2020,3,その他の仕上用化粧品,月末在庫,kg,32104.0,2020
2020,4,その他の仕上用化粧品,月末在庫,kg,40434.0,2020
2020,5,その他の仕上用化粧品,月末在庫,kg,49889.0,2020
2020,6,その他の仕上用化粧品,月末在庫,kg,59179.0,2020
2020,7,その他の仕上用化粧品,月末在庫,kg,77945.0,2020
2020,8,その他の仕上用化粧品,月末在庫,kg,83196.0,2020
2020,9,その他の仕上用化粧品,月末在庫,kg,63271.0,2020
2020,10,その他の仕上用化粧品,月末在庫,kg,72957.0,2020
2020,11,その他の仕上用化粧品,月末在庫,kg,59477.0,2020
2020,12,その他の仕上用化粧品,月末在庫,kg,55218.0,2020
2021,0,その他の仕上用化粧品,月末在庫,kg,26040.0,2023
2021,1,その他の仕上用化粧品,月末在庫,kg,59017.0,2021
2021,2,その他の仕上用化粧品,月末在庫,kg,62964.0,2021
2021,3,その他の仕上用化粧品,月末在庫,kg,66248.0,2021
2021,4,その他の仕上用化粧品,月末在庫,kg,67345.0,2021
2021,5,その他の仕上用化粧品,月末在庫,kg,61229.0,2021
2021,6,その他の仕上用化粧品,月末在庫,kg,58625.0,2021
2021,7,その他の仕上用化粧品,月末在庫,kg,60362.0,2021
2021,8,その他の仕上用化粧品,月末在庫,kg,67191.0,2021
2021,9,その他の仕上用化粧品,月末在庫,kg,52678.0,2021
2021,10,その他の仕上用化粧品,月末在庫,kg,62415.0,2021
2021,11,その他の仕上用化粧品,月末在庫,kg,62416.0,2021
2021,12,その他の仕上用化粧品,月末在庫,kg,61156.0,2021
2022,0,その他の仕上用化粧品,月末在庫,kg,33538.0,2023
2022,1,その他の仕上用化粧品,月末在庫,kg,27644.0,2022
2022,2,その他の仕上用化粧品,月末在庫,kg,31238.0,2022
2022,3,その他の仕上用化粧品,月末在庫,kg,29571.0,2022
2022,4,その他の仕上用化粧品,月末在庫,kg,28202.0,2022
2022,5,その他の仕上用化粧品,月末在庫,kg,25748.0,2022
2022,6,その他の仕上用化粧品,月末在庫,kg,25130.0,2022
2022,7,その他の仕上用化粧品,月末在庫,kg,25081.0,2022
2022,8,その他の仕上用化粧品,月末在庫,kg,27119.0,2022
2022,9,その他の仕上用化粧品,月末在庫,kg,29613.0,2022
2022,10,その他の仕上用化粧品,月末在庫,kg,32303.0,2022
2022,11,その他の仕上用化粧品,月末在庫,kg,30790.0,2022
2022,12,その他の仕上用化粧品,月末在庫,kg,33538.0,2022
2023,0,その他の仕上用化粧品,月末在庫,kg,26994.0,2023
2023,1,その他の仕上用化粧品,月末在庫,kg,32034.0,2023
2023,2,その他の仕上用化粧品,月末在庫,kg,31313.0,2023
2023,3,その他の仕上用化粧品,月末在庫,kg,33140.0,2023
2023,4,その他の仕上用化粧品,月末在庫,kg,33324.0,2023
2023,5,その他の仕上用化粧品,月末在庫,kg,30278.0,2023
2023,6,その他の仕上用化粧品,月末在庫,kg,31498.0,2023
2023,7,その他の仕上用化粧品,月末在庫,kg,29282.0,2023
2023,8,その他の仕上用化粧品,月末在庫,kg,31470.0,2023
2023,9,その他の仕上用化粧品,月末在庫,kg,32880.0,2023
2023,10,その他の仕上用化粧品,月末在庫,kg,32510.0,2023
2023,11,その他の仕上用化粧品,月末在庫,kg,29295.0,2023
2023,12,その他の仕上用化粧品,月末在庫,kg,26994.0,2023
2024,1,その他の仕上用化粧品,月末在庫,kg,30061.0,2024
2024,2,その他の仕上用化粧品,月末在庫,kg,34143.0,2024
2024,3,その他の仕上用化粧品,月末在庫,kg,31321.0,2024
2024,4,その他の仕上用化粧品,月末在庫,kg,30740.0,2024
2024,5,その他の仕上用化粧品,月末在庫,kg,27096.0,2024
2024,6,その他の仕上用化粧品,月末在庫,kg,26075.0,2024
2024,7,その他の仕上用化粧品,月末在庫,kg,26612.0,2024
2024,8,その他の仕上用化粧品,月末在庫,kg,30718.0,2024
2024,9,その他の仕上用化粧品,月末在庫,kg,29740.0,2024
2024,10,その他の仕上用化粧品,月末在庫,kg,25954.0,2024
2024,11,その他の仕上用化粧品,月末在庫,kg,25236.0,2024
2024,12,その他の仕上用化粧品,月末在庫,kg,24619.0,2024
2015,0,その他の仕上用化粧品,生産,kg,79009.0,2019
2016,0,その他の仕上用化粧品,生産,kg,114176.0,2020
2017,0,その他の仕上用化粧品,生産,kg,80367.0,2021
2018,0,その他の仕上用化粧品,生産,kg,225933.0,2022
2019,0,その他の仕上用化粧品,生産,kg,163241.0,2023
2019,1,その他の仕上用化粧品,生産,kg,19080.0,2019
2019,2,その他の仕上用化粧品,生産,kg,15004.0,2019
2019,3,その他の仕上用化粧品,生産,kg,29571.0,2019
2019,4,その他の仕上用化粧品,生産,kg,10056.0,2019
2019,5,その他の仕上用化粧品,生産,kg,9433.0,2019
2019,6,その他の仕上用化粧品,生産,kg,9669.0,2019
2019,7,その他の仕上用化粧品,生産,kg,16429.0,2019
2019,8,その他の仕上用化粧品,生産,kg,17556.0,2019
2019,9,その他の仕上用化粧品,生産,kg,2993.0,2019
2019,10,その他の仕上用化粧品,生産,kg,9404.0,2019
2019,11,その他の仕上用化粧品,生産,kg,13016.0,2019
2019,12,その他の仕上用化粧品,生産,kg,11030.0,2019
2020,0,その他の仕上用化粧品,生産,kg,164544.0,2023
2020,1,その他の仕上用化粧品,生産,kg,13295.0,2020
2020,2,その他の仕上用化粧品,生産,kg,15132.0,2020
2020,3,その他の仕上用化粧品,生産,kg,32340.0,2020
2020,4,その他の仕上用化粧品,生産,kg,17806.0,2020
2020,5,その他の仕上用化粧品,生産,kg,11484.0,2020
2020,6,その他の仕上用化粧品,生産,kg,13747.0,2020
2020,7,その他の仕上用化粧品,生産,kg,20502.0,2020
2020,8,その他の仕上用化粧品,生産,kg,11465.0,2020
2020,9,その他の仕上用化粧品,生産,kg,9198.0,2020
2020,10,その他の仕上用化粧品,生産,kg,11039.0,2020
2020,11,その他の仕上用化粧品,生産,kg,3287.0,2020
2020,12,その他の仕上用化粧品,生産,kg,4889.0,2020
2021,0,その他の仕上用化粧品,生産,kg,123471.0,2023
2021,1,その他の仕上用化粧品,生産,kg,8222.0,2021
2021,2,その他の仕上用化粧品,生産,kg,13112.0,2021
2021,3,その他の仕上用化粧品,生産,kg,12026.0,2021
2021,4,その他の仕上用化粧品,生産,kg,8831.0,2021
2021,5,その他の仕上用化粧品,生産,kg,12786.0,2021
2021,6,その他の仕上用化粧品,生産,kg,8405.0,2021
2021,7,その他の仕上用化粧品,生産,kg,17011.0,2021
2021,8,その他の仕上用化粧品,生産,kg,7459.0,2021
2021,9,その他の仕上用化粧品,生産,kg,9816.0,2021
2021,10,その他の仕上用化粧品,生産,kg,8930.0,2021
2021,11,その他の仕上用化粧品,生産,kg,5355.0,2021
2021,12,その他の仕上用化粧品,生産,kg,11659.0,2021
2022,0,その他の仕上用化粧品,生産,kg,143881.0,2023
2022,1,その他の仕上用化粧品,生産,kg,14482.0,2022
2022,2,その他の仕上用化粧品,生産,kg,12738.0,2022
2022,3,その他の仕上用化粧品,生産,kg,17573.0,2022
2022,4,その他の仕上用化粧品,生産,kg,10708.0,2022
2022,5,その他の仕上用化粧品,生産,kg,7505.0,2022
2022,6,その他の仕上用化粧品,生産,kg,10104.0,2022
2022,7,その他の仕上用化粧品,生産,kg,12900.0,2022
2022,8,その他の仕上用化粧品,生産,kg,17719.0,2022
2022,9,その他の仕上用化粧品,生産,kg,10321.0,2022
2022,10,その他の仕上用化粧品,生産,kg,11511.0,2022
2022,11,その他の仕上用化粧品,生産,kg,7685.0,2022
2022,12,その他の仕上用化粧品,生産,kg,10635.0,2022
2023,0,その他の仕上用化粧品,生産,kg,166779.0,2023
2023,1,その他の仕上用化粧品,生産,kg,8742.0,2023
2023,2,その他の仕上用化粧品,生産,kg,19090.0,2023
2023,3,その他の仕上用化粧品,生産,kg,10308.0,2023
2023,4,その他の仕上用化粧品,生産,kg,16781.0,2023
2023,5,その他の仕上用化粧品,生産,kg,12823.0,2023
2023,6,その他の仕上用化粧品,生産,kg,15960.0,2023
2023,7,その他の仕上用化粧品,生産,kg,12431.0,2023
2023,8,その他の仕上用化粧品,生産,kg,13879.0,2023
2023,9,その他の仕上用化粧品,生産,kg,13735.0,2023
2023,10,その他の仕上用化粧品,生産,kg,14794.0,2023
2023,11,その他の仕上用化粧品,生産,kg,16272.0,2023
2023,12,その他の仕上用化粧品,生産,kg,11964.0,2023
2024,1,その他の仕上用化粧品,生産,kg,16483.0,2024
2024,2,その他の仕上用化粧品,生産,kg,24898.0,2024
2024,3,その他の仕上用化粧品,生産,kg,10242.0,2024
2024,4,その他の仕上用化粧品,生産,kg,16016.0,2024
2024,5,その他の仕上用化粧品,生産,kg,15428.0,2024
2024,6,その他の仕上用化粧品,生産,kg,14435.0,2024
2024,7,その他の仕上用化粧品,生産,kg,14617.0,2024
2024,8,その他の仕上用化粧品,生産,kg,12565.0,2024
2024,9,その他の仕上用化粧品,生産,kg,12717.0,2024
2024,10,その他の仕上用化粧品,生産,kg,11908.0,2024
2024,11,その他の仕上用化粧品,生産,kg,14036.0,2024
2024,12,その他の仕上用化粧品,生産,kg,12385.0,2024
2015,0,その他の仕上用化粧品,販売個数,十個,794517.0,2019
2016,0,その他の仕上用化粧品,販売個数,十個,903052.0,2020
2017,0,その他の仕上用化粧品,販売個数,十個,911897.0,2021
2018,0,その他の仕上用化粧品,販売個数,十個,1299430.0,2022
2019,0,その他の仕上用化粧品,販売個数,十個,1320017.0,2023
2019,1,その他の仕上用化粧品,販売個数,十個,102943.0,2019
2019,2,その他の仕上用化粧品,販売個数,十個,152606.0,2019
2019,3,その他の仕上用化粧品,販売個数,十個,96628.0,2019
2019,4,その他の仕上用化粧品,販売個数,十個,97557.0,2019
2019,5,その他の仕上用化粧品,販売個数,十個,70412.0,2019
2019,6,その他の仕上用化粧品,販売個数,十個,99347.0,2019
2019,7,その他の仕上用化粧品,販売個数,十個,158174.0,2019
2019,8,その他の仕上用化粧品,販売個数,十個,126982.0,2019
2019,9,その他の仕上用化粧品,販売個数,十個,123858.0,2019
2019,10,その他の仕上用化粧品,販売個数,十個,103413.0,2019
2019,11,その他の仕上用化粧品,販売個数,十個,99359.0,2019
2019,12,その他の仕上用化粧品,販売個数,十個,88738.0,2019
2020,0,その他の仕上用化粧品,販売個数,十個,1136124.0,2023
2020,1,その他の仕上用化粧品,販売個数,十個,142542.0,2020
2020,2,その他の仕上用化粧品,販売個数,十個,152952.0,2020
2020,3,その他の仕上用化粧品,販売個数,十個,131543.0,2020
2020,4,その他の仕上用化粧品,販売個数,十個,82312.0,2020
2020,5,その他の仕上用化粧品,販売個数,十個,77322.0,2020
2020,6,その他の仕上用化粧品,販売個数,十個,90086.0,2020
2020,7,その他の仕上用化粧品,販売個数,十個,113128.0,2020
2020,8,その他の仕上用化粧品,販売個数,十個,68924.0,2020
2020,9,その他の仕上用化粧品,販売個数,十個,56835.0,2020
2020,10,その他の仕上用化粧品,販売個数,十個,110358.0,2020
2020,11,その他の仕上用化粧品,販売個数,十個,57726.0,2020
2020,12,その他の仕上用化粧品,販売個数,十個,69114.0,2020
2021,0,その他の仕上用化粧品,販売個数,十個,947017.0,2023
2021,1,その他の仕上用化粧品,販売個数,十個,71404.0,2021
2021,2,その他の仕上用化粧品,販売個数,十個,92988.0,2021
2021,3,その他の仕上用化粧品,販売個数,十個,75596.0,2021
2021,4,その他の仕上用化粧品,販売個数,十個,52737.0,2021
2021,5,その他の仕上用化粧品,販売個数,十個,82129.0,2021
2021,6,その他の仕上用化粧品,販売個数,十個,82430.0,2021
2021,7,その他の仕上用化粧品,販売個数,十個,116986.0,2021
2021,8,その他の仕上用化粧品,販売個数,十個,88073.0,2021
2021,9,その他の仕上用化粧品,販売個数,十個,90544.0,2021
2021,10,その他の仕上用化粧品,販売個数,十個,73949.0,2021
2021,11,その他の仕上用化粧品,販売個数,十個,73941.0,2021
2021,12,その他の仕上用化粧品,販売個数,十個,72138.0,2021
2022,0,その他の仕上用化粧品,販売個数,十個,1183973.0,2023
2022,1,その他の仕上用化粧品,販売個数,十個,79924.0,2022
2022,2,その他の仕上用化粧品,販売個数,十個,64826.0,2022
2022,3,その他の仕上用化粧品,販売個数,十個,97670.0,2022
2022,4,その他の仕上用化粧品,販売個数,十個,115033.0,2022
2022,5,その他の仕上用化粧品,販売個数,十個,104743.0,2022
2022,6,その他の仕上用化粧品,販売個数,十個,93943.0,2022
2022,7,その他の仕上用化粧品,販売個数,十個,95679.0,2022
2022,8,その他の仕上用化粧品,販売個数,十個,100989.0,2022
2022,9,その他の仕上用化粧品,販売個数,十個,88313.0,2022
2022,10,その他の仕上用化粧品,販売個数,十個,132106.0,2022
2022,11,その他の仕上用化粧品,販売個数,十個,117922.0,2022
2022,12,その他の仕上用化粧品,販売個数,十個,92825.0,2022
2023,0,その他の仕上用化粧品,販売個数,十個,1240997.0,2023
2023,1,その他の仕上用化粧品,販売個数,十個,76629.0,2023
2023,2,その他の仕上用化粧品,販売個数,十個,89707.0,2023
2023,3,その他の仕上用化粧品,販売個数,十個,104782.0,2023
2023,4,その他の仕上用化粧品,販売個数,十個,111105.0,2023
2023,5,その他の仕上用化粧品,販売個数,十個,106057.0,2023
2023,6,その他の仕上用化粧品,販売個数,十個,102959.0,2023
2023,7,その他の仕上用化粧品,販売個数,十個,106177.0,2023
2023,8,その他の仕上用化粧品,販売個数,十個,94464.0,2023
2023,9,その他の仕上用化粧品,販売個数,十個,109945.0,2023
2023,10,その他の仕上用化粧品,販売個数,十個,124418.0,2023
2023,11,その他の仕上用化粧品,販売個数,十個,115985.0,2023
2023,12,その他の仕上用化粧品,販売個数,十個,98769.0,2023
2024,1,その他の仕上用化粧品,販売個数,十個,102951.0,2024
2024,2,その他の仕上用化粧品,販売個数,十個,111722.0,2024
2024,3,その他の仕上用化粧品,販売個数,十個,115549.0,2024
2024,4,その他の仕上用化粧品,販売個数,十個,113640.0,2024
2024,5,その他の仕上用化粧品,販売個数,十個,108413.0,2024
2024,6,その他の仕上用化粧品,販売個数,十個,114358.0,2024
2024,7,その他の仕上用化粧品,販売個数,十個,91929.0,2024
2024,8,その他の仕上用化粧品,販売個数,十個,72160.0,2024
2024,9,その他の仕上用化粧品,販売個数,十個,89390.0,2024
2024,10,その他の仕上用化粧品,販売個数,十個,129149.0,2024
2024,11,その他の仕上用化粧品,販売個数,十個,88559.0,2024
2024,12,その他の仕上用化粧品,販売個数,十個,79630.0,2024
2015,0,その他の仕上用化粧品,販売数量,kg,114456.0,2019
2016,0,その他の仕上用化粧品,販売数量,kg,142359.0,2020
2017,0,その他の仕上用化粧品,販売数量,kg,150319.0,2021
2018,0,その他の仕上用化粧品,販売数量,kg,260792.0,2022
2019,0,その他の仕上用化粧品,販売数量,kg,226233.0,2023
2019,1,その他の仕上用化粧品,販売数量,kg,16122.0,2019
2019,2,その他の仕上用化粧品,販売数量,kg,23342.0,2019
2019,3,その他の仕上用化粧品,販売数量,kg,25716.0,2019
2019,4,その他の仕上用化粧品,販売数量,kg,21471.0,2019
2019,5,その他の仕上用化粧品,販売数量,kg,14578.0,2019
2019,6,その他の仕上用化粧品,販売数量,kg,16279.0,2019
2019,7,その他の仕上用化粧品,販売数量,kg,22462.0,2019
2019,8,その他の仕上用化粧品,販売数量,kg,22017.0,2019
2019,9,その他の仕上用化粧品,販売数量,kg,17860.0,2019
2019,10,その他の仕上用化粧品,販売数量,kg,12905.0,2019
2019,11,その他の仕上用化粧品,販売数量,kg,17079.0,2019
2019,12,その他の仕上用化粧品,販売数量,kg,16402.0,2019
2020,0,その他の仕上用化粧品,販売数量,kg,195112.0,2023
2020,1,その他の仕上用化粧品,販売数量,kg,23039.0,2020
2020,2,その他の仕上用化粧品,販売数量,kg,24669.0,2020
2020,3,その他の仕上用化粧品,販売数量,kg,31332.0,2020
2020,4,その他の仕上用化粧品,販売数量,kg,12701.0,2020
2020,5,その他の仕上用化粧品,販売数量,kg,15034.0,2020
2020,6,その他の仕上用化粧品,販売数量,kg,17245.0,2020
2020,7,その他の仕上用化粧品,販売数量,kg,28321.0,2020
2020,8,その他の仕上用化粧品,販売数量,kg,6723.0,2020
2020,9,その他の仕上用化粧品,販売数量,kg,9804.0,2020
2020,10,その他の仕上用化粧品,販売数量,kg,13645.0,2020
2020,11,その他の仕上用化粧品,販売数量,kg,10640.0,2020
2020,12,その他の仕上用化粧品,販売数量,kg,12285.0,2020
2021,0,その他の仕上用化粧品,販売数量,kg,171084.0,2023
2021,1,その他の仕上用化粧品,販売数量,kg,10367.0,2021
2021,2,その他の仕上用化粧品,販売数量,kg,28347.0,2021
2021,3,その他の仕上用化粧品,販売数量,kg,18034.0,2021
2021,4,その他の仕上用化粧品,販売数量,kg,10992.0,2021
2021,5,その他の仕上用化粧品,販売数量,kg,18601.0,2021
2021,6,その他の仕上用化粧品,販売数量,kg,16558.0,2021
2021,7,その他の仕上用化粧品,販売数量,kg,24920.0,2021
2021,8,その他の仕上用化粧品,販売数量,kg,19240.0,2021
2021,9,その他の仕上用化粧品,販売数量,kg,23404.0,2021
2021,10,その他の仕上用化粧品,販売数量,kg,6515.0,2021
2021,11,その他の仕上用化粧品,販売数量,kg,15264.0,2021
2021,12,その他の仕上用化粧品,販売数量,kg,16458.0,2021
2022,0,その他の仕上用化粧品,販売数量,kg,184015.0,2023
2022,1,その他の仕上用化粧品,販売数量,kg,13995.0,2022
2022,2,その他の仕上用化粧品,販売数量,kg,9569.0,2022
2022,3,その他の仕上用化粧品,販売数量,kg,19551.0,2022
2022,4,その他の仕上用化粧品,販売数量,kg,20657.0,2022
2022,5,その他の仕上用化粧品,販売数量,kg,16179.0,2022
2022,6,その他の仕上用化粧品,販売数量,kg,15307.0,2022
2022,7,その他の仕上用化粧品,販売数量,kg,15519.0,2022
2022,8,その他の仕上用化粧品,販売数量,kg,16751.0,2022
2022,9,その他の仕上用化粧品,販売数量,kg,11765.0,2022
2022,10,その他の仕上用化粧品,販売数量,kg,15414.0,2022
2022,11,その他の仕上用化粧品,販売数量,kg,15892.0,2022
2022,12,その他の仕上用化粧品,販売数量,kg,13416.0,2022
2023,0,その他の仕上用化粧品,販売数量,kg,219708.0,2023
2023,1,その他の仕上用化粧品,販売数量,kg,12376.0,2023
2023,2,その他の仕上用化粧品,販売数量,kg,20864.0,2023
2023,3,その他の仕上用化粧品,販売数量,kg,16588.0,2023
2023,4,その他の仕上用化粧品,販売数量,kg,18133.0,2023
2023,5,その他の仕上用化粧品,販売数量,kg,19137.0,2023
2023,6,その他の仕上用化粧品,販売数量,kg,19395.0,2023
2023,7,その他の仕上用化粧品,販売数量,kg,17920.0,2023
2023,8,その他の仕上用化粧品,販売数量,kg,18900.0,2023
2023,9,その他の仕上用化粧品,販売数量,kg,18067.0,2023
2023,10,その他の仕上用化粧品,販売数量,kg,18594.0,2023
2023,11,その他の仕上用化粧品,販売数量,kg,22470.0,2023
2023,12,その他の仕上用化粧品,販売数量,kg,17264.0,2023
2024,1,その他の仕上用化粧品,販売数量,kg,19662.0,2024
2024,2,その他の仕上用化粧品,販売数量,kg,24483.0,2024
2024,3,その他の仕上用化粧品,販売数量,kg,18994.0,2024
2024,4,その他の仕上用化粧品,販売数量,kg,20135.0,2024
2024,5,その他の仕上用化粧品,販売数量,kg,21534.0,2024
2024,6,その他の仕上用化粧品,販売数量,kg,18461.0,2024
2024,7,その他の仕上用化粧品,販売数量,kg,18379.0,2024
2024,8,その他の仕上用化粧品,販売数量,kg,15304.0,2024
2024,9,その他の仕上用化粧品,販売数量,kg,15391.0,2024
2024,10,その他の仕上用化粧品,販売数量,kg,18908.0,2024
2024,11,その他の仕上用化粧品,販売数量,kg,16580.0,2024
2024,12,その他の仕上用化粧品,販売数量,kg,15625.0,2024
2015,0,その他の仕上用化粧品,販売金額,千円,5551361.0,2019
2016,0,その他の仕上用化粧品,販売金額,千円,5345705.0,2020
2017,0,その他の仕上用化粧品,販売金額,千円,5991626.0,2021
2018,0,その他の仕上用化粧品,販売金額,千円,7584081.0,2022
2019,0,その他の仕上用化粧品,販売金額,千円,8086335.0,2023
2019,1,その他の仕上用化粧品,販売金額,千円,366047.0,2019
2019,2,その他の仕上用化粧品,販売金額,千円,898178.0,2019
2019,3,その他の仕上用化粧品,販売金額,千円,594436.0,2019
2019,4,その他の仕上用化粧品,販売金額,千円,534485.0,2019
2019,5,その他の仕上用化粧品,販売金額,千円,450311.0,2019
2019,6,その他の仕上用化粧品,販売金額,千円,614256.0,2019
2019,7,その他の仕上用化粧品,販売金額,千円,851910.0,2019
2019,8,その他の仕上用化粧品,販売金額,千円,694094.0,2019
2019,9,その他の仕上用化粧品,販売金額,千円,672940.0,2019
2019,10,その他の仕上用化粧品,販売金額,千円,1091265.0,2019
2019,11,その他の仕上用化粧品,販売金額,千円,831786.0,2019
2019,12,その他の仕上用化粧品,販売金額,千円,486627.0,2019
2020,0,その他の仕上用化粧品,販売金額,千円,6073222.0,2023
2020,1,その他の仕上用化粧品,販売金額,千円,505337.0,2020
2020,2,その他の仕上用化粧品,販売金額,千円,671937.0,2020
2020,3,その他の仕上用化粧品,販売金額,千円,508005.0,2020
2020,4,その他の仕上用化粧品,販売金額,千円,403404.0,2020
2020,5,その他の仕上用化粧品,販売金額,千円,358182.0,2020
2020,6,その他の仕上用化粧品,販売金額,千円,460425.0,2020
2020,7,その他の仕上用化粧品,販売金額,千円,585797.0,2020
2020,8,その他の仕上用化粧品,販売金額,千円,357928.0,2020
2020,9,その他の仕上用化粧品,販売金額,千円,452890.0,2020
2020,10,その他の仕上用化粧品,販売金額,千円,1022164.0,2020
2020,11,その他の仕上用化粧品,販売金額,千円,604357.0,2020
2020,12,その他の仕上用化粧品,販売金額,千円,416267.0,2020
2021,0,その他の仕上用化粧品,販売金額,千円,6626159.0,2023
2021,1,その他の仕上用化粧品,販売金額,千円,276246.0,2021
2021,2,その他の仕上用化粧品,販売金額,千円,576853.0,2021
2021,3,その他の仕上用化粧品,販売金額,千円,575321.0,2021
2021,4,その他の仕上用化粧品,販売金額,千円,476859.0,2021
2021,5,その他の仕上用化粧品,販売金額,千円,481036.0,2021
2021,6,その他の仕上用化粧品,販売金額,千円,520842.0,2021
2021,7,その他の仕上用化粧品,販売金額,千円,619871.0,2021
2021,8,その他の仕上用化粧品,販売金額,千円,480510.0,2021
2021,9,その他の仕上用化粧品,販売金額,千円,771289.0,2021
2021,10,その他の仕上用化粧品,販売金額,千円,998252.0,2021
2021,11,その他の仕上用化粧品,販売金額,千円,767361.0,2021
2021,12,その他の仕上用化粧品,販売金額,千円,487070.0,2021
2022,0,その他の仕上用化粧品,販売金額,千円,7722234.0,2023
2022,1,その他の仕上用化粧品,販売金額,千円,416837.0,2022
2022,2,その他の仕上用化粧品,販売金額,千円,319222.0,2022
2022,3,その他の仕上用化粧品,販売金額,千円,598360.0,2022
2022,4,その他の仕上用化粧品,販売金額,千円,583266.0,2022
2022,5,その他の仕上用化粧品,販売金額,千円,540437.0,2022
2022,6,その他の仕上用化粧品,販売金額,千円,469245.0,2022
2022,7,その他の仕上用化粧品,販売金額,千円,574215.0,2022
2022,8,その他の仕上用化粧品,販売金額,千円,603325.0,2022
2022,9,その他の仕上用化粧品,販売金額,千円,758217.0,2022
2022,10,その他の仕上用化粧品,販売金額,千円,1452699.0,2022
2022,11,その他の仕上用化粧品,販売金額,千円,826075.0,2022
2022,12,その他の仕上用化粧品,販売金額,千円,580336.0,2022
2023,0,その他の仕上用化粧品,販売金額,千円,8379612.0,2023
2023,1,その他の仕上用化粧品,販売金額,千円,453077.0,2023
2023,2,その他の仕上用化粧品,販売金額,千円,446112.0,2023
2023,3,その他の仕上用化粧品,販売金額,千円,639602.0,2023
2023,4,その他の仕上用化粧品,販売金額,千円,709622.0,2023
2023,5,その他の仕上用化粧品,販売金額,千円,811371.0,2023
2023,6,その他の仕上用化粧品,販売金額,千円,583571.0,2023
2023,7,その他の仕上用化粧品,販売金額,千円,640853.0,2023
2023,8,その他の仕上用化粧品,販売金額,千円,528631.0,2023
2023,9,その他の仕上用化粧品,販売金額,千円,885283.0,2023
2023,10,その他の仕上用化粧品,販売金額,千円,1288262.0,2023
2023,11,その他の仕上用化粧品,販売金額,千円,799199.0,2023
2023,12,その他の仕上用化粧品,販売金額,千円,594029.0,2023
2024,1,その他の仕上用化粧品,販売金額,千円,527644.0,2024
2024,2,その他の仕上用化粧品,販売金額,千円,574308.0,2024
2024,3,その他の仕上用化粧品,販売金額,千円,626587.0,2024
2024,4,その他の仕上用化粧品,販売金額,千円,652040.0,2024
2024,5,その他の仕上用化粧品,販売金額,千円,833986.0,2024
2024,6,その他の仕上用化粧品,販売金額,千円,559915.0,2024
2024,7,その他の仕上用化粧品,販売金額,千円,491392.0,2024
2024,8,その他の仕上用化粧品,販売金額,千円,405579.0,2024
2024,9,その他の仕上用化粧品,販売金額,千円,567173.0,2024
2024,10,その他の仕上用化粧品,販売金額,千円,1044600.0,2024
2024,11,その他の仕上用化粧品,販売金額,千円,541642.0,2024
2024,12,その他の仕上用化粧品,販売金額,千円,472491.0,2024
2015,0,その他の特殊用途化粧品,出荷その他,kg,2268480.0,2019
2016,0,その他の特殊用途化粧品,出荷その他,kg,1656034.0,2020
2017,0,その他の特殊用途化粧品,出荷その他,kg,1345066.0,2021
2018,0,その他の特殊用途化粧品,出荷その他,kg,976936.0,2022
2019,0,その他の特殊用途化粧品,出荷その他,kg,1139503.0,2023
2019,1,その他の特殊用途化粧品,出荷その他,kg,112745.0,2019
2019,2,その他の特殊用途化粧品,出荷その他,kg,143022.0,2019
2019,3,その他の特殊用途化粧品,出荷その他,kg,158297.0,2019
2019,4,その他の特殊用途化粧品,出荷その他,kg,71235.0,2019
2019,5,その他の特殊用途化粧品,出荷その他,kg,48190.0,2019
2019,6,その他の特殊用途化粧品,出荷その他,kg,56602.0,2019
2019,7,その他の特殊用途化粧品,出荷その他,kg,82101.0,2019
2019,8,その他の特殊用途化粧品,出荷その他,kg,21228.0,2019
2019,9,その他の特殊用途化粧品,出荷その他,kg,42771.0,2019
2019,10,その他の特殊用途化粧品,出荷その他,kg,61509.0,2019
2019,11,その他の特殊用途化粧品,出荷その他,kg,101724.0,2019
2019,12,その他の特殊用途化粧品,出荷その他,kg,240079.0,2019
2020,0,その他の特殊用途化粧品,出荷その他,kg,933183.0,2023
2020,1,その他の特殊用途化粧品,出荷その他,kg,115015.0,2020
2020,2,その他の特殊用途化粧品,出荷その他,kg,102631.0,2020
2020,3,その他の特殊用途化粧品,出荷その他,kg,85116.0,2020
2020,4,その他の特殊用途化粧品,出荷その他,kg,67169.0,2020
2020,5,その他の特殊用途化粧品,出荷その他,kg,50851.0,2020
2020,6,その他の特殊用途化粧品,出荷その他,kg,28779.0,2020
2020,7,その他の特殊用途化粧品,出荷その他,kg,73435.0,2020
2020,8,その他の特殊用途化粧品,出荷その他,kg,99386.0,2020
2020,9,その他の特殊用途化粧品,出荷その他,kg,70425.0,2020
2020,10,その他の特殊用途化粧品,出荷その他,kg,95623.0,2020
2020,11,その他の特殊用途化粧品,出荷その他,kg,126270.0,2020
2020,12,その他の特殊用途化粧品,出荷その他,kg,111131.0,2020
2021,0,その他の特殊用途化粧品,出荷その他,kg,638778.0,2023
2021,1,その他の特殊用途化粧品,出荷その他,kg,99584.0,2021
2021,2,その他の特殊用途化粧品,出荷その他,kg,103065.0,2021
2021,3,その他の特殊用途化粧品,出荷その他,kg,87565.0,2021
2021,4,その他の特殊用途化粧品,出荷その他,kg,42126.0,2021
2021,5,その他の特殊用途化粧品,出荷その他,kg,23997.0,2021
2021,6,その他の特殊用途化粧品,出荷その他,kg,25311.0,2021
2021,7,その他の特殊用途化粧品,出荷その他,kg,9223.0,2021
2021,8,その他の特殊用途化粧品,出荷その他,kg,20478.0,2021
2021,9,その他の特殊用途化粧品,出荷その他,kg,32552.0,2021
2021,10,その他の特殊用途化粧品,出荷その他,kg,57847.0,2021
2021,11,その他の特殊用途化粧品,出荷その他,kg,68663.0,2021
2021,12,その他の特殊用途化粧品,出荷その他,kg,108310.0,2021
2022,0,その他の特殊用途化粧品,出荷その他,kg,554595.0,2023
2022,1,その他の特殊用途化粧品,出荷その他,kg,41605.0,2022
2022,2,その他の特殊用途化粧品,出荷その他,kg,27374.0,2022
2022,3,その他の特殊用途化粧品,出荷その他,kg,80662.0,2022
2022,4,その他の特殊用途化粧品,出荷その他,kg,43770.0,2022
2022,5,その他の特殊用途化粧品,出荷その他,kg,29142.0,2022
2022,6,その他の特殊用途化粧品,出荷その他,kg,21620.0,2022
2022,7,その他の特殊用途化粧品,出荷その他,kg,13532.0,2022
2022,8,その他の特殊用途化粧品,出荷その他,kg,68054.0,2022
2022,9,その他の特殊用途化粧品,出荷その他,kg,35759.0,2022
2022,10,その他の特殊用途化粧品,出荷その他,kg,45475.0,2022
2022,11,その他の特殊用途化粧品,出荷その他,kg,57957.0,2022
2022,12,その他の特殊用途化粧品,出荷その他,kg,89645.0,2022
2023,0,その他の特殊用途化粧品,出荷その他,kg,70950.0,2023
2023,1,その他の特殊用途化粧品,出荷その他,kg,5696.0,2023
2023,2,その他の特殊用途化粧品,出荷その他,kg,2128.0,2023
2023,3,その他の特殊用途化粧品,出荷その他,kg,9903.0,2023
2023,4,その他の特殊用途化粧品,出荷その他,kg,5045.0,2023
2023,5,その他の特殊用途化粧品,出荷その他,kg,4101.0,2023
2023,6,その他の特殊用途化粧品,出荷その他,kg,3919.0,2023
2023,7,その他の特殊用途化粧品,出荷その他,kg,1689.0,2023
2023,8,その他の特殊用途化粧品,出荷その他,kg,967.0,2023
2023,9,その他の特殊用途化粧品,出荷その他,kg,8201.0,2023
2023,10,その他の特殊用途化粧品,出荷その他,kg,9468.0,2023
2023,11,その他の特殊用途化粧品,出荷その他,kg,11134.0,2023
2023,12,その他の特殊用途化粧品,出荷その他,kg,8699.0,2023
2024,1,その他の特殊用途化粧品,出荷その他,kg,6591.0,2024
2024,2,その他の特殊用途化粧品,出荷その他,kg,5463.0,2024
2024,3,その他の特殊用途化粧品,出荷その他,kg,29102.0,2024
2024,4,その他の特殊用途化粧品,出荷その他,kg,11908.0,2024
2024,5,その他の特殊用途化粧品,出荷その他,kg,9319.0,2024
2024,6,その他の特殊用途化粧品,出荷その他,kg,4271.0,2024
2024,7,その他の特殊用途化粧品,出荷その他,kg,1805.0,2024
2024,8,その他の特殊用途化粧品,出荷その他,kg,1522.0,2024
2024,9,その他の特殊用途化粧品,出荷その他,kg,3346.0,2024
2024,10,その他の特殊用途化粧品,出荷その他,kg,16281.0,2024
2024,11,その他の特殊用途化粧品,出荷その他,kg,15661.0,2024
2024,12,その他の特殊用途化粧品,出荷その他,kg,9832.0,2024
2015,0,その他の特殊用途化粧品,受入,kg,1155447.0,2019
2016,0,その他の特殊用途化粧品,受入,kg,528894.0,2020
2017,0,その他の特殊用途化粧品,受入,kg,1212475.0,2021
2018,0,その他の特殊用途化粧品,受入,kg,892894.0,2022
2019,0,その他の特殊用途化粧品,受入,kg,789182.0,2023
2019,1,その他の特殊用途化粧品,受入,kg,276702.0,2019
2019,2,その他の特殊用途化粧品,受入,kg,46369.0,2019
2019,3,その他の特殊用途化粧品,受入,kg,8495.0,2019
2019,4,その他の特殊用途化粧品,受入,kg,149878.0,2019
2019,5,その他の特殊用途化粧品,受入,kg,21524.0,2019
2019,6,その他の特殊用途化粧品,受入,kg,34490.0,2019
2019,7,その他の特殊用途化粧品,受入,kg,1312.0,2019
2019,8,その他の特殊用途化粧品,受入,kg,4779.0,2019
2019,9,その他の特殊用途化粧品,受入,kg,4640.0,2019
2019,10,その他の特殊用途化粧品,受入,kg,6349.0,2019
2019,11,その他の特殊用途化粧品,受入,kg,19933.0,2019
2019,12,その他の特殊用途化粧品,受入,kg,214711.0,2019
2020,0,その他の特殊用途化粧品,受入,kg,344266.0,2023
2020,1,その他の特殊用途化粧品,受入,kg,286604.0,2020
2020,2,その他の特殊用途化粧品,受入,kg,9618.0,2020
2020,3,その他の特殊用途化粧品,受入,kg,3273.0,2020
2020,4,その他の特殊用途化粧品,受入,kg,7822.0,2020
2020,5,その他の特殊用途化粧品,受入,kg,6307.0,2020
2020,6,その他の特殊用途化粧品,受入,kg,10820.0,2020
2020,7,その他の特殊用途化粧品,受入,kg,107155.0,2020
2020,8,その他の特殊用途化粧品,受入,kg,94623.0,2020
2020,9,その他の特殊用途化粧品,受入,kg,88782.0,2020
2020,10,その他の特殊用途化粧品,受入,kg,103324.0,2020
2020,11,その他の特殊用途化粧品,受入,kg,12892.0,2020
2020,12,その他の特殊用途化粧品,受入,kg,41216.0,2020
2021,0,その他の特殊用途化粧品,受入,kg,507114.0,2023
2021,1,その他の特殊用途化粧品,受入,kg,362732.0,2021
2021,2,その他の特殊用途化粧品,受入,kg,53205.0,2021
2021,3,その他の特殊用途化粧品,受入,kg,28897.0,2021
2021,4,その他の特殊用途化粧品,受入,kg,32871.0,2021
2021,5,その他の特殊用途化粧品,受入,kg,71579.0,2021
2021,6,その他の特殊用途化粧品,受入,kg,33572.0,2021
2021,7,その他の特殊用途化粧品,受入,kg,585.0,2021
2021,8,その他の特殊用途化粧品,受入,kg,12640.0,2021
2021,9,その他の特殊用途化粧品,受入,kg,176.0,2021
2021,10,その他の特殊用途化粧品,受入,kg,1284.0,2021
2021,11,その他の特殊用途化粧品,受入,kg,22765.0,2021
2021,12,その他の特殊用途化粧品,受入,kg,90813.0,2021
2022,0,その他の特殊用途化粧品,受入,kg,216447.0,2023
2022,1,その他の特殊用途化粧品,受入,kg,188788.0,2022
2022,2,その他の特殊用途化粧品,受入,kg,3360.0,2022
2022,3,その他の特殊用途化粧品,受入,kg,2640.0,2022
2022,4,その他の特殊用途化粧品,受入,kg,350.0,2022
2022,5,その他の特殊用途化粧品,受入,kg,4628.0,2022
2022,6,その他の特殊用途化粧品,受入,kg,448.0,2022
2022,7,その他の特殊用途化粧品,受入,kg,5768.0,2022
2022,8,その他の特殊用途化粧品,受入,kg,4205.0,2022
2022,9,その他の特殊用途化粧品,受入,kg,1058.0,2022
2022,10,その他の特殊用途化粧品,受入,kg,1304.0,2022
2022,11,その他の特殊用途化粧品,受入,kg,3773.0,2022
2022,12,その他の特殊用途化粧品,受入,kg,125.0,2022
2023,0,その他の特殊用途化粧品,受入,kg,191852.0,2023
2023,1,その他の特殊用途化粧品,受入,kg,186313.0,2023
2023,2,その他の特殊用途化粧品,受入,kg,349.0,2023
2023,3,その他の特殊用途化粧品,受入,kg,645.0,2023
2023,4,その他の特殊用途化粧品,受入,kg,497.0,2023
2023,5,その他の特殊用途化粧品,受入,kg,675.0,2023
2023,6,その他の特殊用途化粧品,受入,kg,337.0,2023
2023,7,その他の特殊用途化粧品,受入,kg,338.0,2023
2023,8,その他の特殊用途化粧品,受入,kg,288.0,2023
2023,9,その他の特殊用途化粧品,受入,kg,61.0,2023
2023,10,その他の特殊用途化粧品,受入,kg,1607.0,2023
2023,11,その他の特殊用途化粧品,受入,kg,351.0,2023
2023,12,その他の特殊用途化粧品,受入,kg,391.0,2023
2024,1,その他の特殊用途化粧品,受入,kg,568.0,2024
2024,2,その他の特殊用途化粧品,受入,kg,53.0,2024
2024,3,その他の特殊用途化粧品,受入,kg,364.0,2024
2024,4,その他の特殊用途化粧品,受入,kg,171.0,2024
2024,5,その他の特殊用途化粧品,受入,kg,97.0,2024
2024,6,その他の特殊用途化粧品,受入,kg,320.0,2024
2024,7,その他の特殊用途化粧品,受入,kg,646.0,2024
2024,8,その他の特殊用途化粧品,受入,kg,229.0,2024
2024,9,その他の特殊用途化粧品,受入,kg,363.0,2024
2024,10,その他の特殊用途化粧品,受入,kg,284.0,2024
2024,11,その他の特殊用途化粧品,受入,kg,59.0,2024
2024,12,その他の特殊用途化粧品,受入,kg,86.0,2024
2015,0,その他の特殊用途化粧品,月末在庫,kg,1704715.0,2019
2016,0,その他の特殊用途化粧品,月末在庫,kg,1578015.0,2020
2017,0,その他の特殊用途化粧品,月末在庫,kg,2559145.0,2021
2018,0,その他の特殊用途化粧品,月末在庫,kg,2398653.0,2022
2019,0,その他の特殊用途化粧品,月末在庫,kg,2517160.0,2023
2019,1,その他の特殊用途化粧品,月末在庫,kg,3330157.0,2019
2019,2,その他の特殊用途化粧品,月末在庫,kg,3346405.0,2019
2019,3,その他の特殊用途化粧品,月末在庫,kg,3066860.0,2019
2019,4,その他の特殊用途化粧品,月末在庫,kg,3154807.0,2019
2019,5,その他の特殊用途化粧品,月末在庫,kg,3000709.0,2019
2019,6,その他の特殊用途化粧品,月末在庫,kg,2908880.0,2019
2019,7,その他の特殊用途化粧品,月末在庫,kg,2531550.0,2019
2019,8,その他の特殊用途化粧品,月末在庫,kg,2144149.0,2019
2019,9,その他の特殊用途化粧品,月末在庫,kg,1898255.0,2019
2019,10,その他の特殊用途化粧品,月末在庫,kg,1822800.0,2019
2019,11,その他の特殊用途化粧品,月末在庫,kg,1997427.0,2019
2019,12,その他の特殊用途化粧品,月末在庫,kg,2517160.0,2019
2020,0,その他の特殊用途化粧品,月末在庫,kg,1608848.0,2023
2020,1,その他の特殊用途化粧品,月末在庫,kg,3425224.0,2020
2020,2,その他の特殊用途化粧品,月末在庫,kg,3326866.0,2020
2020,3,その他の特殊用途化粧品,月末在庫,kg,3020250.0,2020
2020,4,その他の特殊用途化粧品,月末在庫,kg,2996941.0,2020
2020,5,その他の特殊用途化粧品,月末在庫,kg,2824891.0,2020
2020,6,その他の特殊用途化粧品,月末在庫,kg,2258269.0,2020
2020,7,その他の特殊用途化粧品,月末在庫,kg,2077415.0,2020
2020,8,その他の特殊用途化粧品,月末在庫,kg,1868245.0,2020
2020,9,その他の特殊用途化粧品,月末在庫,kg,1647564.0,2020
2020,10,その他の特殊用途化粧品,月末在庫,kg,1731732.0,2020
2020,11,その他の特殊用途化粧品,月末在庫,kg,1786331.0,2020
2020,12,その他の特殊用途化粧品,月末在庫,kg,1950273.0,2020
2021,0,その他の特殊用途化粧品,月末在庫,kg,1365051.0,2023
2021,1,その他の特殊用途化粧品,月末在庫,kg,2580343.0,2021
2021,2,その他の特殊用途化粧品,月末在庫,kg,2317497.0,2021
2021,3,その他の特殊用途化粧品,月末在庫,kg,2060416.0,2021
2021,4,その他の特殊用途化粧品,月末在庫,kg,1944476.0,2021
2021,5,その他の特殊用途化粧品,月末在庫,kg,1944131.0,2021
2021,6,その他の特殊用途化粧品,月末在庫,kg,1637085.0,2021
2021,7,その他の特殊用途化粧品,月末在庫,kg,1427363.0,2021
2021,8,その他の特殊用途化粧品,月末在庫,kg,1345228.0,2021
2021,9,その他の特殊用途化粧品,月末在庫,kg,1223028.0,2021
2021,10,その他の特殊用途化粧品,月末在庫,kg,1132605.0,2021
2021,11,その他の特殊用途化粧品,月末在庫,kg,1143722.0,2021
2021,12,その他の特殊用途化粧品,月末在庫,kg,1466066.0,2021
2022,0,その他の特殊用途化粧品,月末在庫,kg,1318971.0,2023
2022,1,その他の特殊用途化粧品,月末在庫,kg,1649972.0,2022
2022,2,その他の特殊用途化粧品,月末在庫,kg,1432783.0,2022
2022,3,その他の特殊用途化粧品,月末在庫,kg,1280885.0,2022
2022,4,その他の特殊用途化粧品,月末在庫,kg,1145134.0,2022
2022,5,その他の特殊用途化粧品,月末在庫,kg,1131184.0,2022
2022,6,その他の特殊用途化粧品,月末在庫,kg,1046425.0,2022
2022,7,その他の特殊用途化粧品,月末在庫,kg,896882.0,2022
2022,8,その他の特殊用途化粧品,月末在庫,kg,1009252.0,2022
2022,9,その他の特殊用途化粧品,月末在庫,kg,941337.0,2022
2022,10,その他の特殊用途化粧品,月末在庫,kg,979953.0,2022
2022,11,その他の特殊用途化粧品,月末在庫,kg,1088146.0,2022
2022,12,その他の特殊用途化粧品,月末在庫,kg,1318971.0,2022
2023,0,その他の特殊用途化粧品,月末在庫,kg,1690350.0,2023
2023,1,その他の特殊用途化粧品,月末在庫,kg,1717586.0,2023
2023,2,その他の特殊用途化粧品,月末在庫,kg,1681923.0,2023
2023,3,その他の特殊用途化粧品,月末在庫,kg,1546630.0,2023
2023,4,その他の特殊用途化粧品,月末在庫,kg,1600538.0,2023
2023,5,その他の特殊用途化粧品,月末在庫,kg,1620495.0,2023
2023,6,その他の特殊用途化粧品,月末在庫,kg,1486095.0,2023
2023,7,その他の特殊用途化粧品,月末在庫,kg,1254420.0,2023
2023,8,その他の特殊用途化粧品,月末在庫,kg,1123967.0,2023
2023,9,その他の特殊用途化粧品,月末在庫,kg,976095.0,2023
2023,10,その他の特殊用途化粧品,月末在庫,kg,1102662.0,2023
2023,11,その他の特殊用途化粧品,月末在庫,kg,1443625.0,2023
2023,12,その他の特殊用途化粧品,月末在庫,kg,1690350.0,2023
2024,1,その他の特殊用途化粧品,月末在庫,kg,2199331.0,2024
2024,2,その他の特殊用途化粧品,月末在庫,kg,2236945.0,2024
2024,3,その他の特殊用途化粧品,月末在庫,kg,1909734.0,2024
2024,4,その他の特殊用途化粧品,月末在庫,kg,1848861.0,2024
2024,5,その他の特殊用途化粧品,月末在庫,kg,1864502.0,2024
2024,6,その他の特殊用途化粧品,月末在庫,kg,1961695.0,2024
2024,7,その他の特殊用途化粧品,月末在庫,kg,1757212.0,2024
2024,8,その他の特殊用途化粧品,月末在庫,kg,1538073.0,2024
2024,9,その他の特殊用途化粧品,月末在庫,kg,1465292.0,2024
2024,10,その他の特殊用途化粧品,月末在庫,kg,1618444.0,2024
2024,11,その他の特殊用途化粧品,月末在庫,kg,1774363.0,2024
2024,12,その他の特殊用途化粧品,月末在庫,kg,1814955.0,2024
2015,0,その他の特殊用途化粧品,生産,kg,10399165.0,2019
2016,0,その他の特殊用途化粧品,生産,kg,10134229.0,2020
2017,0,その他の特殊用途化粧品,生産,kg,11055666.0,2021
2018,0,その他の特殊用途化粧品,生産,kg,9296325.0,2022
2019,0,その他の特殊用途化粧品,生産,kg,9820713.0,2023
2019,1,その他の特殊用途化粧品,生産,kg,1113548.0,2019
2019,2,その他の特殊用途化粧品,生産,kg,1151249.0,2019
2019,3,その他の特殊用途化粧品,生産,kg,1058839.0,2019
2019,4,その他の特殊用途化粧品,生産,kg,1070049.0,2019
2019,5,その他の特殊用途化粧品,生産,kg,878858.0,2019
2019,6,その他の特殊用途化粧品,生産,kg,951445.0,2019
2019,7,その他の特殊用途化粧品,生産,kg,779490.0,2019
2019,8,その他の特殊用途化粧品,生産,kg,570478.0,2019
2019,9,その他の特殊用途化粧品,生産,kg,338283.0,2019
2019,10,その他の特殊用途化粧品,生産,kg,402718.0,2019
2019,11,その他の特殊用途化粧品,生産,kg,587668.0,2019
2019,12,その他の特殊用途化粧品,生産,kg,918088.0,2019
2020,0,その他の特殊用途化粧品,生産,kg,8032884.0,2023
2020,1,その他の特殊用途化粧品,生産,kg,1027679.0,2020
2020,2,その他の特殊用途化粧品,生産,kg,988416.0,2020
2020,3,その他の特殊用途化粧品,生産,kg,841197.0,2020
2020,4,その他の特殊用途化粧品,生産,kg,946412.0,2020
2020,5,その他の特殊用途化粧品,生産,kg,594402.0,2020
2020,6,その他の特殊用途化粧品,生産,kg,726223.0,2020
2020,7,その他の特殊用途化粧品,生産,kg,703519.0,2020
2020,8,その他の特殊用途化粧品,生産,kg,512944.0,2020
2020,9,その他の特殊用途化粧品,生産,kg,463141.0,2020
2020,10,その他の特殊用途化粧品,生産,kg,501670.0,2020
2020,11,その他の特殊用途化粧品,生産,kg,565774.0,2020
2020,12,その他の特殊用途化粧品,生産,kg,644905.0,2020
2021,0,その他の特殊用途化粧品,生産,kg,5871001.0,2023
2021,1,その他の特殊用途化粧品,生産,kg,676158.0,2021
2021,2,その他の特殊用途化粧品,生産,kg,589267.0,2021
2021,3,その他の特殊用途化粧品,生産,kg,772202.0,2021
2021,4,その他の特殊用途化粧品,生産,kg,596156.0,2021
2021,5,その他の特殊用途化粧品,生産,kg,586864.0,2021
2021,6,その他の特殊用途化粧品,生産,kg,644923.0,2021
2021,7,その他の特殊用途化粧品,生産,kg,687114.0,2021
2021,8,その他の特殊用途化粧品,生産,kg,373725.0,2021
2021,9,その他の特殊用途化粧品,生産,kg,302716.0,2021
2021,10,その他の特殊用途化粧品,生産,kg,274036.0,2021
2021,11,その他の特殊用途化粧品,生産,kg,405498.0,2021
2021,12,その他の特殊用途化粧品,生産,kg,650293.0,2021
2022,0,その他の特殊用途化粧品,生産,kg,5799655.0,2023
2022,1,その他の特殊用途化粧品,生産,kg,369000.0,2022
2022,2,その他の特殊用途化粧品,生産,kg,362599.0,2022
2022,3,その他の特殊用途化粧品,生産,kg,528982.0,2022
2022,4,その他の特殊用途化粧品,生産,kg,374121.0,2022
2022,5,その他の特殊用途化粧品,生産,kg,457020.0,2022
2022,6,その他の特殊用途化粧品,生産,kg,602769.0,2022
2022,7,その他の特殊用途化粧品,生産,kg,489402.0,2022
2022,8,その他の特殊用途化粧品,生産,kg,620976.0,2022
2022,9,その他の特殊用途化粧品,生産,kg,425282.0,2022
2022,10,その他の特殊用途化粧品,生産,kg,430960.0,2022
2022,11,その他の特殊用途化粧品,生産,kg,456726.0,2022
2022,12,その他の特殊用途化粧品,生産,kg,681818.0,2022
2023,0,その他の特殊用途化粧品,生産,kg,6513767.0,2023
2023,1,その他の特殊用途化粧品,生産,kg,610274.0,2023
2023,2,その他の特殊用途化粧品,生産,kg,616666.0,2023
2023,3,その他の特殊用途化粧品,生産,kg,639534.0,2023
2023,4,その他の特殊用途化粧品,生産,kg,541140.0,2023
2023,5,その他の特殊用途化粧品,生産,kg,518041.0,2023
2023,6,その他の特殊用途化粧品,生産,kg,491730.0,2023
2023,7,その他の特殊用途化粧品,生産,kg,427685.0,2023
2023,8,その他の特殊用途化粧品,生産,kg,369056.0,2023
2023,9,その他の特殊用途化粧品,生産,kg,342868.0,2023
2023,10,その他の特殊用途化粧品,生産,kg,572707.0,2023
2023,11,その他の特殊用途化粧品,生産,kg,688678.0,2023
2023,12,その他の特殊用途化粧品,生産,kg,695388.0,2023
2024,1,その他の特殊用途化粧品,生産,kg,920098.0,2024
2024,2,その他の特殊用途化粧品,生産,kg,868904.0,2024
2024,3,その他の特殊用途化粧品,生産,kg,610316.0,2024
2024,4,その他の特殊用途化粧品,生産,kg,572117.0,2024
2024,5,その他の特殊用途化粧品,生産,kg,666208.0,2024
2024,6,その他の特殊用途化粧品,生産,kg,869012.0,2024
2024,7,その他の特殊用途化粧品,生産,kg,642771.0,2024
2024,8,その他の特殊用途化粧品,生産,kg,260459.0,2024
2024,9,その他の特殊用途化粧品,生産,kg,280070.0,2024
2024,10,その他の特殊用途化粧品,生産,kg,422494.0,2024
2024,11,その他の特殊用途化粧品,生産,kg,507896.0,2024
2024,12,その他の特殊用途化粧品,生産,kg,414965.0,2024
2015,0,その他の特殊用途化粧品,販売個数,十個,9971867.0,2019
2016,0,その他の特殊用途化粧品,販売個数,十個,9469220.0,2020
2017,0,その他の特殊用途化粧品,販売個数,十個,9718035.0,2021
2018,0,その他の特殊用途化粧品,販売個数,十個,8617290.0,2022
2019,0,その他の特殊用途化粧品,販売個数,十個,8240523.0,2023
2019,1,その他の特殊用途化粧品,販売個数,十個,325369.0,2019
2019,2,その他の特殊用途化粧品,販売個数,十個,957694.0,2019
2019,3,その他の特殊用途化粧品,販売個数,十個,1055522.0,2019
2019,4,その他の特殊用途化粧品,販売個数,十個,883454.0,2019
2019,5,その他の特殊用途化粧品,販売個数,十個,908984.0,2019
2019,6,その他の特殊用途化粧品,販売個数,十個,887849.0,2019
2019,7,その他の特殊用途化粧品,販売個数,十個,1031421.0,2019
2019,8,その他の特殊用途化粧品,販売個数,十個,875073.0,2019
2019,9,その他の特殊用途化粧品,販売個数,十個,424054.0,2019
2019,10,その他の特殊用途化粧品,販売個数,十個,342591.0,2019
2019,11,その他の特殊用途化粧品,販売個数,十個,274031.0,2019
2019,12,その他の特殊用途化粧品,販売個数,十個,274481.0,2019
2020,0,その他の特殊用途化粧品,販売個数,十個,6489676.0,2023
2020,1,その他の特殊用途化粧品,販売個数,十個,257533.0,2020
2020,2,その他の特殊用途化粧品,販売個数,十個,926608.0,2020
2020,3,その他の特殊用途化粧品,販売個数,十個,970264.0,2020
2020,4,その他の特殊用途化粧品,販売個数,十個,799662.0,2020
2020,5,その他の特殊用途化粧品,販売個数,十個,755200.0,2020
2020,6,その他の特殊用途化粧品,販売個数,十個,1276777.0,2020
2020,7,その他の特殊用途化粧品,販売個数,十個,909450.0,2020
2020,8,その他の特殊用途化粧品,販売個数,十個,620213.0,2020
2020,9,その他の特殊用途化粧品,販売個数,十個,456666.0,2020
2020,10,その他の特殊用途化粧品,販売個数,十個,294473.0,2020
2020,11,その他の特殊用途化粧品,販売個数,十個,291312.0,2020
2020,12,その他の特殊用途化粧品,販売個数,十個,292610.0,2020
2021,0,その他の特殊用途化粧品,販売個数,十個,5011828.0,2023
2021,1,その他の特殊用途化粧品,販売個数,十個,215283.0,2021
2021,2,その他の特殊用途化粧品,販売個数,十個,654074.0,2021
2021,3,その他の特殊用途化粧品,販売個数,十個,748512.0,2021
2021,4,その他の特殊用途化粧品,販売個数,十個,711265.0,2021
2021,5,その他の特殊用途化粧品,販売個数,十個,497405.0,2021
2021,6,その他の特殊用途化粧品,販売個数,十個,756490.0,2021
2021,7,その他の特殊用途化粧品,販売個数,十個,819958.0,2021
2021,8,その他の特殊用途化粧品,販売個数,十個,382152.0,2021
2021,9,その他の特殊用途化粧品,販売個数,十個,284345.0,2021
2021,10,その他の特殊用途化粧品,販売個数,十個,224127.0,2021
2021,11,その他の特殊用途化粧品,販売個数,十個,202660.0,2021
2021,12,その他の特殊用途化粧品,販売個数,十個,264985.0,2021
2022,0,その他の特殊用途化粧品,販売個数,十個,4559863.0,2023
2022,1,その他の特殊用途化粧品,販売個数,十個,176026.0,2022
2022,2,その他の特殊用途化粧品,販売個数,十個,488269.0,2022
2022,3,その他の特殊用途化粧品,販売個数,十個,542963.0,2022
2022,4,その他の特殊用途化粧品,販売個数,十個,422293.0,2022
2022,5,その他の特殊用途化粧品,販売個数,十個,429367.0,2022
2022,6,その他の特殊用途化粧品,販売個数,十個,552650.0,2022
2022,7,その他の特殊用途化粧品,販売個数,十個,593398.0,2022
2022,8,その他の特殊用途化粧品,販売個数,十個,360482.0,2022
2022,9,その他の特殊用途化粧品,販売個数,十個,281391.0,2022
2022,10,その他の特殊用途化粧品,販売個数,十個,255657.0,2022
2022,11,その他の特殊用途化粧品,販売個数,十個,206644.0,2022
2022,12,その他の特殊用途化粧品,販売個数,十個,250723.0,2022
2023,0,その他の特殊用途化粧品,販売個数,十個,4718544.0,2023
2023,1,その他の特殊用途化粧品,販売個数,十個,253344.0,2023
2023,2,その他の特殊用途化粧品,販売個数,十個,589496.0,2023
2023,3,その他の特殊用途化粧品,販売個数,十個,626961.0,2023
2023,4,その他の特殊用途化粧品,販売個数,十個,405069.0,2023
2023,5,その他の特殊用途化粧品,販売個数,十個,439529.0,2023
2023,6,その他の特殊用途化粧品,販売個数,十個,489092.0,2023
2023,7,その他の特殊用途化粧品,販売個数,十個,518017.0,2023
2023,8,その他の特殊用途化粧品,販売個数,十個,359665.0,2023
2023,9,その他の特殊用途化粧品,販売個数,十個,298176.0,2023
2023,10,その他の特殊用途化粧品,販売個数,十個,240575.0,2023
2023,11,その他の特殊用途化粧品,販売個数,十個,238727.0,2023
2023,12,その他の特殊用途化粧品,販売個数,十個,259893.0,2023
2024,1,その他の特殊用途化粧品,販売個数,十個,215475.0,2024
2024,2,その他の特殊用途化粧品,販売個数,十個,692577.0,2024
2024,3,その他の特殊用途化粧品,販売個数,十個,724472.0,2024
2024,4,その他の特殊用途化粧品,販売個数,十個,550486.0,2024
2024,5,その他の特殊用途化粧品,販売個数,十個,539948.0,2024
2024,6,その他の特殊用途化粧品,販売個数,十個,587659.0,2024
2024,7,その他の特殊用途化粧品,販売個数,十個,746140.0,2024
2024,8,その他の特殊用途化粧品,販売個数,十個,410986.0,2024
2024,9,その他の特殊用途化粧品,販売個数,十個,270528.0,2024
2024,10,その他の特殊用途化粧品,販売個数,十個,233303.0,2024
2024,11,その他の特殊用途化粧品,販売個数,十個,223689.0,2024
2024,12,その他の特殊用途化粧品,販売個数,十個,217350.0,2024
2015,0,その他の特殊用途化粧品,販売数量,kg,9304024.0,2019
2016,0,その他の特殊用途化粧品,販売数量,kg,9119202.0,2020
2017,0,その他の特殊用途化粧品,販売数量,kg,9844151.0,2021
2018,0,その他の特殊用途化粧品,販売数量,kg,9314028.0,2022
2019,0,その他の特殊用途化粧品,販売数量,kg,9336731.0,2023
2019,1,その他の特殊用途化粧品,販売数量,kg,345208.0,2019
2019,2,その他の特殊用途化粧品,販売数量,kg,1037110.0,2019
2019,3,その他の特殊用途化粧品,販売数量,kg,1187972.0,2019
2019,4,その他の特殊用途化粧品,販売数量,kg,1059825.0,2019
2019,5,その他の特殊用途化粧品,販売数量,kg,1006155.0,2019
2019,6,その他の特殊用途化粧品,販売数量,kg,1020716.0,2019
2019,7,その他の特殊用途化粧品,販売数量,kg,1075964.0,2019
2019,8,その他の特殊用途化粧品,販売数量,kg,940665.0,2019
2019,9,その他の特殊用途化粧品,販売数量,kg,544958.0,2019
2019,10,その他の特殊用途化粧品,販売数量,kg,420207.0,2019
2019,11,その他の特殊用途化粧品,販売数量,kg,328141.0,2019
2019,12,その他の特殊用途化粧品,販売数量,kg,369810.0,2019
2020,0,その他の特殊用途化粧品,販売数量,kg,7093819.0,2023
2020,1,その他の特殊用途化粧品,販売数量,kg,290467.0,2020
2020,2,その他の特殊用途化粧品,販売数量,kg,992531.0,2020
2020,3,その他の特殊用途化粧品,販売数量,kg,1060830.0,2020
2020,4,その他の特殊用途化粧品,販売数量,kg,908478.0,2020
2020,5,その他の特殊用途化粧品,販売数量,kg,719853.0,2020
2020,6,その他の特殊用途化粧品,販売数量,kg,1273253.0,2020
2020,7,その他の特殊用途化粧品,販売数量,kg,917935.0,2020
2020,8,その他の特殊用途化粧品,販売数量,kg,716705.0,2020
2020,9,その他の特殊用途化粧品,販売数量,kg,701348.0,2020
2020,10,その他の特殊用途化粧品,販売数量,kg,423110.0,2020
2020,11,その他の特殊用途化粧品,販売数量,kg,395012.0,2020
2020,12,その他の特殊用途化粧品,販売数量,kg,408449.0,2020
2021,0,その他の特殊用途化粧品,販売数量,kg,5967113.0,2023
2021,1,その他の特殊用途化粧品,販売数量,kg,308143.0,2021
2021,2,その他の特殊用途化粧品,販売数量,kg,801391.0,2021
2021,3,その他の特殊用途化粧品,販売数量,kg,968873.0,2021
2021,4,その他の特殊用途化粧品,販売数量,kg,702268.0,2021
2021,5,その他の特殊用途化粧品,販売数量,kg,634163.0,2021
2021,6,その他の特殊用途化粧品,販売数量,kg,959495.0,2021
2021,7,その他の特殊用途化粧品,販売数量,kg,887317.0,2021
2021,8,その他の特殊用途化粧品,販売数量,kg,447335.0,2021
2021,9,その他の特殊用途化粧品,販売数量,kg,390820.0,2021
2021,10,その他の特殊用途化粧品,販売数量,kg,306432.0,2021
2021,11,その他の特殊用途化粧品,販売数量,kg,345828.0,2021
2021,12,その他の特殊用途化粧品,販売数量,kg,319384.0,2021
2022,0,その他の特殊用途化粧品,販売数量,kg,5493731.0,2023
2022,1,その他の特殊用途化粧品,販売数量,kg,228817.0,2022
2022,2,その他の特殊用途化粧品,販売数量,kg,555300.0,2022
2022,3,その他の特殊用途化粧品,販売数量,kg,602182.0,2022
2022,4,その他の特殊用途化粧品,販売数量,kg,464672.0,2022
2022,5,その他の特殊用途化粧品,販売数量,kg,445082.0,2022
2022,6,その他の特殊用途化粧品,販売数量,kg,664130.0,2022
2022,7,その他の特殊用途化粧品,販売数量,kg,630214.0,2022
2022,8,その他の特殊用途化粧品,販売数量,kg,445036.0,2022
2022,9,その他の特殊用途化粧品,販売数量,kg,457794.0,2022
2022,10,その他の特殊用途化粧品,販売数量,kg,346433.0,2022
2022,11,その他の特殊用途化粧品,販売数量,kg,292332.0,2022
2022,12,その他の特殊用途化粧品,販売数量,kg,361739.0,2022
2023,0,その他の特殊用途化粧品,販売数量,kg,5727346.0,2023
2023,1,その他の特殊用途化粧品,販売数量,kg,337846.0,2023
2023,2,その他の特殊用途化粧品,販売数量,kg,637823.0,2023
2023,3,その他の特殊用途化粧品,販売数量,kg,739785.0,2023
2023,4,その他の特殊用途化粧品,販売数量,kg,464252.0,2023
2023,5,その他の特殊用途化粧品,販売数量,kg,470474.0,2023
2023,6,その他の特殊用途化粧品,販売数量,kg,601541.0,2023
2023,7,その他の特殊用途化粧品,販売数量,kg,619804.0,2023
2023,8,その他の特殊用途化粧品,販売数量,kg,453080.0,2023
2023,9,その他の特殊用途化粧品,販売数量,kg,440328.0,2023
2023,10,その他の特殊用途化粧品,販売数量,kg,364595.0,2023
2023,11,その他の特殊用途化粧品,販売数量,kg,290860.0,2023
2023,12,その他の特殊用途化粧品,販売数量,kg,306958.0,2023
2024,1,その他の特殊用途化粧品,販売数量,kg,296380.0,2024
2024,2,その他の特殊用途化粧品,販売数量,kg,773153.0,2024
2024,3,その他の特殊用途化粧品,販売数量,kg,881011.0,2024
2024,4,その他の特殊用途化粧品,販売数量,kg,604690.0,2024
2024,5,その他の特殊用途化粧品,販売数量,kg,618003.0,2024
2024,6,その他の特殊用途化粧品,販売数量,kg,722509.0,2024
2024,7,その他の特殊用途化粧品,販売数量,kg,851289.0,2024
2024,8,その他の特殊用途化粧品,販売数量,kg,463128.0,2024
2024,9,その他の特殊用途化粧品,販売数量,kg,313715.0,2024
2024,10,その他の特殊用途化粧品,販売数量,kg,238713.0,2024
2024,11,その他の特殊用途化粧品,販売数量,kg,243072.0,2024
2024,12,その他の特殊用途化粧品,販売数量,kg,245964.0,2024
2015,0,その他の特殊用途化粧品,販売金額,千円,28085868.0,2019
2016,0,その他の特殊用途化粧品,販売金額,千円,26199807.0,2020
2017,0,その他の特殊用途化粧品,販売金額,千円,27327808.0,2021
2018,0,その他の特殊用途化粧品,販売金額,千円,24423773.0,2022
2019,0,その他の特殊用途化粧品,販売金額,千円,23961428.0,2023
2019,1,その他の特殊用途化粧品,販売金額,千円,794339.0,2019
2019,2,その他の特殊用途化粧品,販売金額,千円,3239422.0,2019
2019,3,その他の特殊用途化粧品,販売金額,千円,3184465.0,2019
2019,4,その他の特殊用途化粧品,販売金額,千円,2614772.0,2019
2019,5,その他の特殊用途化粧品,販売金額,千円,2500250.0,2019
2019,6,その他の特殊用途化粧品,販売金額,千円,2760064.0,2019
2019,7,その他の特殊用途化粧品,販売金額,千円,2544009.0,2019
2019,8,その他の特殊用途化粧品,販売金額,千円,2239675.0,2019
2019,9,その他の特殊用途化粧品,販売金額,千円,1296510.0,2019
2019,10,その他の特殊用途化粧品,販売金額,千円,1006990.0,2019
2019,11,その他の特殊用途化粧品,販売金額,千円,841885.0,2019
2019,12,その他の特殊用途化粧品,販売金額,千円,939047.0,2019
2020,0,その他の特殊用途化粧品,販売金額,千円,20437329.0,2023
2020,1,その他の特殊用途化粧品,販売金額,千円,818996.0,2020
2020,2,その他の特殊用途化粧品,販売金額,千円,3158853.0,2020
2020,3,その他の特殊用途化粧品,販売金額,千円,2883729.0,2020
2020,4,その他の特殊用途化粧品,販売金額,千円,2115520.0,2020
2020,5,その他の特殊用途化粧品,販売金額,千円,2165789.0,2020
2020,6,その他の特殊用途化粧品,販売金額,千円,3276274.0,2020
2020,7,その他の特殊用途化粧品,販売金額,千円,2316489.0,2020
2020,8,その他の特殊用途化粧品,販売金額,千円,1694714.0,2020
2020,9,その他の特殊用途化粧品,販売金額,千円,1511292.0,2020
2020,10,その他の特殊用途化粧品,販売金額,千円,945594.0,2020
2020,11,その他の特殊用途化粧品,販売金額,千円,884626.0,2020
2020,12,その他の特殊用途化粧品,販売金額,千円,964505.0,2020
2021,0,その他の特殊用途化粧品,販売金額,千円,17261893.0,2023
2021,1,その他の特殊用途化粧品,販売金額,千円,701041.0,2021
2021,2,その他の特殊用途化粧品,販売金額,千円,2127481.0,2021
2021,3,その他の特殊用途化粧品,販売金額,千円,2378879.0,2021
2021,4,その他の特殊用途化粧品,販売金額,千円,1706174.0,2021
2021,5,その他の特殊用途化粧品,販売金額,千円,1376079.0,2021
2021,6,その他の特殊用途化粧品,販売金額,千円,2109458.0,2021
2021,7,その他の特殊用途化粧品,販売金額,千円,2021395.0,2021
2021,8,その他の特殊用途化粧品,販売金額,千円,1098073.0,2021
2021,9,その他の特殊用途化粧品,販売金額,千円,824139.0,2021
2021,10,その他の特殊用途化粧品,販売金額,千円,693067.0,2021
2021,11,その他の特殊用途化粧品,販売金額,千円,648167.0,2021
2021,12,その他の特殊用途化粧品,販売金額,千円,742283.0,2021
2022,0,その他の特殊用途化粧品,販売金額,千円,15959646.0,2023
2022,1,その他の特殊用途化粧品,販売金額,千円,654183.0,2022
2022,2,その他の特殊用途化粧品,販売金額,千円,1859915.0,2022
2022,3,その他の特殊用途化粧品,販売金額,千円,1938603.0,2022
2022,4,その他の特殊用途化粧品,販売金額,千円,1410863.0,2022
2022,5,その他の特殊用途化粧品,販売金額,千円,1619868.0,2022
2022,6,その他の特殊用途化粧品,販売金額,千円,1897078.0,2022
2022,7,その他の特殊用途化粧品,販売金額,千円,1884248.0,2022
2022,8,その他の特殊用途化粧品,販売金額,千円,1196281.0,2022
2022,9,その他の特殊用途化粧品,販売金額,千円,1021527.0,2022
2022,10,その他の特殊用途化粧品,販売金額,千円,824603.0,2022
2022,11,その他の特殊用途化粧品,販売金額,千円,783774.0,2022
2022,12,その他の特殊用途化粧品,販売金額,千円,868703.0,2022
2023,0,その他の特殊用途化粧品,販売金額,千円,16244270.0,2023
2023,1,その他の特殊用途化粧品,販売金額,千円,760886.0,2023
2023,2,その他の特殊用途化粧品,販売金額,千円,1990716.0,2023
2023,3,その他の特殊用途化粧品,販売金額,千円,2245130.0,2023
2023,4,その他の特殊用途化粧品,販売金額,千円,1403295.0,2023
2023,5,その他の特殊用途化粧品,販売金額,千円,1425296.0,2023
2023,6,その他の特殊用途化粧品,販売金額,千円,1706694.0,2023
2023,7,その他の特殊用途化粧品,販売金額,千円,1751865.0,2023
2023,8,その他の特殊用途化粧品,販売金額,千円,1236939.0,2023
2023,9,その他の特殊用途化粧品,販売金額,千円,1092589.0,2023
2023,10,その他の特殊用途化粧品,販売金額,千円,926201.0,2023
2023,11,その他の特殊用途化粧品,販売金額,千円,843306.0,2023
2023,12,その他の特殊用途化粧品,販売金額,千円,861353.0,2023
2024,1,その他の特殊用途化粧品,販売金額,千円,762571.0,2024
2024,2,その他の特殊用途化粧品,販売金額,千円,2606673.0,2024
2024,3,その他の特殊用途化粧品,販売金額,千円,2648871.0,2024
2024,4,その他の特殊用途化粧品,販売金額,千円,1895556.0,2024
2024,5,その他の特殊用途化粧品,販売金額,千円,1962929.0,2024
2024,6,その他の特殊用途化粧品,販売金額,千円,2025982.0,2024
2024,7,その他の特殊用途化粧品,販売金額,千円,2484492.0,2024
2024,8,その他の特殊用途化粧品,販売金額,千円,1452179.0,2024
2024,9,その他の特殊用途化粧品,販売金額,千円,993435.0,2024
2024,10,その他の特殊用途化粧品,販売金額,千円,883656.0,2024
2024,11,その他の特殊用途化粧品,販売金額,千円,829420.0,2024
2024,12,その他の特殊用途化粧品,販売金額,千円,855228.0,2024
2015,0,その他の皮膚用化粧品,出荷その他,kg,1519754.0,2019
2016,0,その他の皮膚用化粧品,出荷その他,kg,998201.0,2020
2017,0,その他の皮膚用化粧品,出荷その他,kg,994870.0,2021
2018,0,その他の皮膚用化粧品,出荷その他,kg,1207962.0,2022
2019,0,その他の皮膚用化粧品,出荷その他,kg,1070282.0,2023
2019,1,その他の皮膚用化粧品,出荷その他,kg,14052.0,2019
2019,2,その他の皮膚用化粧品,出荷その他,kg,44507.0,2019
2019,3,その他の皮膚用化粧品,出荷その他,kg,80720.0,2019
2019,4,その他の皮膚用化粧品,出荷その他,kg,47166.0,2019
2019,5,その他の皮膚用化粧品,出荷その他,kg,36793.0,2019
2019,6,その他の皮膚用化粧品,出荷その他,kg,156504.0,2019
2019,7,その他の皮膚用化粧品,出荷その他,kg,270236.0,2019
2019,8,その他の皮膚用化粧品,出荷その他,kg,129328.0,2019
2019,9,その他の皮膚用化粧品,出荷その他,kg,147373.0,2019
2019,10,その他の皮膚用化粧品,出荷その他,kg,40971.0,2019
2019,11,その他の皮膚用化粧品,出荷その他,kg,59948.0,2019
2019,12,その他の皮膚用化粧品,出荷その他,kg,42684.0,2019
2020,0,その他の皮膚用化粧品,出荷その他,kg,1200768.0,2023
2020,1,その他の皮膚用化粧品,出荷その他,kg,115462.0,2020
2020,2,その他の皮膚用化粧品,出荷その他,kg,138986.0,2020
2020,3,その他の皮膚用化粧品,出荷その他,kg,36510.0,2020
2020,4,その他の皮膚用化粧品,出荷その他,kg,47407.0,2020
2020,5,その他の皮膚用化粧品,出荷その他,kg,120380.0,2020
2020,6,その他の皮膚用化粧品,出荷その他,kg,109513.0,2020
2020,7,その他の皮膚用化粧品,出荷その他,kg,87439.0,2020
2020,8,その他の皮膚用化粧品,出荷その他,kg,156918.0,2020
2020,9,その他の皮膚用化粧品,出荷その他,kg,162888.0,2020
2020,10,その他の皮膚用化粧品,出荷その他,kg,57768.0,2020
2020,11,その他の皮膚用化粧品,出荷その他,kg,52494.0,2020
2020,12,その他の皮膚用化粧品,出荷その他,kg,92550.0,2020
2021,0,その他の皮膚用化粧品,出荷その他,kg,1077650.0,2023
2021,1,その他の皮膚用化粧品,出荷その他,kg,42450.0,2021
2021,2,その他の皮膚用化粧品,出荷その他,kg,29882.0,2021
2021,3,その他の皮膚用化粧品,出荷その他,kg,59406.0,2021
2021,4,その他の皮膚用化粧品,出荷その他,kg,33623.0,2021
2021,5,その他の皮膚用化粧品,出荷その他,kg,39828.0,2021
2021,6,その他の皮膚用化粧品,出荷その他,kg,42312.0,2021
2021,7,その他の皮膚用化粧品,出荷その他,kg,59475.0,2021
2021,8,その他の皮膚用化粧品,出荷その他,kg,25643.0,2021
2021,9,その他の皮膚用化粧品,出荷その他,kg,57095.0,2021
2021,10,その他の皮膚用化粧品,出荷その他,kg,23110.0,2021
2021,11,その他の皮膚用化粧品,出荷その他,kg,92905.0,2021
2021,12,その他の皮膚用化粧品,出荷その他,kg,40325.0,2021
2022,0,その他の皮膚用化粧品,出荷その他,kg,1518144.0,2023
2022,1,その他の皮膚用化粧品,出荷その他,kg,30626.0,2022
2022,2,その他の皮膚用化粧品,出荷その他,kg,27535.0,2022
2022,3,その他の皮膚用化粧品,出荷その他,kg,42953.0,2022
2022,4,その他の皮膚用化粧品,出荷その他,kg,51059.0,2022
2022,5,その他の皮膚用化粧品,出荷その他,kg,60690.0,2022
2022,6,その他の皮膚用化粧品,出荷その他,kg,192435.0,2022
2022,7,その他の皮膚用化粧品,出荷その他,kg,181931.0,2022
2022,8,その他の皮膚用化粧品,出荷その他,kg,210177.0,2022
2022,9,その他の皮膚用化粧品,出荷その他,kg,173488.0,2022
2022,10,その他の皮膚用化粧品,出荷その他,kg,61548.0,2022
2022,11,その他の皮膚用化粧品,出荷その他,kg,449344.0,2022
2022,12,その他の皮膚用化粧品,出荷その他,kg,36358.0,2022
2023,0,その他の皮膚用化粧品,出荷その他,kg,3286662.0,2023
2023,1,その他の皮膚用化粧品,出荷その他,kg,998580.0,2023
2023,2,その他の皮膚用化粧品,出荷その他,kg,572096.0,2023
2023,3,その他の皮膚用化粧品,出荷その他,kg,515816.0,2023
2023,4,その他の皮膚用化粧品,出荷その他,kg,55131.0,2023
2023,5,その他の皮膚用化粧品,出荷その他,kg,14434.0,2023
2023,6,その他の皮膚用化粧品,出荷その他,kg,84087.0,2023
2023,7,その他の皮膚用化粧品,出荷その他,kg,88654.0,2023
2023,8,その他の皮膚用化粧品,出荷その他,kg,154708.0,2023
2023,9,その他の皮膚用化粧品,出荷その他,kg,39571.0,2023
2023,10,その他の皮膚用化粧品,出荷その他,kg,169996.0,2023
2023,11,その他の皮膚用化粧品,出荷その他,kg,422762.0,2023
2023,12,その他の皮膚用化粧品,出荷その他,kg,170827.0,2023
2024,1,その他の皮膚用化粧品,出荷その他,kg,15779.0,2024
2024,2,その他の皮膚用化粧品,出荷その他,kg,52357.0,2024
2024,3,その他の皮膚用化粧品,出荷その他,kg,356119.0,2024
2024,4,その他の皮膚用化粧品,出荷その他,kg,432553.0,2024
2024,5,その他の皮膚用化粧品,出荷その他,kg,106317.0,2024
2024,6,その他の皮膚用化粧品,出荷その他,kg,80803.0,2024
2024,7,その他の皮膚用化粧品,出荷その他,kg,81430.0,2024
2024,8,その他の皮膚用化粧品,出荷その他,kg,82826.0,2024
2024,9,その他の皮膚用化粧品,出荷その他,kg,89310.0,2024
2024,10,その他の皮膚用化粧品,出荷その他,kg,85829.0,2024
2024,11,その他の皮膚用化粧品,出荷その他,kg,83365.0,2024
2024,12,その他の皮膚用化粧品,出荷その他,kg,111379.0,2024
2015,0,その他の皮膚用化粧品,受入,kg,2169529.0,2019
2016,0,その他の皮膚用化粧品,受入,kg,655228.0,2020
2017,0,その他の皮膚用化粧品,受入,kg,964554.0,2021
2018,0,その他の皮膚用化粧品,受入,kg,1153529.0,2022
2019,0,その他の皮膚用化粧品,受入,kg,944474.0,2023
2019,1,その他の皮膚用化粧品,受入,kg,50750.0,2019
2019,2,その他の皮膚用化粧品,受入,kg,81154.0,2019
2019,3,その他の皮膚用化粧品,受入,kg,53041.0,2019
2019,4,その他の皮膚用化粧品,受入,kg,75315.0,2019
2019,5,その他の皮膚用化粧品,受入,kg,91117.0,2019
2019,6,その他の皮膚用化粧品,受入,kg,49495.0,2019
2019,7,その他の皮膚用化粧品,受入,kg,83320.0,2019
2019,8,その他の皮膚用化粧品,受入,kg,100180.0,2019
2019,9,その他の皮膚用化粧品,受入,kg,95538.0,2019
2019,10,その他の皮膚用化粧品,受入,kg,115045.0,2019
2019,11,その他の皮膚用化粧品,受入,kg,70468.0,2019
2019,12,その他の皮膚用化粧品,受入,kg,79051.0,2019
2020,0,その他の皮膚用化粧品,受入,kg,1541198.0,2023
2020,1,その他の皮膚用化粧品,受入,kg,119992.0,2020
2020,2,その他の皮膚用化粧品,受入,kg,60591.0,2020
2020,3,その他の皮膚用化粧品,受入,kg,69757.0,2020
2020,4,その他の皮膚用化粧品,受入,kg,89667.0,2020
2020,5,その他の皮膚用化粧品,受入,kg,103725.0,2020
2020,6,その他の皮膚用化粧品,受入,kg,120320.0,2020
2020,7,その他の皮膚用化粧品,受入,kg,229478.0,2020
2020,8,その他の皮膚用化粧品,受入,kg,207886.0,2020
2020,9,その他の皮膚用化粧品,受入,kg,189290.0,2020
2020,10,その他の皮膚用化粧品,受入,kg,196152.0,2020
2020,11,その他の皮膚用化粧品,受入,kg,223162.0,2020
2020,12,その他の皮膚用化粧品,受入,kg,283482.0,2020
2021,0,その他の皮膚用化粧品,受入,kg,1029399.0,2023
2021,1,その他の皮膚用化粧品,受入,kg,254582.0,2021
2021,2,その他の皮膚用化粧品,受入,kg,213471.0,2021
2021,3,その他の皮膚用化粧品,受入,kg,214763.0,2021
2021,4,その他の皮膚用化粧品,受入,kg,60565.0,2021
2021,5,その他の皮膚用化粧品,受入,kg,70285.0,2021
2021,6,その他の皮膚用化粧品,受入,kg,75783.0,2021
2021,7,その他の皮膚用化粧品,受入,kg,50088.0,2021
2021,8,その他の皮膚用化粧品,受入,kg,41718.0,2021
2021,9,その他の皮膚用化粧品,受入,kg,36077.0,2021
2021,10,その他の皮膚用化粧品,受入,kg,67632.0,2021
2021,11,その他の皮膚用化粧品,受入,kg,63038.0,2021
2021,12,その他の皮膚用化粧品,受入,kg,95377.0,2021
2022,0,その他の皮膚用化粧品,受入,kg,411359.0,2023
2022,1,その他の皮膚用化粧品,受入,kg,23710.0,2022
2022,2,その他の皮膚用化粧品,受入,kg,42888.0,2022
2022,3,その他の皮膚用化粧品,受入,kg,29402.0,2022
2022,4,その他の皮膚用化粧品,受入,kg,22259.0,2022
2022,5,その他の皮膚用化粧品,受入,kg,38453.0,2022
2022,6,その他の皮膚用化粧品,受入,kg,34506.0,2022
2022,7,その他の皮膚用化粧品,受入,kg,41981.0,2022
2022,8,その他の皮膚用化粧品,受入,kg,29872.0,2022
2022,9,その他の皮膚用化粧品,受入,kg,65493.0,2022
2022,10,その他の皮膚用化粧品,受入,kg,24809.0,2022
2022,11,その他の皮膚用化粧品,受入,kg,28883.0,2022
2022,12,その他の皮膚用化粧品,受入,kg,29103.0,2022
2023,0,その他の皮膚用化粧品,受入,kg,933832.0,2023
2023,1,その他の皮膚用化粧品,受入,kg,19327.0,2023
2023,2,その他の皮膚用化粧品,受入,kg,32120.0,2023
2023,3,その他の皮膚用化粧品,受入,kg,37836.0,2023
2023,4,その他の皮膚用化粧品,受入,kg,17986.0,2023
2023,5,その他の皮膚用化粧品,受入,kg,20687.0,2023
2023,6,その他の皮膚用化粧品,受入,kg,32550.0,2023
2023,7,その他の皮膚用化粧品,受入,kg,160270.0,2023
2023,8,その他の皮膚用化粧品,受入,kg,29953.0,2023
2023,9,その他の皮膚用化粧品,受入,kg,172245.0,2023
2023,10,その他の皮膚用化粧品,受入,kg,337478.0,2023
2023,11,その他の皮膚用化粧品,受入,kg,35641.0,2023
2023,12,その他の皮膚用化粧品,受入,kg,37739.0,2023
2024,1,その他の皮膚用化粧品,受入,kg,47629.0,2024
2024,2,その他の皮膚用化粧品,受入,kg,290105.0,2024
2024,3,その他の皮膚用化粧品,受入,kg,432132.0,2024
2024,4,その他の皮膚用化粧品,受入,kg,94423.0,2024
2024,5,その他の皮膚用化粧品,受入,kg,72659.0,2024
2024,6,その他の皮膚用化粧品,受入,kg,97849.0,2024
2024,7,その他の皮膚用化粧品,受入,kg,107380.0,2024
2024,8,その他の皮膚用化粧品,受入,kg,89410.0,2024
2024,9,その他の皮膚用化粧品,受入,kg,88574.0,2024
2024,10,その他の皮膚用化粧品,受入,kg,86766.0,2024
2024,11,その他の皮膚用化粧品,受入,kg,99949.0,2024
2024,12,その他の皮膚用化粧品,受入,kg,86986.0,2024
2015,0,その他の皮膚用化粧品,月末在庫,kg,1901160.0,2019
2016,0,その他の皮膚用化粧品,月末在庫,kg,1970917.0,2020
2017,0,その他の皮膚用化粧品,月末在庫,kg,2506527.0,2021
2018,0,その他の皮膚用化粧品,月末在庫,kg,4370483.0,2022
2019,0,その他の皮膚用化粧品,月末在庫,kg,4027913.0,2023
2019,1,その他の皮膚用化粧品,月末在庫,kg,4299185.0,2019
2019,2,その他の皮膚用化粧品,月末在庫,kg,4452253.0,2019
2019,3,その他の皮膚用化粧品,月末在庫,kg,4337820.0,2019
2019,4,その他の皮膚用化粧品,月末在庫,kg,4259809.0,2019
2019,5,その他の皮膚用化粧品,月末在庫,kg,4527614.0,2019
2019,6,その他の皮膚用化粧品,月末在庫,kg,4836459.0,2019
2019,7,その他の皮膚用化粧品,月末在庫,kg,5428458.0,2019
2019,8,その他の皮膚用化粧品,月末在庫,kg,4871816.0,2019
2019,9,その他の皮膚用化粧品,月末在庫,kg,4969726.0,2019
2019,10,その他の皮膚用化粧品,月末在庫,kg,4809772.0,2019
2019,11,その他の皮膚用化粧品,月末在庫,kg,4409093.0,2019
2019,12,その他の皮膚用化粧品,月末在庫,kg,4027913.0,2019
2020,0,その他の皮膚用化粧品,月末在庫,kg,3440038.0,2023
2020,1,その他の皮膚用化粧品,月末在庫,kg,3969436.0,2020
2020,2,その他の皮膚用化粧品,月末在庫,kg,3841211.0,2020
2020,3,その他の皮膚用化粧品,月末在庫,kg,3821673.0,2020
2020,4,その他の皮膚用化粧品,月末在庫,kg,3790725.0,2020
2020,5,その他の皮膚用化粧品,月末在庫,kg,4086558.0,2020
2020,6,その他の皮膚用化粧品,月末在庫,kg,4638780.0,2020
2020,7,その他の皮膚用化粧品,月末在庫,kg,5269316.0,2020
2020,8,その他の皮膚用化粧品,月末在庫,kg,5273158.0,2020
2020,9,その他の皮膚用化粧品,月末在庫,kg,4645258.0,2020
2020,10,その他の皮膚用化粧品,月末在庫,kg,4277567.0,2020
2020,11,その他の皮膚用化粧品,月末在庫,kg,3979936.0,2020
2020,12,その他の皮膚用化粧品,月末在庫,kg,3471435.0,2020
2021,0,その他の皮膚用化粧品,月末在庫,kg,3137664.0,2023
2021,1,その他の皮膚用化粧品,月末在庫,kg,3267927.0,2021
2021,2,その他の皮膚用化粧品,月末在庫,kg,3209444.0,2021
2021,3,その他の皮膚用化粧品,月末在庫,kg,3171747.0,2021
2021,4,その他の皮膚用化粧品,月末在庫,kg,3114831.0,2021
2021,5,その他の皮膚用化粧品,月末在庫,kg,2898575.0,2021
2021,6,その他の皮膚用化粧品,月末在庫,kg,2797887.0,2021
2021,7,その他の皮膚用化粧品,月末在庫,kg,2771374.0,2021
2021,8,その他の皮膚用化粧品,月末在庫,kg,2725275.0,2021
2021,9,その他の皮膚用化粧品,月末在庫,kg,2615711.0,2021
2021,10,その他の皮膚用化粧品,月末在庫,kg,2793904.0,2021
2021,11,その他の皮膚用化粧品,月末在庫,kg,2579951.0,2021
2021,12,その他の皮膚用化粧品,月末在庫,kg,2546999.0,2021
2022,0,その他の皮膚用化粧品,月末在庫,kg,3392527.0,2023
2022,1,その他の皮膚用化粧品,月末在庫,kg,2974983.0,2022
2022,2,その他の皮膚用化粧品,月末在庫,kg,2643196.0,2022
2022,3,その他の皮膚用化粧品,月末在庫,kg,2576237.0,2022
2022,4,その他の皮膚用化粧品,月末在庫,kg,2639338.0,2022
2022,5,その他の皮膚用化粧品,月末在庫,kg,2680635.0,2022
2022,6,その他の皮膚用化粧品,月末在庫,kg,2949406.0,2022
2022,7,その他の皮膚用化粧品,月末在庫,kg,3881041.0,2022
2022,8,その他の皮膚用化粧品,月末在庫,kg,4291839.0,2022
2022,9,その他の皮膚用化粧品,月末在庫,kg,4266618.0,2022
2022,10,その他の皮膚用化粧品,月末在庫,kg,4259977.0,2022
2022,11,その他の皮膚用化粧品,月末在庫,kg,3427692.0,2022
2022,12,その他の皮膚用化粧品,月末在庫,kg,3392527.0,2022
2023,0,その他の皮膚用化粧品,月末在庫,kg,2527819.0,2023
2023,1,その他の皮膚用化粧品,月末在庫,kg,2902398.0,2023
2023,2,その他の皮膚用化粧品,月末在庫,kg,2726268.0,2023
2023,3,その他の皮膚用化粧品,月末在庫,kg,2651406.0,2023
2023,4,その他の皮膚用化粧品,月末在庫,kg,2438373.0,2023
2023,5,その他の皮膚用化粧品,月末在庫,kg,2494943.0,2023
2023,6,その他の皮膚用化粧品,月末在庫,kg,2711840.0,2023
2023,7,その他の皮膚用化粧品,月末在庫,kg,3348746.0,2023
2023,8,その他の皮膚用化粧品,月末在庫,kg,3571513.0,2023
2023,9,その他の皮膚用化粧品,月末在庫,kg,3498956.0,2023
2023,10,その他の皮膚用化粧品,月末在庫,kg,3392696.0,2023
2023,11,その他の皮膚用化粧品,月末在庫,kg,2884607.0,2023
2023,12,その他の皮膚用化粧品,月末在庫,kg,2527819.0,2023
2024,1,その他の皮膚用化粧品,月末在庫,kg,2404468.0,2024
2024,2,その他の皮膚用化粧品,月末在庫,kg,2586636.0,2024
2024,3,その他の皮膚用化粧品,月末在庫,kg,2720276.0,2024
2024,4,その他の皮膚用化粧品,月末在庫,kg,2267791.0,2024
2024,5,その他の皮膚用化粧品,月末在庫,kg,2194390.0,2024
2024,6,その他の皮膚用化粧品,月末在庫,kg,2367899.0,2024
2024,7,その他の皮膚用化粧品,月末在庫,kg,2861515.0,2024
2024,8,その他の皮膚用化粧品,月末在庫,kg,3170871.0,2024
2024,9,その他の皮膚用化粧品,月末在庫,kg,2928858.0,2024
2024,10,その他の皮膚用化粧品,月末在庫,kg,2925588.0,2024
2024,11,その他の皮膚用化粧品,月末在庫,kg,2764609.0,2024
2024,12,その他の皮膚用化粧品,月末在庫,kg,2175798.0,2024
2015,0,その他の皮膚用化粧品,生産,kg,17463300.0,2019
2016,0,その他の皮膚用化粧品,生産,kg,17555895.0,2020
2017,0,その他の皮膚用化粧品,生産,kg,18314039.0,2021
2018,0,その他の皮膚用化粧品,生産,kg,21527572.0,2022
2019,0,その他の皮膚用化粧品,生産,kg,18796646.0,2023
2019,1,その他の皮膚用化粧品,生産,kg,1217528.0,2019
2019,2,その他の皮膚用化粧品,生産,kg,1399990.0,2019
2019,3,その他の皮膚用化粧品,生産,kg,1307349.0,2019
2019,4,その他の皮膚用化粧品,生産,kg,1305280.0,2019
2019,5,その他の皮膚用化粧品,生産,kg,1622081.0,2019
2019,6,その他の皮膚用化粧品,生産,kg,1810172.0,2019
2019,7,その他の皮膚用化粧品,生産,kg,2219641.0,2019
2019,8,その他の皮膚用化粧品,生産,kg,1542564.0,2019
2019,9,その他の皮膚用化粧品,生産,kg,2268124.0,2019
2019,10,その他の皮膚用化粧品,生産,kg,1520730.0,2019
2019,11,その他の皮膚用化粧品,生産,kg,1333681.0,2019
2019,12,その他の皮膚用化粧品,生産,kg,1249506.0,2019
2020,0,その他の皮膚用化粧品,生産,kg,20045861.0,2023
2020,1,その他の皮膚用化粧品,生産,kg,1033688.0,2020
2020,2,その他の皮膚用化粧品,生産,kg,864357.0,2020
2020,3,その他の皮膚用化粧品,生産,kg,1171805.0,2020
2020,4,その他の皮膚用化粧品,生産,kg,1192352.0,2020
2020,5,その他の皮膚用化粧品,生産,kg,1399818.0,2020
2020,6,その他の皮膚用化粧品,生産,kg,2324942.0,2020
2020,7,その他の皮膚用化粧品,生産,kg,1732202.0,2020
2020,8,その他の皮膚用化粧品,生産,kg,1773295.0,2020
2020,9,その他の皮膚用化粧品,生産,kg,2155948.0,2020
2020,10,その他の皮膚用化粧品,生産,kg,1929745.0,2020
2020,11,その他の皮膚用化粧品,生産,kg,1990989.0,2020
2020,12,その他の皮膚用化粧品,生産,kg,1689472.0,2020
2021,0,その他の皮膚用化粧品,生産,kg,18876125.0,2023
2021,1,その他の皮膚用化粧品,生産,kg,1793172.0,2021
2021,2,その他の皮膚用化粧品,生産,kg,1618342.0,2021
2021,3,その他の皮膚用化粧品,生産,kg,1944267.0,2021
2021,4,その他の皮膚用化粧品,生産,kg,978910.0,2021
2021,5,その他の皮膚用化粧品,生産,kg,680147.0,2021
2021,6,その他の皮膚用化粧品,生産,kg,930410.0,2021
2021,7,その他の皮膚用化粧品,生産,kg,927119.0,2021
2021,8,その他の皮膚用化粧品,生産,kg,1017599.0,2021
2021,9,その他の皮膚用化粧品,生産,kg,969247.0,2021
2021,10,その他の皮膚用化粧品,生産,kg,1168842.0,2021
2021,11,その他の皮膚用化粧品,生産,kg,1024406.0,2021
2021,12,その他の皮膚用化粧品,生産,kg,980301.0,2021
2022,0,その他の皮膚用化粧品,生産,kg,17616917.0,2023
2022,1,その他の皮膚用化粧品,生産,kg,1032729.0,2022
2022,2,その他の皮膚用化粧品,生産,kg,1021876.0,2022
2022,3,その他の皮膚用化粧品,生産,kg,1049339.0,2022
2022,4,その他の皮膚用化粧品,生産,kg,1089891.0,2022
2022,5,その他の皮膚用化粧品,生産,kg,988292.0,2022
2022,6,その他の皮膚用化粧品,生産,kg,1722955.0,2022
2022,7,その他の皮膚用化粧品,生産,kg,2141317.0,2022
2022,8,その他の皮膚用化粧品,生産,kg,1802866.0,2022
2022,9,その他の皮膚用化粧品,生産,kg,2009172.0,2022
2022,10,その他の皮膚用化粧品,生産,kg,1816072.0,2022
2022,11,その他の皮膚用化粧品,生産,kg,1477616.0,2022
2022,12,その他の皮膚用化粧品,生産,kg,1464792.0,2022
2023,0,その他の皮膚用化粧品,生産,kg,16364428.0,2023
2023,1,その他の皮膚用化粧品,生産,kg,1471923.0,2023
2023,2,その他の皮膚用化粧品,生産,kg,1244569.0,2023
2023,3,その他の皮膚用化粧品,生産,kg,1346195.0,2023
2023,4,その他の皮膚用化粧品,生産,kg,647879.0,2023
2023,5,その他の皮膚用化粧品,生産,kg,927187.0,2023
2023,6,その他の皮膚用化粧品,生産,kg,1389457.0,2023
2023,7,その他の皮膚用化粧品,生産,kg,1729304.0,2023
2023,8,その他の皮膚用化粧品,生産,kg,1762694.0,2023
2023,9,その他の皮膚用化粧品,生産,kg,1684835.0,2023
2023,10,その他の皮膚用化粧品,生産,kg,1231188.0,2023
2023,11,その他の皮膚用化粧品,生産,kg,1512576.0,2023
2023,12,その他の皮膚用化粧品,生産,kg,1416621.0,2023
2024,1,その他の皮膚用化粧品,生産,kg,824474.0,2024
2024,2,その他の皮膚用化粧品,生産,kg,930779.0,2024
2024,3,その他の皮膚用化粧品,生産,kg,976026.0,2024
2024,4,その他の皮膚用化粧品,生産,kg,745900.0,2024
2024,5,その他の皮膚用化粧品,生産,kg,852306.0,2024
2024,6,その他の皮膚用化粧品,生産,kg,1063030.0,2024
2024,7,その他の皮膚用化粧品,生産,kg,1524311.0,2024
2024,8,その他の皮膚用化粧品,生産,kg,1542458.0,2024
2024,9,その他の皮膚用化粧品,生産,kg,1440945.0,2024
2024,10,その他の皮膚用化粧品,生産,kg,1445343.0,2024
2024,11,その他の皮膚用化粧品,生産,kg,1226879.0,2024
2024,12,その他の皮膚用化粧品,生産,kg,902604.0,2024
2015,0,その他の皮膚用化粧品,販売個数,十個,14490552.0,2019
2016,0,その他の皮膚用化粧品,販売個数,十個,15182258.0,2020
2017,0,その他の皮膚用化粧品,販売個数,十個,16257973.0,2021
2018,0,その他の皮膚用化粧品,販売個数,十個,18116823.0,2022
2019,0,その他の皮膚用化粧品,販売個数,十個,18156521.0,2023
2019,1,その他の皮膚用化粧品,販売個数,十個,1300393.0,2019
2019,2,その他の皮膚用化粧品,販売個数,十個,1227664.0,2019
2019,3,その他の皮膚用化粧品,販売個数,十個,1388794.0,2019
2019,4,その他の皮膚用化粧品,販売個数,十個,1380481.0,2019
2019,5,その他の皮膚用化粧品,販売個数,十個,1406508.0,2019
2019,6,その他の皮膚用化粧品,販売個数,十個,1369545.0,2019
2019,7,その他の皮膚用化粧品,販売個数,十個,1542539.0,2019
2019,8,その他の皮膚用化粧品,販売個数,十個,1517981.0,2019
2019,9,その他の皮膚用化粧品,販売個数,十個,2096879.0,2019
2019,10,その他の皮膚用化粧品,販売個数,十個,1652385.0,2019
2019,11,その他の皮膚用化粧品,販売個数,十個,1657097.0,2019
2019,12,その他の皮膚用化粧品,販売個数,十個,1616255.0,2019
2020,0,その他の皮膚用化粧品,販売個数,十個,16423184.0,2023
2020,1,その他の皮膚用化粧品,販売個数,十個,1030168.0,2020
2020,2,その他の皮膚用化粧品,販売個数,十個,916709.0,2020
2020,3,その他の皮膚用化粧品,販売個数,十個,1084608.0,2020
2020,4,その他の皮膚用化粧品,販売個数,十個,1200262.0,2020
2020,5,その他の皮膚用化粧品,販売個数,十個,952832.0,2020
2020,6,その他の皮膚用化粧品,販売個数,十個,1664791.0,2020
2020,7,その他の皮膚用化粧品,販売個数,十個,1095666.0,2020
2020,8,その他の皮膚用化粧品,販売個数,十個,1313720.0,2020
2020,9,その他の皮膚用化粧品,販売個数,十個,1891567.0,2020
2020,10,その他の皮膚用化粧品,販売個数,十個,1538153.0,2020
2020,11,その他の皮膚用化粧品,販売個数,十個,1629635.0,2020
2020,12,その他の皮膚用化粧品,販売個数,十個,1632259.0,2020
2021,0,その他の皮膚用化粧品,販売個数,十個,15798133.0,2023
2021,1,その他の皮膚用化粧品,販売個数,十個,1249551.0,2021
2021,2,その他の皮膚用化粧品,販売個数,十個,1038513.0,2021
2021,3,その他の皮膚用化粧品,販売個数,十個,1229577.0,2021
2021,4,その他の皮膚用化粧品,販売個数,十個,1009166.0,2021
2021,5,その他の皮膚用化粧品,販売個数,十個,861405.0,2021
2021,6,その他の皮膚用化粧品,販売個数,十個,980774.0,2021
2021,7,その他の皮膚用化粧品,販売個数,十個,1038251.0,2021
2021,8,その他の皮膚用化粧品,販売個数,十個,1077263.0,2021
2021,9,その他の皮膚用化粧品,販売個数,十個,1139132.0,2021
2021,10,その他の皮膚用化粧品,販売個数,十個,1135944.0,2021
2021,11,その他の皮膚用化粧品,販売個数,十個,1338246.0,2021
2021,12,その他の皮膚用化粧品,販売個数,十個,1233062.0,2021
2022,0,その他の皮膚用化粧品,販売個数,十個,15138850.0,2023
2022,1,その他の皮膚用化粧品,販売個数,十個,1110151.0,2022
2022,2,その他の皮膚用化粧品,販売個数,十個,1271095.0,2022
2022,3,その他の皮膚用化粧品,販売個数,十個,1041505.0,2022
2022,4,その他の皮膚用化粧品,販売個数,十個,913829.0,2022
2022,5,その他の皮膚用化粧品,販売個数,十個,942406.0,2022
2022,6,その他の皮膚用化粧品,販売個数,十個,1267322.0,2022
2022,7,その他の皮膚用化粧品,販売個数,十個,1130508.0,2022
2022,8,その他の皮膚用化粧品,販売個数,十個,1183931.0,2022
2022,9,その他の皮膚用化粧品,販売個数,十個,1764444.0,2022
2022,10,その他の皮膚用化粧品,販売個数,十個,1583951.0,2022
2022,11,その他の皮膚用化粧品,販売個数,十個,1551374.0,2022
2022,12,その他の皮膚用化粧品,販売個数,十個,1378334.0,2022
2023,0,その他の皮膚用化粧品,販売個数,十個,13877553.0,2023
2023,1,その他の皮膚用化粧品,販売個数,十個,958816.0,2023
2023,2,その他の皮膚用化粧品,販売個数,十個,890570.0,2023
2023,3,その他の皮膚用化粧品,販売個数,十個,959085.0,2023
2023,4,その他の皮膚用化粧品,販売個数,十個,853238.0,2023
2023,5,その他の皮膚用化粧品,販売個数,十個,863619.0,2023
2023,6,その他の皮膚用化粧品,販売個数,十個,1108435.0,2023
2023,7,その他の皮膚用化粧品,販売個数,十個,1007474.0,2023
2023,8,その他の皮膚用化粧品,販売個数,十個,1225502.0,2023
2023,9,その他の皮膚用化粧品,販売個数,十個,1542170.0,2023
2023,10,その他の皮膚用化粧品,販売個数,十個,1441266.0,2023
2023,11,その他の皮膚用化粧品,販売個数,十個,1565790.0,2023
2023,12,その他の皮膚用化粧品,販売個数,十個,1461588.0,2023
2024,1,その他の皮膚用化粧品,販売個数,十個,943959.0,2024
2024,2,その他の皮膚用化粧品,販売個数,十個,1043002.0,2024
2024,3,その他の皮膚用化粧品,販売個数,十個,954541.0,2024
2024,4,その他の皮膚用化粧品,販売個数,十個,862161.0,2024
2024,5,その他の皮膚用化粧品,販売個数,十個,888023.0,2024
2024,6,その他の皮膚用化粧品,販売個数,十個,960620.0,2024
2024,7,その他の皮膚用化粧品,販売個数,十個,1097448.0,2024
2024,8,その他の皮膚用化粧品,販売個数,十個,1129393.0,2024
2024,9,その他の皮膚用化粧品,販売個数,十個,1425259.0,2024
2024,10,その他の皮膚用化粧品,販売個数,十個,1265607.0,2024
2024,11,その他の皮膚用化粧品,販売個数,十個,1352302.0,2024
2024,12,その他の皮膚用化粧品,販売個数,十個,1383502.0,2024
2015,0,その他の皮膚用化粧品,販売数量,kg,18015896.0,2019
2016,0,その他の皮膚用化粧品,販売数量,kg,17193853.0,2020
2017,0,その他の皮膚用化粧品,販売数量,kg,17673552.0,2021
2018,0,その他の皮膚用化粧品,販売数量,kg,19617631.0,2022
2019,0,その他の皮膚用化粧品,販売数量,kg,19060924.0,2023
2019,1,その他の皮膚用化粧品,販売数量,kg,1336897.0,2019
2019,2,その他の皮膚用化粧品,販売数量,kg,1288504.0,2019
2019,3,その他の皮膚用化粧品,販売数量,kg,1416822.0,2019
2019,4,その他の皮膚用化粧品,販売数量,kg,1424453.0,2019
2019,5,その他の皮膚用化粧品,販売数量,kg,1377777.0,2019
2019,6,その他の皮膚用化粧品,販売数量,kg,1393883.0,2019
2019,7,その他の皮膚用化粧品,販売数量,kg,1442853.0,2019
2019,8,その他の皮膚用化粧品,販売数量,kg,2076454.0,2019
2019,9,その他の皮膚用化粧品,販売数量,kg,2128326.0,2019
2019,10,その他の皮膚用化粧品,販売数量,kg,1745452.0,2019
2019,11,その他の皮膚用化粧品,販売数量,kg,1751779.0,2019
2019,12,その他の皮膚用化粧品,販売数量,kg,1677724.0,2019
2020,0,その他の皮膚用化粧品,販売数量,kg,20997951.0,2023
2020,1,その他の皮膚用化粧品,販売数量,kg,1106084.0,2020
2020,2,その他の皮膚用化粧品,販売数量,kg,922331.0,2020
2020,3,その他の皮膚用化粧品,販売数量,kg,1234530.0,2020
2020,4,その他の皮膚用化粧品,販売数量,kg,1277987.0,2020
2020,5,その他の皮膚用化粧品,販売数量,kg,1101763.0,2020
2020,6,その他の皮膚用化粧品,販売数量,kg,1739342.0,2020
2020,7,その他の皮膚用化粧品,販売数量,kg,1243875.0,2020
2020,8,その他の皮膚用化粧品,販売数量,kg,1827954.0,2020
2020,9,その他の皮膚用化粧品,販売数量,kg,2815488.0,2020
2020,10,その他の皮膚用化粧品,販売数量,kg,2447630.0,2020
2020,11,その他の皮膚用化粧品,販売数量,kg,2462183.0,2020
2020,12,その他の皮膚用化粧品,販売数量,kg,2328466.0,2020
2021,0,その他の皮膚用化粧品,販売数量,kg,19224352.0,2023
2021,1,その他の皮膚用化粧品,販売数量,kg,2222585.0,2021
2021,2,その他の皮膚用化粧品,販売数量,kg,1863475.0,2021
2021,3,その他の皮膚用化粧品,販売数量,kg,2137419.0,2021
2021,4,その他の皮膚用化粧品,販売数量,kg,1071843.0,2021
2021,5,その他の皮膚用化粧品,販売数量,kg,934932.0,2021
2021,6,その他の皮膚用化粧品,販売数量,kg,1067724.0,2021
2021,7,その他の皮膚用化粧品,販売数量,kg,950132.0,2021
2021,8,その他の皮膚用化粧品,販売数量,kg,1092119.0,2021
2021,9,その他の皮膚用化粧品,販売数量,kg,1057905.0,2021
2021,10,その他の皮膚用化粧品,販売数量,kg,1050939.0,2021
2021,11,その他の皮膚用化粧品,販売数量,kg,1217574.0,2021
2021,12,その他の皮膚用化粧品,販売数量,kg,1081980.0,2021
2022,0,その他の皮膚用化粧品,販売数量,kg,16407097.0,2023
2022,1,その他の皮膚用化粧品,販売数量,kg,1201549.0,2022
2022,2,その他の皮膚用化粧品,販売数量,kg,1379797.0,2022
2022,3,その他の皮膚用化粧品,販売数量,kg,1113418.0,2022
2022,4,その他の皮膚用化粧品,販売数量,kg,1006088.0,2022
2022,5,その他の皮膚用化粧品,販売数量,kg,933220.0,2022
2022,6,その他の皮膚用化粧品,販売数量,kg,1304991.0,2022
2022,7,その他の皮膚用化粧品,販売数量,kg,1082467.0,2022
2022,8,その他の皮膚用化粧品,販売数量,kg,1228330.0,2022
2022,9,その他の皮膚用化粧品,販売数量,kg,1940597.0,2022
2022,10,その他の皮膚用化粧品,販売数量,kg,1796905.0,2022
2022,11,その他の皮膚用化粧品,販売数量,kg,1902291.0,2022
2022,12,その他の皮膚用化粧品,販売数量,kg,1517444.0,2022
2023,0,その他の皮膚用化粧品,販売数量,kg,14383893.0,2023
2023,1,その他の皮膚用化粧品,販売数量,kg,982486.0,2023
2023,2,その他の皮膚用化粧品,販売数量,kg,877000.0,2023
2023,3,その他の皮膚用化粧品,販売数量,kg,927531.0,2023
2023,4,その他の皮膚用化粧品,販売数量,kg,796211.0,2023
2023,5,その他の皮膚用化粧品,販売数量,kg,853003.0,2023
2023,6,その他の皮膚用化粧品,販売数量,kg,1095527.0,2023
2023,7,その他の皮膚用化粧品,販売数量,kg,1027529.0,2023
2023,8,その他の皮膚用化粧品,販売数量,kg,1291877.0,2023
2023,9,その他の皮膚用化粧品,販売数量,kg,1843648.0,2023
2023,10,その他の皮膚用化粧品,販売数量,kg,1497310.0,2023
2023,11,その他の皮膚用化粧品,販売数量,kg,1595471.0,2023
2023,12,その他の皮膚用化粧品,販売数量,kg,1596300.0,2023
2024,1,その他の皮膚用化粧品,販売数量,kg,966028.0,2024
2024,2,その他の皮膚用化粧品,販売数量,kg,979778.0,2024
2024,3,その他の皮膚用化粧品,販売数量,kg,896776.0,2024
2024,4,その他の皮膚用化粧品,販売数量,kg,849402.0,2024
2024,5,その他の皮膚用化粧品,販売数量,kg,883825.0,2024
2024,6,その他の皮膚用化粧品,販売数量,kg,841800.0,2024
2024,7,その他の皮膚用化粧品,販売数量,kg,984302.0,2024
2024,8,その他の皮膚用化粧品,販売数量,kg,1159328.0,2024
2024,9,その他の皮膚用化粧品,販売数量,kg,1634790.0,2024
2024,10,その他の皮膚用化粧品,販売数量,kg,1421424.0,2024
2024,11,その他の皮膚用化粧品,販売数量,kg,1398240.0,2024
2024,12,その他の皮膚用化粧品,販売数量,kg,1450976.0,2024
2015,0,その他の皮膚用化粧品,販売金額,千円,63324003.0,2019
2016,0,その他の皮膚用化粧品,販売金額,千円,64843008.0,2020
2017,0,その他の皮膚用化粧品,販売金額,千円,68928243.0,2021
2018,0,その他の皮膚用化粧品,販売金額,千円,74508142.0,2022
2019,0,その他の皮膚用化粧品,販売金額,千円,74403054.0,2023
2019,1,その他の皮膚用化粧品,販売金額,千円,5199716.0,2019
2019,2,その他の皮膚用化粧品,販売金額,千円,5037098.0,2019
2019,3,その他の皮膚用化粧品,販売金額,千円,5554834.0,2019
2019,4,その他の皮膚用化粧品,販売金額,千円,5818069.0,2019
2019,5,その他の皮膚用化粧品,販売金額,千円,6251934.0,2019
2019,6,その他の皮膚用化粧品,販売金額,千円,5391707.0,2019
2019,7,その他の皮膚用化粧品,販売金額,千円,5696431.0,2019
2019,8,その他の皮膚用化粧品,販売金額,千円,6324595.0,2019
2019,9,その他の皮膚用化粧品,販売金額,千円,9039678.0,2019
2019,10,その他の皮膚用化粧品,販売金額,千円,6629201.0,2019
2019,11,その他の皮膚用化粧品,販売金額,千円,6589663.0,2019
2019,12,その他の皮膚用化粧品,販売金額,千円,6870128.0,2019
2020,0,その他の皮膚用化粧品,販売金額,千円,65413457.0,2023
2020,1,その他の皮膚用化粧品,販売金額,千円,5077425.0,2020
2020,2,その他の皮膚用化粧品,販売金額,千円,4706893.0,2020
2020,3,その他の皮膚用化粧品,販売金額,千円,4291715.0,2020
2020,4,その他の皮膚用化粧品,販売金額,千円,4499266.0,2020
2020,5,その他の皮膚用化粧品,販売金額,千円,3578895.0,2020
2020,6,その他の皮膚用化粧品,販売金額,千円,6056867.0,2020
2020,7,その他の皮膚用化粧品,販売金額,千円,3898079.0,2020
2020,8,その他の皮膚用化粧品,販売金額,千円,4734541.0,2020
2020,9,その他の皮膚用化粧品,販売金額,千円,7227901.0,2020
2020,10,その他の皮膚用化粧品,販売金額,千円,5619764.0,2020
2020,11,その他の皮膚用化粧品,販売金額,千円,6554514.0,2020
2020,12,その他の皮膚用化粧品,販売金額,千円,6587718.0,2020
2021,0,その他の皮膚用化粧品,販売金額,千円,60195160.0,2023
2021,1,その他の皮膚用化粧品,販売金額,千円,4583665.0,2021
2021,2,その他の皮膚用化粧品,販売金額,千円,4124328.0,2021
2021,3,その他の皮膚用化粧品,販売金額,千円,4503886.0,2021
2021,4,その他の皮膚用化粧品,販売金額,千円,4194091.0,2021
2021,5,その他の皮膚用化粧品,販売金額,千円,3290330.0,2021
2021,6,その他の皮膚用化粧品,販売金額,千円,3577130.0,2021
2021,7,その他の皮膚用化粧品,販売金額,千円,3676282.0,2021
2021,8,その他の皮膚用化粧品,販売金額,千円,4145515.0,2021
2021,9,その他の皮膚用化粧品,販売金額,千円,4589796.0,2021
2021,10,その他の皮膚用化粧品,販売金額,千円,3765069.0,2021
2021,11,その他の皮膚用化粧品,販売金額,千円,5089916.0,2021
2021,12,その他の皮膚用化粧品,販売金額,千円,4702530.0,2021
2022,0,その他の皮膚用化粧品,販売金額,千円,59580753.0,2023
2022,1,その他の皮膚用化粧品,販売金額,千円,4856689.0,2022
2022,2,その他の皮膚用化粧品,販売金額,千円,4560237.0,2022
2022,3,その他の皮膚用化粧品,販売金額,千円,4636858.0,2022
2022,4,その他の皮膚用化粧品,販売金額,千円,4878862.0,2022
2022,5,その他の皮膚用化粧品,販売金額,千円,3656257.0,2022
2022,6,その他の皮膚用化粧品,販売金額,千円,3823955.0,2022
2022,7,その他の皮膚用化粧品,販売金額,千円,3534144.0,2022
2022,8,その他の皮膚用化粧品,販売金額,千円,4468645.0,2022
2022,9,その他の皮膚用化粧品,販売金額,千円,6925741.0,2022
2022,10,その他の皮膚用化粧品,販売金額,千円,6377335.0,2022
2022,11,その他の皮膚用化粧品,販売金額,千円,6340663.0,2022
2022,12,その他の皮膚用化粧品,販売金額,千円,5521367.0,2022
2023,0,その他の皮膚用化粧品,販売金額,千円,55518401.0,2023
2023,1,その他の皮膚用化粧品,販売金額,千円,4541294.0,2023
2023,2,その他の皮膚用化粧品,販売金額,千円,3406172.0,2023
2023,3,その他の皮膚用化粧品,販売金額,千円,4302704.0,2023
2023,4,その他の皮膚用化粧品,販売金額,千円,4028461.0,2023
2023,5,その他の皮膚用化粧品,販売金額,千円,3190969.0,2023
2023,6,その他の皮膚用化粧品,販売金額,千円,3697248.0,2023
2023,7,その他の皮膚用化粧品,販売金額,千円,3570799.0,2023
2023,8,その他の皮膚用化粧品,販売金額,千円,4399705.0,2023
2023,9,その他の皮膚用化粧品,販売金額,千円,6288655.0,2023
2023,10,その他の皮膚用化粧品,販売金額,千円,5594662.0,2023
2023,11,その他の皮膚用化粧品,販売金額,千円,6101004.0,2023
2023,12,その他の皮膚用化粧品,販売金額,千円,6396728.0,2023
2024,1,その他の皮膚用化粧品,販売金額,千円,4552053.0,2024
2024,2,その他の皮膚用化粧品,販売金額,千円,4438436.0,2024
2024,3,その他の皮膚用化粧品,販売金額,千円,4055554.0,2024
2024,4,その他の皮膚用化粧品,販売金額,千円,3783240.0,2024
2024,5,その他の皮膚用化粧品,販売金額,千円,3995677.0,2024
2024,6,その他の皮膚用化粧品,販売金額,千円,3477577.0,2024
2024,7,その他の皮膚用化粧品,販売金額,千円,3552486.0,2024
2024,8,その他の皮膚用化粧品,販売金額,千円,4474727.0,2024
2024,9,その他の皮膚用化粧品,販売金額,千円,6342509.0,2024
2024,10,その他の皮膚用化粧品,販売金額,千円,5279116.0,2024
2024,11,その他の皮膚用化粧品,販売金額,千円,5735892.0,2024
2024,12,その他の皮膚用化粧品,販売金額,千円,5761255.0,2024
2015,0,その他の頭髪用化粧品,出荷その他,kg,602654.0,2019
2016,0,その他の頭髪用化粧品,出荷その他,kg,832652.0,2020
2017,0,その他の頭髪用化粧品,出荷その他,kg,1043366.0,2021
2018,0,その他の頭髪用化粧品,出荷その他,kg,921433.0,2022
2019,0,その他の頭髪用化粧品,出荷その他,kg,742180.0,2023
2019,1,その他の頭髪用化粧品,出荷その他,kg,70469.0,2019
2019,2,その他の頭髪用化粧品,出荷その他,kg,48920.0,2019
2019,3,その他の頭髪用化粧品,出荷その他,kg,64663.0,2019
2019,4,その他の頭髪用化粧品,出荷その他,kg,73029.0,2019
2019,5,その他の頭髪用化粧品,出荷その他,kg,59997.0,2019
2019,6,その他の頭髪用化粧品,出荷その他,kg,55123.0,2019
2019,7,その他の頭髪用化粧品,出荷その他,kg,72642.0,2019
2019,8,その他の頭髪用化粧品,出荷その他,kg,51404.0,2019
2019,9,その他の頭髪用化粧品,出荷その他,kg,49697.0,2019
2019,10,その他の頭髪用化粧品,出荷その他,kg,45236.0,2019
2019,11,その他の頭髪用化粧品,出荷その他,kg,73975.0,2019
2019,12,その他の頭髪用化粧品,出荷その他,kg,77025.0,2019
2020,0,その他の頭髪用化粧品,出荷その他,kg,648125.0,2023
2020,1,その他の頭髪用化粧品,出荷その他,kg,86517.0,2020
2020,2,その他の頭髪用化粧品,出荷その他,kg,60714.0,2020
2020,3,その他の頭髪用化粧品,出荷その他,kg,41461.0,2020
2020,4,その他の頭髪用化粧品,出荷その他,kg,60759.0,2020
2020,5,その他の頭髪用化粧品,出荷その他,kg,29928.0,2020
2020,6,その他の頭髪用化粧品,出荷その他,kg,43151.0,2020
2020,7,その他の頭髪用化粧品,出荷その他,kg,47404.0,2020
2020,8,その他の頭髪用化粧品,出荷その他,kg,39278.0,2020
2020,9,その他の頭髪用化粧品,出荷その他,kg,76533.0,2020
2020,10,その他の頭髪用化粧品,出荷その他,kg,57707.0,2020
2020,11,その他の頭髪用化粧品,出荷その他,kg,62440.0,2020
2020,12,その他の頭髪用化粧品,出荷その他,kg,42160.0,2020
2021,0,その他の頭髪用化粧品,出荷その他,kg,616235.0,2023
2021,1,その他の頭髪用化粧品,出荷その他,kg,73323.0,2021
2021,2,その他の頭髪用化粧品,出荷その他,kg,31489.0,2021
2021,3,その他の頭髪用化粧品,出荷その他,kg,66751.0,2021
2021,4,その他の頭髪用化粧品,出荷その他,kg,66222.0,2021
2021,5,その他の頭髪用化粧品,出荷その他,kg,48289.0,2021
2021,6,その他の頭髪用化粧品,出荷その他,kg,62439.0,2021
2021,7,その他の頭髪用化粧品,出荷その他,kg,47273.0,2021
2021,8,その他の頭髪用化粧品,出荷その他,kg,42227.0,2021
2021,9,その他の頭髪用化粧品,出荷その他,kg,45391.0,2021
2021,10,その他の頭髪用化粧品,出荷その他,kg,40058.0,2021
2021,11,その他の頭髪用化粧品,出荷その他,kg,57661.0,2021
2021,12,その他の頭髪用化粧品,出荷その他,kg,35026.0,2021
2022,0,その他の頭髪用化粧品,出荷その他,kg,852517.0,2023
2022,1,その他の頭髪用化粧品,出荷その他,kg,74292.0,2022
2022,2,その他の頭髪用化粧品,出荷その他,kg,40999.0,2022
2022,3,その他の頭髪用化粧品,出荷その他,kg,67493.0,2022
2022,4,その他の頭髪用化粧品,出荷その他,kg,62808.0,2022
2022,5,その他の頭髪用化粧品,出荷その他,kg,85598.0,2022
2022,6,その他の頭髪用化粧品,出荷その他,kg,37088.0,2022
2022,7,その他の頭髪用化粧品,出荷その他,kg,293332.0,2022
2022,8,その他の頭髪用化粧品,出荷その他,kg,37263.0,2022
2022,9,その他の頭髪用化粧品,出荷その他,kg,40427.0,2022
2022,10,その他の頭髪用化粧品,出荷その他,kg,39939.0,2022
2022,11,その他の頭髪用化粧品,出荷その他,kg,35514.0,2022
2022,12,その他の頭髪用化粧品,出荷その他,kg,37764.0,2022
2023,0,その他の頭髪用化粧品,出荷その他,kg,671517.0,2023
2023,1,その他の頭髪用化粧品,出荷その他,kg,210407.0,2023
2023,2,その他の頭髪用化粧品,出荷その他,kg,44521.0,2023
2023,3,その他の頭髪用化粧品,出荷その他,kg,47423.0,2023
2023,4,その他の頭髪用化粧品,出荷その他,kg,41056.0,2023
2023,5,その他の頭髪用化粧品,出荷その他,kg,43610.0,2023
2023,6,その他の頭髪用化粧品,出荷その他,kg,47717.0,2023
2023,7,その他の頭髪用化粧品,出荷その他,kg,47283.0,2023
2023,8,その他の頭髪用化粧品,出荷その他,kg,34996.0,2023
2023,9,その他の頭髪用化粧品,出荷その他,kg,36874.0,2023
2023,10,その他の頭髪用化粧品,出荷その他,kg,40796.0,2023
2023,11,その他の頭髪用化粧品,出荷その他,kg,37943.0,2023
2023,12,その他の頭髪用化粧品,出荷その他,kg,38891.0,2023
2024,1,その他の頭髪用化粧品,出荷その他,kg,37223.0,2024
2024,2,その他の頭髪用化粧品,出荷その他,kg,32437.0,2024
2024,3,その他の頭髪用化粧品,出荷その他,kg,49097.0,2024
2024,4,その他の頭髪用化粧品,出荷その他,kg,36923.0,2024
2024,5,その他の頭髪用化粧品,出荷その他,kg,25533.0,2024
2024,6,その他の頭髪用化粧品,出荷その他,kg,35319.0,2024
2024,7,その他の頭髪用化粧品,出荷その他,kg,53486.0,2024
2024,8,その他の頭髪用化粧品,出荷その他,kg,27809.0,2024
2024,9,その他の頭髪用化粧品,出荷その他,kg,61533.0,2024
2024,10,その他の頭髪用化粧品,出荷その他,kg,48991.0,2024
2024,11,その他の頭髪用化粧品,出荷その他,kg,41842.0,2024
2024,12,その他の頭髪用化粧品,出荷その他,kg,38502.0,2024
2015,0,その他の頭髪用化粧品,受入,kg,783833.0,2019
2016,0,その他の頭髪用化粧品,受入,kg,798776.0,2020
2017,0,その他の頭髪用化粧品,受入,kg,839484.0,2021
2018,0,その他の頭髪用化粧品,受入,kg,1050679.0,2022
2019,0,その他の頭髪用化粧品,受入,kg,506829.0,2023
2019,1,その他の頭髪用化粧品,受入,kg,100573.0,2019
2019,2,その他の頭髪用化粧品,受入,kg,154140.0,2019
2019,3,その他の頭髪用化粧品,受入,kg,46333.0,2019
2019,4,その他の頭髪用化粧品,受入,kg,20536.0,2019
2019,5,その他の頭髪用化粧品,受入,kg,22788.0,2019
2019,6,その他の頭髪用化粧品,受入,kg,16391.0,2019
2019,7,その他の頭髪用化粧品,受入,kg,39800.0,2019
2019,8,その他の頭髪用化粧品,受入,kg,25163.0,2019
2019,9,その他の頭髪用化粧品,受入,kg,16440.0,2019
2019,10,その他の頭髪用化粧品,受入,kg,27600.0,2019
2019,11,その他の頭髪用化粧品,受入,kg,25238.0,2019
2019,12,その他の頭髪用化粧品,受入,kg,11827.0,2019
2020,0,その他の頭髪用化粧品,受入,kg,228811.0,2023
2020,1,その他の頭髪用化粧品,受入,kg,19948.0,2020
2020,2,その他の頭髪用化粧品,受入,kg,10914.0,2020
2020,3,その他の頭髪用化粧品,受入,kg,26508.0,2020
2020,4,その他の頭髪用化粧品,受入,kg,25222.0,2020
2020,5,その他の頭髪用化粧品,受入,kg,5037.0,2020
2020,6,その他の頭髪用化粧品,受入,kg,13094.0,2020
2020,7,その他の頭髪用化粧品,受入,kg,21017.0,2020
2020,8,その他の頭髪用化粧品,受入,kg,20742.0,2020
2020,9,その他の頭髪用化粧品,受入,kg,20204.0,2020
2020,10,その他の頭髪用化粧品,受入,kg,19706.0,2020
2020,11,その他の頭髪用化粧品,受入,kg,17847.0,2020
2020,12,その他の頭髪用化粧品,受入,kg,28572.0,2020
2021,0,その他の頭髪用化粧品,受入,kg,287066.0,2023
2021,1,その他の頭髪用化粧品,受入,kg,11967.0,2021
2021,2,その他の頭髪用化粧品,受入,kg,18302.0,2021
2021,3,その他の頭髪用化粧品,受入,kg,31094.0,2021
2021,4,その他の頭髪用化粧品,受入,kg,30015.0,2021
2021,5,その他の頭髪用化粧品,受入,kg,16985.0,2021
2021,6,その他の頭髪用化粧品,受入,kg,25255.0,2021
2021,7,その他の頭髪用化粧品,受入,kg,27277.0,2021
2021,8,その他の頭髪用化粧品,受入,kg,26100.0,2021
2021,9,その他の頭髪用化粧品,受入,kg,22763.0,2021
2021,10,その他の頭髪用化粧品,受入,kg,25502.0,2021
2021,11,その他の頭髪用化粧品,受入,kg,26240.0,2021
2021,12,その他の頭髪用化粧品,受入,kg,25566.0,2021
2022,0,その他の頭髪用化粧品,受入,kg,273616.0,2023
2022,1,その他の頭髪用化粧品,受入,kg,20842.0,2022
2022,2,その他の頭髪用化粧品,受入,kg,17477.0,2022
2022,3,その他の頭髪用化粧品,受入,kg,32837.0,2022
2022,4,その他の頭髪用化粧品,受入,kg,32406.0,2022
2022,5,その他の頭髪用化粧品,受入,kg,20221.0,2022
2022,6,その他の頭髪用化粧品,受入,kg,25962.0,2022
2022,7,その他の頭髪用化粧品,受入,kg,23803.0,2022
2022,8,その他の頭髪用化粧品,受入,kg,10586.0,2022
2022,9,その他の頭髪用化粧品,受入,kg,16899.0,2022
2022,10,その他の頭髪用化粧品,受入,kg,28646.0,2022
2022,11,その他の頭髪用化粧品,受入,kg,18911.0,2022
2022,12,その他の頭髪用化粧品,受入,kg,25026.0,2022
2023,0,その他の頭髪用化粧品,受入,kg,222090.0,2023
2023,1,その他の頭髪用化粧品,受入,kg,23321.0,2023
2023,2,その他の頭髪用化粧品,受入,kg,19721.0,2023
2023,3,その他の頭髪用化粧品,受入,kg,25911.0,2023
2023,4,その他の頭髪用化粧品,受入,kg,16682.0,2023
2023,5,その他の頭髪用化粧品,受入,kg,16550.0,2023
2023,6,その他の頭髪用化粧品,受入,kg,12500.0,2023
2023,7,その他の頭髪用化粧品,受入,kg,17301.0,2023
2023,8,その他の頭髪用化粧品,受入,kg,15049.0,2023
2023,9,その他の頭髪用化粧品,受入,kg,17429.0,2023
2023,10,その他の頭髪用化粧品,受入,kg,17233.0,2023
2023,11,その他の頭髪用化粧品,受入,kg,12257.0,2023
2023,12,その他の頭髪用化粧品,受入,kg,28136.0,2023
2024,1,その他の頭髪用化粧品,受入,kg,5202.0,2024
2024,2,その他の頭髪用化粧品,受入,kg,9855.0,2024
2024,3,その他の頭髪用化粧品,受入,kg,25849.0,2024
2024,4,その他の頭髪用化粧品,受入,kg,22349.0,2024
2024,5,その他の頭髪用化粧品,受入,kg,9703.0,2024
2024,6,その他の頭髪用化粧品,受入,kg,8067.0,2024
2024,7,その他の頭髪用化粧品,受入,kg,10688.0,2024
2024,8,その他の頭髪用化粧品,受入,kg,12873.0,2024
2024,9,その他の頭髪用化粧品,受入,kg,29812.0,2024
2024,10,その他の頭髪用化粧品,受入,kg,23796.0,2024
2024,11,その他の頭髪用化粧品,受入,kg,14039.0,2024
2024,12,その他の頭髪用化粧品,受入,kg,12632.0,2024
2015,0,その他の頭髪用化粧品,月末在庫,kg,2048124.0,2019
2016,0,その他の頭髪用化粧品,月末在庫,kg,1505174.0,2020
2017,0,その他の頭髪用化粧品,月末在庫,kg,1188808.0,2021
2018,0,その他の頭髪用化粧品,月末在庫,kg,1271252.0,2022
2019,0,その他の頭髪用化粧品,月末在庫,kg,1495170.0,2023
2019,1,その他の頭髪用化粧品,月末在庫,kg,1328385.0,2019
2019,2,その他の頭髪用化粧品,月末在庫,kg,1572917.0,2019
2019,3,その他の頭髪用化粧品,月末在庫,kg,1579619.0,2019
2019,4,その他の頭髪用化粧品,月末在庫,kg,1686394.0,2019
2019,5,その他の頭髪用化粧品,月末在庫,kg,1782247.0,2019
2019,6,その他の頭髪用化粧品,月末在庫,kg,1805899.0,2019
2019,7,その他の頭髪用化粧品,月末在庫,kg,1846688.0,2019
2019,8,その他の頭髪用化粧品,月末在庫,kg,1784413.0,2019
2019,9,その他の頭髪用化粧品,月末在庫,kg,1670294.0,2019
2019,10,その他の頭髪用化粧品,月末在庫,kg,1737292.0,2019
2019,11,その他の頭髪用化粧品,月末在庫,kg,1668309.0,2019
2019,12,その他の頭髪用化粧品,月末在庫,kg,1495170.0,2019
2020,0,その他の頭髪用化粧品,月末在庫,kg,1396267.0,2023
2020,1,その他の頭髪用化粧品,月末在庫,kg,1496235.0,2020
2020,2,その他の頭髪用化粧品,月末在庫,kg,1486171.0,2020
2020,3,その他の頭髪用化粧品,月末在庫,kg,1458144.0,2020
2020,4,その他の頭髪用化粧品,月末在庫,kg,1583530.0,2020
2020,5,その他の頭髪用化粧品,月末在庫,kg,1657543.0,2020
2020,6,その他の頭髪用化粧品,月末在庫,kg,1465234.0,2020
2020,7,その他の頭髪用化粧品,月末在庫,kg,1547400.0,2020
2020,8,その他の頭髪用化粧品,月末在庫,kg,1524417.0,2020
2020,9,その他の頭髪用化粧品,月末在庫,kg,1548865.0,2020
2020,10,その他の頭髪用化粧品,月末在庫,kg,1493375.0,2020
2020,11,その他の頭髪用化粧品,月末在庫,kg,1473412.0,2020
2020,12,その他の頭髪用化粧品,月末在庫,kg,1395020.0,2020
2021,0,その他の頭髪用化粧品,月末在庫,kg,1254014.0,2023
2021,1,その他の頭髪用化粧品,月末在庫,kg,1390292.0,2021
2021,2,その他の頭髪用化粧品,月末在庫,kg,1503374.0,2021
2021,3,その他の頭髪用化粧品,月末在庫,kg,1315822.0,2021
2021,4,その他の頭髪用化粧品,月末在庫,kg,1264006.0,2021
2021,5,その他の頭髪用化粧品,月末在庫,kg,1225746.0,2021
2021,6,その他の頭髪用化粧品,月末在庫,kg,1267932.0,2021
2021,7,その他の頭髪用化粧品,月末在庫,kg,1383714.0,2021
2021,8,その他の頭髪用化粧品,月末在庫,kg,1471693.0,2021
2021,9,その他の頭髪用化粧品,月末在庫,kg,1453805.0,2021
2021,10,その他の頭髪用化粧品,月末在庫,kg,1439094.0,2021
2021,11,その他の頭髪用化粧品,月末在庫,kg,1390966.0,2021
2021,12,その他の頭髪用化粧品,月末在庫,kg,1253352.0,2021
2022,0,その他の頭髪用化粧品,月末在庫,kg,1375483.0,2023
2022,1,その他の頭髪用化粧品,月末在庫,kg,1266830.0,2022
2022,2,その他の頭髪用化粧品,月末在庫,kg,1435476.0,2022
2022,3,その他の頭髪用化粧品,月末在庫,kg,1538875.0,2022
2022,4,その他の頭髪用化粧品,月末在庫,kg,1452300.0,2022
2022,5,その他の頭髪用化粧品,月末在庫,kg,1382670.0,2022
2022,6,その他の頭髪用化粧品,月末在庫,kg,1466832.0,2022
2022,7,その他の頭髪用化粧品,月末在庫,kg,1260412.0,2022
2022,8,その他の頭髪用化粧品,月末在庫,kg,1293202.0,2022
2022,9,その他の頭髪用化粧品,月末在庫,kg,1280267.0,2022
2022,10,その他の頭髪用化粧品,月末在庫,kg,1294220.0,2022
2022,11,その他の頭髪用化粧品,月末在庫,kg,1321003.0,2022
2022,12,その他の頭髪用化粧品,月末在庫,kg,1375483.0,2022
2023,0,その他の頭髪用化粧品,月末在庫,kg,1208268.0,2023
2023,1,その他の頭髪用化粧品,月末在庫,kg,1230002.0,2023
2023,2,その他の頭髪用化粧品,月末在庫,kg,1275913.0,2023
2023,3,その他の頭髪用化粧品,月末在庫,kg,1264070.0,2023
2023,4,その他の頭髪用化粧品,月末在庫,kg,1253027.0,2023
2023,5,その他の頭髪用化粧品,月末在庫,kg,1337168.0,2023
2023,6,その他の頭髪用化粧品,月末在庫,kg,1280731.0,2023
2023,7,その他の頭髪用化粧品,月末在庫,kg,1269551.0,2023
2023,8,その他の頭髪用化粧品,月末在庫,kg,1228842.0,2023
2023,9,その他の頭髪用化粧品,月末在庫,kg,1261929.0,2023
2023,10,その他の頭髪用化粧品,月末在庫,kg,1236082.0,2023
2023,11,その他の頭髪用化粧品,月末在庫,kg,1293743.0,2023
2023,12,その他の頭髪用化粧品,月末在庫,kg,1208268.0,2023
2024,1,その他の頭髪用化粧品,月末在庫,kg,1220954.0,2024
2024,2,その他の頭髪用化粧品,月末在庫,kg,1289691.0,2024
2024,3,その他の頭髪用化粧品,月末在庫,kg,1260713.0,2024
2024,4,その他の頭髪用化粧品,月末在庫,kg,1277645.0,2024
2024,5,その他の頭髪用化粧品,月末在庫,kg,1262753.0,2024
2024,6,その他の頭髪用化粧品,月末在庫,kg,1245748.0,2024
2024,7,その他の頭髪用化粧品,月末在庫,kg,1446598.0,2024
2024,8,その他の頭髪用化粧品,月末在庫,kg,1393392.0,2024
2024,9,その他の頭髪用化粧品,月末在庫,kg,1451709.0,2024
2024,10,その他の頭髪用化粧品,月末在庫,kg,1502798.0,2024
2024,11,その他の頭髪用化粧品,月末在庫,kg,1493186.0,2024
2024,12,その他の頭髪用化粧品,月末在庫,kg,1435298.0,2024
2015,0,その他の頭髪用化粧品,生産,kg,6034769.0,2019
2016,0,その他の頭髪用化粧品,生産,kg,6070632.0,2020
2017,0,その他の頭髪用化粧品,生産,kg,5837407.0,2021
2018,0,その他の頭髪用化粧品,生産,kg,5523406.0,2022
2019,0,その他の頭髪用化粧品,生産,kg,5982780.0,2023
2019,1,その他の頭髪用化粧品,生産,kg,341558.0,2019
2019,2,その他の頭髪用化粧品,生産,kg,477299.0,2019
2019,3,その他の頭髪用化粧品,生産,kg,465548.0,2019
2019,4,その他の頭髪用化粧品,生産,kg,493246.0,2019
2019,5,その他の頭髪用化粧品,生産,kg,777544.0,2019
2019,6,その他の頭髪用化粧品,生産,kg,623564.0,2019
2019,7,その他の頭髪用化粧品,生産,kg,629916.0,2019
2019,8,その他の頭髪用化粧品,生産,kg,356823.0,2019
2019,9,その他の頭髪用化粧品,生産,kg,478702.0,2019
2019,10,その他の頭髪用化粧品,生産,kg,425298.0,2019
2019,11,その他の頭髪用化粧品,生産,kg,513105.0,2019
2019,12,その他の頭髪用化粧品,生産,kg,400177.0,2019
2020,0,その他の頭髪用化粧品,生産,kg,5065745.0,2023
2020,1,その他の頭髪用化粧品,生産,kg,383416.0,2020
2020,2,その他の頭髪用化粧品,生産,kg,397194.0,2020
2020,3,その他の頭髪用化粧品,生産,kg,450207.0,2020
2020,4,その他の頭髪用化粧品,生産,kg,505619.0,2020
2020,5,その他の頭髪用化粧品,生産,kg,390658.0,2020
2020,6,その他の頭髪用化粧品,生産,kg,360478.0,2020
2020,7,その他の頭髪用化粧品,生産,kg,482419.0,2020
2020,8,その他の頭髪用化粧品,生産,kg,397073.0,2020
2020,9,その他の頭髪用化粧品,生産,kg,476752.0,2020
2020,10,その他の頭髪用化粧品,生産,kg,393594.0,2020
2020,11,その他の頭髪用化粧品,生産,kg,426864.0,2020
2020,12,その他の頭髪用化粧品,生産,kg,401471.0,2020
2021,0,その他の頭髪用化粧品,生産,kg,5067311.0,2023
2021,1,その他の頭髪用化粧品,生産,kg,340995.0,2021
2021,2,その他の頭髪用化粧品,生産,kg,428234.0,2021
2021,3,その他の頭髪用化粧品,生産,kg,358294.0,2021
2021,4,その他の頭髪用化粧品,生産,kg,449870.0,2021
2021,5,その他の頭髪用化粧品,生産,kg,391128.0,2021
2021,6,その他の頭髪用化粧品,生産,kg,579083.0,2021
2021,7,その他の頭髪用化粧品,生産,kg,538818.0,2021
2021,8,その他の頭髪用化粧品,生産,kg,445597.0,2021
2021,9,その他の頭髪用化粧品,生産,kg,405319.0,2021
2021,10,その他の頭髪用化粧品,生産,kg,387220.0,2021
2021,11,その他の頭髪用化粧品,生産,kg,397113.0,2021
2021,12,その他の頭髪用化粧品,生産,kg,345640.0,2021
2022,0,その他の頭髪用化粧品,生産,kg,5517454.0,2023
2022,1,その他の頭髪用化粧品,生産,kg,390896.0,2022
2022,2,その他の頭髪用化粧品,生産,kg,402382.0,2022
2022,3,その他の頭髪用化粧品,生産,kg,540864.0,2022
2022,4,その他の頭髪用化粧品,生産,kg,512276.0,2022
2022,5,その他の頭髪用化粧品,生産,kg,463559.0,2022
2022,6,その他の頭髪用化粧品,生産,kg,560257.0,2022
2022,7,その他の頭髪用化粧品,生産,kg,464012.0,2022
2022,8,その他の頭髪用化粧品,生産,kg,465122.0,2022
2022,9,その他の頭髪用化粧品,生産,kg,462286.0,2022
2022,10,その他の頭髪用化粧品,生産,kg,411397.0,2022
2022,11,その他の頭髪用化粧品,生産,kg,426129.0,2022
2022,12,その他の頭髪用化粧品,生産,kg,418274.0,2022
2023,0,その他の頭髪用化粧品,生産,kg,5491943.0,2023
2023,1,その他の頭髪用化粧品,生産,kg,331656.0,2023
2023,2,その他の頭髪用化粧品,生産,kg,401431.0,2023
2023,3,その他の頭髪用化粧品,生産,kg,494865.0,2023
2023,4,その他の頭髪用化粧品,生産,kg,469418.0,2023
2023,5,その他の頭髪用化粧品,生産,kg,563204.0,2023
2023,6,その他の頭髪用化粧品,生産,kg,492820.0,2023
2023,7,その他の頭髪用化粧品,生産,kg,524586.0,2023
2023,8,その他の頭髪用化粧品,生産,kg,438904.0,2023
2023,9,その他の頭髪用化粧品,生産,kg,468967.0,2023
2023,10,その他の頭髪用化粧品,生産,kg,406787.0,2023
2023,11,その他の頭髪用化粧品,生産,kg,490369.0,2023
2023,12,その他の頭髪用化粧品,生産,kg,408936.0,2023
2024,1,その他の頭髪用化粧品,生産,kg,351053.0,2024
2024,2,その他の頭髪用化粧品,生産,kg,427736.0,2024
2024,3,その他の頭髪用化粧品,生産,kg,436168.0,2024
2024,4,その他の頭髪用化粧品,生産,kg,519575.0,2024
2024,5,その他の頭髪用化粧品,生産,kg,503757.0,2024
2024,6,その他の頭髪用化粧品,生産,kg,493337.0,2024
2024,7,その他の頭髪用化粧品,生産,kg,717306.0,2024
2024,8,その他の頭髪用化粧品,生産,kg,399387.0,2024
2024,9,その他の頭髪用化粧品,生産,kg,561280.0,2024
2024,10,その他の頭髪用化粧品,生産,kg,561570.0,2024
2024,11,その他の頭髪用化粧品,生産,kg,452427.0,2024
2024,12,その他の頭髪用化粧品,生産,kg,456897.0,2024
2015,0,その他の頭髪用化粧品,販売個数,十個,2950299.0,2019
2016,0,その他の頭髪用化粧品,販売個数,十個,3294201.0,2020
2017,0,その他の頭髪用化粧品,販売個数,十個,3148621.0,2021
2018,0,その他の頭髪用化粧品,販売個数,十個,3103023.0,2022
2019,0,その他の頭髪用化粧品,販売個数,十個,3729886.0,2023
2019,1,その他の頭髪用化粧品,販売個数,十個,191895.0,2019
2019,2,その他の頭髪用化粧品,販売個数,十個,280307.0,2019
2019,3,その他の頭髪用化粧品,販売個数,十個,270790.0,2019
2019,4,その他の頭髪用化粧品,販売個数,十個,246522.0,2019
2019,5,その他の頭髪用化粧品,販売個数,十個,388589.0,2019
2019,6,その他の頭髪用化粧品,販売個数,十個,372375.0,2019
2019,7,その他の頭髪用化粧品,販売個数,十個,313158.0,2019
2019,8,その他の頭髪用化粧品,販売個数,十個,253603.0,2019
2019,9,その他の頭髪用化粧品,販売個数,十個,342156.0,2019
2019,10,その他の頭髪用化粧品,販売個数,十個,255500.0,2019
2019,11,その他の頭髪用化粧品,販売個数,十個,496107.0,2019
2019,12,その他の頭髪用化粧品,販売個数,十個,318884.0,2019
2020,0,その他の頭髪用化粧品,販売個数,十個,2726898.0,2023
2020,1,その他の頭髪用化粧品,販売個数,十個,211006.0,2020
2020,2,その他の頭髪用化粧品,販売個数,十個,235081.0,2020
2020,3,その他の頭髪用化粧品,販売個数,十個,275594.0,2020
2020,4,その他の頭髪用化粧品,販売個数,十個,208845.0,2020
2020,5,その他の頭髪用化粧品,販売個数,十個,151017.0,2020
2020,6,その他の頭髪用化粧品,販売個数,十個,247110.0,2020
2020,7,その他の頭髪用化粧品,販売個数,十個,221904.0,2020
2020,8,その他の頭髪用化粧品,販売個数,十個,233233.0,2020
2020,9,その他の頭髪用化粧品,販売個数,十個,221662.0,2020
2020,10,その他の頭髪用化粧品,販売個数,十個,230829.0,2020
2020,11,その他の頭髪用化粧品,販売個数,十個,240479.0,2020
2020,12,その他の頭髪用化粧品,販売個数,十個,248487.0,2020
2021,0,その他の頭髪用化粧品,販売個数,十個,2817629.0,2023
2021,1,その他の頭髪用化粧品,販売個数,十個,190947.0,2021
2021,2,その他の頭髪用化粧品,販売個数,十個,185599.0,2021
2021,3,その他の頭髪用化粧品,販売個数,十個,255645.0,2021
2021,4,その他の頭髪用化粧品,販売個数,十個,261892.0,2021
2021,5,その他の頭髪用化粧品,販売個数,十個,212023.0,2021
2021,6,その他の頭髪用化粧品,販売個数,十個,256868.0,2021
2021,7,その他の頭髪用化粧品,販売個数,十個,236545.0,2021
2021,8,その他の頭髪用化粧品,販売個数,十個,235346.0,2021
2021,9,その他の頭髪用化粧品,販売個数,十個,230817.0,2021
2021,10,その他の頭髪用化粧品,販売個数,十個,231162.0,2021
2021,11,その他の頭髪用化粧品,販売個数,十個,239625.0,2021
2021,12,その他の頭髪用化粧品,販売個数,十個,280037.0,2021
2022,0,その他の頭髪用化粧品,販売個数,十個,3132150.0,2023
2022,1,その他の頭髪用化粧品,販売個数,十個,205231.0,2022
2022,2,その他の頭髪用化粧品,販売個数,十個,167293.0,2022
2022,3,その他の頭髪用化粧品,販売個数,十個,300342.0,2022
2022,4,その他の頭髪用化粧品,販売個数,十個,296159.0,2022
2022,5,その他の頭髪用化粧品,販売個数,十個,231127.0,2022
2022,6,その他の頭髪用化粧品,販売個数,十個,268812.0,2022
2022,7,その他の頭髪用化粧品,販売個数,十個,241281.0,2022
2022,8,その他の頭髪用化粧品,販売個数,十個,322115.0,2022
2022,9,その他の頭髪用化粧品,販売個数,十個,279390.0,2022
2022,10,その他の頭髪用化粧品,販売個数,十個,312012.0,2022
2022,11,その他の頭髪用化粧品,販売個数,十個,241971.0,2022
2022,12,その他の頭髪用化粧品,販売個数,十個,266417.0,2022
2023,0,その他の頭髪用化粧品,販売個数,十個,5796368.0,2023
2023,1,その他の頭髪用化粧品,販売個数,十個,214081.0,2023
2023,2,その他の頭髪用化粧品,販売個数,十個,299481.0,2023
2023,3,その他の頭髪用化粧品,販売個数,十個,897479.0,2023
2023,4,その他の頭髪用化粧品,販売個数,十個,751178.0,2023
2023,5,その他の頭髪用化粧品,販売個数,十個,294356.0,2023
2023,6,その他の頭髪用化粧品,販売個数,十個,291261.0,2023
2023,7,その他の頭髪用化粧品,販売個数,十個,355754.0,2023
2023,8,その他の頭髪用化粧品,販売個数,十個,422755.0,2023
2023,9,その他の頭髪用化粧品,販売個数,十個,856711.0,2023
2023,10,その他の頭髪用化粧品,販売個数,十個,474012.0,2023
2023,11,その他の頭髪用化粧品,販売個数,十個,539036.0,2023
2023,12,その他の頭髪用化粧品,販売個数,十個,400264.0,2023
2024,1,その他の頭髪用化粧品,販売個数,十個,180624.0,2024
2024,2,その他の頭髪用化粧品,販売個数,十個,245746.0,2024
2024,3,その他の頭髪用化粧品,販売個数,十個,646074.0,2024
2024,4,その他の頭髪用化粧品,販売個数,十個,327372.0,2024
2024,5,その他の頭髪用化粧品,販売個数,十個,264368.0,2024
2024,6,その他の頭髪用化粧品,販売個数,十個,650788.0,2024
2024,7,その他の頭髪用化粧品,販売個数,十個,278791.0,2024
2024,8,その他の頭髪用化粧品,販売個数,十個,258090.0,2024
2024,9,その他の頭髪用化粧品,販売個数,十個,433078.0,2024
2024,10,その他の頭髪用化粧品,販売個数,十個,537045.0,2024
2024,11,その他の頭髪用化粧品,販売個数,十個,268452.0,2024
2024,12,その他の頭髪用化粧品,販売個数,十個,304024.0,2024
2015,0,その他の頭髪用化粧品,販売数量,kg,6191970.0,2019
2016,0,その他の頭髪用化粧品,販売数量,kg,6217344.0,2020
2017,0,その他の頭髪用化粧品,販売数量,kg,5936715.0,2021
2018,0,その他の頭髪用化粧品,販売数量,kg,5569500.0,2022
2019,0,その他の頭髪用化粧品,販売数量,kg,5513466.0,2023
2019,1,その他の頭髪用化粧品,販売数量,kg,312387.0,2019
2019,2,その他の頭髪用化粧品,販売数量,kg,337477.0,2019
2019,3,その他の頭髪用化粧品,販売数量,kg,441572.0,2019
2019,4,その他の頭髪用化粧品,販売数量,kg,336355.0,2019
2019,5,その他の頭髪用化粧品,販売数量,kg,644878.0,2019
2019,6,その他の頭髪用化粧品,販売数量,kg,560882.0,2019
2019,7,その他の頭髪用化粧品,販売数量,kg,550181.0,2019
2019,8,その他の頭髪用化粧品,販売数量,kg,392974.0,2019
2019,9,その他の頭髪用化粧品,販売数量,kg,560732.0,2019
2019,10,その他の頭髪用化粧品,販売数量,kg,336281.0,2019
2019,11,その他の頭髪用化粧品,販売数量,kg,532599.0,2019
2019,12,その他の頭髪用化粧品,販売数量,kg,507148.0,2019
2020,0,その他の頭髪用化粧品,販売数量,kg,4780523.0,2023
2020,1,その他の頭髪用化粧品,販売数量,kg,316099.0,2020
2020,2,その他の頭髪用化粧品,販売数量,kg,359935.0,2020
2020,3,その他の頭髪用化粧品,販売数量,kg,463830.0,2020
2020,4,その他の頭髪用化粧品,販売数量,kg,346951.0,2020
2020,5,その他の頭髪用化粧品,販売数量,kg,292291.0,2020
2020,6,その他の頭髪用化粧品,販売数量,kg,522306.0,2020
2020,7,その他の頭髪用化粧品,販売数量,kg,372937.0,2020
2020,8,その他の頭髪用化粧品,販売数量,kg,400045.0,2020
2020,9,その他の頭髪用化粧品,販売数量,kg,415822.0,2020
2020,10,その他の頭髪用化粧品,販売数量,kg,417691.0,2020
2020,11,その他の頭髪用化粧品,販売数量,kg,406087.0,2020
2020,12,その他の頭髪用化粧品,販売数量,kg,465776.0,2020
2021,0,その他の頭髪用化粧品,販売数量,kg,4854051.0,2023
2021,1,その他の頭髪用化粧品,販売数量,kg,285600.0,2021
2021,2,その他の頭髪用化粧品,販売数量,kg,302619.0,2021
2021,3,その他の頭髪用化粧品,販売数量,kg,512565.0,2021
2021,4,その他の頭髪用化粧品,販売数量,kg,465115.0,2021
2021,5,その他の頭髪用化粧品,販売数量,kg,397535.0,2021
2021,6,その他の頭髪用化粧品,販売数量,kg,499306.0,2021
2021,7,その他の頭髪用化粧品,販売数量,kg,402716.0,2021
2021,8,その他の頭髪用化粧品,販売数量,kg,337778.0,2021
2021,9,その他の頭髪用化粧品,販売数量,kg,394663.0,2021
2021,10,その他の頭髪用化粧品,販売数量,kg,383476.0,2021
2021,11,その他の頭髪用化粧品,販売数量,kg,409209.0,2021
2021,12,その他の頭髪用化粧品,販売数量,kg,462967.0,2021
2022,0,その他の頭髪用化粧品,販売数量,kg,4785295.0,2023
2022,1,その他の頭髪用化粧品,販売数量,kg,308384.0,2022
2022,2,その他の頭髪用化粧品,販売数量,kg,209913.0,2022
2022,3,その他の頭髪用化粧品,販売数量,kg,409566.0,2022
2022,4,その他の頭髪用化粧品,販売数量,kg,568091.0,2022
2022,5,その他の頭髪用化粧品,販売数量,kg,463020.0,2022
2022,6,その他の頭髪用化粧品,販売数量,kg,452480.0,2022
2022,7,その他の頭髪用化粧品,販売数量,kg,400118.0,2022
2022,8,その他の頭髪用化粧品,販売数量,kg,405458.0,2022
2022,9,その他の頭髪用化粧品,販売数量,kg,450005.0,2022
2022,10,その他の頭髪用化粧品,販売数量,kg,385922.0,2022
2022,11,その他の頭髪用化粧品,販売数量,kg,382457.0,2022
2022,12,その他の頭髪用化粧品,販売数量,kg,349881.0,2022
2023,0,その他の頭髪用化粧品,販売数量,kg,5237769.0,2023
2023,1,その他の頭髪用化粧品,販売数量,kg,289446.0,2023
2023,2,その他の頭髪用化粧品,販売数量,kg,330647.0,2023
2023,3,その他の頭髪用化粧品,販売数量,kg,484764.0,2023
2023,4,その他の頭髪用化粧品,販売数量,kg,455808.0,2023
2023,5,その他の頭髪用化粧品,販売数量,kg,473320.0,2023
2023,6,その他の頭髪用化粧品,販売数量,kg,514345.0,2023
2023,7,その他の頭髪用化粧品,販売数量,kg,505939.0,2023
2023,8,その他の頭髪用化粧品,販売数量,kg,461807.0,2023
2023,9,その他の頭髪用化粧品,販売数量,kg,418625.0,2023
2023,10,その他の頭髪用化粧品,販売数量,kg,412094.0,2023
2023,11,その他の頭髪用化粧品,販売数量,kg,405553.0,2023
2023,12,その他の頭髪用化粧品,販売数量,kg,485421.0,2023
2024,1,その他の頭髪用化粧品,販売数量,kg,309087.0,2024
2024,2,その他の頭髪用化粧品,販売数量,kg,338726.0,2024
2024,3,その他の頭髪用化粧品,販売数量,kg,444358.0,2024
2024,4,その他の頭髪用化粧品,販売数量,kg,490518.0,2024
2024,5,その他の頭髪用化粧品,販売数量,kg,505177.0,2024
2024,6,その他の頭髪用化粧品,販売数量,kg,485232.0,2024
2024,7,その他の頭髪用化粧品,販売数量,kg,475978.0,2024
2024,8,その他の頭髪用化粧品,販売数量,kg,437048.0,2024
2024,9,その他の頭髪用化粧品,販売数量,kg,473705.0,2024
2024,10,その他の頭髪用化粧品,販売数量,kg,486886.0,2024
2024,11,その他の頭髪用化粧品,販売数量,kg,435584.0,2024
2024,12,その他の頭髪用化粧品,販売数量,kg,488907.0,2024
2015,0,その他の頭髪用化粧品,販売金額,千円,12909515.0,2019
2016,0,その他の頭髪用化粧品,販売金額,千円,13588342.0,2020
2017,0,その他の頭髪用化粧品,販売金額,千円,12936597.0,2021
2018,0,その他の頭髪用化粧品,販売金額,千円,12851916.0,2022
2019,0,その他の頭髪用化粧品,販売金額,千円,12894378.0,2023
2019,1,その他の頭髪用化粧品,販売金額,千円,734235.0,2019
2019,2,その他の頭髪用化粧品,販売金額,千円,897866.0,2019
2019,3,その他の頭髪用化粧品,販売金額,千円,1110031.0,2019
2019,4,その他の頭髪用化粧品,販売金額,千円,1067540.0,2019
2019,5,その他の頭髪用化粧品,販売金額,千円,1242566.0,2019
2019,6,その他の頭髪用化粧品,販売金額,千円,1302658.0,2019
2019,7,その他の頭髪用化粧品,販売金額,千円,1158781.0,2019
2019,8,その他の頭髪用化粧品,販売金額,千円,997471.0,2019
2019,9,その他の頭髪用化粧品,販売金額,千円,1271068.0,2019
2019,10,その他の頭髪用化粧品,販売金額,千円,905790.0,2019
2019,11,その他の頭髪用化粧品,販売金額,千円,1050025.0,2019
2019,12,その他の頭髪用化粧品,販売金額,千円,1156347.0,2019
2020,0,その他の頭髪用化粧品,販売金額,千円,12427662.0,2023
2020,1,その他の頭髪用化粧品,販売金額,千円,809354.0,2020
2020,2,その他の頭髪用化粧品,販売金額,千円,1043823.0,2020
2020,3,その他の頭髪用化粧品,販売金額,千円,1160434.0,2020
2020,4,その他の頭髪用化粧品,販売金額,千円,921100.0,2020
2020,5,その他の頭髪用化粧品,販売金額,千円,740820.0,2020
2020,6,その他の頭髪用化粧品,販売金額,千円,1291522.0,2020
2020,7,その他の頭髪用化粧品,販売金額,千円,1111819.0,2020
2020,8,その他の頭髪用化粧品,販売金額,千円,1019010.0,2020
2020,9,その他の頭髪用化粧品,販売金額,千円,991605.0,2020
2020,10,その他の頭髪用化粧品,販売金額,千円,1043079.0,2020
2020,11,その他の頭髪用化粧品,販売金額,千円,1129429.0,2020
2020,12,その他の頭髪用化粧品,販売金額,千円,1163101.0,2020
2021,0,その他の頭髪用化粧品,販売金額,千円,12538978.0,2023
2021,1,その他の頭髪用化粧品,販売金額,千円,783620.0,2021
2021,2,その他の頭髪用化粧品,販売金額,千円,854507.0,2021
2021,3,その他の頭髪用化粧品,販売金額,千円,1136499.0,2021
2021,4,その他の頭髪用化粧品,販売金額,千円,1159606.0,2021
2021,5,その他の頭髪用化粧品,販売金額,千円,1017250.0,2021
2021,6,その他の頭髪用化粧品,販売金額,千円,1278663.0,2021
2021,7,その他の頭髪用化粧品,販売金額,千円,1157651.0,2021
2021,8,その他の頭髪用化粧品,販売金額,千円,930129.0,2021
2021,9,その他の頭髪用化粧品,販売金額,千円,1011150.0,2021
2021,10,その他の頭髪用化粧品,販売金額,千円,945369.0,2021
2021,11,その他の頭髪用化粧品,販売金額,千円,1097280.0,2021
2021,12,その他の頭髪用化粧品,販売金額,千円,1165498.0,2021
2022,0,その他の頭髪用化粧品,販売金額,千円,12930770.0,2023
2022,1,その他の頭髪用化粧品,販売金額,千円,806952.0,2022
2022,2,その他の頭髪用化粧品,販売金額,千円,807091.0,2022
2022,3,その他の頭髪用化粧品,販売金額,千円,1210906.0,2022
2022,4,その他の頭髪用化粧品,販売金額,千円,1196725.0,2022
2022,5,その他の頭髪用化粧品,販売金額,千円,1202242.0,2022
2022,6,その他の頭髪用化粧品,販売金額,千円,1301068.0,2022
2022,7,その他の頭髪用化粧品,販売金額,千円,1059284.0,2022
2022,8,その他の頭髪用化粧品,販売金額,千円,1036402.0,2022
2022,9,その他の頭髪用化粧品,販売金額,千円,1124285.0,2022
2022,10,その他の頭髪用化粧品,販売金額,千円,975882.0,2022
2022,11,その他の頭髪用化粧品,販売金額,千円,1001612.0,2022
2022,12,その他の頭髪用化粧品,販売金額,千円,1208321.0,2022
2023,0,その他の頭髪用化粧品,販売金額,千円,13941239.0,2023
2023,1,その他の頭髪用化粧品,販売金額,千円,798565.0,2023
2023,2,その他の頭髪用化粧品,販売金額,千円,897618.0,2023
2023,3,その他の頭髪用化粧品,販売金額,千円,1286380.0,2023
2023,4,その他の頭髪用化粧品,販売金額,千円,1246649.0,2023
2023,5,その他の頭髪用化粧品,販売金額,千円,1154973.0,2023
2023,6,その他の頭髪用化粧品,販売金額,千円,1301692.0,2023
2023,7,その他の頭髪用化粧品,販売金額,千円,1360040.0,2023
2023,8,その他の頭髪用化粧品,販売金額,千円,1235651.0,2023
2023,9,その他の頭髪用化粧品,販売金額,千円,1151034.0,2023
2023,10,その他の頭髪用化粧品,販売金額,千円,1120197.0,2023
2023,11,その他の頭髪用化粧品,販売金額,千円,1169621.0,2023
2023,12,その他の頭髪用化粧品,販売金額,千円,1218819.0,2023
2024,1,その他の頭髪用化粧品,販売金額,千円,843397.0,2024
2024,2,その他の頭髪用化粧品,販売金額,千円,948357.0,2024
2024,3,その他の頭髪用化粧品,販売金額,千円,1236783.0,2024
2024,4,その他の頭髪用化粧品,販売金額,千円,1382480.0,2024
2024,5,その他の頭髪用化粧品,販売金額,千円,1336741.0,2024
2024,6,その他の頭髪用化粧品,販売金額,千円,1362183.0,2024
2024,7,その他の頭髪用化粧品,販売金額,千円,1298925.0,2024
2024,8,その他の頭髪用化粧品,販売金額,千円,1099863.0,2024
2024,9,その他の頭髪用化粧品,販売金額,千円,1310299.0,2024
2024,10,その他の頭髪用化粧品,販売金額,千円,1338294.0,2024
2024,11,その他の頭髪用化粧品,販売金額,千円,1237889.0,2024
2024,12,その他の頭髪用化粧品,販売金額,千円,1320994.0,2024
2015,0,つめ化粧料(除光液を含む),出荷その他,kg,17884.0,2019
2016,0,つめ化粧料(除光液を含む),出荷その他,kg,28827.0,2020
2017,0,つめ化粧料(除光液を含む),出荷その他,kg,39446.0,2021
2018,0,つめ化粧料(除光液を含む),出荷その他,kg,14904.0,2022
2019,0,つめ化粧料(除光液を含む),出荷その他,kg,8128.0,2023
2019,1,つめ化粧料(除光液を含む),出荷その他,kg,429.0,2019
2019,2,つめ化粧料(除光液を含む),出荷その他,kg,560.0,2019
2019,3,つめ化粧料(除光液を含む),出荷その他,kg,868.0,2019
2019,4,つめ化粧料(除光液を含む),出荷その他,kg,712.0,2019
2019,5,つめ化粧料(除光液を含む),出荷その他,kg,627.0,2019
2019,6,つめ化粧料(除光液を含む),出荷その他,kg,646.0,2019
2019,7,つめ化粧料(除光液を含む),出荷その他,kg,843.0,2019
2019,8,つめ化粧料(除光液を含む),出荷その他,kg,442.0,2019
2019,9,つめ化粧料(除光液を含む),出荷その他,kg,591.0,2019
2019,10,つめ化粧料(除光液を含む),出荷その他,kg,570.0,2019
2019,11,つめ化粧料(除光液を含む),出荷その他,kg,1092.0,2019
2019,12,つめ化粧料(除光液を含む),出荷その他,kg,748.0,2019
2020,0,つめ化粧料(除光液を含む),出荷その他,kg,8876.0,2023
2020,1,つめ化粧料(除光液を含む),出荷その他,kg,662.0,2020
2020,2,つめ化粧料(除光液を含む),出荷その他,kg,669.0,2020
2020,3,つめ化粧料(除光液を含む),出荷その他,kg,764.0,2020
2020,4,つめ化粧料(除光液を含む),出荷その他,kg,482.0,2020
2020,5,つめ化粧料(除光液を含む),出荷その他,kg,1127.0,2020
2020,6,つめ化粧料(除光液を含む),出荷その他,kg,1015.0,2020
2020,7,つめ化粧料(除光液を含む),出荷その他,kg,342.0,2020
2020,8,つめ化粧料(除光液を含む),出荷その他,kg,362.0,2020
2020,9,つめ化粧料(除光液を含む),出荷その他,kg,531.0,2020
2020,10,つめ化粧料(除光液を含む),出荷その他,kg,1717.0,2020
2020,11,つめ化粧料(除光液を含む),出荷その他,kg,671.0,2020
2020,12,つめ化粧料(除光液を含む),出荷その他,kg,534.0,2020
2021,0,つめ化粧料(除光液を含む),出荷その他,kg,11350.0,2023
2021,1,つめ化粧料(除光液を含む),出荷その他,kg,242.0,2021
2021,2,つめ化粧料(除光液を含む),出荷その他,kg,414.0,2021
2021,3,つめ化粧料(除光液を含む),出荷その他,kg,714.0,2021
2021,4,つめ化粧料(除光液を含む),出荷その他,kg,2111.0,2021
2021,5,つめ化粧料(除光液を含む),出荷その他,kg,1267.0,2021
2021,6,つめ化粧料(除光液を含む),出荷その他,kg,1203.0,2021
2021,7,つめ化粧料(除光液を含む),出荷その他,kg,1109.0,2021
2021,8,つめ化粧料(除光液を含む),出荷その他,kg,1720.0,2021
2021,9,つめ化粧料(除光液を含む),出荷その他,kg,858.0,2021
2021,10,つめ化粧料(除光液を含む),出荷その他,kg,486.0,2021
2021,11,つめ化粧料(除光液を含む),出荷その他,kg,808.0,2021
2021,12,つめ化粧料(除光液を含む),出荷その他,kg,418.0,2021
2022,0,つめ化粧料(除光液を含む),出荷その他,kg,14130.0,2023
2022,1,つめ化粧料(除光液を含む),出荷その他,kg,286.0,2022
2022,2,つめ化粧料(除光液を含む),出荷その他,kg,389.0,2022
2022,3,つめ化粧料(除光液を含む),出荷その他,kg,1102.0,2022
2022,4,つめ化粧料(除光液を含む),出荷その他,kg,378.0,2022
2022,5,つめ化粧料(除光液を含む),出荷その他,kg,4213.0,2022
2022,6,つめ化粧料(除光液を含む),出荷その他,kg,3108.0,2022
2022,7,つめ化粧料(除光液を含む),出荷その他,kg,1157.0,2022
2022,8,つめ化粧料(除光液を含む),出荷その他,kg,1159.0,2022
2022,9,つめ化粧料(除光液を含む),出荷その他,kg,549.0,2022
2022,10,つめ化粧料(除光液を含む),出荷その他,kg,591.0,2022
2022,11,つめ化粧料(除光液を含む),出荷その他,kg,515.0,2022
2022,12,つめ化粧料(除光液を含む),出荷その他,kg,683.0,2022
2023,0,つめ化粧料(除光液を含む),出荷その他,kg,8270.0,2023
2023,1,つめ化粧料(除光液を含む),出荷その他,kg,702.0,2023
2023,2,つめ化粧料(除光液を含む),出荷その他,kg,543.0,2023
2023,3,つめ化粧料(除光液を含む),出荷その他,kg,589.0,2023
2023,4,つめ化粧料(除光液を含む),出荷その他,kg,429.0,2023
2023,5,つめ化粧料(除光液を含む),出荷その他,kg,1123.0,2023
2023,6,つめ化粧料(除光液を含む),出荷その他,kg,628.0,2023
2023,7,つめ化粧料(除光液を含む),出荷その他,kg,374.0,2023
2023,8,つめ化粧料(除光液を含む),出荷その他,kg,447.0,2023
2023,9,つめ化粧料(除光液を含む),出荷その他,kg,363.0,2023
2023,10,つめ化粧料(除光液を含む),出荷その他,kg,501.0,2023
2023,11,つめ化粧料(除光液を含む),出荷その他,kg,1971.0,2023
2023,12,つめ化粧料(除光液を含む),出荷その他,kg,600.0,2023
2024,1,つめ化粧料(除光液を含む),出荷その他,kg,650.0,2024
2024,2,つめ化粧料(除光液を含む),出荷その他,kg,439.0,2024
2024,3,つめ化粧料(除光液を含む),出荷その他,kg,346.0,2024
2024,4,つめ化粧料(除光液を含む),出荷その他,kg,434.0,2024
2024,5,つめ化粧料(除光液を含む),出荷その他,kg,1065.0,2024
2024,6,つめ化粧料(除光液を含む),出荷その他,kg,765.0,2024
2024,7,つめ化粧料(除光液を含む),出荷その他,kg,317.0,2024
2024,8,つめ化粧料(除光液を含む),出荷その他,kg,384.0,2024
2024,9,つめ化粧料(除光液を含む),出荷その他,kg,1250.0,2024
2024,10,つめ化粧料(除光液を含む),出荷その他,kg,457.0,2024
2024,11,つめ化粧料(除光液を含む),出荷その他,kg,231.0,2024
2024,12,つめ化粧料(除光液を含む),出荷その他,kg,706.0,2024
2015,0,つめ化粧料(除光液を含む),受入,kg,28840.0,2019
2016,0,つめ化粧料(除光液を含む),受入,kg,42469.0,2020
2017,0,つめ化粧料(除光液を含む),受入,kg,51532.0,2021
2018,0,つめ化粧料(除光液を含む),受入,kg,28420.0,2022
2019,0,つめ化粧料(除光液を含む),受入,kg,34996.0,2023
2019,1,つめ化粧料(除光液を含む),受入,kg,3380.0,2019
2019,2,つめ化粧料(除光液を含む),受入,kg,3328.0,2019
2019,3,つめ化粧料(除光液を含む),受入,kg,4077.0,2019
2019,4,つめ化粧料(除光液を含む),受入,kg,3301.0,2019
2019,5,つめ化粧料(除光液を含む),受入,kg,2010.0,2019
2019,6,つめ化粧料(除光液を含む),受入,kg,2942.0,2019
2019,7,つめ化粧料(除光液を含む),受入,kg,2245.0,2019
2019,8,つめ化粧料(除光液を含む),受入,kg,4682.0,2019
2019,9,つめ化粧料(除光液を含む),受入,kg,1916.0,2019
2019,10,つめ化粧料(除光液を含む),受入,kg,1938.0,2019
2019,11,つめ化粧料(除光液を含む),受入,kg,2046.0,2019
2019,12,つめ化粧料(除光液を含む),受入,kg,3131.0,2019
2020,0,つめ化粧料(除光液を含む),受入,kg,20267.0,2023
2020,1,つめ化粧料(除光液を含む),受入,kg,2815.0,2020
2020,2,つめ化粧料(除光液を含む),受入,kg,869.0,2020
2020,3,つめ化粧料(除光液を含む),受入,kg,2446.0,2020
2020,4,つめ化粧料(除光液を含む),受入,kg,1934.0,2020
2020,5,つめ化粧料(除光液を含む),受入,kg,1530.0,2020
2020,6,つめ化粧料(除光液を含む),受入,kg,998.0,2020
2020,7,つめ化粧料(除光液を含む),受入,kg,3578.0,2020
2020,8,つめ化粧料(除光液を含む),受入,kg,1123.0,2020
2020,9,つめ化粧料(除光液を含む),受入,kg,528.0,2020
2020,10,つめ化粧料(除光液を含む),受入,kg,1464.0,2020
2020,11,つめ化粧料(除光液を含む),受入,kg,1847.0,2020
2020,12,つめ化粧料(除光液を含む),受入,kg,1135.0,2020
2021,0,つめ化粧料(除光液を含む),受入,kg,20396.0,2023
2021,1,つめ化粧料(除光液を含む),受入,kg,426.0,2021
2021,2,つめ化粧料(除光液を含む),受入,kg,429.0,2021
2021,3,つめ化粧料(除光液を含む),受入,kg,3032.0,2021
2021,4,つめ化粧料(除光液を含む),受入,kg,4570.0,2021
2021,5,つめ化粧料(除光液を含む),受入,kg,1118.0,2021
2021,6,つめ化粧料(除光液を含む),受入,kg,2097.0,2021
2021,7,つめ化粧料(除光液を含む),受入,kg,526.0,2021
2021,8,つめ化粧料(除光液を含む),受入,kg,2590.0,2021
2021,9,つめ化粧料(除光液を含む),受入,kg,868.0,2021
2021,10,つめ化粧料(除光液を含む),受入,kg,3359.0,2021
2021,11,つめ化粧料(除光液を含む),受入,kg,1030.0,2021
2021,12,つめ化粧料(除光液を含む),受入,kg,351.0,2021
2022,0,つめ化粧料(除光液を含む),受入,kg,24708.0,2023
2022,1,つめ化粧料(除光液を含む),受入,kg,1341.0,2022
2022,2,つめ化粧料(除光液を含む),受入,kg,392.0,2022
2022,3,つめ化粧料(除光液を含む),受入,kg,11951.0,2022
2022,4,つめ化粧料(除光液を含む),受入,kg,1810.0,2022
2022,5,つめ化粧料(除光液を含む),受入,kg,653.0,2022
2022,6,つめ化粧料(除光液を含む),受入,kg,737.0,2022
2022,7,つめ化粧料(除光液を含む),受入,kg,539.0,2022
2022,8,つめ化粧料(除光液を含む),受入,kg,3200.0,2022
2022,9,つめ化粧料(除光液を含む),受入,kg,861.0,2022
2022,10,つめ化粧料(除光液を含む),受入,kg,2046.0,2022
2022,11,つめ化粧料(除光液を含む),受入,kg,765.0,2022
2022,12,つめ化粧料(除光液を含む),受入,kg,413.0,2022
2023,0,つめ化粧料(除光液を含む),受入,kg,15100.0,2023
2023,1,つめ化粧料(除光液を含む),受入,kg,379.0,2023
2023,2,つめ化粧料(除光液を含む),受入,kg,1510.0,2023
2023,3,つめ化粧料(除光液を含む),受入,kg,1739.0,2023
2023,4,つめ化粧料(除光液を含む),受入,kg,1962.0,2023
2023,5,つめ化粧料(除光液を含む),受入,kg,1988.0,2023
2023,6,つめ化粧料(除光液を含む),受入,kg,2133.0,2023
2023,7,つめ化粧料(除光液を含む),受入,kg,622.0,2023
2023,8,つめ化粧料(除光液を含む),受入,kg,336.0,2023
2023,9,つめ化粧料(除光液を含む),受入,kg,1043.0,2023
2023,10,つめ化粧料(除光液を含む),受入,kg,1431.0,2023
2023,11,つめ化粧料(除光液を含む),受入,kg,1600.0,2023
2023,12,つめ化粧料(除光液を含む),受入,kg,357.0,2023
2024,1,つめ化粧料(除光液を含む),受入,kg,523.0,2024
2024,2,つめ化粧料(除光液を含む),受入,kg,1393.0,2024
2024,3,つめ化粧料(除光液を含む),受入,kg,571.0,2024
2024,4,つめ化粧料(除光液を含む),受入,kg,739.0,2024
2024,5,つめ化粧料(除光液を含む),受入,kg,3411.0,2024
2024,6,つめ化粧料(除光液を含む),受入,kg,1175.0,2024
2024,7,つめ化粧料(除光液を含む),受入,kg,441.0,2024
2024,8,つめ化粧料(除光液を含む),受入,kg,1378.0,2024
2024,9,つめ化粧料(除光液を含む),受入,kg,1392.0,2024
2024,10,つめ化粧料(除光液を含む),受入,kg,831.0,2024
2024,11,つめ化粧料(除光液を含む),受入,kg,1477.0,2024
2024,12,つめ化粧料(除光液を含む),受入,kg,810.0,2024
2015,0,つめ化粧料(除光液を含む),月末在庫,kg,92154.0,2019
2016,0,つめ化粧料(除光液を含む),月末在庫,kg,122833.0,2020
2017,0,つめ化粧料(除光液を含む),月末在庫,kg,121337.0,2021
2018,0,つめ化粧料(除光液を含む),月末在庫,kg,155487.0,2022
2019,0,つめ化粧料(除光液を含む),月末在庫,kg,129513.0,2023
2019,1,つめ化粧料(除光液を含む),月末在庫,kg,163411.0,2019
2019,2,つめ化粧料(除光液を含む),月末在庫,kg,154463.0,2019
2019,3,つめ化粧料(除光液を含む),月末在庫,kg,146715.0,2019
2019,4,つめ化粧料(除光液を含む),月末在庫,kg,141966.0,2019
2019,5,つめ化粧料(除光液を含む),月末在庫,kg,145154.0,2019
2019,6,つめ化粧料(除光液を含む),月末在庫,kg,148491.0,2019
2019,7,つめ化粧料(除光液を含む),月末在庫,kg,145990.0,2019
2019,8,つめ化粧料(除光液を含む),月末在庫,kg,140176.0,2019
2019,9,つめ化粧料(除光液を含む),月末在庫,kg,125159.0,2019
2019,10,つめ化粧料(除光液を含む),月末在庫,kg,119468.0,2019
2019,11,つめ化粧料(除光液を含む),月末在庫,kg,139857.0,2019
2019,12,つめ化粧料(除光液を含む),月末在庫,kg,129513.0,2019
2020,0,つめ化粧料(除光液を含む),月末在庫,kg,108499.0,2023
2020,1,つめ化粧料(除光液を含む),月末在庫,kg,125829.0,2020
2020,2,つめ化粧料(除光液を含む),月末在庫,kg,130524.0,2020
2020,3,つめ化粧料(除光液を含む),月末在庫,kg,117241.0,2020
2020,4,つめ化粧料(除光液を含む),月末在庫,kg,127623.0,2020
2020,5,つめ化粧料(除光液を含む),月末在庫,kg,131532.0,2020
2020,6,つめ化粧料(除光液を含む),月末在庫,kg,133678.0,2020
2020,7,つめ化粧料(除光液を含む),月末在庫,kg,127165.0,2020
2020,8,つめ化粧料(除光液を含む),月末在庫,kg,121890.0,2020
2020,9,つめ化粧料(除光液を含む),月末在庫,kg,110814.0,2020
2020,10,つめ化粧料(除光液を含む),月末在庫,kg,115452.0,2020
2020,11,つめ化粧料(除光液を含む),月末在庫,kg,117527.0,2020
2020,12,つめ化粧料(除光液を含む),月末在庫,kg,108499.0,2020
2021,0,つめ化粧料(除光液を含む),月末在庫,kg,106697.0,2023
2021,1,つめ化粧料(除光液を含む),月末在庫,kg,106785.0,2021
2021,2,つめ化粧料(除光液を含む),月末在庫,kg,112412.0,2021
2021,3,つめ化粧料(除光液を含む),月末在庫,kg,106751.0,2021
2021,4,つめ化粧料(除光液を含む),月末在庫,kg,117636.0,2021
2021,5,つめ化粧料(除光液を含む),月末在庫,kg,113369.0,2021
2021,6,つめ化粧料(除光液を含む),月末在庫,kg,118301.0,2021
2021,7,つめ化粧料(除光液を含む),月末在庫,kg,114087.0,2021
2021,8,つめ化粧料(除光液を含む),月末在庫,kg,107393.0,2021
2021,9,つめ化粧料(除光液を含む),月末在庫,kg,101126.0,2021
2021,10,つめ化粧料(除光液を含む),月末在庫,kg,106367.0,2021
2021,11,つめ化粧料(除光液を含む),月末在庫,kg,106036.0,2021
2021,12,つめ化粧料(除光液を含む),月末在庫,kg,106697.0,2021
2022,0,つめ化粧料(除光液を含む),月末在庫,kg,86465.0,2023
2022,1,つめ化粧料(除光液を含む),月末在庫,kg,109769.0,2022
2022,2,つめ化粧料(除光液を含む),月末在庫,kg,109123.0,2022
2022,3,つめ化粧料(除光液を含む),月末在庫,kg,106322.0,2022
2022,4,つめ化粧料(除光液を含む),月末在庫,kg,108489.0,2022
2022,5,つめ化粧料(除光液を含む),月末在庫,kg,107078.0,2022
2022,6,つめ化粧料(除光液を含む),月末在庫,kg,111801.0,2022
2022,7,つめ化粧料(除光液を含む),月末在庫,kg,106797.0,2022
2022,8,つめ化粧料(除光液を含む),月末在庫,kg,94948.0,2022
2022,9,つめ化粧料(除光液を含む),月末在庫,kg,84687.0,2022
2022,10,つめ化粧料(除光液を含む),月末在庫,kg,91341.0,2022
2022,11,つめ化粧料(除光液を含む),月末在庫,kg,88183.0,2022
2022,12,つめ化粧料(除光液を含む),月末在庫,kg,86465.0,2022
2023,0,つめ化粧料(除光液を含む),月末在庫,kg,103936.0,2023
2023,1,つめ化粧料(除光液を含む),月末在庫,kg,87140.0,2023
2023,2,つめ化粧料(除光液を含む),月末在庫,kg,85642.0,2023
2023,3,つめ化粧料(除光液を含む),月末在庫,kg,91755.0,2023
2023,4,つめ化粧料(除光液を含む),月末在庫,kg,98415.0,2023
2023,5,つめ化粧料(除光液を含む),月末在庫,kg,99723.0,2023
2023,6,つめ化粧料(除光液を含む),月末在庫,kg,99050.0,2023
2023,7,つめ化粧料(除光液を含む),月末在庫,kg,106060.0,2023
2023,8,つめ化粧料(除光液を含む),月末在庫,kg,100581.0,2023
2023,9,つめ化粧料(除光液を含む),月末在庫,kg,111600.0,2023
2023,10,つめ化粧料(除光液を含む),月末在庫,kg,109582.0,2023
2023,11,つめ化粧料(除光液を含む),月末在庫,kg,111271.0,2023
2023,12,つめ化粧料(除光液を含む),月末在庫,kg,103936.0,2023
2024,1,つめ化粧料(除光液を含む),月末在庫,kg,109239.0,2024
2024,2,つめ化粧料(除光液を含む),月末在庫,kg,107957.0,2024
2024,3,つめ化粧料(除光液を含む),月末在庫,kg,98772.0,2024
2024,4,つめ化粧料(除光液を含む),月末在庫,kg,109475.0,2024
2024,5,つめ化粧料(除光液を含む),月末在庫,kg,105941.0,2024
2024,6,つめ化粧料(除光液を含む),月末在庫,kg,110919.0,2024
2024,7,つめ化粧料(除光液を含む),月末在庫,kg,101930.0,2024
2024,8,つめ化粧料(除光液を含む),月末在庫,kg,92211.0,2024
2024,9,つめ化粧料(除光液を含む),月末在庫,kg,99195.0,2024
2024,10,つめ化粧料(除光液を含む),月末在庫,kg,98925.0,2024
2024,11,つめ化粧料(除光液を含む),月末在庫,kg,88586.0,2024
2024,12,つめ化粧料(除光液を含む),月末在庫,kg,89286.0,2024
2015,0,つめ化粧料(除光液を含む),生産,kg,613624.0,2019
2016,0,つめ化粧料(除光液を含む),生産,kg,643867.0,2020
2017,0,つめ化粧料(除光液を含む),生産,kg,694101.0,2021
2018,0,つめ化粧料(除光液を含む),生産,kg,718189.0,2022
2019,0,つめ化粧料(除光液を含む),生産,kg,549911.0,2023
2019,1,つめ化粧料(除光液を含む),生産,kg,55839.0,2019
2019,2,つめ化粧料(除光液を含む),生産,kg,23388.0,2019
2019,3,つめ化粧料(除光液を含む),生産,kg,39622.0,2019
2019,4,つめ化粧料(除光液を含む),生産,kg,34087.0,2019
2019,5,つめ化粧料(除光液を含む),生産,kg,62903.0,2019
2019,6,つめ化粧料(除光液を含む),生産,kg,55084.0,2019
2019,7,つめ化粧料(除光液を含む),生産,kg,69517.0,2019
2019,8,つめ化粧料(除光液を含む),生産,kg,60904.0,2019
2019,9,つめ化粧料(除光液を含む),生産,kg,32727.0,2019
2019,10,つめ化粧料(除光液を含む),生産,kg,39746.0,2019
2019,11,つめ化粧料(除光液を含む),生産,kg,52895.0,2019
2019,12,つめ化粧料(除光液を含む),生産,kg,23199.0,2019
2020,0,つめ化粧料(除光液を含む),生産,kg,443343.0,2023
2020,1,つめ化粧料(除光液を含む),生産,kg,23387.0,2020
2020,2,つめ化粧料(除光液を含む),生産,kg,41320.0,2020
2020,3,つめ化粧料(除光液を含む),生産,kg,43243.0,2020
2020,4,つめ化粧料(除光液を含む),生産,kg,36408.0,2020
2020,5,つめ化粧料(除光液を含む),生産,kg,42660.0,2020
2020,6,つめ化粧料(除光液を含む),生産,kg,58701.0,2020
2020,7,つめ化粧料(除光液を含む),生産,kg,43095.0,2020
2020,8,つめ化粧料(除光液を含む),生産,kg,43037.0,2020
2020,9,つめ化粧料(除光液を含む),生産,kg,24876.0,2020
2020,10,つめ化粧料(除光液を含む),生産,kg,34314.0,2020
2020,11,つめ化粧料(除光液を含む),生産,kg,29965.0,2020
2020,12,つめ化粧料(除光液を含む),生産,kg,22337.0,2020
2021,0,つめ化粧料(除光液を含む),生産,kg,445025.0,2023
2021,1,つめ化粧料(除光液を含む),生産,kg,27356.0,2021
2021,2,つめ化粧料(除光液を含む),生産,kg,36979.0,2021
2021,3,つめ化粧料(除光液を含む),生産,kg,36218.0,2021
2021,4,つめ化粧料(除光液を含む),生産,kg,50306.0,2021
2021,5,つめ化粧料(除光液を含む),生産,kg,35540.0,2021
2021,6,つめ化粧料(除光液を含む),生産,kg,43573.0,2021
2021,7,つめ化粧料(除光液を含む),生産,kg,34890.0,2021
2021,8,つめ化粧料(除光液を含む),生産,kg,42330.0,2021
2021,9,つめ化粧料(除光液を含む),生産,kg,31874.0,2021
2021,10,つめ化粧料(除光液を含む),生産,kg,32498.0,2021
2021,11,つめ化粧料(除光液を含む),生産,kg,36929.0,2021
2021,12,つめ化粧料(除光液を含む),生産,kg,36532.0,2021
2022,0,つめ化粧料(除光液を含む),生産,kg,378837.0,2023
2022,1,つめ化粧料(除光液を含む),生産,kg,32363.0,2022
2022,2,つめ化粧料(除光液を含む),生産,kg,21095.0,2022
2022,3,つめ化粧料(除光液を含む),生産,kg,37643.0,2022
2022,4,つめ化粧料(除光液を含む),生産,kg,37531.0,2022
2022,5,つめ化粧料(除光液を含む),生産,kg,32158.0,2022
2022,6,つめ化粧料(除光液を含む),生産,kg,45050.0,2022
2022,7,つめ化粧料(除光液を含む),生産,kg,44185.0,2022
2022,8,つめ化粧料(除光液を含む),生産,kg,23352.0,2022
2022,9,つめ化粧料(除光液を含む),生産,kg,24848.0,2022
2022,10,つめ化粧料(除光液を含む),生産,kg,30116.0,2022
2022,11,つめ化粧料(除光液を含む),生産,kg,23934.0,2022
2022,12,つめ化粧料(除光液を含む),生産,kg,26562.0,2022
2023,0,つめ化粧料(除光液を含む),生産,kg,392687.0,2023
2023,1,つめ化粧料(除光液を含む),生産,kg,30282.0,2023
2023,2,つめ化粧料(除光液を含む),生産,kg,19952.0,2023
2023,3,つめ化粧料(除光液を含む),生産,kg,29678.0,2023
2023,4,つめ化粧料(除光液を含む),生産,kg,39189.0,2023
2023,5,つめ化粧料(除光液を含む),生産,kg,30016.0,2023
2023,6,つめ化粧料(除光液を含む),生産,kg,44663.0,2023
2023,7,つめ化粧料(除光液を含む),生産,kg,42198.0,2023
2023,8,つめ化粧料(除光液を含む),生産,kg,35739.0,2023
2023,9,つめ化粧料(除光液を含む),生産,kg,47939.0,2023
2023,10,つめ化粧料(除光液を含む),生産,kg,29656.0,2023
2023,11,つめ化粧料(除光液を含む),生産,kg,23653.0,2023
2023,12,つめ化粧料(除光液を含む),生産,kg,19722.0,2023
2024,1,つめ化粧料(除光液を含む),生産,kg,31442.0,2024
2024,2,つめ化粧料(除光液を含む),生産,kg,26308.0,2024
2024,3,つめ化粧料(除光液を含む),生産,kg,14505.0,2024
2024,4,つめ化粧料(除光液を含む),生産,kg,47693.0,2024
2024,5,つめ化粧料(除光液を含む),生産,kg,24938.0,2024
2024,6,つめ化粧料(除光液を含む),生産,kg,37918.0,2024
2024,7,つめ化粧料(除光液を含む),生産,kg,17514.0,2024
2024,8,つめ化粧料(除光液を含む),生産,kg,37475.0,2024
2024,9,つめ化粧料(除光液を含む),生産,kg,28678.0,2024
2024,10,つめ化粧料(除光液を含む),生産,kg,21001.0,2024
2024,11,つめ化粧料(除光液を含む),生産,kg,14890.0,2024
2024,12,つめ化粧料(除光液を含む),生産,kg,20947.0,2024
2015,0,つめ化粧料(除光液を含む),販売個数,十個,2386168.0,2019
2016,0,つめ化粧料(除光液を含む),販売個数,十個,2360346.0,2020
2017,0,つめ化粧料(除光液を含む),販売個数,十個,2572530.0,2021
2018,0,つめ化粧料(除光液を含む),販売個数,十個,2523878.0,2022
2019,0,つめ化粧料(除光液を含む),販売個数,十個,2466325.0,2023
2019,1,つめ化粧料(除光液を含む),販売個数,十個,196799.0,2019
2019,2,つめ化粧料(除光液を含む),販売個数,十個,194609.0,2019
2019,3,つめ化粧料(除光液を含む),販売個数,十個,207844.0,2019
2019,4,つめ化粧料(除光液を含む),販売個数,十個,236648.0,2019
2019,5,つめ化粧料(除光液を含む),販売個数,十個,181463.0,2019
2019,6,つめ化粧料(除光液を含む),販売個数,十個,185349.0,2019
2019,7,つめ化粧料(除光液を含む),販売個数,十個,264071.0,2019
2019,8,つめ化粧料(除光液を含む),販売個数,十個,308008.0,2019
2019,9,つめ化粧料(除光液を含む),販売個数,十個,190539.0,2019
2019,10,つめ化粧料(除光液を含む),販売個数,十個,220730.0,2019
2019,11,つめ化粧料(除光液を含む),販売個数,十個,141953.0,2019
2019,12,つめ化粧料(除光液を含む),販売個数,十個,138312.0,2019
2020,0,つめ化粧料(除光液を含む),販売個数,十個,1928989.0,2023
2020,1,つめ化粧料(除光液を含む),販売個数,十個,126771.0,2020
2020,2,つめ化粧料(除光液を含む),販売個数,十個,151841.0,2020
2020,3,つめ化粧料(除光液を含む),販売個数,十個,216481.0,2020
2020,4,つめ化粧料(除光液を含む),販売個数,十個,163474.0,2020
2020,5,つめ化粧料(除光液を含む),販売個数,十個,136328.0,2020
2020,6,つめ化粧料(除光液を含む),販売個数,十個,169285.0,2020
2020,7,つめ化粧料(除光液を含む),販売個数,十個,208506.0,2020
2020,8,つめ化粧料(除光液を含む),販売個数,十個,192160.0,2020
2020,9,つめ化粧料(除光液を含む),販売個数,十個,207281.0,2020
2020,10,つめ化粧料(除光液を含む),販売個数,十個,105677.0,2020
2020,11,つめ化粧料(除光液を含む),販売個数,十個,128394.0,2020
2020,12,つめ化粧料(除光液を含む),販売個数,十個,122791.0,2020
2021,0,つめ化粧料(除光液を含む),販売個数,十個,1786786.0,2023
2021,1,つめ化粧料(除光液を含む),販売個数,十個,140432.0,2021
2021,2,つめ化粧料(除光液を含む),販売個数,十個,107821.0,2021
2021,3,つめ化粧料(除光液を含む),販売個数,十個,214079.0,2021
2021,4,つめ化粧料(除光液を含む),販売個数,十個,158667.0,2021
2021,5,つめ化粧料(除光液を含む),販売個数,十個,123885.0,2021
2021,6,つめ化粧料(除光液を含む),販売個数,十個,127998.0,2021
2021,7,つめ化粧料(除光液を含む),販売個数,十個,202206.0,2021
2021,8,つめ化粧料(除光液を含む),販売個数,十個,173587.0,2021
2021,9,つめ化粧料(除光液を含む),販売個数,十個,161337.0,2021
2021,10,つめ化粧料(除光液を含む),販売個数,十個,115293.0,2021
2021,11,つめ化粧料(除光液を含む),販売個数,十個,139987.0,2021
2021,12,つめ化粧料(除光液を含む),販売個数,十個,121494.0,2021
2022,0,つめ化粧料(除光液を含む),販売個数,十個,1590519.0,2023
2022,1,つめ化粧料(除光液を含む),販売個数,十個,108159.0,2022
2022,2,つめ化粧料(除光液を含む),販売個数,十個,104494.0,2022
2022,3,つめ化粧料(除光液を含む),販売個数,十個,143536.0,2022
2022,4,つめ化粧料(除光液を含む),販売個数,十個,173816.0,2022
2022,5,つめ化粧料(除光液を含む),販売個数,十個,76612.0,2022
2022,6,つめ化粧料(除光液を含む),販売個数,十個,138486.0,2022
2022,7,つめ化粧料(除光液を含む),販売個数,十個,164915.0,2022
2022,8,つめ化粧料(除光液を含む),販売個数,十個,181657.0,2022
2022,9,つめ化粧料(除光液を含む),販売個数,十個,180450.0,2022
2022,10,つめ化粧料(除光液を含む),販売個数,十個,127870.0,2022
2022,11,つめ化粧料(除光液を含む),販売個数,十個,87473.0,2022
2022,12,つめ化粧料(除光液を含む),販売個数,十個,103051.0,2022
2023,0,つめ化粧料(除光液を含む),販売個数,十個,1564187.0,2023
2023,1,つめ化粧料(除光液を含む),販売個数,十個,111476.0,2023
2023,2,つめ化粧料(除光液を含む),販売個数,十個,101695.0,2023
2023,3,つめ化粧料(除光液を含む),販売個数,十個,126307.0,2023
2023,4,つめ化粧料(除光液を含む),販売個数,十個,160946.0,2023
2023,5,つめ化粧料(除光液を含む),販売個数,十個,115440.0,2023
2023,6,つめ化粧料(除光液を含む),販売個数,十個,131011.0,2023
2023,7,つめ化粧料(除光液を含む),販売個数,十個,155206.0,2023
2023,8,つめ化粧料(除光液を含む),販売個数,十個,156053.0,2023
2023,9,つめ化粧料(除光液を含む),販売個数,十個,183458.0,2023
2023,10,つめ化粧料(除光液を含む),販売個数,十個,120270.0,2023
2023,11,つめ化粧料(除光液を含む),販売個数,十個,100136.0,2023
2023,12,つめ化粧料(除光液を含む),販売個数,十個,102189.0,2023
2024,1,つめ化粧料(除光液を含む),販売個数,十個,109810.0,2024
2024,2,つめ化粧料(除光液を含む),販売個数,十個,98764.0,2024
2024,3,つめ化粧料(除光液を含む),販売個数,十個,108850.0,2024
2024,4,つめ化粧料(除光液を含む),販売個数,十個,161122.0,2024
2024,5,つめ化粧料(除光液を含む),販売個数,十個,112106.0,2024
2024,6,つめ化粧料(除光液を含む),販売個数,十個,110629.0,2024
2024,7,つめ化粧料(除光液を含む),販売個数,十個,151020.0,2024
2024,8,つめ化粧料(除光液を含む),販売個数,十個,190557.0,2024
2024,9,つめ化粧料(除光液を含む),販売個数,十個,129968.0,2024
2024,10,つめ化粧料(除光液を含む),販売個数,十個,100847.0,2024
2024,11,つめ化粧料(除光液を含む),販売個数,十個,99795.0,2024
2024,12,つめ化粧料(除光液を含む),販売個数,十個,78784.0,2024
2015,0,つめ化粧料(除光液を含む),販売数量,kg,626391.0,2019
2016,0,つめ化粧料(除光液を含む),販売数量,kg,629838.0,2020
2017,0,つめ化粧料(除光液を含む),販売数量,kg,697740.0,2021
2018,0,つめ化粧料(除光液を含む),販売数量,kg,677295.0,2022
2019,0,つめ化粧料(除光液を含む),販売数量,kg,580436.0,2023
2019,1,つめ化粧料(除光液を含む),販売数量,kg,50343.0,2019
2019,2,つめ化粧料(除光液を含む),販売数量,kg,31226.0,2019
2019,3,つめ化粧料(除光液を含む),販売数量,kg,51223.0,2019
2019,4,つめ化粧料(除光液を含む),販売数量,kg,39872.0,2019
2019,5,つめ化粧料(除光液を含む),販売数量,kg,58514.0,2019
2019,6,つめ化粧料(除光液を含む),販売数量,kg,50707.0,2019
2019,7,つめ化粧料(除光液を含む),販売数量,kg,71786.0,2019
2019,8,つめ化粧料(除光液を含む),販売数量,kg,70084.0,2019
2019,9,つめ化粧料(除光液を含む),販売数量,kg,48008.0,2019
2019,10,つめ化粧料(除光液を含む),販売数量,kg,43933.0,2019
2019,11,つめ化粧料(除光液を含む),販売数量,kg,30337.0,2019
2019,12,つめ化粧料(除光液を含む),販売数量,kg,34403.0,2019
2020,0,つめ化粧料(除光液を含む),販売数量,kg,469151.0,2023
2020,1,つめ化粧料(除光液を含む),販売数量,kg,28867.0,2020
2020,2,つめ化粧料(除光液を含む),販売数量,kg,35824.0,2020
2020,3,つめ化粧料(除光液を含む),販売数量,kg,56370.0,2020
2020,4,つめ化粧料(除光液を含む),販売数量,kg,27254.0,2020
2020,5,つめ化粧料(除光液を含む),販売数量,kg,38163.0,2020
2020,6,つめ化粧料(除光液を含む),販売数量,kg,55266.0,2020
2020,7,つめ化粧料(除光液を含む),販売数量,kg,51956.0,2020
2020,8,つめ化粧料(除光液を含む),販売数量,kg,48415.0,2020
2020,9,つめ化粧料(除光液を含む),販売数量,kg,36356.0,2020
2020,10,つめ化粧料(除光液を含む),販売数量,kg,29605.0,2020
2020,11,つめ化粧料(除光液を含む),販売数量,kg,28953.0,2020
2020,12,つめ化粧料(除光液を含む),販売数量,kg,32122.0,2020
2021,0,つめ化粧料(除光液を含む),販売数量,kg,438036.0,2023
2021,1,つめ化粧料(除光液を含む),販売数量,kg,30536.0,2021
2021,2,つめ化粧料(除光液を含む),販売数量,kg,31021.0,2021
2021,3,つめ化粧料(除光液を含む),販売数量,kg,42287.0,2021
2021,4,つめ化粧料(除光液を含む),販売数量,kg,40248.0,2021
2021,5,つめ化粧料(除光液を含む),販売数量,kg,38581.0,2021
2021,6,つめ化粧料(除光液を含む),販売数量,kg,39729.0,2021
2021,7,つめ化粧料(除光液を含む),販売数量,kg,36591.0,2021
2021,8,つめ化粧料(除光液を含む),販売数量,kg,46718.0,2021
2021,9,つめ化粧料(除光液を含む),販売数量,kg,33314.0,2021
2021,10,つめ化粧料(除光液を含む),販売数量,kg,29503.0,2021
2021,11,つめ化粧料(除光液を含む),販売数量,kg,35557.0,2021
2021,12,つめ化粧料(除光液を含む),販売数量,kg,33951.0,2021
2022,0,つめ化粧料(除光液を含む),販売数量,kg,389014.0,2023
2022,1,つめ化粧料(除光液を含む),販売数量,kg,29537.0,2022
2022,2,つめ化粧料(除光液を含む),販売数量,kg,20635.0,2022
2022,3,つめ化粧料(除光液を含む),販売数量,kg,39854.0,2022
2022,4,つめ化粧料(除光液を含む),販売数量,kg,36563.0,2022
2022,5,つめ化粧料(除光液を含む),販売数量,kg,29669.0,2022
2022,6,つめ化粧料(除光液を含む),販売数量,kg,36511.0,2022
2022,7,つめ化粧料(除光液を含む),販売数量,kg,47557.0,2022
2022,8,つめ化粧料(除光液を含む),販売数量,kg,36985.0,2022
2022,9,つめ化粧料(除光液を含む),販売数量,kg,34857.0,2022
2022,10,つめ化粧料(除光液を含む),販売数量,kg,24308.0,2022
2022,11,つめ化粧料(除光液を含む),販売数量,kg,26458.0,2022
2022,12,つめ化粧料(除光液を含む),販売数量,kg,26080.0,2022
2023,0,つめ化粧料(除光液を含む),販売数量,kg,375410.0,2023
2023,1,つめ化粧料(除光液を含む),販売数量,kg,28645.0,2023
2023,2,つめ化粧料(除光液を含む),販売数量,kg,22478.0,2023
2023,3,つめ化粧料(除光液を含む),販売数量,kg,24155.0,2023
2023,4,つめ化粧料(除光液を含む),販売数量,kg,33608.0,2023
2023,5,つめ化粧料(除光液を含む),販売数量,kg,29314.0,2023
2023,6,つめ化粧料(除光液を含む),販売数量,kg,44371.0,2023
2023,7,つめ化粧料(除光液を含む),販売数量,kg,35242.0,2023
2023,8,つめ化粧料(除光液を含む),販売数量,kg,40824.0,2023
2023,9,つめ化粧料(除光液を含む),販売数量,kg,37363.0,2023
2023,10,つめ化粧料(除光液を含む),販売数量,kg,32369.0,2023
2023,11,つめ化粧料(除光液を含む),販売数量,kg,21327.0,2023
2023,12,つめ化粧料(除光液を含む),販売数量,kg,25714.0,2023
2024,1,つめ化粧料(除光液を含む),販売数量,kg,25856.0,2024
2024,2,つめ化粧料(除光液を含む),販売数量,kg,28195.0,2024
2024,3,つめ化粧料(除光液を含む),販売数量,kg,23577.0,2024
2024,4,つめ化粧料(除光液を含む),販売数量,kg,36813.0,2024
2024,5,つめ化粧料(除光液を含む),販売数量,kg,30523.0,2024
2024,6,つめ化粧料(除光液を含む),販売数量,kg,32745.0,2024
2024,7,つめ化粧料(除光液を含む),販売数量,kg,26383.0,2024
2024,8,つめ化粧料(除光液を含む),販売数量,kg,47913.0,2024
2024,9,つめ化粧料(除光液を含む),販売数量,kg,21372.0,2024
2024,10,つめ化粧料(除光液を含む),販売数量,kg,21110.0,2024
2024,11,つめ化粧料(除光液を含む),販売数量,kg,25139.0,2024
2024,12,つめ化粧料(除光液を含む),販売数量,kg,19537.0,2024
2015,0,つめ化粧料(除光液を含む),販売金額,千円,6595748.0,2019
2016,0,つめ化粧料(除光液を含む),販売金額,千円,6379086.0,2020
2017,0,つめ化粧料(除光液を含む),販売金額,千円,7216276.0,2021
2018,0,つめ化粧料(除光液を含む),販売金額,千円,7266266.0,2022
2019,0,つめ化粧料(除光液を含む),販売金額,千円,7159710.0,2023
2019,1,つめ化粧料(除光液を含む),販売金額,千円,526674.0,2019
2019,2,つめ化粧料(除光液を含む),販売金額,千円,552073.0,2019
2019,3,つめ化粧料(除光液を含む),販売金額,千円,696644.0,2019
2019,4,つめ化粧料(除光液を含む),販売金額,千円,719537.0,2019
2019,5,つめ化粧料(除光液を含む),販売金額,千円,492008.0,2019
2019,6,つめ化粧料(除光液を含む),販売金額,千円,533317.0,2019
2019,7,つめ化粧料(除光液を含む),販売金額,千円,700940.0,2019
2019,8,つめ化粧料(除光液を含む),販売金額,千円,777517.0,2019
2019,9,つめ化粧料(除光液を含む),販売金額,千円,571574.0,2019
2019,10,つめ化粧料(除光液を含む),販売金額,千円,698336.0,2019
2019,11,つめ化粧料(除光液を含む),販売金額,千円,432766.0,2019
2019,12,つめ化粧料(除光液を含む),販売金額,千円,458324.0,2019
2020,0,つめ化粧料(除光液を含む),販売金額,千円,5102147.0,2023
2020,1,つめ化粧料(除光液を含む),販売金額,千円,324618.0,2020
2020,2,つめ化粧料(除光液を含む),販売金額,千円,402534.0,2020
2020,3,つめ化粧料(除光液を含む),販売金額,千円,649778.0,2020
2020,4,つめ化粧料(除光液を含む),販売金額,千円,429905.0,2020
2020,5,つめ化粧料(除光液を含む),販売金額,千円,321529.0,2020
2020,6,つめ化粧料(除光液を含む),販売金額,千円,372664.0,2020
2020,7,つめ化粧料(除光液を含む),販売金額,千円,528116.0,2020
2020,8,つめ化粧料(除光液を含む),販売金額,千円,474379.0,2020
2020,9,つめ化粧料(除光液を含む),販売金額,千円,546756.0,2020
2020,10,つめ化粧料(除光液を含む),販売金額,千円,363137.0,2020
2020,11,つめ化粧料(除光液を含む),販売金額,千円,328076.0,2020
2020,12,つめ化粧料(除光液を含む),販売金額,千円,360655.0,2020
2021,0,つめ化粧料(除光液を含む),販売金額,千円,4597466.0,2023
2021,1,つめ化粧料(除光液を含む),販売金額,千円,401151.0,2021
2021,2,つめ化粧料(除光液を含む),販売金額,千円,304345.0,2021
2021,3,つめ化粧料(除光液を含む),販売金額,千円,498077.0,2021
2021,4,つめ化粧料(除光液を含む),販売金額,千円,542126.0,2021
2021,5,つめ化粧料(除光液を含む),販売金額,千円,312554.0,2021
2021,6,つめ化粧料(除光液を含む),販売金額,千円,288574.0,2021
2021,7,つめ化粧料(除光液を含む),販売金額,千円,439856.0,2021
2021,8,つめ化粧料(除光液を含む),販売金額,千円,365429.0,2021
2021,9,つめ化粧料(除光液を含む),販売金額,千円,450127.0,2021
2021,10,つめ化粧料(除光液を含む),販売金額,千円,265887.0,2021
2021,11,つめ化粧料(除光液を含む),販売金額,千円,398189.0,2021
2021,12,つめ化粧料(除光液を含む),販売金額,千円,331151.0,2021
2022,0,つめ化粧料(除光液を含む),販売金額,千円,4394242.0,2023
2022,1,つめ化粧料(除光液を含む),販売金額,千円,300297.0,2022
2022,2,つめ化粧料(除光液を含む),販売金額,千円,260113.0,2022
2022,3,つめ化粧料(除光液を含む),販売金額,千円,407842.0,2022
2022,4,つめ化粧料(除光液を含む),販売金額,千円,543403.0,2022
2022,5,つめ化粧料(除光液を含む),販売金額,千円,276603.0,2022
2022,6,つめ化粧料(除光液を含む),販売金額,千円,358802.0,2022
2022,7,つめ化粧料(除光液を含む),販売金額,千円,377281.0,2022
2022,8,つめ化粧料(除光液を含む),販売金額,千円,417082.0,2022
2022,9,つめ化粧料(除光液を含む),販売金額,千円,505445.0,2022
2022,10,つめ化粧料(除光液を含む),販売金額,千円,378094.0,2022
2022,11,つめ化粧料(除光液を含む),販売金額,千円,269046.0,2022
2022,12,つめ化粧料(除光液を含む),販売金額,千円,300234.0,2022
2023,0,つめ化粧料(除光液を含む),販売金額,千円,4284822.0,2023
2023,1,つめ化粧料(除光液を含む),販売金額,千円,314719.0,2023
2023,2,つめ化粧料(除光液を含む),販売金額,千円,293803.0,2023
2023,3,つめ化粧料(除光液を含む),販売金額,千円,391430.0,2023
2023,4,つめ化粧料(除光液を含む),販売金額,千円,472753.0,2023
2023,5,つめ化粧料(除光液を含む),販売金額,千円,306528.0,2023
2023,6,つめ化粧料(除光液を含む),販売金額,千円,288054.0,2023
2023,7,つめ化粧料(除光液を含む),販売金額,千円,373925.0,2023
2023,8,つめ化粧料(除光液を含む),販売金額,千円,361700.0,2023
2023,9,つめ化粧料(除光液を含む),販売金額,千円,564751.0,2023
2023,10,つめ化粧料(除光液を含む),販売金額,千円,329347.0,2023
2023,11,つめ化粧料(除光液を含む),販売金額,千円,285269.0,2023
2023,12,つめ化粧料(除光液を含む),販売金額,千円,302543.0,2023
2024,1,つめ化粧料(除光液を含む),販売金額,千円,345972.0,2024
2024,2,つめ化粧料(除光液を含む),販売金額,千円,299595.0,2024
2024,3,つめ化粧料(除光液を含む),販売金額,千円,339289.0,2024
2024,4,つめ化粧料(除光液を含む),販売金額,千円,463528.0,2024
2024,5,つめ化粧料(除光液を含む),販売金額,千円,287400.0,2024
2024,6,つめ化粧料(除光液を含む),販売金額,千円,243040.0,2024
2024,7,つめ化粧料(除光液を含む),販売金額,千円,378094.0,2024
2024,8,つめ化粧料(除光液を含む),販売金額,千円,443046.0,2024
2024,9,つめ化粧料(除光液を含む),販売金額,千円,371559.0,2024
2024,10,つめ化粧料(除光液を含む),販売金額,千円,282524.0,2024
2024,11,つめ化粧料(除光液を含む),販売金額,千円,278688.0,2024
2024,12,つめ化粧料(除光液を含む),販売金額,千円,225307.0,2024
2015,0,ひげそり用・浴用化粧品,出荷その他,kg,161242.0,2019
2016,0,ひげそり用・浴用化粧品,出荷その他,kg,258972.0,2020
2017,0,ひげそり用・浴用化粧品,出荷その他,kg,142489.0,2021
2018,0,ひげそり用・浴用化粧品,出荷その他,kg,174998.0,2022
2019,0,ひげそり用・浴用化粧品,出荷その他,kg,225117.0,2023
2019,1,ひげそり用・浴用化粧品,出荷その他,kg,9370.0,2019
2019,2,ひげそり用・浴用化粧品,出荷その他,kg,13764.0,2019
2019,3,ひげそり用・浴用化粧品,出荷その他,kg,26771.0,2019
2019,4,ひげそり用・浴用化粧品,出荷その他,kg,13183.0,2019
2019,5,ひげそり用・浴用化粧品,出荷その他,kg,29048.0,2019
2019,6,ひげそり用・浴用化粧品,出荷その他,kg,34456.0,2019
2019,7,ひげそり用・浴用化粧品,出荷その他,kg,20602.0,2019
2019,8,ひげそり用・浴用化粧品,出荷その他,kg,1288.0,2019
2019,9,ひげそり用・浴用化粧品,出荷その他,kg,27233.0,2019
2019,10,ひげそり用・浴用化粧品,出荷その他,kg,18684.0,2019
2019,11,ひげそり用・浴用化粧品,出荷その他,kg,7988.0,2019
2019,12,ひげそり用・浴用化粧品,出荷その他,kg,22730.0,2019
2020,0,ひげそり用・浴用化粧品,出荷その他,kg,161374.0,2023
2020,1,ひげそり用・浴用化粧品,出荷その他,kg,16376.0,2020
2020,2,ひげそり用・浴用化粧品,出荷その他,kg,11771.0,2020
2020,3,ひげそり用・浴用化粧品,出荷その他,kg,15231.0,2020
2020,4,ひげそり用・浴用化粧品,出荷その他,kg,12680.0,2020
2020,5,ひげそり用・浴用化粧品,出荷その他,kg,12123.0,2020
2020,6,ひげそり用・浴用化粧品,出荷その他,kg,9246.0,2020
2020,7,ひげそり用・浴用化粧品,出荷その他,kg,11176.0,2020
2020,8,ひげそり用・浴用化粧品,出荷その他,kg,13982.0,2020
2020,9,ひげそり用・浴用化粧品,出荷その他,kg,15325.0,2020
2020,10,ひげそり用・浴用化粧品,出荷その他,kg,17843.0,2020
2020,11,ひげそり用・浴用化粧品,出荷その他,kg,17221.0,2020
2020,12,ひげそり用・浴用化粧品,出荷その他,kg,8329.0,2020
2021,0,ひげそり用・浴用化粧品,出荷その他,kg,199134.0,2023
2021,1,ひげそり用・浴用化粧品,出荷その他,kg,10754.0,2021
2021,2,ひげそり用・浴用化粧品,出荷その他,kg,73591.0,2021
2021,3,ひげそり用・浴用化粧品,出荷その他,kg,6761.0,2021
2021,4,ひげそり用・浴用化粧品,出荷その他,kg,17945.0,2021
2021,5,ひげそり用・浴用化粧品,出荷その他,kg,9240.0,2021
2021,6,ひげそり用・浴用化粧品,出荷その他,kg,7539.0,2021
2021,7,ひげそり用・浴用化粧品,出荷その他,kg,9508.0,2021
2021,8,ひげそり用・浴用化粧品,出荷その他,kg,10170.0,2021
2021,9,ひげそり用・浴用化粧品,出荷その他,kg,8283.0,2021
2021,10,ひげそり用・浴用化粧品,出荷その他,kg,9045.0,2021
2021,11,ひげそり用・浴用化粧品,出荷その他,kg,18566.0,2021
2021,12,ひげそり用・浴用化粧品,出荷その他,kg,18289.0,2021
2022,0,ひげそり用・浴用化粧品,出荷その他,kg,132636.0,2023
2022,1,ひげそり用・浴用化粧品,出荷その他,kg,6343.0,2022
2022,2,ひげそり用・浴用化粧品,出荷その他,kg,8055.0,2022
2022,3,ひげそり用・浴用化粧品,出荷その他,kg,10638.0,2022
2022,4,ひげそり用・浴用化粧品,出荷その他,kg,15065.0,2022
2022,5,ひげそり用・浴用化粧品,出荷その他,kg,11850.0,2022
2022,6,ひげそり用・浴用化粧品,出荷その他,kg,13044.0,2022
2022,7,ひげそり用・浴用化粧品,出荷その他,kg,8232.0,2022
2022,8,ひげそり用・浴用化粧品,出荷その他,kg,8626.0,2022
2022,9,ひげそり用・浴用化粧品,出荷その他,kg,18219.0,2022
2022,10,ひげそり用・浴用化粧品,出荷その他,kg,14148.0,2022
2022,11,ひげそり用・浴用化粧品,出荷その他,kg,11130.0,2022
2022,12,ひげそり用・浴用化粧品,出荷その他,kg,7286.0,2022
2023,0,ひげそり用・浴用化粧品,出荷その他,kg,24563.0,2023
2023,1,ひげそり用・浴用化粧品,出荷その他,kg,1514.0,2023
2023,2,ひげそり用・浴用化粧品,出荷その他,kg,2248.0,2023
2023,3,ひげそり用・浴用化粧品,出荷その他,kg,2626.0,2023
2023,4,ひげそり用・浴用化粧品,出荷その他,kg,2078.0,2023
2023,5,ひげそり用・浴用化粧品,出荷その他,kg,2087.0,2023
2023,6,ひげそり用・浴用化粧品,出荷その他,kg,3045.0,2023
2023,7,ひげそり用・浴用化粧品,出荷その他,kg,1983.0,2023
2023,8,ひげそり用・浴用化粧品,出荷その他,kg,1888.0,2023
2023,9,ひげそり用・浴用化粧品,出荷その他,kg,1703.0,2023
2023,10,ひげそり用・浴用化粧品,出荷その他,kg,1571.0,2023
2023,11,ひげそり用・浴用化粧品,出荷その他,kg,1974.0,2023
2023,12,ひげそり用・浴用化粧品,出荷その他,kg,1846.0,2023
2024,1,ひげそり用・浴用化粧品,出荷その他,kg,1100.0,2024
2024,2,ひげそり用・浴用化粧品,出荷その他,kg,1371.0,2024
2024,3,ひげそり用・浴用化粧品,出荷その他,kg,1374.0,2024
2024,4,ひげそり用・浴用化粧品,出荷その他,kg,3819.0,2024
2024,5,ひげそり用・浴用化粧品,出荷その他,kg,1735.0,2024
2024,6,ひげそり用・浴用化粧品,出荷その他,kg,2007.0,2024
2024,7,ひげそり用・浴用化粧品,出荷その他,kg,1886.0,2024
2024,8,ひげそり用・浴用化粧品,出荷その他,kg,2035.0,2024
2024,9,ひげそり用・浴用化粧品,出荷その他,kg,3059.0,2024
2024,10,ひげそり用・浴用化粧品,出荷その他,kg,2531.0,2024
2024,11,ひげそり用・浴用化粧品,出荷その他,kg,2191.0,2024
2024,12,ひげそり用・浴用化粧品,出荷その他,kg,1483.0,2024
2015,0,ひげそり用・浴用化粧品,受入,kg,51434.0,2019
2016,0,ひげそり用・浴用化粧品,受入,kg,282193.0,2020
2017,0,ひげそり用・浴用化粧品,受入,kg,142518.0,2021
2018,0,ひげそり用・浴用化粧品,受入,kg,195305.0,2022
2019,0,ひげそり用・浴用化粧品,受入,kg,116982.0,2023
2019,1,ひげそり用・浴用化粧品,受入,kg,4716.0,2019
2019,2,ひげそり用・浴用化粧品,受入,kg,25955.0,2019
2019,3,ひげそり用・浴用化粧品,受入,kg,475.0,2019
2019,4,ひげそり用・浴用化粧品,受入,kg,2289.0,2019
2019,5,ひげそり用・浴用化粧品,受入,kg,26780.0,2019
2019,6,ひげそり用・浴用化粧品,受入,kg,10862.0,2019
2019,7,ひげそり用・浴用化粧品,受入,kg,1333.0,2019
2019,8,ひげそり用・浴用化粧品,受入,kg,869.0,2019
2019,9,ひげそり用・浴用化粧品,受入,kg,779.0,2019
2019,10,ひげそり用・浴用化粧品,受入,kg,17264.0,2019
2019,11,ひげそり用・浴用化粧品,受入,kg,3247.0,2019
2019,12,ひげそり用・浴用化粧品,受入,kg,22413.0,2019
2020,0,ひげそり用・浴用化粧品,受入,kg,98206.0,2023
2020,1,ひげそり用・浴用化粧品,受入,kg,743.0,2020
2020,2,ひげそり用・浴用化粧品,受入,kg,222.0,2020
2020,3,ひげそり用・浴用化粧品,受入,kg,511.0,2020
2020,4,ひげそり用・浴用化粧品,受入,kg,355.0,2020
2020,5,ひげそり用・浴用化粧品,受入,kg,44544.0,2020
2020,6,ひげそり用・浴用化粧品,受入,kg,24170.0,2020
2020,7,ひげそり用・浴用化粧品,受入,kg,765.0,2020
2020,8,ひげそり用・浴用化粧品,受入,kg,2666.0,2020
2020,9,ひげそり用・浴用化粧品,受入,kg,826.0,2020
2020,10,ひげそり用・浴用化粧品,受入,kg,1848.0,2020
2020,11,ひげそり用・浴用化粧品,受入,kg,655.0,2020
2020,12,ひげそり用・浴用化粧品,受入,kg,20901.0,2020
2021,0,ひげそり用・浴用化粧品,受入,kg,109163.0,2023
2021,1,ひげそり用・浴用化粧品,受入,kg,248.0,2021
2021,2,ひげそり用・浴用化粧品,受入,kg,1446.0,2021
2021,3,ひげそり用・浴用化粧品,受入,kg,842.0,2021
2021,4,ひげそり用・浴用化粧品,受入,kg,1114.0,2021
2021,5,ひげそり用・浴用化粧品,受入,kg,20715.0,2021
2021,6,ひげそり用・浴用化粧品,受入,kg,34692.0,2021
2021,7,ひげそり用・浴用化粧品,受入,kg,1173.0,2021
2021,8,ひげそり用・浴用化粧品,受入,kg,1065.0,2021
2021,9,ひげそり用・浴用化粧品,受入,kg,1600.0,2021
2021,10,ひげそり用・浴用化粧品,受入,kg,1293.0,2021
2021,11,ひげそり用・浴用化粧品,受入,kg,20919.0,2021
2021,12,ひげそり用・浴用化粧品,受入,kg,19081.0,2021
2022,0,ひげそり用・浴用化粧品,受入,kg,93702.0,2023
2022,1,ひげそり用・浴用化粧品,受入,kg,346.0,2022
2022,2,ひげそり用・浴用化粧品,受入,kg,802.0,2022
2022,3,ひげそり用・浴用化粧品,受入,kg,22764.0,2022
2022,4,ひげそり用・浴用化粧品,受入,kg,1089.0,2022
2022,5,ひげそり用・浴用化粧品,受入,kg,1006.0,2022
2022,6,ひげそり用・浴用化粧品,受入,kg,25454.0,2022
2022,7,ひげそり用・浴用化粧品,受入,kg,821.0,2022
2022,8,ひげそり用・浴用化粧品,受入,kg,19609.0,2022
2022,9,ひげそり用・浴用化粧品,受入,kg,1299.0,2022
2022,10,ひげそり用・浴用化粧品,受入,kg,20226.0,2022
2022,11,ひげそり用・浴用化粧品,受入,kg,127.0,2022
2022,12,ひげそり用・浴用化粧品,受入,kg,159.0,2022
2023,0,ひげそり用・浴用化粧品,受入,kg,162269.0,2023
2023,1,ひげそり用・浴用化粧品,受入,kg,97.0,2023
2023,2,ひげそり用・浴用化粧品,受入,kg,1851.0,2023
2023,3,ひげそり用・浴用化粧品,受入,kg,1031.0,2023
2023,4,ひげそり用・浴用化粧品,受入,kg,181.0,2023
2023,5,ひげそり用・浴用化粧品,受入,kg,17600.0,2023
2023,6,ひげそり用・浴用化粧品,受入,kg,856.0,2023
2023,7,ひげそり用・浴用化粧品,受入,kg,763.0,2023
2023,8,ひげそり用・浴用化粧品,受入,kg,24924.0,2023
2023,9,ひげそり用・浴用化粧品,受入,kg,16920.0,2023
2023,10,ひげそり用・浴用化粧品,受入,kg,60969.0,2023
2023,11,ひげそり用・浴用化粧品,受入,kg,35566.0,2023
2023,12,ひげそり用・浴用化粧品,受入,kg,1511.0,2023
2024,1,ひげそり用・浴用化粧品,受入,kg,1034.0,2024
2024,2,ひげそり用・浴用化粧品,受入,kg,177.0,2024
2024,3,ひげそり用・浴用化粧品,受入,kg,966.0,2024
2024,4,ひげそり用・浴用化粧品,受入,kg,1151.0,2024
2024,5,ひげそり用・浴用化粧品,受入,kg,1459.0,2024
2024,6,ひげそり用・浴用化粧品,受入,kg,1191.0,2024
2024,7,ひげそり用・浴用化粧品,受入,kg,403.0,2024
2024,8,ひげそり用・浴用化粧品,受入,kg,805.0,2024
2024,9,ひげそり用・浴用化粧品,受入,kg,583.0,2024
2024,10,ひげそり用・浴用化粧品,受入,kg,314.0,2024
2024,11,ひげそり用・浴用化粧品,受入,kg,357.0,2024
2024,12,ひげそり用・浴用化粧品,受入,kg,244.0,2024
2015,0,ひげそり用・浴用化粧品,月末在庫,kg,697994.0,2019
2016,0,ひげそり用・浴用化粧品,月末在庫,kg,930306.0,2020
2017,0,ひげそり用・浴用化粧品,月末在庫,kg,1071583.0,2021
2018,0,ひげそり用・浴用化粧品,月末在庫,kg,943626.0,2022
2019,0,ひげそり用・浴用化粧品,月末在庫,kg,1478512.0,2023
2019,1,ひげそり用・浴用化粧品,月末在庫,kg,1557085.0,2019
2019,2,ひげそり用・浴用化粧品,月末在庫,kg,1615710.0,2019
2019,3,ひげそり用・浴用化粧品,月末在庫,kg,1518773.0,2019
2019,4,ひげそり用・浴用化粧品,月末在庫,kg,1371700.0,2019
2019,5,ひげそり用・浴用化粧品,月末在庫,kg,1464183.0,2019
2019,6,ひげそり用・浴用化粧品,月末在庫,kg,1324433.0,2019
2019,7,ひげそり用・浴用化粧品,月末在庫,kg,1767320.0,2019
2019,8,ひげそり用・浴用化粧品,月末在庫,kg,1958636.0,2019
2019,9,ひげそり用・浴用化粧品,月末在庫,kg,1841676.0,2019
2019,10,ひげそり用・浴用化粧品,月末在庫,kg,1916003.0,2019
2019,11,ひげそり用・浴用化粧品,月末在庫,kg,1918925.0,2019
2019,12,ひげそり用・浴用化粧品,月末在庫,kg,1478512.0,2019
2020,0,ひげそり用・浴用化粧品,月末在庫,kg,1103027.0,2023
2020,1,ひげそり用・浴用化粧品,月末在庫,kg,1512446.0,2020
2020,2,ひげそり用・浴用化粧品,月末在庫,kg,1528778.0,2020
2020,3,ひげそり用・浴用化粧品,月末在庫,kg,1525125.0,2020
2020,4,ひげそり用・浴用化粧品,月末在庫,kg,1373515.0,2020
2020,5,ひげそり用・浴用化粧品,月末在庫,kg,1378606.0,2020
2020,6,ひげそり用・浴用化粧品,月末在庫,kg,1390646.0,2020
2020,7,ひげそり用・浴用化粧品,月末在庫,kg,1388945.0,2020
2020,8,ひげそり用・浴用化粧品,月末在庫,kg,1593815.0,2020
2020,9,ひげそり用・浴用化粧品,月末在庫,kg,1426734.0,2020
2020,10,ひげそり用・浴用化粧品,月末在庫,kg,1425936.0,2020
2020,11,ひげそり用・浴用化粧品,月末在庫,kg,1356444.0,2020
2020,12,ひげそり用・浴用化粧品,月末在庫,kg,1097453.0,2020
2021,0,ひげそり用・浴用化粧品,月末在庫,kg,1306163.0,2023
2021,1,ひげそり用・浴用化粧品,月末在庫,kg,1123091.0,2021
2021,2,ひげそり用・浴用化粧品,月末在庫,kg,1075688.0,2021
2021,3,ひげそり用・浴用化粧品,月末在庫,kg,1187524.0,2021
2021,4,ひげそり用・浴用化粧品,月末在庫,kg,1162931.0,2021
2021,5,ひげそり用・浴用化粧品,月末在庫,kg,1066528.0,2021
2021,6,ひげそり用・浴用化粧品,月末在庫,kg,1175767.0,2021
2021,7,ひげそり用・浴用化粧品,月末在庫,kg,1446639.0,2021
2021,8,ひげそり用・浴用化粧品,月末在庫,kg,1626097.0,2021
2021,9,ひげそり用・浴用化粧品,月末在庫,kg,1599159.0,2021
2021,10,ひげそり用・浴用化粧品,月末在庫,kg,1650541.0,2021
2021,11,ひげそり用・浴用化粧品,月末在庫,kg,1579333.0,2021
2021,12,ひげそり用・浴用化粧品,月末在庫,kg,1296194.0,2021
2022,0,ひげそり用・浴用化粧品,月末在庫,kg,1446925.0,2023
2022,1,ひげそり用・浴用化粧品,月末在庫,kg,1306472.0,2022
2022,2,ひげそり用・浴用化粧品,月末在庫,kg,1234070.0,2022
2022,3,ひげそり用・浴用化粧品,月末在庫,kg,1285637.0,2022
2022,4,ひげそり用・浴用化粧品,月末在庫,kg,1327393.0,2022
2022,5,ひげそり用・浴用化粧品,月末在庫,kg,1170263.0,2022
2022,6,ひげそり用・浴用化粧品,月末在庫,kg,1195131.0,2022
2022,7,ひげそり用・浴用化粧品,月末在庫,kg,1271934.0,2022
2022,8,ひげそり用・浴用化粧品,月末在庫,kg,1278274.0,2022
2022,9,ひげそり用・浴用化粧品,月末在庫,kg,1460572.0,2022
2022,10,ひげそり用・浴用化粧品,月末在庫,kg,1583229.0,2022
2022,11,ひげそり用・浴用化粧品,月末在庫,kg,1692845.0,2022
2022,12,ひげそり用・浴用化粧品,月末在庫,kg,1446925.0,2022
2023,0,ひげそり用・浴用化粧品,月末在庫,kg,1345880.0,2023
2023,1,ひげそり用・浴用化粧品,月末在庫,kg,1622648.0,2023
2023,2,ひげそり用・浴用化粧品,月末在庫,kg,1630646.0,2023
2023,3,ひげそり用・浴用化粧品,月末在庫,kg,1635747.0,2023
2023,4,ひげそり用・浴用化粧品,月末在庫,kg,1582671.0,2023
2023,5,ひげそり用・浴用化粧品,月末在庫,kg,1462977.0,2023
2023,6,ひげそり用・浴用化粧品,月末在庫,kg,1329864.0,2023
2023,7,ひげそり用・浴用化粧品,月末在庫,kg,1670191.0,2023
2023,8,ひげそり用・浴用化粧品,月末在庫,kg,1798121.0,2023
2023,9,ひげそり用・浴用化粧品,月末在庫,kg,1668186.0,2023
2023,10,ひげそり用・浴用化粧品,月末在庫,kg,1821230.0,2023
2023,11,ひげそり用・浴用化粧品,月末在庫,kg,1722777.0,2023
2023,12,ひげそり用・浴用化粧品,月末在庫,kg,1345880.0,2023
2024,1,ひげそり用・浴用化粧品,月末在庫,kg,1484021.0,2024
2024,2,ひげそり用・浴用化粧品,月末在庫,kg,1458262.0,2024
2024,3,ひげそり用・浴用化粧品,月末在庫,kg,1523993.0,2024
2024,4,ひげそり用・浴用化粧品,月末在庫,kg,1538692.0,2024
2024,5,ひげそり用・浴用化粧品,月末在庫,kg,1627373.0,2024
2024,6,ひげそり用・浴用化粧品,月末在庫,kg,1837086.0,2024
2024,7,ひげそり用・浴用化粧品,月末在庫,kg,1912447.0,2024
2024,8,ひげそり用・浴用化粧品,月末在庫,kg,1987569.0,2024
2024,9,ひげそり用・浴用化粧品,月末在庫,kg,1869772.0,2024
2024,10,ひげそり用・浴用化粧品,月末在庫,kg,1909583.0,2024
2024,11,ひげそり用・浴用化粧品,月末在庫,kg,1698666.0,2024
2024,12,ひげそり用・浴用化粧品,月末在庫,kg,1255351.0,2024
2015,0,ひげそり用・浴用化粧品,生産,kg,8066184.0,2019
2016,0,ひげそり用・浴用化粧品,生産,kg,9785131.0,2020
2017,0,ひげそり用・浴用化粧品,生産,kg,10180604.0,2021
2018,0,ひげそり用・浴用化粧品,生産,kg,9077531.0,2022
2019,0,ひげそり用・浴用化粧品,生産,kg,12219001.0,2023
2019,1,ひげそり用・浴用化粧品,生産,kg,960022.0,2019
2019,2,ひげそり用・浴用化粧品,生産,kg,724439.0,2019
2019,3,ひげそり用・浴用化粧品,生産,kg,767773.0,2019
2019,4,ひげそり用・浴用化粧品,生産,kg,1069977.0,2019
2019,5,ひげそり用・浴用化粧品,生産,kg,913478.0,2019
2019,6,ひげそり用・浴用化粧品,生産,kg,862772.0,2019
2019,7,ひげそり用・浴用化粧品,生産,kg,1371965.0,2019
2019,8,ひげそり用・浴用化粧品,生産,kg,1134627.0,2019
2019,9,ひげそり用・浴用化粧品,生産,kg,1414327.0,2019
2019,10,ひげそり用・浴用化粧品,生産,kg,1245208.0,2019
2019,11,ひげそり用・浴用化粧品,生産,kg,952537.0,2019
2019,12,ひげそり用・浴用化粧品,生産,kg,801876.0,2019
2020,0,ひげそり用・浴用化粧品,生産,kg,10471660.0,2023
2020,1,ひげそり用・浴用化粧品,生産,kg,1079806.0,2020
2020,2,ひげそり用・浴用化粧品,生産,kg,734364.0,2020
2020,3,ひげそり用・浴用化粧品,生産,kg,1014166.0,2020
2020,4,ひげそり用・浴用化粧品,生産,kg,817653.0,2020
2020,5,ひげそり用・浴用化粧品,生産,kg,704345.0,2020
2020,6,ひげそり用・浴用化粧品,生産,kg,949188.0,2020
2020,7,ひげそり用・浴用化粧品,生産,kg,926904.0,2020
2020,8,ひげそり用・浴用化粧品,生産,kg,1044624.0,2020
2020,9,ひげそり用・浴用化粧品,生産,kg,812301.0,2020
2020,10,ひげそり用・浴用化粧品,生産,kg,815825.0,2020
2020,11,ひげそり用・浴用化粧品,生産,kg,836840.0,2020
2020,12,ひげそり用・浴用化粧品,生産,kg,718148.0,2020
2021,0,ひげそり用・浴用化粧品,生産,kg,9927810.0,2023
2021,1,ひげそり用・浴用化粧品,生産,kg,771853.0,2021
2021,2,ひげそり用・浴用化粧品,生産,kg,702622.0,2021
2021,3,ひげそり用・浴用化粧品,生産,kg,867775.0,2021
2021,4,ひげそり用・浴用化粧品,生産,kg,876030.0,2021
2021,5,ひげそり用・浴用化粧品,生産,kg,576982.0,2021
2021,6,ひげそり用・浴用化粧品,生産,kg,768866.0,2021
2021,7,ひげそり用・浴用化粧品,生産,kg,1038760.0,2021
2021,8,ひげそり用・浴用化粧品,生産,kg,811959.0,2021
2021,9,ひげそり用・浴用化粧品,生産,kg,908875.0,2021
2021,10,ひげそり用・浴用化粧品,生産,kg,925469.0,2021
2021,11,ひげそり用・浴用化粧品,生産,kg,904101.0,2021
2021,12,ひげそり用・浴用化粧品,生産,kg,752625.0,2021
2022,0,ひげそり用・浴用化粧品,生産,kg,11907399.0,2023
2022,1,ひげそり用・浴用化粧品,生産,kg,919550.0,2022
2022,2,ひげそり用・浴用化粧品,生産,kg,878188.0,2022
2022,3,ひげそり用・浴用化粧品,生産,kg,961503.0,2022
2022,4,ひげそり用・浴用化粧品,生産,kg,1171225.0,2022
2022,5,ひげそり用・浴用化粧品,生産,kg,797945.0,2022
2022,6,ひげそり用・浴用化粧品,生産,kg,774899.0,2022
2022,7,ひげそり用・浴用化粧品,生産,kg,1120867.0,2022
2022,8,ひげそり用・浴用化粧品,生産,kg,818602.0,2022
2022,9,ひげそり用・浴用化粧品,生産,kg,1140881.0,2022
2022,10,ひげそり用・浴用化粧品,生産,kg,1198963.0,2022
2022,11,ひげそり用・浴用化粧品,生産,kg,1150156.0,2022
2022,12,ひげそり用・浴用化粧品,生産,kg,974620.0,2022
2023,0,ひげそり用・浴用化粧品,生産,kg,13144240.0,2023
2023,1,ひげそり用・浴用化粧品,生産,kg,1146660.0,2023
2023,2,ひげそり用・浴用化粧品,生産,kg,860370.0,2023
2023,3,ひげそり用・浴用化粧品,生産,kg,1062111.0,2023
2023,4,ひげそり用・浴用化粧品,生産,kg,1324351.0,2023
2023,5,ひげそり用・浴用化粧品,生産,kg,801899.0,2023
2023,6,ひげそり用・浴用化粧品,生産,kg,1022876.0,2023
2023,7,ひげそり用・浴用化粧品,生産,kg,1414998.0,2023
2023,8,ひげそり用・浴用化粧品,生産,kg,1152187.0,2023
2023,9,ひげそり用・浴用化粧品,生産,kg,1063453.0,2023
2023,10,ひげそり用・浴用化粧品,生産,kg,1200886.0,2023
2023,11,ひげそり用・浴用化粧品,生産,kg,1054734.0,2023
2023,12,ひげそり用・浴用化粧品,生産,kg,1039715.0,2023
2024,1,ひげそり用・浴用化粧品,生産,kg,1137661.0,2024
2024,2,ひげそり用・浴用化粧品,生産,kg,1058754.0,2024
2024,3,ひげそり用・浴用化粧品,生産,kg,1138024.0,2024
2024,4,ひげそり用・浴用化粧品,生産,kg,1085863.0,2024
2024,5,ひげそり用・浴用化粧品,生産,kg,1052824.0,2024
2024,6,ひげそり用・浴用化粧品,生産,kg,1052666.0,2024
2024,7,ひげそり用・浴用化粧品,生産,kg,1121600.0,2024
2024,8,ひげそり用・浴用化粧品,生産,kg,1090786.0,2024
2024,9,ひげそり用・浴用化粧品,生産,kg,1259404.0,2024
2024,10,ひげそり用・浴用化粧品,生産,kg,1348418.0,2024
2024,11,ひげそり用・浴用化粧品,生産,kg,989709.0,2024
2024,12,ひげそり用・浴用化粧品,生産,kg,612600.0,2024
2015,0,ひげそり用・浴用化粧品,販売個数,十個,3577246.0,2019
2016,0,ひげそり用・浴用化粧品,販売個数,十個,3702321.0,2020
2017,0,ひげそり用・浴用化粧品,販売個数,十個,3727811.0,2021
2018,0,ひげそり用・浴用化粧品,販売個数,十個,3878874.0,2022
2019,0,ひげそり用・浴用化粧品,販売個数,十個,4118510.0,2023
2019,1,ひげそり用・浴用化粧品,販売個数,十個,283914.0,2019
2019,2,ひげそり用・浴用化粧品,販売個数,十個,287517.0,2019
2019,3,ひげそり用・浴用化粧品,販売個数,十個,375697.0,2019
2019,4,ひげそり用・浴用化粧品,販売個数,十個,400165.0,2019
2019,5,ひげそり用・浴用化粧品,販売個数,十個,244659.0,2019
2019,6,ひげそり用・浴用化粧品,販売個数,十個,350051.0,2019
2019,7,ひげそり用・浴用化粧品,販売個数,十個,385859.0,2019
2019,8,ひげそり用・浴用化粧品,販売個数,十個,294942.0,2019
2019,9,ひげそり用・浴用化粧品,販売個数,十個,444958.0,2019
2019,10,ひげそり用・浴用化粧品,販売個数,十個,375245.0,2019
2019,11,ひげそり用・浴用化粧品,販売個数,十個,331675.0,2019
2019,12,ひげそり用・浴用化粧品,販売個数,十個,343828.0,2019
2020,0,ひげそり用・浴用化粧品,販売個数,十個,3445059.0,2023
2020,1,ひげそり用・浴用化粧品,販売個数,十個,247632.0,2020
2020,2,ひげそり用・浴用化粧品,販売個数,十個,267108.0,2020
2020,3,ひげそり用・浴用化粧品,販売個数,十個,310414.0,2020
2020,4,ひげそり用・浴用化粧品,販売個数,十個,276762.0,2020
2020,5,ひげそり用・浴用化粧品,販売個数,十個,207869.0,2020
2020,6,ひげそり用・浴用化粧品,販売個数,十個,267761.0,2020
2020,7,ひげそり用・浴用化粧品,販売個数,十個,330366.0,2020
2020,8,ひげそり用・浴用化粧品,販売個数,十個,278510.0,2020
2020,9,ひげそり用・浴用化粧品,販売個数,十個,316042.0,2020
2020,10,ひげそり用・浴用化粧品,販売個数,十個,286924.0,2020
2020,11,ひげそり用・浴用化粧品,販売個数,十個,302613.0,2020
2020,12,ひげそり用・浴用化粧品,販売個数,十個,348039.0,2020
2021,0,ひげそり用・浴用化粧品,販売個数,十個,3476506.0,2023
2021,1,ひげそり用・浴用化粧品,販売個数,十個,256360.0,2021
2021,2,ひげそり用・浴用化粧品,販売個数,十個,233873.0,2021
2021,3,ひげそり用・浴用化粧品,販売個数,十個,284873.0,2021
2021,4,ひげそり用・浴用化粧品,販売個数,十個,300637.0,2021
2021,5,ひげそり用・浴用化粧品,販売個数,十個,241730.0,2021
2021,6,ひげそり用・浴用化粧品,販売個数,十個,278168.0,2021
2021,7,ひげそり用・浴用化粧品,販売個数,十個,300963.0,2021
2021,8,ひげそり用・浴用化粧品,販売個数,十個,248894.0,2021
2021,9,ひげそり用・浴用化粧品,販売個数,十個,330039.0,2021
2021,10,ひげそり用・浴用化粧品,販売個数,十個,313823.0,2021
2021,11,ひげそり用・浴用化粧品,販売個数,十個,344460.0,2021
2021,12,ひげそり用・浴用化粧品,販売個数,十個,336201.0,2021
2022,0,ひげそり用・浴用化粧品,販売個数,十個,3920667.0,2023
2022,1,ひげそり用・浴用化粧品,販売個数,十個,280812.0,2022
2022,2,ひげそり用・浴用化粧品,販売個数,十個,278240.0,2022
2022,3,ひげそり用・浴用化粧品,販売個数,十個,340922.0,2022
2022,4,ひげそり用・浴用化粧品,販売個数,十個,353674.0,2022
2022,5,ひげそり用・浴用化粧品,販売個数,十個,259148.0,2022
2022,6,ひげそり用・浴用化粧品,販売個数,十個,316318.0,2022
2022,7,ひげそり用・浴用化粧品,販売個数,十個,319561.0,2022
2022,8,ひげそり用・浴用化粧品,販売個数,十個,312845.0,2022
2022,9,ひげそり用・浴用化粧品,販売個数,十個,362146.0,2022
2022,10,ひげそり用・浴用化粧品,販売個数,十個,321675.0,2022
2022,11,ひげそり用・浴用化粧品,販売個数,十個,357374.0,2022
2022,12,ひげそり用・浴用化粧品,販売個数,十個,417952.0,2022
2023,0,ひげそり用・浴用化粧品,販売個数,十個,4098853.0,2023
2023,1,ひげそり用・浴用化粧品,販売個数,十個,333643.0,2023
2023,2,ひげそり用・浴用化粧品,販売個数,十個,286258.0,2023
2023,3,ひげそり用・浴用化粧品,販売個数,十個,339024.0,2023
2023,4,ひげそり用・浴用化粧品,販売個数,十個,346033.0,2023
2023,5,ひげそり用・浴用化粧品,販売個数,十個,268379.0,2023
2023,6,ひげそり用・浴用化粧品,販売個数,十個,312090.0,2023
2023,7,ひげそり用・浴用化粧品,販売個数,十個,330110.0,2023
2023,8,ひげそり用・浴用化粧品,販売個数,十個,302912.0,2023
2023,9,ひげそり用・浴用化粧品,販売個数,十個,340856.0,2023
2023,10,ひげそり用・浴用化粧品,販売個数,十個,433805.0,2023
2023,11,ひげそり用・浴用化粧品,販売個数,十個,377585.0,2023
2023,12,ひげそり用・浴用化粧品,販売個数,十個,428158.0,2023
2024,1,ひげそり用・浴用化粧品,販売個数,十個,274075.0,2024
2024,2,ひげそり用・浴用化粧品,販売個数,十個,299515.0,2024
2024,3,ひげそり用・浴用化粧品,販売個数,十個,294472.0,2024
2024,4,ひげそり用・浴用化粧品,販売個数,十個,292009.0,2024
2024,5,ひげそり用・浴用化粧品,販売個数,十個,287340.0,2024
2024,6,ひげそり用・浴用化粧品,販売個数,十個,265067.0,2024
2024,7,ひげそり用・浴用化粧品,販売個数,十個,356516.0,2024
2024,8,ひげそり用・浴用化粧品,販売個数,十個,329392.0,2024
2024,9,ひげそり用・浴用化粧品,販売個数,十個,396033.0,2024
2024,10,ひげそり用・浴用化粧品,販売個数,十個,370535.0,2024
2024,11,ひげそり用・浴用化粧品,販売個数,十個,451379.0,2024
2024,12,ひげそり用・浴用化粧品,販売個数,十個,427875.0,2024
2015,0,ひげそり用・浴用化粧品,販売数量,kg,8141054.0,2019
2016,0,ひげそり用・浴用化粧品,販売数量,kg,9635205.0,2020
2017,0,ひげそり用・浴用化粧品,販売数量,kg,10082397.0,2021
2018,0,ひげそり用・浴用化粧品,販売数量,kg,9266614.0,2022
2019,0,ひげそり用・浴用化粧品,販売数量,kg,11995117.0,2023
2019,1,ひげそり用・浴用化粧品,販売数量,kg,886105.0,2019
2019,2,ひげそり用・浴用化粧品,販売数量,kg,677823.0,2019
2019,3,ひげそり用・浴用化粧品,販売数量,kg,838014.0,2019
2019,4,ひげそり用・浴用化粧品,販売数量,kg,1206577.0,2019
2019,5,ひげそり用・浴用化粧品,販売数量,kg,818535.0,2019
2019,6,ひげそり用・浴用化粧品,販売数量,kg,978747.0,2019
2019,7,ひげそり用・浴用化粧品,販売数量,kg,909611.0,2019
2019,8,ひげそり用・浴用化粧品,販売数量,kg,941018.0,2019
2019,9,ひげそり用・浴用化粧品,販売数量,kg,1504612.0,2019
2019,10,ひげそり用・浴用化粧品,販売数量,kg,1159437.0,2019
2019,11,ひげそり用・浴用化粧品,販売数量,kg,944642.0,2019
2019,12,ひげそり用・浴用化粧品,販売数量,kg,1129996.0,2019
2020,0,ひげそり用・浴用化粧品,販売数量,kg,10779883.0,2023
2020,1,ひげそり用・浴用化粧品,販売数量,kg,1029601.0,2020
2020,2,ひげそり用・浴用化粧品,販売数量,kg,705794.0,2020
2020,3,ひげそり用・浴用化粧品,販売数量,kg,996964.0,2020
2020,4,ひげそり用・浴用化粧品,販売数量,kg,956980.0,2020
2020,5,ひげそり用・浴用化粧品,販売数量,kg,731481.0,2020
2020,6,ひげそり用・浴用化粧品,販売数量,kg,952360.0,2020
2020,7,ひげそり用・浴用化粧品,販売数量,kg,918118.0,2020
2020,8,ひげそり用・浴用化粧品,販売数量,kg,828343.0,2020
2020,9,ひげそり用・浴用化粧品,販売数量,kg,964143.0,2020
2020,10,ひげそり用・浴用化粧品,販売数量,kg,799304.0,2020
2020,11,ひげそり用・浴用化粧品,販売数量,kg,889992.0,2020
2020,12,ひげそり用・浴用化粧品,販売数量,kg,989065.0,2020
2021,0,ひげそり用・浴用化粧品,販売数量,kg,9621385.0,2023
2021,1,ひげそり用・浴用化粧品,販売数量,kg,735716.0,2021
2021,2,ひげそり用・浴用化粧品,販売数量,kg,677311.0,2021
2021,3,ひげそり用・浴用化粧品,販売数量,kg,746567.0,2021
2021,4,ひげそり用・浴用化粧品,販売数量,kg,883297.0,2021
2021,5,ひげそり用・浴用化粧品,販売数量,kg,684454.0,2021
2021,6,ひげそり用・浴用化粧品,販売数量,kg,686618.0,2021
2021,7,ひげそり用・浴用化粧品,販売数量,kg,759382.0,2021
2021,8,ひげそり用・浴用化粧品,販売数量,kg,623376.0,2021
2021,9,ひげそり用・浴用化粧品,販売数量,kg,923891.0,2021
2021,10,ひげそり用・浴用化粧品,販売数量,kg,866307.0,2021
2021,11,ひげそり用・浴用化粧品,販売数量,kg,977710.0,2021
2021,12,ひげそり用・浴用化粧品,販売数量,kg,1033726.0,2021
2022,0,ひげそり用・浴用化粧品,販売数量,kg,11709941.0,2023
2022,1,ひげそり用・浴用化粧品,販売数量,kg,913472.0,2022
2022,2,ひげそり用・浴用化粧品,販売数量,kg,941364.0,2022
2022,3,ひげそり用・浴用化粧品,販売数量,kg,921095.0,2022
2022,4,ひげそり用・浴用化粧品,販売数量,kg,1113598.0,2022
2022,5,ひげそり用・浴用化粧品,販売数量,kg,942661.0,2022
2022,6,ひげそり用・浴用化粧品,販売数量,kg,754965.0,2022
2022,7,ひげそり用・浴用化粧品,販売数量,kg,1036469.0,2022
2022,8,ひげそり用・浴用化粧品,販売数量,kg,823115.0,2022
2022,9,ひげそり用・浴用化粧品,販売数量,kg,941319.0,2022
2022,10,ひげそり用・浴用化粧品,販売数量,kg,1082253.0,2022
2022,11,ひげそり用・浴用化粧品,販売数量,kg,1029384.0,2022
2022,12,ひげそり用・浴用化粧品,販売数量,kg,1210246.0,2022
2023,0,ひげそり用・浴用化粧品,販売数量,kg,13270493.0,2023
2023,1,ひげそり用・浴用化粧品,販売数量,kg,964008.0,2023
2023,2,ひげそり用・浴用化粧品,販売数量,kg,844691.0,2023
2023,3,ひげそり用・浴用化粧品,販売数量,kg,1043106.0,2023
2023,4,ひげそり用・浴用化粧品,販売数量,kg,1368213.0,2023
2023,5,ひげそり用・浴用化粧品,販売数量,kg,928447.0,2023
2023,6,ひげそり用・浴用化粧品,販売数量,kg,1145070.0,2023
2023,7,ひげそり用・浴用化粧品,販売数量,kg,1058864.0,2023
2023,8,ひげそり用・浴用化粧品,販売数量,kg,1036786.0,2023
2023,9,ひげそり用・浴用化粧品,販売数量,kg,1208429.0,2023
2023,10,ひげそり用・浴用化粧品,販売数量,kg,1097958.0,2023
2023,11,ひげそり用・浴用化粧品,販売数量,kg,1170625.0,2023
2023,12,ひげそり用・浴用化粧品,販売数量,kg,1404296.0,2023
2024,1,ひげそり用・浴用化粧品,販売数量,kg,989075.0,2024
2024,2,ひげそり用・浴用化粧品,販売数量,kg,1077876.0,2024
2024,3,ひげそり用・浴用化粧品,販売数量,kg,1069165.0,2024
2024,4,ひげそり用・浴用化粧品,販売数量,kg,1059081.0,2024
2024,5,ひげそり用・浴用化粧品,販売数量,kg,954345.0,2024
2024,6,ひげそり用・浴用化粧品,販売数量,kg,832520.0,2024
2024,7,ひげそり用・浴用化粧品,販売数量,kg,1037004.0,2024
2024,8,ひげそり用・浴用化粧品,販売数量,kg,1002397.0,2024
2024,9,ひげそり用・浴用化粧品,販売数量,kg,1354566.0,2024
2024,10,ひげそり用・浴用化粧品,販売数量,kg,1300145.0,2024
2024,11,ひげそり用・浴用化粧品,販売数量,kg,1187356.0,2024
2024,12,ひげそり用・浴用化粧品,販売数量,kg,1054426.0,2024
2015,0,ひげそり用・浴用化粧品,販売金額,千円,8222303.0,2019
2016,0,ひげそり用・浴用化粧品,販売金額,千円,9068411.0,2020
2017,0,ひげそり用・浴用化粧品,販売金額,千円,8918729.0,2021
2018,0,ひげそり用・浴用化粧品,販売金額,千円,9017485.0,2022
2019,0,ひげそり用・浴用化粧品,販売金額,千円,11196145.0,2023
2019,1,ひげそり用・浴用化粧品,販売金額,千円,755808.0,2019
2019,2,ひげそり用・浴用化粧品,販売金額,千円,670189.0,2019
2019,3,ひげそり用・浴用化粧品,販売金額,千円,853709.0,2019
2019,4,ひげそり用・浴用化粧品,販売金額,千円,998900.0,2019
2019,5,ひげそり用・浴用化粧品,販売金額,千円,821155.0,2019
2019,6,ひげそり用・浴用化粧品,販売金額,千円,887737.0,2019
2019,7,ひげそり用・浴用化粧品,販売金額,千円,870787.0,2019
2019,8,ひげそり用・浴用化粧品,販売金額,千円,854967.0,2019
2019,9,ひげそり用・浴用化粧品,販売金額,千円,1292562.0,2019
2019,10,ひげそり用・浴用化粧品,販売金額,千円,1149109.0,2019
2019,11,ひげそり用・浴用化粧品,販売金額,千円,948586.0,2019
2019,12,ひげそり用・浴用化粧品,販売金額,千円,1092636.0,2019
2020,0,ひげそり用・浴用化粧品,販売金額,千円,10068030.0,2023
2020,1,ひげそり用・浴用化粧品,販売金額,千円,804449.0,2020
2020,2,ひげそり用・浴用化粧品,販売金額,千円,695884.0,2020
2020,3,ひげそり用・浴用化粧品,販売金額,千円,898842.0,2020
2020,4,ひげそり用・浴用化粧品,販売金額,千円,872063.0,2020
2020,5,ひげそり用・浴用化粧品,販売金額,千円,641198.0,2020
2020,6,ひげそり用・浴用化粧品,販売金額,千円,827410.0,2020
2020,7,ひげそり用・浴用化粧品,販売金額,千円,860535.0,2020
2020,8,ひげそり用・浴用化粧品,販売金額,千円,789009.0,2020
2020,9,ひげそり用・浴用化粧品,販売金額,千円,942414.0,2020
2020,10,ひげそり用・浴用化粧品,販売金額,千円,836745.0,2020
2020,11,ひげそり用・浴用化粧品,販売金額,千円,867359.0,2020
2020,12,ひげそり用・浴用化粧品,販売金額,千円,998511.0,2020
2021,0,ひげそり用・浴用化粧品,販売金額,千円,9850498.0,2023
2021,1,ひげそり用・浴用化粧品,販売金額,千円,745260.0,2021
2021,2,ひげそり用・浴用化粧品,販売金額,千円,695386.0,2021
2021,3,ひげそり用・浴用化粧品,販売金額,千円,817520.0,2021
2021,4,ひげそり用・浴用化粧品,販売金額,千円,824423.0,2021
2021,5,ひげそり用・浴用化粧品,販売金額,千円,678750.0,2021
2021,6,ひげそり用・浴用化粧品,販売金額,千円,694313.0,2021
2021,7,ひげそり用・浴用化粧品,販売金額,千円,720541.0,2021
2021,8,ひげそり用・浴用化粧品,販売金額,千円,694096.0,2021
2021,9,ひげそり用・浴用化粧品,販売金額,千円,962652.0,2021
2021,10,ひげそり用・浴用化粧品,販売金額,千円,977745.0,2021
2021,11,ひげそり用・浴用化粧品,販売金額,千円,983540.0,2021
2021,12,ひげそり用・浴用化粧品,販売金額,千円,1012980.0,2021
2022,0,ひげそり用・浴用化粧品,販売金額,千円,10658645.0,2023
2022,1,ひげそり用・浴用化粧品,販売金額,千円,797798.0,2022
2022,2,ひげそり用・浴用化粧品,販売金額,千円,739778.0,2022
2022,3,ひげそり用・浴用化粧品,販売金額,千円,831330.0,2022
2022,4,ひげそり用・浴用化粧品,販売金額,千円,916499.0,2022
2022,5,ひげそり用・浴用化粧品,販売金額,千円,724120.0,2022
2022,6,ひげそり用・浴用化粧品,販売金額,千円,791199.0,2022
2022,7,ひげそり用・浴用化粧品,販売金額,千円,923301.0,2022
2022,8,ひげそり用・浴用化粧品,販売金額,千円,816821.0,2022
2022,9,ひげそり用・浴用化粧品,販売金額,千円,954188.0,2022
2022,10,ひげそり用・浴用化粧品,販売金額,千円,926714.0,2022
2022,11,ひげそり用・浴用化粧品,販売金額,千円,1060194.0,2022
2022,12,ひげそり用・浴用化粧品,販売金額,千円,1176703.0,2022
2023,0,ひげそり用・浴用化粧品,販売金額,千円,11854243.0,2023
2023,1,ひげそり用・浴用化粧品,販売金額,千円,828880.0,2023
2023,2,ひげそり用・浴用化粧品,販売金額,千円,780130.0,2023
2023,3,ひげそり用・浴用化粧品,販売金額,千円,892976.0,2023
2023,4,ひげそり用・浴用化粧品,販売金額,千円,999577.0,2023
2023,5,ひげそり用・浴用化粧品,販売金額,千円,720600.0,2023
2023,6,ひげそり用・浴用化粧品,販売金額,千円,858944.0,2023
2023,7,ひげそり用・浴用化粧品,販売金額,千円,1018587.0,2023
2023,8,ひげそり用・浴用化粧品,販売金額,千円,876980.0,2023
2023,9,ひげそり用・浴用化粧品,販売金額,千円,1051545.0,2023
2023,10,ひげそり用・浴用化粧品,販売金額,千円,1095655.0,2023
2023,11,ひげそり用・浴用化粧品,販売金額,千円,1164316.0,2023
2023,12,ひげそり用・浴用化粧品,販売金額,千円,1566053.0,2023
2024,1,ひげそり用・浴用化粧品,販売金額,千円,828605.0,2024
2024,2,ひげそり用・浴用化粧品,販売金額,千円,859503.0,2024
2024,3,ひげそり用・浴用化粧品,販売金額,千円,930780.0,2024
2024,4,ひげそり用・浴用化粧品,販売金額,千円,661893.0,2024
2024,5,ひげそり用・浴用化粧品,販売金額,千円,953260.0,2024
2024,6,ひげそり用・浴用化粧品,販売金額,千円,849822.0,2024
2024,7,ひげそり用・浴用化粧品,販売金額,千円,1031306.0,2024
2024,8,ひげそり用・浴用化粧品,販売金額,千円,951169.0,2024
2024,9,ひげそり用・浴用化粧品,販売金額,千円,1248126.0,2024
2024,10,ひげそり用・浴用化粧品,販売金額,千円,1218500.0,2024
2024,11,ひげそり用・浴用化粧品,販売金額,千円,1203404.0,2024
2024,12,ひげそり用・浴用化粧品,販売金額,千円,1162657.0,2024
2015,0,ほほ紅,出荷その他,kg,5741.0,2019
2016,0,ほほ紅,出荷その他,kg,4564.0,2020
2017,0,ほほ紅,出荷その他,kg,4468.0,2021
2018,0,ほほ紅,出荷その他,kg,5657.0,2022
2019,0,ほほ紅,出荷その他,kg,2980.0,2023
2019,1,ほほ紅,出荷その他,kg,199.0,2019
2019,2,ほほ紅,出荷その他,kg,212.0,2019
2019,3,ほほ紅,出荷その他,kg,232.0,2019
2019,4,ほほ紅,出荷その他,kg,252.0,2019
2019,5,ほほ紅,出荷その他,kg,187.0,2019
2019,6,ほほ紅,出荷その他,kg,289.0,2019
2019,7,ほほ紅,出荷その他,kg,140.0,2019
2019,8,ほほ紅,出荷その他,kg,166.0,2019
2019,9,ほほ紅,出荷その他,kg,300.0,2019
2019,10,ほほ紅,出荷その他,kg,252.0,2019
2019,11,ほほ紅,出荷その他,kg,377.0,2019
2019,12,ほほ紅,出荷その他,kg,374.0,2019
2020,0,ほほ紅,出荷その他,kg,3172.0,2023
2020,1,ほほ紅,出荷その他,kg,581.0,2020
2020,2,ほほ紅,出荷その他,kg,176.0,2020
2020,3,ほほ紅,出荷その他,kg,300.0,2020
2020,4,ほほ紅,出荷その他,kg,101.0,2020
2020,5,ほほ紅,出荷その他,kg,129.0,2020
2020,6,ほほ紅,出荷その他,kg,226.0,2020
2020,7,ほほ紅,出荷その他,kg,140.0,2020
2020,8,ほほ紅,出荷その他,kg,369.0,2020
2020,9,ほほ紅,出荷その他,kg,603.0,2020
2020,10,ほほ紅,出荷その他,kg,129.0,2020
2020,11,ほほ紅,出荷その他,kg,152.0,2020
2020,12,ほほ紅,出荷その他,kg,266.0,2020
2021,0,ほほ紅,出荷その他,kg,4627.0,2023
2021,1,ほほ紅,出荷その他,kg,225.0,2021
2021,2,ほほ紅,出荷その他,kg,416.0,2021
2021,3,ほほ紅,出荷その他,kg,221.0,2021
2021,4,ほほ紅,出荷その他,kg,628.0,2021
2021,5,ほほ紅,出荷その他,kg,291.0,2021
2021,6,ほほ紅,出荷その他,kg,1216.0,2021
2021,7,ほほ紅,出荷その他,kg,197.0,2021
2021,8,ほほ紅,出荷その他,kg,110.0,2021
2021,9,ほほ紅,出荷その他,kg,345.0,2021
2021,10,ほほ紅,出荷その他,kg,343.0,2021
2021,11,ほほ紅,出荷その他,kg,392.0,2021
2021,12,ほほ紅,出荷その他,kg,243.0,2021
2022,0,ほほ紅,出荷その他,kg,3142.0,2023
2022,1,ほほ紅,出荷その他,kg,201.0,2022
2022,2,ほほ紅,出荷その他,kg,229.0,2022
2022,3,ほほ紅,出荷その他,kg,355.0,2022
2022,4,ほほ紅,出荷その他,kg,176.0,2022
2022,5,ほほ紅,出荷その他,kg,956.0,2022
2022,6,ほほ紅,出荷その他,kg,301.0,2022
2022,7,ほほ紅,出荷その他,kg,182.0,2022
2022,8,ほほ紅,出荷その他,kg,87.0,2022
2022,9,ほほ紅,出荷その他,kg,126.0,2022
2022,10,ほほ紅,出荷その他,kg,114.0,2022
2022,11,ほほ紅,出荷その他,kg,144.0,2022
2022,12,ほほ紅,出荷その他,kg,271.0,2022
2023,0,ほほ紅,出荷その他,kg,1778.0,2023
2023,1,ほほ紅,出荷その他,kg,67.0,2023
2023,2,ほほ紅,出荷その他,kg,82.0,2023
2023,3,ほほ紅,出荷その他,kg,180.0,2023
2023,4,ほほ紅,出荷その他,kg,97.0,2023
2023,5,ほほ紅,出荷その他,kg,110.0,2023
2023,6,ほほ紅,出荷その他,kg,116.0,2023
2023,7,ほほ紅,出荷その他,kg,104.0,2023
2023,8,ほほ紅,出荷その他,kg,85.0,2023
2023,9,ほほ紅,出荷その他,kg,203.0,2023
2023,10,ほほ紅,出荷その他,kg,161.0,2023
2023,11,ほほ紅,出荷その他,kg,355.0,2023
2023,12,ほほ紅,出荷その他,kg,218.0,2023
2024,1,ほほ紅,出荷その他,kg,83.0,2024
2024,2,ほほ紅,出荷その他,kg,94.0,2024
2024,3,ほほ紅,出荷その他,kg,108.0,2024
2024,4,ほほ紅,出荷その他,kg,83.0,2024
2024,5,ほほ紅,出荷その他,kg,74.0,2024
2024,6,ほほ紅,出荷その他,kg,139.0,2024
2024,7,ほほ紅,出荷その他,kg,120.0,2024
2024,8,ほほ紅,出荷その他,kg,96.0,2024
2024,9,ほほ紅,出荷その他,kg,198.0,2024
2024,10,ほほ紅,出荷その他,kg,239.0,2024
2024,11,ほほ紅,出荷その他,kg,82.0,2024
2024,12,ほほ紅,出荷その他,kg,184.0,2024
2015,0,ほほ紅,受入,kg,15917.0,2019
2016,0,ほほ紅,受入,kg,18134.0,2020
2017,0,ほほ紅,受入,kg,17783.0,2021
2018,0,ほほ紅,受入,kg,21927.0,2022
2019,0,ほほ紅,受入,kg,33552.0,2023
2019,1,ほほ紅,受入,kg,2207.0,2019
2019,2,ほほ紅,受入,kg,2522.0,2019
2019,3,ほほ紅,受入,kg,2691.0,2019
2019,4,ほほ紅,受入,kg,2959.0,2019
2019,5,ほほ紅,受入,kg,2926.0,2019
2019,6,ほほ紅,受入,kg,2986.0,2019
2019,7,ほほ紅,受入,kg,2914.0,2019
2019,8,ほほ紅,受入,kg,1792.0,2019
2019,9,ほほ紅,受入,kg,2884.0,2019
2019,10,ほほ紅,受入,kg,3078.0,2019
2019,11,ほほ紅,受入,kg,2913.0,2019
2019,12,ほほ紅,受入,kg,3680.0,2019
2020,0,ほほ紅,受入,kg,41018.0,2023
2020,1,ほほ紅,受入,kg,3622.0,2020
2020,2,ほほ紅,受入,kg,2538.0,2020
2020,3,ほほ紅,受入,kg,2322.0,2020
2020,4,ほほ紅,受入,kg,26677.0,2020
2020,5,ほほ紅,受入,kg,518.0,2020
2020,6,ほほ紅,受入,kg,1526.0,2020
2020,7,ほほ紅,受入,kg,783.0,2020
2020,8,ほほ紅,受入,kg,228.0,2020
2020,9,ほほ紅,受入,kg,944.0,2020
2020,10,ほほ紅,受入,kg,867.0,2020
2020,11,ほほ紅,受入,kg,843.0,2020
2020,12,ほほ紅,受入,kg,591.0,2020
2021,0,ほほ紅,受入,kg,6786.0,2023
2021,1,ほほ紅,受入,kg,1507.0,2021
2021,2,ほほ紅,受入,kg,1360.0,2021
2021,3,ほほ紅,受入,kg,320.0,2021
2021,4,ほほ紅,受入,kg,350.0,2021
2021,5,ほほ紅,受入,kg,684.0,2021
2021,6,ほほ紅,受入,kg,272.0,2021
2021,7,ほほ紅,受入,kg,429.0,2021
2021,8,ほほ紅,受入,kg,751.0,2021
2021,9,ほほ紅,受入,kg,299.0,2021
2021,10,ほほ紅,受入,kg,327.0,2021
2021,11,ほほ紅,受入,kg,448.0,2021
2021,12,ほほ紅,受入,kg,263.0,2021
2022,0,ほほ紅,受入,kg,4913.0,2023
2022,1,ほほ紅,受入,kg,203.0,2022
2022,2,ほほ紅,受入,kg,199.0,2022
2022,3,ほほ紅,受入,kg,1569.0,2022
2022,4,ほほ紅,受入,kg,472.0,2022
2022,5,ほほ紅,受入,kg,237.0,2022
2022,6,ほほ紅,受入,kg,362.0,2022
2022,7,ほほ紅,受入,kg,148.0,2022
2022,8,ほほ紅,受入,kg,420.0,2022
2022,9,ほほ紅,受入,kg,267.0,2022
2022,10,ほほ紅,受入,kg,219.0,2022
2022,11,ほほ紅,受入,kg,379.0,2022
2022,12,ほほ紅,受入,kg,438.0,2022
2023,0,ほほ紅,受入,kg,3932.0,2023
2023,1,ほほ紅,受入,kg,150.0,2023
2023,2,ほほ紅,受入,kg,250.0,2023
2023,3,ほほ紅,受入,kg,356.0,2023
2023,4,ほほ紅,受入,kg,272.0,2023
2023,5,ほほ紅,受入,kg,422.0,2023
2023,6,ほほ紅,受入,kg,421.0,2023
2023,7,ほほ紅,受入,kg,343.0,2023
2023,8,ほほ紅,受入,kg,295.0,2023
2023,9,ほほ紅,受入,kg,449.0,2023
2023,10,ほほ紅,受入,kg,295.0,2023
2023,11,ほほ紅,受入,kg,419.0,2023
2023,12,ほほ紅,受入,kg,260.0,2023
2024,1,ほほ紅,受入,kg,253.0,2024
2024,2,ほほ紅,受入,kg,349.0,2024
2024,3,ほほ紅,受入,kg,499.0,2024
2024,4,ほほ紅,受入,kg,551.0,2024
2024,5,ほほ紅,受入,kg,552.0,2024
2024,6,ほほ紅,受入,kg,418.0,2024
2024,7,ほほ紅,受入,kg,699.0,2024
2024,8,ほほ紅,受入,kg,304.0,2024
2024,9,ほほ紅,受入,kg,1457.0,2024
2024,10,ほほ紅,受入,kg,526.0,2024
2024,11,ほほ紅,受入,kg,1858.0,2024
2024,12,ほほ紅,受入,kg,483.0,2024
2015,0,ほほ紅,月末在庫,kg,16592.0,2019
2016,0,ほほ紅,月末在庫,kg,16633.0,2020
2017,0,ほほ紅,月末在庫,kg,29166.0,2021
2018,0,ほほ紅,月末在庫,kg,38822.0,2022
2019,0,ほほ紅,月末在庫,kg,36930.0,2023
2019,1,ほほ紅,月末在庫,kg,38250.0,2019
2019,2,ほほ紅,月末在庫,kg,36493.0,2019
2019,3,ほほ紅,月末在庫,kg,34420.0,2019
2019,4,ほほ紅,月末在庫,kg,32641.0,2019
2019,5,ほほ紅,月末在庫,kg,34057.0,2019
2019,6,ほほ紅,月末在庫,kg,36976.0,2019
2019,7,ほほ紅,月末在庫,kg,36873.0,2019
2019,8,ほほ紅,月末在庫,kg,38154.0,2019
2019,9,ほほ紅,月末在庫,kg,35946.0,2019
2019,10,ほほ紅,月末在庫,kg,36490.0,2019
2019,11,ほほ紅,月末在庫,kg,36556.0,2019
2019,12,ほほ紅,月末在庫,kg,36930.0,2019
2020,0,ほほ紅,月末在庫,kg,36655.0,2023
2020,1,ほほ紅,月末在庫,kg,35604.0,2020
2020,2,ほほ紅,月末在庫,kg,34704.0,2020
2020,3,ほほ紅,月末在庫,kg,34461.0,2020
2020,4,ほほ紅,月末在庫,kg,36013.0,2020
2020,5,ほほ紅,月末在庫,kg,36948.0,2020
2020,6,ほほ紅,月末在庫,kg,38962.0,2020
2020,7,ほほ紅,月末在庫,kg,40396.0,2020
2020,8,ほほ紅,月末在庫,kg,43024.0,2020
2020,9,ほほ紅,月末在庫,kg,40791.0,2020
2020,10,ほほ紅,月末在庫,kg,37729.0,2020
2020,11,ほほ紅,月末在庫,kg,37724.0,2020
2020,12,ほほ紅,月末在庫,kg,36655.0,2020
2021,0,ほほ紅,月末在庫,kg,23891.0,2023
2021,1,ほほ紅,月末在庫,kg,36030.0,2021
2021,2,ほほ紅,月末在庫,kg,33240.0,2021
2021,3,ほほ紅,月末在庫,kg,32449.0,2021
2021,4,ほほ紅,月末在庫,kg,32116.0,2021
2021,5,ほほ紅,月末在庫,kg,30722.0,2021
2021,6,ほほ紅,月末在庫,kg,31280.0,2021
2021,7,ほほ紅,月末在庫,kg,31689.0,2021
2021,8,ほほ紅,月末在庫,kg,32670.0,2021
2021,9,ほほ紅,月末在庫,kg,30875.0,2021
2021,10,ほほ紅,月末在庫,kg,30593.0,2021
2021,11,ほほ紅,月末在庫,kg,29380.0,2021
2021,12,ほほ紅,月末在庫,kg,23891.0,2021
2022,0,ほほ紅,月末在庫,kg,18799.0,2023
2022,1,ほほ紅,月末在庫,kg,25926.0,2022
2022,2,ほほ紅,月末在庫,kg,25511.0,2022
2022,3,ほほ紅,月末在庫,kg,24658.0,2022
2022,4,ほほ紅,月末在庫,kg,24588.0,2022
2022,5,ほほ紅,月末在庫,kg,23724.0,2022
2022,6,ほほ紅,月末在庫,kg,21882.0,2022
2022,7,ほほ紅,月末在庫,kg,21904.0,2022
2022,8,ほほ紅,月末在庫,kg,21984.0,2022
2022,9,ほほ紅,月末在庫,kg,21030.0,2022
2022,10,ほほ紅,月末在庫,kg,20981.0,2022
2022,11,ほほ紅,月末在庫,kg,19695.0,2022
2022,12,ほほ紅,月末在庫,kg,18799.0,2022
2023,0,ほほ紅,月末在庫,kg,20083.0,2023
2023,1,ほほ紅,月末在庫,kg,18845.0,2023
2023,2,ほほ紅,月末在庫,kg,18647.0,2023
2023,3,ほほ紅,月末在庫,kg,17719.0,2023
2023,4,ほほ紅,月末在庫,kg,17642.0,2023
2023,5,ほほ紅,月末在庫,kg,18113.0,2023
2023,6,ほほ紅,月末在庫,kg,25564.0,2023
2023,7,ほほ紅,月末在庫,kg,20123.0,2023
2023,8,ほほ紅,月末在庫,kg,18418.0,2023
2023,9,ほほ紅,月末在庫,kg,18289.0,2023
2023,10,ほほ紅,月末在庫,kg,21315.0,2023
2023,11,ほほ紅,月末在庫,kg,21093.0,2023
2023,12,ほほ紅,月末在庫,kg,20083.0,2023
2024,1,ほほ紅,月末在庫,kg,22800.0,2024
2024,2,ほほ紅,月末在庫,kg,23076.0,2024
2024,3,ほほ紅,月末在庫,kg,22667.0,2024
2024,4,ほほ紅,月末在庫,kg,22459.0,2024
2024,5,ほほ紅,月末在庫,kg,23322.0,2024
2024,6,ほほ紅,月末在庫,kg,24499.0,2024
2024,7,ほほ紅,月末在庫,kg,25459.0,2024
2024,8,ほほ紅,月末在庫,kg,26757.0,2024
2024,9,ほほ紅,月末在庫,kg,25844.0,2024
2024,10,ほほ紅,月末在庫,kg,25612.0,2024
2024,11,ほほ紅,月末在庫,kg,24819.0,2024
2024,12,ほほ紅,月末在庫,kg,22611.0,2024
2015,0,ほほ紅,生産,kg,73347.0,2019
2016,0,ほほ紅,生産,kg,75868.0,2020
2017,0,ほほ紅,生産,kg,96436.0,2021
2018,0,ほほ紅,生産,kg,104984.0,2022
2019,0,ほほ紅,生産,kg,70166.0,2023
2019,1,ほほ紅,生産,kg,6132.0,2019
2019,2,ほほ紅,生産,kg,5587.0,2019
2019,3,ほほ紅,生産,kg,5403.0,2019
2019,4,ほほ紅,生産,kg,4594.0,2019
2019,5,ほほ紅,生産,kg,5441.0,2019
2019,6,ほほ紅,生産,kg,7612.0,2019
2019,7,ほほ紅,生産,kg,5847.0,2019
2019,8,ほほ紅,生産,kg,7451.0,2019
2019,9,ほほ紅,生産,kg,3999.0,2019
2019,10,ほほ紅,生産,kg,5304.0,2019
2019,11,ほほ紅,生産,kg,6036.0,2019
2019,12,ほほ紅,生産,kg,6760.0,2019
2020,0,ほほ紅,生産,kg,41719.0,2023
2020,1,ほほ紅,生産,kg,4071.0,2020
2020,2,ほほ紅,生産,kg,4290.0,2020
2020,3,ほほ紅,生産,kg,4565.0,2020
2020,4,ほほ紅,生産,kg,3678.0,2020
2020,5,ほほ紅,生産,kg,3254.0,2020
2020,6,ほほ紅,生産,kg,3473.0,2020
2020,7,ほほ紅,生産,kg,4044.0,2020
2020,8,ほほ紅,生産,kg,6873.0,2020
2020,9,ほほ紅,生産,kg,1524.0,2020
2020,10,ほほ紅,生産,kg,1580.0,2020
2020,11,ほほ紅,生産,kg,2223.0,2020
2020,12,ほほ紅,生産,kg,1703.0,2020
2021,0,ほほ紅,生産,kg,31493.0,2023
2021,1,ほほ紅,生産,kg,2425.0,2021
2021,2,ほほ紅,生産,kg,1423.0,2021
2021,3,ほほ紅,生産,kg,3330.0,2021
2021,4,ほほ紅,生産,kg,2968.0,2021
2021,5,ほほ紅,生産,kg,2241.0,2021
2021,6,ほほ紅,生産,kg,2697.0,2021
2021,7,ほほ紅,生産,kg,4358.0,2021
2021,8,ほほ紅,生産,kg,2391.0,2021
2021,9,ほほ紅,生産,kg,4122.0,2021
2021,10,ほほ紅,生産,kg,2260.0,2021
2021,11,ほほ紅,生産,kg,1810.0,2021
2021,12,ほほ紅,生産,kg,1244.0,2021
2022,0,ほほ紅,生産,kg,33398.0,2023
2022,1,ほほ紅,生産,kg,3998.0,2022
2022,2,ほほ紅,生産,kg,2999.0,2022
2022,3,ほほ紅,生産,kg,3190.0,2022
2022,4,ほほ紅,生産,kg,3181.0,2022
2022,5,ほほ紅,生産,kg,2852.0,2022
2022,6,ほほ紅,生産,kg,1772.0,2022
2022,7,ほほ紅,生産,kg,3400.0,2022
2022,8,ほほ紅,生産,kg,2002.0,2022
2022,9,ほほ紅,生産,kg,2286.0,2022
2022,10,ほほ紅,生産,kg,2976.0,2022
2022,11,ほほ紅,生産,kg,2128.0,2022
2022,12,ほほ紅,生産,kg,2614.0,2022
2023,0,ほほ紅,生産,kg,59082.0,2023
2023,1,ほほ紅,生産,kg,3145.0,2023
2023,2,ほほ紅,生産,kg,3846.0,2023
2023,3,ほほ紅,生産,kg,4408.0,2023
2023,4,ほほ紅,生産,kg,3501.0,2023
2023,5,ほほ紅,生産,kg,3754.0,2023
2023,6,ほほ紅,生産,kg,11204.0,2023
2023,7,ほほ紅,生産,kg,4469.0,2023
2023,8,ほほ紅,生産,kg,3678.0,2023
2023,9,ほほ紅,生産,kg,3900.0,2023
2023,10,ほほ紅,生産,kg,6950.0,2023
2023,11,ほほ紅,生産,kg,6157.0,2023
2023,12,ほほ紅,生産,kg,4070.0,2023
2024,1,ほほ紅,生産,kg,7489.0,2024
2024,2,ほほ紅,生産,kg,4931.0,2024
2024,3,ほほ紅,生産,kg,9342.0,2024
2024,4,ほほ紅,生産,kg,6038.0,2024
2024,5,ほほ紅,生産,kg,7281.0,2024
2024,6,ほほ紅,生産,kg,8359.0,2024
2024,7,ほほ紅,生産,kg,4898.0,2024
2024,8,ほほ紅,生産,kg,4712.0,2024
2024,9,ほほ紅,生産,kg,2760.0,2024
2024,10,ほほ紅,生産,kg,4356.0,2024
2024,11,ほほ紅,生産,kg,2342.0,2024
2024,12,ほほ紅,生産,kg,3383.0,2024
2015,0,ほほ紅,販売個数,十個,1624287.0,2019
2016,0,ほほ紅,販売個数,十個,1884428.0,2020
2017,0,ほほ紅,販売個数,十個,1827034.0,2021
2018,0,ほほ紅,販売個数,十個,1899435.0,2022
2019,0,ほほ紅,販売個数,十個,1685640.0,2023
2019,1,ほほ紅,販売個数,十個,137526.0,2019
2019,2,ほほ紅,販売個数,十個,144675.0,2019
2019,3,ほほ紅,販売個数,十個,158767.0,2019
2019,4,ほほ紅,販売個数,十個,147412.0,2019
2019,5,ほほ紅,販売個数,十個,110735.0,2019
2019,6,ほほ紅,販売個数,十個,121805.0,2019
2019,7,ほほ紅,販売個数,十個,153082.0,2019
2019,8,ほほ紅,販売個数,十個,127533.0,2019
2019,9,ほほ紅,販売個数,十個,146783.0,2019
2019,10,ほほ紅,販売個数,十個,123451.0,2019
2019,11,ほほ紅,販売個数,十個,147991.0,2019
2019,12,ほほ紅,販売個数,十個,165880.0,2019
2020,0,ほほ紅,販売個数,十個,889145.0,2023
2020,1,ほほ紅,販売個数,十個,144728.0,2020
2020,2,ほほ紅,販売個数,十個,124398.0,2020
2020,3,ほほ紅,販売個数,十個,109678.0,2020
2020,4,ほほ紅,販売個数,十個,77627.0,2020
2020,5,ほほ紅,販売個数,十個,43147.0,2020
2020,6,ほほ紅,販売個数,十個,49223.0,2020
2020,7,ほほ紅,販売個数,十個,63529.0,2020
2020,8,ほほ紅,販売個数,十個,55853.0,2020
2020,9,ほほ紅,販売個数,十個,64683.0,2020
2020,10,ほほ紅,販売個数,十個,69908.0,2020
2020,11,ほほ紅,販売個数,十個,42742.0,2020
2020,12,ほほ紅,販売個数,十個,43629.0,2020
2021,0,ほほ紅,販売個数,十個,620842.0,2023
2021,1,ほほ紅,販売個数,十個,63946.0,2021
2021,2,ほほ紅,販売個数,十個,67798.0,2021
2021,3,ほほ紅,販売個数,十個,45340.0,2021
2021,4,ほほ紅,販売個数,十個,37237.0,2021
2021,5,ほほ紅,販売個数,十個,60011.0,2021
2021,6,ほほ紅,販売個数,十個,32682.0,2021
2021,7,ほほ紅,販売個数,十個,79673.0,2021
2021,8,ほほ紅,販売個数,十個,22743.0,2021
2021,9,ほほ紅,販売個数,十個,80842.0,2021
2021,10,ほほ紅,販売個数,十個,27005.0,2021
2021,11,ほほ紅,販売個数,十個,54107.0,2021
2021,12,ほほ紅,販売個数,十個,49458.0,2021
2022,0,ほほ紅,販売個数,十個,629615.0,2023
2022,1,ほほ紅,販売個数,十個,48934.0,2022
2022,2,ほほ紅,販売個数,十個,70558.0,2022
2022,3,ほほ紅,販売個数,十個,75539.0,2022
2022,4,ほほ紅,販売個数,十個,55094.0,2022
2022,5,ほほ紅,販売個数,十個,47261.0,2022
2022,6,ほほ紅,販売個数,十個,39445.0,2022
2022,7,ほほ紅,販売個数,十個,48630.0,2022
2022,8,ほほ紅,販売個数,十個,37759.0,2022
2022,9,ほほ紅,販売個数,十個,50579.0,2022
2022,10,ほほ紅,販売個数,十個,48891.0,2022
2022,11,ほほ紅,販売個数,十個,55108.0,2022
2022,12,ほほ紅,販売個数,十個,51817.0,2022
2023,0,ほほ紅,販売個数,十個,966257.0,2023
2023,1,ほほ紅,販売個数,十個,65918.0,2023
2023,2,ほほ紅,販売個数,十個,79709.0,2023
2023,3,ほほ紅,販売個数,十個,97767.0,2023
2023,4,ほほ紅,販売個数,十個,65682.0,2023
2023,5,ほほ紅,販売個数,十個,65767.0,2023
2023,6,ほほ紅,販売個数,十個,83114.0,2023
2023,7,ほほ紅,販売個数,十個,91141.0,2023
2023,8,ほほ紅,販売個数,十個,76464.0,2023
2023,9,ほほ紅,販売個数,十個,67403.0,2023
2023,10,ほほ紅,販売個数,十個,57912.0,2023
2023,11,ほほ紅,販売個数,十個,135909.0,2023
2023,12,ほほ紅,販売個数,十個,79471.0,2023
2024,1,ほほ紅,販売個数,十個,88325.0,2024
2024,2,ほほ紅,販売個数,十個,87593.0,2024
2024,3,ほほ紅,販売個数,十個,164808.0,2024
2024,4,ほほ紅,販売個数,十個,104846.0,2024
2024,5,ほほ紅,販売個数,十個,110150.0,2024
2024,6,ほほ紅,販売個数,十個,92242.0,2024
2024,7,ほほ紅,販売個数,十個,82042.0,2024
2024,8,ほほ紅,販売個数,十個,51738.0,2024
2024,9,ほほ紅,販売個数,十個,88427.0,2024
2024,10,ほほ紅,販売個数,十個,69626.0,2024
2024,11,ほほ紅,販売個数,十個,63441.0,2024
2024,12,ほほ紅,販売個数,十個,83139.0,2024
2015,0,ほほ紅,販売数量,kg,77175.0,2019
2016,0,ほほ紅,販売数量,kg,89763.0,2020
2017,0,ほほ紅,販売数量,kg,97804.0,2021
2018,0,ほほ紅,販売数量,kg,107867.0,2022
2019,0,ほほ紅,販売数量,kg,93689.0,2023
2019,1,ほほ紅,販売数量,kg,8244.0,2019
2019,2,ほほ紅,販売数量,kg,8182.0,2019
2019,3,ほほ紅,販売数量,kg,9102.0,2019
2019,4,ほほ紅,販売数量,kg,8347.0,2019
2019,5,ほほ紅,販売数量,kg,6220.0,2019
2019,6,ほほ紅,販売数量,kg,7005.0,2019
2019,7,ほほ紅,販売数量,kg,8322.0,2019
2019,8,ほほ紅,販売数量,kg,6871.0,2019
2019,9,ほほ紅,販売数量,kg,7732.0,2019
2019,10,ほほ紅,販売数量,kg,6543.0,2019
2019,11,ほほ紅,販売数量,kg,7820.0,2019
2019,12,ほほ紅,販売数量,kg,9301.0,2019
2020,0,ほほ紅,販売数量,kg,73451.0,2023
2020,1,ほほ紅,販売数量,kg,8297.0,2020
2020,2,ほほ紅,販売数量,kg,6544.0,2020
2020,3,ほほ紅,販売数量,kg,6129.0,2020
2020,4,ほほ紅,販売数量,kg,28495.0,2020
2020,5,ほほ紅,販売数量,kg,2300.0,2020
2020,6,ほほ紅,販売数量,kg,2914.0,2020
2020,7,ほほ紅,販売数量,kg,3204.0,2020
2020,8,ほほ紅,販売数量,kg,3386.0,2020
2020,9,ほほ紅,販売数量,kg,3451.0,2020
2020,10,ほほ紅,販売数量,kg,4077.0,2020
2020,11,ほほ紅,販売数量,kg,1993.0,2020
2020,12,ほほ紅,販売数量,kg,2661.0,2020
2021,0,ほほ紅,販売数量,kg,35509.0,2023
2021,1,ほほ紅,販売数量,kg,3879.0,2021
2021,2,ほほ紅,販売数量,kg,4017.0,2021
2021,3,ほほ紅,販売数量,kg,2666.0,2021
2021,4,ほほ紅,販売数量,kg,2212.0,2021
2021,5,ほほ紅,販売数量,kg,3274.0,2021
2021,6,ほほ紅,販売数量,kg,1929.0,2021
2021,7,ほほ紅,販売数量,kg,3519.0,2021
2021,8,ほほ紅,販売数量,kg,1796.0,2021
2021,9,ほほ紅,販売数量,kg,4682.0,2021
2021,10,ほほ紅,販売数量,kg,1987.0,2021
2021,11,ほほ紅,販売数量,kg,2793.0,2021
2021,12,ほほ紅,販売数量,kg,2755.0,2021
2022,0,ほほ紅,販売数量,kg,35004.0,2023
2022,1,ほほ紅,販売数量,kg,2536.0,2022
2022,2,ほほ紅,販売数量,kg,2983.0,2022
2022,3,ほほ紅,販売数量,kg,3833.0,2022
2022,4,ほほ紅,販売数量,kg,3360.0,2022
2022,5,ほほ紅,販売数量,kg,2599.0,2022
2022,6,ほほ紅,販売数量,kg,2338.0,2022
2022,7,ほほ紅,販売数量,kg,3104.0,2022
2022,8,ほほ紅,販売数量,kg,2117.0,2022
2022,9,ほほ紅,販売数量,kg,3196.0,2022
2022,10,ほほ紅,販売数量,kg,2762.0,2022
2022,11,ほほ紅,販売数量,kg,3094.0,2022
2022,12,ほほ紅,販売数量,kg,3082.0,2022
2023,0,ほほ紅,販売数量,kg,56416.0,2023
2023,1,ほほ紅,販売数量,kg,3018.0,2023
2023,2,ほほ紅,販売数量,kg,3944.0,2023
2023,3,ほほ紅,販売数量,kg,5277.0,2023
2023,4,ほほ紅,販売数量,kg,3470.0,2023
2023,5,ほほ紅,販売数量,kg,3508.0,2023
2023,6,ほほ紅,販売数量,kg,3690.0,2023
2023,7,ほほ紅,販売数量,kg,9698.0,2023
2023,8,ほほ紅,販売数量,kg,5076.0,2023
2023,9,ほほ紅,販売数量,kg,3993.0,2023
2023,10,ほほ紅,販売数量,kg,3717.0,2023
2023,11,ほほ紅,販売数量,kg,6254.0,2023
2023,12,ほほ紅,販売数量,kg,4771.0,2023
2024,1,ほほ紅,販売数量,kg,4949.0,2024
2024,2,ほほ紅,販売数量,kg,4901.0,2024
2024,3,ほほ紅,販売数量,kg,10113.0,2024
2024,4,ほほ紅,販売数量,kg,6482.0,2024
2024,5,ほほ紅,販売数量,kg,6859.0,2024
2024,6,ほほ紅,販売数量,kg,6960.0,2024
2024,7,ほほ紅,販売数量,kg,4539.0,2024
2024,8,ほほ紅,販売数量,kg,3631.0,2024
2024,9,ほほ紅,販売数量,kg,4754.0,2024
2024,10,ほほ紅,販売数量,kg,4743.0,2024
2024,11,ほほ紅,販売数量,kg,4765.0,2024
2024,12,ほほ紅,販売数量,kg,5775.0,2024
2015,0,ほほ紅,販売金額,千円,12308201.0,2019
2016,0,ほほ紅,販売金額,千円,12993873.0,2020
2017,0,ほほ紅,販売金額,千円,13774558.0,2021
2018,0,ほほ紅,販売金額,千円,13305201.0,2022
2019,0,ほほ紅,販売金額,千円,11448664.0,2023
2019,1,ほほ紅,販売金額,千円,885016.0,2019
2019,2,ほほ紅,販売金額,千円,905363.0,2019
2019,3,ほほ紅,販売金額,千円,1047889.0,2019
2019,4,ほほ紅,販売金額,千円,908501.0,2019
2019,5,ほほ紅,販売金額,千円,762093.0,2019
2019,6,ほほ紅,販売金額,千円,799519.0,2019
2019,7,ほほ紅,販売金額,千円,1018056.0,2019
2019,8,ほほ紅,販売金額,千円,918683.0,2019
2019,9,ほほ紅,販売金額,千円,996058.0,2019
2019,10,ほほ紅,販売金額,千円,819600.0,2019
2019,11,ほほ紅,販売金額,千円,1269812.0,2019
2019,12,ほほ紅,販売金額,千円,1118074.0,2019
2020,0,ほほ紅,販売金額,千円,5787142.0,2023
2020,1,ほほ紅,販売金額,千円,943775.0,2020
2020,2,ほほ紅,販売金額,千円,806423.0,2020
2020,3,ほほ紅,販売金額,千円,640944.0,2020
2020,4,ほほ紅,販売金額,千円,431183.0,2020
2020,5,ほほ紅,販売金額,千円,289845.0,2020
2020,6,ほほ紅,販売金額,千円,369337.0,2020
2020,7,ほほ紅,販売金額,千円,441425.0,2020
2020,8,ほほ紅,販売金額,千円,459143.0,2020
2020,9,ほほ紅,販売金額,千円,394732.0,2020
2020,10,ほほ紅,販売金額,千円,445146.0,2020
2020,11,ほほ紅,販売金額,千円,241273.0,2020
2020,12,ほほ紅,販売金額,千円,323916.0,2020
2021,0,ほほ紅,販売金額,千円,4046991.0,2023
2021,1,ほほ紅,販売金額,千円,371481.0,2021
2021,2,ほほ紅,販売金額,千円,536476.0,2021
2021,3,ほほ紅,販売金額,千円,273572.0,2021
2021,4,ほほ紅,販売金額,千円,269913.0,2021
2021,5,ほほ紅,販売金額,千円,324778.0,2021
2021,6,ほほ紅,販売金額,千円,241972.0,2021
2021,7,ほほ紅,販売金額,千円,525384.0,2021
2021,8,ほほ紅,販売金額,千円,149073.0,2021
2021,9,ほほ紅,販売金額,千円,357515.0,2021
2021,10,ほほ紅,販売金額,千円,237174.0,2021
2021,11,ほほ紅,販売金額,千円,381321.0,2021
2021,12,ほほ紅,販売金額,千円,378332.0,2021
2022,0,ほほ紅,販売金額,千円,3943595.0,2023
2022,1,ほほ紅,販売金額,千円,333396.0,2022
2022,2,ほほ紅,販売金額,千円,359860.0,2022
2022,3,ほほ紅,販売金額,千円,434360.0,2022
2022,4,ほほ紅,販売金額,千円,388598.0,2022
2022,5,ほほ紅,販売金額,千円,228321.0,2022
2022,6,ほほ紅,販売金額,千円,289630.0,2022
2022,7,ほほ紅,販売金額,千円,286600.0,2022
2022,8,ほほ紅,販売金額,千円,282184.0,2022
2022,9,ほほ紅,販売金額,千円,293389.0,2022
2022,10,ほほ紅,販売金額,千円,308241.0,2022
2022,11,ほほ紅,販売金額,千円,390664.0,2022
2022,12,ほほ紅,販売金額,千円,348352.0,2022
2023,0,ほほ紅,販売金額,千円,5266302.0,2023
2023,1,ほほ紅,販売金額,千円,316376.0,2023
2023,2,ほほ紅,販売金額,千円,430775.0,2023
2023,3,ほほ紅,販売金額,千円,626285.0,2023
2023,4,ほほ紅,販売金額,千円,411666.0,2023
2023,5,ほほ紅,販売金額,千円,413519.0,2023
2023,6,ほほ紅,販売金額,千円,407265.0,2023
2023,7,ほほ紅,販売金額,千円,541653.0,2023
2023,8,ほほ紅,販売金額,千円,434005.0,2023
2023,9,ほほ紅,販売金額,千円,378156.0,2023
2023,10,ほほ紅,販売金額,千円,372993.0,2023
2023,11,ほほ紅,販売金額,千円,506663.0,2023
2023,12,ほほ紅,販売金額,千円,426946.0,2023
2024,1,ほほ紅,販売金額,千円,495915.0,2024
2024,2,ほほ紅,販売金額,千円,441884.0,2024
2024,3,ほほ紅,販売金額,千円,716309.0,2024
2024,4,ほほ紅,販売金額,千円,544405.0,2024
2024,5,ほほ紅,販売金額,千円,456463.0,2024
2024,6,ほほ紅,販売金額,千円,447363.0,2024
2024,7,ほほ紅,販売金額,千円,479899.0,2024
2024,8,ほほ紅,販売金額,千円,313388.0,2024
2024,9,ほほ紅,販売金額,千円,435761.0,2024
2024,10,ほほ紅,販売金額,千円,426308.0,2024
2024,11,ほほ紅,販売金額,千円,386958.0,2024
2024,12,ほほ紅,販売金額,千円,530688.0,2024
2015,0,まゆ墨・まつ毛化粧料,出荷その他,kg,18568.0,2019
2016,0,まゆ墨・まつ毛化粧料,出荷その他,kg,12795.0,2020
2017,0,まゆ墨・まつ毛化粧料,出荷その他,kg,10913.0,2021
2018,0,まゆ墨・まつ毛化粧料,出荷その他,kg,11079.0,2022
2019,0,まゆ墨・まつ毛化粧料,出荷その他,kg,9319.0,2023
2019,1,まゆ墨・まつ毛化粧料,出荷その他,kg,976.0,2019
2019,2,まゆ墨・まつ毛化粧料,出荷その他,kg,1471.0,2019
2019,3,まゆ墨・まつ毛化粧料,出荷その他,kg,980.0,2019
2019,4,まゆ墨・まつ毛化粧料,出荷その他,kg,958.0,2019
2019,5,まゆ墨・まつ毛化粧料,出荷その他,kg,691.0,2019
2019,6,まゆ墨・まつ毛化粧料,出荷その他,kg,674.0,2019
2019,7,まゆ墨・まつ毛化粧料,出荷その他,kg,531.0,2019
2019,8,まゆ墨・まつ毛化粧料,出荷その他,kg,571.0,2019
2019,9,まゆ墨・まつ毛化粧料,出荷その他,kg,798.0,2019
2019,10,まゆ墨・まつ毛化粧料,出荷その他,kg,449.0,2019
2019,11,まゆ墨・まつ毛化粧料,出荷その他,kg,690.0,2019
2019,12,まゆ墨・まつ毛化粧料,出荷その他,kg,530.0,2019
2020,0,まゆ墨・まつ毛化粧料,出荷その他,kg,7175.0,2023
2020,1,まゆ墨・まつ毛化粧料,出荷その他,kg,440.0,2020
2020,2,まゆ墨・まつ毛化粧料,出荷その他,kg,977.0,2020
2020,3,まゆ墨・まつ毛化粧料,出荷その他,kg,660.0,2020
2020,4,まゆ墨・まつ毛化粧料,出荷その他,kg,325.0,2020
2020,5,まゆ墨・まつ毛化粧料,出荷その他,kg,227.0,2020
2020,6,まゆ墨・まつ毛化粧料,出荷その他,kg,435.0,2020
2020,7,まゆ墨・まつ毛化粧料,出荷その他,kg,456.0,2020
2020,8,まゆ墨・まつ毛化粧料,出荷その他,kg,338.0,2020
2020,9,まゆ墨・まつ毛化粧料,出荷その他,kg,1310.0,2020
2020,10,まゆ墨・まつ毛化粧料,出荷その他,kg,473.0,2020
2020,11,まゆ墨・まつ毛化粧料,出荷その他,kg,571.0,2020
2020,12,まゆ墨・まつ毛化粧料,出荷その他,kg,963.0,2020
2021,0,まゆ墨・まつ毛化粧料,出荷その他,kg,7480.0,2023
2021,1,まゆ墨・まつ毛化粧料,出荷その他,kg,213.0,2021
2021,2,まゆ墨・まつ毛化粧料,出荷その他,kg,262.0,2021
2021,3,まゆ墨・まつ毛化粧料,出荷その他,kg,785.0,2021
2021,4,まゆ墨・まつ毛化粧料,出荷その他,kg,408.0,2021
2021,5,まゆ墨・まつ毛化粧料,出荷その他,kg,566.0,2021
2021,6,まゆ墨・まつ毛化粧料,出荷その他,kg,2560.0,2021
2021,7,まゆ墨・まつ毛化粧料,出荷その他,kg,640.0,2021
2021,8,まゆ墨・まつ毛化粧料,出荷その他,kg,329.0,2021
2021,9,まゆ墨・まつ毛化粧料,出荷その他,kg,459.0,2021
2021,10,まゆ墨・まつ毛化粧料,出荷その他,kg,385.0,2021
2021,11,まゆ墨・まつ毛化粧料,出荷その他,kg,480.0,2021
2021,12,まゆ墨・まつ毛化粧料,出荷その他,kg,393.0,2021
2022,0,まゆ墨・まつ毛化粧料,出荷その他,kg,6720.0,2023
2022,1,まゆ墨・まつ毛化粧料,出荷その他,kg,311.0,2022
2022,2,まゆ墨・まつ毛化粧料,出荷その他,kg,690.0,2022
2022,3,まゆ墨・まつ毛化粧料,出荷その他,kg,662.0,2022
2022,4,まゆ墨・まつ毛化粧料,出荷その他,kg,516.0,2022
2022,5,まゆ墨・まつ毛化粧料,出荷その他,kg,914.0,2022
2022,6,まゆ墨・まつ毛化粧料,出荷その他,kg,896.0,2022
2022,7,まゆ墨・まつ毛化粧料,出荷その他,kg,260.0,2022
2022,8,まゆ墨・まつ毛化粧料,出荷その他,kg,396.0,2022
2022,9,まゆ墨・まつ毛化粧料,出荷その他,kg,619.0,2022
2022,10,まゆ墨・まつ毛化粧料,出荷その他,kg,566.0,2022
2022,11,まゆ墨・まつ毛化粧料,出荷その他,kg,372.0,2022
2022,12,まゆ墨・まつ毛化粧料,出荷その他,kg,518.0,2022
2023,0,まゆ墨・まつ毛化粧料,出荷その他,kg,10814.0,2023
2023,1,まゆ墨・まつ毛化粧料,出荷その他,kg,454.0,2023
2023,2,まゆ墨・まつ毛化粧料,出荷その他,kg,272.0,2023
2023,3,まゆ墨・まつ毛化粧料,出荷その他,kg,684.0,2023
2023,4,まゆ墨・まつ毛化粧料,出荷その他,kg,1417.0,2023
2023,5,まゆ墨・まつ毛化粧料,出荷その他,kg,587.0,2023
2023,6,まゆ墨・まつ毛化粧料,出荷その他,kg,1049.0,2023
2023,7,まゆ墨・まつ毛化粧料,出荷その他,kg,713.0,2023
2023,8,まゆ墨・まつ毛化粧料,出荷その他,kg,234.0,2023
2023,9,まゆ墨・まつ毛化粧料,出荷その他,kg,527.0,2023
2023,10,まゆ墨・まつ毛化粧料,出荷その他,kg,645.0,2023
2023,11,まゆ墨・まつ毛化粧料,出荷その他,kg,2560.0,2023
2023,12,まゆ墨・まつ毛化粧料,出荷その他,kg,1672.0,2023
2024,1,まゆ墨・まつ毛化粧料,出荷その他,kg,1291.0,2024
2024,2,まゆ墨・まつ毛化粧料,出荷その他,kg,786.0,2024
2024,3,まゆ墨・まつ毛化粧料,出荷その他,kg,401.0,2024
2024,4,まゆ墨・まつ毛化粧料,出荷その他,kg,627.0,2024
2024,5,まゆ墨・まつ毛化粧料,出荷その他,kg,856.0,2024
2024,6,まゆ墨・まつ毛化粧料,出荷その他,kg,656.0,2024
2024,7,まゆ墨・まつ毛化粧料,出荷その他,kg,1333.0,2024
2024,8,まゆ墨・まつ毛化粧料,出荷その他,kg,1359.0,2024
2024,9,まゆ墨・まつ毛化粧料,出荷その他,kg,802.0,2024
2024,10,まゆ墨・まつ毛化粧料,出荷その他,kg,2212.0,2024
2024,11,まゆ墨・まつ毛化粧料,出荷その他,kg,592.0,2024
2024,12,まゆ墨・まつ毛化粧料,出荷その他,kg,787.0,2024
2015,0,まゆ墨・まつ毛化粧料,受入,kg,69092.0,2019
2016,0,まゆ墨・まつ毛化粧料,受入,kg,39344.0,2020
2017,0,まゆ墨・まつ毛化粧料,受入,kg,54502.0,2021
2018,0,まゆ墨・まつ毛化粧料,受入,kg,55011.0,2022
2019,0,まゆ墨・まつ毛化粧料,受入,kg,64397.0,2023
2019,1,まゆ墨・まつ毛化粧料,受入,kg,7121.0,2019
2019,2,まゆ墨・まつ毛化粧料,受入,kg,4148.0,2019
2019,3,まゆ墨・まつ毛化粧料,受入,kg,2477.0,2019
2019,4,まゆ墨・まつ毛化粧料,受入,kg,7830.0,2019
2019,5,まゆ墨・まつ毛化粧料,受入,kg,4144.0,2019
2019,6,まゆ墨・まつ毛化粧料,受入,kg,6003.0,2019
2019,7,まゆ墨・まつ毛化粧料,受入,kg,4792.0,2019
2019,8,まゆ墨・まつ毛化粧料,受入,kg,7363.0,2019
2019,9,まゆ墨・まつ毛化粧料,受入,kg,2211.0,2019
2019,10,まゆ墨・まつ毛化粧料,受入,kg,6396.0,2019
2019,11,まゆ墨・まつ毛化粧料,受入,kg,7501.0,2019
2019,12,まゆ墨・まつ毛化粧料,受入,kg,4411.0,2019
2020,0,まゆ墨・まつ毛化粧料,受入,kg,38374.0,2023
2020,1,まゆ墨・まつ毛化粧料,受入,kg,2795.0,2020
2020,2,まゆ墨・まつ毛化粧料,受入,kg,2931.0,2020
2020,3,まゆ墨・まつ毛化粧料,受入,kg,2216.0,2020
2020,4,まゆ墨・まつ毛化粧料,受入,kg,3412.0,2020
2020,5,まゆ墨・まつ毛化粧料,受入,kg,6865.0,2020
2020,6,まゆ墨・まつ毛化粧料,受入,kg,2134.0,2020
2020,7,まゆ墨・まつ毛化粧料,受入,kg,4425.0,2020
2020,8,まゆ墨・まつ毛化粧料,受入,kg,3507.0,2020
2020,9,まゆ墨・まつ毛化粧料,受入,kg,2282.0,2020
2020,10,まゆ墨・まつ毛化粧料,受入,kg,3024.0,2020
2020,11,まゆ墨・まつ毛化粧料,受入,kg,2351.0,2020
2020,12,まゆ墨・まつ毛化粧料,受入,kg,2797.0,2020
2021,0,まゆ墨・まつ毛化粧料,受入,kg,45963.0,2023
2021,1,まゆ墨・まつ毛化粧料,受入,kg,3551.0,2021
2021,2,まゆ墨・まつ毛化粧料,受入,kg,5123.0,2021
2021,3,まゆ墨・まつ毛化粧料,受入,kg,2503.0,2021
2021,4,まゆ墨・まつ毛化粧料,受入,kg,5816.0,2021
2021,5,まゆ墨・まつ毛化粧料,受入,kg,2953.0,2021
2021,6,まゆ墨・まつ毛化粧料,受入,kg,3587.0,2021
2021,7,まゆ墨・まつ毛化粧料,受入,kg,1993.0,2021
2021,8,まゆ墨・まつ毛化粧料,受入,kg,1833.0,2021
2021,9,まゆ墨・まつ毛化粧料,受入,kg,8064.0,2021
2021,10,まゆ墨・まつ毛化粧料,受入,kg,7697.0,2021
2021,11,まゆ墨・まつ毛化粧料,受入,kg,1735.0,2021
2021,12,まゆ墨・まつ毛化粧料,受入,kg,1644.0,2021
2022,0,まゆ墨・まつ毛化粧料,受入,kg,145013.0,2023
2022,1,まゆ墨・まつ毛化粧料,受入,kg,13610.0,2022
2022,2,まゆ墨・まつ毛化粧料,受入,kg,8442.0,2022
2022,3,まゆ墨・まつ毛化粧料,受入,kg,19136.0,2022
2022,4,まゆ墨・まつ毛化粧料,受入,kg,8961.0,2022
2022,5,まゆ墨・まつ毛化粧料,受入,kg,7952.0,2022
2022,6,まゆ墨・まつ毛化粧料,受入,kg,6996.0,2022
2022,7,まゆ墨・まつ毛化粧料,受入,kg,16380.0,2022
2022,8,まゆ墨・まつ毛化粧料,受入,kg,7550.0,2022
2022,9,まゆ墨・まつ毛化粧料,受入,kg,10344.0,2022
2022,10,まゆ墨・まつ毛化粧料,受入,kg,15934.0,2022
2022,11,まゆ墨・まつ毛化粧料,受入,kg,9730.0,2022
2022,12,まゆ墨・まつ毛化粧料,受入,kg,19978.0,2022
2023,0,まゆ墨・まつ毛化粧料,受入,kg,193019.0,2023
2023,1,まゆ墨・まつ毛化粧料,受入,kg,14376.0,2023
2023,2,まゆ墨・まつ毛化粧料,受入,kg,28667.0,2023
2023,3,まゆ墨・まつ毛化粧料,受入,kg,30650.0,2023
2023,4,まゆ墨・まつ毛化粧料,受入,kg,14000.0,2023
2023,5,まゆ墨・まつ毛化粧料,受入,kg,9911.0,2023
2023,6,まゆ墨・まつ毛化粧料,受入,kg,14314.0,2023
2023,7,まゆ墨・まつ毛化粧料,受入,kg,6015.0,2023
2023,8,まゆ墨・まつ毛化粧料,受入,kg,16272.0,2023
2023,9,まゆ墨・まつ毛化粧料,受入,kg,10761.0,2023
2023,10,まゆ墨・まつ毛化粧料,受入,kg,13611.0,2023
2023,11,まゆ墨・まつ毛化粧料,受入,kg,16738.0,2023
2023,12,まゆ墨・まつ毛化粧料,受入,kg,17704.0,2023
2024,1,まゆ墨・まつ毛化粧料,受入,kg,14351.0,2024
2024,2,まゆ墨・まつ毛化粧料,受入,kg,12387.0,2024
2024,3,まゆ墨・まつ毛化粧料,受入,kg,23508.0,2024
2024,4,まゆ墨・まつ毛化粧料,受入,kg,16585.0,2024
2024,5,まゆ墨・まつ毛化粧料,受入,kg,10982.0,2024
2024,6,まゆ墨・まつ毛化粧料,受入,kg,5193.0,2024
2024,7,まゆ墨・まつ毛化粧料,受入,kg,7543.0,2024
2024,8,まゆ墨・まつ毛化粧料,受入,kg,11403.0,2024
2024,9,まゆ墨・まつ毛化粧料,受入,kg,7581.0,2024
2024,10,まゆ墨・まつ毛化粧料,受入,kg,11143.0,2024
2024,11,まゆ墨・まつ毛化粧料,受入,kg,15539.0,2024
2024,12,まゆ墨・まつ毛化粧料,受入,kg,7305.0,2024
2015,0,まゆ墨・まつ毛化粧料,月末在庫,kg,101583.0,2019
2016,0,まゆ墨・まつ毛化粧料,月末在庫,kg,86218.0,2020
2017,0,まゆ墨・まつ毛化粧料,月末在庫,kg,108078.0,2021
2018,0,まゆ墨・まつ毛化粧料,月末在庫,kg,79682.0,2022
2019,0,まゆ墨・まつ毛化粧料,月末在庫,kg,85477.0,2023
2019,1,まゆ墨・まつ毛化粧料,月末在庫,kg,84874.0,2019
2019,2,まゆ墨・まつ毛化粧料,月末在庫,kg,83870.0,2019
2019,3,まゆ墨・まつ毛化粧料,月末在庫,kg,78503.0,2019
2019,4,まゆ墨・まつ毛化粧料,月末在庫,kg,79437.0,2019
2019,5,まゆ墨・まつ毛化粧料,月末在庫,kg,84366.0,2019
2019,6,まゆ墨・まつ毛化粧料,月末在庫,kg,85388.0,2019
2019,7,まゆ墨・まつ毛化粧料,月末在庫,kg,82696.0,2019
2019,8,まゆ墨・まつ毛化粧料,月末在庫,kg,92109.0,2019
2019,9,まゆ墨・まつ毛化粧料,月末在庫,kg,91149.0,2019
2019,10,まゆ墨・まつ毛化粧料,月末在庫,kg,83589.0,2019
2019,11,まゆ墨・まつ毛化粧料,月末在庫,kg,83070.0,2019
2019,12,まゆ墨・まつ毛化粧料,月末在庫,kg,85477.0,2019
2020,0,まゆ墨・まつ毛化粧料,月末在庫,kg,65730.0,2023
2020,1,まゆ墨・まつ毛化粧料,月末在庫,kg,77598.0,2020
2020,2,まゆ墨・まつ毛化粧料,月末在庫,kg,77855.0,2020
2020,3,まゆ墨・まつ毛化粧料,月末在庫,kg,85754.0,2020
2020,4,まゆ墨・まつ毛化粧料,月末在庫,kg,91765.0,2020
2020,5,まゆ墨・まつ毛化粧料,月末在庫,kg,95929.0,2020
2020,6,まゆ墨・まつ毛化粧料,月末在庫,kg,107739.0,2020
2020,7,まゆ墨・まつ毛化粧料,月末在庫,kg,111958.0,2020
2020,8,まゆ墨・まつ毛化粧料,月末在庫,kg,103339.0,2020
2020,9,まゆ墨・まつ毛化粧料,月末在庫,kg,83267.0,2020
2020,10,まゆ墨・まつ毛化粧料,月末在庫,kg,82795.0,2020
2020,11,まゆ墨・まつ毛化粧料,月末在庫,kg,74298.0,2020
2020,12,まゆ墨・まつ毛化粧料,月末在庫,kg,65730.0,2020
2021,0,まゆ墨・まつ毛化粧料,月末在庫,kg,57131.0,2023
2021,1,まゆ墨・まつ毛化粧料,月末在庫,kg,58549.0,2021
2021,2,まゆ墨・まつ毛化粧料,月末在庫,kg,63039.0,2021
2021,3,まゆ墨・まつ毛化粧料,月末在庫,kg,63228.0,2021
2021,4,まゆ墨・まつ毛化粧料,月末在庫,kg,63586.0,2021
2021,5,まゆ墨・まつ毛化粧料,月末在庫,kg,62174.0,2021
2021,6,まゆ墨・まつ毛化粧料,月末在庫,kg,63897.0,2021
2021,7,まゆ墨・まつ毛化粧料,月末在庫,kg,57896.0,2021
2021,8,まゆ墨・まつ毛化粧料,月末在庫,kg,59378.0,2021
2021,9,まゆ墨・まつ毛化粧料,月末在庫,kg,65639.0,2021
2021,10,まゆ墨・まつ毛化粧料,月末在庫,kg,64832.0,2021
2021,11,まゆ墨・まつ毛化粧料,月末在庫,kg,62357.0,2021
2021,12,まゆ墨・まつ毛化粧料,月末在庫,kg,57131.0,2021
2022,0,まゆ墨・まつ毛化粧料,月末在庫,kg,83912.0,2023
2022,1,まゆ墨・まつ毛化粧料,月末在庫,kg,74039.0,2022
2022,2,まゆ墨・まつ毛化粧料,月末在庫,kg,75570.0,2022
2022,3,まゆ墨・まつ毛化粧料,月末在庫,kg,82105.0,2022
2022,4,まゆ墨・まつ毛化粧料,月末在庫,kg,81654.0,2022
2022,5,まゆ墨・まつ毛化粧料,月末在庫,kg,84391.0,2022
2022,6,まゆ墨・まつ毛化粧料,月末在庫,kg,84189.0,2022
2022,7,まゆ墨・まつ毛化粧料,月末在庫,kg,92865.0,2022
2022,8,まゆ墨・まつ毛化粧料,月末在庫,kg,93009.0,2022
2022,9,まゆ墨・まつ毛化粧料,月末在庫,kg,84175.0,2022
2022,10,まゆ墨・まつ毛化粧料,月末在庫,kg,89342.0,2022
2022,11,まゆ墨・まつ毛化粧料,月末在庫,kg,81230.0,2022
2022,12,まゆ墨・まつ毛化粧料,月末在庫,kg,83912.0,2022
2023,0,まゆ墨・まつ毛化粧料,月末在庫,kg,124532.0,2023
2023,1,まゆ墨・まつ毛化粧料,月末在庫,kg,76304.0,2023
2023,2,まゆ墨・まつ毛化粧料,月末在庫,kg,86005.0,2023
2023,3,まゆ墨・まつ毛化粧料,月末在庫,kg,107693.0,2023
2023,4,まゆ墨・まつ毛化粧料,月末在庫,kg,110891.0,2023
2023,5,まゆ墨・まつ毛化粧料,月末在庫,kg,108423.0,2023
2023,6,まゆ墨・まつ毛化粧料,月末在庫,kg,119845.0,2023
2023,7,まゆ墨・まつ毛化粧料,月末在庫,kg,114158.0,2023
2023,8,まゆ墨・まつ毛化粧料,月末在庫,kg,112322.0,2023
2023,9,まゆ墨・まつ毛化粧料,月末在庫,kg,115085.0,2023
2023,10,まゆ墨・まつ毛化粧料,月末在庫,kg,120610.0,2023
2023,11,まゆ墨・まつ毛化粧料,月末在庫,kg,122709.0,2023
2023,12,まゆ墨・まつ毛化粧料,月末在庫,kg,124532.0,2023
2024,1,まゆ墨・まつ毛化粧料,月末在庫,kg,120457.0,2024
2024,2,まゆ墨・まつ毛化粧料,月末在庫,kg,123353.0,2024
2024,3,まゆ墨・まつ毛化粧料,月末在庫,kg,125416.0,2024
2024,4,まゆ墨・まつ毛化粧料,月末在庫,kg,114873.0,2024
2024,5,まゆ墨・まつ毛化粧料,月末在庫,kg,120496.0,2024
2024,6,まゆ墨・まつ毛化粧料,月末在庫,kg,116371.0,2024
2024,7,まゆ墨・まつ毛化粧料,月末在庫,kg,106486.0,2024
2024,8,まゆ墨・まつ毛化粧料,月末在庫,kg,113309.0,2024
2024,9,まゆ墨・まつ毛化粧料,月末在庫,kg,110879.0,2024
2024,10,まゆ墨・まつ毛化粧料,月末在庫,kg,105319.0,2024
2024,11,まゆ墨・まつ毛化粧料,月末在庫,kg,107955.0,2024
2024,12,まゆ墨・まつ毛化粧料,月末在庫,kg,99717.0,2024
2015,0,まゆ墨・まつ毛化粧料,生産,kg,303930.0,2019
2016,0,まゆ墨・まつ毛化粧料,生産,kg,268208.0,2020
2017,0,まゆ墨・まつ毛化粧料,生産,kg,298719.0,2021
2018,0,まゆ墨・まつ毛化粧料,生産,kg,296828.0,2022
2019,0,まゆ墨・まつ毛化粧料,生産,kg,308832.0,2023
2019,1,まゆ墨・まつ毛化粧料,生産,kg,26253.0,2019
2019,2,まゆ墨・まつ毛化粧料,生産,kg,26426.0,2019
2019,3,まゆ墨・まつ毛化粧料,生産,kg,23180.0,2019
2019,4,まゆ墨・まつ毛化粧料,生産,kg,25046.0,2019
2019,5,まゆ墨・まつ毛化粧料,生産,kg,28349.0,2019
2019,6,まゆ墨・まつ毛化粧料,生産,kg,22865.0,2019
2019,7,まゆ墨・まつ毛化粧料,生産,kg,21798.0,2019
2019,8,まゆ墨・まつ毛化粧料,生産,kg,33795.0,2019
2019,9,まゆ墨・まつ毛化粧料,生産,kg,26276.0,2019
2019,10,まゆ墨・まつ毛化粧料,生産,kg,20172.0,2019
2019,11,まゆ墨・まつ毛化粧料,生産,kg,21839.0,2019
2019,12,まゆ墨・まつ毛化粧料,生産,kg,32833.0,2019
2020,0,まゆ墨・まつ毛化粧料,生産,kg,252872.0,2023
2020,1,まゆ墨・まつ毛化粧料,生産,kg,16441.0,2020
2020,2,まゆ墨・まつ毛化粧料,生産,kg,19876.0,2020
2020,3,まゆ墨・まつ毛化粧料,生産,kg,29783.0,2020
2020,4,まゆ墨・まつ毛化粧料,生産,kg,21744.0,2020
2020,5,まゆ墨・まつ毛化粧料,生産,kg,16928.0,2020
2020,6,まゆ墨・まつ毛化粧料,生産,kg,22833.0,2020
2020,7,まゆ墨・まつ毛化粧料,生産,kg,26752.0,2020
2020,8,まゆ墨・まつ毛化粧料,生産,kg,19861.0,2020
2020,9,まゆ墨・まつ毛化粧料,生産,kg,21491.0,2020
2020,10,まゆ墨・まつ毛化粧料,生産,kg,20212.0,2020
2020,11,まゆ墨・まつ毛化粧料,生産,kg,17122.0,2020
2020,12,まゆ墨・まつ毛化粧料,生産,kg,19464.0,2020
2021,0,まゆ墨・まつ毛化粧料,生産,kg,255991.0,2023
2021,1,まゆ墨・まつ毛化粧料,生産,kg,19002.0,2021
2021,2,まゆ墨・まつ毛化粧料,生産,kg,22723.0,2021
2021,3,まゆ墨・まつ毛化粧料,生産,kg,26324.0,2021
2021,4,まゆ墨・まつ毛化粧料,生産,kg,20600.0,2021
2021,5,まゆ墨・まつ毛化粧料,生産,kg,16063.0,2021
2021,6,まゆ墨・まつ毛化粧料,生産,kg,19585.0,2021
2021,7,まゆ墨・まつ毛化粧料,生産,kg,19364.0,2021
2021,8,まゆ墨・まつ毛化粧料,生産,kg,20523.0,2021
2021,9,まゆ墨・まつ毛化粧料,生産,kg,23512.0,2021
2021,10,まゆ墨・まつ毛化粧料,生産,kg,21420.0,2021
2021,11,まゆ墨・まつ毛化粧料,生産,kg,23161.0,2021
2021,12,まゆ墨・まつ毛化粧料,生産,kg,23178.0,2021
2022,0,まゆ墨・まつ毛化粧料,生産,kg,307904.0,2023
2022,1,まゆ墨・まつ毛化粧料,生産,kg,23202.0,2022
2022,2,まゆ墨・まつ毛化粧料,生産,kg,21887.0,2022
2022,3,まゆ墨・まつ毛化粧料,生産,kg,25197.0,2022
2022,4,まゆ墨・まつ毛化粧料,生産,kg,29249.0,2022
2022,5,まゆ墨・まつ毛化粧料,生産,kg,22186.0,2022
2022,6,まゆ墨・まつ毛化粧料,生産,kg,26415.0,2022
2022,7,まゆ墨・まつ毛化粧料,生産,kg,26540.0,2022
2022,8,まゆ墨・まつ毛化粧料,生産,kg,30626.0,2022
2022,9,まゆ墨・まつ毛化粧料,生産,kg,25577.0,2022
2022,10,まゆ墨・まつ毛化粧料,生産,kg,26556.0,2022
2022,11,まゆ墨・まつ毛化粧料,生産,kg,25225.0,2022
2022,12,まゆ墨・まつ毛化粧料,生産,kg,25244.0,2022
2023,0,まゆ墨・まつ毛化粧料,生産,kg,310008.0,2023
2023,1,まゆ墨・まつ毛化粧料,生産,kg,22805.0,2023
2023,2,まゆ墨・まつ毛化粧料,生産,kg,25005.0,2023
2023,3,まゆ墨・まつ毛化粧料,生産,kg,28279.0,2023
2023,4,まゆ墨・まつ毛化粧料,生産,kg,29558.0,2023
2023,5,まゆ墨・まつ毛化粧料,生産,kg,24541.0,2023
2023,6,まゆ墨・まつ毛化粧料,生産,kg,29005.0,2023
2023,7,まゆ墨・まつ毛化粧料,生産,kg,28528.0,2023
2023,8,まゆ墨・まつ毛化粧料,生産,kg,22044.0,2023
2023,9,まゆ墨・まつ毛化粧料,生産,kg,24561.0,2023
2023,10,まゆ墨・まつ毛化粧料,生産,kg,27281.0,2023
2023,11,まゆ墨・まつ毛化粧料,生産,kg,25604.0,2023
2023,12,まゆ墨・まつ毛化粧料,生産,kg,22797.0,2023
2024,1,まゆ墨・まつ毛化粧料,生産,kg,27017.0,2024
2024,2,まゆ墨・まつ毛化粧料,生産,kg,23154.0,2024
2024,3,まゆ墨・まつ毛化粧料,生産,kg,20282.0,2024
2024,4,まゆ墨・まつ毛化粧料,生産,kg,21719.0,2024
2024,5,まゆ墨・まつ毛化粧料,生産,kg,20583.0,2024
2024,6,まゆ墨・まつ毛化粧料,生産,kg,19447.0,2024
2024,7,まゆ墨・まつ毛化粧料,生産,kg,24211.0,2024
2024,8,まゆ墨・まつ毛化粧料,生産,kg,24030.0,2024
2024,9,まゆ墨・まつ毛化粧料,生産,kg,23479.0,2024
2024,10,まゆ墨・まつ毛化粧料,生産,kg,18554.0,2024
2024,11,まゆ墨・まつ毛化粧料,生産,kg,17875.0,2024
2024,12,まゆ墨・まつ毛化粧料,生産,kg,17474.0,2024
2015,0,まゆ墨・まつ毛化粧料,販売個数,十個,7130691.0,2019
2016,0,まゆ墨・まつ毛化粧料,販売個数,十個,7699022.0,2020
2017,0,まゆ墨・まつ毛化粧料,販売個数,十個,8604871.0,2021
2018,0,まゆ墨・まつ毛化粧料,販売個数,十個,9067230.0,2022
2019,0,まゆ墨・まつ毛化粧料,販売個数,十個,9471867.0,2023
2019,1,まゆ墨・まつ毛化粧料,販売個数,十個,738618.0,2019
2019,2,まゆ墨・まつ毛化粧料,販売個数,十個,795461.0,2019
2019,3,まゆ墨・まつ毛化粧料,販売個数,十個,758795.0,2019
2019,4,まゆ墨・まつ毛化粧料,販売個数,十個,768178.0,2019
2019,5,まゆ墨・まつ毛化粧料,販売個数,十個,781877.0,2019
2019,6,まゆ墨・まつ毛化粧料,販売個数,十個,766922.0,2019
2019,7,まゆ墨・まつ毛化粧料,販売個数,十個,832606.0,2019
2019,8,まゆ墨・まつ毛化粧料,販売個数,十個,710811.0,2019
2019,9,まゆ墨・まつ毛化粧料,販売個数,十個,752619.0,2019
2019,10,まゆ墨・まつ毛化粧料,販売個数,十個,905719.0,2019
2019,11,まゆ墨・まつ毛化粧料,販売個数,十個,743077.0,2019
2019,12,まゆ墨・まつ毛化粧料,販売個数,十個,917184.0,2019
2020,0,まゆ墨・まつ毛化粧料,販売個数,十個,8076865.0,2023
2020,1,まゆ墨・まつ毛化粧料,販売個数,十個,663905.0,2020
2020,2,まゆ墨・まつ毛化粧料,販売個数,十個,645342.0,2020
2020,3,まゆ墨・まつ毛化粧料,販売個数,十個,796475.0,2020
2020,4,まゆ墨・まつ毛化粧料,販売個数,十個,583985.0,2020
2020,5,まゆ墨・まつ毛化粧料,販売個数,十個,548728.0,2020
2020,6,まゆ墨・まつ毛化粧料,販売個数,十個,714445.0,2020
2020,7,まゆ墨・まつ毛化粧料,販売個数,十個,662683.0,2020
2020,8,まゆ墨・まつ毛化粧料,販売個数,十個,601433.0,2020
2020,9,まゆ墨・まつ毛化粧料,販売個数,十個,732132.0,2020
2020,10,まゆ墨・まつ毛化粧料,販売個数,十個,712696.0,2020
2020,11,まゆ墨・まつ毛化粧料,販売個数,十個,637980.0,2020
2020,12,まゆ墨・まつ毛化粧料,販売個数,十個,777061.0,2020
2021,0,まゆ墨・まつ毛化粧料,販売個数,十個,8293959.0,2023
2021,1,まゆ墨・まつ毛化粧料,販売個数,十個,554349.0,2021
2021,2,まゆ墨・まつ毛化粧料,販売個数,十個,661685.0,2021
2021,3,まゆ墨・まつ毛化粧料,販売個数,十個,685589.0,2021
2021,4,まゆ墨・まつ毛化粧料,販売個数,十個,722558.0,2021
2021,5,まゆ墨・まつ毛化粧料,販売個数,十個,583369.0,2021
2021,6,まゆ墨・まつ毛化粧料,販売個数,十個,616244.0,2021
2021,7,まゆ墨・まつ毛化粧料,販売個数,十個,749313.0,2021
2021,8,まゆ墨・まつ毛化粧料,販売個数,十個,646511.0,2021
2021,9,まゆ墨・まつ毛化粧料,販売個数,十個,683110.0,2021
2021,10,まゆ墨・まつ毛化粧料,販売個数,十個,764991.0,2021
2021,11,まゆ墨・まつ毛化粧料,販売個数,十個,759681.0,2021
2021,12,まゆ墨・まつ毛化粧料,販売個数,十個,866559.0,2021
2022,0,まゆ墨・まつ毛化粧料,販売個数,十個,9218172.0,2023
2022,1,まゆ墨・まつ毛化粧料,販売個数,十個,665515.0,2022
2022,2,まゆ墨・まつ毛化粧料,販売個数,十個,604015.0,2022
2022,3,まゆ墨・まつ毛化粧料,販売個数,十個,832921.0,2022
2022,4,まゆ墨・まつ毛化粧料,販売個数,十個,826445.0,2022
2022,5,まゆ墨・まつ毛化粧料,販売個数,十個,610850.0,2022
2022,6,まゆ墨・まつ毛化粧料,販売個数,十個,746185.0,2022
2022,7,まゆ墨・まつ毛化粧料,販売個数,十個,771370.0,2022
2022,8,まゆ墨・まつ毛化粧料,販売個数,十個,768953.0,2022
2022,9,まゆ墨・まつ毛化粧料,販売個数,十個,769021.0,2022
2022,10,まゆ墨・まつ毛化粧料,販売個数,十個,862454.0,2022
2022,11,まゆ墨・まつ毛化粧料,販売個数,十個,803612.0,2022
2022,12,まゆ墨・まつ毛化粧料,販売個数,十個,956831.0,2022
2023,0,まゆ墨・まつ毛化粧料,販売個数,十個,8834199.0,2023
2023,1,まゆ墨・まつ毛化粧料,販売個数,十個,676128.0,2023
2023,2,まゆ墨・まつ毛化粧料,販売個数,十個,676045.0,2023
2023,3,まゆ墨・まつ毛化粧料,販売個数,十個,745382.0,2023
2023,4,まゆ墨・まつ毛化粧料,販売個数,十個,791481.0,2023
2023,5,まゆ墨・まつ毛化粧料,販売個数,十個,669158.0,2023
2023,6,まゆ墨・まつ毛化粧料,販売個数,十個,725000.0,2023
2023,7,まゆ墨・まつ毛化粧料,販売個数,十個,799870.0,2023
2023,8,まゆ墨・まつ毛化粧料,販売個数,十個,821749.0,2023
2023,9,まゆ墨・まつ毛化粧料,販売個数,十個,709841.0,2023
2023,10,まゆ墨・まつ毛化粧料,販売個数,十個,741147.0,2023
2023,11,まゆ墨・まつ毛化粧料,販売個数,十個,722020.0,2023
2023,12,まゆ墨・まつ毛化粧料,販売個数,十個,756378.0,2023
2024,1,まゆ墨・まつ毛化粧料,販売個数,十個,704515.0,2024
2024,2,まゆ墨・まつ毛化粧料,販売個数,十個,645784.0,2024
2024,3,まゆ墨・まつ毛化粧料,販売個数,十個,704694.0,2024
2024,4,まゆ墨・まつ毛化粧料,販売個数,十個,811736.0,2024
2024,5,まゆ墨・まつ毛化粧料,販売個数,十個,578438.0,2024
2024,6,まゆ墨・まつ毛化粧料,販売個数,十個,647174.0,2024
2024,7,まゆ墨・まつ毛化粧料,販売個数,十個,826976.0,2024
2024,8,まゆ墨・まつ毛化粧料,販売個数,十個,645502.0,2024
2024,9,まゆ墨・まつ毛化粧料,販売個数,十個,714398.0,2024
2024,10,まゆ墨・まつ毛化粧料,販売個数,十個,651484.0,2024
2024,11,まゆ墨・まつ毛化粧料,販売個数,十個,613061.0,2024
2024,12,まゆ墨・まつ毛化粧料,販売個数,十個,640937.0,2024
2015,0,まゆ墨・まつ毛化粧料,販売数量,kg,324876.0,2019
2016,0,まゆ墨・まつ毛化粧料,販売数量,kg,297738.0,2020
2017,0,まゆ墨・まつ毛化粧料,販売数量,kg,329623.0,2021
2018,0,まゆ墨・まつ毛化粧料,販売数量,kg,325239.0,2022
2019,0,まゆ墨・まつ毛化粧料,販売数量,kg,346540.0,2023
2019,1,まゆ墨・まつ毛化粧料,販売数量,kg,27675.0,2019
2019,2,まゆ墨・まつ毛化粧料,販売数量,kg,28154.0,2019
2019,3,まゆ墨・まつ毛化粧料,販売数量,kg,30709.0,2019
2019,4,まゆ墨・まつ毛化粧料,販売数量,kg,30136.0,2019
2019,5,まゆ墨・まつ毛化粧料,販売数量,kg,26183.0,2019
2019,6,まゆ墨・まつ毛化粧料,販売数量,kg,26236.0,2019
2019,7,まゆ墨・まつ毛化粧料,販売数量,kg,29259.0,2019
2019,8,まゆ墨・まつ毛化粧料,販売数量,kg,28605.0,2019
2019,9,まゆ墨・まつ毛化粧料,販売数量,kg,27841.0,2019
2019,10,まゆ墨・まつ毛化粧料,販売数量,kg,31388.0,2019
2019,11,まゆ墨・まつ毛化粧料,販売数量,kg,27455.0,2019
2019,12,まゆ墨・まつ毛化粧料,販売数量,kg,32899.0,2019
2020,0,まゆ墨・まつ毛化粧料,販売数量,kg,320187.0,2023
2020,1,まゆ墨・まつ毛化粧料,販売数量,kg,25558.0,2020
2020,2,まゆ墨・まつ毛化粧料,販売数量,kg,21472.0,2020
2020,3,まゆ墨・まつ毛化粧料,販売数量,kg,25909.0,2020
2020,4,まゆ墨・まつ毛化粧料,販売数量,kg,19601.0,2020
2020,5,まゆ墨・まつ毛化粧料,販売数量,kg,18475.0,2020
2020,6,まゆ墨・まつ毛化粧料,販売数量,kg,31029.0,2020
2020,7,まゆ墨・まつ毛化粧料,販売数量,kg,27300.0,2020
2020,8,まゆ墨・まつ毛化粧料,販売数量,kg,27821.0,2020
2020,9,まゆ墨・まつ毛化粧料,販売数量,kg,37535.0,2020
2020,10,まゆ墨・まつ毛化粧料,販売数量,kg,30271.0,2020
2020,11,まゆ墨・まつ毛化粧料,販売数量,kg,25424.0,2020
2020,12,まゆ墨・まつ毛化粧料,販売数量,kg,29792.0,2020
2021,0,まゆ墨・まつ毛化粧料,販売数量,kg,293888.0,2023
2021,1,まゆ墨・まつ毛化粧料,販売数量,kg,19962.0,2021
2021,2,まゆ墨・まつ毛化粧料,販売数量,kg,23408.0,2021
2021,3,まゆ墨・まつ毛化粧料,販売数量,kg,25143.0,2021
2021,4,まゆ墨・まつ毛化粧料,販売数量,kg,26143.0,2021
2021,5,まゆ墨・まつ毛化粧料,販売数量,kg,19147.0,2021
2021,6,まゆ墨・まつ毛化粧料,販売数量,kg,20160.0,2021
2021,7,まゆ墨・まつ毛化粧料,販売数量,kg,26135.0,2021
2021,8,まゆ墨・まつ毛化粧料,販売数量,kg,21262.0,2021
2021,9,まゆ墨・まつ毛化粧料,販売数量,kg,26042.0,2021
2021,10,まゆ墨・まつ毛化粧料,販売数量,kg,28491.0,2021
2021,11,まゆ墨・まつ毛化粧料,販売数量,kg,28376.0,2021
2021,12,まゆ墨・まつ毛化粧料,販売数量,kg,29619.0,2021
2022,0,まゆ墨・まつ毛化粧料,販売数量,kg,426599.0,2023
2022,1,まゆ墨・まつ毛化粧料,販売数量,kg,31520.0,2022
2022,2,まゆ墨・まつ毛化粧料,販売数量,kg,26230.0,2022
2022,3,まゆ墨・まつ毛化粧料,販売数量,kg,38577.0,2022
2022,4,まゆ墨・まつ毛化粧料,販売数量,kg,37859.0,2022
2022,5,まゆ墨・まつ毛化粧料,販売数量,kg,25778.0,2022
2022,6,まゆ墨・まつ毛化粧料,販売数量,kg,32462.0,2022
2022,7,まゆ墨・まつ毛化粧料,販売数量,kg,33238.0,2022
2022,8,まゆ墨・まつ毛化粧料,販売数量,kg,37506.0,2022
2022,9,まゆ墨・まつ毛化粧料,販売数量,kg,43503.0,2022
2022,10,まゆ墨・まつ毛化粧料,販売数量,kg,36594.0,2022
2022,11,まゆ墨・まつ毛化粧料,販売数量,kg,36169.0,2022
2022,12,まゆ墨・まつ毛化粧料,販売数量,kg,47163.0,2022
2023,0,まゆ墨・まつ毛化粧料,販売数量,kg,440082.0,2023
2023,1,まゆ墨・まつ毛化粧料,販売数量,kg,43427.0,2023
2023,2,まゆ墨・まつ毛化粧料,販売数量,kg,43336.0,2023
2023,3,まゆ墨・まつ毛化粧料,販売数量,kg,35776.0,2023
2023,4,まゆ墨・まつ毛化粧料,販売数量,kg,38219.0,2023
2023,5,まゆ墨・まつ毛化粧料,販売数量,kg,35896.0,2023
2023,6,まゆ墨・まつ毛化粧料,販売数量,kg,30185.0,2023
2023,7,まゆ墨・まつ毛化粧料,販売数量,kg,37186.0,2023
2023,8,まゆ墨・まつ毛化粧料,販売数量,kg,38225.0,2023
2023,9,まゆ墨・まつ毛化粧料,販売数量,kg,31290.0,2023
2023,10,まゆ墨・まつ毛化粧料,販売数量,kg,33458.0,2023
2023,11,まゆ墨・まつ毛化粧料,販売数量,kg,36798.0,2023
2023,12,まゆ墨・まつ毛化粧料,販売数量,kg,36286.0,2023
2024,1,まゆ墨・まつ毛化粧料,販売数量,kg,43171.0,2024
2024,2,まゆ墨・まつ毛化粧料,販売数量,kg,31555.0,2024
2024,3,まゆ墨・まつ毛化粧料,販売数量,kg,40792.0,2024
2024,4,まゆ墨・まつ毛化粧料,販売数量,kg,46929.0,2024
2024,5,まゆ墨・まつ毛化粧料,販売数量,kg,24344.0,2024
2024,6,まゆ墨・まつ毛化粧料,販売数量,kg,27368.0,2024
2024,7,まゆ墨・まつ毛化粧料,販売数量,kg,39630.0,2024
2024,8,まゆ墨・まつ毛化粧料,販売数量,kg,26029.0,2024
2024,9,まゆ墨・まつ毛化粧料,販売数量,kg,31655.0,2024
2024,10,まゆ墨・まつ毛化粧料,販売数量,kg,30125.0,2024
2024,11,まゆ墨・まつ毛化粧料,販売数量,kg,27728.0,2024
2024,12,まゆ墨・まつ毛化粧料,販売数量,kg,31279.0,2024
2015,0,まゆ墨・まつ毛化粧料,販売金額,千円,35105584.0,2019
2016,0,まゆ墨・まつ毛化粧料,販売金額,千円,36557763.0,2020
2017,0,まゆ墨・まつ毛化粧料,販売金額,千円,44746842.0,2021
2018,0,まゆ墨・まつ毛化粧料,販売金額,千円,45962037.0,2022
2019,0,まゆ墨・まつ毛化粧料,販売金額,千円,49249871.0,2023
2019,1,まゆ墨・まつ毛化粧料,販売金額,千円,3619069.0,2019
2019,2,まゆ墨・まつ毛化粧料,販売金額,千円,3770275.0,2019
2019,3,まゆ墨・まつ毛化粧料,販売金額,千円,3952241.0,2019
2019,4,まゆ墨・まつ毛化粧料,販売金額,千円,4090194.0,2019
2019,5,まゆ墨・まつ毛化粧料,販売金額,千円,3544349.0,2019
2019,6,まゆ墨・まつ毛化粧料,販売金額,千円,3753497.0,2019
2019,7,まゆ墨・まつ毛化粧料,販売金額,千円,4034879.0,2019
2019,8,まゆ墨・まつ毛化粧料,販売金額,千円,4169484.0,2019
2019,9,まゆ墨・まつ毛化粧料,販売金額,千円,3979360.0,2019
2019,10,まゆ墨・まつ毛化粧料,販売金額,千円,5365164.0,2019
2019,11,まゆ墨・まつ毛化粧料,販売金額,千円,3829496.0,2019
2019,12,まゆ墨・まつ毛化粧料,販売金額,千円,5141863.0,2019
2020,0,まゆ墨・まつ毛化粧料,販売金額,千円,42159708.0,2023
2020,1,まゆ墨・まつ毛化粧料,販売金額,千円,3608360.0,2020
2020,2,まゆ墨・まつ毛化粧料,販売金額,千円,3240615.0,2020
2020,3,まゆ墨・まつ毛化粧料,販売金額,千円,3921058.0,2020
2020,4,まゆ墨・まつ毛化粧料,販売金額,千円,2783781.0,2020
2020,5,まゆ墨・まつ毛化粧料,販売金額,千円,2567330.0,2020
2020,6,まゆ墨・まつ毛化粧料,販売金額,千円,3664424.0,2020
2020,7,まゆ墨・まつ毛化粧料,販売金額,千円,3480513.0,2020
2020,8,まゆ墨・まつ毛化粧料,販売金額,千円,3084678.0,2020
2020,9,まゆ墨・まつ毛化粧料,販売金額,千円,3835496.0,2020
2020,10,まゆ墨・まつ毛化粧料,販売金額,千円,3872973.0,2020
2020,11,まゆ墨・まつ毛化粧料,販売金額,千円,3688238.0,2020
2020,12,まゆ墨・まつ毛化粧料,販売金額,千円,4412242.0,2020
2021,0,まゆ墨・まつ毛化粧料,販売金額,千円,44429987.0,2023
2021,1,まゆ墨・まつ毛化粧料,販売金額,千円,2967826.0,2021
2021,2,まゆ墨・まつ毛化粧料,販売金額,千円,3527831.0,2021
2021,3,まゆ墨・まつ毛化粧料,販売金額,千円,3689615.0,2021
2021,4,まゆ墨・まつ毛化粧料,販売金額,千円,3846398.0,2021
2021,5,まゆ墨・まつ毛化粧料,販売金額,千円,2843885.0,2021
2021,6,まゆ墨・まつ毛化粧料,販売金額,千円,3151298.0,2021
2021,7,まゆ墨・まつ毛化粧料,販売金額,千円,3954070.0,2021
2021,8,まゆ墨・まつ毛化粧料,販売金額,千円,3310590.0,2021
2021,9,まゆ墨・まつ毛化粧料,販売金額,千円,3794575.0,2021
2021,10,まゆ墨・まつ毛化粧料,販売金額,千円,4300714.0,2021
2021,11,まゆ墨・まつ毛化粧料,販売金額,千円,4306247.0,2021
2021,12,まゆ墨・まつ毛化粧料,販売金額,千円,4736938.0,2021
2022,0,まゆ墨・まつ毛化粧料,販売金額,千円,51901236.0,2023
2022,1,まゆ墨・まつ毛化粧料,販売金額,千円,3507213.0,2022
2022,2,まゆ墨・まつ毛化粧料,販売金額,千円,3304477.0,2022
2022,3,まゆ墨・まつ毛化粧料,販売金額,千円,5156463.0,2022
2022,4,まゆ墨・まつ毛化粧料,販売金額,千円,4814378.0,2022
2022,5,まゆ墨・まつ毛化粧料,販売金額,千円,3200052.0,2022
2022,6,まゆ墨・まつ毛化粧料,販売金額,千円,4164114.0,2022
2022,7,まゆ墨・まつ毛化粧料,販売金額,千円,3935134.0,2022
2022,8,まゆ墨・まつ毛化粧料,販売金額,千円,4704154.0,2022
2022,9,まゆ墨・まつ毛化粧料,販売金額,千円,4458225.0,2022
2022,10,まゆ墨・まつ毛化粧料,販売金額,千円,4647170.0,2022
2022,11,まゆ墨・まつ毛化粧料,販売金額,千円,4503894.0,2022
2022,12,まゆ墨・まつ毛化粧料,販売金額,千円,5505962.0,2022
2023,0,まゆ墨・まつ毛化粧料,販売金額,千円,50671848.0,2023
2023,1,まゆ墨・まつ毛化粧料,販売金額,千円,3869071.0,2023
2023,2,まゆ墨・まつ毛化粧料,販売金額,千円,3867261.0,2023
2023,3,まゆ墨・まつ毛化粧料,販売金額,千円,4169314.0,2023
2023,4,まゆ墨・まつ毛化粧料,販売金額,千円,4546539.0,2023
2023,5,まゆ墨・まつ毛化粧料,販売金額,千円,3781781.0,2023
2023,6,まゆ墨・まつ毛化粧料,販売金額,千円,4049117.0,2023
2023,7,まゆ墨・まつ毛化粧料,販売金額,千円,4454838.0,2023
2023,8,まゆ墨・まつ毛化粧料,販売金額,千円,4889920.0,2023
2023,9,まゆ墨・まつ毛化粧料,販売金額,千円,3993884.0,2023
2023,10,まゆ墨・まつ毛化粧料,販売金額,千円,4212649.0,2023
2023,11,まゆ墨・まつ毛化粧料,販売金額,千円,4243594.0,2023
2023,12,まゆ墨・まつ毛化粧料,販売金額,千円,4593880.0,2023
2024,1,まゆ墨・まつ毛化粧料,販売金額,千円,3992888.0,2024
2024,2,まゆ墨・まつ毛化粧料,販売金額,千円,3705654.0,2024
2024,3,まゆ墨・まつ毛化粧料,販売金額,千円,4214316.0,2024
2024,4,まゆ墨・まつ毛化粧料,販売金額,千円,4953819.0,2024
2024,5,まゆ墨・まつ毛化粧料,販売金額,千円,3086128.0,2024
2024,6,まゆ墨・まつ毛化粧料,販売金額,千円,3520409.0,2024
2024,7,まゆ墨・まつ毛化粧料,販売金額,千円,4659849.0,2024
2024,8,まゆ墨・まつ毛化粧料,販売金額,千円,3667124.0,2024
2024,9,まゆ墨・まつ毛化粧料,販売金額,千円,4633930.0,2024
2024,10,まゆ墨・まつ毛化粧料,販売金額,千円,3803084.0,2024
2024,11,まゆ墨・まつ毛化粧料,販売金額,千円,3569249.0,2024
2024,12,まゆ墨・まつ毛化粧料,販売金額,千円,3880738.0,2024
2015,0,アイメークアップ,出荷その他,kg,15601.0,2019
2016,0,アイメークアップ,出荷その他,kg,10567.0,2020
2017,0,アイメークアップ,出荷その他,kg,11547.0,2021
2018,0,アイメークアップ,出荷その他,kg,14464.0,2022
2019,0,アイメークアップ,出荷その他,kg,9826.0,2023
2019,1,アイメークアップ,出荷その他,kg,784.0,2019
2019,2,アイメークアップ,出荷その他,kg,397.0,2019
2019,3,アイメークアップ,出荷その他,kg,739.0,2019
2019,4,アイメークアップ,出荷その他,kg,671.0,2019
2019,5,アイメークアップ,出荷その他,kg,469.0,2019
2019,6,アイメークアップ,出荷その他,kg,887.0,2019
2019,7,アイメークアップ,出荷その他,kg,889.0,2019
2019,8,アイメークアップ,出荷その他,kg,545.0,2019
2019,9,アイメークアップ,出荷その他,kg,935.0,2019
2019,10,アイメークアップ,出荷その他,kg,867.0,2019
2019,11,アイメークアップ,出荷その他,kg,1756.0,2019
2019,12,アイメークアップ,出荷その他,kg,887.0,2019
2020,0,アイメークアップ,出荷その他,kg,12134.0,2023
2020,1,アイメークアップ,出荷その他,kg,451.0,2020
2020,2,アイメークアップ,出荷その他,kg,500.0,2020
2020,3,アイメークアップ,出荷その他,kg,1316.0,2020
2020,4,アイメークアップ,出荷その他,kg,613.0,2020
2020,5,アイメークアップ,出荷その他,kg,492.0,2020
2020,6,アイメークアップ,出荷その他,kg,1007.0,2020
2020,7,アイメークアップ,出荷その他,kg,2147.0,2020
2020,8,アイメークアップ,出荷その他,kg,1506.0,2020
2020,9,アイメークアップ,出荷その他,kg,1283.0,2020
2020,10,アイメークアップ,出荷その他,kg,1111.0,2020
2020,11,アイメークアップ,出荷その他,kg,886.0,2020
2020,12,アイメークアップ,出荷その他,kg,822.0,2020
2021,0,アイメークアップ,出荷その他,kg,10284.0,2023
2021,1,アイメークアップ,出荷その他,kg,476.0,2021
2021,2,アイメークアップ,出荷その他,kg,733.0,2021
2021,3,アイメークアップ,出荷その他,kg,678.0,2021
2021,4,アイメークアップ,出荷その他,kg,902.0,2021
2021,5,アイメークアップ,出荷その他,kg,690.0,2021
2021,6,アイメークアップ,出荷その他,kg,1823.0,2021
2021,7,アイメークアップ,出荷その他,kg,749.0,2021
2021,8,アイメークアップ,出荷その他,kg,555.0,2021
2021,9,アイメークアップ,出荷その他,kg,785.0,2021
2021,10,アイメークアップ,出荷その他,kg,658.0,2021
2021,11,アイメークアップ,出荷その他,kg,715.0,2021
2021,12,アイメークアップ,出荷その他,kg,1520.0,2021
2022,0,アイメークアップ,出荷その他,kg,10779.0,2023
2022,1,アイメークアップ,出荷その他,kg,939.0,2022
2022,2,アイメークアップ,出荷その他,kg,723.0,2022
2022,3,アイメークアップ,出荷その他,kg,901.0,2022
2022,4,アイメークアップ,出荷その他,kg,594.0,2022
2022,5,アイメークアップ,出荷その他,kg,666.0,2022
2022,6,アイメークアップ,出荷その他,kg,664.0,2022
2022,7,アイメークアップ,出荷その他,kg,517.0,2022
2022,8,アイメークアップ,出荷その他,kg,456.0,2022
2022,9,アイメークアップ,出荷その他,kg,2126.0,2022
2022,10,アイメークアップ,出荷その他,kg,1793.0,2022
2022,11,アイメークアップ,出荷その他,kg,1002.0,2022
2022,12,アイメークアップ,出荷その他,kg,398.0,2022
2023,0,アイメークアップ,出荷その他,kg,9153.0,2023
2023,1,アイメークアップ,出荷その他,kg,351.0,2023
2023,2,アイメークアップ,出荷その他,kg,391.0,2023
2023,3,アイメークアップ,出荷その他,kg,726.0,2023
2023,4,アイメークアップ,出荷その他,kg,489.0,2023
2023,5,アイメークアップ,出荷その他,kg,629.0,2023
2023,6,アイメークアップ,出荷その他,kg,767.0,2023
2023,7,アイメークアップ,出荷その他,kg,340.0,2023
2023,8,アイメークアップ,出荷その他,kg,562.0,2023
2023,9,アイメークアップ,出荷その他,kg,1792.0,2023
2023,10,アイメークアップ,出荷その他,kg,641.0,2023
2023,11,アイメークアップ,出荷その他,kg,780.0,2023
2023,12,アイメークアップ,出荷その他,kg,1685.0,2023
2024,1,アイメークアップ,出荷その他,kg,1069.0,2024
2024,2,アイメークアップ,出荷その他,kg,481.0,2024
2024,3,アイメークアップ,出荷その他,kg,513.0,2024
2024,4,アイメークアップ,出荷その他,kg,1083.0,2024
2024,5,アイメークアップ,出荷その他,kg,575.0,2024
2024,6,アイメークアップ,出荷その他,kg,507.0,2024
2024,7,アイメークアップ,出荷その他,kg,646.0,2024
2024,8,アイメークアップ,出荷その他,kg,554.0,2024
2024,9,アイメークアップ,出荷その他,kg,3863.0,2024
2024,10,アイメークアップ,出荷その他,kg,1767.0,2024
2024,11,アイメークアップ,出荷その他,kg,396.0,2024
2024,12,アイメークアップ,出荷その他,kg,1009.0,2024
2015,0,アイメークアップ,受入,kg,55207.0,2019
2016,0,アイメークアップ,受入,kg,64620.0,2020
2017,0,アイメークアップ,受入,kg,58991.0,2021
2018,0,アイメークアップ,受入,kg,56401.0,2022
2019,0,アイメークアップ,受入,kg,60832.0,2023
2019,1,アイメークアップ,受入,kg,5152.0,2019
2019,2,アイメークアップ,受入,kg,11168.0,2019
2019,3,アイメークアップ,受入,kg,4237.0,2019
2019,4,アイメークアップ,受入,kg,4481.0,2019
2019,5,アイメークアップ,受入,kg,3758.0,2019
2019,6,アイメークアップ,受入,kg,3741.0,2019
2019,7,アイメークアップ,受入,kg,4869.0,2019
2019,8,アイメークアップ,受入,kg,5399.0,2019
2019,9,アイメークアップ,受入,kg,3463.0,2019
2019,10,アイメークアップ,受入,kg,5266.0,2019
2019,11,アイメークアップ,受入,kg,6405.0,2019
2019,12,アイメークアップ,受入,kg,2893.0,2019
2020,0,アイメークアップ,受入,kg,43335.0,2023
2020,1,アイメークアップ,受入,kg,2724.0,2020
2020,2,アイメークアップ,受入,kg,5915.0,2020
2020,3,アイメークアップ,受入,kg,2743.0,2020
2020,4,アイメークアップ,受入,kg,2816.0,2020
2020,5,アイメークアップ,受入,kg,5964.0,2020
2020,6,アイメークアップ,受入,kg,3073.0,2020
2020,7,アイメークアップ,受入,kg,7151.0,2020
2020,8,アイメークアップ,受入,kg,3005.0,2020
2020,9,アイメークアップ,受入,kg,1463.0,2020
2020,10,アイメークアップ,受入,kg,6108.0,2020
2020,11,アイメークアップ,受入,kg,1859.0,2020
2020,12,アイメークアップ,受入,kg,1448.0,2020
2021,0,アイメークアップ,受入,kg,12917.0,2023
2021,1,アイメークアップ,受入,kg,766.0,2021
2021,2,アイメークアップ,受入,kg,1049.0,2021
2021,3,アイメークアップ,受入,kg,1129.0,2021
2021,4,アイメークアップ,受入,kg,1060.0,2021
2021,5,アイメークアップ,受入,kg,766.0,2021
2021,6,アイメークアップ,受入,kg,438.0,2021
2021,7,アイメークアップ,受入,kg,1482.0,2021
2021,8,アイメークアップ,受入,kg,813.0,2021
2021,9,アイメークアップ,受入,kg,1901.0,2021
2021,10,アイメークアップ,受入,kg,2512.0,2021
2021,11,アイメークアップ,受入,kg,1611.0,2021
2021,12,アイメークアップ,受入,kg,1409.0,2021
2022,0,アイメークアップ,受入,kg,55326.0,2023
2022,1,アイメークアップ,受入,kg,1291.0,2022
2022,2,アイメークアップ,受入,kg,2196.0,2022
2022,3,アイメークアップ,受入,kg,18521.0,2022
2022,4,アイメークアップ,受入,kg,1067.0,2022
2022,5,アイメークアップ,受入,kg,1939.0,2022
2022,6,アイメークアップ,受入,kg,2275.0,2022
2022,7,アイメークアップ,受入,kg,8171.0,2022
2022,8,アイメークアップ,受入,kg,1199.0,2022
2022,9,アイメークアップ,受入,kg,6042.0,2022
2022,10,アイメークアップ,受入,kg,5072.0,2022
2022,11,アイメークアップ,受入,kg,4549.0,2022
2022,12,アイメークアップ,受入,kg,3004.0,2022
2023,0,アイメークアップ,受入,kg,41704.0,2023
2023,1,アイメークアップ,受入,kg,910.0,2023
2023,2,アイメークアップ,受入,kg,3614.0,2023
2023,3,アイメークアップ,受入,kg,2652.0,2023
2023,4,アイメークアップ,受入,kg,2001.0,2023
2023,5,アイメークアップ,受入,kg,3354.0,2023
2023,6,アイメークアップ,受入,kg,4509.0,2023
2023,7,アイメークアップ,受入,kg,3983.0,2023
2023,8,アイメークアップ,受入,kg,2508.0,2023
2023,9,アイメークアップ,受入,kg,5829.0,2023
2023,10,アイメークアップ,受入,kg,6486.0,2023
2023,11,アイメークアップ,受入,kg,1968.0,2023
2023,12,アイメークアップ,受入,kg,3890.0,2023
2024,1,アイメークアップ,受入,kg,2181.0,2024
2024,2,アイメークアップ,受入,kg,3756.0,2024
2024,3,アイメークアップ,受入,kg,3254.0,2024
2024,4,アイメークアップ,受入,kg,4941.0,2024
2024,5,アイメークアップ,受入,kg,4211.0,2024
2024,6,アイメークアップ,受入,kg,3187.0,2024
2024,7,アイメークアップ,受入,kg,5702.0,2024
2024,8,アイメークアップ,受入,kg,6871.0,2024
2024,9,アイメークアップ,受入,kg,1753.0,2024
2024,10,アイメークアップ,受入,kg,2189.0,2024
2024,11,アイメークアップ,受入,kg,3214.0,2024
2024,12,アイメークアップ,受入,kg,2053.0,2024
2015,0,アイメークアップ,月末在庫,kg,84650.0,2019
2016,0,アイメークアップ,月末在庫,kg,104412.0,2020
2017,0,アイメークアップ,月末在庫,kg,97416.0,2021
2018,0,アイメークアップ,月末在庫,kg,111039.0,2022
2019,0,アイメークアップ,月末在庫,kg,95437.0,2023
2019,1,アイメークアップ,月末在庫,kg,125295.0,2019
2019,2,アイメークアップ,月末在庫,kg,136026.0,2019
2019,3,アイメークアップ,月末在庫,kg,113047.0,2019
2019,4,アイメークアップ,月末在庫,kg,110700.0,2019
2019,5,アイメークアップ,月末在庫,kg,107159.0,2019
2019,6,アイメークアップ,月末在庫,kg,114021.0,2019
2019,7,アイメークアップ,月末在庫,kg,114790.0,2019
2019,8,アイメークアップ,月末在庫,kg,108781.0,2019
2019,9,アイメークアップ,月末在庫,kg,103537.0,2019
2019,10,アイメークアップ,月末在庫,kg,101350.0,2019
2019,11,アイメークアップ,月末在庫,kg,107673.0,2019
2019,12,アイメークアップ,月末在庫,kg,95437.0,2019
2020,0,アイメークアップ,月末在庫,kg,85623.0,2023
2020,1,アイメークアップ,月末在庫,kg,93663.0,2020
2020,2,アイメークアップ,月末在庫,kg,100983.0,2020
2020,3,アイメークアップ,月末在庫,kg,96590.0,2020
2020,4,アイメークアップ,月末在庫,kg,101024.0,2020
2020,5,アイメークアップ,月末在庫,kg,105871.0,2020
2020,6,アイメークアップ,月末在庫,kg,114268.0,2020
2020,7,アイメークアップ,月末在庫,kg,109678.0,2020
2020,8,アイメークアップ,月末在庫,kg,99813.0,2020
2020,9,アイメークアップ,月末在庫,kg,90179.0,2020
2020,10,アイメークアップ,月末在庫,kg,87284.0,2020
2020,11,アイメークアップ,月末在庫,kg,79845.0,2020
2020,12,アイメークアップ,月末在庫,kg,85623.0,2020
2021,0,アイメークアップ,月末在庫,kg,65388.0,2023
2021,1,アイメークアップ,月末在庫,kg,84035.0,2021
2021,2,アイメークアップ,月末在庫,kg,85554.0,2021
2021,3,アイメークアップ,月末在庫,kg,84757.0,2021
2021,4,アイメークアップ,月末在庫,kg,78675.0,2021
2021,5,アイメークアップ,月末在庫,kg,74178.0,2021
2021,6,アイメークアップ,月末在庫,kg,74463.0,2021
2021,7,アイメークアップ,月末在庫,kg,68686.0,2021
2021,8,アイメークアップ,月末在庫,kg,66045.0,2021
2021,9,アイメークアップ,月末在庫,kg,56592.0,2021
2021,10,アイメークアップ,月末在庫,kg,67426.0,2021
2021,11,アイメークアップ,月末在庫,kg,71323.0,2021
2021,12,アイメークアップ,月末在庫,kg,65388.0,2021
2022,0,アイメークアップ,月末在庫,kg,69920.0,2023
2022,1,アイメークアップ,月末在庫,kg,69893.0,2022
2022,2,アイメークアップ,月末在庫,kg,74438.0,2022
2022,3,アイメークアップ,月末在庫,kg,84868.0,2022
2022,4,アイメークアップ,月末在庫,kg,76212.0,2022
2022,5,アイメークアップ,月末在庫,kg,75264.0,2022
2022,6,アイメークアップ,月末在庫,kg,73682.0,2022
2022,7,アイメークアップ,月末在庫,kg,76984.0,2022
2022,8,アイメークアップ,月末在庫,kg,77319.0,2022
2022,9,アイメークアップ,月末在庫,kg,80007.0,2022
2022,10,アイメークアップ,月末在庫,kg,75627.0,2022
2022,11,アイメークアップ,月末在庫,kg,76033.0,2022
2022,12,アイメークアップ,月末在庫,kg,69920.0,2022
2023,0,アイメークアップ,月末在庫,kg,93653.0,2023
2023,1,アイメークアップ,月末在庫,kg,72652.0,2023
2023,2,アイメークアップ,月末在庫,kg,77625.0,2023
2023,3,アイメークアップ,月末在庫,kg,71788.0,2023
2023,4,アイメークアップ,月末在庫,kg,66573.0,2023
2023,5,アイメークアップ,月末在庫,kg,67861.0,2023
2023,6,アイメークアップ,月末在庫,kg,84845.0,2023
2023,7,アイメークアップ,月末在庫,kg,87310.0,2023
2023,8,アイメークアップ,月末在庫,kg,90627.0,2023
2023,9,アイメークアップ,月末在庫,kg,83328.0,2023
2023,10,アイメークアップ,月末在庫,kg,88608.0,2023
2023,11,アイメークアップ,月末在庫,kg,87331.0,2023
2023,12,アイメークアップ,月末在庫,kg,93653.0,2023
2024,1,アイメークアップ,月末在庫,kg,94304.0,2024
2024,2,アイメークアップ,月末在庫,kg,95804.0,2024
2024,3,アイメークアップ,月末在庫,kg,91286.0,2024
2024,4,アイメークアップ,月末在庫,kg,95342.0,2024
2024,5,アイメークアップ,月末在庫,kg,93764.0,2024
2024,6,アイメークアップ,月末在庫,kg,90561.0,2024
2024,7,アイメークアップ,月末在庫,kg,90222.0,2024
2024,8,アイメークアップ,月末在庫,kg,90109.0,2024
2024,9,アイメークアップ,月末在庫,kg,86621.0,2024
2024,10,アイメークアップ,月末在庫,kg,97054.0,2024
2024,11,アイメークアップ,月末在庫,kg,93081.0,2024
2024,12,アイメークアップ,月末在庫,kg,86795.0,2024
2015,0,アイメークアップ,生産,kg,270854.0,2019
2016,0,アイメークアップ,生産,kg,305421.0,2020
2017,0,アイメークアップ,生産,kg,283814.0,2021
2018,0,アイメークアップ,生産,kg,326540.0,2022
2019,0,アイメークアップ,生産,kg,286528.0,2023
2019,1,アイメークアップ,生産,kg,32484.0,2019
2019,2,アイメークアップ,生産,kg,39236.0,2019
2019,3,アイメークアップ,生産,kg,16262.0,2019
2019,4,アイメークアップ,生産,kg,22261.0,2019
2019,5,アイメークアップ,生産,kg,17932.0,2019
2019,6,アイメークアップ,生産,kg,32616.0,2019
2019,7,アイメークアップ,生産,kg,25753.0,2019
2019,8,アイメークアップ,生産,kg,15475.0,2019
2019,9,アイメークアップ,生産,kg,20271.0,2019
2019,10,アイメークアップ,生産,kg,21070.0,2019
2019,11,アイメークアップ,生産,kg,29992.0,2019
2019,12,アイメークアップ,生産,kg,13176.0,2019
2020,0,アイメークアップ,生産,kg,188654.0,2023
2020,1,アイメークアップ,生産,kg,13174.0,2020
2020,2,アイメークアップ,生産,kg,25949.0,2020
2020,3,アイメークアップ,生産,kg,17716.0,2020
2020,4,アイメークアップ,生産,kg,16378.0,2020
2020,5,アイメークアップ,生産,kg,13503.0,2020
2020,6,アイメークアップ,生産,kg,14148.0,2020
2020,7,アイメークアップ,生産,kg,10659.0,2020
2020,8,アイメークアップ,生産,kg,11987.0,2020
2020,9,アイメークアップ,生産,kg,12550.0,2020
2020,10,アイメークアップ,生産,kg,14315.0,2020
2020,11,アイメークアップ,生産,kg,11865.0,2020
2020,12,アイメークアップ,生産,kg,25476.0,2020
2021,0,アイメークアップ,生産,kg,205120.0,2023
2021,1,アイメークアップ,生産,kg,14711.0,2021
2021,2,アイメークアップ,生産,kg,17066.0,2021
2021,3,アイメークアップ,生産,kg,17682.0,2021
2021,4,アイメークアップ,生産,kg,28652.0,2021
2021,5,アイメークアップ,生産,kg,11760.0,2021
2021,6,アイメークアップ,生産,kg,16201.0,2021
2021,7,アイメークアップ,生産,kg,13627.0,2021
2021,8,アイメークアップ,生産,kg,12763.0,2021
2021,9,アイメークアップ,生産,kg,11344.0,2021
2021,10,アイメークアップ,生産,kg,26161.0,2021
2021,11,アイメークアップ,生産,kg,19712.0,2021
2021,12,アイメークアップ,生産,kg,13422.0,2021
2022,0,アイメークアップ,生産,kg,279507.0,2023
2022,1,アイメークアップ,生産,kg,13093.0,2022
2022,2,アイメークアップ,生産,kg,20490.0,2022
2022,3,アイメークアップ,生産,kg,29737.0,2022
2022,4,アイメークアップ,生産,kg,47912.0,2022
2022,5,アイメークアップ,生産,kg,42924.0,2022
2022,6,アイメークアップ,生産,kg,14997.0,2022
2022,7,アイメークアップ,生産,kg,26665.0,2022
2022,8,アイメークアップ,生産,kg,16550.0,2022
2022,9,アイメークアップ,生産,kg,17880.0,2022
2022,10,アイメークアップ,生産,kg,17072.0,2022
2022,11,アイメークアップ,生産,kg,20234.0,2022
2022,12,アイメークアップ,生産,kg,11953.0,2022
2023,0,アイメークアップ,生産,kg,332500.0,2023
2023,1,アイメークアップ,生産,kg,21119.0,2023
2023,2,アイメークアップ,生産,kg,46046.0,2023
2023,3,アイメークアップ,生産,kg,20984.0,2023
2023,4,アイメークアップ,生産,kg,23400.0,2023
2023,5,アイメークアップ,生産,kg,14685.0,2023
2023,6,アイメークアップ,生産,kg,37808.0,2023
2023,7,アイメークアップ,生産,kg,31286.0,2023
2023,8,アイメークアップ,生産,kg,29805.0,2023
2023,9,アイメークアップ,生産,kg,11968.0,2023
2023,10,アイメークアップ,生産,kg,35498.0,2023
2023,11,アイメークアップ,生産,kg,18568.0,2023
2023,12,アイメークアップ,生産,kg,41333.0,2023
2024,1,アイメークアップ,生産,kg,20646.0,2024
2024,2,アイメークアップ,生産,kg,29372.0,2024
2024,3,アイメークアップ,生産,kg,27640.0,2024
2024,4,アイメークアップ,生産,kg,19889.0,2024
2024,5,アイメークアップ,生産,kg,27004.0,2024
2024,6,アイメークアップ,生産,kg,29166.0,2024
2024,7,アイメークアップ,生産,kg,13539.0,2024
2024,8,アイメークアップ,生産,kg,26411.0,2024
2024,9,アイメークアップ,生産,kg,15644.0,2024
2024,10,アイメークアップ,生産,kg,47018.0,2024
2024,11,アイメークアップ,生産,kg,13662.0,2024
2024,12,アイメークアップ,生産,kg,12952.0,2024
2015,0,アイメークアップ,販売個数,十個,6461357.0,2019
2016,0,アイメークアップ,販売個数,十個,6567944.0,2020
2017,0,アイメークアップ,販売個数,十個,6757933.0,2021
2018,0,アイメークアップ,販売個数,十個,7072091.0,2022
2019,0,アイメークアップ,販売個数,十個,7475834.0,2023
2019,1,アイメークアップ,販売個数,十個,559340.0,2019
2019,2,アイメークアップ,販売個数,十個,648265.0,2019
2019,3,アイメークアップ,販売個数,十個,565343.0,2019
2019,4,アイメークアップ,販売個数,十個,783536.0,2019
2019,5,アイメークアップ,販売個数,十個,560667.0,2019
2019,6,アイメークアップ,販売個数,十個,675066.0,2019
2019,7,アイメークアップ,販売個数,十個,684980.0,2019
2019,8,アイメークアップ,販売個数,十個,603088.0,2019
2019,9,アイメークアップ,販売個数,十個,554013.0,2019
2019,10,アイメークアップ,販売個数,十個,726735.0,2019
2019,11,アイメークアップ,販売個数,十個,560141.0,2019
2019,12,アイメークアップ,販売個数,十個,554660.0,2019
2020,0,アイメークアップ,販売個数,十個,5301021.0,2023
2020,1,アイメークアップ,販売個数,十個,420267.0,2020
2020,2,アイメークアップ,販売個数,十個,485494.0,2020
2020,3,アイメークアップ,販売個数,十個,500315.0,2020
2020,4,アイメークアップ,販売個数,十個,334251.0,2020
2020,5,アイメークアップ,販売個数,十個,293473.0,2020
2020,6,アイメークアップ,販売個数,十個,407725.0,2020
2020,7,アイメークアップ,販売個数,十個,516177.0,2020
2020,8,アイメークアップ,販売個数,十個,448617.0,2020
2020,9,アイメークアップ,販売個数,十個,448320.0,2020
2020,10,アイメークアップ,販売個数,十個,565094.0,2020
2020,11,アイメークアップ,販売個数,十個,436141.0,2020
2020,12,アイメークアップ,販売個数,十個,445147.0,2020
2021,0,アイメークアップ,販売個数,十個,5152051.0,2023
2021,1,アイメークアップ,販売個数,十個,442248.0,2021
2021,2,アイメークアップ,販売個数,十個,376376.0,2021
2021,3,アイメークアップ,販売個数,十個,468123.0,2021
2021,4,アイメークアップ,販売個数,十個,437074.0,2021
2021,5,アイメークアップ,販売個数,十個,389073.0,2021
2021,6,アイメークアップ,販売個数,十個,413522.0,2021
2021,7,アイメークアップ,販売個数,十個,483591.0,2021
2021,8,アイメークアップ,販売個数,十個,376137.0,2021
2021,9,アイメークアップ,販売個数,十個,419293.0,2021
2021,10,アイメークアップ,販売個数,十個,511104.0,2021
2021,11,アイメークアップ,販売個数,十個,422499.0,2021
2021,12,アイメークアップ,販売個数,十個,413011.0,2021
2022,0,アイメークアップ,販売個数,十個,5522848.0,2023
2022,1,アイメークアップ,販売個数,十個,412115.0,2022
2022,2,アイメークアップ,販売個数,十個,387076.0,2022
2022,3,アイメークアップ,販売個数,十個,515255.0,2022
2022,4,アイメークアップ,販売個数,十個,555261.0,2022
2022,5,アイメークアップ,販売個数,十個,430852.0,2022
2022,6,アイメークアップ,販売個数,十個,438218.0,2022
2022,7,アイメークアップ,販売個数,十個,452680.0,2022
2022,8,アイメークアップ,販売個数,十個,392567.0,2022
2022,9,アイメークアップ,販売個数,十個,450307.0,2022
2022,10,アイメークアップ,販売個数,十個,509006.0,2022
2022,11,アイメークアップ,販売個数,十個,490810.0,2022
2022,12,アイメークアップ,販売個数,十個,488701.0,2022
2023,0,アイメークアップ,販売個数,十個,5422870.0,2023
2023,1,アイメークアップ,販売個数,十個,409298.0,2023
2023,2,アイメークアップ,販売個数,十個,383945.0,2023
2023,3,アイメークアップ,販売個数,十個,477076.0,2023
2023,4,アイメークアップ,販売個数,十個,561040.0,2023
2023,5,アイメークアップ,販売個数,十個,353512.0,2023
2023,6,アイメークアップ,販売個数,十個,434529.0,2023
2023,7,アイメークアップ,販売個数,十個,479751.0,2023
2023,8,アイメークアップ,販売個数,十個,433868.0,2023
2023,9,アイメークアップ,販売個数,十個,446990.0,2023
2023,10,アイメークアップ,販売個数,十個,497139.0,2023
2023,11,アイメークアップ,販売個数,十個,471559.0,2023
2023,12,アイメークアップ,販売個数,十個,474163.0,2023
2024,1,アイメークアップ,販売個数,十個,451356.0,2024
2024,2,アイメークアップ,販売個数,十個,402894.0,2024
2024,3,アイメークアップ,販売個数,十個,431721.0,2024
2024,4,アイメークアップ,販売個数,十個,499536.0,2024
2024,5,アイメークアップ,販売個数,十個,382573.0,2024
2024,6,アイメークアップ,販売個数,十個,428047.0,2024
2024,7,アイメークアップ,販売個数,十個,528025.0,2024
2024,8,アイメークアップ,販売個数,十個,413957.0,2024
2024,9,アイメークアップ,販売個数,十個,398321.0,2024
2024,10,アイメークアップ,販売個数,十個,439355.0,2024
2024,11,アイメークアップ,販売個数,十個,433424.0,2024
2024,12,アイメークアップ,販売個数,十個,441297.0,2024
2015,0,アイメークアップ,販売数量,kg,282818.0,2019
2016,0,アイメークアップ,販売数量,kg,310417.0,2020
2017,0,アイメークアップ,販売数量,kg,312408.0,2021
2018,0,アイメークアップ,販売数量,kg,318088.0,2022
2019,0,アイメークアップ,販売数量,kg,324654.0,2023
2019,1,アイメークアップ,販売数量,kg,23839.0,2019
2019,2,アイメークアップ,販売数量,kg,34437.0,2019
2019,3,アイメークアップ,販売数量,kg,44899.0,2019
2019,4,アイメークアップ,販売数量,kg,26212.0,2019
2019,5,アイメークアップ,販売数量,kg,22432.0,2019
2019,6,アイメークアップ,販売数量,kg,25254.0,2019
2019,7,アイメークアップ,販売数量,kg,26702.0,2019
2019,8,アイメークアップ,販売数量,kg,24781.0,2019
2019,9,アイメークアップ,販売数量,kg,25272.0,2019
2019,10,アイメークアップ,販売数量,kg,25066.0,2019
2019,11,アイメークアップ,販売数量,kg,22769.0,2019
2019,12,アイメークアップ,販売数量,kg,22991.0,2019
2020,0,アイメークアップ,販売数量,kg,209530.0,2023
2020,1,アイメークアップ,販売数量,kg,16667.0,2020
2020,2,アイメークアップ,販売数量,kg,18795.0,2020
2020,3,アイメークアップ,販売数量,kg,19626.0,2020
2020,4,アイメークアップ,販売数量,kg,12506.0,2020
2020,5,アイメークアップ,販売数量,kg,12245.0,2020
2020,6,アイメークアップ,販売数量,kg,18207.0,2020
2020,7,アイメークアップ,販売数量,kg,20369.0,2020
2020,8,アイメークアップ,販売数量,kg,17542.0,2020
2020,9,アイメークアップ,販売数量,kg,18282.0,2020
2020,10,アイメークアップ,販売数量,kg,19948.0,2020
2020,11,アイメークアップ,販売数量,kg,17506.0,2020
2020,12,アイメークアップ,販売数量,kg,17837.0,2020
2021,0,アイメークアップ,販売数量,kg,207823.0,2023
2021,1,アイメークアップ,販売数量,kg,14671.0,2021
2021,2,アイメークアップ,販売数量,kg,14184.0,2021
2021,3,アイメークアップ,販売数量,kg,16899.0,2021
2021,4,アイメークアップ,販売数量,kg,32889.0,2021
2021,5,アイメークアップ,販売数量,kg,15015.0,2021
2021,6,アイメークアップ,販売数量,kg,14535.0,2021
2021,7,アイメークアップ,販売数量,kg,18520.0,2021
2021,8,アイメークアップ,販売数量,kg,14522.0,2021
2021,9,アイメークアップ,販売数量,kg,16014.0,2021
2021,10,アイメークアップ,販売数量,kg,16773.0,2021
2021,11,アイメークアップ,販売数量,kg,16225.0,2021
2021,12,アイメークアップ,販売数量,kg,17576.0,2021
2022,0,アイメークアップ,販売数量,kg,299416.0,2023
2022,1,アイメークアップ,販売数量,kg,16337.0,2022
2022,2,アイメークアップ,販売数量,kg,16125.0,2022
2022,3,アイメークアップ,販売数量,kg,21309.0,2022
2022,4,アイメークアップ,販売数量,kg,55883.0,2022
2022,5,アイメークアップ,販売数量,kg,43662.0,2022
2022,6,アイメークアップ,販売数量,kg,16677.0,2022
2022,7,アイメークアップ,販売数量,kg,30227.0,2022
2022,8,アイメークアップ,販売数量,kg,16433.0,2022
2022,9,アイメークアップ,販売数量,kg,18295.0,2022
2022,10,アイメークアップ,販売数量,kg,23106.0,2022
2022,11,アイメークアップ,販売数量,kg,22443.0,2022
2022,12,アイメークアップ,販売数量,kg,18919.0,2022
2023,0,アイメークアップ,販売数量,kg,327243.0,2023
2023,1,アイメークアップ,販売数量,kg,17918.0,2023
2023,2,アイメークアップ,販売数量,kg,43320.0,2023
2023,3,アイメークアップ,販売数量,kg,27990.0,2023
2023,4,アイメークアップ,販売数量,kg,28788.0,2023
2023,5,アイメークアップ,販売数量,kg,15562.0,2023
2023,6,アイメークアップ,販売数量,kg,22454.0,2023
2023,7,アイメークアップ,販売数量,kg,29922.0,2023
2023,8,アイメークアップ,販売数量,kg,27643.0,2023
2023,9,アイメークアップ,販売数量,kg,22269.0,2023
2023,10,アイメークアップ,販売数量,kg,35025.0,2023
2023,11,アイメークアップ,販売数量,kg,19965.0,2023
2023,12,アイメークアップ,販売数量,kg,36387.0,2023
2024,1,アイメークアップ,販売数量,kg,20387.0,2024
2024,2,アイメークアップ,販売数量,kg,30553.0,2024
2024,3,アイメークアップ,販売数量,kg,34392.0,2024
2024,4,アイメークアップ,販売数量,kg,18326.0,2024
2024,5,アイメークアップ,販売数量,kg,30587.0,2024
2024,6,アイメークアップ,販売数量,kg,33180.0,2024
2024,7,アイメークアップ,販売数量,kg,18189.0,2024
2024,8,アイメークアップ,販売数量,kg,32127.0,2024
2024,9,アイメークアップ,販売数量,kg,16261.0,2024
2024,10,アイメークアップ,販売数量,kg,35885.0,2024
2024,11,アイメークアップ,販売数量,kg,17741.0,2024
2024,12,アイメークアップ,販売数量,kg,19166.0,2024
2015,0,アイメークアップ,販売金額,千円,39622368.0,2019
2016,0,アイメークアップ,販売金額,千円,39463747.0,2020
2017,0,アイメークアップ,販売金額,千円,44798380.0,2021
2018,0,アイメークアップ,販売金額,千円,47029384.0,2022
2019,0,アイメークアップ,販売金額,千円,48146573.0,2023
2019,1,アイメークアップ,販売金額,千円,3781992.0,2019
2019,2,アイメークアップ,販売金額,千円,4002681.0,2019
2019,3,アイメークアップ,販売金額,千円,3823460.0,2019
2019,4,アイメークアップ,販売金額,千円,4487547.0,2019
2019,5,アイメークアップ,販売金額,千円,3167649.0,2019
2019,6,アイメークアップ,販売金額,千円,4081886.0,2019
2019,7,アイメークアップ,販売金額,千円,4316582.0,2019
2019,8,アイメークアップ,販売金額,千円,3979040.0,2019
2019,9,アイメークアップ,販売金額,千円,3616311.0,2019
2019,10,アイメークアップ,販売金額,千円,4879042.0,2019
2019,11,アイメークアップ,販売金額,千円,4068983.0,2019
2019,12,アイメークアップ,販売金額,千円,3941400.0,2019
2020,0,アイメークアップ,販売金額,千円,33165838.0,2023
2020,1,アイメークアップ,販売金額,千円,2746166.0,2020
2020,2,アイメークアップ,販売金額,千円,3182805.0,2020
2020,3,アイメークアップ,販売金額,千円,3166559.0,2020
2020,4,アイメークアップ,販売金額,千円,1894472.0,2020
2020,5,アイメークアップ,販売金額,千円,1806508.0,2020
2020,6,アイメークアップ,販売金額,千円,2465509.0,2020
2020,7,アイメークアップ,販売金額,千円,3371116.0,2020
2020,8,アイメークアップ,販売金額,千円,2606430.0,2020
2020,9,アイメークアップ,販売金額,千円,2854560.0,2020
2020,10,アイメークアップ,販売金額,千円,3350717.0,2020
2020,11,アイメークアップ,販売金額,千円,2725689.0,2020
2020,12,アイメークアップ,販売金額,千円,2995307.0,2020
2021,0,アイメークアップ,販売金額,千円,32311670.0,2023
2021,1,アイメークアップ,販売金額,千円,2786126.0,2021
2021,2,アイメークアップ,販売金額,千円,2329843.0,2021
2021,3,アイメークアップ,販売金額,千円,2955357.0,2021
2021,4,アイメークアップ,販売金額,千円,2808155.0,2021
2021,5,アイメークアップ,販売金額,千円,2265052.0,2021
2021,6,アイメークアップ,販売金額,千円,2391396.0,2021
2021,7,アイメークアップ,販売金額,千円,3083586.0,2021
2021,8,アイメークアップ,販売金額,千円,2241896.0,2021
2021,9,アイメークアップ,販売金額,千円,2678009.0,2021
2021,10,アイメークアップ,販売金額,千円,2945157.0,2021
2021,11,アイメークアップ,販売金額,千円,2919864.0,2021
2021,12,アイメークアップ,販売金額,千円,2907229.0,2021
2022,0,アイメークアップ,販売金額,千円,35808853.0,2023
2022,1,アイメークアップ,販売金額,千円,2709124.0,2022
2022,2,アイメークアップ,販売金額,千円,2114581.0,2022
2022,3,アイメークアップ,販売金額,千円,3721578.0,2022
2022,4,アイメークアップ,販売金額,千円,3442316.0,2022
2022,5,アイメークアップ,販売金額,千円,2568767.0,2022
2022,6,アイメークアップ,販売金額,千円,2676419.0,2022
2022,7,アイメークアップ,販売金額,千円,2799308.0,2022
2022,8,アイメークアップ,販売金額,千円,2638143.0,2022
2022,9,アイメークアップ,販売金額,千円,2883583.0,2022
2022,10,アイメークアップ,販売金額,千円,3274193.0,2022
2022,11,アイメークアップ,販売金額,千円,3620097.0,2022
2022,12,アイメークアップ,販売金額,千円,3360744.0,2022
2023,0,アイメークアップ,販売金額,千円,36927879.0,2023
2023,1,アイメークアップ,販売金額,千円,2758685.0,2023
2023,2,アイメークアップ,販売金額,千円,2475966.0,2023
2023,3,アイメークアップ,販売金額,千円,3560470.0,2023
2023,4,アイメークアップ,販売金額,千円,3465266.0,2023
2023,5,アイメークアップ,販売金額,千円,2529686.0,2023
2023,6,アイメークアップ,販売金額,千円,2778315.0,2023
2023,7,アイメークアップ,販売金額,千円,3314603.0,2023
2023,8,アイメークアップ,販売金額,千円,2908363.0,2023
2023,9,アイメークアップ,販売金額,千円,3067490.0,2023
2023,10,アイメークアップ,販売金額,千円,3361540.0,2023
2023,11,アイメークアップ,販売金額,千円,3309821.0,2023
2023,12,アイメークアップ,販売金額,千円,3397674.0,2023
2024,1,アイメークアップ,販売金額,千円,3402598.0,2024
2024,2,アイメークアップ,販売金額,千円,2860014.0,2024
2024,3,アイメークアップ,販売金額,千円,3052999.0,2024
2024,4,アイメークアップ,販売金額,千円,3275420.0,2024
2024,5,アイメークアップ,販売金額,千円,2392094.0,2024
2024,6,アイメークアップ,販売金額,千円,2852309.0,2024
2024,7,アイメークアップ,販売金額,千円,3616537.0,2024
2024,8,アイメークアップ,販売金額,千円,3039586.0,2024
2024,9,アイメークアップ,販売金額,千円,2619212.0,2024
2024,10,アイメークアップ,販売金額,千円,3093196.0,2024
2024,11,アイメークアップ,販売金額,千円,3045551.0,2024
2024,12,アイメークアップ,販売金額,千円,3157678.0,2024
2015,0,クレンジングクリーム,出荷その他,kg,562964.0,2019
2016,0,クレンジングクリーム,出荷その他,kg,650560.0,2020
2017,0,クレンジングクリーム,出荷その他,kg,574945.0,2021
2018,0,クレンジングクリーム,出荷その他,kg,569378.0,2022
2019,0,クレンジングクリーム,出荷その他,kg,436145.0,2023
2019,1,クレンジングクリーム,出荷その他,kg,36872.0,2019
2019,2,クレンジングクリーム,出荷その他,kg,39564.0,2019
2019,3,クレンジングクリーム,出荷その他,kg,34294.0,2019
2019,4,クレンジングクリーム,出荷その他,kg,40716.0,2019
2019,5,クレンジングクリーム,出荷その他,kg,74844.0,2019
2019,6,クレンジングクリーム,出荷その他,kg,27170.0,2019
2019,7,クレンジングクリーム,出荷その他,kg,29788.0,2019
2019,8,クレンジングクリーム,出荷その他,kg,18403.0,2019
2019,9,クレンジングクリーム,出荷その他,kg,29303.0,2019
2019,10,クレンジングクリーム,出荷その他,kg,36485.0,2019
2019,11,クレンジングクリーム,出荷その他,kg,32090.0,2019
2019,12,クレンジングクリーム,出荷その他,kg,36616.0,2019
2020,0,クレンジングクリーム,出荷その他,kg,507496.0,2023
2020,1,クレンジングクリーム,出荷その他,kg,59658.0,2020
2020,2,クレンジングクリーム,出荷その他,kg,41150.0,2020
2020,3,クレンジングクリーム,出荷その他,kg,68618.0,2020
2020,4,クレンジングクリーム,出荷その他,kg,24207.0,2020
2020,5,クレンジングクリーム,出荷その他,kg,37188.0,2020
2020,6,クレンジングクリーム,出荷その他,kg,91229.0,2020
2020,7,クレンジングクリーム,出荷その他,kg,33276.0,2020
2020,8,クレンジングクリーム,出荷その他,kg,22751.0,2020
2020,9,クレンジングクリーム,出荷その他,kg,20998.0,2020
2020,10,クレンジングクリーム,出荷その他,kg,60855.0,2020
2020,11,クレンジングクリーム,出荷その他,kg,39887.0,2020
2020,12,クレンジングクリーム,出荷その他,kg,25146.0,2020
2021,0,クレンジングクリーム,出荷その他,kg,628566.0,2023
2021,1,クレンジングクリーム,出荷その他,kg,14635.0,2021
2021,2,クレンジングクリーム,出荷その他,kg,18286.0,2021
2021,3,クレンジングクリーム,出荷その他,kg,52338.0,2021
2021,4,クレンジングクリーム,出荷その他,kg,62651.0,2021
2021,5,クレンジングクリーム,出荷その他,kg,47291.0,2021
2021,6,クレンジングクリーム,出荷その他,kg,41134.0,2021
2021,7,クレンジングクリーム,出荷その他,kg,34378.0,2021
2021,8,クレンジングクリーム,出荷その他,kg,10983.0,2021
2021,9,クレンジングクリーム,出荷その他,kg,209779.0,2021
2021,10,クレンジングクリーム,出荷その他,kg,30304.0,2021
2021,11,クレンジングクリーム,出荷その他,kg,49337.0,2021
2021,12,クレンジングクリーム,出荷その他,kg,39672.0,2021
2022,0,クレンジングクリーム,出荷その他,kg,385262.0,2023
2022,1,クレンジングクリーム,出荷その他,kg,27423.0,2022
2022,2,クレンジングクリーム,出荷その他,kg,28530.0,2022
2022,3,クレンジングクリーム,出荷その他,kg,61225.0,2022
2022,4,クレンジングクリーム,出荷その他,kg,75666.0,2022
2022,5,クレンジングクリーム,出荷その他,kg,32858.0,2022
2022,6,クレンジングクリーム,出荷その他,kg,37833.0,2022
2022,7,クレンジングクリーム,出荷その他,kg,16846.0,2022
2022,8,クレンジングクリーム,出荷その他,kg,9018.0,2022
2022,9,クレンジングクリーム,出荷その他,kg,14969.0,2022
2022,10,クレンジングクリーム,出荷その他,kg,56992.0,2022
2022,11,クレンジングクリーム,出荷その他,kg,11040.0,2022
2022,12,クレンジングクリーム,出荷その他,kg,12862.0,2022
2023,0,クレンジングクリーム,出荷その他,kg,296798.0,2023
2023,1,クレンジングクリーム,出荷その他,kg,47185.0,2023
2023,2,クレンジングクリーム,出荷その他,kg,18326.0,2023
2023,3,クレンジングクリーム,出荷その他,kg,21700.0,2023
2023,4,クレンジングクリーム,出荷その他,kg,14818.0,2023
2023,5,クレンジングクリーム,出荷その他,kg,22895.0,2023
2023,6,クレンジングクリーム,出荷その他,kg,20893.0,2023
2023,7,クレンジングクリーム,出荷その他,kg,25791.0,2023
2023,8,クレンジングクリーム,出荷その他,kg,12047.0,2023
2023,9,クレンジングクリーム,出荷その他,kg,19428.0,2023
2023,10,クレンジングクリーム,出荷その他,kg,19991.0,2023
2023,11,クレンジングクリーム,出荷その他,kg,35842.0,2023
2023,12,クレンジングクリーム,出荷その他,kg,37882.0,2023
2024,1,クレンジングクリーム,出荷その他,kg,26456.0,2024
2024,2,クレンジングクリーム,出荷その他,kg,43897.0,2024
2024,3,クレンジングクリーム,出荷その他,kg,17366.0,2024
2024,4,クレンジングクリーム,出荷その他,kg,29685.0,2024
2024,5,クレンジングクリーム,出荷その他,kg,34347.0,2024
2024,6,クレンジングクリーム,出荷その他,kg,21425.0,2024
2024,7,クレンジングクリーム,出荷その他,kg,23504.0,2024
2024,8,クレンジングクリーム,出荷その他,kg,29940.0,2024
2024,9,クレンジングクリーム,出荷その他,kg,25724.0,2024
2024,10,クレンジングクリーム,出荷その他,kg,42284.0,2024
2024,11,クレンジングクリーム,出荷その他,kg,31944.0,2024
2024,12,クレンジングクリーム,出荷その他,kg,20560.0,2024
2015,0,クレンジングクリーム,受入,kg,634413.0,2019
2016,0,クレンジングクリーム,受入,kg,737045.0,2020
2017,0,クレンジングクリーム,受入,kg,777122.0,2021
2018,0,クレンジングクリーム,受入,kg,729601.0,2022
2019,0,クレンジングクリーム,受入,kg,1075209.0,2023
2019,1,クレンジングクリーム,受入,kg,70779.0,2019
2019,2,クレンジングクリーム,受入,kg,53208.0,2019
2019,3,クレンジングクリーム,受入,kg,102141.0,2019
2019,4,クレンジングクリーム,受入,kg,72665.0,2019
2019,5,クレンジングクリーム,受入,kg,99546.0,2019
2019,6,クレンジングクリーム,受入,kg,90666.0,2019
2019,7,クレンジングクリーム,受入,kg,112783.0,2019
2019,8,クレンジングクリーム,受入,kg,109906.0,2019
2019,9,クレンジングクリーム,受入,kg,78601.0,2019
2019,10,クレンジングクリーム,受入,kg,88504.0,2019
2019,11,クレンジングクリーム,受入,kg,113762.0,2019
2019,12,クレンジングクリーム,受入,kg,82648.0,2019
2020,0,クレンジングクリーム,受入,kg,978439.0,2023
2020,1,クレンジングクリーム,受入,kg,84881.0,2020
2020,2,クレンジングクリーム,受入,kg,138469.0,2020
2020,3,クレンジングクリーム,受入,kg,114037.0,2020
2020,4,クレンジングクリーム,受入,kg,111043.0,2020
2020,5,クレンジングクリーム,受入,kg,107868.0,2020
2020,6,クレンジングクリーム,受入,kg,87659.0,2020
2020,7,クレンジングクリーム,受入,kg,89431.0,2020
2020,8,クレンジングクリーム,受入,kg,78086.0,2020
2020,9,クレンジングクリーム,受入,kg,60367.0,2020
2020,10,クレンジングクリーム,受入,kg,94159.0,2020
2020,11,クレンジングクリーム,受入,kg,59705.0,2020
2020,12,クレンジングクリーム,受入,kg,69985.0,2020
2021,0,クレンジングクリーム,受入,kg,423059.0,2023
2021,1,クレンジングクリーム,受入,kg,45909.0,2021
2021,2,クレンジングクリーム,受入,kg,72448.0,2021
2021,3,クレンジングクリーム,受入,kg,47702.0,2021
2021,4,クレンジングクリーム,受入,kg,52132.0,2021
2021,5,クレンジングクリーム,受入,kg,52962.0,2021
2021,6,クレンジングクリーム,受入,kg,62276.0,2021
2021,7,クレンジングクリーム,受入,kg,62377.0,2021
2021,8,クレンジングクリーム,受入,kg,66532.0,2021
2021,9,クレンジングクリーム,受入,kg,24206.0,2021
2021,10,クレンジングクリーム,受入,kg,8049.0,2021
2021,11,クレンジングクリーム,受入,kg,22862.0,2021
2021,12,クレンジングクリーム,受入,kg,18137.0,2021
2022,0,クレンジングクリーム,受入,kg,374175.0,2023
2022,1,クレンジングクリーム,受入,kg,54336.0,2022
2022,2,クレンジングクリーム,受入,kg,6752.0,2022
2022,3,クレンジングクリーム,受入,kg,20886.0,2022
2022,4,クレンジングクリーム,受入,kg,33325.0,2022
2022,5,クレンジングクリーム,受入,kg,19709.0,2022
2022,6,クレンジングクリーム,受入,kg,44139.0,2022
2022,7,クレンジングクリーム,受入,kg,26350.0,2022
2022,8,クレンジングクリーム,受入,kg,42850.0,2022
2022,9,クレンジングクリーム,受入,kg,29204.0,2022
2022,10,クレンジングクリーム,受入,kg,49353.0,2022
2022,11,クレンジングクリーム,受入,kg,17062.0,2022
2022,12,クレンジングクリーム,受入,kg,30209.0,2022
2023,0,クレンジングクリーム,受入,kg,370573.0,2023
2023,1,クレンジングクリーム,受入,kg,18425.0,2023
2023,2,クレンジングクリーム,受入,kg,23073.0,2023
2023,3,クレンジングクリーム,受入,kg,19060.0,2023
2023,4,クレンジングクリーム,受入,kg,44580.0,2023
2023,5,クレンジングクリーム,受入,kg,52755.0,2023
2023,6,クレンジングクリーム,受入,kg,25595.0,2023
2023,7,クレンジングクリーム,受入,kg,31763.0,2023
2023,8,クレンジングクリーム,受入,kg,43083.0,2023
2023,9,クレンジングクリーム,受入,kg,25435.0,2023
2023,10,クレンジングクリーム,受入,kg,40382.0,2023
2023,11,クレンジングクリーム,受入,kg,33963.0,2023
2023,12,クレンジングクリーム,受入,kg,12459.0,2023
2024,1,クレンジングクリーム,受入,kg,44026.0,2024
2024,2,クレンジングクリーム,受入,kg,49173.0,2024
2024,3,クレンジングクリーム,受入,kg,44072.0,2024
2024,4,クレンジングクリーム,受入,kg,24916.0,2024
2024,5,クレンジングクリーム,受入,kg,43336.0,2024
2024,6,クレンジングクリーム,受入,kg,44369.0,2024
2024,7,クレンジングクリーム,受入,kg,28660.0,2024
2024,8,クレンジングクリーム,受入,kg,53052.0,2024
2024,9,クレンジングクリーム,受入,kg,37507.0,2024
2024,10,クレンジングクリーム,受入,kg,34850.0,2024
2024,11,クレンジングクリーム,受入,kg,37304.0,2024
2024,12,クレンジングクリーム,受入,kg,12575.0,2024
2015,0,クレンジングクリーム,月末在庫,kg,1598867.0,2019
2016,0,クレンジングクリーム,月末在庫,kg,1789391.0,2020
2017,0,クレンジングクリーム,月末在庫,kg,2021633.0,2021
2018,0,クレンジングクリーム,月末在庫,kg,2830939.0,2022
2019,0,クレンジングクリーム,月末在庫,kg,2811389.0,2023
2019,1,クレンジングクリーム,月末在庫,kg,2757935.0,2019
2019,2,クレンジングクリーム,月末在庫,kg,2627694.0,2019
2019,3,クレンジングクリーム,月末在庫,kg,2622784.0,2019
2019,4,クレンジングクリーム,月末在庫,kg,2742431.0,2019
2019,5,クレンジングクリーム,月末在庫,kg,2690501.0,2019
2019,6,クレンジングクリーム,月末在庫,kg,2515282.0,2019
2019,7,クレンジングクリーム,月末在庫,kg,2800108.0,2019
2019,8,クレンジングクリーム,月末在庫,kg,2578773.0,2019
2019,9,クレンジングクリーム,月末在庫,kg,2355808.0,2019
2019,10,クレンジングクリーム,月末在庫,kg,2616366.0,2019
2019,11,クレンジングクリーム,月末在庫,kg,2838770.0,2019
2019,12,クレンジングクリーム,月末在庫,kg,2811389.0,2019
2020,0,クレンジングクリーム,月末在庫,kg,2755745.0,2023
2020,1,クレンジングクリーム,月末在庫,kg,2914701.0,2020
2020,2,クレンジングクリーム,月末在庫,kg,3094900.0,2020
2020,3,クレンジングクリーム,月末在庫,kg,3244621.0,2020
2020,4,クレンジングクリーム,月末在庫,kg,3400044.0,2020
2020,5,クレンジングクリーム,月末在庫,kg,3706421.0,2020
2020,6,クレンジングクリーム,月末在庫,kg,3553860.0,2020
2020,7,クレンジングクリーム,月末在庫,kg,3678364.0,2020
2020,8,クレンジングクリーム,月末在庫,kg,3487340.0,2020
2020,9,クレンジングクリーム,月末在庫,kg,3335401.0,2020
2020,10,クレンジングクリーム,月末在庫,kg,3191230.0,2020
2020,11,クレンジングクリーム,月末在庫,kg,3128634.0,2020
2020,12,クレンジングクリーム,月末在庫,kg,2807380.0,2020
2021,0,クレンジングクリーム,月末在庫,kg,2052220.0,2023
2021,1,クレンジングクリーム,月末在庫,kg,2866502.0,2021
2021,2,クレンジングクリーム,月末在庫,kg,2716624.0,2021
2021,3,クレンジングクリーム,月末在庫,kg,2445285.0,2021
2021,4,クレンジングクリーム,月末在庫,kg,2302257.0,2021
2021,5,クレンジングクリーム,月末在庫,kg,2321968.0,2021
2021,6,クレンジングクリーム,月末在庫,kg,2399775.0,2021
2021,7,クレンジングクリーム,月末在庫,kg,2367783.0,2021
2021,8,クレンジングクリーム,月末在庫,kg,2176687.0,2021
2021,9,クレンジングクリーム,月末在庫,kg,1979977.0,2021
2021,10,クレンジングクリーム,月末在庫,kg,2087018.0,2021
2021,11,クレンジングクリーム,月末在庫,kg,2005413.0,2021
2021,12,クレンジングクリーム,月末在庫,kg,1877014.0,2021
2022,0,クレンジングクリーム,月末在庫,kg,2014560.0,2023
2022,1,クレンジングクリーム,月末在庫,kg,2051106.0,2022
2022,2,クレンジングクリーム,月末在庫,kg,2114955.0,2022
2022,3,クレンジングクリーム,月末在庫,kg,2357507.0,2022
2022,4,クレンジングクリーム,月末在庫,kg,2353315.0,2022
2022,5,クレンジングクリーム,月末在庫,kg,2234322.0,2022
2022,6,クレンジングクリーム,月末在庫,kg,2142143.0,2022
2022,7,クレンジングクリーム,月末在庫,kg,2069085.0,2022
2022,8,クレンジングクリーム,月末在庫,kg,2082933.0,2022
2022,9,クレンジングクリーム,月末在庫,kg,2186894.0,2022
2022,10,クレンジングクリーム,月末在庫,kg,2199066.0,2022
2022,11,クレンジングクリーム,月末在庫,kg,2027483.0,2022
2022,12,クレンジングクリーム,月末在庫,kg,2014560.0,2022
2023,0,クレンジングクリーム,月末在庫,kg,2552725.0,2023
2023,1,クレンジングクリーム,月末在庫,kg,2184362.0,2023
2023,2,クレンジングクリーム,月末在庫,kg,2301131.0,2023
2023,3,クレンジングクリーム,月末在庫,kg,2315223.0,2023
2023,4,クレンジングクリーム,月末在庫,kg,2346753.0,2023
2023,5,クレンジングクリーム,月末在庫,kg,2183558.0,2023
2023,6,クレンジングクリーム,月末在庫,kg,2271802.0,2023
2023,7,クレンジングクリーム,月末在庫,kg,2549705.0,2023
2023,8,クレンジングクリーム,月末在庫,kg,2568201.0,2023
2023,9,クレンジングクリーム,月末在庫,kg,2651780.0,2023
2023,10,クレンジングクリーム,月末在庫,kg,2691544.0,2023
2023,11,クレンジングクリーム,月末在庫,kg,2662287.0,2023
2023,12,クレンジングクリーム,月末在庫,kg,2552725.0,2023
2024,1,クレンジングクリーム,月末在庫,kg,2714191.0,2024
2024,2,クレンジングクリーム,月末在庫,kg,2634632.0,2024
2024,3,クレンジングクリーム,月末在庫,kg,2544590.0,2024
2024,4,クレンジングクリーム,月末在庫,kg,2553886.0,2024
2024,5,クレンジングクリーム,月末在庫,kg,2456098.0,2024
2024,6,クレンジングクリーム,月末在庫,kg,2422494.0,2024
2024,7,クレンジングクリーム,月末在庫,kg,2627165.0,2024
2024,8,クレンジングクリーム,月末在庫,kg,2766434.0,2024
2024,9,クレンジングクリーム,月末在庫,kg,2781956.0,2024
2024,10,クレンジングクリーム,月末在庫,kg,2822354.0,2024
2024,11,クレンジングクリーム,月末在庫,kg,2863430.0,2024
2024,12,クレンジングクリーム,月末在庫,kg,2683781.0,2024
2015,0,クレンジングクリーム,生産,kg,19992397.0,2019
2016,0,クレンジングクリーム,生産,kg,22148821.0,2020
2017,0,クレンジングクリーム,生産,kg,24234794.0,2021
2018,0,クレンジングクリーム,生産,kg,25625686.0,2022
2019,0,クレンジングクリーム,生産,kg,26113366.0,2023
2019,1,クレンジングクリーム,生産,kg,1688902.0,2019
2019,2,クレンジングクリーム,生産,kg,1893690.0,2019
2019,3,クレンジングクリーム,生産,kg,2135774.0,2019
2019,4,クレンジングクリーム,生産,kg,2474576.0,2019
2019,5,クレンジングクリーム,生産,kg,2150506.0,2019
2019,6,クレンジングクリーム,生産,kg,2382951.0,2019
2019,7,クレンジングクリーム,生産,kg,2649753.0,2019
2019,8,クレンジングクリーム,生産,kg,2013682.0,2019
2019,9,クレンジングクリーム,生産,kg,2232266.0,2019
2019,10,クレンジングクリーム,生産,kg,2350965.0,2019
2019,11,クレンジングクリーム,生産,kg,2156686.0,2019
2019,12,クレンジングクリーム,生産,kg,1983615.0,2019
2020,0,クレンジングクリーム,生産,kg,18876133.0,2023
2020,1,クレンジングクリーム,生産,kg,1734930.0,2020
2020,2,クレンジングクリーム,生産,kg,2044578.0,2020
2020,3,クレンジングクリーム,生産,kg,1947808.0,2020
2020,4,クレンジングクリーム,生産,kg,2087478.0,2020
2020,5,クレンジングクリーム,生産,kg,1565066.0,2020
2020,6,クレンジングクリーム,生産,kg,1622643.0,2020
2020,7,クレンジングクリーム,生産,kg,1605615.0,2020
2020,8,クレンジングクリーム,生産,kg,1170345.0,2020
2020,9,クレンジングクリーム,生産,kg,1368891.0,2020
2020,10,クレンジングクリーム,生産,kg,1542911.0,2020
2020,11,クレンジングクリーム,生産,kg,1240244.0,2020
2020,12,クレンジングクリーム,生産,kg,964499.0,2020
2021,0,クレンジングクリーム,生産,kg,19424661.0,2023
2021,1,クレンジングクリーム,生産,kg,1198300.0,2021
2021,2,クレンジングクリーム,生産,kg,1206740.0,2021
2021,3,クレンジングクリーム,生産,kg,1466303.0,2021
2021,4,クレンジングクリーム,生産,kg,1674613.0,2021
2021,5,クレンジングクリーム,生産,kg,1337107.0,2021
2021,6,クレンジングクリーム,生産,kg,1755838.0,2021
2021,7,クレンジングクリーム,生産,kg,1566171.0,2021
2021,8,クレンジングクリーム,生産,kg,1374073.0,2021
2021,9,クレンジングクリーム,生産,kg,1748657.0,2021
2021,10,クレンジングクリーム,生産,kg,1925678.0,2021
2021,11,クレンジングクリーム,生産,kg,1621213.0,2021
2021,12,クレンジングクリーム,生産,kg,1498427.0,2021
2022,0,クレンジングクリーム,生産,kg,20469710.0,2023
2022,1,クレンジングクリーム,生産,kg,1552181.0,2022
2022,2,クレンジングクリーム,生産,kg,1710654.0,2022
2022,3,クレンジングクリーム,生産,kg,2099967.0,2022
2022,4,クレンジングクリーム,生産,kg,1941455.0,2022
2022,5,クレンジングクリーム,生産,kg,1421849.0,2022
2022,6,クレンジングクリーム,生産,kg,1883824.0,2022
2022,7,クレンジングクリーム,生産,kg,1655748.0,2022
2022,8,クレンジングクリーム,生産,kg,1547443.0,2022
2022,9,クレンジングクリーム,生産,kg,1682079.0,2022
2022,10,クレンジングクリーム,生産,kg,1764381.0,2022
2022,11,クレンジングクリーム,生産,kg,1536921.0,2022
2022,12,クレンジングクリーム,生産,kg,1673208.0,2022
2023,0,クレンジングクリーム,生産,kg,22433398.0,2023
2023,1,クレンジングクリーム,生産,kg,1499491.0,2023
2023,2,クレンジングクリーム,生産,kg,1564017.0,2023
2023,3,クレンジングクリーム,生産,kg,1808083.0,2023
2023,4,クレンジングクリーム,生産,kg,1883175.0,2023
2023,5,クレンジングクリーム,生産,kg,1638695.0,2023
2023,6,クレンジングクリーム,生産,kg,1839195.0,2023
2023,7,クレンジングクリーム,生産,kg,2040827.0,2023
2023,8,クレンジングクリーム,生産,kg,1872294.0,2023
2023,9,クレンジングクリーム,生産,kg,2143494.0,2023
2023,10,クレンジングクリーム,生産,kg,2204587.0,2023
2023,11,クレンジングクリーム,生産,kg,2093337.0,2023
2023,12,クレンジングクリーム,生産,kg,1846203.0,2023
2024,1,クレンジングクリーム,生産,kg,1786085.0,2024
2024,2,クレンジングクリーム,生産,kg,2050962.0,2024
2024,3,クレンジングクリーム,生産,kg,1947689.0,2024
2024,4,クレンジングクリーム,生産,kg,2161826.0,2024
2024,5,クレンジングクリーム,生産,kg,1997610.0,2024
2024,6,クレンジングクリーム,生産,kg,1917646.0,2024
2024,7,クレンジングクリーム,生産,kg,2175919.0,2024
2024,8,クレンジングクリーム,生産,kg,1865688.0,2024
2024,9,クレンジングクリーム,生産,kg,1912565.0,2024
2024,10,クレンジングクリーム,生産,kg,2206909.0,2024
2024,11,クレンジングクリーム,生産,kg,1775403.0,2024
2024,12,クレンジングクリーム,生産,kg,1405639.0,2024
2015,0,クレンジングクリーム,販売個数,十個,14494309.0,2019
2016,0,クレンジングクリーム,販売個数,十個,15292992.0,2020
2017,0,クレンジングクリーム,販売個数,十個,16276974.0,2021
2018,0,クレンジングクリーム,販売個数,十個,16811099.0,2022
2019,0,クレンジングクリーム,販売個数,十個,17329038.0,2023
2019,1,クレンジングクリーム,販売個数,十個,1164191.0,2019
2019,2,クレンジングクリーム,販売個数,十個,1228868.0,2019
2019,3,クレンジングクリーム,販売個数,十個,1402114.0,2019
2019,4,クレンジングクリーム,販売個数,十個,1632467.0,2019
2019,5,クレンジングクリーム,販売個数,十個,1341692.0,2019
2019,6,クレンジングクリーム,販売個数,十個,1607844.0,2019
2019,7,クレンジングクリーム,販売個数,十個,1698124.0,2019
2019,8,クレンジングクリーム,販売個数,十個,1503052.0,2019
2019,9,クレンジングクリーム,販売個数,十個,1601388.0,2019
2019,10,クレンジングクリーム,販売個数,十個,1389023.0,2019
2019,11,クレンジングクリーム,販売個数,十個,1388382.0,2019
2019,12,クレンジングクリーム,販売個数,十個,1371893.0,2019
2020,0,クレンジングクリーム,販売個数,十個,13097819.0,2023
2020,1,クレンジングクリーム,販売個数,十個,1136856.0,2020
2020,2,クレンジングクリーム,販売個数,十個,1198415.0,2020
2020,3,クレンジングクリーム,販売個数,十個,1296394.0,2020
2020,4,クレンジングクリーム,販売個数,十個,1266705.0,2020
2020,5,クレンジングクリーム,販売個数,十個,929420.0,2020
2020,6,クレンジングクリーム,販売個数,十個,1213858.0,2020
2020,7,クレンジングクリーム,販売個数,十個,1096471.0,2020
2020,8,クレンジングクリーム,販売個数,十個,947614.0,2020
2020,9,クレンジングクリーム,販売個数,十個,957630.0,2020
2020,10,クレンジングクリーム,販売個数,十個,1108917.0,2020
2020,11,クレンジングクリーム,販売個数,十個,972799.0,2020
2020,12,クレンジングクリーム,販売個数,十個,983138.0,2020
2021,0,クレンジングクリーム,販売個数,十個,12744866.0,2023
2021,1,クレンジングクリーム,販売個数,十個,798967.0,2021
2021,2,クレンジングクリーム,販売個数,十個,923025.0,2021
2021,3,クレンジングクリーム,販売個数,十個,1149190.0,2021
2021,4,クレンジングクリーム,販売個数,十個,1144737.0,2021
2021,5,クレンジングクリーム,販売個数,十個,821486.0,2021
2021,6,クレンジングクリーム,販売個数,十個,1063119.0,2021
2021,7,クレンジングクリーム,販売個数,十個,1037614.0,2021
2021,8,クレンジングクリーム,販売個数,十個,1039114.0,2021
2021,9,クレンジングクリーム,販売個数,十個,1088900.0,2021
2021,10,クレンジングクリーム,販売個数,十個,1144915.0,2021
2021,11,クレンジングクリーム,販売個数,十個,1159164.0,2021
2021,12,クレンジングクリーム,販売個数,十個,1012307.0,2021
2022,0,クレンジングクリーム,販売個数,十個,13442951.0,2023
2022,1,クレンジングクリーム,販売個数,十個,981770.0,2022
2022,2,クレンジングクリーム,販売個数,十個,1087266.0,2022
2022,3,クレンジングクリーム,販売個数,十個,1215167.0,2022
2022,4,クレンジングクリーム,販売個数,十個,1286572.0,2022
2022,5,クレンジングクリーム,販売個数,十個,931225.0,2022
2022,6,クレンジングクリーム,販売個数,十個,1271377.0,2022
2022,7,クレンジングクリーム,販売個数,十個,1118423.0,2022
2022,8,クレンジングクリーム,販売個数,十個,1068261.0,2022
2022,9,クレンジングクリーム,販売個数,十個,1036232.0,2022
2022,10,クレンジングクリーム,販売個数,十個,1132890.0,2022
2022,11,クレンジングクリーム,販売個数,十個,1144120.0,2022
2022,12,クレンジングクリーム,販売個数,十個,1169648.0,2022
2023,0,クレンジングクリーム,販売個数,十個,14380918.0,2023
2023,1,クレンジングクリーム,販売個数,十個,918239.0,2023
2023,2,クレンジングクリーム,販売個数,十個,960952.0,2023
2023,3,クレンジングクリーム,販売個数,十個,1147886.0,2023
2023,4,クレンジングクリーム,販売個数,十個,1285002.0,2023
2023,5,クレンジングクリーム,販売個数,十個,1275696.0,2023
2023,6,クレンジングクリーム,販売個数,十個,1174646.0,2023
2023,7,クレンジングクリーム,販売個数,十個,1132613.0,2023
2023,8,クレンジングクリーム,販売個数,十個,1215907.0,2023
2023,9,クレンジングクリーム,販売個数,十個,1268833.0,2023
2023,10,クレンジングクリーム,販売個数,十個,1404931.0,2023
2023,11,クレンジングクリーム,販売個数,十個,1380809.0,2023
2023,12,クレンジングクリーム,販売個数,十個,1215404.0,2023
2024,1,クレンジングクリーム,販売個数,十個,1109647.0,2024
2024,2,クレンジングクリーム,販売個数,十個,1339078.0,2024
2024,3,クレンジングクリーム,販売個数,十個,1418129.0,2024
2024,4,クレンジングクリーム,販売個数,十個,1478547.0,2024
2024,5,クレンジングクリーム,販売個数,十個,1386896.0,2024
2024,6,クレンジングクリーム,販売個数,十個,1400253.0,2024
2024,7,クレンジングクリーム,販売個数,十個,1388066.0,2024
2024,8,クレンジングクリーム,販売個数,十個,1170065.0,2024
2024,9,クレンジングクリーム,販売個数,十個,1199728.0,2024
2024,10,クレンジングクリーム,販売個数,十個,1395790.0,2024
2024,11,クレンジングクリーム,販売個数,十個,1194848.0,2024
2024,12,クレンジングクリーム,販売個数,十個,1126724.0,2024
2015,0,クレンジングクリーム,販売数量,kg,19790796.0,2019
2016,0,クレンジングクリーム,販売数量,kg,22028279.0,2020
2017,0,クレンジングクリーム,販売数量,kg,24169719.0,2021
2018,0,クレンジングクリーム,販売数量,kg,24882586.0,2022
2019,0,クレンジングクリーム,販売数量,kg,26513101.0,2023
2019,1,クレンジングクリーム,販売数量,kg,1819022.0,2019
2019,2,クレンジングクリーム,販売数量,kg,2027276.0,2019
2019,3,クレンジングクリーム,販売数量,kg,2187321.0,2019
2019,4,クレンジングクリーム,販売数量,kg,2374053.0,2019
2019,5,クレンジングクリーム,販売数量,kg,2211560.0,2019
2019,6,クレンジングクリーム,販売数量,kg,2476287.0,2019
2019,7,クレンジングクリーム,販売数量,kg,2435462.0,2019
2019,8,クレンジングクリーム,販売数量,kg,2314136.0,2019
2019,9,クレンジングクリーム,販売数量,kg,2497789.0,2019
2019,10,クレンジングクリーム,販売数量,kg,2134213.0,2019
2019,11,クレンジングクリーム,販売数量,kg,1998046.0,2019
2019,12,クレンジングクリーム,販売数量,kg,2037936.0,2019
2020,0,クレンジングクリーム,販売数量,kg,19285110.0,2023
2020,1,クレンジングクリーム,販売数量,kg,1647762.0,2020
2020,2,クレンジングクリーム,販売数量,kg,1949349.0,2020
2020,3,クレンジングクリーム,販売数量,kg,1826704.0,2020
2020,4,クレンジングクリーム,販売数量,kg,2006797.0,2020
2020,5,クレンジングクリーム,販売数量,kg,1323628.0,2020
2020,6,クレンジングクリーム,販売数量,kg,1764166.0,2020
2020,7,クレンジングクリーム,販売数量,kg,1529209.0,2020
2020,8,クレンジングクリーム,販売数量,kg,1403836.0,2020
2020,9,クレンジングクリーム,販売数量,kg,1547151.0,2020
2020,10,クレンジングクリーム,販売数量,kg,1712647.0,2020
2020,11,クレンジングクリーム,販売数量,kg,1315377.0,2020
2020,12,クレンジングクリーム,販売数量,kg,1313385.0,2020
2021,0,クレンジングクリーム,販売数量,kg,19741717.0,2023
2021,1,クレンジングクリーム,販売数量,kg,1160732.0,2021
2021,2,クレンジングクリーム,販売数量,kg,1399077.0,2021
2021,3,クレンジングクリーム,販売数量,kg,1693491.0,2021
2021,4,クレンジングクリーム,販売数量,kg,1797087.0,2021
2021,5,クレンジングクリーム,販売数量,kg,1308247.0,2021
2021,6,クレンジングクリーム,販売数量,kg,1679133.0,2021
2021,7,クレンジングクリーム,販売数量,kg,1615454.0,2021
2021,8,クレンジングクリーム,販売数量,kg,1609463.0,2021
2021,9,クレンジングクリーム,販売数量,kg,1728463.0,2021
2021,10,クレンジングクリーム,販売数量,kg,1792749.0,2021
2021,11,クレンジングクリーム,販売数量,kg,1671953.0,2021
2021,12,クレンジングクリーム,販売数量,kg,1589713.0,2021
2022,0,クレンジングクリーム,販売数量,kg,20444151.0,2023
2022,1,クレンジングクリーム,販売数量,kg,1580160.0,2022
2022,2,クレンジングクリーム,販売数量,kg,1613667.0,2022
2022,3,クレンジングクリーム,販売数量,kg,1809066.0,2022
2022,4,クレンジングクリーム,販売数量,kg,1900023.0,2022
2022,5,クレンジングクリーム,販売数量,kg,1526119.0,2022
2022,6,クレンジングクリーム,販売数量,kg,1975013.0,2022
2022,7,クレンジングクリーム,販売数量,kg,1731796.0,2022
2022,8,クレンジングクリーム,販売数量,kg,1565726.0,2022
2022,9,クレンジングクリーム,販売数量,kg,1587981.0,2022
2022,10,クレンジングクリーム,販売数量,kg,1742765.0,2022
2022,11,クレンジングクリーム,販売数量,kg,1708709.0,2022
2022,12,クレンジングクリーム,販売数量,kg,1703126.0,2022
2023,0,クレンジングクリーム,販売数量,kg,21746781.0,2023
2023,1,クレンジングクリーム,販売数量,kg,1295449.0,2023
2023,2,クレンジングクリーム,販売数量,kg,1447776.0,2023
2023,3,クレンジングクリーム,販売数量,kg,1781389.0,2023
2023,4,クレンジングクリーム,販売数量,kg,1833468.0,2023
2023,5,クレンジングクリーム,販売数量,kg,1824468.0,2023
2023,6,クレンジングクリーム,販売数量,kg,1736639.0,2023
2023,7,クレンジングクリーム,販売数量,kg,1750822.0,2023
2023,8,クレンジングクリーム,販売数量,kg,1838317.0,2023
2023,9,クレンジングクリーム,販売数量,kg,2021124.0,2023
2023,10,クレンジングクリーム,販売数量,kg,2180454.0,2023
2023,11,クレンジングクリーム,販売数量,kg,2117455.0,2023
2023,12,クレンジングクリーム,販売数量,kg,1919420.0,2023
2024,1,クレンジングクリーム,販売数量,kg,1637600.0,2024
2024,2,クレンジングクリーム,販売数量,kg,2117220.0,2024
2024,3,クレンジングクリーム,販売数量,kg,2048537.0,2024
2024,4,クレンジングクリーム,販売数量,kg,2144063.0,2024
2024,5,クレンジングクリーム,販売数量,kg,2097217.0,2024
2024,6,クレンジングクリーム,販売数量,kg,1971624.0,2024
2024,7,クレンジングクリーム,販売数量,kg,1959022.0,2024
2024,8,クレンジングクリーム,販売数量,kg,1728128.0,2024
2024,9,クレンジングクリーム,販売数量,kg,1904415.0,2024
2024,10,クレンジングクリーム,販売数量,kg,2136394.0,2024
2024,11,クレンジングクリーム,販売数量,kg,1730754.0,2024
2024,12,クレンジングクリーム,販売数量,kg,1565762.0,2024
2015,0,クレンジングクリーム,販売金額,千円,58723145.0,2019
2016,0,クレンジングクリーム,販売金額,千円,60638650.0,2020
2017,0,クレンジングクリーム,販売金額,千円,64966641.0,2021
2018,0,クレンジングクリーム,販売金額,千円,66763655.0,2022
2019,0,クレンジングクリーム,販売金額,千円,69121042.0,2023
2019,1,クレンジングクリーム,販売金額,千円,4346647.0,2019
2019,2,クレンジングクリーム,販売金額,千円,4925923.0,2019
2019,3,クレンジングクリーム,販売金額,千円,5899184.0,2019
2019,4,クレンジングクリーム,販売金額,千円,5967524.0,2019
2019,5,クレンジングクリーム,販売金額,千円,5420373.0,2019
2019,6,クレンジングクリーム,販売金額,千円,6497997.0,2019
2019,7,クレンジングクリーム,販売金額,千円,6693681.0,2019
2019,8,クレンジングクリーム,販売金額,千円,6244581.0,2019
2019,9,クレンジングクリーム,販売金額,千円,6962207.0,2019
2019,10,クレンジングクリーム,販売金額,千円,5146400.0,2019
2019,11,クレンジングクリーム,販売金額,千円,5169934.0,2019
2019,12,クレンジングクリーム,販売金額,千円,5846591.0,2019
2020,0,クレンジングクリーム,販売金額,千円,54506065.0,2023
2020,1,クレンジングクリーム,販売金額,千円,4101857.0,2020
2020,2,クレンジングクリーム,販売金額,千円,5217333.0,2020
2020,3,クレンジングクリーム,販売金額,千円,4732136.0,2020
2020,4,クレンジングクリーム,販売金額,千円,4853245.0,2020
2020,5,クレンジングクリーム,販売金額,千円,4012019.0,2020
2020,6,クレンジングクリーム,販売金額,千円,5458850.0,2020
2020,7,クレンジングクリーム,販売金額,千円,4384617.0,2020
2020,8,クレンジングクリーム,販売金額,千円,4427275.0,2020
2020,9,クレンジングクリーム,販売金額,千円,4705417.0,2020
2020,10,クレンジングクリーム,販売金額,千円,4579526.0,2020
2020,11,クレンジングクリーム,販売金額,千円,3927889.0,2020
2020,12,クレンジングクリーム,販売金額,千円,4324745.0,2020
2021,0,クレンジングクリーム,販売金額,千円,49188958.0,2023
2021,1,クレンジングクリーム,販売金額,千円,3066606.0,2021
2021,2,クレンジングクリーム,販売金額,千円,3640996.0,2021
2021,3,クレンジングクリーム,販売金額,千円,4141546.0,2021
2021,4,クレンジングクリーム,販売金額,千円,4396084.0,2021
2021,5,クレンジングクリーム,販売金額,千円,3233559.0,2021
2021,6,クレンジングクリーム,販売金額,千円,3882113.0,2021
2021,7,クレンジングクリーム,販売金額,千円,3904271.0,2021
2021,8,クレンジングクリーム,販売金額,千円,3990035.0,2021
2021,9,クレンジングクリーム,販売金額,千円,4485073.0,2021
2021,10,クレンジングクリーム,販売金額,千円,4540975.0,2021
2021,11,クレンジングクリーム,販売金額,千円,4239801.0,2021
2021,12,クレンジングクリーム,販売金額,千円,3981661.0,2021
2022,0,クレンジングクリーム,販売金額,千円,51285610.0,2023
2022,1,クレンジングクリーム,販売金額,千円,3456976.0,2022
2022,2,クレンジングクリーム,販売金額,千円,3786227.0,2022
2022,3,クレンジングクリーム,販売金額,千円,4216984.0,2022
2022,4,クレンジングクリーム,販売金額,千円,4621413.0,2022
2022,5,クレンジングクリーム,販売金額,千円,3803183.0,2022
2022,6,クレンジングクリーム,販売金額,千円,4418970.0,2022
2022,7,クレンジングクリーム,販売金額,千円,4257235.0,2022
2022,8,クレンジングクリーム,販売金額,千円,5024379.0,2022
2022,9,クレンジングクリーム,販売金額,千円,4012607.0,2022
2022,10,クレンジングクリーム,販売金額,千円,4880989.0,2022
2022,11,クレンジングクリーム,販売金額,千円,4485592.0,2022
2022,12,クレンジングクリーム,販売金額,千円,4321055.0,2022
2023,0,クレンジングクリーム,販売金額,千円,59563291.0,2023
2023,1,クレンジングクリーム,販売金額,千円,3497936.0,2023
2023,2,クレンジングクリーム,販売金額,千円,3793772.0,2023
2023,3,クレンジングクリーム,販売金額,千円,4769155.0,2023
2023,4,クレンジングクリーム,販売金額,千円,4640136.0,2023
2023,5,クレンジングクリーム,販売金額,千円,4826038.0,2023
2023,6,クレンジングクリーム,販売金額,千円,4939607.0,2023
2023,7,クレンジングクリーム,販売金額,千円,5119712.0,2023
2023,8,クレンジングクリーム,販売金額,千円,5073737.0,2023
2023,9,クレンジングクリーム,販売金額,千円,5554041.0,2023
2023,10,クレンジングクリーム,販売金額,千円,5826061.0,2023
2023,11,クレンジングクリーム,販売金額,千円,5483883.0,2023
2023,12,クレンジングクリーム,販売金額,千円,6039213.0,2023
2024,1,クレンジングクリーム,販売金額,千円,4681277.0,2024
2024,2,クレンジングクリーム,販売金額,千円,6023248.0,2024
2024,3,クレンジングクリーム,販売金額,千円,5788386.0,2024
2024,4,クレンジングクリーム,販売金額,千円,5944018.0,2024
2024,5,クレンジングクリーム,販売金額,千円,5952360.0,2024
2024,6,クレンジングクリーム,販売金額,千円,6056551.0,2024
2024,7,クレンジングクリーム,販売金額,千円,6392009.0,2024
2024,8,クレンジングクリーム,販売金額,千円,5721352.0,2024
2024,9,クレンジングクリーム,販売金額,千円,5667599.0,2024
2024,10,クレンジングクリーム,販売金額,千円,6337931.0,2024
2024,11,クレンジングクリーム,販売金額,千円,5362088.0,2024
2024,12,クレンジングクリーム,販売金額,千円,5697375.0,2024
2015,0,シャンプー,出荷その他,kg,14127189.0,2019
2016,0,シャンプー,出荷その他,kg,19816770.0,2020
2017,0,シャンプー,出荷その他,kg,22619439.0,2021
2018,0,シャンプー,出荷その他,kg,23167549.0,2022
2019,0,シャンプー,出荷その他,kg,21205191.0,2023
2019,1,シャンプー,出荷その他,kg,1645639.0,2019
2019,2,シャンプー,出荷その他,kg,2345115.0,2019
2019,3,シャンプー,出荷その他,kg,1630228.0,2019
2019,4,シャンプー,出荷その他,kg,1896683.0,2019
2019,5,シャンプー,出荷その他,kg,1582185.0,2019
2019,6,シャンプー,出荷その他,kg,1799076.0,2019
2019,7,シャンプー,出荷その他,kg,2324996.0,2019
2019,8,シャンプー,出荷その他,kg,1600503.0,2019
2019,9,シャンプー,出荷その他,kg,1950436.0,2019
2019,10,シャンプー,出荷その他,kg,1593836.0,2019
2019,11,シャンプー,出荷その他,kg,1247228.0,2019
2019,12,シャンプー,出荷その他,kg,1589266.0,2019
2020,0,シャンプー,出荷その他,kg,10462851.0,2023
2020,1,シャンプー,出荷その他,kg,882638.0,2020
2020,2,シャンプー,出荷その他,kg,1061025.0,2020
2020,3,シャンプー,出荷その他,kg,1338115.0,2020
2020,4,シャンプー,出荷その他,kg,1481071.0,2020
2020,5,シャンプー,出荷その他,kg,984742.0,2020
2020,6,シャンプー,出荷その他,kg,1547659.0,2020
2020,7,シャンプー,出荷その他,kg,1245297.0,2020
2020,8,シャンプー,出荷その他,kg,788680.0,2020
2020,9,シャンプー,出荷その他,kg,1311199.0,2020
2020,10,シャンプー,出荷その他,kg,1368716.0,2020
2020,11,シャンプー,出荷その他,kg,1131642.0,2020
2020,12,シャンプー,出荷その他,kg,579081.0,2020
2021,0,シャンプー,出荷その他,kg,8261735.0,2023
2021,1,シャンプー,出荷その他,kg,541844.0,2021
2021,2,シャンプー,出荷その他,kg,560384.0,2021
2021,3,シャンプー,出荷その他,kg,847065.0,2021
2021,4,シャンプー,出荷その他,kg,608334.0,2021
2021,5,シャンプー,出荷その他,kg,649084.0,2021
2021,6,シャンプー,出荷その他,kg,764614.0,2021
2021,7,シャンプー,出荷その他,kg,657019.0,2021
2021,8,シャンプー,出荷その他,kg,583396.0,2021
2021,9,シャンプー,出荷その他,kg,1150268.0,2021
2021,10,シャンプー,出荷その他,kg,1009650.0,2021
2021,11,シャンプー,出荷その他,kg,916026.0,2021
2021,12,シャンプー,出荷その他,kg,612406.0,2021
2022,0,シャンプー,出荷その他,kg,8326238.0,2023
2022,1,シャンプー,出荷その他,kg,675664.0,2022
2022,2,シャンプー,出荷その他,kg,684453.0,2022
2022,3,シャンプー,出荷その他,kg,919245.0,2022
2022,4,シャンプー,出荷その他,kg,1222609.0,2022
2022,5,シャンプー,出荷その他,kg,325616.0,2022
2022,6,シャンプー,出荷その他,kg,887148.0,2022
2022,7,シャンプー,出荷その他,kg,968526.0,2022
2022,8,シャンプー,出荷その他,kg,317605.0,2022
2022,9,シャンプー,出荷その他,kg,515413.0,2022
2022,10,シャンプー,出荷その他,kg,344014.0,2022
2022,11,シャンプー,出荷その他,kg,823950.0,2022
2022,12,シャンプー,出荷その他,kg,641995.0,2022
2023,0,シャンプー,出荷その他,kg,9049361.0,2023
2023,1,シャンプー,出荷その他,kg,2517369.0,2023
2023,2,シャンプー,出荷その他,kg,543618.0,2023
2023,3,シャンプー,出荷その他,kg,715193.0,2023
2023,4,シャンプー,出荷その他,kg,525707.0,2023
2023,5,シャンプー,出荷その他,kg,666081.0,2023
2023,6,シャンプー,出荷その他,kg,721156.0,2023
2023,7,シャンプー,出荷その他,kg,686420.0,2023
2023,8,シャンプー,出荷その他,kg,577461.0,2023
2023,9,シャンプー,出荷その他,kg,340696.0,2023
2023,10,シャンプー,出荷その他,kg,501696.0,2023
2023,11,シャンプー,出荷その他,kg,450027.0,2023
2023,12,シャンプー,出荷その他,kg,803937.0,2023
2024,1,シャンプー,出荷その他,kg,577374.0,2024
2024,2,シャンプー,出荷その他,kg,450971.0,2024
2024,3,シャンプー,出荷その他,kg,567395.0,2024
2024,4,シャンプー,出荷その他,kg,585346.0,2024
2024,5,シャンプー,出荷その他,kg,701481.0,2024
2024,6,シャンプー,出荷その他,kg,695985.0,2024
2024,7,シャンプー,出荷その他,kg,685169.0,2024
2024,8,シャンプー,出荷その他,kg,687487.0,2024
2024,9,シャンプー,出荷その他,kg,688622.0,2024
2024,10,シャンプー,出荷その他,kg,713802.0,2024
2024,11,シャンプー,出荷その他,kg,700951.0,2024
2024,12,シャンプー,出荷その他,kg,699831.0,2024
2015,0,シャンプー,受入,kg,3147569.0,2019
2016,0,シャンプー,受入,kg,2214255.0,2020
2017,0,シャンプー,受入,kg,4444329.0,2021
2018,0,シャンプー,受入,kg,4130958.0,2022
2019,0,シャンプー,受入,kg,4405773.0,2023
2019,1,シャンプー,受入,kg,279519.0,2019
2019,2,シャンプー,受入,kg,341213.0,2019
2019,3,シャンプー,受入,kg,288239.0,2019
2019,4,シャンプー,受入,kg,333926.0,2019
2019,5,シャンプー,受入,kg,403691.0,2019
2019,6,シャンプー,受入,kg,401364.0,2019
2019,7,シャンプー,受入,kg,358784.0,2019
2019,8,シャンプー,受入,kg,367392.0,2019
2019,9,シャンプー,受入,kg,486252.0,2019
2019,10,シャンプー,受入,kg,384925.0,2019
2019,11,シャンプー,受入,kg,328120.0,2019
2019,12,シャンプー,受入,kg,432348.0,2019
2020,0,シャンプー,受入,kg,2301205.0,2023
2020,1,シャンプー,受入,kg,536240.0,2020
2020,2,シャンプー,受入,kg,371907.0,2020
2020,3,シャンプー,受入,kg,399598.0,2020
2020,4,シャンプー,受入,kg,278498.0,2020
2020,5,シャンプー,受入,kg,333135.0,2020
2020,6,シャンプー,受入,kg,431178.0,2020
2020,7,シャンプー,受入,kg,284138.0,2020
2020,8,シャンプー,受入,kg,409459.0,2020
2020,9,シャンプー,受入,kg,447092.0,2020
2020,10,シャンプー,受入,kg,362767.0,2020
2020,11,シャンプー,受入,kg,235731.0,2020
2020,12,シャンプー,受入,kg,215515.0,2020
2021,0,シャンプー,受入,kg,587022.0,2023
2021,1,シャンプー,受入,kg,223182.0,2021
2021,2,シャンプー,受入,kg,242346.0,2021
2021,3,シャンプー,受入,kg,279724.0,2021
2021,4,シャンプー,受入,kg,201817.0,2021
2021,5,シャンプー,受入,kg,242253.0,2021
2021,6,シャンプー,受入,kg,259568.0,2021
2021,7,シャンプー,受入,kg,229434.0,2021
2021,8,シャンプー,受入,kg,231200.0,2021
2021,9,シャンプー,受入,kg,140223.0,2021
2021,10,シャンプー,受入,kg,241791.0,2021
2021,11,シャンプー,受入,kg,220116.0,2021
2021,12,シャンプー,受入,kg,298177.0,2021
2022,0,シャンプー,受入,kg,700028.0,2023
2022,1,シャンプー,受入,kg,42821.0,2022
2022,2,シャンプー,受入,kg,31433.0,2022
2022,3,シャンプー,受入,kg,49753.0,2022
2022,4,シャンプー,受入,kg,64547.0,2022
2022,5,シャンプー,受入,kg,34718.0,2022
2022,6,シャンプー,受入,kg,51990.0,2022
2022,7,シャンプー,受入,kg,89212.0,2022
2022,8,シャンプー,受入,kg,45311.0,2022
2022,9,シャンプー,受入,kg,115211.0,2022
2022,10,シャンプー,受入,kg,77620.0,2022
2022,11,シャンプー,受入,kg,61702.0,2022
2022,12,シャンプー,受入,kg,35710.0,2022
2023,0,シャンプー,受入,kg,1219921.0,2023
2023,1,シャンプー,受入,kg,27966.0,2023
2023,2,シャンプー,受入,kg,69252.0,2023
2023,3,シャンプー,受入,kg,54872.0,2023
2023,4,シャンプー,受入,kg,77205.0,2023
2023,5,シャンプー,受入,kg,76510.0,2023
2023,6,シャンプー,受入,kg,41931.0,2023
2023,7,シャンプー,受入,kg,58644.0,2023
2023,8,シャンプー,受入,kg,63125.0,2023
2023,9,シャンプー,受入,kg,73968.0,2023
2023,10,シャンプー,受入,kg,97058.0,2023
2023,11,シャンプー,受入,kg,397191.0,2023
2023,12,シャンプー,受入,kg,182199.0,2023
2024,1,シャンプー,受入,kg,21714.0,2024
2024,2,シャンプー,受入,kg,189169.0,2024
2024,3,シャンプー,受入,kg,176178.0,2024
2024,4,シャンプー,受入,kg,308824.0,2024
2024,5,シャンプー,受入,kg,319187.0,2024
2024,6,シャンプー,受入,kg,307363.0,2024
2024,7,シャンプー,受入,kg,302161.0,2024
2024,8,シャンプー,受入,kg,301699.0,2024
2024,9,シャンプー,受入,kg,291680.0,2024
2024,10,シャンプー,受入,kg,327124.0,2024
2024,11,シャンプー,受入,kg,297259.0,2024
2024,12,シャンプー,受入,kg,277642.0,2024
2015,0,シャンプー,月末在庫,kg,12817629.0,2019
2016,0,シャンプー,月末在庫,kg,12377726.0,2020
2017,0,シャンプー,月末在庫,kg,14425480.0,2021
2018,0,シャンプー,月末在庫,kg,15973897.0,2022
2019,0,シャンプー,月末在庫,kg,17660580.0,2023
2019,1,シャンプー,月末在庫,kg,18530749.0,2019
2019,2,シャンプー,月末在庫,kg,20074273.0,2019
2019,3,シャンプー,月末在庫,kg,20983728.0,2019
2019,4,シャンプー,月末在庫,kg,21809280.0,2019
2019,5,シャンプー,月末在庫,kg,23525555.0,2019
2019,6,シャンプー,月末在庫,kg,23524783.0,2019
2019,7,シャンプー,月末在庫,kg,24799319.0,2019
2019,8,シャンプー,月末在庫,kg,22726922.0,2019
2019,9,シャンプー,月末在庫,kg,20827464.0,2019
2019,10,シャンプー,月末在庫,kg,19936125.0,2019
2019,11,シャンプー,月末在庫,kg,20251779.0,2019
2019,12,シャンプー,月末在庫,kg,17660580.0,2019
2020,0,シャンプー,月末在庫,kg,14277475.0,2023
2020,1,シャンプー,月末在庫,kg,19280510.0,2020
2020,2,シャンプー,月末在庫,kg,19211346.0,2020
2020,3,シャンプー,月末在庫,kg,20098010.0,2020
2020,4,シャンプー,月末在庫,kg,19074853.0,2020
2020,5,シャンプー,月末在庫,kg,19511272.0,2020
2020,6,シャンプー,月末在庫,kg,19048720.0,2020
2020,7,シャンプー,月末在庫,kg,19171888.0,2020
2020,8,シャンプー,月末在庫,kg,17958741.0,2020
2020,9,シャンプー,月末在庫,kg,16883698.0,2020
2020,10,シャンプー,月末在庫,kg,17334986.0,2020
2020,11,シャンプー,月末在庫,kg,16429312.0,2020
2020,12,シャンプー,月末在庫,kg,13684508.0,2020
2021,0,シャンプー,月末在庫,kg,15649811.0,2023
2021,1,シャンプー,月末在庫,kg,14047425.0,2021
2021,2,シャンプー,月末在庫,kg,14630128.0,2021
2021,3,シャンプー,月末在庫,kg,15412589.0,2021
2021,4,シャンプー,月末在庫,kg,15571038.0,2021
2021,5,シャンプー,月末在庫,kg,15854683.0,2021
2021,6,シャンプー,月末在庫,kg,16217146.0,2021
2021,7,シャンプー,月末在庫,kg,16807257.0,2021
2021,8,シャンプー,月末在庫,kg,15770567.0,2021
2021,9,シャンプー,月末在庫,kg,14583499.0,2021
2021,10,シャンプー,月末在庫,kg,15327826.0,2021
2021,11,シャンプー,月末在庫,kg,15301860.0,2021
2021,12,シャンプー,月末在庫,kg,12902107.0,2021
2022,0,シャンプー,月末在庫,kg,14708662.0,2023
2022,1,シャンプー,月末在庫,kg,17384537.0,2022
2022,2,シャンプー,月末在庫,kg,18097682.0,2022
2022,3,シャンプー,月末在庫,kg,17872335.0,2022
2022,4,シャンプー,月末在庫,kg,18491122.0,2022
2022,5,シャンプー,月末在庫,kg,17872092.0,2022
2022,6,シャンプー,月末在庫,kg,18028559.0,2022
2022,7,シャンプー,月末在庫,kg,17535856.0,2022
2022,8,シャンプー,月末在庫,kg,16596988.0,2022
2022,9,シャンプー,月末在庫,kg,16249896.0,2022
2022,10,シャンプー,月末在庫,kg,17093157.0,2022
2022,11,シャンプー,月末在庫,kg,16274086.0,2022
2022,12,シャンプー,月末在庫,kg,14708662.0,2022
2023,0,シャンプー,月末在庫,kg,14714694.0,2023
2023,1,シャンプー,月末在庫,kg,15021651.0,2023
2023,2,シャンプー,月末在庫,kg,16029916.0,2023
2023,3,シャンプー,月末在庫,kg,16391748.0,2023
2023,4,シャンプー,月末在庫,kg,17154644.0,2023
2023,5,シャンプー,月末在庫,kg,17346500.0,2023
2023,6,シャンプー,月末在庫,kg,16741215.0,2023
2023,7,シャンプー,月末在庫,kg,17156003.0,2023
2023,8,シャンプー,月末在庫,kg,16446096.0,2023
2023,9,シャンプー,月末在庫,kg,15814294.0,2023
2023,10,シャンプー,月末在庫,kg,15992454.0,2023
2023,11,シャンプー,月末在庫,kg,16335512.0,2023
2023,12,シャンプー,月末在庫,kg,14714694.0,2023
2024,1,シャンプー,月末在庫,kg,15061922.0,2024
2024,2,シャンプー,月末在庫,kg,15274261.0,2024
2024,3,シャンプー,月末在庫,kg,15929877.0,2024
2024,4,シャンプー,月末在庫,kg,16041308.0,2024
2024,5,シャンプー,月末在庫,kg,16235519.0,2024
2024,6,シャンプー,月末在庫,kg,15816816.0,2024
2024,7,シャンプー,月末在庫,kg,16315114.0,2024
2024,8,シャンプー,月末在庫,kg,15812881.0,2024
2024,9,シャンプー,月末在庫,kg,15758535.0,2024
2024,10,シャンプー,月末在庫,kg,15753385.0,2024
2024,11,シャンプー,月末在庫,kg,15841690.0,2024
2024,12,シャンプー,月末在庫,kg,15311983.0,2024
2015,0,シャンプー,生産,kg,130843050.0,2019
2016,0,シャンプー,生産,kg,133812962.0,2020
2017,0,シャンプー,生産,kg,138247462.0,2021
2018,0,シャンプー,生産,kg,139012857.0,2022
2019,0,シャンプー,生産,kg,144674402.0,2023
2019,1,シャンプー,生産,kg,11140186.0,2019
2019,2,シャンプー,生産,kg,12060330.0,2019
2019,3,シャンプー,生産,kg,13287345.0,2019
2019,4,シャンプー,生産,kg,12768455.0,2019
2019,5,シャンプー,生産,kg,12043010.0,2019
2019,6,シャンプー,生産,kg,12199840.0,2019
2019,7,シャンプー,生産,kg,15053522.0,2019
2019,8,シャンプー,生産,kg,10601581.0,2019
2019,9,シャンプー,生産,kg,11014802.0,2019
2019,10,シャンプー,生産,kg,11653985.0,2019
2019,11,シャンプー,生産,kg,12297566.0,2019
2019,12,シャンプー,生産,kg,10553780.0,2019
2020,0,シャンプー,生産,kg,124042930.0,2023
2020,1,シャンプー,生産,kg,9074383.0,2020
2020,2,シャンプー,生産,kg,9527829.0,2020
2020,3,シャンプー,生産,kg,11686915.0,2020
2020,4,シャンプー,生産,kg,10977230.0,2020
2020,5,シャンプー,生産,kg,9440577.0,2020
2020,6,シャンプー,生産,kg,11703158.0,2020
2020,7,シャンプー,生産,kg,11572468.0,2020
2020,8,シャンプー,生産,kg,8688827.0,2020
2020,9,シャンプー,生産,kg,10218369.0,2020
2020,10,シャンプー,生産,kg,10650018.0,2020
2020,11,シャンプー,生産,kg,10422864.0,2020
2020,12,シャンプー,生産,kg,9039113.0,2020
2021,0,シャンプー,生産,kg,130127760.0,2023
2021,1,シャンプー,生産,kg,6873822.0,2021
2021,2,シャンプー,生産,kg,8826716.0,2021
2021,3,シャンプー,生産,kg,11689168.0,2021
2021,4,シャンプー,生産,kg,10334153.0,2021
2021,5,シャンプー,生産,kg,8566338.0,2021
2021,6,シャンプー,生産,kg,11515372.0,2021
2021,7,シャンプー,生産,kg,10025615.0,2021
2021,8,シャンプー,生産,kg,7335038.0,2021
2021,9,シャンプー,生産,kg,9616474.0,2021
2021,10,シャンプー,生産,kg,9570676.0,2021
2021,11,シャンプー,生産,kg,9801778.0,2021
2021,12,シャンプー,生産,kg,8043789.0,2021
2022,0,シャンプー,生産,kg,128947933.0,2023
2022,1,シャンプー,生産,kg,9970843.0,2022
2022,2,シャンプー,生産,kg,10274062.0,2022
2022,3,シャンプー,生産,kg,11899640.0,2022
2022,4,シャンプー,生産,kg,11863220.0,2022
2022,5,シャンプー,生産,kg,9225524.0,2022
2022,6,シャンプー,生産,kg,12247160.0,2022
2022,7,シャンプー,生産,kg,11215516.0,2022
2022,8,シャンプー,生産,kg,9748969.0,2022
2022,9,シャンプー,生産,kg,10391889.0,2022
2022,10,シャンプー,生産,kg,10985647.0,2022
2022,11,シャンプー,生産,kg,11047522.0,2022
2022,12,シャンプー,生産,kg,10077941.0,2022
2023,0,シャンプー,生産,kg,112416120.0,2023
2023,1,シャンプー,生産,kg,9258699.0,2023
2023,2,シャンプー,生産,kg,9089002.0,2023
2023,3,シャンプー,生産,kg,11410493.0,2023
2023,4,シャンプー,生産,kg,9751589.0,2023
2023,5,シャンプー,生産,kg,9158831.0,2023
2023,6,シャンプー,生産,kg,9743304.0,2023
2023,7,シャンプー,生産,kg,9636119.0,2023
2023,8,シャンプー,生産,kg,8054546.0,2023
2023,9,シャンプー,生産,kg,8944463.0,2023
2023,10,シャンプー,生産,kg,9186523.0,2023
2023,11,シャンプー,生産,kg,9602823.0,2023
2023,12,シャンプー,生産,kg,8579728.0,2023
2024,1,シャンプー,生産,kg,7865721.0,2024
2024,2,シャンプー,生産,kg,8427698.0,2024
2024,3,シャンプー,生産,kg,9680114.0,2024
2024,4,シャンプー,生産,kg,9678400.0,2024
2024,5,シャンプー,生産,kg,9834294.0,2024
2024,6,シャンプー,生産,kg,9635384.0,2024
2024,7,シャンプー,生産,kg,10356327.0,2024
2024,8,シャンプー,生産,kg,8721993.0,2024
2024,9,シャンプー,生産,kg,9739861.0,2024
2024,10,シャンプー,生産,kg,10240871.0,2024
2024,11,シャンプー,生産,kg,9727516.0,2024
2024,12,シャンプー,生産,kg,9450842.0,2024
2015,0,シャンプー,販売個数,十個,31451932.0,2019
2016,0,シャンプー,販売個数,十個,29942610.0,2020
2017,0,シャンプー,販売個数,十個,29720204.0,2021
2018,0,シャンプー,販売個数,十個,29081731.0,2022
2019,0,シャンプー,販売個数,十個,31353447.0,2023
2019,1,シャンプー,販売個数,十個,1767733.0,2019
2019,2,シャンプー,販売個数,十個,2172409.0,2019
2019,3,シャンプー,販売個数,十個,2728139.0,2019
2019,4,シャンプー,販売個数,十個,2560767.0,2019
2019,5,シャンプー,販売個数,十個,2313774.0,2019
2019,6,シャンプー,販売個数,十個,2758005.0,2019
2019,7,シャンプー,販売個数,十個,2853059.0,2019
2019,8,シャンプー,販売個数,十個,2706919.0,2019
2019,9,シャンプー,販売個数,十個,2852485.0,2019
2019,10,シャンプー,販売個数,十個,2781013.0,2019
2019,11,シャンプー,販売個数,十個,2852040.0,2019
2019,12,シャンプー,販売個数,十個,3007104.0,2019
2020,0,シャンプー,販売個数,十個,28891058.0,2023
2020,1,シャンプー,販売個数,十個,1690414.0,2020
2020,2,シャンプー,販売個数,十個,2241273.0,2020
2020,3,シャンプー,販売個数,十個,2471439.0,2020
2020,4,シャンプー,販売個数,十個,2585716.0,2020
2020,5,シャンプー,販売個数,十個,2022884.0,2020
2020,6,シャンプー,販売個数,十個,2661208.0,2020
2020,7,シャンプー,販売個数,十個,2504253.0,2020
2020,8,シャンプー,販売個数,十個,2266916.0,2020
2020,9,シャンプー,販売個数,十個,2510895.0,2020
2020,10,シャンプー,販売個数,十個,2323773.0,2020
2020,11,シャンプー,販売個数,十個,2379749.0,2020
2020,12,シャンプー,販売個数,十個,2691480.0,2020
2021,0,シャンプー,販売個数,十個,29095710.0,2023
2021,1,シャンプー,販売個数,十個,1492200.0,2021
2021,2,シャンプー,販売個数,十個,1973528.0,2021
2021,3,シャンプー,販売個数,十個,2355122.0,2021
2021,4,シャンプー,販売個数,十個,2393301.0,2021
2021,5,シャンプー,販売個数,十個,1907422.0,2021
2021,6,シャンプー,販売個数,十個,2517159.0,2021
2021,7,シャンプー,販売個数,十個,2237158.0,2021
2021,8,シャンプー,販売個数,十個,1983365.0,2021
2021,9,シャンプー,販売個数,十個,2283224.0,2021
2021,10,シャンプー,販売個数,十個,1976862.0,2021
2021,11,シャンプー,販売個数,十個,2130697.0,2021
2021,12,シャンプー,販売個数,十個,2357362.0,2021
2022,0,シャンプー,販売個数,十個,30522259.0,2023
2022,1,シャンプー,販売個数,十個,1905436.0,2022
2022,2,シャンプー,販売個数,十個,2157679.0,2022
2022,3,シャンプー,販売個数,十個,2698461.0,2022
2022,4,シャンプー,販売個数,十個,2513898.0,2022
2022,5,シャンプー,販売個数,十個,2302847.0,2022
2022,6,シャンプー,販売個数,十個,2733784.0,2022
2022,7,シャンプー,販売個数,十個,2750610.0,2022
2022,8,シャンプー,販売個数,十個,2870194.0,2022
2022,9,シャンプー,販売個数,十個,2694019.0,2022
2022,10,シャンプー,販売個数,十個,2373904.0,2022
2022,11,シャンプー,販売個数,十個,2763713.0,2022
2022,12,シャンプー,販売個数,十個,2757714.0,2022
2023,0,シャンプー,販売個数,十個,27607491.0,2023
2023,1,シャンプー,販売個数,十個,2062546.0,2023
2023,2,シャンプー,販売個数,十個,2197706.0,2023
2023,3,シャンプー,販売個数,十個,2605452.0,2023
2023,4,シャンプー,販売個数,十個,2713150.0,2023
2023,5,シャンプー,販売個数,十個,2087780.0,2023
2023,6,シャンプー,販売個数,十個,2381625.0,2023
2023,7,シャンプー,販売個数,十個,2230637.0,2023
2023,8,シャンプー,販売個数,十個,1973981.0,2023
2023,9,シャンプー,販売個数,十個,2799870.0,2023
2023,10,シャンプー,販売個数,十個,2267579.0,2023
2023,11,シャンプー,販売個数,十個,2140001.0,2023
2023,12,シャンプー,販売個数,十個,2147164.0,2023
2024,1,シャンプー,販売個数,十個,1604459.0,2024
2024,2,シャンプー,販売個数,十個,1800811.0,2024
2024,3,シャンプー,販売個数,十個,2096751.0,2024
2024,4,シャンプー,販売個数,十個,2173852.0,2024
2024,5,シャンプー,販売個数,十個,2282553.0,2024
2024,6,シャンプー,販売個数,十個,2246273.0,2024
2024,7,シャンプー,販売個数,十個,2228025.0,2024
2024,8,シャンプー,販売個数,十個,2056959.0,2024
2024,9,シャンプー,販売個数,十個,2269157.0,2024
2024,10,シャンプー,販売個数,十個,2264168.0,2024
2024,11,シャンプー,販売個数,十個,2127382.0,2024
2024,12,シャンプー,販売個数,十個,2131041.0,2024
2015,0,シャンプー,販売数量,kg,116569014.0,2019
2016,0,シャンプー,販売数量,kg,115269410.0,2020
2017,0,シャンプー,販売数量,kg,117190663.0,2021
2018,0,シャンプー,販売数量,kg,117398729.0,2022
2019,0,シャンプー,販売数量,kg,125150971.0,2023
2019,1,シャンプー,販売数量,kg,7144531.0,2019
2019,2,シャンプー,販売数量,kg,8433609.0,2019
2019,3,シャンプー,販売数量,kg,10990392.0,2019
2019,4,シャンプー,販売数量,kg,10308588.0,2019
2019,5,シャンプー,販売数量,kg,9055749.0,2019
2019,6,シャンプー,販売数量,kg,10687439.0,2019
2019,7,シャンプー,販売数量,kg,11701823.0,2019
2019,8,シャンプー,販売数量,kg,11357748.0,2019
2019,9,シャンプー,販売数量,kg,11331058.0,2019
2019,10,シャンプー,販売数量,kg,11253218.0,2019
2019,11,シャンプー,販売数量,kg,10981136.0,2019
2019,12,シャンプー,販売数量,kg,11905680.0,2019
2020,0,シャンプー,販売数量,kg,117753864.0,2023
2020,1,シャンプー,販売数量,kg,6930808.0,2020
2020,2,シャンプー,販売数量,kg,8829264.0,2020
2020,3,シャンプー,販売数量,kg,9773288.0,2020
2020,4,シャンプー,販売数量,kg,10717306.0,2020
2020,5,シャンプー,販売数量,kg,8247926.0,2020
2020,6,シャンプー,販売数量,kg,10959389.0,2020
2020,7,シャンプー,販売数量,kg,10386314.0,2020
2020,8,シャンプー,販売数量,kg,9451051.0,2020
2020,9,シャンプー,販売数量,kg,10351186.0,2020
2020,10,シャンプー,販売数量,kg,9111670.0,2020
2020,11,シャンプー,販売数量,kg,10352580.0,2020
2020,12,シャンプー,販売数量,kg,11334714.0,2020
2021,0,シャンプー,販売数量,kg,119944481.0,2023
2021,1,シャンプー,販売数量,kg,6106581.0,2021
2021,2,シャンプー,販売数量,kg,7848421.0,2021
2021,3,シャンプー,販売数量,kg,10106313.0,2021
2021,4,シャンプー,販売数量,kg,9690207.0,2021
2021,5,シャンプー,販売数量,kg,7794685.0,2021
2021,6,シャンプー,販売数量,kg,10554987.0,2021
2021,7,シャンプー,販売数量,kg,8930746.0,2021
2021,8,シャンプー,販売数量,kg,7949874.0,2021
2021,9,シャンプー,販売数量,kg,9703324.0,2021
2021,10,シャンプー,販売数量,kg,7984332.0,2021
2021,11,シャンプー,販売数量,kg,9049440.0,2021
2021,12,シャンプー,販売数量,kg,10035941.0,2021
2022,0,シャンプー,販売数量,kg,121040224.0,2023
2022,1,シャンプー,販売数量,kg,7542277.0,2022
2022,2,シャンプー,販売数量,kg,8824522.0,2022
2022,3,シャンプー,販売数量,kg,11169031.0,2022
2022,4,シャンプー,販売数量,kg,9997029.0,2022
2022,5,シャンプー,販売数量,kg,9463292.0,2022
2022,6,シャンプー,販売数量,kg,11161130.0,2022
2022,7,シャンプー,販売数量,kg,10756367.0,2022
2022,8,シャンプー,販売数量,kg,10353874.0,2022
2022,9,シャンプー,販売数量,kg,10262408.0,2022
2022,10,シャンプー,販売数量,kg,9783613.0,2022
2022,11,シャンプー,販売数量,kg,11019248.0,2022
2022,12,シャンプー,販売数量,kg,10707433.0,2022
2023,0,シャンプー,販売数量,kg,101991853.0,2023
2023,1,シャンプー,販売数量,kg,6359616.0,2023
2023,2,シャンプー,販売数量,kg,7497706.0,2023
2023,3,シャンプー,販売数量,kg,10209453.0,2023
2023,4,シャンプー,販売数量,kg,8349399.0,2023
2023,5,シャンプー,販売数量,kg,7852063.0,2023
2023,6,シャンプー,販売数量,kg,9530150.0,2023
2023,7,シャンプー,販売数量,kg,8404984.0,2023
2023,8,シャンプー,販売数量,kg,8061711.0,2023
2023,9,シャンプー,販売数量,kg,9160735.0,2023
2023,10,シャンプー,販売数量,kg,8460022.0,2023
2023,11,シャンプー,販売数量,kg,8877694.0,2023
2023,12,シャンプー,販売数量,kg,9228320.0,2023
2024,1,シャンプー,販売数量,kg,6645632.0,2024
2024,2,シャンプー,販売数量,kg,7576393.0,2024
2024,3,シャンプー,販売数量,kg,8227388.0,2024
2024,4,シャンプー,販売数量,kg,8931170.0,2024
2024,5,シャンプー,販売数量,kg,8872088.0,2024
2024,6,シャンプー,販売数量,kg,9260690.0,2024
2024,7,シャンプー,販売数量,kg,9133746.0,2024
2024,8,シャンプー,販売数量,kg,8465182.0,2024
2024,9,シャンプー,販売数量,kg,8993569.0,2024
2024,10,シャンプー,販売数量,kg,9538681.0,2024
2024,11,シャンプー,販売数量,kg,8916953.0,2024
2024,12,シャンプー,販売数量,kg,9159303.0,2024
2015,0,シャンプー,販売金額,千円,83808578.0,2019
2016,0,シャンプー,販売金額,千円,84722062.0,2020
2017,0,シャンプー,販売金額,千円,86049608.0,2021
2018,0,シャンプー,販売金額,千円,83260210.0,2022
2019,0,シャンプー,販売金額,千円,88833718.0,2023
2019,1,シャンプー,販売金額,千円,5382785.0,2019
2019,2,シャンプー,販売金額,千円,5981248.0,2019
2019,3,シャンプー,販売金額,千円,7458134.0,2019
2019,4,シャンプー,販売金額,千円,7394123.0,2019
2019,5,シャンプー,販売金額,千円,6768360.0,2019
2019,6,シャンプー,販売金額,千円,7747464.0,2019
2019,7,シャンプー,販売金額,千円,8470081.0,2019
2019,8,シャンプー,販売金額,千円,7613081.0,2019
2019,9,シャンプー,販売金額,千円,8197831.0,2019
2019,10,シャンプー,販売金額,千円,7809682.0,2019
2019,11,シャンプー,販売金額,千円,7904586.0,2019
2019,12,シャンプー,販売金額,千円,8106343.0,2019
2020,0,シャンプー,販売金額,千円,83876360.0,2023
2020,1,シャンプー,販売金額,千円,5081113.0,2020
2020,2,シャンプー,販売金額,千円,6275914.0,2020
2020,3,シャンプー,販売金額,千円,6571407.0,2020
2020,4,シャンプー,販売金額,千円,7112157.0,2020
2020,5,シャンプー,販売金額,千円,5783113.0,2020
2020,6,シャンプー,販売金額,千円,7727152.0,2020
2020,7,シャンプー,販売金額,千円,7445021.0,2020
2020,8,シャンプー,販売金額,千円,6858202.0,2020
2020,9,シャンプー,販売金額,千円,7104301.0,2020
2020,10,シャンプー,販売金額,千円,7135054.0,2020
2020,11,シャンプー,販売金額,千円,7443340.0,2020
2020,12,シャンプー,販売金額,千円,7718139.0,2020
2021,0,シャンプー,販売金額,千円,86419828.0,2023
2021,1,シャンプー,販売金額,千円,4644703.0,2021
2021,2,シャンプー,販売金額,千円,5245001.0,2021
2021,3,シャンプー,販売金額,千円,6854380.0,2021
2021,4,シャンプー,販売金額,千円,6743413.0,2021
2021,5,シャンプー,販売金額,千円,5751653.0,2021
2021,6,シャンプー,販売金額,千円,6835601.0,2021
2021,7,シャンプー,販売金額,千円,6362109.0,2021
2021,8,シャンプー,販売金額,千円,5717950.0,2021
2021,9,シャンプー,販売金額,千円,6328407.0,2021
2021,10,シャンプー,販売金額,千円,6063503.0,2021
2021,11,シャンプー,販売金額,千円,6454796.0,2021
2021,12,シャンプー,販売金額,千円,6815231.0,2021
2022,0,シャンプー,販売金額,千円,86628680.0,2023
2022,1,シャンプー,販売金額,千円,5621890.0,2022
2022,2,シャンプー,販売金額,千円,6013625.0,2022
2022,3,シャンプー,販売金額,千円,7652471.0,2022
2022,4,シャンプー,販売金額,千円,7245065.0,2022
2022,5,シャンプー,販売金額,千円,6908881.0,2022
2022,6,シャンプー,販売金額,千円,8170981.0,2022
2022,7,シャンプー,販売金額,千円,7437515.0,2022
2022,8,シャンプー,販売金額,千円,7393579.0,2022
2022,9,シャンプー,販売金額,千円,7212628.0,2022
2022,10,シャンプー,販売金額,千円,7229735.0,2022
2022,11,シャンプー,販売金額,千円,8203188.0,2022
2022,12,シャンプー,販売金額,千円,7539122.0,2022
2023,0,シャンプー,販売金額,千円,80888310.0,2023
2023,1,シャンプー,販売金額,千円,5006282.0,2023
2023,2,シャンプー,販売金額,千円,5907158.0,2023
2023,3,シャンプー,販売金額,千円,7272964.0,2023
2023,4,シャンプー,販売金額,千円,6900489.0,2023
2023,5,シャンプー,販売金額,千円,6513941.0,2023
2023,6,シャンプー,販売金額,千円,7648621.0,2023
2023,7,シャンプー,販売金額,千円,6672257.0,2023
2023,8,シャンプー,販売金額,千円,6487662.0,2023
2023,9,シャンプー,販売金額,千円,7058223.0,2023
2023,10,シャンプー,販売金額,千円,6668120.0,2023
2023,11,シャンプー,販売金額,千円,7310442.0,2023
2023,12,シャンプー,販売金額,千円,7442151.0,2023
2024,1,シャンプー,販売金額,千円,5139766.0,2024
2024,2,シャンプー,販売金額,千円,5530064.0,2024
2024,3,シャンプー,販売金額,千円,6380320.0,2024
2024,4,シャンプー,販売金額,千円,7347988.0,2024
2024,5,シャンプー,販売金額,千円,6981091.0,2024
2024,6,シャンプー,販売金額,千円,7752645.0,2024
2024,7,シャンプー,販売金額,千円,7469199.0,2024
2024,8,シャンプー,販売金額,千円,6864735.0,2024
2024,9,シャンプー,販売金額,千円,6948951.0,2024
2024,10,シャンプー,販売金額,千円,7891777.0,2024
2024,11,シャンプー,販売金額,千円,7473590.0,2024
2024,12,シャンプー,販売金額,千円,7946422.0,2024
2015,0,セットローション,出荷その他,kg,111461.0,2019
2016,0,セットローション,出荷その他,kg,229512.0,2020
2017,0,セットローション,出荷その他,kg,111150.0,2021
2018,0,セットローション,出荷その他,kg,88054.0,2022
2019,0,セットローション,出荷その他,kg,67133.0,2023
2019,1,セットローション,出荷その他,kg,4407.0,2019
2019,2,セットローション,出荷その他,kg,6411.0,2019
2019,3,セットローション,出荷その他,kg,10380.0,2019
2019,4,セットローション,出荷その他,kg,4467.0,2019
2019,5,セットローション,出荷その他,kg,5609.0,2019
2019,6,セットローション,出荷その他,kg,5461.0,2019
2019,7,セットローション,出荷その他,kg,5828.0,2019
2019,8,セットローション,出荷その他,kg,2340.0,2019
2019,9,セットローション,出荷その他,kg,6036.0,2019
2019,10,セットローション,出荷その他,kg,5245.0,2019
2019,11,セットローション,出荷その他,kg,6592.0,2019
2019,12,セットローション,出荷その他,kg,4357.0,2019
2020,0,セットローション,出荷その他,kg,53091.0,2023
2020,1,セットローション,出荷その他,kg,5680.0,2020
2020,2,セットローション,出荷その他,kg,4694.0,2020
2020,3,セットローション,出荷その他,kg,2307.0,2020
2020,4,セットローション,出荷その他,kg,6472.0,2020
2020,5,セットローション,出荷その他,kg,2824.0,2020
2020,6,セットローション,出荷その他,kg,4333.0,2020
2020,7,セットローション,出荷その他,kg,2392.0,2020
2020,8,セットローション,出荷その他,kg,4020.0,2020
2020,9,セットローション,出荷その他,kg,3671.0,2020
2020,10,セットローション,出荷その他,kg,7820.0,2020
2020,11,セットローション,出荷その他,kg,6477.0,2020
2020,12,セットローション,出荷その他,kg,2401.0,2020
2021,0,セットローション,出荷その他,kg,64837.0,2023
2021,1,セットローション,出荷その他,kg,9171.0,2021
2021,2,セットローション,出荷その他,kg,7182.0,2021
2021,3,セットローション,出荷その他,kg,2596.0,2021
2021,4,セットローション,出荷その他,kg,5746.0,2021
2021,5,セットローション,出荷その他,kg,4009.0,2021
2021,6,セットローション,出荷その他,kg,5959.0,2021
2021,7,セットローション,出荷その他,kg,4863.0,2021
2021,8,セットローション,出荷その他,kg,4105.0,2021
2021,9,セットローション,出荷その他,kg,6980.0,2021
2021,10,セットローション,出荷その他,kg,5059.0,2021
2021,11,セットローション,出荷その他,kg,6520.0,2021
2021,12,セットローション,出荷その他,kg,2656.0,2021
2022,0,セットローション,出荷その他,kg,63474.0,2023
2022,1,セットローション,出荷その他,kg,6043.0,2022
2022,2,セットローション,出荷その他,kg,2336.0,2022
2022,3,セットローション,出荷その他,kg,5062.0,2022
2022,4,セットローション,出荷その他,kg,8392.0,2022
2022,5,セットローション,出荷その他,kg,7403.0,2022
2022,6,セットローション,出荷その他,kg,4488.0,2022
2022,7,セットローション,出荷その他,kg,20552.0,2022
2022,8,セットローション,出荷その他,kg,997.0,2022
2022,9,セットローション,出荷その他,kg,907.0,2022
2022,10,セットローション,出荷その他,kg,1178.0,2022
2022,11,セットローション,出荷その他,kg,1804.0,2022
2022,12,セットローション,出荷その他,kg,4312.0,2022
2023,0,セットローション,出荷その他,kg,33702.0,2023
2023,1,セットローション,出荷その他,kg,3056.0,2023
2023,2,セットローション,出荷その他,kg,3796.0,2023
2023,3,セットローション,出荷その他,kg,4192.0,2023
2023,4,セットローション,出荷その他,kg,5827.0,2023
2023,5,セットローション,出荷その他,kg,3583.0,2023
2023,6,セットローション,出荷その他,kg,2412.0,2023
2023,7,セットローション,出荷その他,kg,1234.0,2023
2023,8,セットローション,出荷その他,kg,1006.0,2023
2023,9,セットローション,出荷その他,kg,3489.0,2023
2023,10,セットローション,出荷その他,kg,1213.0,2023
2023,11,セットローション,出荷その他,kg,1684.0,2023
2023,12,セットローション,出荷その他,kg,2210.0,2023
2024,1,セットローション,出荷その他,kg,2647.0,2024
2024,2,セットローション,出荷その他,kg,1668.0,2024
2024,3,セットローション,出荷その他,kg,2515.0,2024
2024,4,セットローション,出荷その他,kg,1567.0,2024
2024,5,セットローション,出荷その他,kg,5173.0,2024
2024,6,セットローション,出荷その他,kg,2553.0,2024
2024,7,セットローション,出荷その他,kg,1552.0,2024
2024,8,セットローション,出荷その他,kg,2278.0,2024
2024,9,セットローション,出荷その他,kg,829.0,2024
2024,10,セットローション,出荷その他,kg,2221.0,2024
2024,11,セットローション,出荷その他,kg,2177.0,2024
2024,12,セットローション,出荷その他,kg,2716.0,2024
2015,0,セットローション,受入,kg,838755.0,2019
2016,0,セットローション,受入,kg,79826.0,2020
2017,0,セットローション,受入,kg,95092.0,2021
2018,0,セットローション,受入,kg,69036.0,2022
2019,0,セットローション,受入,kg,64651.0,2023
2019,1,セットローション,受入,kg,2585.0,2019
2019,2,セットローション,受入,kg,619.0,2019
2019,3,セットローション,受入,kg,8958.0,2019
2019,4,セットローション,受入,kg,172.0,2019
2019,5,セットローション,受入,kg,9839.0,2019
2019,6,セットローション,受入,kg,10469.0,2019
2019,7,セットローション,受入,kg,667.0,2019
2019,8,セットローション,受入,kg,10357.0,2019
2019,9,セットローション,受入,kg,236.0,2019
2019,10,セットローション,受入,kg,2078.0,2019
2019,11,セットローション,受入,kg,9527.0,2019
2019,12,セットローション,受入,kg,9144.0,2019
2020,0,セットローション,受入,kg,24248.0,2023
2020,1,セットローション,受入,kg,1286.0,2020
2020,2,セットローション,受入,kg,9695.0,2020
2020,3,セットローション,受入,kg,444.0,2020
2020,4,セットローション,受入,kg,9755.0,2020
2020,5,セットローション,受入,kg,1205.0,2020
2020,6,セットローション,受入,kg,3533.0,2020
2020,7,セットローション,受入,kg,757.0,2020
2020,8,セットローション,受入,kg,2650.0,2020
2020,9,セットローション,受入,kg,10059.0,2020
2020,10,セットローション,受入,kg,718.0,2020
2020,11,セットローション,受入,kg,9678.0,2020
2020,12,セットローション,受入,kg,1150.0,2020
2021,0,セットローション,受入,kg,23201.0,2023
2021,1,セットローション,受入,kg,11685.0,2021
2021,2,セットローション,受入,kg,1746.0,2021
2021,3,セットローション,受入,kg,2324.0,2021
2021,4,セットローション,受入,kg,10671.0,2021
2021,5,セットローション,受入,kg,1964.0,2021
2021,6,セットローション,受入,kg,14128.0,2021
2021,7,セットローション,受入,kg,1430.0,2021
2021,8,セットローション,受入,kg,3293.0,2021
2021,9,セットローション,受入,kg,137.0,2021
2021,10,セットローション,受入,kg,9805.0,2021
2021,11,セットローション,受入,kg,9973.0,2021
2021,12,セットローション,受入,kg,575.0,2021
2022,0,セットローション,受入,kg,22381.0,2023
2022,1,セットローション,受入,kg,1726.0,2022
2022,2,セットローション,受入,kg,835.0,2022
2022,3,セットローション,受入,kg,61.0,2022
2022,4,セットローション,受入,kg,3950.0,2022
2022,5,セットローション,受入,kg,532.0,2022
2022,6,セットローション,受入,kg,4309.0,2022
2022,7,セットローション,受入,kg,6255.0,2022
2022,8,セットローション,受入,kg,322.0,2022
2022,9,セットローション,受入,kg,1396.0,2022
2022,10,セットローション,受入,kg,1746.0,2022
2022,11,セットローション,受入,kg,196.0,2022
2022,12,セットローション,受入,kg,1053.0,2022
2023,0,セットローション,受入,kg,36778.0,2023
2023,1,セットローション,受入,kg,405.0,2023
2023,2,セットローション,受入,kg,562.0,2023
2023,3,セットローション,受入,kg,1003.0,2023
2023,4,セットローション,受入,kg,452.0,2023
2023,5,セットローション,受入,kg,9418.0,2023
2023,6,セットローション,受入,kg,1965.0,2023
2023,7,セットローション,受入,kg,329.0,2023
2023,8,セットローション,受入,kg,9337.0,2023
2023,9,セットローション,受入,kg,68.0,2023
2023,10,セットローション,受入,kg,578.0,2023
2023,11,セットローション,受入,kg,9257.0,2023
2023,12,セットローション,受入,kg,3404.0,2023
2024,1,セットローション,受入,kg,9316.0,2024
2024,2,セットローション,受入,kg,453.0,2024
2024,3,セットローション,受入,kg,275.0,2024
2024,4,セットローション,受入,kg,9075.0,2024
2024,5,セットローション,受入,kg,951.0,2024
2024,6,セットローション,受入,kg,404.0,2024
2024,7,セットローション,受入,kg,9378.0,2024
2024,8,セットローション,受入,kg,636.0,2024
2024,9,セットローション,受入,kg,3509.0,2024
2024,10,セットローション,受入,kg,9631.0,2024
2024,11,セットローション,受入,kg,631.0,2024
2024,12,セットローション,受入,kg,11455.0,2024
2015,0,セットローション,月末在庫,kg,580023.0,2019
2016,0,セットローション,月末在庫,kg,618949.0,2020
2017,0,セットローション,月末在庫,kg,548883.0,2021
2018,0,セットローション,月末在庫,kg,604334.0,2022
2019,0,セットローション,月末在庫,kg,630363.0,2023
2019,1,セットローション,月末在庫,kg,613707.0,2019
2019,2,セットローション,月末在庫,kg,624580.0,2019
2019,3,セットローション,月末在庫,kg,623131.0,2019
2019,4,セットローション,月末在庫,kg,617790.0,2019
2019,5,セットローション,月末在庫,kg,618203.0,2019
2019,6,セットローション,月末在庫,kg,654290.0,2019
2019,7,セットローション,月末在庫,kg,656007.0,2019
2019,8,セットローション,月末在庫,kg,692865.0,2019
2019,9,セットローション,月末在庫,kg,590946.0,2019
2019,10,セットローション,月末在庫,kg,662963.0,2019
2019,11,セットローション,月末在庫,kg,692699.0,2019
2019,12,セットローション,月末在庫,kg,630363.0,2019
2020,0,セットローション,月末在庫,kg,652945.0,2023
2020,1,セットローション,月末在庫,kg,668053.0,2020
2020,2,セットローション,月末在庫,kg,632817.0,2020
2020,3,セットローション,月末在庫,kg,698730.0,2020
2020,4,セットローション,月末在庫,kg,732001.0,2020
2020,5,セットローション,月末在庫,kg,806344.0,2020
2020,6,セットローション,月末在庫,kg,852347.0,2020
2020,7,セットローション,月末在庫,kg,828608.0,2020
2020,8,セットローション,月末在庫,kg,749689.0,2020
2020,9,セットローション,月末在庫,kg,746576.0,2020
2020,10,セットローション,月末在庫,kg,777910.0,2020
2020,11,セットローション,月末在庫,kg,752124.0,2020
2020,12,セットローション,月末在庫,kg,652945.0,2020
2021,0,セットローション,月末在庫,kg,617025.0,2023
2021,1,セットローション,月末在庫,kg,651141.0,2021
2021,2,セットローション,月末在庫,kg,647769.0,2021
2021,3,セットローション,月末在庫,kg,604668.0,2021
2021,4,セットローション,月末在庫,kg,563467.0,2021
2021,5,セットローション,月末在庫,kg,569465.0,2021
2021,6,セットローション,月末在庫,kg,583253.0,2021
2021,7,セットローション,月末在庫,kg,623206.0,2021
2021,8,セットローション,月末在庫,kg,631034.0,2021
2021,9,セットローション,月末在庫,kg,665571.0,2021
2021,10,セットローション,月末在庫,kg,696414.0,2021
2021,11,セットローション,月末在庫,kg,669398.0,2021
2021,12,セットローション,月末在庫,kg,608756.0,2021
2022,0,セットローション,月末在庫,kg,697276.0,2023
2022,1,セットローション,月末在庫,kg,615547.0,2022
2022,2,セットローション,月末在庫,kg,635016.0,2022
2022,3,セットローション,月末在庫,kg,673258.0,2022
2022,4,セットローション,月末在庫,kg,660665.0,2022
2022,5,セットローション,月末在庫,kg,708432.0,2022
2022,6,セットローション,月末在庫,kg,706961.0,2022
2022,7,セットローション,月末在庫,kg,738532.0,2022
2022,8,セットローション,月末在庫,kg,754790.0,2022
2022,9,セットローション,月末在庫,kg,746265.0,2022
2022,10,セットローション,月末在庫,kg,745739.0,2022
2022,11,セットローション,月末在庫,kg,780848.0,2022
2022,12,セットローション,月末在庫,kg,697276.0,2022
2023,0,セットローション,月末在庫,kg,808721.0,2023
2023,1,セットローション,月末在庫,kg,805638.0,2023
2023,2,セットローション,月末在庫,kg,896766.0,2023
2023,3,セットローション,月末在庫,kg,901459.0,2023
2023,4,セットローション,月末在庫,kg,840720.0,2023
2023,5,セットローション,月末在庫,kg,844259.0,2023
2023,6,セットローション,月末在庫,kg,842034.0,2023
2023,7,セットローション,月末在庫,kg,891994.0,2023
2023,8,セットローション,月末在庫,kg,866729.0,2023
2023,9,セットローション,月末在庫,kg,856678.0,2023
2023,10,セットローション,月末在庫,kg,901975.0,2023
2023,11,セットローション,月末在庫,kg,861409.0,2023
2023,12,セットローション,月末在庫,kg,808721.0,2023
2024,1,セットローション,月末在庫,kg,888869.0,2024
2024,2,セットローション,月末在庫,kg,902689.0,2024
2024,3,セットローション,月末在庫,kg,894109.0,2024
2024,4,セットローション,月末在庫,kg,885064.0,2024
2024,5,セットローション,月末在庫,kg,927857.0,2024
2024,6,セットローション,月末在庫,kg,918474.0,2024
2024,7,セットローション,月末在庫,kg,888772.0,2024
2024,8,セットローション,月末在庫,kg,882593.0,2024
2024,9,セットローション,月末在庫,kg,948444.0,2024
2024,10,セットローション,月末在庫,kg,935326.0,2024
2024,11,セットローション,月末在庫,kg,972893.0,2024
2024,12,セットローション,月末在庫,kg,963597.0,2024
2015,0,セットローション,生産,kg,4586683.0,2019
2016,0,セットローション,生産,kg,5022155.0,2020
2017,0,セットローション,生産,kg,4280294.0,2021
2018,0,セットローション,生産,kg,4549957.0,2022
2019,0,セットローション,生産,kg,4256565.0,2023
2019,1,セットローション,生産,kg,289919.0,2019
2019,2,セットローション,生産,kg,314265.0,2019
2019,3,セットローション,生産,kg,336029.0,2019
2019,4,セットローション,生産,kg,444385.0,2019
2019,5,セットローション,生産,kg,320481.0,2019
2019,6,セットローション,生産,kg,400432.0,2019
2019,7,セットローション,生産,kg,407815.0,2019
2019,8,セットローション,生産,kg,371300.0,2019
2019,9,セットローション,生産,kg,324124.0,2019
2019,10,セットローション,生産,kg,366396.0,2019
2019,11,セットローション,生産,kg,354702.0,2019
2019,12,セットローション,生産,kg,326717.0,2019
2020,0,セットローション,生産,kg,3787891.0,2023
2020,1,セットローション,生産,kg,296679.0,2020
2020,2,セットローション,生産,kg,274478.0,2020
2020,3,セットローション,生産,kg,371283.0,2020
2020,4,セットローション,生産,kg,339954.0,2020
2020,5,セットローション,生産,kg,306122.0,2020
2020,6,セットローション,生産,kg,377058.0,2020
2020,7,セットローション,生産,kg,344582.0,2020
2020,8,セットローション,生産,kg,215956.0,2020
2020,9,セットローション,生産,kg,294544.0,2020
2020,10,セットローション,生産,kg,359333.0,2020
2020,11,セットローション,生産,kg,292511.0,2020
2020,12,セットローション,生産,kg,288709.0,2020
2021,0,セットローション,生産,kg,4048046.0,2023
2021,1,セットローション,生産,kg,217703.0,2021
2021,2,セットローション,生産,kg,308986.0,2021
2021,3,セットローション,生産,kg,327909.0,2021
2021,4,セットローション,生産,kg,319976.0,2021
2021,5,セットローション,生産,kg,346592.0,2021
2021,6,セットローション,生産,kg,377985.0,2021
2021,7,セットローション,生産,kg,425631.0,2021
2021,8,セットローション,生産,kg,316274.0,2021
2021,9,セットローション,生産,kg,366862.0,2021
2021,10,セットローション,生産,kg,327594.0,2021
2021,11,セットローション,生産,kg,313180.0,2021
2021,12,セットローション,生産,kg,343170.0,2021
2022,0,セットローション,生産,kg,4259561.0,2023
2022,1,セットローション,生産,kg,304868.0,2022
2022,2,セットローション,生産,kg,324710.0,2022
2022,3,セットローション,生産,kg,386767.0,2022
2022,4,セットローション,生産,kg,370621.0,2022
2022,5,セットローション,生産,kg,369657.0,2022
2022,6,セットローション,生産,kg,384577.0,2022
2022,7,セットローション,生産,kg,410103.0,2022
2022,8,セットローション,生産,kg,346708.0,2022
2022,9,セットローション,生産,kg,308336.0,2022
2022,10,セットローション,生産,kg,320482.0,2022
2022,11,セットローション,生産,kg,403709.0,2022
2022,12,セットローション,生産,kg,329023.0,2022
2023,0,セットローション,生産,kg,4204990.0,2023
2023,1,セットローション,生産,kg,352607.0,2023
2023,2,セットローション,生産,kg,368099.0,2023
2023,3,セットローション,生産,kg,405300.0,2023
2023,4,セットローション,生産,kg,282322.0,2023
2023,5,セットローション,生産,kg,430262.0,2023
2023,6,セットローション,生産,kg,368797.0,2023
2023,7,セットローション,生産,kg,391563.0,2023
2023,8,セットローション,生産,kg,297470.0,2023
2023,9,セットローション,生産,kg,335558.0,2023
2023,10,セットローション,生産,kg,396085.0,2023
2023,11,セットローション,生産,kg,284619.0,2023
2023,12,セットローション,生産,kg,292308.0,2023
2024,1,セットローション,生産,kg,335600.0,2024
2024,2,セットローション,生産,kg,325907.0,2024
2024,3,セットローション,生産,kg,385175.0,2024
2024,4,セットローション,生産,kg,400426.0,2024
2024,5,セットローション,生産,kg,441941.0,2024
2024,6,セットローション,生産,kg,391780.0,2024
2024,7,セットローション,生産,kg,388184.0,2024
2024,8,セットローション,生産,kg,364906.0,2024
2024,9,セットローション,生産,kg,396749.0,2024
2024,10,セットローション,生産,kg,381557.0,2024
2024,11,セットローション,生産,kg,446924.0,2024
2024,12,セットローション,生産,kg,383276.0,2024
2015,0,セットローション,販売個数,十個,2924812.0,2019
2016,0,セットローション,販売個数,十個,2735277.0,2020
2017,0,セットローション,販売個数,十個,2548728.0,2021
2018,0,セットローション,販売個数,十個,2486319.0,2022
2019,0,セットローション,販売個数,十個,2483566.0,2023
2019,1,セットローション,販売個数,十個,164505.0,2019
2019,2,セットローション,販売個数,十個,179476.0,2019
2019,3,セットローション,販売個数,十個,210706.0,2019
2019,4,セットローション,販売個数,十個,256035.0,2019
2019,5,セットローション,販売個数,十個,187597.0,2019
2019,6,セットローション,販売個数,十個,212406.0,2019
2019,7,セットローション,販売個数,十個,223402.0,2019
2019,8,セットローション,販売個数,十個,197801.0,2019
2019,9,セットローション,販売個数,十個,248152.0,2019
2019,10,セットローション,販売個数,十個,180227.0,2019
2019,11,セットローション,販売個数,十個,194370.0,2019
2019,12,セットローション,販売個数,十個,228889.0,2019
2020,0,セットローション,販売個数,十個,2176839.0,2023
2020,1,セットローション,販売個数,十個,157187.0,2020
2020,2,セットローション,販売個数,十個,177191.0,2020
2020,3,セットローション,販売個数,十個,187541.0,2020
2020,4,セットローション,販売個数,十個,165430.0,2020
2020,5,セットローション,販売個数,十個,114837.0,2020
2020,6,セットローション,販売個数,十個,188876.0,2020
2020,7,セットローション,販売個数,十個,203755.0,2020
2020,8,セットローション,販売個数,十個,162261.0,2020
2020,9,セットローション,販売個数,十個,192364.0,2020
2020,10,セットローション,販売個数,十個,194985.0,2020
2020,11,セットローション,販売個数,十個,202920.0,2020
2020,12,セットローション,販売個数,十個,229492.0,2020
2021,0,セットローション,販売個数,十個,2374176.0,2023
2021,1,セットローション,販売個数,十個,144999.0,2021
2021,2,セットローション,販売個数,十個,166129.0,2021
2021,3,セットローション,販売個数,十個,215159.0,2021
2021,4,セットローション,販売個数,十個,219602.0,2021
2021,5,セットローション,販売個数,十個,195380.0,2021
2021,6,セットローション,販売個数,十個,210043.0,2021
2021,7,セットローション,販売個数,十個,212814.0,2021
2021,8,セットローション,販売個数,十個,170114.0,2021
2021,9,セットローション,販売個数,十個,192792.0,2021
2021,10,セットローション,販売個数,十個,189888.0,2021
2021,11,セットローション,販売個数,十個,214921.0,2021
2021,12,セットローション,販売個数,十個,240640.0,2021
2022,0,セットローション,販売個数,十個,2361051.0,2023
2022,1,セットローション,販売個数,十個,171429.0,2022
2022,2,セットローション,販売個数,十個,170846.0,2022
2022,3,セットローション,販売個数,十個,204262.0,2022
2022,4,セットローション,販売個数,十個,214377.0,2022
2022,5,セットローション,販売個数,十個,180845.0,2022
2022,6,セットローション,販売個数,十個,220339.0,2022
2022,7,セットローション,販売個数,十個,198419.0,2022
2022,8,セットローション,販売個数,十個,173428.0,2022
2022,9,セットローション,販売個数,十個,181522.0,2022
2022,10,セットローション,販売個数,十個,188998.0,2022
2022,11,セットローション,販売個数,十個,223252.0,2022
2022,12,セットローション,販売個数,十個,233334.0,2022
2023,0,セットローション,販売個数,十個,2412805.0,2023
2023,1,セットローション,販売個数,十個,145303.0,2023
2023,2,セットローション,販売個数,十個,174549.0,2023
2023,3,セットローション,販売個数,十個,245033.0,2023
2023,4,セットローション,販売個数,十個,201461.0,2023
2023,5,セットローション,販売個数,十個,190281.0,2023
2023,6,セットローション,販売個数,十個,227667.0,2023
2023,7,セットローション,販売個数,十個,190760.0,2023
2023,8,セットローション,販売個数,十個,181853.0,2023
2023,9,セットローション,販売個数,十個,210912.0,2023
2023,10,セットローション,販売個数,十個,202721.0,2023
2023,11,セットローション,販売個数,十個,217874.0,2023
2023,12,セットローション,販売個数,十個,224391.0,2023
2024,1,セットローション,販売個数,十個,162943.0,2024
2024,2,セットローション,販売個数,十個,189023.0,2024
2024,3,セットローション,販売個数,十個,224693.0,2024
2024,4,セットローション,販売個数,十個,228804.0,2024
2024,5,セットローション,販売個数,十個,228600.0,2024
2024,6,セットローション,販売個数,十個,232023.0,2024
2024,7,セットローション,販売個数,十個,238580.0,2024
2024,8,セットローション,販売個数,十個,200580.0,2024
2024,9,セットローション,販売個数,十個,196756.0,2024
2024,10,セットローション,販売個数,十個,219349.0,2024
2024,11,セットローション,販売個数,十個,234906.0,2024
2024,12,セットローション,販売個数,十個,247017.0,2024
2015,0,セットローション,販売数量,kg,5344605.0,2019
2016,0,セットローション,販売数量,kg,4765872.0,2020
2017,0,セットローション,販売数量,kg,4306650.0,2021
2018,0,セットローション,販売数量,kg,4290474.0,2022
2019,0,セットローション,販売数量,kg,4220919.0,2023
2019,1,セットローション,販売数量,kg,277874.0,2019
2019,2,セットローション,販売数量,kg,297241.0,2019
2019,3,セットローション,販売数量,kg,335884.0,2019
2019,4,セットローション,販売数量,kg,445136.0,2019
2019,5,セットローション,販売数量,kg,323339.0,2019
2019,6,セットローション,販売数量,kg,368090.0,2019
2019,7,セットローション,販売数量,kg,399797.0,2019
2019,8,セットローション,販売数量,kg,341787.0,2019
2019,9,セットローション,販売数量,kg,419818.0,2019
2019,10,セットローション,販売数量,kg,290867.0,2019
2019,11,セットローション,販売数量,kg,327617.0,2019
2019,12,セットローション,販売数量,kg,393469.0,2019
2020,0,セットローション,販売数量,kg,3723564.0,2023
2020,1,セットローション,販売数量,kg,254178.0,2020
2020,2,セットローション,販売数量,kg,314724.0,2020
2020,3,セットローション,販売数量,kg,303183.0,2020
2020,4,セットローション,販売数量,kg,308316.0,2020
2020,5,セットローション,販売数量,kg,229671.0,2020
2020,6,セットローション,販売数量,kg,328220.0,2020
2020,7,セットローション,販売数量,kg,363151.0,2020
2020,8,セットローション,販売数量,kg,292778.0,2020
2020,9,セットローション,販売数量,kg,303318.0,2020
2020,10,セットローション,販売数量,kg,320417.0,2020
2020,11,セットローション,販売数量,kg,320975.0,2020
2020,12,セットローション,販売数量,kg,384633.0,2020
2021,0,セットローション,販売数量,kg,4013902.0,2023
2021,1,セットローション,販売数量,kg,221533.0,2021
2021,2,セットローション,販売数量,kg,302144.0,2021
2021,3,セットローション,販売数量,kg,366724.0,2021
2021,4,セットローション,販売数量,kg,365566.0,2021
2021,5,セットローション,販売数量,kg,338199.0,2021
2021,6,セットローション,販売数量,kg,367347.0,2021
2021,7,セットローション,販売数量,kg,380258.0,2021
2021,8,セットローション,販売数量,kg,304786.0,2021
2021,9,セットローション,販売数量,kg,324094.0,2021
2021,10,セットローション,販売数量,kg,300893.0,2021
2021,11,セットローション,販売数量,kg,340463.0,2021
2021,12,セットローション,販売数量,kg,398501.0,2021
2022,0,セットローション,販売数量,kg,4114716.0,2023
2022,1,セットローション,販売数量,kg,294895.0,2022
2022,2,セットローション,販売数量,kg,300913.0,2022
2022,3,セットローション,販売数量,kg,341005.0,2022
2022,4,セットローション,販売数量,kg,377842.0,2022
2022,5,セットローション,販売数量,kg,313939.0,2022
2022,6,セットローション,販売数量,kg,384677.0,2022
2022,7,セットローション,販売数量,kg,363493.0,2022
2022,8,セットローション,販売数量,kg,328641.0,2022
2022,9,セットローション,販売数量,kg,317149.0,2022
2022,10,セットローション,販売数量,kg,318743.0,2022
2022,11,セットローション,販売数量,kg,364535.0,2022
2022,12,セットローション,販売数量,kg,408884.0,2022
2023,0,セットローション,販売数量,kg,3985807.0,2023
2023,1,セットローション,販売数量,kg,239230.0,2023
2023,2,セットローション,販売数量,kg,273129.0,2023
2023,3,セットローション,販売数量,kg,395366.0,2023
2023,4,セットローション,販売数量,kg,336030.0,2023
2023,5,セットローション,販売数量,kg,335567.0,2023
2023,6,セットローション,販売数量,kg,368346.0,2023
2023,7,セットローション,販売数量,kg,338788.0,2023
2023,8,セットローション,販売数量,kg,329994.0,2023
2023,9,セットローション,販売数量,kg,342584.0,2023
2023,10,セットローション,販売数量,kg,349240.0,2023
2023,11,セットローション,販売数量,kg,332379.0,2023
2023,12,セットローション,販売数量,kg,345154.0,2023
2024,1,セットローション,販売数量,kg,261892.0,2024
2024,2,セットローション,販売数量,kg,310431.0,2024
2024,3,セットローション,販売数量,kg,391487.0,2024
2024,4,セットローション,販売数量,kg,416525.0,2024
2024,5,セットローション,販売数量,kg,394338.0,2024
2024,6,セットローション,販売数量,kg,398034.0,2024
2024,7,セットローション,販売数量,kg,425496.0,2024
2024,8,セットローション,販売数量,kg,368184.0,2024
2024,9,セットローション,販売数量,kg,332850.0,2024
2024,10,セットローション,販売数量,kg,401711.0,2024
2024,11,セットローション,販売数量,kg,406865.0,2024
2024,12,セットローション,販売数量,kg,400966.0,2024
2015,0,セットローション,販売金額,千円,13213197.0,2019
2016,0,セットローション,販売金額,千円,13908563.0,2020
2017,0,セットローション,販売金額,千円,13854663.0,2021
2018,0,セットローション,販売金額,千円,14202752.0,2022
2019,0,セットローション,販売金額,千円,14413920.0,2023
2019,1,セットローション,販売金額,千円,924107.0,2019
2019,2,セットローション,販売金額,千円,1014727.0,2019
2019,3,セットローション,販売金額,千円,1244097.0,2019
2019,4,セットローション,販売金額,千円,1452000.0,2019
2019,5,セットローション,販売金額,千円,1089185.0,2019
2019,6,セットローション,販売金額,千円,1187140.0,2019
2019,7,セットローション,販売金額,千円,1269316.0,2019
2019,8,セットローション,販売金額,千円,1079660.0,2019
2019,9,セットローション,販売金額,千円,1378202.0,2019
2019,10,セットローション,販売金額,千円,1087276.0,2019
2019,11,セットローション,販売金額,千円,1255342.0,2019
2019,12,セットローション,販売金額,千円,1432868.0,2019
2020,0,セットローション,販売金額,千円,13356360.0,2023
2020,1,セットローション,販売金額,千円,927488.0,2020
2020,2,セットローション,販売金額,千円,1047557.0,2020
2020,3,セットローション,販売金額,千円,1219144.0,2020
2020,4,セットローション,販売金額,千円,1015314.0,2020
2020,5,セットローション,販売金額,千円,731822.0,2020
2020,6,セットローション,販売金額,千円,1204847.0,2020
2020,7,セットローション,販売金額,千円,1206821.0,2020
2020,8,セットローション,販売金額,千円,1025694.0,2020
2020,9,セットローション,販売金額,千円,1205347.0,2020
2020,10,セットローション,販売金額,千円,1103316.0,2020
2020,11,セットローション,販売金額,千円,1246016.0,2020
2020,12,セットローション,販売金額,千円,1422994.0,2020
2021,0,セットローション,販売金額,千円,15084559.0,2023
2021,1,セットローション,販売金額,千円,918442.0,2021
2021,2,セットローション,販売金額,千円,1001083.0,2021
2021,3,セットローション,販売金額,千円,1323803.0,2021
2021,4,セットローション,販売金額,千円,1289475.0,2021
2021,5,セットローション,販売金額,千円,1266680.0,2021
2021,6,セットローション,販売金額,千円,1386280.0,2021
2021,7,セットローション,販売金額,千円,1330372.0,2021
2021,8,セットローション,販売金額,千円,1080443.0,2021
2021,9,セットローション,販売金額,千円,1191684.0,2021
2021,10,セットローション,販売金額,千円,1245977.0,2021
2021,11,セットローション,販売金額,千円,1449884.0,2021
2021,12,セットローション,販売金額,千円,1593005.0,2021
2022,0,セットローション,販売金額,千円,15099732.0,2023
2022,1,セットローション,販売金額,千円,1033999.0,2022
2022,2,セットローション,販売金額,千円,1122275.0,2022
2022,3,セットローション,販売金額,千円,1320813.0,2022
2022,4,セットローション,販売金額,千円,1341681.0,2022
2022,5,セットローション,販売金額,千円,1199616.0,2022
2022,6,セットローション,販売金額,千円,1457580.0,2022
2022,7,セットローション,販売金額,千円,1247908.0,2022
2022,8,セットローション,販売金額,千円,1093043.0,2022
2022,9,セットローション,販売金額,千円,1179951.0,2022
2022,10,セットローション,販売金額,千円,1163238.0,2022
2022,11,セットローション,販売金額,千円,1401331.0,2022
2022,12,セットローション,販売金額,千円,1538297.0,2022
2023,0,セットローション,販売金額,千円,15737908.0,2023
2023,1,セットローション,販売金額,千円,985090.0,2023
2023,2,セットローション,販売金額,千円,1178715.0,2023
2023,3,セットローション,販売金額,千円,1700472.0,2023
2023,4,セットローション,販売金額,千円,1331517.0,2023
2023,5,セットローション,販売金額,千円,1265897.0,2023
2023,6,セットローション,販売金額,千円,1564325.0,2023
2023,7,セットローション,販売金額,千円,1166972.0,2023
2023,8,セットローション,販売金額,千円,1174733.0,2023
2023,9,セットローション,販売金額,千円,1207841.0,2023
2023,10,セットローション,販売金額,千円,1267148.0,2023
2023,11,セットローション,販売金額,千円,1405158.0,2023
2023,12,セットローション,販売金額,千円,1490040.0,2023
2024,1,セットローション,販売金額,千円,1180714.0,2024
2024,2,セットローション,販売金額,千円,1274719.0,2024
2024,3,セットローション,販売金額,千円,1576866.0,2024
2024,4,セットローション,販売金額,千円,1488853.0,2024
2024,5,セットローション,販売金額,千円,1526310.0,2024
2024,6,セットローション,販売金額,千円,1496894.0,2024
2024,7,セットローション,販売金額,千円,1581176.0,2024
2024,8,セットローション,販売金額,千円,1279858.0,2024
2024,9,セットローション,販売金額,千円,1343830.0,2024
2024,10,セットローション,販売金額,千円,1434705.0,2024
2024,11,セットローション,販売金額,千円,1626168.0,2024
2024,12,セットローション,販売金額,千円,1725398.0,2024
2015,0,パック,出荷その他,kg,62930.0,2019
2016,0,パック,出荷その他,kg,108938.0,2020
2017,0,パック,出荷その他,kg,108597.0,2021
2018,0,パック,出荷その他,kg,125832.0,2022
2019,0,パック,出荷その他,kg,121680.0,2023
2019,1,パック,出荷その他,kg,10405.0,2019
2019,2,パック,出荷その他,kg,7515.0,2019
2019,3,パック,出荷その他,kg,4694.0,2019
2019,4,パック,出荷その他,kg,7878.0,2019
2019,5,パック,出荷その他,kg,12616.0,2019
2019,6,パック,出荷その他,kg,12172.0,2019
2019,7,パック,出荷その他,kg,5035.0,2019
2019,8,パック,出荷その他,kg,3829.0,2019
2019,9,パック,出荷その他,kg,14977.0,2019
2019,10,パック,出荷その他,kg,11509.0,2019
2019,11,パック,出荷その他,kg,19845.0,2019
2019,12,パック,出荷その他,kg,11205.0,2019
2020,0,パック,出荷その他,kg,160028.0,2023
2020,1,パック,出荷その他,kg,7963.0,2020
2020,2,パック,出荷その他,kg,16297.0,2020
2020,3,パック,出荷その他,kg,23763.0,2020
2020,4,パック,出荷その他,kg,26210.0,2020
2020,5,パック,出荷その他,kg,12604.0,2020
2020,6,パック,出荷その他,kg,16454.0,2020
2020,7,パック,出荷その他,kg,10871.0,2020
2020,8,パック,出荷その他,kg,7044.0,2020
2020,9,パック,出荷その他,kg,9898.0,2020
2020,10,パック,出荷その他,kg,8628.0,2020
2020,11,パック,出荷その他,kg,11462.0,2020
2020,12,パック,出荷その他,kg,8269.0,2020
2021,0,パック,出荷その他,kg,163919.0,2023
2021,1,パック,出荷その他,kg,8454.0,2021
2021,2,パック,出荷その他,kg,26339.0,2021
2021,3,パック,出荷その他,kg,25201.0,2021
2021,4,パック,出荷その他,kg,15245.0,2021
2021,5,パック,出荷その他,kg,24103.0,2021
2021,6,パック,出荷その他,kg,26062.0,2021
2021,7,パック,出荷その他,kg,10187.0,2021
2021,8,パック,出荷その他,kg,5303.0,2021
2021,9,パック,出荷その他,kg,4894.0,2021
2021,10,パック,出荷その他,kg,5187.0,2021
2021,11,パック,出荷その他,kg,4874.0,2021
2021,12,パック,出荷その他,kg,7857.0,2021
2022,0,パック,出荷その他,kg,104723.0,2023
2022,1,パック,出荷その他,kg,3474.0,2022
2022,2,パック,出荷その他,kg,29020.0,2022
2022,3,パック,出荷その他,kg,5735.0,2022
2022,4,パック,出荷その他,kg,16599.0,2022
2022,5,パック,出荷その他,kg,16067.0,2022
2022,6,パック,出荷その他,kg,3721.0,2022
2022,7,パック,出荷その他,kg,3474.0,2022
2022,8,パック,出荷その他,kg,7159.0,2022
2022,9,パック,出荷その他,kg,7573.0,2022
2022,10,パック,出荷その他,kg,2797.0,2022
2022,11,パック,出荷その他,kg,2304.0,2022
2022,12,パック,出荷その他,kg,6800.0,2022
2023,0,パック,出荷その他,kg,55102.0,2023
2023,1,パック,出荷その他,kg,4778.0,2023
2023,2,パック,出荷その他,kg,1852.0,2023
2023,3,パック,出荷その他,kg,3680.0,2023
2023,4,パック,出荷その他,kg,5873.0,2023
2023,5,パック,出荷その他,kg,7297.0,2023
2023,6,パック,出荷その他,kg,3398.0,2023
2023,7,パック,出荷その他,kg,8896.0,2023
2023,8,パック,出荷その他,kg,1641.0,2023
2023,9,パック,出荷その他,kg,4528.0,2023
2023,10,パック,出荷その他,kg,5112.0,2023
2023,11,パック,出荷その他,kg,1569.0,2023
2023,12,パック,出荷その他,kg,6478.0,2023
2024,1,パック,出荷その他,kg,5457.0,2024
2024,2,パック,出荷その他,kg,11841.0,2024
2024,3,パック,出荷その他,kg,20149.0,2024
2024,4,パック,出荷その他,kg,5342.0,2024
2024,5,パック,出荷その他,kg,7000.0,2024
2024,6,パック,出荷その他,kg,4837.0,2024
2024,7,パック,出荷その他,kg,4954.0,2024
2024,8,パック,出荷その他,kg,1829.0,2024
2024,9,パック,出荷その他,kg,9905.0,2024
2024,10,パック,出荷その他,kg,11795.0,2024
2024,11,パック,出荷その他,kg,3300.0,2024
2024,12,パック,出荷その他,kg,6246.0,2024
2015,0,パック,受入,kg,147479.0,2019
2016,0,パック,受入,kg,84330.0,2020
2017,0,パック,受入,kg,263328.0,2021
2018,0,パック,受入,kg,228864.0,2022
2019,0,パック,受入,kg,187063.0,2023
2019,1,パック,受入,kg,3425.0,2019
2019,2,パック,受入,kg,63842.0,2019
2019,3,パック,受入,kg,6513.0,2019
2019,4,パック,受入,kg,35035.0,2019
2019,5,パック,受入,kg,10577.0,2019
2019,6,パック,受入,kg,12878.0,2019
2019,7,パック,受入,kg,18019.0,2019
2019,8,パック,受入,kg,8535.0,2019
2019,9,パック,受入,kg,5886.0,2019
2019,10,パック,受入,kg,8886.0,2019
2019,11,パック,受入,kg,4592.0,2019
2019,12,パック,受入,kg,8875.0,2019
2020,0,パック,受入,kg,117643.0,2023
2020,1,パック,受入,kg,10193.0,2020
2020,2,パック,受入,kg,21377.0,2020
2020,3,パック,受入,kg,6377.0,2020
2020,4,パック,受入,kg,2038.0,2020
2020,5,パック,受入,kg,12838.0,2020
2020,6,パック,受入,kg,4735.0,2020
2020,7,パック,受入,kg,8112.0,2020
2020,8,パック,受入,kg,18626.0,2020
2020,9,パック,受入,kg,6026.0,2020
2020,10,パック,受入,kg,10922.0,2020
2020,11,パック,受入,kg,6631.0,2020
2020,12,パック,受入,kg,9768.0,2020
2021,0,パック,受入,kg,57395.0,2023
2021,1,パック,受入,kg,4932.0,2021
2021,2,パック,受入,kg,6846.0,2021
2021,3,パック,受入,kg,3531.0,2021
2021,4,パック,受入,kg,2861.0,2021
2021,5,パック,受入,kg,6448.0,2021
2021,6,パック,受入,kg,23801.0,2021
2021,7,パック,受入,kg,43383.0,2021
2021,8,パック,受入,kg,6318.0,2021
2021,9,パック,受入,kg,4828.0,2021
2021,10,パック,受入,kg,5840.0,2021
2021,11,パック,受入,kg,9390.0,2021
2021,12,パック,受入,kg,1189.0,2021
2022,0,パック,受入,kg,50469.0,2023
2022,1,パック,受入,kg,1156.0,2022
2022,2,パック,受入,kg,4780.0,2022
2022,3,パック,受入,kg,3568.0,2022
2022,4,パック,受入,kg,2252.0,2022
2022,5,パック,受入,kg,2810.0,2022
2022,6,パック,受入,kg,5329.0,2022
2022,7,パック,受入,kg,7245.0,2022
2022,8,パック,受入,kg,3666.0,2022
2022,9,パック,受入,kg,5050.0,2022
2022,10,パック,受入,kg,6144.0,2022
2022,11,パック,受入,kg,3182.0,2022
2022,12,パック,受入,kg,5287.0,2022
2023,0,パック,受入,kg,28029.0,2023
2023,1,パック,受入,kg,5102.0,2023
2023,2,パック,受入,kg,1284.0,2023
2023,3,パック,受入,kg,2083.0,2023
2023,4,パック,受入,kg,891.0,2023
2023,5,パック,受入,kg,4090.0,2023
2023,6,パック,受入,kg,1196.0,2023
2023,7,パック,受入,kg,766.0,2023
2023,8,パック,受入,kg,2619.0,2023
2023,9,パック,受入,kg,1634.0,2023
2023,10,パック,受入,kg,1821.0,2023
2023,11,パック,受入,kg,2451.0,2023
2023,12,パック,受入,kg,4092.0,2023
2024,1,パック,受入,kg,1060.0,2024
2024,2,パック,受入,kg,2365.0,2024
2024,3,パック,受入,kg,3883.0,2024
2024,4,パック,受入,kg,2485.0,2024
2024,5,パック,受入,kg,3321.0,2024
2024,6,パック,受入,kg,1495.0,2024
2024,7,パック,受入,kg,4230.0,2024
2024,8,パック,受入,kg,289.0,2024
2024,9,パック,受入,kg,165.0,2024
2024,10,パック,受入,kg,1496.0,2024
2024,11,パック,受入,kg,309.0,2024
2024,12,パック,受入,kg,2705.0,2024
2015,0,パック,月末在庫,kg,338728.0,2019
2016,0,パック,月末在庫,kg,412721.0,2020
2017,0,パック,月末在庫,kg,401315.0,2021
2018,0,パック,月末在庫,kg,900000.0,2022
2019,0,パック,月末在庫,kg,676602.0,2023
2019,1,パック,月末在庫,kg,840628.0,2019
2019,2,パック,月末在庫,kg,791256.0,2019
2019,3,パック,月末在庫,kg,769828.0,2019
2019,4,パック,月末在庫,kg,786790.0,2019
2019,5,パック,月末在庫,kg,770059.0,2019
2019,6,パック,月末在庫,kg,722610.0,2019
2019,7,パック,月末在庫,kg,810054.0,2019
2019,8,パック,月末在庫,kg,763866.0,2019
2019,9,パック,月末在庫,kg,655015.0,2019
2019,10,パック,月末在庫,kg,672466.0,2019
2019,11,パック,月末在庫,kg,669672.0,2019
2019,12,パック,月末在庫,kg,676602.0,2019
2020,0,パック,月末在庫,kg,579296.0,2023
2020,1,パック,月末在庫,kg,680408.0,2020
2020,2,パック,月末在庫,kg,687848.0,2020
2020,3,パック,月末在庫,kg,701005.0,2020
2020,4,パック,月末在庫,kg,650241.0,2020
2020,5,パック,月末在庫,kg,636122.0,2020
2020,6,パック,月末在庫,kg,647365.0,2020
2020,7,パック,月末在庫,kg,657015.0,2020
2020,8,パック,月末在庫,kg,654249.0,2020
2020,9,パック,月末在庫,kg,620873.0,2020
2020,10,パック,月末在庫,kg,606714.0,2020
2020,11,パック,月末在庫,kg,598103.0,2020
2020,12,パック,月末在庫,kg,518982.0,2020
2021,0,パック,月末在庫,kg,418755.0,2023
2021,1,パック,月末在庫,kg,486611.0,2021
2021,2,パック,月末在庫,kg,457021.0,2021
2021,3,パック,月末在庫,kg,446688.0,2021
2021,4,パック,月末在庫,kg,440978.0,2021
2021,5,パック,月末在庫,kg,418701.0,2021
2021,6,パック,月末在庫,kg,460896.0,2021
2021,7,パック,月末在庫,kg,508419.0,2021
2021,8,パック,月末在庫,kg,481845.0,2021
2021,9,パック,月末在庫,kg,418083.0,2021
2021,10,パック,月末在庫,kg,425987.0,2021
2021,11,パック,月末在庫,kg,414384.0,2021
2021,12,パック,月末在庫,kg,377417.0,2021
2022,0,パック,月末在庫,kg,331647.0,2023
2022,1,パック,月末在庫,kg,460531.0,2022
2022,2,パック,月末在庫,kg,446878.0,2022
2022,3,パック,月末在庫,kg,473177.0,2022
2022,4,パック,月末在庫,kg,460081.0,2022
2022,5,パック,月末在庫,kg,394374.0,2022
2022,6,パック,月末在庫,kg,382712.0,2022
2022,7,パック,月末在庫,kg,346702.0,2022
2022,8,パック,月末在庫,kg,332593.0,2022
2022,9,パック,月末在庫,kg,345363.0,2022
2022,10,パック,月末在庫,kg,332717.0,2022
2022,11,パック,月末在庫,kg,336167.0,2022
2022,12,パック,月末在庫,kg,331647.0,2022
2023,0,パック,月末在庫,kg,338967.0,2023
2023,1,パック,月末在庫,kg,304061.0,2023
2023,2,パック,月末在庫,kg,305944.0,2023
2023,3,パック,月末在庫,kg,295334.0,2023
2023,4,パック,月末在庫,kg,296468.0,2023
2023,5,パック,月末在庫,kg,311731.0,2023
2023,6,パック,月末在庫,kg,309998.0,2023
2023,7,パック,月末在庫,kg,298809.0,2023
2023,8,パック,月末在庫,kg,312696.0,2023
2023,9,パック,月末在庫,kg,303702.0,2023
2023,10,パック,月末在庫,kg,333146.0,2023
2023,11,パック,月末在庫,kg,313392.0,2023
2023,12,パック,月末在庫,kg,338967.0,2023
2024,1,パック,月末在庫,kg,344083.0,2024
2024,2,パック,月末在庫,kg,315479.0,2024
2024,3,パック,月末在庫,kg,329852.0,2024
2024,4,パック,月末在庫,kg,295604.0,2024
2024,5,パック,月末在庫,kg,319620.0,2024
2024,6,パック,月末在庫,kg,306983.0,2024
2024,7,パック,月末在庫,kg,325656.0,2024
2024,8,パック,月末在庫,kg,345238.0,2024
2024,9,パック,月末在庫,kg,325618.0,2024
2024,10,パック,月末在庫,kg,368793.0,2024
2024,11,パック,月末在庫,kg,332782.0,2024
2024,12,パック,月末在庫,kg,322367.0,2024
2015,0,パック,生産,kg,3242382.0,2019
2016,0,パック,生産,kg,3477805.0,2020
2017,0,パック,生産,kg,4199635.0,2021
2018,0,パック,生産,kg,6162851.0,2022
2019,0,パック,生産,kg,5051685.0,2023
2019,1,パック,生産,kg,368488.0,2019
2019,2,パック,生産,kg,335618.0,2019
2019,3,パック,生産,kg,385188.0,2019
2019,4,パック,生産,kg,509335.0,2019
2019,5,パック,生産,kg,372576.0,2019
2019,6,パック,生産,kg,379956.0,2019
2019,7,パック,生産,kg,530978.0,2019
2019,8,パック,生産,kg,399915.0,2019
2019,9,パック,生産,kg,379191.0,2019
2019,10,パック,生産,kg,515565.0,2019
2019,11,パック,生産,kg,446447.0,2019
2019,12,パック,生産,kg,428428.0,2019
2020,0,パック,生産,kg,4689887.0,2023
2020,1,パック,生産,kg,323770.0,2020
2020,2,パック,生産,kg,370172.0,2020
2020,3,パック,生産,kg,342584.0,2020
2020,4,パック,生産,kg,396458.0,2020
2020,5,パック,生産,kg,277009.0,2020
2020,6,パック,生産,kg,407260.0,2020
2020,7,パック,生産,kg,461765.0,2020
2020,8,パック,生産,kg,411626.0,2020
2020,9,パック,生産,kg,417770.0,2020
2020,10,パック,生産,kg,293039.0,2020
2020,11,パック,生産,kg,261536.0,2020
2020,12,パック,生産,kg,303380.0,2020
2021,0,パック,生産,kg,3208082.0,2023
2021,1,パック,生産,kg,155810.0,2021
2021,2,パック,生産,kg,181961.0,2021
2021,3,パック,生産,kg,244172.0,2021
2021,4,パック,生産,kg,213761.0,2021
2021,5,パック,生産,kg,162077.0,2021
2021,6,パック,生産,kg,213934.0,2021
2021,7,パック,生産,kg,221271.0,2021
2021,8,パック,生産,kg,222828.0,2021
2021,9,パック,生産,kg,238052.0,2021
2021,10,パック,生産,kg,277995.0,2021
2021,11,パック,生産,kg,304496.0,2021
2021,12,パック,生産,kg,256924.0,2021
2022,0,パック,生産,kg,2485243.0,2023
2022,1,パック,生産,kg,216008.0,2022
2022,2,パック,生産,kg,219584.0,2022
2022,3,パック,生産,kg,278175.0,2022
2022,4,パック,生産,kg,225869.0,2022
2022,5,パック,生産,kg,180008.0,2022
2022,6,パック,生産,kg,227153.0,2022
2022,7,パック,生産,kg,146603.0,2022
2022,8,パック,生産,kg,159126.0,2022
2022,9,パック,生産,kg,156517.0,2022
2022,10,パック,生産,kg,272053.0,2022
2022,11,パック,生産,kg,200012.0,2022
2022,12,パック,生産,kg,204135.0,2022
2023,0,パック,生産,kg,2424948.0,2023
2023,1,パック,生産,kg,103246.0,2023
2023,2,パック,生産,kg,143630.0,2023
2023,3,パック,生産,kg,191919.0,2023
2023,4,パック,生産,kg,204088.0,2023
2023,5,パック,生産,kg,152857.0,2023
2023,6,パック,生産,kg,205081.0,2023
2023,7,パック,生産,kg,217863.0,2023
2023,8,パック,生産,kg,275930.0,2023
2023,9,パック,生産,kg,220702.0,2023
2023,10,パック,生産,kg,249431.0,2023
2023,11,パック,生産,kg,239801.0,2023
2023,12,パック,生産,kg,220400.0,2023
2024,1,パック,生産,kg,161367.0,2024
2024,2,パック,生産,kg,167239.0,2024
2024,3,パック,生産,kg,192746.0,2024
2024,4,パック,生産,kg,183245.0,2024
2024,5,パック,生産,kg,230862.0,2024
2024,6,パック,生産,kg,207387.0,2024
2024,7,パック,生産,kg,249615.0,2024
2024,8,パック,生産,kg,238243.0,2024
2024,9,パック,生産,kg,227500.0,2024
2024,10,パック,生産,kg,313764.0,2024
2024,11,パック,生産,kg,234677.0,2024
2024,12,パック,生産,kg,276553.0,2024
2015,0,パック,販売個数,十個,6424254.0,2019
2016,0,パック,販売個数,十個,7090458.0,2020
2017,0,パック,販売個数,十個,7869959.0,2021
2018,0,パック,販売個数,十個,9777595.0,2022
2019,0,パック,販売個数,十個,7576160.0,2023
2019,1,パック,販売個数,十個,666233.0,2019
2019,2,パック,販売個数,十個,653280.0,2019
2019,3,パック,販売個数,十個,506441.0,2019
2019,4,パック,販売個数,十個,825386.0,2019
2019,5,パック,販売個数,十個,624310.0,2019
2019,6,パック,販売個数,十個,639022.0,2019
2019,7,パック,販売個数,十個,636715.0,2019
2019,8,パック,販売個数,十個,586535.0,2019
2019,9,パック,販売個数,十個,691546.0,2019
2019,10,パック,販売個数,十個,623498.0,2019
2019,11,パック,販売個数,十個,524719.0,2019
2019,12,パック,販売個数,十個,598475.0,2019
2020,0,パック,販売個数,十個,26097267.0,2023
2020,1,パック,販売個数,十個,432372.0,2020
2020,2,パック,販売個数,十個,425410.0,2020
2020,3,パック,販売個数,十個,364452.0,2020
2020,4,パック,販売個数,十個,555884.0,2020
2020,5,パック,販売個数,十個,417404.0,2020
2020,6,パック,販売個数,十個,480513.0,2020
2020,7,パック,販売個数,十個,515419.0,2020
2020,8,パック,販売個数,十個,522911.0,2020
2020,9,パック,販売個数,十個,443333.0,2020
2020,10,パック,販売個数,十個,395240.0,2020
2020,11,パック,販売個数,十個,413832.0,2020
2020,12,パック,販売個数,十個,410373.0,2020
2021,0,パック,販売個数,十個,27891131.0,2023
2021,1,パック,販売個数,十個,261540.0,2021
2021,2,パック,販売個数,十個,254927.0,2021
2021,3,パック,販売個数,十個,326061.0,2021
2021,4,パック,販売個数,十個,366296.0,2021
2021,5,パック,販売個数,十個,287636.0,2021
2021,6,パック,販売個数,十個,349223.0,2021
2021,7,パック,販売個数,十個,388347.0,2021
2021,8,パック,販売個数,十個,556224.0,2021
2021,9,パック,販売個数,十個,384634.0,2021
2021,10,パック,販売個数,十個,397484.0,2021
2021,11,パック,販売個数,十個,413823.0,2021
2021,12,パック,販売個数,十個,404750.0,2021
2022,0,パック,販売個数,十個,17325995.0,2023
2022,1,パック,販売個数,十個,1470474.0,2022
2022,2,パック,販売個数,十個,925536.0,2022
2022,3,パック,販売個数,十個,2070230.0,2022
2022,4,パック,販売個数,十個,1111561.0,2022
2022,5,パック,販売個数,十個,2989155.0,2022
2022,6,パック,販売個数,十個,1279652.0,2022
2022,7,パック,販売個数,十個,1116634.0,2022
2022,8,パック,販売個数,十個,649099.0,2022
2022,9,パック,販売個数,十個,1089856.0,2022
2022,10,パック,販売個数,十個,1494995.0,2022
2022,11,パック,販売個数,十個,1649265.0,2022
2022,12,パック,販売個数,十個,1479538.0,2022
2023,0,パック,販売個数,十個,11023080.0,2023
2023,1,パック,販売個数,十個,383733.0,2023
2023,2,パック,販売個数,十個,1440062.0,2023
2023,3,パック,販売個数,十個,495524.0,2023
2023,4,パック,販売個数,十個,905904.0,2023
2023,5,パック,販売個数,十個,557511.0,2023
2023,6,パック,販売個数,十個,2544623.0,2023
2023,7,パック,販売個数,十個,714122.0,2023
2023,8,パック,販売個数,十個,894661.0,2023
2023,9,パック,販売個数,十個,809012.0,2023
2023,10,パック,販売個数,十個,426590.0,2023
2023,11,パック,販売個数,十個,978686.0,2023
2023,12,パック,販売個数,十個,872652.0,2023
2024,1,パック,販売個数,十個,966483.0,2024
2024,2,パック,販売個数,十個,1820487.0,2024
2024,3,パック,販売個数,十個,1430613.0,2024
2024,4,パック,販売個数,十個,916541.0,2024
2024,5,パック,販売個数,十個,1054312.0,2024
2024,6,パック,販売個数,十個,1493752.0,2024
2024,7,パック,販売個数,十個,1407820.0,2024
2024,8,パック,販売個数,十個,1254550.0,2024
2024,9,パック,販売個数,十個,1798295.0,2024
2024,10,パック,販売個数,十個,535021.0,2024
2024,11,パック,販売個数,十個,1980426.0,2024
2024,12,パック,販売個数,十個,1549714.0,2024
2015,0,パック,販売数量,kg,3283218.0,2019
2016,0,パック,販売数量,kg,3378919.0,2020
2017,0,パック,販売数量,kg,4386453.0,2021
2018,0,パック,販売数量,kg,5768795.0,2022
2019,0,パック,販売数量,kg,5307399.0,2023
2019,1,パック,販売数量,kg,419969.0,2019
2019,2,パック,販売数量,kg,436657.0,2019
2019,3,パック,販売数量,kg,410395.0,2019
2019,4,パック,販売数量,kg,528905.0,2019
2019,5,パック,販売数量,kg,388603.0,2019
2019,6,パック,販売数量,kg,425482.0,2019
2019,7,パック,販売数量,kg,455845.0,2019
2019,8,パック,販売数量,kg,448443.0,2019
2019,9,パック,販売数量,kg,476563.0,2019
2019,10,パック,販売数量,kg,492674.0,2019
2019,11,パック,販売数量,kg,411928.0,2019
2019,12,パック,販売数量,kg,411935.0,2019
2020,0,パック,販売数量,kg,4730698.0,2023
2020,1,パック,販売数量,kg,318758.0,2020
2020,2,パック,販売数量,kg,367539.0,2020
2020,3,パック,販売数量,kg,312370.0,2020
2020,4,パック,販売数量,kg,423304.0,2020
2020,5,パック,販売数量,kg,291850.0,2020
2020,6,パック,販売数量,kg,387734.0,2020
2020,7,パック,販売数量,kg,448378.0,2020
2020,8,パック,販売数量,kg,427337.0,2020
2020,9,パック,販売数量,kg,443100.0,2020
2020,10,パック,販売数量,kg,299647.0,2020
2020,11,パック,販売数量,kg,261638.0,2020
2020,12,パック,販売数量,kg,342445.0,2020
2021,0,パック,販売数量,kg,3240658.0,2023
2021,1,パック,販売数量,kg,185521.0,2021
2021,2,パック,販売数量,kg,189786.0,2021
2021,3,パック,販売数量,kg,227050.0,2021
2021,4,パック,販売数量,kg,206989.0,2021
2021,5,パック,販売数量,kg,166075.0,2021
2021,6,パック,販売数量,kg,165451.0,2021
2021,7,パック,販売数量,kg,209695.0,2021
2021,8,パック,販売数量,kg,250436.0,2021
2021,9,パック,販売数量,kg,291227.0,2021
2021,10,パック,販売数量,kg,270890.0,2021
2021,11,パック,販売数量,kg,321270.0,2021
2021,12,パック,販売数量,kg,284676.0,2021
2022,0,パック,販売数量,kg,2341420.0,2023
2022,1,パック,販売数量,kg,151076.0,2022
2022,2,パック,販売数量,kg,150981.0,2022
2022,3,パック,販売数量,kg,258602.0,2022
2022,4,パック,販売数量,kg,176878.0,2022
2022,5,パック,販売数量,kg,205207.0,2022
2022,6,パック,販売数量,kg,232610.0,2022
2022,7,パック,販売数量,kg,183285.0,2022
2022,8,パック,販売数量,kg,170029.0,2022
2022,9,パック,販売数量,kg,164860.0,2022
2022,10,パック,販売数量,kg,269430.0,2022
2022,11,パック,販売数量,kg,185119.0,2022
2022,12,パック,販売数量,kg,193343.0,2022
2023,0,パック,販売数量,kg,2245707.0,2023
2023,1,パック,販売数量,kg,121526.0,2023
2023,2,パック,販売数量,kg,137975.0,2023
2023,3,パック,販売数量,kg,192957.0,2023
2023,4,パック,販売数量,kg,195715.0,2023
2023,5,パック,販売数量,kg,135050.0,2023
2023,6,パック,販売数量,kg,207286.0,2023
2023,7,パック,販売数量,kg,211422.0,2023
2023,8,パック,販売数量,kg,245070.0,2023
2023,9,パック,販売数量,kg,190526.0,2023
2023,10,パック,販売数量,kg,204397.0,2023
2023,11,パック,販売数量,kg,232287.0,2023
2023,12,パック,販売数量,kg,171496.0,2023
2024,1,パック,販売数量,kg,154551.0,2024
2024,2,パック,販売数量,kg,178623.0,2024
2024,3,パック,販売数量,kg,159376.0,2024
2024,4,パック,販売数量,kg,197076.0,2024
2024,5,パック,販売数量,kg,211519.0,2024
2024,6,パック,販売数量,kg,207658.0,2024
2024,7,パック,販売数量,kg,222968.0,2024
2024,8,パック,販売数量,kg,202387.0,2024
2024,9,パック,販売数量,kg,228275.0,2024
2024,10,パック,販売数量,kg,251994.0,2024
2024,11,パック,販売数量,kg,249782.0,2024
2024,12,パック,販売数量,kg,274556.0,2024
2015,0,パック,販売金額,千円,32608450.0,2019
2016,0,パック,販売金額,千円,34164047.0,2020
2017,0,パック,販売金額,千円,38223416.0,2021
2018,0,パック,販売金額,千円,43623054.0,2022
2019,0,パック,販売金額,千円,37247243.0,2023
2019,1,パック,販売金額,千円,3028291.0,2019
2019,2,パック,販売金額,千円,3202659.0,2019
2019,3,パック,販売金額,千円,2937502.0,2019
2019,4,パック,販売金額,千円,3442534.0,2019
2019,5,パック,販売金額,千円,3355504.0,2019
2019,6,パック,販売金額,千円,2881951.0,2019
2019,7,パック,販売金額,千円,3116795.0,2019
2019,8,パック,販売金額,千円,3006121.0,2019
2019,9,パック,販売金額,千円,3485610.0,2019
2019,10,パック,販売金額,千円,3516200.0,2019
2019,11,パック,販売金額,千円,2677120.0,2019
2019,12,パック,販売金額,千円,2596956.0,2019
2020,0,パック,販売金額,千円,27390156.0,2023
2020,1,パック,販売金額,千円,2220137.0,2020
2020,2,パック,販売金額,千円,2055139.0,2020
2020,3,パック,販売金額,千円,1963711.0,2020
2020,4,パック,販売金額,千円,2369985.0,2020
2020,5,パック,販売金額,千円,1779233.0,2020
2020,6,パック,販売金額,千円,2121849.0,2020
2020,7,パック,販売金額,千円,2748228.0,2020
2020,8,パック,販売金額,千円,2463051.0,2020
2020,9,パック,販売金額,千円,2415067.0,2020
2020,10,パック,販売金額,千円,2237431.0,2020
2020,11,パック,販売金額,千円,2289042.0,2020
2020,12,パック,販売金額,千円,1942893.0,2020
2021,0,パック,販売金額,千円,23476672.0,2023
2021,1,パック,販売金額,千円,1404923.0,2021
2021,2,パック,販売金額,千円,1289223.0,2021
2021,3,パック,販売金額,千円,1580353.0,2021
2021,4,パック,販売金額,千円,1572940.0,2021
2021,5,パック,販売金額,千円,1273221.0,2021
2021,6,パック,販売金額,千円,1422015.0,2021
2021,7,パック,販売金額,千円,2092572.0,2021
2021,8,パック,販売金額,千円,1980333.0,2021
2021,9,パック,販売金額,千円,2502434.0,2021
2021,10,パック,販売金額,千円,2309821.0,2021
2021,11,パック,販売金額,千円,2627328.0,2021
2021,12,パック,販売金額,千円,2456881.0,2021
2022,0,パック,販売金額,千円,18074951.0,2023
2022,1,パック,販売金額,千円,1237387.0,2022
2022,2,パック,販売金額,千円,1107685.0,2022
2022,3,パック,販売金額,千円,1804924.0,2022
2022,4,パック,販売金額,千円,1762039.0,2022
2022,5,パック,販売金額,千円,1466067.0,2022
2022,6,パック,販売金額,千円,1703373.0,2022
2022,7,パック,販売金額,千円,1418220.0,2022
2022,8,パック,販売金額,千円,1567785.0,2022
2022,9,パック,販売金額,千円,1429395.0,2022
2022,10,パック,販売金額,千円,1682389.0,2022
2022,11,パック,販売金額,千円,1482363.0,2022
2022,12,パック,販売金額,千円,1413324.0,2022
2023,0,パック,販売金額,千円,18324519.0,2023
2023,1,パック,販売金額,千円,1232409.0,2023
2023,2,パック,販売金額,千円,1149021.0,2023
2023,3,パック,販売金額,千円,1780696.0,2023
2023,4,パック,販売金額,千円,1750801.0,2023
2023,5,パック,販売金額,千円,1280049.0,2023
2023,6,パック,販売金額,千円,1537965.0,2023
2023,7,パック,販売金額,千円,1604414.0,2023
2023,8,パック,販売金額,千円,1707386.0,2023
2023,9,パック,販売金額,千円,1616816.0,2023
2023,10,パック,販売金額,千円,1558990.0,2023
2023,11,パック,販売金額,千円,1619069.0,2023
2023,12,パック,販売金額,千円,1486903.0,2023
2024,1,パック,販売金額,千円,1547463.0,2024
2024,2,パック,販売金額,千円,1772869.0,2024
2024,3,パック,販売金額,千円,1457151.0,2024
2024,4,パック,販売金額,千円,1640180.0,2024
2024,5,パック,販売金額,千円,1662921.0,2024
2024,6,パック,販売金額,千円,1793077.0,2024
2024,7,パック,販売金額,千円,1869231.0,2024
2024,8,パック,販売金額,千円,1667181.0,2024
2024,9,パック,販売金額,千円,1353360.0,2024
2024,10,パック,販売金額,千円,2043487.0,2024
2024,11,パック,販売金額,千円,2047074.0,2024
2024,12,パック,販売金額,千円,1861273.0,2024
2015,0,ファンデーション,出荷その他,kg,157898.0,2019
2016,0,ファンデーション,出荷その他,kg,139473.0,2020
2017,0,ファンデーション,出荷その他,kg,123330.0,2021
2018,0,ファンデーション,出荷その他,kg,134452.0,2022
2019,0,ファンデーション,出荷その他,kg,140650.0,2023
2019,1,ファンデーション,出荷その他,kg,10088.0,2019
2019,2,ファンデーション,出荷その他,kg,5388.0,2019
2019,3,ファンデーション,出荷その他,kg,7302.0,2019
2019,4,ファンデーション,出荷その他,kg,8331.0,2019
2019,5,ファンデーション,出荷その他,kg,10094.0,2019
2019,6,ファンデーション,出荷その他,kg,16474.0,2019
2019,7,ファンデーション,出荷その他,kg,7673.0,2019
2019,8,ファンデーション,出荷その他,kg,9362.0,2019
2019,9,ファンデーション,出荷その他,kg,13434.0,2019
2019,10,ファンデーション,出荷その他,kg,11152.0,2019
2019,11,ファンデーション,出荷その他,kg,24628.0,2019
2019,12,ファンデーション,出荷その他,kg,16724.0,2019
2020,0,ファンデーション,出荷その他,kg,199851.0,2023
2020,1,ファンデーション,出荷その他,kg,14489.0,2020
2020,2,ファンデーション,出荷その他,kg,14540.0,2020
2020,3,ファンデーション,出荷その他,kg,14322.0,2020
2020,4,ファンデーション,出荷その他,kg,9395.0,2020
2020,5,ファンデーション,出荷その他,kg,12553.0,2020
2020,6,ファンデーション,出荷その他,kg,34024.0,2020
2020,7,ファンデーション,出荷その他,kg,9266.0,2020
2020,8,ファンデーション,出荷その他,kg,7735.0,2020
2020,9,ファンデーション,出荷その他,kg,15358.0,2020
2020,10,ファンデーション,出荷その他,kg,15779.0,2020
2020,11,ファンデーション,出荷その他,kg,26842.0,2020
2020,12,ファンデーション,出荷その他,kg,28935.0,2020
2021,0,ファンデーション,出荷その他,kg,160332.0,2023
2021,1,ファンデーション,出荷その他,kg,5301.0,2021
2021,2,ファンデーション,出荷その他,kg,14855.0,2021
2021,3,ファンデーション,出荷その他,kg,21583.0,2021
2021,4,ファンデーション,出荷その他,kg,8605.0,2021
2021,5,ファンデーション,出荷その他,kg,8950.0,2021
2021,6,ファンデーション,出荷その他,kg,21898.0,2021
2021,7,ファンデーション,出荷その他,kg,12150.0,2021
2021,8,ファンデーション,出荷その他,kg,8823.0,2021
2021,9,ファンデーション,出荷その他,kg,20383.0,2021
2021,10,ファンデーション,出荷その他,kg,11198.0,2021
2021,11,ファンデーション,出荷その他,kg,14236.0,2021
2021,12,ファンデーション,出荷その他,kg,11471.0,2021
2022,0,ファンデーション,出荷その他,kg,205750.0,2023
2022,1,ファンデーション,出荷その他,kg,11602.0,2022
2022,2,ファンデーション,出荷その他,kg,13128.0,2022
2022,3,ファンデーション,出荷その他,kg,17788.0,2022
2022,4,ファンデーション,出荷その他,kg,12573.0,2022
2022,5,ファンデーション,出荷その他,kg,74427.0,2022
2022,6,ファンデーション,出荷その他,kg,16937.0,2022
2022,7,ファンデーション,出荷その他,kg,8129.0,2022
2022,8,ファンデーション,出荷その他,kg,15078.0,2022
2022,9,ファンデーション,出荷その他,kg,10619.0,2022
2022,10,ファンデーション,出荷その他,kg,6153.0,2022
2022,11,ファンデーション,出荷その他,kg,10959.0,2022
2022,12,ファンデーション,出荷その他,kg,8357.0,2022
2023,0,ファンデーション,出荷その他,kg,138584.0,2023
2023,1,ファンデーション,出荷その他,kg,5889.0,2023
2023,2,ファンデーション,出荷その他,kg,4229.0,2023
2023,3,ファンデーション,出荷その他,kg,13094.0,2023
2023,4,ファンデーション,出荷その他,kg,7508.0,2023
2023,5,ファンデーション,出荷その他,kg,14975.0,2023
2023,6,ファンデーション,出荷その他,kg,21430.0,2023
2023,7,ファンデーション,出荷その他,kg,6061.0,2023
2023,8,ファンデーション,出荷その他,kg,8435.0,2023
2023,9,ファンデーション,出荷その他,kg,13250.0,2023
2023,10,ファンデーション,出荷その他,kg,19132.0,2023
2023,11,ファンデーション,出荷その他,kg,12568.0,2023
2023,12,ファンデーション,出荷その他,kg,12013.0,2023
2024,1,ファンデーション,出荷その他,kg,21605.0,2024
2024,2,ファンデーション,出荷その他,kg,19849.0,2024
2024,3,ファンデーション,出荷その他,kg,14439.0,2024
2024,4,ファンデーション,出荷その他,kg,7105.0,2024
2024,5,ファンデーション,出荷その他,kg,4703.0,2024
2024,6,ファンデーション,出荷その他,kg,8192.0,2024
2024,7,ファンデーション,出荷その他,kg,5940.0,2024
2024,8,ファンデーション,出荷その他,kg,6158.0,2024
2024,9,ファンデーション,出荷その他,kg,8979.0,2024
2024,10,ファンデーション,出荷その他,kg,7512.0,2024
2024,11,ファンデーション,出荷その他,kg,6427.0,2024
2024,12,ファンデーション,出荷その他,kg,7592.0,2024
2015,0,ファンデーション,受入,kg,137237.0,2019
2016,0,ファンデーション,受入,kg,367384.0,2020
2017,0,ファンデーション,受入,kg,264185.0,2021
2018,0,ファンデーション,受入,kg,290528.0,2022
2019,0,ファンデーション,受入,kg,287720.0,2023
2019,1,ファンデーション,受入,kg,23259.0,2019
2019,2,ファンデーション,受入,kg,14830.0,2019
2019,3,ファンデーション,受入,kg,16503.0,2019
2019,4,ファンデーション,受入,kg,28543.0,2019
2019,5,ファンデーション,受入,kg,32142.0,2019
2019,6,ファンデーション,受入,kg,28695.0,2019
2019,7,ファンデーション,受入,kg,19975.0,2019
2019,8,ファンデーション,受入,kg,33754.0,2019
2019,9,ファンデーション,受入,kg,19504.0,2019
2019,10,ファンデーション,受入,kg,18516.0,2019
2019,11,ファンデーション,受入,kg,27368.0,2019
2019,12,ファンデーション,受入,kg,24631.0,2019
2020,0,ファンデーション,受入,kg,212281.0,2023
2020,1,ファンデーション,受入,kg,20743.0,2020
2020,2,ファンデーション,受入,kg,22960.0,2020
2020,3,ファンデーション,受入,kg,31136.0,2020
2020,4,ファンデーション,受入,kg,30384.0,2020
2020,5,ファンデーション,受入,kg,90226.0,2020
2020,6,ファンデーション,受入,kg,12115.0,2020
2020,7,ファンデーション,受入,kg,37536.0,2020
2020,8,ファンデーション,受入,kg,15012.0,2020
2020,9,ファンデーション,受入,kg,14232.0,2020
2020,10,ファンデーション,受入,kg,13223.0,2020
2020,11,ファンデーション,受入,kg,11828.0,2020
2020,12,ファンデーション,受入,kg,8141.0,2020
2021,0,ファンデーション,受入,kg,147658.0,2023
2021,1,ファンデーション,受入,kg,9309.0,2021
2021,2,ファンデーション,受入,kg,14206.0,2021
2021,3,ファンデーション,受入,kg,11783.0,2021
2021,4,ファンデーション,受入,kg,14785.0,2021
2021,5,ファンデーション,受入,kg,13954.0,2021
2021,6,ファンデーション,受入,kg,13619.0,2021
2021,7,ファンデーション,受入,kg,17049.0,2021
2021,8,ファンデーション,受入,kg,14003.0,2021
2021,9,ファンデーション,受入,kg,16099.0,2021
2021,10,ファンデーション,受入,kg,20795.0,2021
2021,11,ファンデーション,受入,kg,54703.0,2021
2021,12,ファンデーション,受入,kg,16351.0,2021
2022,0,ファンデーション,受入,kg,377761.0,2023
2022,1,ファンデーション,受入,kg,28431.0,2022
2022,2,ファンデーション,受入,kg,11996.0,2022
2022,3,ファンデーション,受入,kg,47433.0,2022
2022,4,ファンデーション,受入,kg,30442.0,2022
2022,5,ファンデーション,受入,kg,33538.0,2022
2022,6,ファンデーション,受入,kg,25236.0,2022
2022,7,ファンデーション,受入,kg,27119.0,2022
2022,8,ファンデーション,受入,kg,22670.0,2022
2022,9,ファンデーション,受入,kg,35694.0,2022
2022,10,ファンデーション,受入,kg,19418.0,2022
2022,11,ファンデーション,受入,kg,40729.0,2022
2022,12,ファンデーション,受入,kg,55055.0,2022
2023,0,ファンデーション,受入,kg,505316.0,2023
2023,1,ファンデーション,受入,kg,43072.0,2023
2023,2,ファンデーション,受入,kg,25324.0,2023
2023,3,ファンデーション,受入,kg,38724.0,2023
2023,4,ファンデーション,受入,kg,35355.0,2023
2023,5,ファンデーション,受入,kg,30707.0,2023
2023,6,ファンデーション,受入,kg,43802.0,2023
2023,7,ファンデーション,受入,kg,30216.0,2023
2023,8,ファンデーション,受入,kg,35859.0,2023
2023,9,ファンデーション,受入,kg,39344.0,2023
2023,10,ファンデーション,受入,kg,81781.0,2023
2023,11,ファンデーション,受入,kg,66785.0,2023
2023,12,ファンデーション,受入,kg,34347.0,2023
2024,1,ファンデーション,受入,kg,24377.0,2024
2024,2,ファンデーション,受入,kg,29580.0,2024
2024,3,ファンデーション,受入,kg,69159.0,2024
2024,4,ファンデーション,受入,kg,41231.0,2024
2024,5,ファンデーション,受入,kg,39127.0,2024
2024,6,ファンデーション,受入,kg,59257.0,2024
2024,7,ファンデーション,受入,kg,40934.0,2024
2024,8,ファンデーション,受入,kg,52526.0,2024
2024,9,ファンデーション,受入,kg,37452.0,2024
2024,10,ファンデーション,受入,kg,38990.0,2024
2024,11,ファンデーション,受入,kg,43992.0,2024
2024,12,ファンデーション,受入,kg,48613.0,2024
2015,0,ファンデーション,月末在庫,kg,437065.0,2019
2016,0,ファンデーション,月末在庫,kg,407167.0,2020
2017,0,ファンデーション,月末在庫,kg,525774.0,2021
2018,0,ファンデーション,月末在庫,kg,627531.0,2022
2019,0,ファンデーション,月末在庫,kg,661520.0,2023
2019,1,ファンデーション,月末在庫,kg,656511.0,2019
2019,2,ファンデーション,月末在庫,kg,693471.0,2019
2019,3,ファンデーション,月末在庫,kg,708442.0,2019
2019,4,ファンデーション,月末在庫,kg,707148.0,2019
2019,5,ファンデーション,月末在庫,kg,682673.0,2019
2019,6,ファンデーション,月末在庫,kg,676974.0,2019
2019,7,ファンデーション,月末在庫,kg,718619.0,2019
2019,8,ファンデーション,月末在庫,kg,722052.0,2019
2019,9,ファンデーション,月末在庫,kg,719955.0,2019
2019,10,ファンデーション,月末在庫,kg,704272.0,2019
2019,11,ファンデーション,月末在庫,kg,679478.0,2019
2019,12,ファンデーション,月末在庫,kg,661520.0,2019
2020,0,ファンデーション,月末在庫,kg,630661.0,2023
2020,1,ファンデーション,月末在庫,kg,704491.0,2020
2020,2,ファンデーション,月末在庫,kg,712634.0,2020
2020,3,ファンデーション,月末在庫,kg,765441.0,2020
2020,4,ファンデーション,月末在庫,kg,797382.0,2020
2020,5,ファンデーション,月末在庫,kg,880857.0,2020
2020,6,ファンデーション,月末在庫,kg,832684.0,2020
2020,7,ファンデーション,月末在庫,kg,827137.0,2020
2020,8,ファンデーション,月末在庫,kg,811019.0,2020
2020,9,ファンデーション,月末在庫,kg,795704.0,2020
2020,10,ファンデーション,月末在庫,kg,759332.0,2020
2020,11,ファンデーション,月末在庫,kg,718502.0,2020
2020,12,ファンデーション,月末在庫,kg,671408.0,2020
2021,0,ファンデーション,月末在庫,kg,463544.0,2023
2021,1,ファンデーション,月末在庫,kg,683930.0,2021
2021,2,ファンデーション,月末在庫,kg,674936.0,2021
2021,3,ファンデーション,月末在庫,kg,657201.0,2021
2021,4,ファンデーション,月末在庫,kg,652633.0,2021
2021,5,ファンデーション,月末在庫,kg,636107.0,2021
2021,6,ファンデーション,月末在庫,kg,644866.0,2021
2021,7,ファンデーション,月末在庫,kg,646540.0,2021
2021,8,ファンデーション,月末在庫,kg,603531.0,2021
2021,9,ファンデーション,月末在庫,kg,594617.0,2021
2021,10,ファンデーション,月末在庫,kg,545742.0,2021
2021,11,ファンデーション,月末在庫,kg,538889.0,2021
2021,12,ファンデーション,月末在庫,kg,488065.0,2021
2022,0,ファンデーション,月末在庫,kg,510669.0,2023
2022,1,ファンデーション,月末在庫,kg,503144.0,2022
2022,2,ファンデーション,月末在庫,kg,510929.0,2022
2022,3,ファンデーション,月末在庫,kg,525229.0,2022
2022,4,ファンデーション,月末在庫,kg,576310.0,2022
2022,5,ファンデーション,月末在庫,kg,496504.0,2022
2022,6,ファンデーション,月末在庫,kg,500939.0,2022
2022,7,ファンデーション,月末在庫,kg,500497.0,2022
2022,8,ファンデーション,月末在庫,kg,504643.0,2022
2022,9,ファンデーション,月末在庫,kg,523461.0,2022
2022,10,ファンデーション,月末在庫,kg,491825.0,2022
2022,11,ファンデーション,月末在庫,kg,503088.0,2022
2022,12,ファンデーション,月末在庫,kg,510669.0,2022
2023,0,ファンデーション,月末在庫,kg,638678.0,2023
2023,1,ファンデーション,月末在庫,kg,554257.0,2023
2023,2,ファンデーション,月末在庫,kg,537242.0,2023
2023,3,ファンデーション,月末在庫,kg,542546.0,2023
2023,4,ファンデーション,月末在庫,kg,494917.0,2023
2023,5,ファンデーション,月末在庫,kg,477483.0,2023
2023,6,ファンデーション,月末在庫,kg,509082.0,2023
2023,7,ファンデーション,月末在庫,kg,476449.0,2023
2023,8,ファンデーション,月末在庫,kg,496903.0,2023
2023,9,ファンデーション,月末在庫,kg,517955.0,2023
2023,10,ファンデーション,月末在庫,kg,605053.0,2023
2023,11,ファンデーション,月末在庫,kg,652296.0,2023
2023,12,ファンデーション,月末在庫,kg,638678.0,2023
2024,1,ファンデーション,月末在庫,kg,648710.0,2024
2024,2,ファンデーション,月末在庫,kg,625973.0,2024
2024,3,ファンデーション,月末在庫,kg,653236.0,2024
2024,4,ファンデーション,月末在庫,kg,627580.0,2024
2024,5,ファンデーション,月末在庫,kg,624954.0,2024
2024,6,ファンデーション,月末在庫,kg,655317.0,2024
2024,7,ファンデーション,月末在庫,kg,680115.0,2024
2024,8,ファンデーション,月末在庫,kg,670856.0,2024
2024,9,ファンデーション,月末在庫,kg,680047.0,2024
2024,10,ファンデーション,月末在庫,kg,674000.0,2024
2024,11,ファンデーション,月末在庫,kg,677826.0,2024
2024,12,ファンデーション,月末在庫,kg,646305.0,2024
2015,0,ファンデーション,生産,kg,2477028.0,2019
2016,0,ファンデーション,生産,kg,2642587.0,2020
2017,0,ファンデーション,生産,kg,2962341.0,2021
2018,0,ファンデーション,生産,kg,3062190.0,2022
2019,0,ファンデーション,生産,kg,3225811.0,2023
2019,1,ファンデーション,生産,kg,250600.0,2019
2019,2,ファンデーション,生産,kg,300598.0,2019
2019,3,ファンデーション,生産,kg,307677.0,2019
2019,4,ファンデーション,生産,kg,276588.0,2019
2019,5,ファンデーション,生産,kg,255714.0,2019
2019,6,ファンデーション,生産,kg,279544.0,2019
2019,7,ファンデーション,生産,kg,321306.0,2019
2019,8,ファンデーション,生産,kg,238167.0,2019
2019,9,ファンデーション,生産,kg,264856.0,2019
2019,10,ファンデーション,生産,kg,266671.0,2019
2019,11,ファンデーション,生産,kg,222923.0,2019
2019,12,ファンデーション,生産,kg,241167.0,2019
2020,0,ファンデーション,生産,kg,2096087.0,2023
2020,1,ファンデーション,生産,kg,227922.0,2020
2020,2,ファンデーション,生産,kg,244487.0,2020
2020,3,ファンデーション,生産,kg,276281.0,2020
2020,4,ファンデーション,生産,kg,208821.0,2020
2020,5,ファンデーション,生産,kg,150061.0,2020
2020,6,ファンデーション,生産,kg,180207.0,2020
2020,7,ファンデーション,生産,kg,157695.0,2020
2020,8,ファンデーション,生産,kg,133676.0,2020
2020,9,ファンデーション,生産,kg,128988.0,2020
2020,10,ファンデーション,生産,kg,135313.0,2020
2020,11,ファンデーション,生産,kg,110054.0,2020
2020,12,ファンデーション,生産,kg,141503.0,2020
2021,0,ファンデーション,生産,kg,1956848.0,2023
2021,1,ファンデーション,生産,kg,168068.0,2021
2021,2,ファンデーション,生産,kg,160470.0,2021
2021,3,ファンデーション,生産,kg,207770.0,2021
2021,4,ファンデーション,生産,kg,173002.0,2021
2021,5,ファンデーション,生産,kg,154569.0,2021
2021,6,ファンデーション,生産,kg,186568.0,2021
2021,7,ファンデーション,生産,kg,195455.0,2021
2021,8,ファンデーション,生産,kg,125607.0,2021
2021,9,ファンデーション,生産,kg,145615.0,2021
2021,10,ファンデーション,生産,kg,135306.0,2021
2021,11,ファンデーション,生産,kg,132129.0,2021
2021,12,ファンデーション,生産,kg,168626.0,2021
2022,0,ファンデーション,生産,kg,1929289.0,2023
2022,1,ファンデーション,生産,kg,150758.0,2022
2022,2,ファンデーション,生産,kg,145551.0,2022
2022,3,ファンデーション,生産,kg,189204.0,2022
2022,4,ファンデーション,生産,kg,235160.0,2022
2022,5,ファンデーション,生産,kg,124910.0,2022
2022,6,ファンデーション,生産,kg,168578.0,2022
2022,7,ファンデーション,生産,kg,159537.0,2022
2022,8,ファンデーション,生産,kg,153731.0,2022
2022,9,ファンデーション,生産,kg,147328.0,2022
2022,10,ファンデーション,生産,kg,146710.0,2022
2022,11,ファンデーション,生産,kg,147655.0,2022
2022,12,ファンデーション,生産,kg,160167.0,2022
2023,0,ファンデーション,生産,kg,2216599.0,2023
2023,1,ファンデーション,生産,kg,142151.0,2023
2023,2,ファンデーション,生産,kg,149241.0,2023
2023,3,ファンデーション,生産,kg,176155.0,2023
2023,4,ファンデーション,生産,kg,194986.0,2023
2023,5,ファンデーション,生産,kg,139058.0,2023
2023,6,ファンデーション,生産,kg,197925.0,2023
2023,7,ファンデーション,生産,kg,194478.0,2023
2023,8,ファンデーション,生産,kg,182832.0,2023
2023,9,ファンデーション,生産,kg,206069.0,2023
2023,10,ファンデーション,生産,kg,232925.0,2023
2023,11,ファンデーション,生産,kg,207437.0,2023
2023,12,ファンデーション,生産,kg,193342.0,2023
2024,1,ファンデーション,生産,kg,195065.0,2024
2024,2,ファンデーション,生産,kg,209533.0,2024
2024,3,ファンデーション,生産,kg,211607.0,2024
2024,4,ファンデーション,生産,kg,191119.0,2024
2024,5,ファンデーション,生産,kg,174274.0,2024
2024,6,ファンデーション,生産,kg,201456.0,2024
2024,7,ファンデーション,生産,kg,239536.0,2024
2024,8,ファンデーション,生産,kg,161104.0,2024
2024,9,ファンデーション,生産,kg,186138.0,2024
2024,10,ファンデーション,生産,kg,187200.0,2024
2024,11,ファンデーション,生産,kg,159533.0,2024
2024,12,ファンデーション,生産,kg,165460.0,2024
2015,0,ファンデーション,販売個数,十個,12909405.0,2019
2016,0,ファンデーション,販売個数,十個,13966787.0,2020
2017,0,ファンデーション,販売個数,十個,14380360.0,2021
2018,0,ファンデーション,販売個数,十個,15364029.0,2022
2019,0,ファンデーション,販売個数,十個,15466758.0,2023
2019,1,ファンデーション,販売個数,十個,1161389.0,2019
2019,2,ファンデーション,販売個数,十個,1328110.0,2019
2019,3,ファンデーション,販売個数,十個,1386390.0,2019
2019,4,ファンデーション,販売個数,十個,1345049.0,2019
2019,5,ファンデーション,販売個数,十個,1329334.0,2019
2019,6,ファンデーション,販売個数,十個,1278988.0,2019
2019,7,ファンデーション,販売個数,十個,1451845.0,2019
2019,8,ファンデーション,販売個数,十個,1220070.0,2019
2019,9,ファンデーション,販売個数,十個,1330165.0,2019
2019,10,ファンデーション,販売個数,十個,1324032.0,2019
2019,11,ファンデーション,販売個数,十個,1082402.0,2019
2019,12,ファンデーション,販売個数,十個,1228984.0,2019
2020,0,ファンデーション,販売個数,十個,10070989.0,2023
2020,1,ファンデーション,販売個数,十個,972748.0,2020
2020,2,ファンデーション,販売個数,十個,1179180.0,2020
2020,3,ファンデーション,販売個数,十個,1149144.0,2020
2020,4,ファンデーション,販売個数,十個,886557.0,2020
2020,5,ファンデーション,販売個数,十個,695916.0,2020
2020,6,ファンデーション,販売個数,十個,786143.0,2020
2020,7,ファンデーション,販売個数,十個,938820.0,2020
2020,8,ファンデーション,販売個数,十個,734410.0,2020
2020,9,ファンデーション,販売個数,十個,677829.0,2020
2020,10,ファンデーション,販売個数,十個,753328.0,2020
2020,11,ファンデーション,販売個数,十個,563041.0,2020
2020,12,ファンデーション,販売個数,十個,738892.0,2020
2021,0,ファンデーション,販売個数,十個,9178830.0,2023
2021,1,ファンデーション,販売個数,十個,716724.0,2021
2021,2,ファンデーション,販売個数,十個,797188.0,2021
2021,3,ファンデーション,販売個数,十個,839080.0,2021
2021,4,ファンデーション,販売個数,十個,770583.0,2021
2021,5,ファンデーション,販売個数,十個,732324.0,2021
2021,6,ファンデーション,販売個数,十個,773838.0,2021
2021,7,ファンデーション,販売個数,十個,826464.0,2021
2021,8,ファンデーション,販売個数,十個,730852.0,2021
2021,9,ファンデーション,販売個数,十個,642631.0,2021
2021,10,ファンデーション,販売個数,十個,821362.0,2021
2021,11,ファンデーション,販売個数,十個,763752.0,2021
2021,12,ファンデーション,販売個数,十個,760368.0,2021
2022,0,ファンデーション,販売個数,十個,8733266.0,2023
2022,1,ファンデーション,販売個数,十個,706368.0,2022
2022,2,ファンデーション,販売個数,十個,589744.0,2022
2022,3,ファンデーション,販売個数,十個,850566.0,2022
2022,4,ファンデーション,販売個数,十個,835077.0,2022
2022,5,ファンデーション,販売個数,十個,694216.0,2022
2022,6,ファンデーション,販売個数,十個,733142.0,2022
2022,7,ファンデーション,販売個数,十個,771638.0,2022
2022,8,ファンデーション,販売個数,十個,642430.0,2022
2022,9,ファンデーション,販売個数,十個,664298.0,2022
2022,10,ファンデーション,販売個数,十個,794916.0,2022
2022,11,ファンデーション,販売個数,十個,667129.0,2022
2022,12,ファンデーション,販売個数,十個,783742.0,2022
2023,0,ファンデーション,販売個数,十個,9847680.0,2023
2023,1,ファンデーション,販売個数,十個,571661.0,2023
2023,2,ファンデーション,販売個数,十個,785518.0,2023
2023,3,ファンデーション,販売個数,十個,817264.0,2023
2023,4,ファンデーション,販売個数,十個,981397.0,2023
2023,5,ファンデーション,販売個数,十個,673752.0,2023
2023,6,ファンデーション,販売個数,十個,787217.0,2023
2023,7,ファンデーション,販売個数,十個,934782.0,2023
2023,8,ファンデーション,販売個数,十個,791546.0,2023
2023,9,ファンデーション,販売個数,十個,876189.0,2023
2023,10,ファンデーション,販売個数,十個,844675.0,2023
2023,11,ファンデーション,販売個数,十個,898419.0,2023
2023,12,ファンデーション,販売個数,十個,885260.0,2023
2024,1,ファンデーション,販売個数,十個,726312.0,2024
2024,2,ファンデーション,販売個数,十個,877325.0,2024
2024,3,ファンデーション,販売個数,十個,912049.0,2024
2024,4,ファンデーション,販売個数,十個,950428.0,2024
2024,5,ファンデーション,販売個数,十個,815161.0,2024
2024,6,ファンデーション,販売個数,十個,840426.0,2024
2024,7,ファンデーション,販売個数,十個,934385.0,2024
2024,8,ファンデーション,販売個数,十個,826553.0,2024
2024,9,ファンデーション,販売個数,十個,747017.0,2024
2024,10,ファンデーション,販売個数,十個,900267.0,2024
2024,11,ファンデーション,販売個数,十個,701587.0,2024
2024,12,ファンデーション,販売個数,十個,834974.0,2024
2015,0,ファンデーション,販売数量,kg,2321433.0,2019
2016,0,ファンデーション,販売数量,kg,2805618.0,2020
2017,0,ファンデーション,販売数量,kg,2846207.0,2021
2018,0,ファンデーション,販売数量,kg,2983603.0,2022
2019,0,ファンデーション,販売数量,kg,3189198.0,2023
2019,1,ファンデーション,販売数量,kg,232095.0,2019
2019,2,ファンデーション,販売数量,kg,262120.0,2019
2019,3,ファンデーション,販売数量,kg,282510.0,2019
2019,4,ファンデーション,販売数量,kg,279233.0,2019
2019,5,ファンデーション,販売数量,kg,293543.0,2019
2019,6,ファンデーション,販売数量,kg,272566.0,2019
2019,7,ファンデーション,販売数量,kg,285791.0,2019
2019,8,ファンデーション,販売数量,kg,250119.0,2019
2019,9,ファンデーション,販売数量,kg,266528.0,2019
2019,10,ファンデーション,販売数量,kg,275062.0,2019
2019,11,ファンデーション,販売数量,kg,232516.0,2019
2019,12,ファンデーション,販売数量,kg,257115.0,2019
2020,0,ファンデーション,販売数量,kg,2058009.0,2023
2020,1,ファンデーション,販売数量,kg,186977.0,2020
2020,2,ファンデーション,販売数量,kg,235076.0,2020
2020,3,ファンデーション,販売数量,kg,241507.0,2020
2020,4,ファンデーション,販売数量,kg,191473.0,2020
2020,5,ファンデーション,販売数量,kg,155398.0,2020
2020,6,ファンデーション,販売数量,kg,207940.0,2020
2020,7,ファンデーション,販売数量,kg,186778.0,2020
2020,8,ファンデーション,販売数量,kg,150165.0,2020
2020,9,ファンデーション,販売数量,kg,135567.0,2020
2020,10,ファンデーション,販売数量,kg,159474.0,2020
2020,11,ファンデーション,販売数量,kg,126219.0,2020
2020,12,ファンデーション,販売数量,kg,160205.0,2020
2021,0,ファンデーション,販売数量,kg,2005329.0,2023
2021,1,ファンデーション,販売数量,kg,156421.0,2021
2021,2,ファンデーション,販売数量,kg,161022.0,2021
2021,3,ファンデーション,販売数量,kg,205728.0,2021
2021,4,ファンデーション,販売数量,kg,175696.0,2021
2021,5,ファンデーション,販売数量,kg,164695.0,2021
2021,6,ファンデーション,販売数量,kg,164031.0,2021
2021,7,ファンデーション,販売数量,kg,179788.0,2021
2021,8,ファンデーション,販売数量,kg,169835.0,2021
2021,9,ファンデーション,販売数量,kg,138375.0,2021
2021,10,ファンデーション,販売数量,kg,188972.0,2021
2021,11,ファンデーション,販売数量,kg,175086.0,2021
2021,12,ファンデーション,販売数量,kg,175286.0,2021
2022,0,ファンデーション,販売数量,kg,1955772.0,2023
2022,1,ファンデーション,販売数量,kg,144798.0,2022
2022,2,ファンデーション,販売数量,kg,131362.0,2022
2022,3,ファンデーション,販売数量,kg,189190.0,2022
2022,4,ファンデーション,販売数量,kg,185779.0,2022
2022,5,ファンデーション,販売数量,kg,150447.0,2022
2022,6,ファンデーション,販売数量,kg,161346.0,2022
2022,7,ファンデーション,販売数量,kg,170710.0,2022
2022,8,ファンデーション,販売数量,kg,150487.0,2022
2022,9,ファンデーション,販売数量,kg,145299.0,2022
2022,10,ファンデーション,販売数量,kg,183421.0,2022
2022,11,ファンデーション,販売数量,kg,156345.0,2022
2022,12,ファンデーション,販売数量,kg,186588.0,2022
2023,0,ファンデーション,販売数量,kg,2327088.0,2023
2023,1,ファンデーション,販売数量,kg,123955.0,2023
2023,2,ファンデーション,販売数量,kg,177934.0,2023
2023,3,ファンデーション,販売数量,kg,183638.0,2023
2023,4,ファンデーション,販売数量,kg,259898.0,2023
2023,5,ファンデーション,販売数量,kg,163716.0,2023
2023,6,ファンデーション,販売数量,kg,177365.0,2023
2023,7,ファンデーション,販売数量,kg,239953.0,2023
2023,8,ファンデーション,販売数量,kg,181523.0,2023
2023,9,ファンデーション,販売数量,kg,202341.0,2023
2023,10,ファンデーション,販売数量,kg,200890.0,2023
2023,11,ファンデーション,販売数量,kg,202024.0,2023
2023,12,ファンデーション,販売数量,kg,213851.0,2023
2024,1,ファンデーション,販売数量,kg,181809.0,2024
2024,2,ファンデーション,販売数量,kg,234001.0,2024
2024,3,ファンデーション,販売数量,kg,231296.0,2024
2024,4,ファンデーション,販売数量,kg,237139.0,2024
2024,5,ファンデーション,販売数量,kg,202016.0,2024
2024,6,ファンデーション,販売数量,kg,211618.0,2024
2024,7,ファンデーション,販売数量,kg,240560.0,2024
2024,8,ファンデーション,販売数量,kg,208570.0,2024
2024,9,ファンデーション,販売数量,kg,193841.0,2024
2024,10,ファンデーション,販売数量,kg,214705.0,2024
2024,11,ファンデーション,販売数量,kg,179765.0,2024
2024,12,ファンデーション,販売数量,kg,227322.0,2024
2015,0,ファンデーション,販売金額,千円,129034355.0,2019
2016,0,ファンデーション,販売金額,千円,129027214.0,2020
2017,0,ファンデーション,販売金額,千円,140025993.0,2021
2018,0,ファンデーション,販売金額,千円,139666174.0,2022
2019,0,ファンデーション,販売金額,千円,143091002.0,2023
2019,1,ファンデーション,販売金額,千円,9237716.0,2019
2019,2,ファンデーション,販売金額,千円,12689860.0,2019
2019,3,ファンデーション,販売金額,千円,11963732.0,2019
2019,4,ファンデーション,販売金額,千円,12000518.0,2019
2019,5,ファンデーション,販売金額,千円,11731956.0,2019
2019,6,ファンデーション,販売金額,千円,11082341.0,2019
2019,7,ファンデーション,販売金額,千円,12551148.0,2019
2019,8,ファンデーション,販売金額,千円,13004797.0,2019
2019,9,ファンデーション,販売金額,千円,13736513.0,2019
2019,10,ファンデーション,販売金額,千円,12637151.0,2019
2019,11,ファンデーション,販売金額,千円,10761348.0,2019
2019,12,ファンデーション,販売金額,千円,11693922.0,2019
2020,0,ファンデーション,販売金額,千円,87965522.0,2023
2020,1,ファンデーション,販売金額,千円,8428678.0,2020
2020,2,ファンデーション,販売金額,千円,10410784.0,2020
2020,3,ファンデーション,販売金額,千円,8852391.0,2020
2020,4,ファンデーション,販売金額,千円,6469331.0,2020
2020,5,ファンデーション,販売金額,千円,5492974.0,2020
2020,6,ファンデーション,販売金額,千円,6804236.0,2020
2020,7,ファンデーション,販売金額,千円,7283559.0,2020
2020,8,ファンデーション,販売金額,千円,6542158.0,2020
2020,9,ファンデーション,販売金額,千円,6927506.0,2020
2020,10,ファンデーション,販売金額,千円,7193622.0,2020
2020,11,ファンデーション,販売金額,千円,6375093.0,2020
2020,12,ファンデーション,販売金額,千円,7207231.0,2020
2021,0,ファンデーション,販売金額,千円,75207955.0,2023
2021,1,ファンデーション,販売金額,千円,4885081.0,2021
2021,2,ファンデーション,販売金額,千円,6692071.0,2021
2021,3,ファンデーション,販売金額,千円,6936967.0,2021
2021,4,ファンデーション,販売金額,千円,6480134.0,2021
2021,5,ファンデーション,販売金額,千円,5820854.0,2021
2021,6,ファンデーション,販売金額,千円,6445148.0,2021
2021,7,ファンデーション,販売金額,千円,6341335.0,2021
2021,8,ファンデーション,販売金額,千円,5823535.0,2021
2021,9,ファンデーション,販売金額,千円,5960816.0,2021
2021,10,ファンデーション,販売金額,千円,6826559.0,2021
2021,11,ファンデーション,販売金額,千円,6336222.0,2021
2021,12,ファンデーション,販売金額,千円,6630714.0,2021
2022,0,ファンデーション,販売金額,千円,75134261.0,2023
2022,1,ファンデーション,販売金額,千円,5819409.0,2022
2022,2,ファンデーション,販売金額,千円,5310928.0,2022
2022,3,ファンデーション,販売金額,千円,6939688.0,2022
2022,4,ファンデーション,販売金額,千円,6855537.0,2022
2022,5,ファンデーション,販売金額,千円,6609040.0,2022
2022,6,ファンデーション,販売金額,千円,6016302.0,2022
2022,7,ファンデーション,販売金額,千円,6289477.0,2022
2022,8,ファンデーション,販売金額,千円,5681729.0,2022
2022,9,ファンデーション,販売金額,千円,6189729.0,2022
2022,10,ファンデーション,販売金額,千円,6731919.0,2022
2022,11,ファンデーション,販売金額,千円,5961614.0,2022
2022,12,ファンデーション,販売金額,千円,6728889.0,2022
2023,0,ファンデーション,販売金額,千円,81618243.0,2023
2023,1,ファンデーション,販売金額,千円,4451492.0,2023
2023,2,ファンデーション,販売金額,千円,5948323.0,2023
2023,3,ファンデーション,販売金額,千円,7543620.0,2023
2023,4,ファンデーション,販売金額,千円,7386257.0,2023
2023,5,ファンデーション,販売金額,千円,6100764.0,2023
2023,6,ファンデーション,販売金額,千円,6742714.0,2023
2023,7,ファンデーション,販売金額,千円,6844758.0,2023
2023,8,ファンデーション,販売金額,千円,7109755.0,2023
2023,9,ファンデーション,販売金額,千円,7796472.0,2023
2023,10,ファンデーション,販売金額,千円,6953236.0,2023
2023,11,ファンデーション,販売金額,千円,7228263.0,2023
2023,12,ファンデーション,販売金額,千円,7512589.0,2023
2024,1,ファンデーション,販売金額,千円,6026196.0,2024
2024,2,ファンデーション,販売金額,千円,7456505.0,2024
2024,3,ファンデーション,販売金額,千円,7636257.0,2024
2024,4,ファンデーション,販売金額,千円,7851129.0,2024
2024,5,ファンデーション,販売金額,千円,6951037.0,2024
2024,6,ファンデーション,販売金額,千円,6563474.0,2024
2024,7,ファンデーション,販売金額,千円,7151447.0,2024
2024,8,ファンデーション,販売金額,千円,6198097.0,2024
2024,9,ファンデーション,販売金額,千円,7205278.0,2024
2024,10,ファンデーション,販売金額,千円,6855166.0,2024
2024,11,ファンデーション,販売金額,千円,6578508.0,2024
2024,12,ファンデーション,販売金額,千円,7175357.0,2024
2015,0,ヘアスプレー,出荷その他,kg,1368643.0,2019
2016,0,ヘアスプレー,出荷その他,kg,1567829.0,2020
2017,0,ヘアスプレー,出荷その他,kg,1532881.0,2021
2018,0,ヘアスプレー,出荷その他,kg,1480931.0,2022
2019,0,ヘアスプレー,出荷その他,kg,1390607.0,2023
2019,1,ヘアスプレー,出荷その他,kg,98517.0,2019
2019,2,ヘアスプレー,出荷その他,kg,211176.0,2019
2019,3,ヘアスプレー,出荷その他,kg,110919.0,2019
2019,4,ヘアスプレー,出荷その他,kg,197518.0,2019
2019,5,ヘアスプレー,出荷その他,kg,67393.0,2019
2019,6,ヘアスプレー,出荷その他,kg,65965.0,2019
2019,7,ヘアスプレー,出荷その他,kg,44166.0,2019
2019,8,ヘアスプレー,出荷その他,kg,43732.0,2019
2019,9,ヘアスプレー,出荷その他,kg,166552.0,2019
2019,10,ヘアスプレー,出荷その他,kg,205831.0,2019
2019,11,ヘアスプレー,出荷その他,kg,68103.0,2019
2019,12,ヘアスプレー,出荷その他,kg,110735.0,2019
2020,0,ヘアスプレー,出荷その他,kg,631081.0,2023
2020,1,ヘアスプレー,出荷その他,kg,110839.0,2020
2020,2,ヘアスプレー,出荷その他,kg,96813.0,2020
2020,3,ヘアスプレー,出荷その他,kg,148663.0,2020
2020,4,ヘアスプレー,出荷その他,kg,153333.0,2020
2020,5,ヘアスプレー,出荷その他,kg,66582.0,2020
2020,6,ヘアスプレー,出荷その他,kg,16007.0,2020
2020,7,ヘアスプレー,出荷その他,kg,18967.0,2020
2020,8,ヘアスプレー,出荷その他,kg,8168.0,2020
2020,9,ヘアスプレー,出荷その他,kg,11953.0,2020
2020,10,ヘアスプレー,出荷その他,kg,13680.0,2020
2020,11,ヘアスプレー,出荷その他,kg,18842.0,2020
2020,12,ヘアスプレー,出荷その他,kg,26997.0,2020
2021,0,ヘアスプレー,出荷その他,kg,141658.0,2023
2021,1,ヘアスプレー,出荷その他,kg,16977.0,2021
2021,2,ヘアスプレー,出荷その他,kg,10744.0,2021
2021,3,ヘアスプレー,出荷その他,kg,15810.0,2021
2021,4,ヘアスプレー,出荷その他,kg,29493.0,2021
2021,5,ヘアスプレー,出荷その他,kg,19941.0,2021
2021,6,ヘアスプレー,出荷その他,kg,27597.0,2021
2021,7,ヘアスプレー,出荷その他,kg,65727.0,2021
2021,8,ヘアスプレー,出荷その他,kg,4098.0,2021
2021,9,ヘアスプレー,出荷その他,kg,21771.0,2021
2021,10,ヘアスプレー,出荷その他,kg,5842.0,2021
2021,11,ヘアスプレー,出荷その他,kg,25082.0,2021
2021,12,ヘアスプレー,出荷その他,kg,6920.0,2021
2022,0,ヘアスプレー,出荷その他,kg,99403.0,2023
2022,1,ヘアスプレー,出荷その他,kg,4674.0,2022
2022,2,ヘアスプレー,出荷その他,kg,3529.0,2022
2022,3,ヘアスプレー,出荷その他,kg,7850.0,2022
2022,4,ヘアスプレー,出荷その他,kg,3407.0,2022
2022,5,ヘアスプレー,出荷その他,kg,9302.0,2022
2022,6,ヘアスプレー,出荷その他,kg,7649.0,2022
2022,7,ヘアスプレー,出荷その他,kg,26032.0,2022
2022,8,ヘアスプレー,出荷その他,kg,11856.0,2022
2022,9,ヘアスプレー,出荷その他,kg,3236.0,2022
2022,10,ヘアスプレー,出荷その他,kg,5101.0,2022
2022,11,ヘアスプレー,出荷その他,kg,13083.0,2022
2022,12,ヘアスプレー,出荷その他,kg,3684.0,2022
2023,0,ヘアスプレー,出荷その他,kg,70370.0,2023
2023,1,ヘアスプレー,出荷その他,kg,7950.0,2023
2023,2,ヘアスプレー,出荷その他,kg,4655.0,2023
2023,3,ヘアスプレー,出荷その他,kg,6601.0,2023
2023,4,ヘアスプレー,出荷その他,kg,4216.0,2023
2023,5,ヘアスプレー,出荷その他,kg,5362.0,2023
2023,6,ヘアスプレー,出荷その他,kg,9376.0,2023
2023,7,ヘアスプレー,出荷その他,kg,5256.0,2023
2023,8,ヘアスプレー,出荷その他,kg,3966.0,2023
2023,9,ヘアスプレー,出荷その他,kg,5777.0,2023
2023,10,ヘアスプレー,出荷その他,kg,5148.0,2023
2023,11,ヘアスプレー,出荷その他,kg,8570.0,2023
2023,12,ヘアスプレー,出荷その他,kg,3493.0,2023
2024,1,ヘアスプレー,出荷その他,kg,3450.0,2024
2024,2,ヘアスプレー,出荷その他,kg,6478.0,2024
2024,3,ヘアスプレー,出荷その他,kg,5664.0,2024
2024,4,ヘアスプレー,出荷その他,kg,8141.0,2024
2024,5,ヘアスプレー,出荷その他,kg,3100.0,2024
2024,6,ヘアスプレー,出荷その他,kg,6134.0,2024
2024,7,ヘアスプレー,出荷その他,kg,3386.0,2024
2024,8,ヘアスプレー,出荷その他,kg,8230.0,2024
2024,9,ヘアスプレー,出荷その他,kg,2444.0,2024
2024,10,ヘアスプレー,出荷その他,kg,15191.0,2024
2024,11,ヘアスプレー,出荷その他,kg,4768.0,2024
2024,12,ヘアスプレー,出荷その他,kg,6333.0,2024
2015,0,ヘアスプレー,受入,kg,112069.0,2019
2016,0,ヘアスプレー,受入,kg,105974.0,2020
2017,0,ヘアスプレー,受入,kg,102694.0,2021
2018,0,ヘアスプレー,受入,kg,95004.0,2022
2019,0,ヘアスプレー,受入,kg,92928.0,2023
2019,1,ヘアスプレー,受入,kg,12916.0,2019
2019,2,ヘアスプレー,受入,kg,8945.0,2019
2019,3,ヘアスプレー,受入,kg,3659.0,2019
2019,4,ヘアスプレー,受入,kg,2198.0,2019
2019,5,ヘアスプレー,受入,kg,12441.0,2019
2019,6,ヘアスプレー,受入,kg,14170.0,2019
2019,7,ヘアスプレー,受入,kg,6539.0,2019
2019,8,ヘアスプレー,受入,kg,11567.0,2019
2019,9,ヘアスプレー,受入,kg,4018.0,2019
2019,10,ヘアスプレー,受入,kg,5885.0,2019
2019,11,ヘアスプレー,受入,kg,3573.0,2019
2019,12,ヘアスプレー,受入,kg,7017.0,2019
2020,0,ヘアスプレー,受入,kg,49431.0,2023
2020,1,ヘアスプレー,受入,kg,48.0,2020
2020,2,ヘアスプレー,受入,kg,1697.0,2020
2020,3,ヘアスプレー,受入,kg,6238.0,2020
2020,4,ヘアスプレー,受入,kg,6395.0,2020
2020,5,ヘアスプレー,受入,kg,2653.0,2020
2020,6,ヘアスプレー,受入,kg,908.0,2020
2020,7,ヘアスプレー,受入,kg,19742.0,2020
2020,8,ヘアスプレー,受入,kg,15.0,2020
2020,9,ヘアスプレー,受入,kg,4182.0,2020
2020,10,ヘアスプレー,受入,kg,2640.0,2020
2020,11,ヘアスプレー,受入,kg,364.0,2020
2020,12,ヘアスプレー,受入,kg,4549.0,2020
2021,0,ヘアスプレー,受入,kg,30699.0,2023
2021,1,ヘアスプレー,受入,kg,34.0,2021
2021,2,ヘアスプレー,受入,kg,743.0,2021
2021,3,ヘアスプレー,受入,kg,1532.0,2021
2021,4,ヘアスプレー,受入,kg,11445.0,2021
2021,5,ヘアスプレー,受入,kg,4468.0,2021
2021,6,ヘアスプレー,受入,kg,7030.0,2021
2021,7,ヘアスプレー,受入,kg,2174.0,2021
2021,8,ヘアスプレー,受入,kg,2011.0,2021
2021,9,ヘアスプレー,受入,kg,281.0,2021
2021,10,ヘアスプレー,受入,kg,425.0,2021
2021,11,ヘアスプレー,受入,kg,280.0,2021
2021,12,ヘアスプレー,受入,kg,276.0,2021
2022,0,ヘアスプレー,受入,kg,30901.0,2023
2022,1,ヘアスプレー,受入,kg,4257.0,2022
2022,2,ヘアスプレー,受入,kg,3359.0,2022
2022,3,ヘアスプレー,受入,kg,2839.0,2022
2022,4,ヘアスプレー,受入,kg,5123.0,2022
2022,5,ヘアスプレー,受入,kg,982.0,2022
2022,6,ヘアスプレー,受入,kg,4528.0,2022
2022,7,ヘアスプレー,受入,kg,1142.0,2022
2022,8,ヘアスプレー,受入,kg,1486.0,2022
2022,9,ヘアスプレー,受入,kg,272.0,2022
2022,10,ヘアスプレー,受入,kg,1082.0,2022
2022,11,ヘアスプレー,受入,kg,1834.0,2022
2022,12,ヘアスプレー,受入,kg,3997.0,2022
2023,0,ヘアスプレー,受入,kg,40582.0,2023
2023,1,ヘアスプレー,受入,kg,141.0,2023
2023,2,ヘアスプレー,受入,kg,6924.0,2023
2023,3,ヘアスプレー,受入,kg,3499.0,2023
2023,4,ヘアスプレー,受入,kg,3868.0,2023
2023,5,ヘアスプレー,受入,kg,4127.0,2023
2023,6,ヘアスプレー,受入,kg,735.0,2023
2023,7,ヘアスプレー,受入,kg,5266.0,2023
2023,8,ヘアスプレー,受入,kg,5403.0,2023
2023,9,ヘアスプレー,受入,kg,319.0,2023
2023,10,ヘアスプレー,受入,kg,6321.0,2023
2023,11,ヘアスプレー,受入,kg,3759.0,2023
2023,12,ヘアスプレー,受入,kg,220.0,2023
2024,1,ヘアスプレー,受入,kg,164.0,2024
2024,2,ヘアスプレー,受入,kg,5976.0,2024
2024,3,ヘアスプレー,受入,kg,3617.0,2024
2024,4,ヘアスプレー,受入,kg,4324.0,2024
2024,5,ヘアスプレー,受入,kg,972.0,2024
2024,6,ヘアスプレー,受入,kg,2999.0,2024
2024,7,ヘアスプレー,受入,kg,186.0,2024
2024,8,ヘアスプレー,受入,kg,5033.0,2024
2024,9,ヘアスプレー,受入,kg,151.0,2024
2024,10,ヘアスプレー,受入,kg,6087.0,2024
2024,11,ヘアスプレー,受入,kg,615.0,2024
2024,12,ヘアスプレー,受入,kg,75.0,2024
2015,0,ヘアスプレー,月末在庫,kg,1332555.0,2019
2016,0,ヘアスプレー,月末在庫,kg,1497813.0,2020
2017,0,ヘアスプレー,月末在庫,kg,1585512.0,2021
2018,0,ヘアスプレー,月末在庫,kg,1503036.0,2022
2019,0,ヘアスプレー,月末在庫,kg,1694488.0,2023
2019,1,ヘアスプレー,月末在庫,kg,1650560.0,2019
2019,2,ヘアスプレー,月末在庫,kg,1667882.0,2019
2019,3,ヘアスプレー,月末在庫,kg,1590185.0,2019
2019,4,ヘアスプレー,月末在庫,kg,1717806.0,2019
2019,5,ヘアスプレー,月末在庫,kg,1592385.0,2019
2019,6,ヘアスプレー,月末在庫,kg,1724006.0,2019
2019,7,ヘアスプレー,月末在庫,kg,1931031.0,2019
2019,8,ヘアスプレー,月末在庫,kg,1936994.0,2019
2019,9,ヘアスプレー,月末在庫,kg,2022309.0,2019
2019,10,ヘアスプレー,月末在庫,kg,1852801.0,2019
2019,11,ヘアスプレー,月末在庫,kg,1816670.0,2019
2019,12,ヘアスプレー,月末在庫,kg,1694488.0,2019
2020,0,ヘアスプレー,月末在庫,kg,1279497.0,2023
2020,1,ヘアスプレー,月末在庫,kg,2076031.0,2020
2020,2,ヘアスプレー,月末在庫,kg,1815856.0,2020
2020,3,ヘアスプレー,月末在庫,kg,1785973.0,2020
2020,4,ヘアスプレー,月末在庫,kg,2041401.0,2020
2020,5,ヘアスプレー,月末在庫,kg,2166956.0,2020
2020,6,ヘアスプレー,月末在庫,kg,1938967.0,2020
2020,7,ヘアスプレー,月末在庫,kg,1772554.0,2020
2020,8,ヘアスプレー,月末在庫,kg,1710524.0,2020
2020,9,ヘアスプレー,月末在庫,kg,1597512.0,2020
2020,10,ヘアスプレー,月末在庫,kg,1463101.0,2020
2020,11,ヘアスプレー,月末在庫,kg,1404332.0,2020
2020,12,ヘアスプレー,月末在庫,kg,1252182.0,2020
2021,0,ヘアスプレー,月末在庫,kg,1220496.0,2023
2021,1,ヘアスプレー,月末在庫,kg,1440275.0,2021
2021,2,ヘアスプレー,月末在庫,kg,1555848.0,2021
2021,3,ヘアスプレー,月末在庫,kg,1461143.0,2021
2021,4,ヘアスプレー,月末在庫,kg,1520125.0,2021
2021,5,ヘアスプレー,月末在庫,kg,1503095.0,2021
2021,6,ヘアスプレー,月末在庫,kg,1504595.0,2021
2021,7,ヘアスプレー,月末在庫,kg,1815975.0,2021
2021,8,ヘアスプレー,月末在庫,kg,1609330.0,2021
2021,9,ヘアスプレー,月末在庫,kg,1675694.0,2021
2021,10,ヘアスプレー,月末在庫,kg,1651469.0,2021
2021,11,ヘアスプレー,月末在庫,kg,1512005.0,2021
2021,12,ヘアスプレー,月末在庫,kg,1159113.0,2021
2022,0,ヘアスプレー,月末在庫,kg,1736150.0,2023
2022,1,ヘアスプレー,月末在庫,kg,1296938.0,2022
2022,2,ヘアスプレー,月末在庫,kg,1377033.0,2022
2022,3,ヘアスプレー,月末在庫,kg,1411333.0,2022
2022,4,ヘアスプレー,月末在庫,kg,1487283.0,2022
2022,5,ヘアスプレー,月末在庫,kg,1377091.0,2022
2022,6,ヘアスプレー,月末在庫,kg,1285128.0,2022
2022,7,ヘアスプレー,月末在庫,kg,1449409.0,2022
2022,8,ヘアスプレー,月末在庫,kg,1686707.0,2022
2022,9,ヘアスプレー,月末在庫,kg,1763356.0,2022
2022,10,ヘアスプレー,月末在庫,kg,1965985.0,2022
2022,11,ヘアスプレー,月末在庫,kg,1955999.0,2022
2022,12,ヘアスプレー,月末在庫,kg,1736150.0,2022
2023,0,ヘアスプレー,月末在庫,kg,1893619.0,2023
2023,1,ヘアスプレー,月末在庫,kg,1914280.0,2023
2023,2,ヘアスプレー,月末在庫,kg,1939693.0,2023
2023,3,ヘアスプレー,月末在庫,kg,2020850.0,2023
2023,4,ヘアスプレー,月末在庫,kg,2020586.0,2023
2023,5,ヘアスプレー,月末在庫,kg,1927962.0,2023
2023,6,ヘアスプレー,月末在庫,kg,1812403.0,2023
2023,7,ヘアスプレー,月末在庫,kg,1996325.0,2023
2023,8,ヘアスプレー,月末在庫,kg,2100934.0,2023
2023,9,ヘアスプレー,月末在庫,kg,2185009.0,2023
2023,10,ヘアスプレー,月末在庫,kg,2244143.0,2023
2023,11,ヘアスプレー,月末在庫,kg,2176674.0,2023
2023,12,ヘアスプレー,月末在庫,kg,1893619.0,2023
2024,1,ヘアスプレー,月末在庫,kg,1957598.0,2024
2024,2,ヘアスプレー,月末在庫,kg,2031736.0,2024
2024,3,ヘアスプレー,月末在庫,kg,1950676.0,2024
2024,4,ヘアスプレー,月末在庫,kg,1952299.0,2024
2024,5,ヘアスプレー,月末在庫,kg,1998430.0,2024
2024,6,ヘアスプレー,月末在庫,kg,1975806.0,2024
2024,7,ヘアスプレー,月末在庫,kg,2016335.0,2024
2024,8,ヘアスプレー,月末在庫,kg,2059405.0,2024
2024,9,ヘアスプレー,月末在庫,kg,2192274.0,2024
2024,10,ヘアスプレー,月末在庫,kg,2219348.0,2024
2024,11,ヘアスプレー,月末在庫,kg,2287859.0,2024
2024,12,ヘアスプレー,月末在庫,kg,2090334.0,2024
2015,0,ヘアスプレー,生産,kg,10885295.0,2019
2016,0,ヘアスプレー,生産,kg,11130726.0,2020
2017,0,ヘアスプレー,生産,kg,10558146.0,2021
2018,0,ヘアスプレー,生産,kg,10081337.0,2022
2019,0,ヘアスプレー,生産,kg,10215447.0,2023
2019,1,ヘアスプレー,生産,kg,703611.0,2019
2019,2,ヘアスプレー,生産,kg,830974.0,2019
2019,3,ヘアスプレー,生産,kg,796533.0,2019
2019,4,ヘアスプレー,生産,kg,1041384.0,2019
2019,5,ヘアスプレー,生産,kg,734285.0,2019
2019,6,ヘアスプレー,生産,kg,918920.0,2019
2019,7,ヘアスプレー,生産,kg,984569.0,2019
2019,8,ヘアスプレー,生産,kg,793958.0,2019
2019,9,ヘアスプレー,生産,kg,1031420.0,2019
2019,10,ヘアスプレー,生産,kg,827619.0,2019
2019,11,ヘアスプレー,生産,kg,778173.0,2019
2019,12,ヘアスプレー,生産,kg,774001.0,2019
2020,0,ヘアスプレー,生産,kg,7625495.0,2023
2020,1,ヘアスプレー,生産,kg,961318.0,2020
2020,2,ヘアスプレー,生産,kg,498650.0,2020
2020,3,ヘアスプレー,生産,kg,805833.0,2020
2020,4,ヘアスプレー,生産,kg,979132.0,2020
2020,5,ヘアスプレー,生産,kg,676475.0,2020
2020,6,ヘアスプレー,生産,kg,421146.0,2020
2020,7,ヘアスプレー,生産,kg,458793.0,2020
2020,8,ヘアスプレー,生産,kg,497749.0,2020
2020,9,ヘアスプレー,生産,kg,586558.0,2020
2020,10,ヘアスプレー,生産,kg,466590.0,2020
2020,11,ヘアスプレー,生産,kg,618517.0,2020
2020,12,ヘアスプレー,生産,kg,618414.0,2020
2021,0,ヘアスプレー,生産,kg,7692834.0,2023
2021,1,ヘアスプレー,生産,kg,592196.0,2021
2021,2,ヘアスプレー,生産,kg,622682.0,2021
2021,3,ヘアスプレー,生産,kg,579419.0,2021
2021,4,ヘアスプレー,生産,kg,684579.0,2021
2021,5,ヘアスプレー,生産,kg,604421.0,2021
2021,6,ヘアスプレー,生産,kg,717915.0,2021
2021,7,ヘアスプレー,生産,kg,981138.0,2021
2021,8,ヘアスプレー,生産,kg,354550.0,2021
2021,9,ヘアスプレー,生産,kg,639502.0,2021
2021,10,ヘアスプレー,生産,kg,535757.0,2021
2021,11,ヘアスプレー,生産,kg,551378.0,2021
2021,12,ヘアスプレー,生産,kg,420061.0,2021
2022,0,ヘアスプレー,生産,kg,8986892.0,2023
2022,1,ヘアスプレー,生産,kg,540104.0,2022
2022,2,ヘアスプレー,生産,kg,602249.0,2022
2022,3,ヘアスプレー,生産,kg,700410.0,2022
2022,4,ヘアスプレー,生産,kg,762589.0,2022
2022,5,ヘアスプレー,生産,kg,590914.0,2022
2022,6,ヘアスプレー,生産,kg,720254.0,2022
2022,7,ヘアスプレー,生産,kg,937870.0,2022
2022,8,ヘアスプレー,生産,kg,945347.0,2022
2022,9,ヘアスプレー,生産,kg,739686.0,2022
2022,10,ヘアスプレー,生産,kg,962531.0,2022
2022,11,ヘアスプレー,生産,kg,796310.0,2022
2022,12,ヘアスプレー,生産,kg,688628.0,2022
2023,0,ヘアスプレー,生産,kg,8976574.0,2023
2023,1,ヘアスプレー,生産,kg,711207.0,2023
2023,2,ヘアスプレー,生産,kg,636420.0,2023
2023,3,ヘアスプレー,生産,kg,810465.0,2023
2023,4,ヘアスプレー,生産,kg,732176.0,2023
2023,5,ヘアスプレー,生産,kg,717153.0,2023
2023,6,ヘアスプレー,生産,kg,698970.0,2023
2023,7,ヘアスプレー,生産,kg,890621.0,2023
2023,8,ヘアスプレー,生産,kg,828636.0,2023
2023,9,ヘアスプレー,生産,kg,815746.0,2023
2023,10,ヘアスプレー,生産,kg,812577.0,2023
2023,11,ヘアスプレー,生産,kg,778506.0,2023
2023,12,ヘアスプレー,生産,kg,544097.0,2023
2024,1,ヘアスプレー,生産,kg,589460.0,2024
2024,2,ヘアスプレー,生産,kg,686208.0,2024
2024,3,ヘアスプレー,生産,kg,663927.0,2024
2024,4,ヘアスプレー,生産,kg,798140.0,2024
2024,5,ヘアスプレー,生産,kg,793576.0,2024
2024,6,ヘアスプレー,生産,kg,745505.0,2024
2024,7,ヘアスプレー,生産,kg,875516.0,2024
2024,8,ヘアスプレー,生産,kg,737855.0,2024
2024,9,ヘアスプレー,生産,kg,829895.0,2024
2024,10,ヘアスプレー,生産,kg,845633.0,2024
2024,11,ヘアスプレー,生産,kg,934883.0,2024
2024,12,ヘアスプレー,生産,kg,623553.0,2024
2015,0,ヘアスプレー,販売個数,十個,5856540.0,2019
2016,0,ヘアスプレー,販売個数,十個,5991497.0,2020
2017,0,ヘアスプレー,販売個数,十個,5624216.0,2021
2018,0,ヘアスプレー,販売個数,十個,5488551.0,2022
2019,0,ヘアスプレー,販売個数,十個,5356234.0,2023
2019,1,ヘアスプレー,販売個数,十個,307480.0,2019
2019,2,ヘアスプレー,販売個数,十個,391914.0,2019
2019,3,ヘアスプレー,販売個数,十個,508650.0,2019
2019,4,ヘアスプレー,販売個数,十個,434140.0,2019
2019,5,ヘアスプレー,販売個数,十個,476175.0,2019
2019,6,ヘアスプレー,販売個数,十個,473816.0,2019
2019,7,ヘアスプレー,販売個数,十個,450260.0,2019
2019,8,ヘアスプレー,販売個数,十個,462589.0,2019
2019,9,ヘアスプレー,販売個数,十個,486641.0,2019
2019,10,ヘアスプレー,販売個数,十個,466136.0,2019
2019,11,ヘアスプレー,販売個数,十個,444824.0,2019
2019,12,ヘアスプレー,販売個数,十個,453609.0,2019
2020,0,ヘアスプレー,販売個数,十個,4402556.0,2023
2020,1,ヘアスプレー,販売個数,十個,293147.0,2020
2020,2,ヘアスプレー,販売個数,十個,403611.0,2020
2020,3,ヘアスプレー,販売個数,十個,429885.0,2020
2020,4,ヘアスプレー,販売個数,十個,317747.0,2020
2020,5,ヘアスプレー,販売個数,十個,279761.0,2020
2020,6,ヘアスプレー,販売個数,十個,375748.0,2020
2020,7,ヘアスプレー,販売個数,十個,384186.0,2020
2020,8,ヘアスプレー,販売個数,十個,318010.0,2020
2020,9,ヘアスプレー,販売個数,十個,401798.0,2020
2020,10,ヘアスプレー,販売個数,十個,345686.0,2020
2020,11,ヘアスプレー,販売個数,十個,398534.0,2020
2020,12,ヘアスプレー,販売個数,十個,431522.0,2020
2021,0,ヘアスプレー,販売個数,十個,4461254.0,2023
2021,1,ヘアスプレー,販売個数,十個,236036.0,2021
2021,2,ヘアスプレー,販売個数,十個,291930.0,2021
2021,3,ヘアスプレー,販売個数,十個,401879.0,2021
2021,4,ヘアスプレー,販売個数,十個,363747.0,2021
2021,5,ヘアスプレー,販売個数,十個,345892.0,2021
2021,6,ヘアスプレー,販売個数,十個,418475.0,2021
2021,7,ヘアスプレー,販売個数,十個,365597.0,2021
2021,8,ヘアスプレー,販売個数,十個,327869.0,2021
2021,9,ヘアスプレー,販売個数,十個,330813.0,2021
2021,10,ヘアスプレー,販売個数,十個,331130.0,2021
2021,11,ヘアスプレー,販売個数,十個,412487.0,2021
2021,12,ヘアスプレー,販売個数,十個,458713.0,2021
2022,0,ヘアスプレー,販売個数,十個,4881276.0,2023
2022,1,ヘアスプレー,販売個数,十個,284705.0,2022
2022,2,ヘアスプレー,販売個数,十個,308806.0,2022
2022,3,ヘアスプレー,販売個数,十個,398553.0,2022
2022,4,ヘアスプレー,販売個数,十個,400752.0,2022
2022,5,ヘアスプレー,販売個数,十個,413902.0,2022
2022,6,ヘアスプレー,販売個数,十個,472667.0,2022
2022,7,ヘアスプレー,販売個数,十個,421320.0,2022
2022,8,ヘアスプレー,販売個数,十個,392605.0,2022
2022,9,ヘアスプレー,販売個数,十個,378769.0,2022
2022,10,ヘアスプレー,販売個数,十個,435169.0,2022
2022,11,ヘアスプレー,販売個数,十個,470379.0,2022
2022,12,ヘアスプレー,販売個数,十個,503649.0,2022
2023,0,ヘアスプレー,販売個数,十個,5156812.0,2023
2023,1,ヘアスプレー,販売個数,十個,305461.0,2023
2023,2,ヘアスプレー,販売個数,十個,362228.0,2023
2023,3,ヘアスプレー,販売個数,十個,440951.0,2023
2023,4,ヘアスプレー,販売個数,十個,420130.0,2023
2023,5,ヘアスプレー,販売個数,十個,456172.0,2023
2023,6,ヘアスプレー,販売個数,十個,483047.0,2023
2023,7,ヘアスプレー,販売個数,十個,416914.0,2023
2023,8,ヘアスプレー,販売個数,十個,436611.0,2023
2023,9,ヘアスプレー,販売個数,十個,433084.0,2023
2023,10,ヘアスプレー,販売個数,十個,438434.0,2023
2023,11,ヘアスプレー,販売個数,十個,492391.0,2023
2023,12,ヘアスプレー,販売個数,十個,471389.0,2023
2024,1,ヘアスプレー,販売個数,十個,315200.0,2024
2024,2,ヘアスプレー,販売個数,十個,372150.0,2024
2024,3,ヘアスプレー,販売個数,十個,495802.0,2024
2024,4,ヘアスプレー,販売個数,十個,464954.0,2024
2024,5,ヘアスプレー,販売個数,十個,459098.0,2024
2024,6,ヘアスプレー,販売個数,十個,466894.0,2024
2024,7,ヘアスプレー,販売個数,十個,500468.0,2024
2024,8,ヘアスプレー,販売個数,十個,404329.0,2024
2024,9,ヘアスプレー,販売個数,十個,416497.0,2024
2024,10,ヘアスプレー,販売個数,十個,465856.0,2024
2024,11,ヘアスプレー,販売個数,十個,506771.0,2024
2024,12,ヘアスプレー,販売個数,十個,486026.0,2024
2015,0,ヘアスプレー,販売数量,kg,9579680.0,2019
2016,0,ヘアスプレー,販売数量,kg,9480874.0,2020
2017,0,ヘアスプレー,販売数量,kg,9028603.0,2021
2018,0,ヘアスプレー,販売数量,kg,8773369.0,2022
2019,0,ヘアスプレー,販売数量,kg,8721804.0,2023
2019,1,ヘアスプレー,販売数量,kg,470019.0,2019
2019,2,ヘアスプレー,販売数量,kg,613149.0,2019
2019,3,ヘアスプレー,販売数量,kg,766046.0,2019
2019,4,ヘアスプレー,販売数量,kg,718190.0,2019
2019,5,ヘアスプレー,販売数量,kg,804305.0,2019
2019,6,ヘアスプレー,販売数量,kg,734745.0,2019
2019,7,ヘアスプレー,販売数量,kg,739511.0,2019
2019,8,ヘアスプレー,販売数量,kg,755507.0,2019
2019,9,ヘアスプレー,販売数量,kg,783336.0,2019
2019,10,ヘアスプレー,販売数量,kg,796067.0,2019
2019,11,ヘアスプレー,販売数量,kg,749430.0,2019
2019,12,ヘアスプレー,販売数量,kg,791499.0,2019
2020,0,ヘアスプレー,販売数量,kg,7445334.0,2023
2020,1,ヘアスプレー,販売数量,kg,467886.0,2020
2020,2,ヘアスプレー,販売数量,kg,663054.0,2020
2020,3,ヘアスプレー,販売数量,kg,695182.0,2020
2020,4,ヘアスプレー,販売数量,kg,575444.0,2020
2020,5,ヘアスプレー,販売数量,kg,485911.0,2020
2020,6,ヘアスプレー,販売数量,kg,629955.0,2020
2020,7,ヘアスプレー,販売数量,kg,622488.0,2020
2020,8,ヘアスプレー,販売数量,kg,551358.0,2020
2020,9,ヘアスプレー,販売数量,kg,690026.0,2020
2020,10,ヘアスプレー,販売数量,kg,589812.0,2020
2020,11,ヘアスプレー,販売数量,kg,658694.0,2020
2020,12,ヘアスプレー,販売数量,kg,746756.0,2020
2021,0,ヘアスプレー,販売数量,kg,7632843.0,2023
2021,1,ヘアスプレー,販売数量,kg,385696.0,2021
2021,2,ヘアスプレー,販売数量,kg,495675.0,2021
2021,3,ヘアスプレー,販売数量,kg,659511.0,2021
2021,4,ヘアスプレー,販売数量,kg,607191.0,2021
2021,5,ヘアスプレー,販売数量,kg,605615.0,2021
2021,6,ヘアスプレー,販売数量,kg,695493.0,2021
2021,7,ヘアスプレー,販売数量,kg,604567.0,2021
2021,8,ヘアスプレー,販売数量,kg,559740.0,2021
2021,9,ヘアスプレー,販売数量,kg,546562.0,2021
2021,10,ヘアスプレー,販売数量,kg,555441.0,2021
2021,11,ヘアスプレー,販売数量,kg,666961.0,2021
2021,12,ヘアスプレー,販売数量,kg,766879.0,2021
2022,0,ヘアスプレー,販売数量,kg,8393151.0,2023
2022,1,ヘアスプレー,販売数量,kg,460381.0,2022
2022,2,ヘアスプレー,販売数量,kg,521889.0,2022
2022,3,ヘアスプレー,販売数量,kg,660707.0,2022
2022,4,ヘアスプレー,販売数量,kg,688312.0,2022
2022,5,ヘアスプレー,販売数量,kg,692457.0,2022
2022,6,ヘアスプレー,販売数量,kg,808114.0,2022
2022,7,ヘアスプレー,販売数量,kg,748614.0,2022
2022,8,ヘアスプレー,販売数量,kg,697450.0,2022
2022,9,ヘアスプレー,販売数量,kg,660015.0,2022
2022,10,ヘアスプレー,販売数量,kg,755841.0,2022
2022,11,ヘアスプレー,販売数量,kg,794995.0,2022
2022,12,ヘアスプレー,販売数量,kg,904376.0,2022
2023,0,ヘアスプレー,販売数量,kg,8696774.0,2023
2023,1,ヘアスプレー,販売数量,kg,524979.0,2023
2023,2,ヘアスプレー,販売数量,kg,612689.0,2023
2023,3,ヘアスプレー,販売数量,kg,725746.0,2023
2023,4,ヘアスプレー,販売数量,kg,699914.0,2023
2023,5,ヘアスプレー,販売数量,kg,760184.0,2023
2023,6,ヘアスプレー,販売数量,kg,804710.0,2023
2023,7,ヘアスプレー,販売数量,kg,706106.0,2023
2023,8,ヘアスプレー,販売数量,kg,725351.0,2023
2023,9,ヘアスプレー,販売数量,kg,725733.0,2023
2023,10,ヘアスプレー,販売数量,kg,754456.0,2023
2023,11,ヘアスプレー,販売数量,kg,840473.0,2023
2023,12,ヘアスプレー,販売数量,kg,816433.0,2023
2024,1,ヘアスプレー,販売数量,kg,521800.0,2024
2024,2,ヘアスプレー,販売数量,kg,610649.0,2024
2024,3,ヘアスプレー,販売数量,kg,742672.0,2024
2024,4,ヘアスプレー,販売数量,kg,792334.0,2024
2024,5,ヘアスプレー,販売数量,kg,745151.0,2024
2024,6,ヘアスプレー,販売数量,kg,764754.0,2024
2024,7,ヘアスプレー,販売数量,kg,831969.0,2024
2024,8,ヘアスプレー,販売数量,kg,690941.0,2024
2024,9,ヘアスプレー,販売数量,kg,694534.0,2024
2024,10,ヘアスプレー,販売数量,kg,809183.0,2024
2024,11,ヘアスプレー,販売数量,kg,861992.0,2024
2024,12,ヘアスプレー,販売数量,kg,814043.0,2024
2015,0,ヘアスプレー,販売金額,千円,22642893.0,2019
2016,0,ヘアスプレー,販売金額,千円,23236390.0,2020
2017,0,ヘアスプレー,販売金額,千円,21497909.0,2021
2018,0,ヘアスプレー,販売金額,千円,21601975.0,2022
2019,0,ヘアスプレー,販売金額,千円,21265898.0,2023
2019,1,ヘアスプレー,販売金額,千円,1165545.0,2019
2019,2,ヘアスプレー,販売金額,千円,1508198.0,2019
2019,3,ヘアスプレー,販売金額,千円,2071441.0,2019
2019,4,ヘアスプレー,販売金額,千円,1733903.0,2019
2019,5,ヘアスプレー,販売金額,千円,1820315.0,2019
2019,6,ヘアスプレー,販売金額,千円,1876068.0,2019
2019,7,ヘアスプレー,販売金額,千円,1759427.0,2019
2019,8,ヘアスプレー,販売金額,千円,1752069.0,2019
2019,9,ヘアスプレー,販売金額,千円,1969194.0,2019
2019,10,ヘアスプレー,販売金額,千円,1839959.0,2019
2019,11,ヘアスプレー,販売金額,千円,1761027.0,2019
2019,12,ヘアスプレー,販売金額,千円,2008752.0,2019
2020,0,ヘアスプレー,販売金額,千円,17772216.0,2023
2020,1,ヘアスプレー,販売金額,千円,1141871.0,2020
2020,2,ヘアスプレー,販売金額,千円,1547977.0,2020
2020,3,ヘアスプレー,販売金額,千円,1897809.0,2020
2020,4,ヘアスプレー,販売金額,千円,1246756.0,2020
2020,5,ヘアスプレー,販売金額,千円,1085548.0,2020
2020,6,ヘアスプレー,販売金額,千円,1487455.0,2020
2020,7,ヘアスプレー,販売金額,千円,1625131.0,2020
2020,8,ヘアスプレー,販売金額,千円,1293071.0,2020
2020,9,ヘアスプレー,販売金額,千円,1613932.0,2020
2020,10,ヘアスプレー,販売金額,千円,1414529.0,2020
2020,11,ヘアスプレー,販売金額,千円,1536635.0,2020
2020,12,ヘアスプレー,販売金額,千円,1763028.0,2020
2021,0,ヘアスプレー,販売金額,千円,18226954.0,2023
2021,1,ヘアスプレー,販売金額,千円,1012532.0,2021
2021,2,ヘアスプレー,販売金額,千円,1160530.0,2021
2021,3,ヘアスプレー,販売金額,千円,1772888.0,2021
2021,4,ヘアスプレー,販売金額,千円,1468167.0,2021
2021,5,ヘアスプレー,販売金額,千円,1368141.0,2021
2021,6,ヘアスプレー,販売金額,千円,1640173.0,2021
2021,7,ヘアスプレー,販売金額,千円,1444114.0,2021
2021,8,ヘアスプレー,販売金額,千円,1353343.0,2021
2021,9,ヘアスプレー,販売金額,千円,1307190.0,2021
2021,10,ヘアスプレー,販売金額,千円,1376480.0,2021
2021,11,ヘアスプレー,販売金額,千円,1610732.0,2021
2021,12,ヘアスプレー,販売金額,千円,1834298.0,2021
2022,0,ヘアスプレー,販売金額,千円,19583833.0,2023
2022,1,ヘアスプレー,販売金額,千円,1137132.0,2022
2022,2,ヘアスプレー,販売金額,千円,1239815.0,2022
2022,3,ヘアスプレー,販売金額,千円,1631483.0,2022
2022,4,ヘアスプレー,販売金額,千円,1618771.0,2022
2022,5,ヘアスプレー,販売金額,千円,1556578.0,2022
2022,6,ヘアスプレー,販売金額,千円,1849338.0,2022
2022,7,ヘアスプレー,販売金額,千円,1778301.0,2022
2022,8,ヘアスプレー,販売金額,千円,1621383.0,2022
2022,9,ヘアスプレー,販売金額,千円,1555038.0,2022
2022,10,ヘアスプレー,販売金額,千円,1744133.0,2022
2022,11,ヘアスプレー,販売金額,千円,1818351.0,2022
2022,12,ヘアスプレー,販売金額,千円,2033510.0,2022
2023,0,ヘアスプレー,販売金額,千円,20418632.0,2023
2023,1,ヘアスプレー,販売金額,千円,1215164.0,2023
2023,2,ヘアスプレー,販売金額,千円,1419346.0,2023
2023,3,ヘアスプレー,販売金額,千円,1723776.0,2023
2023,4,ヘアスプレー,販売金額,千円,1696764.0,2023
2023,5,ヘアスプレー,販売金額,千円,1756637.0,2023
2023,6,ヘアスプレー,販売金額,千円,1859595.0,2023
2023,7,ヘアスプレー,販売金額,千円,1695939.0,2023
2023,8,ヘアスプレー,販売金額,千円,1720197.0,2023
2023,9,ヘアスプレー,販売金額,千円,1702478.0,2023
2023,10,ヘアスプレー,販売金額,千円,1764953.0,2023
2023,11,ヘアスプレー,販売金額,千円,1926525.0,2023
2023,12,ヘアスプレー,販売金額,千円,1937258.0,2023
2024,1,ヘアスプレー,販売金額,千円,1261984.0,2024
2024,2,ヘアスプレー,販売金額,千円,1468639.0,2024
2024,3,ヘアスプレー,販売金額,千円,1808850.0,2024
2024,4,ヘアスプレー,販売金額,千円,1925550.0,2024
2024,5,ヘアスプレー,販売金額,千円,1787656.0,2024
2024,6,ヘアスプレー,販売金額,千円,1808186.0,2024
2024,7,ヘアスプレー,販売金額,千円,2030169.0,2024
2024,8,ヘアスプレー,販売金額,千円,1642648.0,2024
2024,9,ヘアスプレー,販売金額,千円,1678592.0,2024
2024,10,ヘアスプレー,販売金額,千円,1911947.0,2024
2024,11,ヘアスプレー,販売金額,千円,2049339.0,2024
2024,12,ヘアスプレー,販売金額,千円,1977005.0,2024
2015,0,ヘアトニック,出荷その他,kg,437165.0,2019
2016,0,ヘアトニック,出荷その他,kg,229029.0,2020
2017,0,ヘアトニック,出荷その他,kg,245217.0,2021
2018,0,ヘアトニック,出荷その他,kg,291814.0,2022
2019,0,ヘアトニック,出荷その他,kg,144358.0,2023
2019,1,ヘアトニック,出荷その他,kg,24491.0,2019
2019,2,ヘアトニック,出荷その他,kg,6016.0,2019
2019,3,ヘアトニック,出荷その他,kg,5939.0,2019
2019,4,ヘアトニック,出荷その他,kg,19018.0,2019
2019,5,ヘアトニック,出荷その他,kg,19781.0,2019
2019,6,ヘアトニック,出荷その他,kg,7798.0,2019
2019,7,ヘアトニック,出荷その他,kg,10483.0,2019
2019,8,ヘアトニック,出荷その他,kg,6708.0,2019
2019,9,ヘアトニック,出荷その他,kg,14424.0,2019
2019,10,ヘアトニック,出荷その他,kg,17820.0,2019
2019,11,ヘアトニック,出荷その他,kg,4921.0,2019
2019,12,ヘアトニック,出荷その他,kg,6959.0,2019
2020,0,ヘアトニック,出荷その他,kg,150038.0,2023
2020,1,ヘアトニック,出荷その他,kg,7262.0,2020
2020,2,ヘアトニック,出荷その他,kg,41972.0,2020
2020,3,ヘアトニック,出荷その他,kg,2763.0,2020
2020,4,ヘアトニック,出荷その他,kg,5936.0,2020
2020,5,ヘアトニック,出荷その他,kg,29808.0,2020
2020,6,ヘアトニック,出荷その他,kg,3408.0,2020
2020,7,ヘアトニック,出荷その他,kg,3530.0,2020
2020,8,ヘアトニック,出荷その他,kg,10805.0,2020
2020,9,ヘアトニック,出荷その他,kg,6966.0,2020
2020,10,ヘアトニック,出荷その他,kg,20326.0,2020
2020,11,ヘアトニック,出荷その他,kg,13081.0,2020
2020,12,ヘアトニック,出荷その他,kg,3881.0,2020
2021,0,ヘアトニック,出荷その他,kg,122883.0,2023
2021,1,ヘアトニック,出荷その他,kg,31079.0,2021
2021,2,ヘアトニック,出荷その他,kg,5649.0,2021
2021,3,ヘアトニック,出荷その他,kg,5732.0,2021
2021,4,ヘアトニック,出荷その他,kg,7490.0,2021
2021,5,ヘアトニック,出荷その他,kg,22159.0,2021
2021,6,ヘアトニック,出荷その他,kg,6424.0,2021
2021,7,ヘアトニック,出荷その他,kg,16931.0,2021
2021,8,ヘアトニック,出荷その他,kg,5313.0,2021
2021,9,ヘアトニック,出荷その他,kg,5030.0,2021
2021,10,ヘアトニック,出荷その他,kg,3559.0,2021
2021,11,ヘアトニック,出荷その他,kg,10321.0,2021
2021,12,ヘアトニック,出荷その他,kg,3313.0,2021
2022,0,ヘアトニック,出荷その他,kg,117072.0,2023
2022,1,ヘアトニック,出荷その他,kg,3906.0,2022
2022,2,ヘアトニック,出荷その他,kg,6733.0,2022
2022,3,ヘアトニック,出荷その他,kg,7052.0,2022
2022,4,ヘアトニック,出荷その他,kg,3694.0,2022
2022,5,ヘアトニック,出荷その他,kg,8272.0,2022
2022,6,ヘアトニック,出荷その他,kg,6241.0,2022
2022,7,ヘアトニック,出荷その他,kg,49579.0,2022
2022,8,ヘアトニック,出荷その他,kg,3122.0,2022
2022,9,ヘアトニック,出荷その他,kg,18639.0,2022
2022,10,ヘアトニック,出荷その他,kg,2037.0,2022
2022,11,ヘアトニック,出荷その他,kg,2642.0,2022
2022,12,ヘアトニック,出荷その他,kg,5155.0,2022
2023,0,ヘアトニック,出荷その他,kg,11380.0,2023
2023,1,ヘアトニック,出荷その他,kg,320.0,2023
2023,2,ヘアトニック,出荷その他,kg,924.0,2023
2023,3,ヘアトニック,出荷その他,kg,1370.0,2023
2023,4,ヘアトニック,出荷その他,kg,1094.0,2023
2023,5,ヘアトニック,出荷その他,kg,639.0,2023
2023,6,ヘアトニック,出荷その他,kg,894.0,2023
2023,7,ヘアトニック,出荷その他,kg,719.0,2023
2023,8,ヘアトニック,出荷その他,kg,1614.0,2023
2023,9,ヘアトニック,出荷その他,kg,578.0,2023
2023,10,ヘアトニック,出荷その他,kg,573.0,2023
2023,11,ヘアトニック,出荷その他,kg,1258.0,2023
2023,12,ヘアトニック,出荷その他,kg,1397.0,2023
2024,1,ヘアトニック,出荷その他,kg,866.0,2024
2024,2,ヘアトニック,出荷その他,kg,1115.0,2024
2024,3,ヘアトニック,出荷その他,kg,982.0,2024
2024,4,ヘアトニック,出荷その他,kg,481.0,2024
2024,5,ヘアトニック,出荷その他,kg,1287.0,2024
2024,6,ヘアトニック,出荷その他,kg,959.0,2024
2024,7,ヘアトニック,出荷その他,kg,808.0,2024
2024,8,ヘアトニック,出荷その他,kg,1091.0,2024
2024,9,ヘアトニック,出荷その他,kg,850.0,2024
2024,10,ヘアトニック,出荷その他,kg,919.0,2024
2024,11,ヘアトニック,出荷その他,kg,1125.0,2024
2024,12,ヘアトニック,出荷その他,kg,4448.0,2024
2015,0,ヘアトニック,受入,kg,454623.0,2019
2016,0,ヘアトニック,受入,kg,602474.0,2020
2017,0,ヘアトニック,受入,kg,609030.0,2021
2018,0,ヘアトニック,受入,kg,548457.0,2022
2019,0,ヘアトニック,受入,kg,426873.0,2023
2019,1,ヘアトニック,受入,kg,53234.0,2019
2019,2,ヘアトニック,受入,kg,44426.0,2019
2019,3,ヘアトニック,受入,kg,32047.0,2019
2019,4,ヘアトニック,受入,kg,35022.0,2019
2019,5,ヘアトニック,受入,kg,45231.0,2019
2019,6,ヘアトニック,受入,kg,38433.0,2019
2019,7,ヘアトニック,受入,kg,30920.0,2019
2019,8,ヘアトニック,受入,kg,57989.0,2019
2019,9,ヘアトニック,受入,kg,37047.0,2019
2019,10,ヘアトニック,受入,kg,11601.0,2019
2019,11,ヘアトニック,受入,kg,7637.0,2019
2019,12,ヘアトニック,受入,kg,33286.0,2019
2020,0,ヘアトニック,受入,kg,508655.0,2023
2020,1,ヘアトニック,受入,kg,45907.0,2020
2020,2,ヘアトニック,受入,kg,47904.0,2020
2020,3,ヘアトニック,受入,kg,51214.0,2020
2020,4,ヘアトニック,受入,kg,56653.0,2020
2020,5,ヘアトニック,受入,kg,27775.0,2020
2020,6,ヘアトニック,受入,kg,60545.0,2020
2020,7,ヘアトニック,受入,kg,97567.0,2020
2020,8,ヘアトニック,受入,kg,98758.0,2020
2020,9,ヘアトニック,受入,kg,1269.0,2020
2020,10,ヘアトニック,受入,kg,2583.0,2020
2020,11,ヘアトニック,受入,kg,14102.0,2020
2020,12,ヘアトニック,受入,kg,4378.0,2020
2021,0,ヘアトニック,受入,kg,339024.0,2023
2021,1,ヘアトニック,受入,kg,3155.0,2021
2021,2,ヘアトニック,受入,kg,35496.0,2021
2021,3,ヘアトニック,受入,kg,57921.0,2021
2021,4,ヘアトニック,受入,kg,41037.0,2021
2021,5,ヘアトニック,受入,kg,23881.0,2021
2021,6,ヘアトニック,受入,kg,38346.0,2021
2021,7,ヘアトニック,受入,kg,37180.0,2021
2021,8,ヘアトニック,受入,kg,18046.0,2021
2021,9,ヘアトニック,受入,kg,144.0,2021
2021,10,ヘアトニック,受入,kg,31109.0,2021
2021,11,ヘアトニック,受入,kg,35483.0,2021
2021,12,ヘアトニック,受入,kg,17226.0,2021
2022,0,ヘアトニック,受入,kg,467268.0,2023
2022,1,ヘアトニック,受入,kg,43400.0,2022
2022,2,ヘアトニック,受入,kg,24571.0,2022
2022,3,ヘアトニック,受入,kg,57878.0,2022
2022,4,ヘアトニック,受入,kg,27161.0,2022
2022,5,ヘアトニック,受入,kg,50487.0,2022
2022,6,ヘアトニック,受入,kg,16305.0,2022
2022,7,ヘアトニック,受入,kg,67191.0,2022
2022,8,ヘアトニック,受入,kg,47971.0,2022
2022,9,ヘアトニック,受入,kg,48988.0,2022
2022,10,ヘアトニック,受入,kg,38926.0,2022
2022,11,ヘアトニック,受入,kg,24561.0,2022
2022,12,ヘアトニック,受入,kg,19829.0,2022
2023,0,ヘアトニック,受入,kg,300654.0,2023
2023,1,ヘアトニック,受入,kg,65875.0,2023
2023,2,ヘアトニック,受入,kg,23439.0,2023
2023,3,ヘアトニック,受入,kg,37918.0,2023
2023,4,ヘアトニック,受入,kg,37837.0,2023
2023,5,ヘアトニック,受入,kg,8088.0,2023
2023,6,ヘアトニック,受入,kg,585.0,2023
2023,7,ヘアトニック,受入,kg,181.0,2023
2023,8,ヘアトニック,受入,kg,43656.0,2023
2023,9,ヘアトニック,受入,kg,45453.0,2023
2023,10,ヘアトニック,受入,kg,34005.0,2023
2023,11,ヘアトニック,受入,kg,576.0,2023
2023,12,ヘアトニック,受入,kg,3041.0,2023
2024,1,ヘアトニック,受入,kg,458.0,2024
2024,2,ヘアトニック,受入,kg,1469.0,2024
2024,3,ヘアトニック,受入,kg,841.0,2024
2024,4,ヘアトニック,受入,kg,2205.0,2024
2024,5,ヘアトニック,受入,kg,364.0,2024
2024,6,ヘアトニック,受入,kg,1263.0,2024
2024,7,ヘアトニック,受入,kg,855.0,2024
2024,8,ヘアトニック,受入,kg,129.0,2024
2024,9,ヘアトニック,受入,kg,887.0,2024
2024,10,ヘアトニック,受入,kg,2238.0,2024
2024,11,ヘアトニック,受入,kg,410.0,2024
2024,12,ヘアトニック,受入,kg,583.0,2024
2015,0,ヘアトニック,月末在庫,kg,698070.0,2019
2016,0,ヘアトニック,月末在庫,kg,645538.0,2020
2017,0,ヘアトニック,月末在庫,kg,615878.0,2021
2018,0,ヘアトニック,月末在庫,kg,774755.0,2022
2019,0,ヘアトニック,月末在庫,kg,930956.0,2023
2019,1,ヘアトニック,月末在庫,kg,810115.0,2019
2019,2,ヘアトニック,月末在庫,kg,859914.0,2019
2019,3,ヘアトニック,月末在庫,kg,838661.0,2019
2019,4,ヘアトニック,月末在庫,kg,816588.0,2019
2019,5,ヘアトニック,月末在庫,kg,830033.0,2019
2019,6,ヘアトニック,月末在庫,kg,817123.0,2019
2019,7,ヘアトニック,月末在庫,kg,904539.0,2019
2019,8,ヘアトニック,月末在庫,kg,944145.0,2019
2019,9,ヘアトニック,月末在庫,kg,943697.0,2019
2019,10,ヘアトニック,月末在庫,kg,992468.0,2019
2019,11,ヘアトニック,月末在庫,kg,1004077.0,2019
2019,12,ヘアトニック,月末在庫,kg,930956.0,2019
2020,0,ヘアトニック,月末在庫,kg,703732.0,2023
2020,1,ヘアトニック,月末在庫,kg,1040776.0,2020
2020,2,ヘアトニック,月末在庫,kg,1043627.0,2020
2020,3,ヘアトニック,月末在庫,kg,994812.0,2020
2020,4,ヘアトニック,月末在庫,kg,996990.0,2020
2020,5,ヘアトニック,月末在庫,kg,979330.0,2020
2020,6,ヘアトニック,月末在庫,kg,931604.0,2020
2020,7,ヘアトニック,月末在庫,kg,916530.0,2020
2020,8,ヘアトニック,月末在庫,kg,997467.0,2020
2020,9,ヘアトニック,月末在庫,kg,856985.0,2020
2020,10,ヘアトニック,月末在庫,kg,834206.0,2020
2020,11,ヘアトニック,月末在庫,kg,798123.0,2020
2020,12,ヘアトニック,月末在庫,kg,698444.0,2020
2021,0,ヘアトニック,月末在庫,kg,712090.0,2023
2021,1,ヘアトニック,月末在庫,kg,724700.0,2021
2021,2,ヘアトニック,月末在庫,kg,734584.0,2021
2021,3,ヘアトニック,月末在庫,kg,805439.0,2021
2021,4,ヘアトニック,月末在庫,kg,780275.0,2021
2021,5,ヘアトニック,月末在庫,kg,773439.0,2021
2021,6,ヘアトニック,月末在庫,kg,848208.0,2021
2021,7,ヘアトニック,月末在庫,kg,850144.0,2021
2021,8,ヘアトニック,月末在庫,kg,892017.0,2021
2021,9,ヘアトニック,月末在庫,kg,838778.0,2021
2021,10,ヘアトニック,月末在庫,kg,835286.0,2021
2021,11,ヘアトニック,月末在庫,kg,809684.0,2021
2021,12,ヘアトニック,月末在庫,kg,701784.0,2021
2022,0,ヘアトニック,月末在庫,kg,684570.0,2023
2022,1,ヘアトニック,月末在庫,kg,875057.0,2022
2022,2,ヘアトニック,月末在庫,kg,1008414.0,2022
2022,3,ヘアトニック,月末在庫,kg,1081586.0,2022
2022,4,ヘアトニック,月末在庫,kg,1037599.0,2022
2022,5,ヘアトニック,月末在庫,kg,1055541.0,2022
2022,6,ヘアトニック,月末在庫,kg,977765.0,2022
2022,7,ヘアトニック,月末在庫,kg,965738.0,2022
2022,8,ヘアトニック,月末在庫,kg,996287.0,2022
2022,9,ヘアトニック,月末在庫,kg,936362.0,2022
2022,10,ヘアトニック,月末在庫,kg,895356.0,2022
2022,11,ヘアトニック,月末在庫,kg,816778.0,2022
2022,12,ヘアトニック,月末在庫,kg,684570.0,2022
2023,0,ヘアトニック,月末在庫,kg,753661.0,2023
2023,1,ヘアトニック,月末在庫,kg,803151.0,2023
2023,2,ヘアトニック,月末在庫,kg,821074.0,2023
2023,3,ヘアトニック,月末在庫,kg,866606.0,2023
2023,4,ヘアトニック,月末在庫,kg,897565.0,2023
2023,5,ヘアトニック,月末在庫,kg,871199.0,2023
2023,6,ヘアトニック,月末在庫,kg,837408.0,2023
2023,7,ヘアトニック,月末在庫,kg,851454.0,2023
2023,8,ヘアトニック,月末在庫,kg,885703.0,2023
2023,9,ヘアトニック,月末在庫,kg,860747.0,2023
2023,10,ヘアトニック,月末在庫,kg,857364.0,2023
2023,11,ヘアトニック,月末在庫,kg,846506.0,2023
2023,12,ヘアトニック,月末在庫,kg,753661.0,2023
2024,1,ヘアトニック,月末在庫,kg,791527.0,2024
2024,2,ヘアトニック,月末在庫,kg,824469.0,2024
2024,3,ヘアトニック,月末在庫,kg,865348.0,2024
2024,4,ヘアトニック,月末在庫,kg,853668.0,2024
2024,5,ヘアトニック,月末在庫,kg,854767.0,2024
2024,6,ヘアトニック,月末在庫,kg,829626.0,2024
2024,7,ヘアトニック,月末在庫,kg,822884.0,2024
2024,8,ヘアトニック,月末在庫,kg,887210.0,2024
2024,9,ヘアトニック,月末在庫,kg,922129.0,2024
2024,10,ヘアトニック,月末在庫,kg,942113.0,2024
2024,11,ヘアトニック,月末在庫,kg,922700.0,2024
2024,12,ヘアトニック,月末在庫,kg,811687.0,2024
2015,0,ヘアトニック,生産,kg,4366940.0,2019
2016,0,ヘアトニック,生産,kg,3950936.0,2020
2017,0,ヘアトニック,生産,kg,4210162.0,2021
2018,0,ヘアトニック,生産,kg,4841000.0,2022
2019,0,ヘアトニック,生産,kg,4907613.0,2023
2019,1,ヘアトニック,生産,kg,373286.0,2019
2019,2,ヘアトニック,生産,kg,395206.0,2019
2019,3,ヘアトニック,生産,kg,431411.0,2019
2019,4,ヘアトニック,生産,kg,431960.0,2019
2019,5,ヘアトニック,生産,kg,402898.0,2019
2019,6,ヘアトニック,生産,kg,408067.0,2019
2019,7,ヘアトニック,生産,kg,478719.0,2019
2019,8,ヘアトニック,生産,kg,427829.0,2019
2019,9,ヘアトニック,生産,kg,467147.0,2019
2019,10,ヘアトニック,生産,kg,455416.0,2019
2019,11,ヘアトニック,生産,kg,334953.0,2019
2019,12,ヘアトニック,生産,kg,300721.0,2019
2020,0,ヘアトニック,生産,kg,3717222.0,2023
2020,1,ヘアトニック,生産,kg,359294.0,2020
2020,2,ヘアトニック,生産,kg,316182.0,2020
2020,3,ヘアトニック,生産,kg,257634.0,2020
2020,4,ヘアトニック,生産,kg,316718.0,2020
2020,5,ヘアトニック,生産,kg,273239.0,2020
2020,6,ヘアトニック,生産,kg,266234.0,2020
2020,7,ヘアトニック,生産,kg,317306.0,2020
2020,8,ヘアトニック,生産,kg,320603.0,2020
2020,9,ヘアトニック,生産,kg,352129.0,2020
2020,10,ヘアトニック,生産,kg,331142.0,2020
2020,11,ヘアトニック,生産,kg,301218.0,2020
2020,12,ヘアトニック,生産,kg,260978.0,2020
2021,0,ヘアトニック,生産,kg,4146405.0,2023
2021,1,ヘアトニック,生産,kg,261980.0,2021
2021,2,ヘアトニック,生産,kg,322943.0,2021
2021,3,ヘアトニック,生産,kg,405443.0,2021
2021,4,ヘアトニック,生産,kg,343026.0,2021
2021,5,ヘアトニック,生産,kg,336505.0,2021
2021,6,ヘアトニック,生産,kg,412235.0,2021
2021,7,ヘアトニック,生産,kg,350957.0,2021
2021,8,ヘアトニック,生産,kg,340868.0,2021
2021,9,ヘアトニック,生産,kg,301003.0,2021
2021,10,ヘアトニック,生産,kg,327579.0,2021
2021,11,ヘアトニック,生産,kg,330388.0,2021
2021,12,ヘアトニック,生産,kg,278501.0,2021
2022,0,ヘアトニック,生産,kg,4038889.0,2023
2022,1,ヘアトニック,生産,kg,380736.0,2022
2022,2,ヘアトニック,生産,kg,405113.0,2022
2022,3,ヘアトニック,生産,kg,420717.0,2022
2022,4,ヘアトニック,生産,kg,367192.0,2022
2022,5,ヘアトニック,生産,kg,337968.0,2022
2022,6,ヘアトニック,生産,kg,288075.0,2022
2022,7,ヘアトニック,生産,kg,341742.0,2022
2022,8,ヘアトニック,生産,kg,326812.0,2022
2022,9,ヘアトニック,生産,kg,332182.0,2022
2022,10,ヘアトニック,生産,kg,289191.0,2022
2022,11,ヘアトニック,生産,kg,289476.0,2022
2022,12,ヘアトニック,生産,kg,259685.0,2022
2023,0,ヘアトニック,生産,kg,4120096.0,2023
2023,1,ヘアトニック,生産,kg,306449.0,2023
2023,2,ヘアトニック,生産,kg,334222.0,2023
2023,3,ヘアトニック,生産,kg,381444.0,2023
2023,4,ヘアトニック,生産,kg,384205.0,2023
2023,5,ヘアトニック,生産,kg,296354.0,2023
2023,6,ヘアトニック,生産,kg,326378.0,2023
2023,7,ヘアトニック,生産,kg,361535.0,2023
2023,8,ヘアトニック,生産,kg,348015.0,2023
2023,9,ヘアトニック,生産,kg,306284.0,2023
2023,10,ヘアトニック,生産,kg,324156.0,2023
2023,11,ヘアトニック,生産,kg,411880.0,2023
2023,12,ヘアトニック,生産,kg,339174.0,2023
2024,1,ヘアトニック,生産,kg,285901.0,2024
2024,2,ヘアトニック,生産,kg,318646.0,2024
2024,3,ヘアトニック,生産,kg,389744.0,2024
2024,4,ヘアトニック,生産,kg,336212.0,2024
2024,5,ヘアトニック,生産,kg,322326.0,2024
2024,6,ヘアトニック,生産,kg,338033.0,2024
2024,7,ヘアトニック,生産,kg,362728.0,2024
2024,8,ヘアトニック,生産,kg,375686.0,2024
2024,9,ヘアトニック,生産,kg,389694.0,2024
2024,10,ヘアトニック,生産,kg,405282.0,2024
2024,11,ヘアトニック,生産,kg,333950.0,2024
2024,12,ヘアトニック,生産,kg,245214.0,2024
2015,0,ヘアトニック,販売個数,十個,2345630.0,2019
2016,0,ヘアトニック,販売個数,十個,2310142.0,2020
2017,0,ヘアトニック,販売個数,十個,2438569.0,2021
2018,0,ヘアトニック,販売個数,十個,2551241.0,2022
2019,0,ヘアトニック,販売個数,十個,2567720.0,2023
2019,1,ヘアトニック,販売個数,十個,180436.0,2019
2019,2,ヘアトニック,販売個数,十個,192642.0,2019
2019,3,ヘアトニック,販売個数,十個,241958.0,2019
2019,4,ヘアトニック,販売個数,十個,236589.0,2019
2019,5,ヘアトニック,販売個数,十個,207769.0,2019
2019,6,ヘアトニック,販売個数,十個,227572.0,2019
2019,7,ヘアトニック,販売個数,十個,206920.0,2019
2019,8,ヘアトニック,販売個数,十個,223488.0,2019
2019,9,ヘアトニック,販売個数,十個,252514.0,2019
2019,10,ヘアトニック,販売個数,十個,209799.0,2019
2019,11,ヘアトニック,販売個数,十個,177955.0,2019
2019,12,ヘアトニック,販売個数,十個,210078.0,2019
2020,0,ヘアトニック,販売個数,十個,2243740.0,2023
2020,1,ヘアトニック,販売個数,十個,149351.0,2020
2020,2,ヘアトニック,販売個数,十個,166779.0,2020
2020,3,ヘアトニック,販売個数,十個,187818.0,2020
2020,4,ヘアトニック,販売個数,十個,177829.0,2020
2020,5,ヘアトニック,販売個数,十個,148764.0,2020
2020,6,ヘアトニック,販売個数,十個,192601.0,2020
2020,7,ヘアトニック,販売個数,十個,219418.0,2020
2020,8,ヘアトニック,販売個数,十個,164273.0,2020
2020,9,ヘアトニック,販売個数,十個,246314.0,2020
2020,10,ヘアトニック,販売個数,十個,179452.0,2020
2020,11,ヘアトニック,販売個数,十個,180844.0,2020
2020,12,ヘアトニック,販売個数,十個,194406.0,2020
2021,0,ヘアトニック,販売個数,十個,2381911.0,2023
2021,1,ヘアトニック,販売個数,十個,175852.0,2021
2021,2,ヘアトニック,販売個数,十個,187249.0,2021
2021,3,ヘアトニック,販売個数,十個,198634.0,2021
2021,4,ヘアトニック,販売個数,十個,203716.0,2021
2021,5,ヘアトニック,販売個数,十個,176366.0,2021
2021,6,ヘアトニック,販売個数,十個,195412.0,2021
2021,7,ヘアトニック,販売個数,十個,194446.0,2021
2021,8,ヘアトニック,販売個数,十個,171095.0,2021
2021,9,ヘアトニック,販売個数,十個,188472.0,2021
2021,10,ヘアトニック,販売個数,十個,190455.0,2021
2021,11,ヘアトニック,販売個数,十個,203130.0,2021
2021,12,ヘアトニック,販売個数,十個,207475.0,2021
2022,0,ヘアトニック,販売個数,十個,2332209.0,2023
2022,1,ヘアトニック,販売個数,十個,140621.0,2022
2022,2,ヘアトニック,販売個数,十個,152176.0,2022
2022,3,ヘアトニック,販売個数,十個,206097.0,2022
2022,4,ヘアトニック,販売個数,十個,220571.0,2022
2022,5,ヘアトニック,販売個数,十個,187972.0,2022
2022,6,ヘアトニック,販売個数,十個,199914.0,2022
2022,7,ヘアトニック,販売個数,十個,200809.0,2022
2022,8,ヘアトニック,販売個数,十個,186692.0,2022
2022,9,ヘアトニック,販売個数,十個,222790.0,2022
2022,10,ヘアトニック,販売個数,十個,201623.0,2022
2022,11,ヘアトニック,販売個数,十個,201305.0,2022
2022,12,ヘアトニック,販売個数,十個,211639.0,2022
2023,0,ヘアトニック,販売個数,十個,2153311.0,2023
2023,1,ヘアトニック,販売個数,十個,143533.0,2023
2023,2,ヘアトニック,販売個数,十個,172136.0,2023
2023,3,ヘアトニック,販売個数,十個,185197.0,2023
2023,4,ヘアトニック,販売個数,十個,190219.0,2023
2023,5,ヘアトニック,販売個数,十個,162896.0,2023
2023,6,ヘアトニック,販売個数,十個,169050.0,2023
2023,7,ヘアトニック,販売個数,十個,174109.0,2023
2023,8,ヘアトニック,販売個数,十個,168549.0,2023
2023,9,ヘアトニック,販売個数,十個,182311.0,2023
2023,10,ヘアトニック,販売個数,十個,179590.0,2023
2023,11,ヘアトニック,販売個数,十個,219064.0,2023
2023,12,ヘアトニック,販売個数,十個,206657.0,2023
2024,1,ヘアトニック,販売個数,十個,140791.0,2024
2024,2,ヘアトニック,販売個数,十個,150959.0,2024
2024,3,ヘアトニック,販売個数,十個,169230.0,2024
2024,4,ヘアトニック,販売個数,十個,175769.0,2024
2024,5,ヘアトニック,販売個数,十個,168908.0,2024
2024,6,ヘアトニック,販売個数,十個,175201.0,2024
2024,7,ヘアトニック,販売個数,十個,181920.0,2024
2024,8,ヘアトニック,販売個数,十個,154412.0,2024
2024,9,ヘアトニック,販売個数,十個,174938.0,2024
2024,10,ヘアトニック,販売個数,十個,192182.0,2024
2024,11,ヘアトニック,販売個数,十個,181673.0,2024
2024,12,ヘアトニック,販売個数,十個,179977.0,2024
2015,0,ヘアトニック,販売数量,kg,4343318.0,2019
2016,0,ヘアトニック,販売数量,kg,4355676.0,2020
2017,0,ヘアトニック,販売数量,kg,4590590.0,2021
2018,0,ヘアトニック,販売数量,kg,4944275.0,2022
2019,0,ヘアトニック,販売数量,kg,5027946.0,2023
2019,1,ヘアトニック,販売数量,kg,366835.0,2019
2019,2,ヘアトニック,販売数量,kg,385336.0,2019
2019,3,ヘアトニック,販売数量,kg,477306.0,2019
2019,4,ヘアトニック,販売数量,kg,471244.0,2019
2019,5,ヘアトニック,販売数量,kg,414399.0,2019
2019,6,ヘアトニック,販売数量,kg,450106.0,2019
2019,7,ヘアトニック,販売数量,kg,410109.0,2019
2019,8,ヘアトニック,販売数量,kg,438618.0,2019
2019,9,ヘアトニック,販売数量,kg,489933.0,2019
2019,10,ヘアトニック,販売数量,kg,400034.0,2019
2019,11,ヘアトニック,販売数量,kg,324812.0,2019
2019,12,ヘアトニック,販売数量,kg,399214.0,2019
2020,0,ヘアトニック,販売数量,kg,4305357.0,2023
2020,1,ヘアトニック,販売数量,kg,288480.0,2020
2020,2,ヘアトニック,販売数量,kg,318588.0,2020
2020,3,ヘアトニック,販売数量,kg,355408.0,2020
2020,4,ヘアトニック,販売数量,kg,365404.0,2020
2020,5,ヘアトニック,販売数量,kg,288576.0,2020
2020,6,ヘアトニック,販売数量,kg,370572.0,2020
2020,7,ヘアトニック,販売数量,kg,425460.0,2020
2020,8,ヘアトニック,販売数量,kg,327723.0,2020
2020,9,ヘアトニック,販売数量,kg,487302.0,2020
2020,10,ヘアトニック,販売数量,kg,335634.0,2020
2020,11,ヘアトニック,販売数量,kg,335210.0,2020
2020,12,ヘアトニック,販売数量,kg,361225.0,2020
2021,0,ヘアトニック,販売数量,kg,4481182.0,2023
2021,1,ヘアトニック,販売数量,kg,339735.0,2021
2021,2,ヘアトニック,販売数量,kg,343156.0,2021
2021,3,ヘアトニック,販売数量,kg,387013.0,2021
2021,4,ヘアトニック,販売数量,kg,401576.0,2021
2021,5,ヘアトニック,販売数量,kg,345429.0,2021
2021,6,ヘアトニック,販売数量,kg,369715.0,2021
2021,7,ヘアトニック,販売数量,kg,369675.0,2021
2021,8,ヘアトニック,販売数量,kg,311997.0,2021
2021,9,ヘアトニック,販売数量,kg,346679.0,2021
2021,10,ヘアトニック,販売数量,kg,358501.0,2021
2021,11,ヘアトニック,販売数量,kg,378639.0,2021
2021,12,ヘアトニック,販売数量,kg,398991.0,2021
2022,0,ヘアトニック,販売数量,kg,4410558.0,2023
2022,1,ヘアトニック,販売数量,kg,256750.0,2022
2022,2,ヘアトニック,販売数量,kg,288716.0,2022
2022,3,ヘアトニック,販売数量,kg,398187.0,2022
2022,4,ヘアトニック,販売数量,kg,434490.0,2022
2022,5,ヘアトニック,販売数量,kg,361917.0,2022
2022,6,ヘアトニック,販売数量,kg,375504.0,2022
2022,7,ヘアトニック,販売数量,kg,370275.0,2022
2022,8,ヘアトニック,販売数量,kg,340662.0,2022
2022,9,ヘアトニック,販売数量,kg,422046.0,2022
2022,10,ヘアトニック,販売数量,kg,366843.0,2022
2022,11,ヘアトニック,販売数量,kg,389589.0,2022
2022,12,ヘアトニック,販売数量,kg,405579.0,2022
2023,0,ヘアトニック,販売数量,kg,4260121.0,2023
2023,1,ヘアトニック,販売数量,kg,252627.0,2023
2023,2,ヘアトニック,販売数量,kg,336467.0,2023
2023,3,ヘアトニック,販売数量,kg,352827.0,2023
2023,4,ヘアトニック,販売数量,kg,387761.0,2023
2023,5,ヘアトニック,販売数量,kg,320819.0,2023
2023,6,ヘアトニック,販売数量,kg,353314.0,2023
2023,7,ヘアトニック,販売数量,kg,345116.0,2023
2023,8,ヘアトニック,販売数量,kg,347877.0,2023
2023,9,ヘアトニック,販売数量,kg,363613.0,2023
2023,10,ヘアトニック,販売数量,kg,361010.0,2023
2023,11,ヘアトニック,販売数量,kg,420781.0,2023
2023,12,ヘアトニック,販売数量,kg,417909.0,2023
2024,1,ヘアトニック,販売数量,kg,247338.0,2024
2024,2,ヘアトニック,販売数量,kg,284993.0,2024
2024,3,ヘアトニック,販売数量,kg,348699.0,2024
2024,4,ヘアトニック,販売数量,kg,347641.0,2024
2024,5,ヘアトニック,販売数量,kg,320141.0,2024
2024,6,ヘアトニック,販売数量,kg,363206.0,2024
2024,7,ヘアトニック,販売数量,kg,368326.0,2024
2024,8,ヘアトニック,販売数量,kg,296076.0,2024
2024,9,ヘアトニック,販売数量,kg,354618.0,2024
2024,10,ヘアトニック,販売数量,kg,383416.0,2024
2024,11,ヘアトニック,販売数量,kg,352042.0,2024
2024,12,ヘアトニック,販売数量,kg,352154.0,2024
2015,0,ヘアトニック,販売金額,千円,19415662.0,2019
2016,0,ヘアトニック,販売金額,千円,19048370.0,2020
2017,0,ヘアトニック,販売金額,千円,19481718.0,2021
2018,0,ヘアトニック,販売金額,千円,19970536.0,2022
2019,0,ヘアトニック,販売金額,千円,19379547.0,2023
2019,1,ヘアトニック,販売金額,千円,1388986.0,2019
2019,2,ヘアトニック,販売金額,千円,1398238.0,2019
2019,3,ヘアトニック,販売金額,千円,1692910.0,2019
2019,4,ヘアトニック,販売金額,千円,1672286.0,2019
2019,5,ヘアトニック,販売金額,千円,1575413.0,2019
2019,6,ヘアトニック,販売金額,千円,1670583.0,2019
2019,7,ヘアトニック,販売金額,千円,1597556.0,2019
2019,8,ヘアトニック,販売金額,千円,1635501.0,2019
2019,9,ヘアトニック,販売金額,千円,1981702.0,2019
2019,10,ヘアトニック,販売金額,千円,1644170.0,2019
2019,11,ヘアトニック,販売金額,千円,1455404.0,2019
2019,12,ヘアトニック,販売金額,千円,1666798.0,2019
2020,0,ヘアトニック,販売金額,千円,17930240.0,2023
2020,1,ヘアトニック,販売金額,千円,1179846.0,2020
2020,2,ヘアトニック,販売金額,千円,1298468.0,2020
2020,3,ヘアトニック,販売金額,千円,1400170.0,2020
2020,4,ヘアトニック,販売金額,千円,1275024.0,2020
2020,5,ヘアトニック,販売金額,千円,1223606.0,2020
2020,6,ヘアトニック,販売金額,千円,1594789.0,2020
2020,7,ヘアトニック,販売金額,千円,1677123.0,2020
2020,8,ヘアトニック,販売金額,千円,1359296.0,2020
2020,9,ヘアトニック,販売金額,千円,1779485.0,2020
2020,10,ヘアトニック,販売金額,千円,1557156.0,2020
2020,11,ヘアトニック,販売金額,千円,1591451.0,2020
2020,12,ヘアトニック,販売金額,千円,1672009.0,2020
2021,0,ヘアトニック,販売金額,千円,18978275.0,2023
2021,1,ヘアトニック,販売金額,千円,1257911.0,2021
2021,2,ヘアトニック,販売金額,千円,1392995.0,2021
2021,3,ヘアトニック,販売金額,千円,1568983.0,2021
2021,4,ヘアトニック,販売金額,千円,1611130.0,2021
2021,5,ヘアトニック,販売金額,千円,1462829.0,2021
2021,6,ヘアトニック,販売金額,千円,1561451.0,2021
2021,7,ヘアトニック,販売金額,千円,1537963.0,2021
2021,8,ヘアトニック,販売金額,千円,1400376.0,2021
2021,9,ヘアトニック,販売金額,千円,1569346.0,2021
2021,10,ヘアトニック,販売金額,千円,1624279.0,2021
2021,11,ヘアトニック,販売金額,千円,1597830.0,2021
2021,12,ヘアトニック,販売金額,千円,1651971.0,2021
2022,0,ヘアトニック,販売金額,千円,18526641.0,2023
2022,1,ヘアトニック,販売金額,千円,1162524.0,2022
2022,2,ヘアトニック,販売金額,千円,1302537.0,2022
2022,3,ヘアトニック,販売金額,千円,1607623.0,2022
2022,4,ヘアトニック,販売金額,千円,1720652.0,2022
2022,5,ヘアトニック,販売金額,千円,1487488.0,2022
2022,6,ヘアトニック,販売金額,千円,1607317.0,2022
2022,7,ヘアトニック,販売金額,千円,1515914.0,2022
2022,8,ヘアトニック,販売金額,千円,1420245.0,2022
2022,9,ヘアトニック,販売金額,千円,1653038.0,2022
2022,10,ヘアトニック,販売金額,千円,1606245.0,2022
2022,11,ヘアトニック,販売金額,千円,1686401.0,2022
2022,12,ヘアトニック,販売金額,千円,1756657.0,2022
2023,0,ヘアトニック,販売金額,千円,17832159.0,2023
2023,1,ヘアトニック,販売金額,千円,1168240.0,2023
2023,2,ヘアトニック,販売金額,千円,1287692.0,2023
2023,3,ヘアトニック,販売金額,千円,1546432.0,2023
2023,4,ヘアトニック,販売金額,千円,1500001.0,2023
2023,5,ヘアトニック,販売金額,千円,1439515.0,2023
2023,6,ヘアトニック,販売金額,千円,1467236.0,2023
2023,7,ヘアトニック,販売金額,千円,1424776.0,2023
2023,8,ヘアトニック,販売金額,千円,1440426.0,2023
2023,9,ヘアトニック,販売金額,千円,1582730.0,2023
2023,10,ヘアトニック,販売金額,千円,1513833.0,2023
2023,11,ヘアトニック,販売金額,千円,1705945.0,2023
2023,12,ヘアトニック,販売金額,千円,1755333.0,2023
2024,1,ヘアトニック,販売金額,千円,1191784.0,2024
2024,2,ヘアトニック,販売金額,千円,1262011.0,2024
2024,3,ヘアトニック,販売金額,千円,1466557.0,2024
2024,4,ヘアトニック,販売金額,千円,1509480.0,2024
2024,5,ヘアトニック,販売金額,千円,1379966.0,2024
2024,6,ヘアトニック,販売金額,千円,1514517.0,2024
2024,7,ヘアトニック,販売金額,千円,1526693.0,2024
2024,8,ヘアトニック,販売金額,千円,1249607.0,2024
2024,9,ヘアトニック,販売金額,千円,1535477.0,2024
2024,10,ヘアトニック,販売金額,千円,1657782.0,2024
2024,11,ヘアトニック,販売金額,千円,1572961.0,2024
2024,12,ヘアトニック,販売金額,千円,1645723.0,2024
2015,0,ヘアトリートメント,出荷その他,kg,11229368.0,2019
2016,0,ヘアトリートメント,出荷その他,kg,7739398.0,2020
2017,0,ヘアトリートメント,出荷その他,kg,5329756.0,2021
2018,0,ヘアトリートメント,出荷その他,kg,4313397.0,2022
2019,0,ヘアトリートメント,出荷その他,kg,3832934.0,2023
2019,1,ヘアトリートメント,出荷その他,kg,213789.0,2019
2019,2,ヘアトリートメント,出荷その他,kg,204993.0,2019
2019,3,ヘアトリートメント,出荷その他,kg,218096.0,2019
2019,4,ヘアトリートメント,出荷その他,kg,369170.0,2019
2019,5,ヘアトリートメント,出荷その他,kg,214552.0,2019
2019,6,ヘアトリートメント,出荷その他,kg,250819.0,2019
2019,7,ヘアトリートメント,出荷その他,kg,530032.0,2019
2019,8,ヘアトリートメント,出荷その他,kg,251751.0,2019
2019,9,ヘアトリートメント,出荷その他,kg,555685.0,2019
2019,10,ヘアトリートメント,出荷その他,kg,319443.0,2019
2019,11,ヘアトリートメント,出荷その他,kg,434234.0,2019
2019,12,ヘアトリートメント,出荷その他,kg,270370.0,2019
2020,0,ヘアトリートメント,出荷その他,kg,3680849.0,2023
2020,1,ヘアトリートメント,出荷その他,kg,191883.0,2020
2020,2,ヘアトリートメント,出荷その他,kg,313305.0,2020
2020,3,ヘアトリートメント,出荷その他,kg,192175.0,2020
2020,4,ヘアトリートメント,出荷その他,kg,308865.0,2020
2020,5,ヘアトリートメント,出荷その他,kg,174196.0,2020
2020,6,ヘアトリートメント,出荷その他,kg,320984.0,2020
2020,7,ヘアトリートメント,出荷その他,kg,659811.0,2020
2020,8,ヘアトリートメント,出荷その他,kg,242345.0,2020
2020,9,ヘアトリートメント,出荷その他,kg,579116.0,2020
2020,10,ヘアトリートメント,出荷その他,kg,541649.0,2020
2020,11,ヘアトリートメント,出荷その他,kg,212273.0,2020
2020,12,ヘアトリートメント,出荷その他,kg,237088.0,2020
2021,0,ヘアトリートメント,出荷その他,kg,4049316.0,2023
2021,1,ヘアトリートメント,出荷その他,kg,235569.0,2021
2021,2,ヘアトリートメント,出荷その他,kg,280461.0,2021
2021,3,ヘアトリートメント,出荷その他,kg,254984.0,2021
2021,4,ヘアトリートメント,出荷その他,kg,676124.0,2021
2021,5,ヘアトリートメント,出荷その他,kg,517841.0,2021
2021,6,ヘアトリートメント,出荷その他,kg,224311.0,2021
2021,7,ヘアトリートメント,出荷その他,kg,128188.0,2021
2021,8,ヘアトリートメント,出荷その他,kg,254370.0,2021
2021,9,ヘアトリートメント,出荷その他,kg,286447.0,2021
2021,10,ヘアトリートメント,出荷その他,kg,766137.0,2021
2021,11,ヘアトリートメント,出荷その他,kg,296036.0,2021
2021,12,ヘアトリートメント,出荷その他,kg,226567.0,2021
2022,0,ヘアトリートメント,出荷その他,kg,2009418.0,2023
2022,1,ヘアトリートメント,出荷その他,kg,264246.0,2022
2022,2,ヘアトリートメント,出荷その他,kg,101233.0,2022
2022,3,ヘアトリートメント,出荷その他,kg,201905.0,2022
2022,4,ヘアトリートメント,出荷その他,kg,157792.0,2022
2022,5,ヘアトリートメント,出荷その他,kg,227787.0,2022
2022,6,ヘアトリートメント,出荷その他,kg,84373.0,2022
2022,7,ヘアトリートメント,出荷その他,kg,585814.0,2022
2022,8,ヘアトリートメント,出荷その他,kg,88153.0,2022
2022,9,ヘアトリートメント,出荷その他,kg,71475.0,2022
2022,10,ヘアトリートメント,出荷その他,kg,94537.0,2022
2022,11,ヘアトリートメント,出荷その他,kg,80130.0,2022
2022,12,ヘアトリートメント,出荷その他,kg,51973.0,2022
2023,0,ヘアトリートメント,出荷その他,kg,1524558.0,2023
2023,1,ヘアトリートメント,出荷その他,kg,372851.0,2023
2023,2,ヘアトリートメント,出荷その他,kg,163417.0,2023
2023,3,ヘアトリートメント,出荷その他,kg,123800.0,2023
2023,4,ヘアトリートメント,出荷その他,kg,79587.0,2023
2023,5,ヘアトリートメント,出荷その他,kg,37995.0,2023
2023,6,ヘアトリートメント,出荷その他,kg,66261.0,2023
2023,7,ヘアトリートメント,出荷その他,kg,141558.0,2023
2023,8,ヘアトリートメント,出荷その他,kg,92612.0,2023
2023,9,ヘアトリートメント,出荷その他,kg,76773.0,2023
2023,10,ヘアトリートメント,出荷その他,kg,101322.0,2023
2023,11,ヘアトリートメント,出荷その他,kg,198626.0,2023
2023,12,ヘアトリートメント,出荷その他,kg,69756.0,2023
2024,1,ヘアトリートメント,出荷その他,kg,102155.0,2024
2024,2,ヘアトリートメント,出荷その他,kg,83870.0,2024
2024,3,ヘアトリートメント,出荷その他,kg,121979.0,2024
2024,4,ヘアトリートメント,出荷その他,kg,138984.0,2024
2024,5,ヘアトリートメント,出荷その他,kg,156916.0,2024
2024,6,ヘアトリートメント,出荷その他,kg,132433.0,2024
2024,7,ヘアトリートメント,出荷その他,kg,140304.0,2024
2024,8,ヘアトリートメント,出荷その他,kg,153356.0,2024
2024,9,ヘアトリートメント,出荷その他,kg,125900.0,2024
2024,10,ヘアトリートメント,出荷その他,kg,141633.0,2024
2024,11,ヘアトリートメント,出荷その他,kg,138936.0,2024
2024,12,ヘアトリートメント,出荷その他,kg,125660.0,2024
2015,0,ヘアトリートメント,受入,kg,41685846.0,2019
2016,0,ヘアトリートメント,受入,kg,28411495.0,2020
2017,0,ヘアトリートメント,受入,kg,33367516.0,2021
2018,0,ヘアトリートメント,受入,kg,36448390.0,2022
2019,0,ヘアトリートメント,受入,kg,34196837.0,2023
2019,1,ヘアトリートメント,受入,kg,1765198.0,2019
2019,2,ヘアトリートメント,受入,kg,2246134.0,2019
2019,3,ヘアトリートメント,受入,kg,3063013.0,2019
2019,4,ヘアトリートメント,受入,kg,2591659.0,2019
2019,5,ヘアトリートメント,受入,kg,2960736.0,2019
2019,6,ヘアトリートメント,受入,kg,2580867.0,2019
2019,7,ヘアトリートメント,受入,kg,2490215.0,2019
2019,8,ヘアトリートメント,受入,kg,2986301.0,2019
2019,9,ヘアトリートメント,受入,kg,2702318.0,2019
2019,10,ヘアトリートメント,受入,kg,3893154.0,2019
2019,11,ヘアトリートメント,受入,kg,4048694.0,2019
2019,12,ヘアトリートメント,受入,kg,2868548.0,2019
2020,0,ヘアトリートメント,受入,kg,27710109.0,2023
2020,1,ヘアトリートメント,受入,kg,1719699.0,2020
2020,2,ヘアトリートメント,受入,kg,1780815.0,2020
2020,3,ヘアトリートメント,受入,kg,2337677.0,2020
2020,4,ヘアトリートメント,受入,kg,3016196.0,2020
2020,5,ヘアトリートメント,受入,kg,2867920.0,2020
2020,6,ヘアトリートメント,受入,kg,2399200.0,2020
2020,7,ヘアトリートメント,受入,kg,2130706.0,2020
2020,8,ヘアトリートメント,受入,kg,3192735.0,2020
2020,9,ヘアトリートメント,受入,kg,2559296.0,2020
2020,10,ヘアトリートメント,受入,kg,2205782.0,2020
2020,11,ヘアトリートメント,受入,kg,2006269.0,2020
2020,12,ヘアトリートメント,受入,kg,2684352.0,2020
2021,0,ヘアトリートメント,受入,kg,24129542.0,2023
2021,1,ヘアトリートメント,受入,kg,2289390.0,2021
2021,2,ヘアトリートメント,受入,kg,1934530.0,2021
2021,3,ヘアトリートメント,受入,kg,2650471.0,2021
2021,4,ヘアトリートメント,受入,kg,2467001.0,2021
2021,5,ヘアトリートメント,受入,kg,2451599.0,2021
2021,6,ヘアトリートメント,受入,kg,1869867.0,2021
2021,7,ヘアトリートメント,受入,kg,1504955.0,2021
2021,8,ヘアトリートメント,受入,kg,1887468.0,2021
2021,9,ヘアトリートメント,受入,kg,2440977.0,2021
2021,10,ヘアトリートメント,受入,kg,1874123.0,2021
2021,11,ヘアトリートメント,受入,kg,2356523.0,2021
2021,12,ヘアトリートメント,受入,kg,1188509.0,2021
2022,0,ヘアトリートメント,受入,kg,15626943.0,2023
2022,1,ヘアトリートメント,受入,kg,1891212.0,2022
2022,2,ヘアトリートメント,受入,kg,1986697.0,2022
2022,3,ヘアトリートメント,受入,kg,761803.0,2022
2022,4,ヘアトリートメント,受入,kg,937953.0,2022
2022,5,ヘアトリートメント,受入,kg,1287216.0,2022
2022,6,ヘアトリートメント,受入,kg,1706118.0,2022
2022,7,ヘアトリートメント,受入,kg,745873.0,2022
2022,8,ヘアトリートメント,受入,kg,1280925.0,2022
2022,9,ヘアトリートメント,受入,kg,1115706.0,2022
2022,10,ヘアトリートメント,受入,kg,1329930.0,2022
2022,11,ヘアトリートメント,受入,kg,1569776.0,2022
2022,12,ヘアトリートメント,受入,kg,1013734.0,2022
2023,0,ヘアトリートメント,受入,kg,16898431.0,2023
2023,1,ヘアトリートメント,受入,kg,1426202.0,2023
2023,2,ヘアトリートメント,受入,kg,1231485.0,2023
2023,3,ヘアトリートメント,受入,kg,1253244.0,2023
2023,4,ヘアトリートメント,受入,kg,939572.0,2023
2023,5,ヘアトリートメント,受入,kg,1321702.0,2023
2023,6,ヘアトリートメント,受入,kg,1391963.0,2023
2023,7,ヘアトリートメント,受入,kg,1616706.0,2023
2023,8,ヘアトリートメント,受入,kg,1489830.0,2023
2023,9,ヘアトリートメント,受入,kg,1125008.0,2023
2023,10,ヘアトリートメント,受入,kg,1808019.0,2023
2023,11,ヘアトリートメント,受入,kg,1886245.0,2023
2023,12,ヘアトリートメント,受入,kg,1408455.0,2023
2024,1,ヘアトリートメント,受入,kg,1172196.0,2024
2024,2,ヘアトリートメント,受入,kg,1153535.0,2024
2024,3,ヘアトリートメント,受入,kg,1043078.0,2024
2024,4,ヘアトリートメント,受入,kg,1327998.0,2024
2024,5,ヘアトリートメント,受入,kg,1145673.0,2024
2024,6,ヘアトリートメント,受入,kg,1215405.0,2024
2024,7,ヘアトリートメント,受入,kg,1195400.0,2024
2024,8,ヘアトリートメント,受入,kg,1325691.0,2024
2024,9,ヘアトリートメント,受入,kg,158767.0,2024
2024,10,ヘアトリートメント,受入,kg,168947.0,2024
2024,11,ヘアトリートメント,受入,kg,118434.0,2024
2024,12,ヘアトリートメント,受入,kg,103712.0,2024
2015,0,ヘアトリートメント,月末在庫,kg,7050034.0,2019
2016,0,ヘアトリートメント,月末在庫,kg,5758731.0,2020
2017,0,ヘアトリートメント,月末在庫,kg,5525146.0,2021
2018,0,ヘアトリートメント,月末在庫,kg,5972857.0,2022
2019,0,ヘアトリートメント,月末在庫,kg,8298120.0,2023
2019,1,ヘアトリートメント,月末在庫,kg,6136846.0,2019
2019,2,ヘアトリートメント,月末在庫,kg,6516030.0,2019
2019,3,ヘアトリートメント,月末在庫,kg,6906053.0,2019
2019,4,ヘアトリートメント,月末在庫,kg,6707917.0,2019
2019,5,ヘアトリートメント,月末在庫,kg,6967838.0,2019
2019,6,ヘアトリートメント,月末在庫,kg,7043957.0,2019
2019,7,ヘアトリートメント,月末在庫,kg,7033149.0,2019
2019,8,ヘアトリートメント,月末在庫,kg,7598747.0,2019
2019,9,ヘアトリートメント,月末在庫,kg,7225847.0,2019
2019,10,ヘアトリートメント,月末在庫,kg,7936263.0,2019
2019,11,ヘアトリートメント,月末在庫,kg,8616477.0,2019
2019,12,ヘアトリートメント,月末在庫,kg,8298120.0,2019
2020,0,ヘアトリートメント,月末在庫,kg,6755747.0,2023
2020,1,ヘアトリートメント,月末在庫,kg,8118954.0,2020
2020,2,ヘアトリートメント,月末在庫,kg,7956626.0,2020
2020,3,ヘアトリートメント,月末在庫,kg,8048416.0,2020
2020,4,ヘアトリートメント,月末在庫,kg,8222876.0,2020
2020,5,ヘアトリートメント,月末在庫,kg,8889022.0,2020
2020,6,ヘアトリートメント,月末在庫,kg,7993743.0,2020
2020,7,ヘアトリートメント,月末在庫,kg,7851388.0,2020
2020,8,ヘアトリートメント,月末在庫,kg,8716216.0,2020
2020,9,ヘアトリートメント,月末在庫,kg,8793517.0,2020
2020,10,ヘアトリートメント,月末在庫,kg,7510641.0,2020
2020,11,ヘアトリートメント,月末在庫,kg,7151351.0,2020
2020,12,ヘアトリートメント,月末在庫,kg,6757180.0,2020
2021,0,ヘアトリートメント,月末在庫,kg,5002557.0,2023
2021,1,ヘアトリートメント,月末在庫,kg,7508869.0,2021
2021,2,ヘアトリートメント,月末在庫,kg,6889287.0,2021
2021,3,ヘアトリートメント,月末在庫,kg,7187962.0,2021
2021,4,ヘアトリートメント,月末在庫,kg,6442455.0,2021
2021,5,ヘアトリートメント,月末在庫,kg,6720309.0,2021
2021,6,ヘアトリートメント,月末在庫,kg,6195893.0,2021
2021,7,ヘアトリートメント,月末在庫,kg,5980942.0,2021
2021,8,ヘアトリートメント,月末在庫,kg,5745750.0,2021
2021,9,ヘアトリートメント,月末在庫,kg,6085414.0,2021
2021,10,ヘアトリートメント,月末在庫,kg,5622041.0,2021
2021,11,ヘアトリートメント,月末在庫,kg,5567491.0,2021
2021,12,ヘアトリートメント,月末在庫,kg,4811031.0,2021
2022,0,ヘアトリートメント,月末在庫,kg,4805534.0,2023
2022,1,ヘアトリートメント,月末在庫,kg,6274604.0,2022
2022,2,ヘアトリートメント,月末在庫,kg,6300919.0,2022
2022,3,ヘアトリートメント,月末在庫,kg,6227318.0,2022
2022,4,ヘアトリートメント,月末在庫,kg,5802742.0,2022
2022,5,ヘアトリートメント,月末在庫,kg,5885630.0,2022
2022,6,ヘアトリートメント,月末在庫,kg,6221751.0,2022
2022,7,ヘアトリートメント,月末在庫,kg,5742339.0,2022
2022,8,ヘアトリートメント,月末在庫,kg,5948694.0,2022
2022,9,ヘアトリートメント,月末在庫,kg,5458502.0,2022
2022,10,ヘアトリートメント,月末在庫,kg,5579258.0,2022
2022,11,ヘアトリートメント,月末在庫,kg,5465415.0,2022
2022,12,ヘアトリートメント,月末在庫,kg,4805534.0,2022
2023,0,ヘアトリートメント,月末在庫,kg,5009301.0,2023
2023,1,ヘアトリートメント,月末在庫,kg,5552384.0,2023
2023,2,ヘアトリートメント,月末在庫,kg,5841985.0,2023
2023,3,ヘアトリートメント,月末在庫,kg,5840758.0,2023
2023,4,ヘアトリートメント,月末在庫,kg,5350066.0,2023
2023,5,ヘアトリートメント,月末在庫,kg,5049349.0,2023
2023,6,ヘアトリートメント,月末在庫,kg,5088008.0,2023
2023,7,ヘアトリートメント,月末在庫,kg,5400360.0,2023
2023,8,ヘアトリートメント,月末在庫,kg,5774491.0,2023
2023,9,ヘアトリートメント,月末在庫,kg,5290406.0,2023
2023,10,ヘアトリートメント,月末在庫,kg,5418904.0,2023
2023,11,ヘアトリートメント,月末在庫,kg,5323587.0,2023
2023,12,ヘアトリートメント,月末在庫,kg,5009301.0,2023
2024,1,ヘアトリートメント,月末在庫,kg,5223936.0,2024
2024,2,ヘアトリートメント,月末在庫,kg,5264926.0,2024
2024,3,ヘアトリートメント,月末在庫,kg,5055423.0,2024
2024,4,ヘアトリートメント,月末在庫,kg,4953197.0,2024
2024,5,ヘアトリートメント,月末在庫,kg,4853201.0,2024
2024,6,ヘアトリートメント,月末在庫,kg,4583433.0,2024
2024,7,ヘアトリートメント,月末在庫,kg,4680151.0,2024
2024,8,ヘアトリートメント,月末在庫,kg,4991814.0,2024
2024,9,ヘアトリートメント,月末在庫,kg,4138910.0,2024
2024,10,ヘアトリートメント,月末在庫,kg,4284618.0,2024
2024,11,ヘアトリートメント,月末在庫,kg,4252593.0,2024
2024,12,ヘアトリートメント,月末在庫,kg,3897793.0,2024
2015,0,ヘアトリートメント,生産,kg,24938003.0,2019
2016,0,ヘアトリートメント,生産,kg,20930557.0,2020
2017,0,ヘアトリートメント,生産,kg,17055577.0,2021
2018,0,ヘアトリートメント,生産,kg,18924825.0,2022
2019,0,ヘアトリートメント,生産,kg,21252007.0,2023
2019,1,ヘアトリートメント,生産,kg,1414431.0,2019
2019,2,ヘアトリートメント,生産,kg,1676960.0,2019
2019,3,ヘアトリートメント,生産,kg,1482033.0,2019
2019,4,ヘアトリートメント,生産,kg,1849773.0,2019
2019,5,ヘアトリートメント,生産,kg,1335718.0,2019
2019,6,ヘアトリートメント,生産,kg,1601730.0,2019
2019,7,ヘアトリートメント,生産,kg,2516025.0,2019
2019,8,ヘアトリートメント,生産,kg,1714551.0,2019
2019,9,ヘアトリートメント,生産,kg,1615182.0,2019
2019,10,ヘアトリートメント,生産,kg,2098675.0,2019
2019,11,ヘアトリートメント,生産,kg,2084816.0,2019
2019,12,ヘアトリートメント,生産,kg,1862113.0,2019
2020,0,ヘアトリートメント,生産,kg,19979192.0,2023
2020,1,ヘアトリートメント,生産,kg,1424906.0,2020
2020,2,ヘアトリートメント,生産,kg,1898440.0,2020
2020,3,ヘアトリートメント,生産,kg,1508848.0,2020
2020,4,ヘアトリートメント,生産,kg,2113156.0,2020
2020,5,ヘアトリートメント,生産,kg,1453191.0,2020
2020,6,ヘアトリートメント,生産,kg,1610910.0,2020
2020,7,ヘアトリートメント,生産,kg,1722861.0,2020
2020,8,ヘアトリートメント,生産,kg,1172429.0,2020
2020,9,ヘアトリートメント,生産,kg,1555120.0,2020
2020,10,ヘアトリートメント,生産,kg,1376822.0,2020
2020,11,ヘアトリートメント,生産,kg,1306597.0,2020
2020,12,ヘアトリートメント,生産,kg,1558384.0,2020
2021,0,ヘアトリートメント,生産,kg,19765773.0,2023
2021,1,ヘアトリートメント,生産,kg,1310109.0,2021
2021,2,ヘアトリートメント,生産,kg,1362480.0,2021
2021,3,ヘアトリートメント,生産,kg,1455163.0,2021
2021,4,ヘアトリートメント,生産,kg,1772079.0,2021
2021,5,ヘアトリートメント,生産,kg,1372020.0,2021
2021,6,ヘアトリートメント,生産,kg,1604342.0,2021
2021,7,ヘアトリートメント,生産,kg,1744272.0,2021
2021,8,ヘアトリートメント,生産,kg,1420466.0,2021
2021,9,ヘアトリートメント,生産,kg,1550649.0,2021
2021,10,ヘアトリートメント,生産,kg,1471672.0,2021
2021,11,ヘアトリートメント,生産,kg,1442607.0,2021
2021,12,ヘアトリートメント,生産,kg,1459405.0,2021
2022,0,ヘアトリートメント,生産,kg,22206860.0,2023
2022,1,ヘアトリートメント,生産,kg,2005339.0,2022
2022,2,ヘアトリートメント,生産,kg,1787518.0,2022
2022,3,ヘアトリートメント,生産,kg,1931275.0,2022
2022,4,ヘアトリートメント,生産,kg,1778223.0,2022
2022,5,ヘアトリートメント,生産,kg,1550747.0,2022
2022,6,ヘアトリートメント,生産,kg,1992997.0,2022
2022,7,ヘアトリートメント,生産,kg,2155809.0,2022
2022,8,ヘアトリートメント,生産,kg,1705566.0,2022
2022,9,ヘアトリートメント,生産,kg,2129657.0,2022
2022,10,ヘアトリートメント,生産,kg,1931425.0,2022
2022,11,ヘアトリートメント,生産,kg,1577021.0,2022
2022,12,ヘアトリートメント,生産,kg,1661283.0,2022
2023,0,ヘアトリートメント,生産,kg,18733223.0,2023
2023,1,ヘアトリートメント,生産,kg,1867130.0,2023
2023,2,ヘアトリートメント,生産,kg,1619874.0,2023
2023,3,ヘアトリートメント,生産,kg,1823863.0,2023
2023,4,ヘアトリートメント,生産,kg,1603512.0,2023
2023,5,ヘアトリートメント,生産,kg,1258244.0,2023
2023,6,ヘアトリートメント,生産,kg,1622827.0,2023
2023,7,ヘアトリートメント,生産,kg,1514031.0,2023
2023,8,ヘアトリートメント,生産,kg,1565761.0,2023
2023,9,ヘアトリートメント,生産,kg,1556935.0,2023
2023,10,ヘアトリートメント,生産,kg,1557515.0,2023
2023,11,ヘアトリートメント,生産,kg,1472112.0,2023
2023,12,ヘアトリートメント,生産,kg,1271419.0,2023
2024,1,ヘアトリートメント,生産,kg,1256944.0,2024
2024,2,ヘアトリートメント,生産,kg,1356824.0,2024
2024,3,ヘアトリートメント,生産,kg,1501296.0,2024
2024,4,ヘアトリートメント,生産,kg,1514033.0,2024
2024,5,ヘアトリートメント,生産,kg,1609660.0,2024
2024,6,ヘアトリートメント,生産,kg,1446081.0,2024
2024,7,ヘアトリートメント,生産,kg,2040276.0,2024
2024,8,ヘアトリートメント,生産,kg,1627329.0,2024
2024,9,ヘアトリートメント,生産,kg,1730787.0,2024
2024,10,ヘアトリートメント,生産,kg,1909457.0,2024
2024,11,ヘアトリートメント,生産,kg,1677829.0,2024
2024,12,ヘアトリートメント,生産,kg,1412642.0,2024
2015,0,ヘアトリートメント,販売個数,十個,20133159.0,2019
2016,0,ヘアトリートメント,販売個数,十個,16491438.0,2020
2017,0,ヘアトリートメント,販売個数,十個,18217611.0,2021
2018,0,ヘアトリートメント,販売個数,十個,19530067.0,2022
2019,0,ヘアトリートメント,販売個数,十個,19767807.0,2023
2019,1,ヘアトリートメント,販売個数,十個,1060379.0,2019
2019,2,ヘアトリートメント,販売個数,十個,1277958.0,2019
2019,3,ヘアトリートメント,販売個数,十個,1600184.0,2019
2019,4,ヘアトリートメント,販売個数,十個,1815996.0,2019
2019,5,ヘアトリートメント,販売個数,十個,1537630.0,2019
2019,6,ヘアトリートメント,販売個数,十個,1548397.0,2019
2019,7,ヘアトリートメント,販売個数,十個,1744157.0,2019
2019,8,ヘアトリートメント,販売個数,十個,1614112.0,2019
2019,9,ヘアトリートメント,販売個数,十個,1604517.0,2019
2019,10,ヘアトリートメント,販売個数,十個,2134318.0,2019
2019,11,ヘアトリートメント,販売個数,十個,1921592.0,2019
2019,12,ヘアトリートメント,販売個数,十個,1908567.0,2019
2020,0,ヘアトリートメント,販売個数,十個,18434152.0,2023
2020,1,ヘアトリートメント,販売個数,十個,1274651.0,2020
2020,2,ヘアトリートメント,販売個数,十個,1406037.0,2020
2020,3,ヘアトリートメント,販売個数,十個,1467166.0,2020
2020,4,ヘアトリートメント,販売個数,十個,1825524.0,2020
2020,5,ヘアトリートメント,販売個数,十個,1319261.0,2020
2020,6,ヘアトリートメント,販売個数,十個,1759293.0,2020
2020,7,ヘアトリートメント,販売個数,十個,1339943.0,2020
2020,8,ヘアトリートメント,販売個数,十個,1408789.0,2020
2020,9,ヘアトリートメント,販売個数,十個,1488725.0,2020
2020,10,ヘアトリートメント,販売個数,十個,1687480.0,2020
2020,11,ヘアトリートメント,販売個数,十個,1416560.0,2020
2020,12,ヘアトリートメント,販売個数,十個,1884984.0,2020
2021,0,ヘアトリートメント,販売個数,十個,18325522.0,2023
2021,1,ヘアトリートメント,販売個数,十個,1035295.0,2021
2021,2,ヘアトリートメント,販売個数,十個,1392310.0,2021
2021,3,ヘアトリートメント,販売個数,十個,1448850.0,2021
2021,4,ヘアトリートメント,販売個数,十個,1554737.0,2021
2021,5,ヘアトリートメント,販売個数,十個,1450483.0,2021
2021,6,ヘアトリートメント,販売個数,十個,1475123.0,2021
2021,7,ヘアトリートメント,販売個数,十個,1529624.0,2021
2021,8,ヘアトリートメント,販売個数,十個,2227927.0,2021
2021,9,ヘアトリートメント,販売個数,十個,2051657.0,2021
2021,10,ヘアトリートメント,販売個数,十個,1263552.0,2021
2021,11,ヘアトリートメント,販売個数,十個,1315699.0,2021
2021,12,ヘアトリートメント,販売個数,十個,1279887.0,2021
2022,0,ヘアトリートメント,販売個数,十個,14241718.0,2023
2022,1,ヘアトリートメント,販売個数,十個,934143.0,2022
2022,2,ヘアトリートメント,販売個数,十個,1335993.0,2022
2022,3,ヘアトリートメント,販売個数,十個,1080198.0,2022
2022,4,ヘアトリートメント,販売個数,十個,1224338.0,2022
2022,5,ヘアトリートメント,販売個数,十個,1034503.0,2022
2022,6,ヘアトリートメント,販売個数,十個,1182689.0,2022
2022,7,ヘアトリートメント,販売個数,十個,1189087.0,2022
2022,8,ヘアトリートメント,販売個数,十個,1145897.0,2022
2022,9,ヘアトリートメント,販売個数,十個,1445880.0,2022
2022,10,ヘアトリートメント,販売個数,十個,1221180.0,2022
2022,11,ヘアトリートメント,販売個数,十個,1172665.0,2022
2022,12,ヘアトリートメント,販売個数,十個,1275145.0,2022
2023,0,ヘアトリートメント,販売個数,十個,12542530.0,2023
2023,1,ヘアトリートメント,販売個数,十個,747298.0,2023
2023,2,ヘアトリートメント,販売個数,十個,939891.0,2023
2023,3,ヘアトリートメント,販売個数,十個,1148687.0,2023
2023,4,ヘアトリートメント,販売個数,十個,1214952.0,2023
2023,5,ヘアトリートメント,販売個数,十個,985824.0,2023
2023,6,ヘアトリートメント,販売個数,十個,1010354.0,2023
2023,7,ヘアトリートメント,販売個数,十個,967615.0,2023
2023,8,ヘアトリートメント,販売個数,十個,938054.0,2023
2023,9,ヘアトリートメント,販売個数,十個,1151610.0,2023
2023,10,ヘアトリートメント,販売個数,十個,1278021.0,2023
2023,11,ヘアトリートメント,販売個数,十個,1111665.0,2023
2023,12,ヘアトリートメント,販売個数,十個,1048559.0,2023
2024,1,ヘアトリートメント,販売個数,十個,855042.0,2024
2024,2,ヘアトリートメント,販売個数,十個,935609.0,2024
2024,3,ヘアトリートメント,販売個数,十個,1110137.0,2024
2024,4,ヘアトリートメント,販売個数,十個,1180065.0,2024
2024,5,ヘアトリートメント,販売個数,十個,1077560.0,2024
2024,6,ヘアトリートメント,販売個数,十個,1046635.0,2024
2024,7,ヘアトリートメント,販売個数,十個,1153161.0,2024
2024,8,ヘアトリートメント,販売個数,十個,1060650.0,2024
2024,9,ヘアトリートメント,販売個数,十個,867519.0,2024
2024,10,ヘアトリートメント,販売個数,十個,895247.0,2024
2024,11,ヘアトリートメント,販売個数,十個,830654.0,2024
2024,12,ヘアトリートメント,販売個数,十個,908926.0,2024
2015,0,ヘアトリートメント,販売数量,kg,57740963.0,2019
2016,0,ヘアトリートメント,販売数量,kg,42868446.0,2020
2017,0,ヘアトリートメント,販売数量,kg,45589579.0,2021
2018,0,ヘアトリートメント,販売数量,kg,50480934.0,2022
2019,0,ヘアトリートメント,販売数量,kg,49137400.0,2023
2019,1,ヘアトリートメント,販売数量,kg,2793884.0,2019
2019,2,ヘアトリートメント,販売数量,kg,3331443.0,2019
2019,3,ヘアトリートメント,販売数量,kg,3931446.0,2019
2019,4,ヘアトリートメント,販売数量,kg,4255952.0,2019
2019,5,ヘアトリートメント,販売数量,kg,3803716.0,2019
2019,6,ヘアトリートメント,販売数量,kg,3832691.0,2019
2019,7,ヘアトリートメント,販売数量,kg,4475321.0,2019
2019,8,ヘアトリートメント,販売数量,kg,3862299.0,2019
2019,9,ヘアトリートメント,販売数量,kg,4119917.0,2019
2019,10,ヘアトリートメント,販売数量,kg,4955513.0,2019
2019,11,ヘアトリートメント,販売数量,kg,5003759.0,2019
2019,12,ヘアトリートメント,販売数量,kg,4771459.0,2019
2020,0,ヘアトリートメント,販売数量,kg,45380797.0,2023
2020,1,ヘアトリートメント,販売数量,kg,3126302.0,2020
2020,2,ヘアトリートメント,販売数量,kg,3509047.0,2020
2020,3,ヘアトリートメント,販売数量,kg,3548607.0,2020
2020,4,ヘアトリートメント,販売数量,kg,4630853.0,2020
2020,5,ヘアトリートメント,販売数量,kg,3434326.0,2020
2020,6,ヘアトリートメント,販売数量,kg,4593998.0,2020
2020,7,ヘアトリートメント,販売数量,kg,3300413.0,2020
2020,8,ヘアトリートメント,販売数量,kg,3237169.0,2020
2020,9,ヘアトリートメント,販売数量,kg,3437481.0,2020
2020,10,ヘアトリートメント,販売数量,kg,4301330.0,2020
2020,11,ヘアトリートメント,販売数量,kg,3452301.0,2020
2020,12,ヘアトリートメント,販売数量,kg,4392321.0,2020
2021,0,ヘアトリートメント,販売数量,kg,40819029.0,2023
2021,1,ヘアトリートメント,販売数量,kg,2601664.0,2021
2021,2,ヘアトリートメント,販売数量,kg,3625042.0,2021
2021,3,ヘアトリートメント,販売数量,kg,3432464.0,2021
2021,4,ヘアトリートメント,販売数量,kg,4302684.0,2021
2021,5,ヘアトリートメント,販売数量,kg,3021898.0,2021
2021,6,ヘアトリートメント,販売数量,kg,3239324.0,2021
2021,7,ヘアトリートメント,販売数量,kg,3325493.0,2021
2021,8,ヘアトリートメント,販売数量,kg,3286680.0,2021
2021,9,ヘアトリートメント,販売数量,kg,3356149.0,2021
2021,10,ヘアトリートメント,販売数量,kg,3038380.0,2021
2021,11,ヘアトリートメント,販売数量,kg,3530197.0,2021
2021,12,ヘアトリートメント,販売数量,kg,3139656.0,2021
2022,0,ヘアトリートメント,販売数量,kg,36016739.0,2023
2022,1,ヘアトリートメント,販売数量,kg,2449203.0,2022
2022,2,ヘアトリートメント,販売数量,kg,3640297.0,2022
2022,3,ヘアトリートメント,販売数量,kg,2555885.0,2022
2022,4,ヘアトリートメント,販売数量,kg,2978232.0,2022
2022,5,ヘアトリートメント,販売数量,kg,2522422.0,2022
2022,6,ヘアトリートメント,販売数量,kg,3266229.0,2022
2022,7,ヘアトリートメント,販売数量,kg,2790114.0,2022
2022,8,ヘアトリートメント,販売数量,kg,2676172.0,2022
2022,9,ヘアトリートメント,販売数量,kg,3660630.0,2022
2022,10,ヘアトリートメント,販売数量,kg,3039646.0,2022
2022,11,ヘアトリートメント,販売数量,kg,3172184.0,2022
2022,12,ヘアトリートメント,販売数量,kg,3265725.0,2022
2023,0,ヘアトリートメント,販売数量,kg,33511891.0,2023
2023,1,ヘアトリートメント,販売数量,kg,2165286.0,2023
2023,2,ヘアトリートメント,販売数量,kg,2391955.0,2023
2023,3,ヘアトリートメント,販売数量,kg,2947635.0,2023
2023,4,ヘアトリートメント,販売数量,kg,2954961.0,2023
2023,5,ヘアトリートメント,販売数量,kg,2512950.0,2023
2023,6,ヘアトリートメント,販売数量,kg,2894306.0,2023
2023,7,ヘアトリートメント,販売数量,kg,2656808.0,2023
2023,8,ヘアトリートメント,販売数量,kg,2580692.0,2023
2023,9,ヘアトリートメント,販売数量,kg,3073592.0,2023
2023,10,ヘアトリートメント,販売数量,kg,3131963.0,2023
2023,11,ヘアトリートメント,販売数量,kg,3266797.0,2023
2023,12,ヘアトリートメント,販売数量,kg,2934946.0,2023
2024,1,ヘアトリートメント,販売数量,kg,2120772.0,2024
2024,2,ヘアトリートメント,販売数量,kg,2397610.0,2024
2024,3,ヘアトリートメント,販売数量,kg,2646305.0,2024
2024,4,ヘアトリートメント,販売数量,kg,2821173.0,2024
2024,5,ヘアトリートメント,販売数量,kg,2713968.0,2024
2024,6,ヘアトリートメント,販売数量,kg,2813001.0,2024
2024,7,ヘアトリートメント,販売数量,kg,3010437.0,2024
2024,8,ヘアトリートメント,販売数量,kg,2498028.0,2024
2024,9,ヘアトリートメント,販売数量,kg,1615365.0,2024
2024,10,ヘアトリートメント,販売数量,kg,1804214.0,2024
2024,11,ヘアトリートメント,販売数量,kg,1704296.0,2024
2024,12,ヘアトリートメント,販売数量,kg,1760971.0,2024
2015,0,ヘアトリートメント,販売金額,千円,75936037.0,2019
2016,0,ヘアトリートメント,販売金額,千円,71475169.0,2020
2017,0,ヘアトリートメント,販売金額,千円,73947029.0,2021
2018,0,ヘアトリートメント,販売金額,千円,77341575.0,2022
2019,0,ヘアトリートメント,販売金額,千円,78314972.0,2023
2019,1,ヘアトリートメント,販売金額,千円,4637600.0,2019
2019,2,ヘアトリートメント,販売金額,千円,5242594.0,2019
2019,3,ヘアトリートメント,販売金額,千円,6476250.0,2019
2019,4,ヘアトリートメント,販売金額,千円,6426254.0,2019
2019,5,ヘアトリートメント,販売金額,千円,5874543.0,2019
2019,6,ヘアトリートメント,販売金額,千円,6409917.0,2019
2019,7,ヘアトリートメント,販売金額,千円,6871344.0,2019
2019,8,ヘアトリートメント,販売金額,千円,6285425.0,2019
2019,9,ヘアトリートメント,販売金額,千円,7025907.0,2019
2019,10,ヘアトリートメント,販売金額,千円,7593781.0,2019
2019,11,ヘアトリートメント,販売金額,千円,7572862.0,2019
2019,12,ヘアトリートメント,販売金額,千円,7898495.0,2019
2020,0,ヘアトリートメント,販売金額,千円,80097147.0,2023
2020,1,ヘアトリートメント,販売金額,千円,5183410.0,2020
2020,2,ヘアトリートメント,販売金額,千円,5904704.0,2020
2020,3,ヘアトリートメント,販売金額,千円,6594412.0,2020
2020,4,ヘアトリートメント,販売金額,千円,6559696.0,2020
2020,5,ヘアトリートメント,販売金額,千円,5420300.0,2020
2020,6,ヘアトリートメント,販売金額,千円,8256144.0,2020
2020,7,ヘアトリートメント,販売金額,千円,6264591.0,2020
2020,8,ヘアトリートメント,販売金額,千円,7294223.0,2020
2020,9,ヘアトリートメント,販売金額,千円,6271349.0,2020
2020,10,ヘアトリートメント,販売金額,千円,7188393.0,2020
2020,11,ヘアトリートメント,販売金額,千円,7110267.0,2020
2020,12,ヘアトリートメント,販売金額,千円,7677194.0,2020
2021,0,ヘアトリートメント,販売金額,千円,88437981.0,2023
2021,1,ヘアトリートメント,販売金額,千円,5289129.0,2021
2021,2,ヘアトリートメント,販売金額,千円,7227585.0,2021
2021,3,ヘアトリートメント,販売金額,千円,6462054.0,2021
2021,4,ヘアトリートメント,販売金額,千円,6761210.0,2021
2021,5,ヘアトリートメント,販売金額,千円,6988276.0,2021
2021,6,ヘアトリートメント,販売金額,千円,7408920.0,2021
2021,7,ヘアトリートメント,販売金額,千円,7550900.0,2021
2021,8,ヘアトリートメント,販売金額,千円,9563501.0,2021
2021,9,ヘアトリートメント,販売金額,千円,10342202.0,2021
2021,10,ヘアトリートメント,販売金額,千円,6257746.0,2021
2021,11,ヘアトリートメント,販売金額,千円,6950957.0,2021
2021,12,ヘアトリートメント,販売金額,千円,6446783.0,2021
2022,0,ヘアトリートメント,販売金額,千円,68806740.0,2023
2022,1,ヘアトリートメント,販売金額,千円,4508183.0,2022
2022,2,ヘアトリートメント,販売金額,千円,6279162.0,2022
2022,3,ヘアトリートメント,販売金額,千円,5295544.0,2022
2022,4,ヘアトリートメント,販売金額,千円,5879775.0,2022
2022,5,ヘアトリートメント,販売金額,千円,5129540.0,2022
2022,6,ヘアトリートメント,販売金額,千円,6128392.0,2022
2022,7,ヘアトリートメント,販売金額,千円,5208625.0,2022
2022,8,ヘアトリートメント,販売金額,千円,5222151.0,2022
2022,9,ヘアトリートメント,販売金額,千円,6422051.0,2022
2022,10,ヘアトリートメント,販売金額,千円,5850909.0,2022
2022,11,ヘアトリートメント,販売金額,千円,6359126.0,2022
2022,12,ヘアトリートメント,販売金額,千円,6523282.0,2022
2023,0,ヘアトリートメント,販売金額,千円,65872141.0,2023
2023,1,ヘアトリートメント,販売金額,千円,4179569.0,2023
2023,2,ヘアトリートメント,販売金額,千円,4509165.0,2023
2023,3,ヘアトリートメント,販売金額,千円,5747397.0,2023
2023,4,ヘアトリートメント,販売金額,千円,5915027.0,2023
2023,5,ヘアトリートメント,販売金額,千円,5198325.0,2023
2023,6,ヘアトリートメント,販売金額,千円,5825392.0,2023
2023,7,ヘアトリートメント,販売金額,千円,5051230.0,2023
2023,8,ヘアトリートメント,販売金額,千円,5057532.0,2023
2023,9,ヘアトリートメント,販売金額,千円,5652442.0,2023
2023,10,ヘアトリートメント,販売金額,千円,6103489.0,2023
2023,11,ヘアトリートメント,販売金額,千円,6558095.0,2023
2023,12,ヘアトリートメント,販売金額,千円,6074478.0,2023
2024,1,ヘアトリートメント,販売金額,千円,4464361.0,2024
2024,2,ヘアトリートメント,販売金額,千円,4634448.0,2024
2024,3,ヘアトリートメント,販売金額,千円,5374607.0,2024
2024,4,ヘアトリートメント,販売金額,千円,6039497.0,2024
2024,5,ヘアトリートメント,販売金額,千円,5590495.0,2024
2024,6,ヘアトリートメント,販売金額,千円,5986609.0,2024
2024,7,ヘアトリートメント,販売金額,千円,5936302.0,2024
2024,8,ヘアトリートメント,販売金額,千円,5173657.0,2024
2024,9,ヘアトリートメント,販売金額,千円,4441369.0,2024
2024,10,ヘアトリートメント,販売金額,千円,4806233.0,2024
2024,11,ヘアトリートメント,販売金額,千円,5035761.0,2024
2024,12,ヘアトリートメント,販売金額,千円,5292111.0,2024
2015,0,ヘアリンス,出荷その他,kg,8471354.0,2019
2016,0,ヘアリンス,出荷その他,kg,13065613.0,2020
2017,0,ヘアリンス,出荷その他,kg,16069824.0,2021
2018,0,ヘアリンス,出荷その他,kg,15188940.0,2022
2019,0,ヘアリンス,出荷その他,kg,13737544.0,2023
2019,1,ヘアリンス,出荷その他,kg,1009144.0,2019
2019,2,ヘアリンス,出荷その他,kg,1047064.0,2019
2019,3,ヘアリンス,出荷その他,kg,1296777.0,2019
2019,4,ヘアリンス,出荷その他,kg,1161810.0,2019
2019,5,ヘアリンス,出荷その他,kg,1136712.0,2019
2019,6,ヘアリンス,出荷その他,kg,1012844.0,2019
2019,7,ヘアリンス,出荷その他,kg,1844035.0,2019
2019,8,ヘアリンス,出荷その他,kg,917633.0,2019
2019,9,ヘアリンス,出荷その他,kg,917392.0,2019
2019,10,ヘアリンス,出荷その他,kg,1280553.0,2019
2019,11,ヘアリンス,出荷その他,kg,923764.0,2019
2019,12,ヘアリンス,出荷その他,kg,1189816.0,2019
2020,0,ヘアリンス,出荷その他,kg,7685961.0,2023
2020,1,ヘアリンス,出荷その他,kg,662324.0,2020
2020,2,ヘアリンス,出荷その他,kg,824728.0,2020
2020,3,ヘアリンス,出荷その他,kg,1091655.0,2020
2020,4,ヘアリンス,出荷その他,kg,735934.0,2020
2020,5,ヘアリンス,出荷その他,kg,684484.0,2020
2020,6,ヘアリンス,出荷その他,kg,775552.0,2020
2020,7,ヘアリンス,出荷その他,kg,918067.0,2020
2020,8,ヘアリンス,出荷その他,kg,500128.0,2020
2020,9,ヘアリンス,出荷その他,kg,1003152.0,2020
2020,10,ヘアリンス,出荷その他,kg,961712.0,2020
2020,11,ヘアリンス,出荷その他,kg,590476.0,2020
2020,12,ヘアリンス,出荷その他,kg,516522.0,2020
2021,0,ヘアリンス,出荷その他,kg,6593206.0,2023
2021,1,ヘアリンス,出荷その他,kg,236521.0,2021
2021,2,ヘアリンス,出荷その他,kg,426550.0,2021
2021,3,ヘアリンス,出荷その他,kg,332864.0,2021
2021,4,ヘアリンス,出荷その他,kg,923119.0,2021
2021,5,ヘアリンス,出荷その他,kg,441344.0,2021
2021,6,ヘアリンス,出荷その他,kg,502024.0,2021
2021,7,ヘアリンス,出荷その他,kg,415357.0,2021
2021,8,ヘアリンス,出荷その他,kg,470454.0,2021
2021,9,ヘアリンス,出荷その他,kg,811145.0,2021
2021,10,ヘアリンス,出荷その他,kg,726424.0,2021
2021,11,ヘアリンス,出荷その他,kg,726332.0,2021
2021,12,ヘアリンス,出荷その他,kg,942936.0,2021
2022,0,ヘアリンス,出荷その他,kg,5763988.0,2023
2022,1,ヘアリンス,出荷その他,kg,500163.0,2022
2022,2,ヘアリンス,出荷その他,kg,510691.0,2022
2022,3,ヘアリンス,出荷その他,kg,616792.0,2022
2022,4,ヘアリンス,出荷その他,kg,716441.0,2022
2022,5,ヘアリンス,出荷その他,kg,248695.0,2022
2022,6,ヘアリンス,出荷その他,kg,660070.0,2022
2022,7,ヘアリンス,出荷その他,kg,387641.0,2022
2022,8,ヘアリンス,出荷その他,kg,277825.0,2022
2022,9,ヘアリンス,出荷その他,kg,594313.0,2022
2022,10,ヘアリンス,出荷その他,kg,161807.0,2022
2022,11,ヘアリンス,出荷その他,kg,500016.0,2022
2022,12,ヘアリンス,出荷その他,kg,589534.0,2022
2023,0,ヘアリンス,出荷その他,kg,5816004.0,2023
2023,1,ヘアリンス,出荷その他,kg,1187633.0,2023
2023,2,ヘアリンス,出荷その他,kg,420068.0,2023
2023,3,ヘアリンス,出荷その他,kg,608969.0,2023
2023,4,ヘアリンス,出荷その他,kg,559586.0,2023
2023,5,ヘアリンス,出荷その他,kg,534292.0,2023
2023,6,ヘアリンス,出荷その他,kg,443077.0,2023
2023,7,ヘアリンス,出荷その他,kg,435236.0,2023
2023,8,ヘアリンス,出荷その他,kg,211279.0,2023
2023,9,ヘアリンス,出荷その他,kg,516704.0,2023
2023,10,ヘアリンス,出荷その他,kg,300677.0,2023
2023,11,ヘアリンス,出荷その他,kg,310204.0,2023
2023,12,ヘアリンス,出荷その他,kg,288279.0,2023
2024,1,ヘアリンス,出荷その他,kg,286455.0,2024
2024,2,ヘアリンス,出荷その他,kg,317702.0,2024
2024,3,ヘアリンス,出荷その他,kg,324280.0,2024
2024,4,ヘアリンス,出荷その他,kg,365671.0,2024
2024,5,ヘアリンス,出荷その他,kg,317208.0,2024
2024,6,ヘアリンス,出荷その他,kg,314524.0,2024
2024,7,ヘアリンス,出荷その他,kg,311873.0,2024
2024,8,ヘアリンス,出荷その他,kg,312246.0,2024
2024,9,ヘアリンス,出荷その他,kg,313241.0,2024
2024,10,ヘアリンス,出荷その他,kg,317124.0,2024
2024,11,ヘアリンス,出荷その他,kg,314817.0,2024
2024,12,ヘアリンス,出荷その他,kg,314353.0,2024
2015,0,ヘアリンス,受入,kg,808739.0,2019
2016,0,ヘアリンス,受入,kg,309662.0,2020
2017,0,ヘアリンス,受入,kg,1821449.0,2021
2018,0,ヘアリンス,受入,kg,2014899.0,2022
2019,0,ヘアリンス,受入,kg,1724324.0,2023
2019,1,ヘアリンス,受入,kg,54785.0,2019
2019,2,ヘアリンス,受入,kg,125867.0,2019
2019,3,ヘアリンス,受入,kg,126173.0,2019
2019,4,ヘアリンス,受入,kg,349709.0,2019
2019,5,ヘアリンス,受入,kg,272190.0,2019
2019,6,ヘアリンス,受入,kg,236227.0,2019
2019,7,ヘアリンス,受入,kg,185563.0,2019
2019,8,ヘアリンス,受入,kg,35180.0,2019
2019,9,ヘアリンス,受入,kg,94166.0,2019
2019,10,ヘアリンス,受入,kg,125030.0,2019
2019,11,ヘアリンス,受入,kg,61592.0,2019
2019,12,ヘアリンス,受入,kg,57842.0,2019
2020,0,ヘアリンス,受入,kg,387106.0,2023
2020,1,ヘアリンス,受入,kg,88177.0,2020
2020,2,ヘアリンス,受入,kg,89562.0,2020
2020,3,ヘアリンス,受入,kg,93079.0,2020
2020,4,ヘアリンス,受入,kg,64932.0,2020
2020,5,ヘアリンス,受入,kg,38478.0,2020
2020,6,ヘアリンス,受入,kg,86529.0,2020
2020,7,ヘアリンス,受入,kg,73836.0,2020
2020,8,ヘアリンス,受入,kg,85150.0,2020
2020,9,ヘアリンス,受入,kg,30415.0,2020
2020,10,ヘアリンス,受入,kg,72868.0,2020
2020,11,ヘアリンス,受入,kg,64503.0,2020
2020,12,ヘアリンス,受入,kg,63017.0,2020
2021,0,ヘアリンス,受入,kg,97552.0,2023
2021,1,ヘアリンス,受入,kg,56642.0,2021
2021,2,ヘアリンス,受入,kg,62984.0,2021
2021,3,ヘアリンス,受入,kg,50113.0,2021
2021,4,ヘアリンス,受入,kg,28156.0,2021
2021,5,ヘアリンス,受入,kg,49730.0,2021
2021,6,ヘアリンス,受入,kg,54936.0,2021
2021,7,ヘアリンス,受入,kg,9452.0,2021
2021,8,ヘアリンス,受入,kg,123890.0,2021
2021,9,ヘアリンス,受入,kg,44921.0,2021
2021,10,ヘアリンス,受入,kg,46403.0,2021
2021,11,ヘアリンス,受入,kg,38612.0,2021
2021,12,ヘアリンス,受入,kg,27361.0,2021
2022,0,ヘアリンス,受入,kg,283251.0,2023
2022,1,ヘアリンス,受入,kg,29598.0,2022
2022,2,ヘアリンス,受入,kg,16103.0,2022
2022,3,ヘアリンス,受入,kg,8378.0,2022
2022,4,ヘアリンス,受入,kg,15088.0,2022
2022,5,ヘアリンス,受入,kg,15358.0,2022
2022,6,ヘアリンス,受入,kg,4989.0,2022
2022,7,ヘアリンス,受入,kg,16490.0,2022
2022,8,ヘアリンス,受入,kg,29267.0,2022
2022,9,ヘアリンス,受入,kg,67061.0,2022
2022,10,ヘアリンス,受入,kg,44747.0,2022
2022,11,ヘアリンス,受入,kg,26001.0,2022
2022,12,ヘアリンス,受入,kg,10171.0,2022
2023,0,ヘアリンス,受入,kg,246659.0,2023
2023,1,ヘアリンス,受入,kg,17056.0,2023
2023,2,ヘアリンス,受入,kg,9008.0,2023
2023,3,ヘアリンス,受入,kg,28801.0,2023
2023,4,ヘアリンス,受入,kg,22422.0,2023
2023,5,ヘアリンス,受入,kg,13649.0,2023
2023,6,ヘアリンス,受入,kg,21703.0,2023
2023,7,ヘアリンス,受入,kg,2119.0,2023
2023,8,ヘアリンス,受入,kg,40106.0,2023
2023,9,ヘアリンス,受入,kg,17451.0,2023
2023,10,ヘアリンス,受入,kg,49177.0,2023
2023,11,ヘアリンス,受入,kg,20591.0,2023
2023,12,ヘアリンス,受入,kg,4576.0,2023
2024,1,ヘアリンス,受入,kg,36251.0,2024
2024,2,ヘアリンス,受入,kg,55170.0,2024
2024,3,ヘアリンス,受入,kg,80962.0,2024
2024,4,ヘアリンス,受入,kg,39287.0,2024
2024,5,ヘアリンス,受入,kg,42014.0,2024
2024,6,ヘアリンス,受入,kg,39847.0,2024
2024,7,ヘアリンス,受入,kg,41568.0,2024
2024,8,ヘアリンス,受入,kg,48801.0,2024
2024,9,ヘアリンス,受入,kg,39052.0,2024
2024,10,ヘアリンス,受入,kg,35167.0,2024
2024,11,ヘアリンス,受入,kg,46376.0,2024
2024,12,ヘアリンス,受入,kg,27215.0,2024
2015,0,ヘアリンス,月末在庫,kg,5539890.0,2019
2016,0,ヘアリンス,月末在庫,kg,5818966.0,2020
2017,0,ヘアリンス,月末在庫,kg,6513413.0,2021
2018,0,ヘアリンス,月末在庫,kg,7639203.0,2022
2019,0,ヘアリンス,月末在庫,kg,8951407.0,2023
2019,1,ヘアリンス,月末在庫,kg,9108962.0,2019
2019,2,ヘアリンス,月末在庫,kg,9456857.0,2019
2019,3,ヘアリンス,月末在庫,kg,10017635.0,2019
2019,4,ヘアリンス,月末在庫,kg,10676905.0,2019
2019,5,ヘアリンス,月末在庫,kg,11188743.0,2019
2019,6,ヘアリンス,月末在庫,kg,11701487.0,2019
2019,7,ヘアリンス,月末在庫,kg,12076039.0,2019
2019,8,ヘアリンス,月末在庫,kg,12048837.0,2019
2019,9,ヘアリンス,月末在庫,kg,10872504.0,2019
2019,10,ヘアリンス,月末在庫,kg,10038272.0,2019
2019,11,ヘアリンス,月末在庫,kg,10539587.0,2019
2019,12,ヘアリンス,月末在庫,kg,8951407.0,2019
2020,0,ヘアリンス,月末在庫,kg,7240917.0,2023
2020,1,ヘアリンス,月末在庫,kg,9848855.0,2020
2020,2,ヘアリンス,月末在庫,kg,9947369.0,2020
2020,3,ヘアリンス,月末在庫,kg,9570620.0,2020
2020,4,ヘアリンス,月末在庫,kg,9360959.0,2020
2020,5,ヘアリンス,月末在庫,kg,9369255.0,2020
2020,6,ヘアリンス,月末在庫,kg,9337957.0,2020
2020,7,ヘアリンス,月末在庫,kg,9225836.0,2020
2020,8,ヘアリンス,月末在庫,kg,8719177.0,2020
2020,9,ヘアリンス,月末在庫,kg,8342833.0,2020
2020,10,ヘアリンス,月末在庫,kg,8645812.0,2020
2020,11,ヘアリンス,月末在庫,kg,8775364.0,2020
2020,12,ヘアリンス,月末在庫,kg,7226848.0,2020
2021,0,ヘアリンス,月末在庫,kg,6837890.0,2023
2021,1,ヘアリンス,月末在庫,kg,7718452.0,2021
2021,2,ヘアリンス,月末在庫,kg,7463123.0,2021
2021,3,ヘアリンス,月末在庫,kg,6783828.0,2021
2021,4,ヘアリンス,月末在庫,kg,7437335.0,2021
2021,5,ヘアリンス,月末在庫,kg,7827639.0,2021
2021,6,ヘアリンス,月末在庫,kg,7855111.0,2021
2021,7,ヘアリンス,月末在庫,kg,8363033.0,2021
2021,8,ヘアリンス,月末在庫,kg,8170944.0,2021
2021,9,ヘアリンス,月末在庫,kg,7455980.0,2021
2021,10,ヘアリンス,月末在庫,kg,7829317.0,2021
2021,11,ヘアリンス,月末在庫,kg,7314786.0,2021
2021,12,ヘアリンス,月末在庫,kg,5827697.0,2021
2022,0,ヘアリンス,月末在庫,kg,7430156.0,2023
2022,1,ヘアリンス,月末在庫,kg,7686765.0,2022
2022,2,ヘアリンス,月末在庫,kg,7785795.0,2022
2022,3,ヘアリンス,月末在庫,kg,7801687.0,2022
2022,4,ヘアリンス,月末在庫,kg,8368120.0,2022
2022,5,ヘアリンス,月末在庫,kg,8465886.0,2022
2022,6,ヘアリンス,月末在庫,kg,8542987.0,2022
2022,7,ヘアリンス,月末在庫,kg,9207561.0,2022
2022,8,ヘアリンス,月末在庫,kg,8314742.0,2022
2022,9,ヘアリンス,月末在庫,kg,8640903.0,2022
2022,10,ヘアリンス,月末在庫,kg,8612337.0,2022
2022,11,ヘアリンス,月末在庫,kg,8232165.0,2022
2022,12,ヘアリンス,月末在庫,kg,7430156.0,2022
2023,0,ヘアリンス,月末在庫,kg,7292228.0,2023
2023,1,ヘアリンス,月末在庫,kg,7543124.0,2023
2023,2,ヘアリンス,月末在庫,kg,8402890.0,2023
2023,3,ヘアリンス,月末在庫,kg,8103881.0,2023
2023,4,ヘアリンス,月末在庫,kg,8523371.0,2023
2023,5,ヘアリンス,月末在庫,kg,8051360.0,2023
2023,6,ヘアリンス,月末在庫,kg,7757185.0,2023
2023,7,ヘアリンス,月末在庫,kg,7994101.0,2023
2023,8,ヘアリンス,月末在庫,kg,7797112.0,2023
2023,9,ヘアリンス,月末在庫,kg,7378219.0,2023
2023,10,ヘアリンス,月末在庫,kg,7791231.0,2023
2023,11,ヘアリンス,月末在庫,kg,7570801.0,2023
2023,12,ヘアリンス,月末在庫,kg,7292228.0,2023
2024,1,ヘアリンス,月末在庫,kg,7509544.0,2024
2024,2,ヘアリンス,月末在庫,kg,7788115.0,2024
2024,3,ヘアリンス,月末在庫,kg,7912355.0,2024
2024,4,ヘアリンス,月末在庫,kg,7611669.0,2024
2024,5,ヘアリンス,月末在庫,kg,7391978.0,2024
2024,6,ヘアリンス,月末在庫,kg,7404436.0,2024
2024,7,ヘアリンス,月末在庫,kg,7895538.0,2024
2024,8,ヘアリンス,月末在庫,kg,7414954.0,2024
2024,9,ヘアリンス,月末在庫,kg,7532179.0,2024
2024,10,ヘアリンス,月末在庫,kg,7398679.0,2024
2024,11,ヘアリンス,月末在庫,kg,7315267.0,2024
2024,12,ヘアリンス,月末在庫,kg,7118510.0,2024
2015,0,ヘアリンス,生産,kg,54015381.0,2019
2016,0,ヘアリンス,生産,kg,60758943.0,2020
2017,0,ヘアリンス,生産,kg,61267941.0,2021
2018,0,ヘアリンス,生産,kg,61126540.0,2022
2019,0,ヘアリンス,生産,kg,63607017.0,2023
2019,1,ヘアリンス,生産,kg,5359363.0,2019
2019,2,ヘアリンス,生産,kg,4933711.0,2019
2019,3,ヘアリンス,生産,kg,6115540.0,2019
2019,4,ヘアリンス,生産,kg,5270978.0,2019
2019,5,ヘアリンス,生産,kg,4933879.0,2019
2019,6,ヘアリンス,生産,kg,5535204.0,2019
2019,7,ヘアリンス,生産,kg,6871512.0,2019
2019,8,ヘアリンス,生産,kg,5402327.0,2019
2019,9,ヘアリンス,生産,kg,4661304.0,2019
2019,10,ヘアリンス,生産,kg,4872962.0,2019
2019,11,ヘアリンス,生産,kg,5000696.0,2019
2019,12,ヘアリンス,生産,kg,4649541.0,2019
2020,0,ヘアリンス,生産,kg,53066545.0,2023
2020,1,ヘアリンス,生産,kg,4294804.0,2020
2020,2,ヘアリンス,生産,kg,4675982.0,2020
2020,3,ヘアリンス,生産,kg,5078764.0,2020
2020,4,ヘアリンス,生産,kg,4468530.0,2020
2020,5,ヘアリンス,生産,kg,3759495.0,2020
2020,6,ヘアリンス,生産,kg,4957362.0,2020
2020,7,ヘアリンス,生産,kg,4645260.0,2020
2020,8,ヘアリンス,生産,kg,3702211.0,2020
2020,9,ヘアリンス,生産,kg,5035852.0,2020
2020,10,ヘアリンス,生産,kg,4952856.0,2020
2020,11,ヘアリンス,生産,kg,4470177.0,2020
2020,12,ヘアリンス,生産,kg,3533130.0,2020
2021,0,ヘアリンス,生産,kg,52413660.0,2023
2021,1,ヘアリンス,生産,kg,3082972.0,2021
2021,2,ヘアリンス,生産,kg,3510505.0,2021
2021,3,ヘアリンス,生産,kg,3784314.0,2021
2021,4,ヘアリンス,生産,kg,5286070.0,2021
2021,5,ヘアリンス,生産,kg,3764817.0,2021
2021,6,ヘアリンス,生産,kg,4786429.0,2021
2021,7,ヘアリンス,生産,kg,4037142.0,2021
2021,8,ヘアリンス,生産,kg,3736987.0,2021
2021,9,ヘアリンス,生産,kg,4031488.0,2021
2021,10,ヘアリンス,生産,kg,4231155.0,2021
2021,11,ヘアリンス,生産,kg,3740633.0,2021
2021,12,ヘアリンス,生産,kg,3516411.0,2021
2022,0,ヘアリンス,生産,kg,55135763.0,2023
2022,1,ヘアリンス,生産,kg,3980154.0,2022
2022,2,ヘアリンス,生産,kg,4266826.0,2022
2022,3,ヘアリンス,生産,kg,5058213.0,2022
2022,4,ヘアリンス,生産,kg,4992669.0,2022
2022,5,ヘアリンス,生産,kg,3862159.0,2022
2022,6,ヘアリンス,生産,kg,5170011.0,2022
2022,7,ヘアリンス,生産,kg,4979649.0,2022
2022,8,ヘアリンス,生産,kg,3933194.0,2022
2022,9,ヘアリンス,生産,kg,5159284.0,2022
2022,10,ヘアリンス,生産,kg,4475772.0,2022
2022,11,ヘアリンス,生産,kg,4995799.0,2022
2022,12,ヘアリンス,生産,kg,4262033.0,2022
2023,0,ヘアリンス,生産,kg,46038867.0,2023
2023,1,ヘアリンス,生産,kg,3792449.0,2023
2023,2,ヘアリンス,生産,kg,4066186.0,2023
2023,3,ヘアリンス,生産,kg,4559352.0,2023
2023,4,ヘアリンス,生産,kg,4264479.0,2023
2023,5,ヘアリンス,生産,kg,3108558.0,2023
2023,6,ヘアリンス,生産,kg,3574564.0,2023
2023,7,ヘアリンス,生産,kg,3970253.0,2023
2023,8,ヘアリンス,生産,kg,3230943.0,2023
2023,9,ヘアリンス,生産,kg,3941369.0,2023
2023,10,ヘアリンス,生産,kg,4036182.0,2023
2023,11,ヘアリンス,生産,kg,3778244.0,2023
2023,12,ヘアリンス,生産,kg,3716288.0,2023
2024,1,ヘアリンス,生産,kg,3253536.0,2024
2024,2,ヘアリンス,生産,kg,3626855.0,2024
2024,3,ヘアリンス,生産,kg,3873482.0,2024
2024,4,ヘアリンス,生産,kg,3626383.0,2024
2024,5,ヘアリンス,生産,kg,3740924.0,2024
2024,6,ヘアリンス,生産,kg,3799917.0,2024
2024,7,ヘアリンス,生産,kg,4756467.0,2024
2024,8,ヘアリンス,生産,kg,3272361.0,2024
2024,9,ヘアリンス,生産,kg,3992641.0,2024
2024,10,ヘアリンス,生産,kg,4061985.0,2024
2024,11,ヘアリンス,生産,kg,3806709.0,2024
2024,12,ヘアリンス,生産,kg,3739415.0,2024
2015,0,ヘアリンス,販売個数,十個,12876727.0,2019
2016,0,ヘアリンス,販売個数,十個,12660187.0,2020
2017,0,ヘアリンス,販売個数,十個,12145682.0,2021
2018,0,ヘアリンス,販売個数,十個,12004966.0,2022
2019,0,ヘアリンス,販売個数,十個,12624098.0,2023
2019,1,ヘアリンス,販売個数,十個,765955.0,2019
2019,2,ヘアリンス,販売個数,十個,965342.0,2019
2019,3,ヘアリンス,販売個数,十個,1129411.0,2019
2019,4,ヘアリンス,販売個数,十個,933748.0,2019
2019,5,ヘアリンス,販売個数,十個,856464.0,2019
2019,6,ヘアリンス,販売個数,十個,1081346.0,2019
2019,7,ヘアリンス,販売個数,十個,1184734.0,2019
2019,8,ヘアリンス,販売個数,十個,1132436.0,2019
2019,9,ヘアリンス,販売個数,十個,1240164.0,2019
2019,10,ヘアリンス,販売個数,十個,1117162.0,2019
2019,11,ヘアリンス,販売個数,十個,972058.0,2019
2019,12,ヘアリンス,販売個数,十個,1245278.0,2019
2020,0,ヘアリンス,販売個数,十個,11525365.0,2023
2020,1,ヘアリンス,販売個数,十個,721859.0,2020
2020,2,ヘアリンス,販売個数,十個,956868.0,2020
2020,3,ヘアリンス,販売個数,十個,1095283.0,2020
2020,4,ヘアリンス,販売個数,十個,954864.0,2020
2020,5,ヘアリンス,販売個数,十個,776651.0,2020
2020,6,ヘアリンス,販売個数,十個,1064998.0,2020
2020,7,ヘアリンス,販売個数,十個,962888.0,2020
2020,8,ヘアリンス,販売個数,十個,924759.0,2020
2020,9,ヘアリンス,販売個数,十個,1058924.0,2020
2020,10,ヘアリンス,販売個数,十個,915934.0,2020
2020,11,ヘアリンス,販売個数,十個,912198.0,2020
2020,12,ヘアリンス,販売個数,十個,1099849.0,2020
2021,0,ヘアリンス,販売個数,十個,11285270.0,2023
2021,1,ヘアリンス,販売個数,十個,593655.0,2021
2021,2,ヘアリンス,販売個数,十個,821772.0,2021
2021,3,ヘアリンス,販売個数,十個,1042237.0,2021
2021,4,ヘアリンス,販売個数,十個,939352.0,2021
2021,5,ヘアリンス,販売個数,十個,725679.0,2021
2021,6,ヘアリンス,販売個数,十個,1015856.0,2021
2021,7,ヘアリンス,販売個数,十個,766953.0,2021
2021,8,ヘアリンス,販売個数,十個,849938.0,2021
2021,9,ヘアリンス,販売個数,十個,966327.0,2021
2021,10,ヘアリンス,販売個数,十個,758638.0,2021
2021,11,ヘアリンス,販売個数,十個,828166.0,2021
2021,12,ヘアリンス,販売個数,十個,995463.0,2021
2022,0,ヘアリンス,販売個数,十個,11746559.0,2023
2022,1,ヘアリンス,販売個数,十個,661887.0,2022
2022,2,ヘアリンス,販売個数,十個,902102.0,2022
2022,3,ヘアリンス,販売個数,十個,1099926.0,2022
2022,4,ヘアリンス,販売個数,十個,890303.0,2022
2022,5,ヘアリンス,販売個数,十個,829741.0,2022
2022,6,ヘアリンス,販売個数,十個,1032757.0,2022
2022,7,ヘアリンス,販売個数,十個,944350.0,2022
2022,8,ヘアリンス,販売個数,十個,1122654.0,2022
2022,9,ヘアリンス,販売個数,十個,1094217.0,2022
2022,10,ヘアリンス,販売個数,十個,1025459.0,2022
2022,11,ヘアリンス,販売個数,十個,1108672.0,2022
2022,12,ヘアリンス,販売個数,十個,1034491.0,2022
2023,0,ヘアリンス,販売個数,十個,9501650.0,2023
2023,1,ヘアリンス,販売個数,十個,642516.0,2023
2023,2,ヘアリンス,販売個数,十個,674380.0,2023
2023,3,ヘアリンス,販売個数,十個,1016857.0,2023
2023,4,ヘアリンス,販売個数,十個,789788.0,2023
2023,5,ヘアリンス,販売個数,十個,722491.0,2023
2023,6,ヘアリンス,販売個数,十個,786900.0,2023
2023,7,ヘアリンス,販売個数,十個,771662.0,2023
2023,8,ヘアリンス,販売個数,十個,762204.0,2023
2023,9,ヘアリンス,販売個数,十個,907951.0,2023
2023,10,ヘアリンス,販売個数,十個,750246.0,2023
2023,11,ヘアリンス,販売個数,十個,848410.0,2023
2023,12,ヘアリンス,販売個数,十個,828245.0,2023
2024,1,ヘアリンス,販売個数,十個,629595.0,2024
2024,2,ヘアリンス,販売個数,十個,691202.0,2024
2024,3,ヘアリンス,販売個数,十個,820907.0,2024
2024,4,ヘアリンス,販売個数,十個,833429.0,2024
2024,5,ヘアリンス,販売個数,十個,801954.0,2024
2024,6,ヘアリンス,販売個数,十個,785296.0,2024
2024,7,ヘアリンス,販売個数,十個,920105.0,2024
2024,8,ヘアリンス,販売個数,十個,787070.0,2024
2024,9,ヘアリンス,販売個数,十個,825350.0,2024
2024,10,ヘアリンス,販売個数,十個,883305.0,2024
2024,11,ヘアリンス,販売個数,十個,838227.0,2024
2024,12,ヘアリンス,販売個数,十個,853908.0,2024
2015,0,ヘアリンス,販売数量,kg,45753471.0,2019
2016,0,ヘアリンス,販売数量,kg,47458061.0,2020
2017,0,ヘアリンス,販売数量,kg,46316536.0,2021
2018,0,ヘアリンス,販売数量,kg,46686894.0,2022
2019,0,ヘアリンス,販売数量,kg,49997140.0,2023
2019,1,ヘアリンス,販売数量,kg,2928360.0,2019
2019,2,ヘアリンス,販売数量,kg,3656720.0,2019
2019,3,ヘアリンス,販売数量,kg,4400749.0,2019
2019,4,ヘアリンス,販売数量,kg,3791442.0,2019
2019,5,ヘアリンス,販売数量,kg,3516573.0,2019
2019,6,ヘアリンス,販売数量,kg,4185249.0,2019
2019,7,ヘアリンス,販売数量,kg,4804410.0,2019
2019,8,ヘアリンス,販売数量,kg,4530586.0,2019
2019,9,ヘアリンス,販売数量,kg,4947907.0,2019
2019,10,ヘアリンス,販売数量,kg,4533260.0,2019
2019,11,ヘアリンス,販売数量,kg,3617778.0,2019
2019,12,ヘアリンス,販売数量,kg,5084106.0,2019
2020,0,ヘアリンス,販売数量,kg,46899076.0,2023
2020,1,ヘアリンス,販売数量,kg,2815438.0,2020
2020,2,ヘアリンス,販売数量,kg,3826331.0,2020
2020,3,ヘアリンス,販売数量,kg,4449334.0,2020
2020,4,ヘアリンス,販売数量,kg,3999832.0,2020
2020,5,ヘアリンス,販売数量,kg,3054929.0,2020
2020,6,ヘアリンス,販売数量,kg,4261393.0,2020
2020,7,ヘアリンス,販売数量,kg,3905179.0,2020
2020,8,ヘアリンス,販売数量,kg,3791665.0,2020
2020,9,ヘアリンス,販売数量,kg,4434092.0,2020
2020,10,ヘアリンス,販売数量,kg,3757811.0,2020
2020,11,ヘアリンス,販売数量,kg,3807196.0,2020
2020,12,ヘアリンス,販売数量,kg,4606901.0,2020
2021,0,ヘアリンス,販売数量,kg,46163168.0,2023
2021,1,ヘアリンス,販売数量,kg,2414895.0,2021
2021,2,ヘアリンス,販売数量,kg,3395666.0,2021
2021,3,ヘアリンス,販売数量,kg,4084792.0,2021
2021,4,ヘアリンス,販売数量,kg,3724310.0,2021
2021,5,ヘアリンス,販売数量,kg,2972172.0,2021
2021,6,ヘアリンス,販売数量,kg,4294089.0,2021
2021,7,ヘアリンス,販売数量,kg,3118329.0,2021
2021,8,ヘアリンス,販売数量,kg,3578521.0,2021
2021,9,ヘアリンス,販売数量,kg,3962219.0,2021
2021,10,ヘアリンス,販売数量,kg,3173039.0,2021
2021,11,ヘアリンス,販売数量,kg,3561428.0,2021
2021,12,ヘアリンス,販売数量,kg,4074704.0,2021
2022,0,ヘアリンス,販売数量,kg,48923830.0,2023
2022,1,ヘアリンス,販売数量,kg,2662658.0,2022
2022,2,ヘアリンス,販売数量,kg,3667921.0,2022
2022,3,ヘアリンス,販売数量,kg,4428680.0,2022
2022,4,ヘアリンス,販売数量,kg,3721414.0,2022
2022,5,ヘアリンス,販売数量,kg,3524269.0,2022
2022,6,ヘアリンス,販売数量,kg,4419522.0,2022
2022,7,ヘアリンス,販売数量,kg,3937800.0,2022
2022,8,ヘアリンス,販売数量,kg,4575782.0,2022
2022,9,ヘアリンス,販売数量,kg,4300164.0,2022
2022,10,ヘアリンス,販売数量,kg,4351255.0,2022
2022,11,ヘアリンス,販売数量,kg,4878974.0,2022
2022,12,ヘアリンス,販売数量,kg,4455391.0,2022
2023,0,ヘアリンス,販売数量,kg,39964850.0,2023
2023,1,ヘアリンス,販売数量,kg,2477658.0,2023
2023,2,ヘアリンス,販売数量,kg,2779016.0,2023
2023,3,ヘアリンス,販売数量,kg,4156379.0,2023
2023,4,ヘアリンス,販売数量,kg,3288891.0,2023
2023,5,ヘアリンス,販売数量,kg,3026105.0,2023
2023,6,ヘアリンス,販売数量,kg,3407708.0,2023
2023,7,ヘアリンス,販売数量,kg,3169870.0,2023
2023,8,ヘアリンス,販売数量,kg,3223932.0,2023
2023,9,ヘアリンス,販売数量,kg,3806418.0,2023
2023,10,ヘアリンス,販売数量,kg,3365555.0,2023
2023,11,ヘアリンス,販売数量,kg,3635761.0,2023
2023,12,ヘアリンス,販売数量,kg,3627557.0,2023
2024,1,ヘアリンス,販売数量,kg,2752552.0,2024
2024,2,ヘアリンス,販売数量,kg,3015430.0,2024
2024,3,ヘアリンス,販売数量,kg,3379813.0,2024
2024,4,ヘアリンス,販売数量,kg,3516353.0,2024
2024,5,ヘアリンス,販売数量,kg,3590889.0,2024
2024,6,ヘアリンス,販売数量,kg,3399410.0,2024
2024,7,ヘアリンス,販売数量,kg,3937525.0,2024
2024,8,ヘアリンス,販売数量,kg,3402747.0,2024
2024,9,ヘアリンス,販売数量,kg,3528564.0,2024
2024,10,ヘアリンス,販売数量,kg,3877944.0,2024
2024,11,ヘアリンス,販売数量,kg,3581867.0,2024
2024,12,ヘアリンス,販売数量,kg,3562337.0,2024
2015,0,ヘアリンス,販売金額,千円,28696162.0,2019
2016,0,ヘアリンス,販売金額,千円,28536808.0,2020
2017,0,ヘアリンス,販売金額,千円,26292038.0,2021
2018,0,ヘアリンス,販売金額,千円,25736087.0,2022
2019,0,ヘアリンス,販売金額,千円,27783851.0,2023
2019,1,ヘアリンス,販売金額,千円,1754814.0,2019
2019,2,ヘアリンス,販売金額,千円,2007031.0,2019
2019,3,ヘアリンス,販売金額,千円,2451718.0,2019
2019,4,ヘアリンス,販売金額,千円,2241825.0,2019
2019,5,ヘアリンス,販売金額,千円,2062142.0,2019
2019,6,ヘアリンス,販売金額,千円,2330816.0,2019
2019,7,ヘアリンス,販売金額,千円,2713400.0,2019
2019,8,ヘアリンス,販売金額,千円,2391939.0,2019
2019,9,ヘアリンス,販売金額,千円,2757132.0,2019
2019,10,ヘアリンス,販売金額,千円,2348192.0,2019
2019,11,ヘアリンス,販売金額,千円,2056149.0,2019
2019,12,ヘアリンス,販売金額,千円,2668693.0,2019
2020,0,ヘアリンス,販売金額,千円,25330112.0,2023
2020,1,ヘアリンス,販売金額,千円,1577282.0,2020
2020,2,ヘアリンス,販売金額,千円,2158822.0,2020
2020,3,ヘアリンス,販売金額,千円,2223342.0,2020
2020,4,ヘアリンス,販売金額,千円,2106336.0,2020
2020,5,ヘアリンス,販売金額,千円,1651103.0,2020
2020,6,ヘアリンス,販売金額,千円,2117678.0,2020
2020,7,ヘアリンス,販売金額,千円,2220804.0,2020
2020,8,ヘアリンス,販売金額,千円,2130083.0,2020
2020,9,ヘアリンス,販売金額,千円,2277035.0,2020
2020,10,ヘアリンス,販売金額,千円,2269769.0,2020
2020,11,ヘアリンス,販売金額,千円,2112646.0,2020
2020,12,ヘアリンス,販売金額,千円,2325127.0,2020
2021,0,ヘアリンス,販売金額,千円,23928904.0,2023
2021,1,ヘアリンス,販売金額,千円,1274794.0,2021
2021,2,ヘアリンス,販売金額,千円,1644479.0,2021
2021,3,ヘアリンス,販売金額,千円,1939784.0,2021
2021,4,ヘアリンス,販売金額,千円,2058759.0,2021
2021,5,ヘアリンス,販売金額,千円,1471319.0,2021
2021,6,ヘアリンス,販売金額,千円,1906457.0,2021
2021,7,ヘアリンス,販売金額,千円,1645429.0,2021
2021,8,ヘアリンス,販売金額,千円,1688716.0,2021
2021,9,ヘアリンス,販売金額,千円,1908643.0,2021
2021,10,ヘアリンス,販売金額,千円,1803713.0,2021
2021,11,ヘアリンス,販売金額,千円,1755765.0,2021
2021,12,ヘアリンス,販売金額,千円,1865633.0,2021
2022,0,ヘアリンス,販売金額,千円,26371410.0,2023
2022,1,ヘアリンス,販売金額,千円,1555710.0,2022
2022,2,ヘアリンス,販売金額,千円,1921669.0,2022
2022,3,ヘアリンス,販売金額,千円,2201238.0,2022
2022,4,ヘアリンス,販売金額,千円,2030417.0,2022
2022,5,ヘアリンス,販売金額,千円,1856148.0,2022
2022,6,ヘアリンス,販売金額,千円,2151567.0,2022
2022,7,ヘアリンス,販売金額,千円,2150153.0,2022
2022,8,ヘアリンス,販売金額,千円,2580815.0,2022
2022,9,ヘアリンス,販売金額,千円,2405016.0,2022
2022,10,ヘアリンス,販売金額,千円,2395794.0,2022
2022,11,ヘアリンス,販売金額,千円,2571273.0,2022
2022,12,ヘアリンス,販売金額,千円,2551610.0,2022
2023,0,ヘアリンス,販売金額,千円,23674375.0,2023
2023,1,ヘアリンス,販売金額,千円,1576688.0,2023
2023,2,ヘアリンス,販売金額,千円,1670434.0,2023
2023,3,ヘアリンス,販売金額,千円,2149468.0,2023
2023,4,ヘアリンス,販売金額,千円,2036598.0,2023
2023,5,ヘアリンス,販売金額,千円,1806505.0,2023
2023,6,ヘアリンス,販売金額,千円,2016311.0,2023
2023,7,ヘアリンス,販売金額,千円,1917542.0,2023
2023,8,ヘアリンス,販売金額,千円,1931363.0,2023
2023,9,ヘアリンス,販売金額,千円,2217329.0,2023
2023,10,ヘアリンス,販売金額,千円,1995613.0,2023
2023,11,ヘアリンス,販売金額,千円,2167598.0,2023
2023,12,ヘアリンス,販売金額,千円,2188926.0,2023
2024,1,ヘアリンス,販売金額,千円,1506011.0,2024
2024,2,ヘアリンス,販売金額,千円,1650178.0,2024
2024,3,ヘアリンス,販売金額,千円,1958065.0,2024
2024,4,ヘアリンス,販売金額,千円,2332789.0,2024
2024,5,ヘアリンス,販売金額,千円,2049880.0,2024
2024,6,ヘアリンス,販売金額,千円,1971168.0,2024
2024,7,ヘアリンス,販売金額,千円,2439372.0,2024
2024,8,ヘアリンス,販売金額,千円,2012851.0,2024
2024,9,ヘアリンス,販売金額,千円,2190705.0,2024
2024,10,ヘアリンス,販売金額,千円,2528342.0,2024
2024,11,ヘアリンス,販売金額,千円,2192807.0,2024
2024,12,ヘアリンス,販売金額,千円,2331696.0,2024
2015,0,ポマード・チック・ヘアクリーム・香油,出荷その他,kg,94540.0,2019
2016,0,ポマード・チック・ヘアクリーム・香油,出荷その他,kg,120531.0,2020
2017,0,ポマード・チック・ヘアクリーム・香油,出荷その他,kg,88933.0,2021
2018,0,ポマード・チック・ヘアクリーム・香油,出荷その他,kg,67063.0,2022
2019,0,ポマード・チック・ヘアクリーム・香油,出荷その他,kg,96512.0,2023
2019,1,ポマード・チック・ヘアクリーム・香油,出荷その他,kg,5130.0,2019
2019,2,ポマード・チック・ヘアクリーム・香油,出荷その他,kg,6141.0,2019
2019,3,ポマード・チック・ヘアクリーム・香油,出荷その他,kg,7290.0,2019
2019,4,ポマード・チック・ヘアクリーム・香油,出荷その他,kg,6995.0,2019
2019,5,ポマード・チック・ヘアクリーム・香油,出荷その他,kg,5987.0,2019
2019,6,ポマード・チック・ヘアクリーム・香油,出荷その他,kg,7532.0,2019
2019,7,ポマード・チック・ヘアクリーム・香油,出荷その他,kg,7297.0,2019
2019,8,ポマード・チック・ヘアクリーム・香油,出荷その他,kg,3967.0,2019
2019,9,ポマード・チック・ヘアクリーム・香油,出荷その他,kg,12600.0,2019
2019,10,ポマード・チック・ヘアクリーム・香油,出荷その他,kg,6474.0,2019
2019,11,ポマード・チック・ヘアクリーム・香油,出荷その他,kg,12531.0,2019
2019,12,ポマード・チック・ヘアクリーム・香油,出荷その他,kg,14568.0,2019
2020,0,ポマード・チック・ヘアクリーム・香油,出荷その他,kg,71347.0,2023
2020,1,ポマード・チック・ヘアクリーム・香油,出荷その他,kg,4707.0,2020
2020,2,ポマード・チック・ヘアクリーム・香油,出荷その他,kg,7968.0,2020
2020,3,ポマード・チック・ヘアクリーム・香油,出荷その他,kg,5113.0,2020
2020,4,ポマード・チック・ヘアクリーム・香油,出荷その他,kg,3883.0,2020
2020,5,ポマード・チック・ヘアクリーム・香油,出荷その他,kg,6796.0,2020
2020,6,ポマード・チック・ヘアクリーム・香油,出荷その他,kg,6558.0,2020
2020,7,ポマード・チック・ヘアクリーム・香油,出荷その他,kg,2725.0,2020
2020,8,ポマード・チック・ヘアクリーム・香油,出荷その他,kg,3562.0,2020
2020,9,ポマード・チック・ヘアクリーム・香油,出荷その他,kg,4618.0,2020
2020,10,ポマード・チック・ヘアクリーム・香油,出荷その他,kg,11156.0,2020
2020,11,ポマード・チック・ヘアクリーム・香油,出荷その他,kg,7005.0,2020
2020,12,ポマード・チック・ヘアクリーム・香油,出荷その他,kg,7256.0,2020
2021,0,ポマード・チック・ヘアクリーム・香油,出荷その他,kg,67625.0,2023
2021,1,ポマード・チック・ヘアクリーム・香油,出荷その他,kg,3131.0,2021
2021,2,ポマード・チック・ヘアクリーム・香油,出荷その他,kg,2828.0,2021
2021,3,ポマード・チック・ヘアクリーム・香油,出荷その他,kg,4293.0,2021
2021,4,ポマード・チック・ヘアクリーム・香油,出荷その他,kg,9299.0,2021
2021,5,ポマード・チック・ヘアクリーム・香油,出荷その他,kg,6849.0,2021
2021,6,ポマード・チック・ヘアクリーム・香油,出荷その他,kg,14303.0,2021
2021,7,ポマード・チック・ヘアクリーム・香油,出荷その他,kg,3182.0,2021
2021,8,ポマード・チック・ヘアクリーム・香油,出荷その他,kg,3610.0,2021
2021,9,ポマード・チック・ヘアクリーム・香油,出荷その他,kg,3437.0,2021
2021,10,ポマード・チック・ヘアクリーム・香油,出荷その他,kg,3774.0,2021
2021,11,ポマード・チック・ヘアクリーム・香油,出荷その他,kg,5435.0,2021
2021,12,ポマード・チック・ヘアクリーム・香油,出荷その他,kg,4425.0,2021
2022,0,ポマード・チック・ヘアクリーム・香油,出荷その他,kg,68722.0,2023
2022,1,ポマード・チック・ヘアクリーム・香油,出荷その他,kg,4147.0,2022
2022,2,ポマード・チック・ヘアクリーム・香油,出荷その他,kg,2666.0,2022
2022,3,ポマード・チック・ヘアクリーム・香油,出荷その他,kg,8253.0,2022
2022,4,ポマード・チック・ヘアクリーム・香油,出荷その他,kg,7467.0,2022
2022,5,ポマード・チック・ヘアクリーム・香油,出荷その他,kg,13513.0,2022
2022,6,ポマード・チック・ヘアクリーム・香油,出荷その他,kg,4555.0,2022
2022,7,ポマード・チック・ヘアクリーム・香油,出荷その他,kg,13100.0,2022
2022,8,ポマード・チック・ヘアクリーム・香油,出荷その他,kg,2709.0,2022
2022,9,ポマード・チック・ヘアクリーム・香油,出荷その他,kg,2133.0,2022
2022,10,ポマード・チック・ヘアクリーム・香油,出荷その他,kg,2380.0,2022
2022,11,ポマード・チック・ヘアクリーム・香油,出荷その他,kg,2992.0,2022
2022,12,ポマード・チック・ヘアクリーム・香油,出荷その他,kg,4807.0,2022
2023,0,ポマード・チック・ヘアクリーム・香油,出荷その他,kg,39911.0,2023
2023,1,ポマード・チック・ヘアクリーム・香油,出荷その他,kg,1469.0,2023
2023,2,ポマード・チック・ヘアクリーム・香油,出荷その他,kg,2643.0,2023
2023,3,ポマード・チック・ヘアクリーム・香油,出荷その他,kg,8171.0,2023
2023,4,ポマード・チック・ヘアクリーム・香油,出荷その他,kg,8636.0,2023
2023,5,ポマード・チック・ヘアクリーム・香油,出荷その他,kg,7167.0,2023
2023,6,ポマード・チック・ヘアクリーム・香油,出荷その他,kg,2376.0,2023
2023,7,ポマード・チック・ヘアクリーム・香油,出荷その他,kg,1356.0,2023
2023,8,ポマード・チック・ヘアクリーム・香油,出荷その他,kg,1163.0,2023
2023,9,ポマード・チック・ヘアクリーム・香油,出荷その他,kg,1035.0,2023
2023,10,ポマード・チック・ヘアクリーム・香油,出荷その他,kg,2138.0,2023
2023,11,ポマード・チック・ヘアクリーム・香油,出荷その他,kg,2415.0,2023
2023,12,ポマード・チック・ヘアクリーム・香油,出荷その他,kg,1342.0,2023
2024,1,ポマード・チック・ヘアクリーム・香油,出荷その他,kg,929.0,2024
2024,2,ポマード・チック・ヘアクリーム・香油,出荷その他,kg,1924.0,2024
2024,3,ポマード・チック・ヘアクリーム・香油,出荷その他,kg,3287.0,2024
2024,4,ポマード・チック・ヘアクリーム・香油,出荷その他,kg,4330.0,2024
2024,5,ポマード・チック・ヘアクリーム・香油,出荷その他,kg,9577.0,2024
2024,6,ポマード・チック・ヘアクリーム・香油,出荷その他,kg,1322.0,2024
2024,7,ポマード・チック・ヘアクリーム・香油,出荷その他,kg,932.0,2024
2024,8,ポマード・チック・ヘアクリーム・香油,出荷その他,kg,848.0,2024
2024,9,ポマード・チック・ヘアクリーム・香油,出荷その他,kg,1226.0,2024
2024,10,ポマード・チック・ヘアクリーム・香油,出荷その他,kg,2310.0,2024
2024,11,ポマード・チック・ヘアクリーム・香油,出荷その他,kg,1660.0,2024
2024,12,ポマード・チック・ヘアクリーム・香油,出荷その他,kg,1618.0,2024
2015,0,ポマード・チック・ヘアクリーム・香油,受入,kg,105645.0,2019
2016,0,ポマード・チック・ヘアクリーム・香油,受入,kg,89602.0,2020
2017,0,ポマード・チック・ヘアクリーム・香油,受入,kg,108144.0,2021
2018,0,ポマード・チック・ヘアクリーム・香油,受入,kg,93937.0,2022
2019,0,ポマード・チック・ヘアクリーム・香油,受入,kg,87816.0,2023
2019,1,ポマード・チック・ヘアクリーム・香油,受入,kg,6305.0,2019
2019,2,ポマード・チック・ヘアクリーム・香油,受入,kg,7253.0,2019
2019,3,ポマード・チック・ヘアクリーム・香油,受入,kg,11402.0,2019
2019,4,ポマード・チック・ヘアクリーム・香油,受入,kg,8063.0,2019
2019,5,ポマード・チック・ヘアクリーム・香油,受入,kg,6167.0,2019
2019,6,ポマード・チック・ヘアクリーム・香油,受入,kg,6291.0,2019
2019,7,ポマード・チック・ヘアクリーム・香油,受入,kg,8141.0,2019
2019,8,ポマード・チック・ヘアクリーム・香油,受入,kg,9667.0,2019
2019,9,ポマード・チック・ヘアクリーム・香油,受入,kg,5739.0,2019
2019,10,ポマード・チック・ヘアクリーム・香油,受入,kg,5678.0,2019
2019,11,ポマード・チック・ヘアクリーム・香油,受入,kg,9961.0,2019
2019,12,ポマード・チック・ヘアクリーム・香油,受入,kg,3149.0,2019
2020,0,ポマード・チック・ヘアクリーム・香油,受入,kg,62617.0,2023
2020,1,ポマード・チック・ヘアクリーム・香油,受入,kg,4801.0,2020
2020,2,ポマード・チック・ヘアクリーム・香油,受入,kg,3829.0,2020
2020,3,ポマード・チック・ヘアクリーム・香油,受入,kg,3812.0,2020
2020,4,ポマード・チック・ヘアクリーム・香油,受入,kg,6458.0,2020
2020,5,ポマード・チック・ヘアクリーム・香油,受入,kg,5389.0,2020
2020,6,ポマード・チック・ヘアクリーム・香油,受入,kg,4737.0,2020
2020,7,ポマード・チック・ヘアクリーム・香油,受入,kg,9290.0,2020
2020,8,ポマード・チック・ヘアクリーム・香油,受入,kg,5571.0,2020
2020,9,ポマード・チック・ヘアクリーム・香油,受入,kg,4807.0,2020
2020,10,ポマード・チック・ヘアクリーム・香油,受入,kg,5372.0,2020
2020,11,ポマード・チック・ヘアクリーム・香油,受入,kg,2751.0,2020
2020,12,ポマード・チック・ヘアクリーム・香油,受入,kg,5800.0,2020
2021,0,ポマード・チック・ヘアクリーム・香油,受入,kg,82123.0,2023
2021,1,ポマード・チック・ヘアクリーム・香油,受入,kg,3084.0,2021
2021,2,ポマード・チック・ヘアクリーム・香油,受入,kg,2392.0,2021
2021,3,ポマード・チック・ヘアクリーム・香油,受入,kg,6338.0,2021
2021,4,ポマード・チック・ヘアクリーム・香油,受入,kg,4501.0,2021
2021,5,ポマード・チック・ヘアクリーム・香油,受入,kg,5914.0,2021
2021,6,ポマード・チック・ヘアクリーム・香油,受入,kg,14080.0,2021
2021,7,ポマード・チック・ヘアクリーム・香油,受入,kg,8555.0,2021
2021,8,ポマード・チック・ヘアクリーム・香油,受入,kg,7324.0,2021
2021,9,ポマード・チック・ヘアクリーム・香油,受入,kg,7645.0,2021
2021,10,ポマード・チック・ヘアクリーム・香油,受入,kg,7234.0,2021
2021,11,ポマード・チック・ヘアクリーム・香油,受入,kg,8802.0,2021
2021,12,ポマード・チック・ヘアクリーム・香油,受入,kg,6254.0,2021
2022,0,ポマード・チック・ヘアクリーム・香油,受入,kg,102696.0,2023
2022,1,ポマード・チック・ヘアクリーム・香油,受入,kg,15129.0,2022
2022,2,ポマード・チック・ヘアクリーム・香油,受入,kg,6534.0,2022
2022,3,ポマード・チック・ヘアクリーム・香油,受入,kg,16701.0,2022
2022,4,ポマード・チック・ヘアクリーム・香油,受入,kg,5253.0,2022
2022,5,ポマード・チック・ヘアクリーム・香油,受入,kg,6872.0,2022
2022,6,ポマード・チック・ヘアクリーム・香油,受入,kg,4019.0,2022
2022,7,ポマード・チック・ヘアクリーム・香油,受入,kg,6780.0,2022
2022,8,ポマード・チック・ヘアクリーム・香油,受入,kg,3710.0,2022
2022,9,ポマード・チック・ヘアクリーム・香油,受入,kg,13060.0,2022
2022,10,ポマード・チック・ヘアクリーム・香油,受入,kg,6380.0,2022
2022,11,ポマード・チック・ヘアクリーム・香油,受入,kg,12038.0,2022
2022,12,ポマード・チック・ヘアクリーム・香油,受入,kg,6220.0,2022
2023,0,ポマード・チック・ヘアクリーム・香油,受入,kg,61406.0,2023
2023,1,ポマード・チック・ヘアクリーム・香油,受入,kg,4116.0,2023
2023,2,ポマード・チック・ヘアクリーム・香油,受入,kg,16009.0,2023
2023,3,ポマード・チック・ヘアクリーム・香油,受入,kg,12574.0,2023
2023,4,ポマード・チック・ヘアクリーム・香油,受入,kg,8506.0,2023
2023,5,ポマード・チック・ヘアクリーム・香油,受入,kg,7680.0,2023
2023,6,ポマード・チック・ヘアクリーム・香油,受入,kg,1449.0,2023
2023,7,ポマード・チック・ヘアクリーム・香油,受入,kg,802.0,2023
2023,8,ポマード・チック・ヘアクリーム・香油,受入,kg,1027.0,2023
2023,9,ポマード・チック・ヘアクリーム・香油,受入,kg,854.0,2023
2023,10,ポマード・チック・ヘアクリーム・香油,受入,kg,2949.0,2023
2023,11,ポマード・チック・ヘアクリーム・香油,受入,kg,4546.0,2023
2023,12,ポマード・チック・ヘアクリーム・香油,受入,kg,894.0,2023
2024,1,ポマード・チック・ヘアクリーム・香油,受入,kg,668.0,2024
2024,2,ポマード・チック・ヘアクリーム・香油,受入,kg,3313.0,2024
2024,3,ポマード・チック・ヘアクリーム・香油,受入,kg,2011.0,2024
2024,4,ポマード・チック・ヘアクリーム・香油,受入,kg,1443.0,2024
2024,5,ポマード・チック・ヘアクリーム・香油,受入,kg,1513.0,2024
2024,6,ポマード・チック・ヘアクリーム・香油,受入,kg,1474.0,2024
2024,7,ポマード・チック・ヘアクリーム・香油,受入,kg,1054.0,2024
2024,8,ポマード・チック・ヘアクリーム・香油,受入,kg,1958.0,2024
2024,9,ポマード・チック・ヘアクリーム・香油,受入,kg,1065.0,2024
2024,10,ポマード・チック・ヘアクリーム・香油,受入,kg,2338.0,2024
2024,11,ポマード・チック・ヘアクリーム・香油,受入,kg,3605.0,2024
2024,12,ポマード・チック・ヘアクリーム・香油,受入,kg,1369.0,2024
2015,0,ポマード・チック・ヘアクリーム・香油,月末在庫,kg,567712.0,2019
2016,0,ポマード・チック・ヘアクリーム・香油,月末在庫,kg,451787.0,2020
2017,0,ポマード・チック・ヘアクリーム・香油,月末在庫,kg,508511.0,2021
2018,0,ポマード・チック・ヘアクリーム・香油,月末在庫,kg,559064.0,2022
2019,0,ポマード・チック・ヘアクリーム・香油,月末在庫,kg,626403.0,2023
2019,1,ポマード・チック・ヘアクリーム・香油,月末在庫,kg,566565.0,2019
2019,2,ポマード・チック・ヘアクリーム・香油,月末在庫,kg,590022.0,2019
2019,3,ポマード・チック・ヘアクリーム・香油,月末在庫,kg,577437.0,2019
2019,4,ポマード・チック・ヘアクリーム・香油,月末在庫,kg,573281.0,2019
2019,5,ポマード・チック・ヘアクリーム・香油,月末在庫,kg,617419.0,2019
2019,6,ポマード・チック・ヘアクリーム・香油,月末在庫,kg,638653.0,2019
2019,7,ポマード・チック・ヘアクリーム・香油,月末在庫,kg,647968.0,2019
2019,8,ポマード・チック・ヘアクリーム・香油,月末在庫,kg,655500.0,2019
2019,9,ポマード・チック・ヘアクリーム・香油,月末在庫,kg,616112.0,2019
2019,10,ポマード・チック・ヘアクリーム・香油,月末在庫,kg,627781.0,2019
2019,11,ポマード・チック・ヘアクリーム・香油,月末在庫,kg,659443.0,2019
2019,12,ポマード・チック・ヘアクリーム・香油,月末在庫,kg,626403.0,2019
2020,0,ポマード・チック・ヘアクリーム・香油,月末在庫,kg,543430.0,2023
2020,1,ポマード・チック・ヘアクリーム・香油,月末在庫,kg,645092.0,2020
2020,2,ポマード・チック・ヘアクリーム・香油,月末在庫,kg,666964.0,2020
2020,3,ポマード・チック・ヘアクリーム・香油,月末在庫,kg,696604.0,2020
2020,4,ポマード・チック・ヘアクリーム・香油,月末在庫,kg,825626.0,2020
2020,5,ポマード・チック・ヘアクリーム・香油,月末在庫,kg,926896.0,2020
2020,6,ポマード・チック・ヘアクリーム・香油,月末在庫,kg,963085.0,2020
2020,7,ポマード・チック・ヘアクリーム・香油,月末在庫,kg,893637.0,2020
2020,8,ポマード・チック・ヘアクリーム・香油,月末在庫,kg,823166.0,2020
2020,9,ポマード・チック・ヘアクリーム・香油,月末在庫,kg,755570.0,2020
2020,10,ポマード・チック・ヘアクリーム・香油,月末在庫,kg,677542.0,2020
2020,11,ポマード・チック・ヘアクリーム・香油,月末在庫,kg,593831.0,2020
2020,12,ポマード・チック・ヘアクリーム・香油,月末在庫,kg,543379.0,2020
2021,0,ポマード・チック・ヘアクリーム・香油,月末在庫,kg,504739.0,2023
2021,1,ポマード・チック・ヘアクリーム・香油,月末在庫,kg,569589.0,2021
2021,2,ポマード・チック・ヘアクリーム・香油,月末在庫,kg,555923.0,2021
2021,3,ポマード・チック・ヘアクリーム・香油,月末在庫,kg,515235.0,2021
2021,4,ポマード・チック・ヘアクリーム・香油,月末在庫,kg,493960.0,2021
2021,5,ポマード・チック・ヘアクリーム・香油,月末在庫,kg,520099.0,2021
2021,6,ポマード・チック・ヘアクリーム・香油,月末在庫,kg,540160.0,2021
2021,7,ポマード・チック・ヘアクリーム・香油,月末在庫,kg,505591.0,2021
2021,8,ポマード・チック・ヘアクリーム・香油,月末在庫,kg,502077.0,2021
2021,9,ポマード・チック・ヘアクリーム・香油,月末在庫,kg,538444.0,2021
2021,10,ポマード・チック・ヘアクリーム・香油,月末在庫,kg,589090.0,2021
2021,11,ポマード・チック・ヘアクリーム・香油,月末在庫,kg,542687.0,2021
2021,12,ポマード・チック・ヘアクリーム・香油,月末在庫,kg,488910.0,2021
2022,0,ポマード・チック・ヘアクリーム・香油,月末在庫,kg,488118.0,2023
2022,1,ポマード・チック・ヘアクリーム・香油,月末在庫,kg,523116.0,2022
2022,2,ポマード・チック・ヘアクリーム・香油,月末在庫,kg,530871.0,2022
2022,3,ポマード・チック・ヘアクリーム・香油,月末在庫,kg,550843.0,2022
2022,4,ポマード・チック・ヘアクリーム・香油,月末在庫,kg,552270.0,2022
2022,5,ポマード・チック・ヘアクリーム・香油,月末在庫,kg,508226.0,2022
2022,6,ポマード・チック・ヘアクリーム・香油,月末在庫,kg,518826.0,2022
2022,7,ポマード・チック・ヘアクリーム・香油,月末在庫,kg,498765.0,2022
2022,8,ポマード・チック・ヘアクリーム・香油,月末在庫,kg,516180.0,2022
2022,9,ポマード・チック・ヘアクリーム・香油,月末在庫,kg,508872.0,2022
2022,10,ポマード・チック・ヘアクリーム・香油,月末在庫,kg,523788.0,2022
2022,11,ポマード・チック・ヘアクリーム・香油,月末在庫,kg,511077.0,2022
2022,12,ポマード・チック・ヘアクリーム・香油,月末在庫,kg,488118.0,2022
2023,0,ポマード・チック・ヘアクリーム・香油,月末在庫,kg,505667.0,2023
2023,1,ポマード・チック・ヘアクリーム・香油,月末在庫,kg,508194.0,2023
2023,2,ポマード・チック・ヘアクリーム・香油,月末在庫,kg,540657.0,2023
2023,3,ポマード・チック・ヘアクリーム・香油,月末在庫,kg,550755.0,2023
2023,4,ポマード・チック・ヘアクリーム・香油,月末在庫,kg,521556.0,2023
2023,5,ポマード・チック・ヘアクリーム・香油,月末在庫,kg,552574.0,2023
2023,6,ポマード・チック・ヘアクリーム・香油,月末在庫,kg,529548.0,2023
2023,7,ポマード・チック・ヘアクリーム・香油,月末在庫,kg,506798.0,2023
2023,8,ポマード・チック・ヘアクリーム・香油,月末在庫,kg,547839.0,2023
2023,9,ポマード・チック・ヘアクリーム・香油,月末在庫,kg,561332.0,2023
2023,10,ポマード・チック・ヘアクリーム・香油,月末在庫,kg,576687.0,2023
2023,11,ポマード・チック・ヘアクリーム・香油,月末在庫,kg,533833.0,2023
2023,12,ポマード・チック・ヘアクリーム・香油,月末在庫,kg,505667.0,2023
2024,1,ポマード・チック・ヘアクリーム・香油,月末在庫,kg,539670.0,2024
2024,2,ポマード・チック・ヘアクリーム・香油,月末在庫,kg,570982.0,2024
2024,3,ポマード・チック・ヘアクリーム・香油,月末在庫,kg,594908.0,2024
2024,4,ポマード・チック・ヘアクリーム・香油,月末在庫,kg,542996.0,2024
2024,5,ポマード・チック・ヘアクリーム・香油,月末在庫,kg,566618.0,2024
2024,6,ポマード・チック・ヘアクリーム・香油,月末在庫,kg,551976.0,2024
2024,7,ポマード・チック・ヘアクリーム・香油,月末在庫,kg,550970.0,2024
2024,8,ポマード・チック・ヘアクリーム・香油,月末在庫,kg,537047.0,2024
2024,9,ポマード・チック・ヘアクリーム・香油,月末在庫,kg,539173.0,2024
2024,10,ポマード・チック・ヘアクリーム・香油,月末在庫,kg,581590.0,2024
2024,11,ポマード・チック・ヘアクリーム・香油,月末在庫,kg,586079.0,2024
2024,12,ポマード・チック・ヘアクリーム・香油,月末在庫,kg,542085.0,2024
2015,0,ポマード・チック・ヘアクリーム・香油,生産,kg,3447001.0,2019
2016,0,ポマード・チック・ヘアクリーム・香油,生産,kg,3374006.0,2020
2017,0,ポマード・チック・ヘアクリーム・香油,生産,kg,3283097.0,2021
2018,0,ポマード・チック・ヘアクリーム・香油,生産,kg,3267507.0,2022
2019,0,ポマード・チック・ヘアクリーム・香油,生産,kg,3284946.0,2023
2019,1,ポマード・チック・ヘアクリーム・香油,生産,kg,221116.0,2019
2019,2,ポマード・チック・ヘアクリーム・香油,生産,kg,255094.0,2019
2019,3,ポマード・チック・ヘアクリーム・香油,生産,kg,259375.0,2019
2019,4,ポマード・チック・ヘアクリーム・香油,生産,kg,312328.0,2019
2019,5,ポマード・チック・ヘアクリーム・香油,生産,kg,282836.0,2019
2019,6,ポマード・チック・ヘアクリーム・香油,生産,kg,274297.0,2019
2019,7,ポマード・チック・ヘアクリーム・香油,生産,kg,291441.0,2019
2019,8,ポマード・チック・ヘアクリーム・香油,生産,kg,265124.0,2019
2019,9,ポマード・チック・ヘアクリーム・香油,生産,kg,278622.0,2019
2019,10,ポマード・チック・ヘアクリーム・香油,生産,kg,293678.0,2019
2019,11,ポマード・チック・ヘアクリーム・香油,生産,kg,290794.0,2019
2019,12,ポマード・チック・ヘアクリーム・香油,生産,kg,260241.0,2019
2020,0,ポマード・チック・ヘアクリーム・香油,生産,kg,2607385.0,2023
2020,1,ポマード・チック・ヘアクリーム・香油,生産,kg,235170.0,2020
2020,2,ポマード・チック・ヘアクリーム・香油,生産,kg,251145.0,2020
2020,3,ポマード・チック・ヘアクリーム・香油,生産,kg,273220.0,2020
2020,4,ポマード・チック・ヘアクリーム・香油,生産,kg,353715.0,2020
2020,5,ポマード・チック・ヘアクリーム・香油,生産,kg,252540.0,2020
2020,6,ポマード・チック・ヘアクリーム・香油,生産,kg,236624.0,2020
2020,7,ポマード・チック・ヘアクリーム・香油,生産,kg,169644.0,2020
2020,8,ポマード・チック・ヘアクリーム・香油,生産,kg,123127.0,2020
2020,9,ポマード・チック・ヘアクリーム・香油,生産,kg,169645.0,2020
2020,10,ポマード・チック・ヘアクリーム・香油,生産,kg,186752.0,2020
2020,11,ポマード・チック・ヘアクリーム・香油,生産,kg,148155.0,2020
2020,12,ポマード・チック・ヘアクリーム・香油,生産,kg,207597.0,2020
2021,0,ポマード・チック・ヘアクリーム・香油,生産,kg,2552850.0,2023
2021,1,ポマード・チック・ヘアクリーム・香油,生産,kg,187429.0,2021
2021,2,ポマード・チック・ヘアクリーム・香油,生産,kg,174735.0,2021
2021,3,ポマード・チック・ヘアクリーム・香油,生産,kg,210682.0,2021
2021,4,ポマード・チック・ヘアクリーム・香油,生産,kg,211353.0,2021
2021,5,ポマード・チック・ヘアクリーム・香油,生産,kg,212717.0,2021
2021,6,ポマード・チック・ヘアクリーム・香油,生産,kg,237904.0,2021
2021,7,ポマード・チック・ヘアクリーム・香油,生産,kg,210739.0,2021
2021,8,ポマード・チック・ヘアクリーム・香油,生産,kg,180193.0,2021
2021,9,ポマード・チック・ヘアクリーム・香油,生産,kg,241486.0,2021
2021,10,ポマード・チック・ヘアクリーム・香油,生産,kg,260886.0,2021
2021,11,ポマード・チック・ヘアクリーム・香油,生産,kg,191489.0,2021
2021,12,ポマード・チック・ヘアクリーム・香油,生産,kg,193499.0,2021
2022,0,ポマード・チック・ヘアクリーム・香油,生産,kg,2690003.0,2023
2022,1,ポマード・チック・ヘアクリーム・香油,生産,kg,204125.0,2022
2022,2,ポマード・チック・ヘアクリーム・香油,生産,kg,187297.0,2022
2022,3,ポマード・チック・ヘアクリーム・香油,生産,kg,242011.0,2022
2022,4,ポマード・チック・ヘアクリーム・香油,生産,kg,246833.0,2022
2022,5,ポマード・チック・ヘアクリーム・香油,生産,kg,179953.0,2022
2022,6,ポマード・チック・ヘアクリーム・香油,生産,kg,238569.0,2022
2022,7,ポマード・チック・ヘアクリーム・香油,生産,kg,226201.0,2022
2022,8,ポマード・チック・ヘアクリーム・香油,生産,kg,229254.0,2022
2022,9,ポマード・チック・ヘアクリーム・香油,生産,kg,230663.0,2022
2022,10,ポマード・チック・ヘアクリーム・香油,生産,kg,235178.0,2022
2022,11,ポマード・チック・ヘアクリーム・香油,生産,kg,224543.0,2022
2022,12,ポマード・チック・ヘアクリーム・香油,生産,kg,245376.0,2022
2023,0,ポマード・チック・ヘアクリーム・香油,生産,kg,2864774.0,2023
2023,1,ポマード・チック・ヘアクリーム・香油,生産,kg,192325.0,2023
2023,2,ポマード・チック・ヘアクリーム・香油,生産,kg,252329.0,2023
2023,3,ポマード・チック・ヘアクリーム・香油,生産,kg,285821.0,2023
2023,4,ポマード・チック・ヘアクリーム・香油,生産,kg,225101.0,2023
2023,5,ポマード・チック・ヘアクリーム・香油,生産,kg,238932.0,2023
2023,6,ポマード・チック・ヘアクリーム・香油,生産,kg,217372.0,2023
2023,7,ポマード・チック・ヘアクリーム・香油,生産,kg,238553.0,2023
2023,8,ポマード・チック・ヘアクリーム・香油,生産,kg,257629.0,2023
2023,9,ポマード・チック・ヘアクリーム・香油,生産,kg,241270.0,2023
2023,10,ポマード・チック・ヘアクリーム・香油,生産,kg,285867.0,2023
2023,11,ポマード・チック・ヘアクリーム・香油,生産,kg,212090.0,2023
2023,12,ポマード・チック・ヘアクリーム・香油,生産,kg,217485.0,2023
2024,1,ポマード・チック・ヘアクリーム・香油,生産,kg,223542.0,2024
2024,2,ポマード・チック・ヘアクリーム・香油,生産,kg,229650.0,2024
2024,3,ポマード・チック・ヘアクリーム・香油,生産,kg,252715.0,2024
2024,4,ポマード・チック・ヘアクリーム・香油,生産,kg,211923.0,2024
2024,5,ポマード・チック・ヘアクリーム・香油,生産,kg,224970.0,2024
2024,6,ポマード・チック・ヘアクリーム・香油,生産,kg,198842.0,2024
2024,7,ポマード・チック・ヘアクリーム・香油,生産,kg,303422.0,2024
2024,8,ポマード・チック・ヘアクリーム・香油,生産,kg,222733.0,2024
2024,9,ポマード・チック・ヘアクリーム・香油,生産,kg,239815.0,2024
2024,10,ポマード・チック・ヘアクリーム・香油,生産,kg,307066.0,2024
2024,11,ポマード・チック・ヘアクリーム・香油,生産,kg,246777.0,2024
2024,12,ポマード・チック・ヘアクリーム・香油,生産,kg,227473.0,2024
2015,0,ポマード・チック・ヘアクリーム・香油,販売個数,十個,4599675.0,2019
2016,0,ポマード・チック・ヘアクリーム・香油,販売個数,十個,4419094.0,2020
2017,0,ポマード・チック・ヘアクリーム・香油,販売個数,十個,4206903.0,2021
2018,0,ポマード・チック・ヘアクリーム・香油,販売個数,十個,4230764.0,2022
2019,0,ポマード・チック・ヘアクリーム・香油,販売個数,十個,4254137.0,2023
2019,1,ポマード・チック・ヘアクリーム・香油,販売個数,十個,279273.0,2019
2019,2,ポマード・チック・ヘアクリーム・香油,販売個数,十個,325482.0,2019
2019,3,ポマード・チック・ヘアクリーム・香油,販売個数,十個,370882.0,2019
2019,4,ポマード・チック・ヘアクリーム・香油,販売個数,十個,416815.0,2019
2019,5,ポマード・チック・ヘアクリーム・香油,販売個数,十個,315436.0,2019
2019,6,ポマード・チック・ヘアクリーム・香油,販売個数,十個,326630.0,2019
2019,7,ポマード・チック・ヘアクリーム・香油,販売個数,十個,374570.0,2019
2019,8,ポマード・チック・ヘアクリーム・香油,販売個数,十個,352577.0,2019
2019,9,ポマード・チック・ヘアクリーム・香油,販売個数,十個,400142.0,2019
2019,10,ポマード・チック・ヘアクリーム・香油,販売個数,十個,358723.0,2019
2019,11,ポマード・チック・ヘアクリーム・香油,販売個数,十個,369104.0,2019
2019,12,ポマード・チック・ヘアクリーム・香油,販売個数,十個,364503.0,2019
2020,0,ポマード・チック・ヘアクリーム・香油,販売個数,十個,3362752.0,2023
2020,1,ポマード・チック・ヘアクリーム・香油,販売個数,十個,288045.0,2020
2020,2,ポマード・チック・ヘアクリーム・香油,販売個数,十個,301058.0,2020
2020,3,ポマード・チック・ヘアクリーム・香油,販売個数,十個,314385.0,2020
2020,4,ポマード・チック・ヘアクリーム・香油,販売個数,十個,271443.0,2020
2020,5,ポマード・チック・ヘアクリーム・香油,販売個数,十個,175585.0,2020
2020,6,ポマード・チック・ヘアクリーム・香油,販売個数,十個,258934.0,2020
2020,7,ポマード・チック・ヘアクリーム・香油,販売個数,十個,302326.0,2020
2020,8,ポマード・チック・ヘアクリーム・香油,販売個数,十個,239790.0,2020
2020,9,ポマード・チック・ヘアクリーム・香油,販売個数,十個,297585.0,2020
2020,10,ポマード・チック・ヘアクリーム・香油,販売個数,十個,320701.0,2020
2020,11,ポマード・チック・ヘアクリーム・香油,販売個数,十個,279512.0,2020
2020,12,ポマード・チック・ヘアクリーム・香油,販売個数,十個,313388.0,2020
2021,0,ポマード・チック・ヘアクリーム・香油,販売個数,十個,3261282.0,2023
2021,1,ポマード・チック・ヘアクリーム・香油,販売個数,十個,199643.0,2021
2021,2,ポマード・チック・ヘアクリーム・香油,販売個数,十個,234432.0,2021
2021,3,ポマード・チック・ヘアクリーム・香油,販売個数,十個,334299.0,2021
2021,4,ポマード・チック・ヘアクリーム・香油,販売個数,十個,291846.0,2021
2021,5,ポマード・チック・ヘアクリーム・香油,販売個数,十個,232641.0,2021
2021,6,ポマード・チック・ヘアクリーム・香油,販売個数,十個,265818.0,2021
2021,7,ポマード・チック・ヘアクリーム・香油,販売個数,十個,316553.0,2021
2021,8,ポマード・チック・ヘアクリーム・香油,販売個数,十個,225202.0,2021
2021,9,ポマード・チック・ヘアクリーム・香油,販売個数,十個,259303.0,2021
2021,10,ポマード・チック・ヘアクリーム・香油,販売個数,十個,262186.0,2021
2021,11,ポマード・チック・ヘアクリーム・香油,販売個数,十個,293999.0,2021
2021,12,ポマード・チック・ヘアクリーム・香油,販売個数,十個,319421.0,2021
2022,0,ポマード・チック・ヘアクリーム・香油,販売個数,十個,3693199.0,2023
2022,1,ポマード・チック・ヘアクリーム・香油,販売個数,十個,231363.0,2022
2022,2,ポマード・チック・ヘアクリーム・香油,販売個数,十個,221455.0,2022
2022,3,ポマード・チック・ヘアクリーム・香油,販売個数,十個,296290.0,2022
2022,4,ポマード・チック・ヘアクリーム・香油,販売個数,十個,307544.0,2022
2022,5,ポマード・チック・ヘアクリーム・香油,販売個数,十個,271484.0,2022
2022,6,ポマード・チック・ヘアクリーム・香油,販売個数,十個,289728.0,2022
2022,7,ポマード・チック・ヘアクリーム・香油,販売個数,十個,339011.0,2022
2022,8,ポマード・チック・ヘアクリーム・香油,販売個数,十個,314478.0,2022
2022,9,ポマード・チック・ヘアクリーム・香油,販売個数,十個,351880.0,2022
2022,10,ポマード・チック・ヘアクリーム・香油,販売個数,十個,406344.0,2022
2022,11,ポマード・チック・ヘアクリーム・香油,販売個数,十個,310590.0,2022
2022,12,ポマード・チック・ヘアクリーム・香油,販売個数,十個,353032.0,2022
2023,0,ポマード・チック・ヘアクリーム・香油,販売個数,十個,3769709.0,2023
2023,1,ポマード・チック・ヘアクリーム・香油,販売個数,十個,225829.0,2023
2023,2,ポマード・チック・ヘアクリーム・香油,販売個数,十個,325757.0,2023
2023,3,ポマード・チック・ヘアクリーム・香油,販売個数,十個,378309.0,2023
2023,4,ポマード・チック・ヘアクリーム・香油,販売個数,十個,328459.0,2023
2023,5,ポマード・チック・ヘアクリーム・香油,販売個数,十個,274157.0,2023
2023,6,ポマード・チック・ヘアクリーム・香油,販売個数,十個,304543.0,2023
2023,7,ポマード・チック・ヘアクリーム・香油,販売個数,十個,327509.0,2023
2023,8,ポマード・チック・ヘアクリーム・香油,販売個数,十個,281538.0,2023
2023,9,ポマード・チック・ヘアクリーム・香油,販売個数,十個,298097.0,2023
2023,10,ポマード・チック・ヘアクリーム・香油,販売個数,十個,343405.0,2023
2023,11,ポマード・チック・ヘアクリーム・香油,販売個数,十個,352092.0,2023
2023,12,ポマード・チック・ヘアクリーム・香油,販売個数,十個,330014.0,2023
2024,1,ポマード・チック・ヘアクリーム・香油,販売個数,十個,233967.0,2024
2024,2,ポマード・チック・ヘアクリーム・香油,販売個数,十個,274302.0,2024
2024,3,ポマード・チック・ヘアクリーム・香油,販売個数,十個,316326.0,2024
2024,4,ポマード・チック・ヘアクリーム・香油,販売個数,十個,338024.0,2024
2024,5,ポマード・チック・ヘアクリーム・香油,販売個数,十個,252255.0,2024
2024,6,ポマード・チック・ヘアクリーム・香油,販売個数,十個,279169.0,2024
2024,7,ポマード・チック・ヘアクリーム・香油,販売個数,十個,372629.0,2024
2024,8,ポマード・チック・ヘアクリーム・香油,販売個数,十個,304177.0,2024
2024,9,ポマード・チック・ヘアクリーム・香油,販売個数,十個,301035.0,2024
2024,10,ポマード・チック・ヘアクリーム・香油,販売個数,十個,334466.0,2024
2024,11,ポマード・チック・ヘアクリーム・香油,販売個数,十個,309140.0,2024
2024,12,ポマード・チック・ヘアクリーム・香油,販売個数,十個,332449.0,2024
2015,0,ポマード・チック・ヘアクリーム・香油,販売数量,kg,3511107.0,2019
2016,0,ポマード・チック・ヘアクリーム・香油,販売数量,kg,3314350.0,2020
2017,0,ポマード・チック・ヘアクリーム・香油,販売数量,kg,3217389.0,2021
2018,0,ポマード・チック・ヘアクリーム・香油,販売数量,kg,3236835.0,2022
2019,0,ポマード・チック・ヘアクリーム・香油,販売数量,kg,3202274.0,2023
2019,1,ポマード・チック・ヘアクリーム・香油,販売数量,kg,214268.0,2019
2019,2,ポマード・チック・ヘアクリーム・香油,販売数量,kg,232270.0,2019
2019,3,ポマード・チック・ヘアクリーム・香油,販売数量,kg,276447.0,2019
2019,4,ポマード・チック・ヘアクリーム・香油,販売数量,kg,317434.0,2019
2019,5,ポマード・チック・ヘアクリーム・香油,販売数量,kg,238207.0,2019
2019,6,ポマード・チック・ヘアクリーム・香油,販売数量,kg,250299.0,2019
2019,7,ポマード・チック・ヘアクリーム・香油,販売数量,kg,281809.0,2019
2019,8,ポマード・チック・ヘアクリーム・香油,販売数量,kg,262770.0,2019
2019,9,ポマード・チック・ヘアクリーム・香油,販売数量,kg,310728.0,2019
2019,10,ポマード・チック・ヘアクリーム・香油,販売数量,kg,280861.0,2019
2019,11,ポマード・チック・ヘアクリーム・香油,販売数量,kg,255982.0,2019
2019,12,ポマード・チック・ヘアクリーム・香油,販売数量,kg,281199.0,2019
2020,0,ポマード・チック・ヘアクリーム・香油,販売数量,kg,2672935.0,2023
2020,1,ポマード・チック・ヘアクリーム・香油,販売数量,kg,216303.0,2020
2020,2,ポマード・チック・ヘアクリーム・香油,販売数量,kg,224208.0,2020
2020,3,ポマード・チック・ヘアクリーム・香油,販売数量,kg,241960.0,2020
2020,4,ポマード・チック・ヘアクリーム・香油,販売数量,kg,227392.0,2020
2020,5,ポマード・チック・ヘアクリーム・香油,販売数量,kg,149557.0,2020
2020,6,ポマード・チック・ヘアクリーム・香油,販売数量,kg,197529.0,2020
2020,7,ポマード・チック・ヘアクリーム・香油,販売数量,kg,244415.0,2020
2020,8,ポマード・チック・ヘアクリーム・香油,販売数量,kg,195013.0,2020
2020,9,ポマード・チック・ヘアクリーム・香油,販売数量,kg,236009.0,2020
2020,10,ポマード・チック・ヘアクリーム・香油,販売数量,kg,258244.0,2020
2020,11,ポマード・チック・ヘアクリーム・香油,販売数量,kg,227282.0,2020
2020,12,ポマード・チック・ヘアクリーム・香油,販売数量,kg,255023.0,2020
2021,0,ポマード・チック・ヘアクリーム・香油,販売数量,kg,2587273.0,2023
2021,1,ポマード・チック・ヘアクリーム・香油,販売数量,kg,161016.0,2021
2021,2,ポマード・チック・ヘアクリーム・香油,販売数量,kg,186641.0,2021
2021,3,ポマード・チック・ヘアクリーム・香油,販売数量,kg,250007.0,2021
2021,4,ポマード・チック・ヘアクリーム・香油,販売数量,kg,227748.0,2021
2021,5,ポマード・チック・ヘアクリーム・香油,販売数量,kg,185521.0,2021
2021,6,ポマード・チック・ヘアクリーム・香油,販売数量,kg,217221.0,2021
2021,7,ポマード・チック・ヘアクリーム・香油,販売数量,kg,250018.0,2021
2021,8,ポマード・チック・ヘアクリーム・香油,販売数量,kg,185179.0,2021
2021,9,ポマード・チック・ヘアクリーム・香油,販売数量,kg,206868.0,2021
2021,10,ポマード・チック・ヘアクリーム・香油,販売数量,kg,211358.0,2021
2021,11,ポマード・チック・ヘアクリーム・香油,販売数量,kg,238742.0,2021
2021,12,ポマード・チック・ヘアクリーム・香油,販売数量,kg,246053.0,2021
2022,0,ポマード・チック・ヘアクリーム・香油,販売数量,kg,2739707.0,2023
2022,1,ポマード・チック・ヘアクリーム・香油,販売数量,kg,199459.0,2022
2022,2,ポマード・チック・ヘアクリーム・香油,販売数量,kg,182549.0,2022
2022,3,ポマード・チック・ヘアクリーム・香油,販売数量,kg,230005.0,2022
2022,4,ポマード・チック・ヘアクリーム・香油,販売数量,kg,243058.0,2022
2022,5,ポマード・チック・ヘアクリーム・香油,販売数量,kg,216694.0,2022
2022,6,ポマード・チック・ヘアクリーム・香油,販売数量,kg,226860.0,2022
2022,7,ポマード・チック・ヘアクリーム・香油,販売数量,kg,239656.0,2022
2022,8,ポマード・チック・ヘアクリーム・香油,販売数量,kg,212669.0,2022
2022,9,ポマード・チック・ヘアクリーム・香油,販売数量,kg,248761.0,2022
2022,10,ポマード・チック・ヘアクリーム・香油,販売数量,kg,224148.0,2022
2022,11,ポマード・チック・ヘアクリーム・香油,販売数量,kg,246312.0,2022
2022,12,ポマード・チック・ヘアクリーム・香油,販売数量,kg,269536.0,2022
2023,0,ポマード・チック・ヘアクリーム・香油,販売数量,kg,2859823.0,2023
2023,1,ポマード・チック・ヘアクリーム・香油,販売数量,kg,174101.0,2023
2023,2,ポマード・チック・ヘアクリーム・香油,販売数量,kg,232859.0,2023
2023,3,ポマード・チック・ヘアクリーム・香油,販売数量,kg,279863.0,2023
2023,4,ポマード・チック・ヘアクリーム・香油,販売数量,kg,253847.0,2023
2023,5,ポマード・チック・ヘアクリーム・香油,販売数量,kg,207367.0,2023
2023,6,ポマード・チック・ヘアクリーム・香油,販売数量,kg,237951.0,2023
2023,7,ポマード・チック・ヘアクリーム・香油,販売数量,kg,259476.0,2023
2023,8,ポマード・チック・ヘアクリーム・香油,販売数量,kg,215661.0,2023
2023,9,ポマード・チック・ヘアクリーム・香油,販売数量,kg,227051.0,2023
2023,10,ポマード・チック・ヘアクリーム・香油,販売数量,kg,271049.0,2023
2023,11,ポマード・チック・ヘアクリーム・香油,販売数量,kg,255643.0,2023
2023,12,ポマード・チック・ヘアクリーム・香油,販売数量,kg,244955.0,2023
2024,1,ポマード・チック・ヘアクリーム・香油,販売数量,kg,189367.0,2024
2024,2,ポマード・チック・ヘアクリーム・香油,販売数量,kg,199599.0,2024
2024,3,ポマード・チック・ヘアクリーム・香油,販売数量,kg,227603.0,2024
2024,4,ポマード・チック・ヘアクリーム・香油,販売数量,kg,258056.0,2024
2024,5,ポマード・チック・ヘアクリーム・香油,販売数量,kg,193626.0,2024
2024,6,ポマード・チック・ヘアクリーム・香油,販売数量,kg,213461.0,2024
2024,7,ポマード・チック・ヘアクリーム・香油,販売数量,kg,300569.0,2024
2024,8,ポマード・チック・ヘアクリーム・香油,販売数量,kg,237071.0,2024
2024,9,ポマード・チック・ヘアクリーム・香油,販売数量,kg,237721.0,2024
2024,10,ポマード・チック・ヘアクリーム・香油,販売数量,kg,264222.0,2024
2024,11,ポマード・チック・ヘアクリーム・香油,販売数量,kg,242973.0,2024
2024,12,ポマード・チック・ヘアクリーム・香油,販売数量,kg,269723.0,2024
2015,0,ポマード・チック・ヘアクリーム・香油,販売金額,千円,13789162.0,2019
2016,0,ポマード・チック・ヘアクリーム・香油,販売金額,千円,13805982.0,2020
2017,0,ポマード・チック・ヘアクリーム・香油,販売金額,千円,14184435.0,2021
2018,0,ポマード・チック・ヘアクリーム・香油,販売金額,千円,14338129.0,2022
2019,0,ポマード・チック・ヘアクリーム・香油,販売金額,千円,14606420.0,2023
2019,1,ポマード・チック・ヘアクリーム・香油,販売金額,千円,899126.0,2019
2019,2,ポマード・チック・ヘアクリーム・香油,販売金額,千円,1010114.0,2019
2019,3,ポマード・チック・ヘアクリーム・香油,販売金額,千円,1246108.0,2019
2019,4,ポマード・チック・ヘアクリーム・香油,販売金額,千円,1428273.0,2019
2019,5,ポマード・チック・ヘアクリーム・香油,販売金額,千円,1048441.0,2019
2019,6,ポマード・チック・ヘアクリーム・香油,販売金額,千円,1123859.0,2019
2019,7,ポマード・チック・ヘアクリーム・香油,販売金額,千円,1279975.0,2019
2019,8,ポマード・チック・ヘアクリーム・香油,販売金額,千円,1212782.0,2019
2019,9,ポマード・チック・ヘアクリーム・香油,販売金額,千円,1450278.0,2019
2019,10,ポマード・チック・ヘアクリーム・香油,販売金額,千円,1371345.0,2019
2019,11,ポマード・チック・ヘアクリーム・香油,販売金額,千円,1202715.0,2019
2019,12,ポマード・チック・ヘアクリーム・香油,販売金額,千円,1333404.0,2019
2020,0,ポマード・チック・ヘアクリーム・香油,販売金額,千円,12441393.0,2023
2020,1,ポマード・チック・ヘアクリーム・香油,販売金額,千円,981607.0,2020
2020,2,ポマード・チック・ヘアクリーム・香油,販売金額,千円,1023338.0,2020
2020,3,ポマード・チック・ヘアクリーム・香油,販売金額,千円,1103992.0,2020
2020,4,ポマード・チック・ヘアクリーム・香油,販売金額,千円,988218.0,2020
2020,5,ポマード・チック・ヘアクリーム・香油,販売金額,千円,650823.0,2020
2020,6,ポマード・チック・ヘアクリーム・香油,販売金額,千円,940009.0,2020
2020,7,ポマード・チック・ヘアクリーム・香油,販売金額,千円,1155634.0,2020
2020,8,ポマード・チック・ヘアクリーム・香油,販売金額,千円,890023.0,2020
2020,9,ポマード・チック・ヘアクリーム・香油,販売金額,千円,1182490.0,2020
2020,10,ポマード・チック・ヘアクリーム・香油,販売金額,千円,1275735.0,2020
2020,11,ポマード・チック・ヘアクリーム・香油,販売金額,千円,1067383.0,2020
2020,12,ポマード・チック・ヘアクリーム・香油,販売金額,千円,1182141.0,2020
2021,0,ポマード・チック・ヘアクリーム・香油,販売金額,千円,12038004.0,2023
2021,1,ポマード・チック・ヘアクリーム・香油,販売金額,千円,733557.0,2021
2021,2,ポマード・チック・ヘアクリーム・香油,販売金額,千円,837152.0,2021
2021,3,ポマード・チック・ヘアクリーム・香油,販売金額,千円,1175212.0,2021
2021,4,ポマード・チック・ヘアクリーム・香油,販売金額,千円,1069772.0,2021
2021,5,ポマード・チック・ヘアクリーム・香油,販売金額,千円,804547.0,2021
2021,6,ポマード・チック・ヘアクリーム・香油,販売金額,千円,1015402.0,2021
2021,7,ポマード・チック・ヘアクリーム・香油,販売金額,千円,1137201.0,2021
2021,8,ポマード・チック・ヘアクリーム・香油,販売金額,千円,871566.0,2021
2021,9,ポマード・チック・ヘアクリーム・香油,販売金額,千円,977483.0,2021
2021,10,ポマード・チック・ヘアクリーム・香油,販売金額,千円,971768.0,2021
2021,11,ポマード・チック・ヘアクリーム・香油,販売金額,千円,1080739.0,2021
2021,12,ポマード・チック・ヘアクリーム・香油,販売金額,千円,1157247.0,2021
2022,0,ポマード・チック・ヘアクリーム・香油,販売金額,千円,12746155.0,2023
2022,1,ポマード・チック・ヘアクリーム・香油,販売金額,千円,846845.0,2022
2022,2,ポマード・チック・ヘアクリーム・香油,販売金額,千円,828307.0,2022
2022,3,ポマード・チック・ヘアクリーム・香油,販売金額,千円,1084685.0,2022
2022,4,ポマード・チック・ヘアクリーム・香油,販売金額,千円,1153307.0,2022
2022,5,ポマード・チック・ヘアクリーム・香油,販売金額,千円,968319.0,2022
2022,6,ポマード・チック・ヘアクリーム・香油,販売金額,千円,1073773.0,2022
2022,7,ポマード・チック・ヘアクリーム・香油,販売金額,千円,1111309.0,2022
2022,8,ポマード・チック・ヘアクリーム・香油,販売金額,千円,948994.0,2022
2022,9,ポマード・チック・ヘアクリーム・香油,販売金額,千円,1173583.0,2022
2022,10,ポマード・チック・ヘアクリーム・香油,販売金額,千円,1059110.0,2022
2022,11,ポマード・チック・ヘアクリーム・香油,販売金額,千円,1173986.0,2022
2022,12,ポマード・チック・ヘアクリーム・香油,販売金額,千円,1323937.0,2022
2023,0,ポマード・チック・ヘアクリーム・香油,販売金額,千円,14300881.0,2023
2023,1,ポマード・チック・ヘアクリーム・香油,販売金額,千円,832466.0,2023
2023,2,ポマード・チック・ヘアクリーム・香油,販売金額,千円,1255703.0,2023
2023,3,ポマード・チック・ヘアクリーム・香油,販売金額,千円,1488630.0,2023
2023,4,ポマード・チック・ヘアクリーム・香油,販売金額,千円,1315969.0,2023
2023,5,ポマード・チック・ヘアクリーム・香油,販売金額,千円,1060573.0,2023
2023,6,ポマード・チック・ヘアクリーム・香油,販売金額,千円,1139750.0,2023
2023,7,ポマード・チック・ヘアクリーム・香油,販売金額,千円,1192073.0,2023
2023,8,ポマード・チック・ヘアクリーム・香油,販売金額,千円,974789.0,2023
2023,9,ポマード・チック・ヘアクリーム・香油,販売金額,千円,1044611.0,2023
2023,10,ポマード・チック・ヘアクリーム・香油,販売金額,千円,1363151.0,2023
2023,11,ポマード・チック・ヘアクリーム・香油,販売金額,千円,1341403.0,2023
2023,12,ポマード・チック・ヘアクリーム・香油,販売金額,千円,1291763.0,2023
2024,1,ポマード・チック・ヘアクリーム・香油,販売金額,千円,886289.0,2024
2024,2,ポマード・チック・ヘアクリーム・香油,販売金額,千円,1001929.0,2024
2024,3,ポマード・チック・ヘアクリーム・香油,販売金額,千円,1283840.0,2024
2024,4,ポマード・チック・ヘアクリーム・香油,販売金額,千円,1340747.0,2024
2024,5,ポマード・チック・ヘアクリーム・香油,販売金額,千円,1030204.0,2024
2024,6,ポマード・チック・ヘアクリーム・香油,販売金額,千円,1121539.0,2024
2024,7,ポマード・チック・ヘアクリーム・香油,販売金額,千円,1335907.0,2024
2024,8,ポマード・チック・ヘアクリーム・香油,販売金額,千円,1089033.0,2024
2024,9,ポマード・チック・ヘアクリーム・香油,販売金額,千円,1206651.0,2024
2024,10,ポマード・チック・ヘアクリーム・香油,販売金額,千円,1353842.0,2024
2024,11,ポマード・チック・ヘアクリーム・香油,販売金額,千円,1223110.0,2024
2024,12,ポマード・チック・ヘアクリーム・香油,販売金額,千円,1367510.0,2024
2015,0,マッサージ・コールドクリーム,出荷その他,kg,69296.0,2019
2016,0,マッサージ・コールドクリーム,出荷その他,kg,55854.0,2020
2017,0,マッサージ・コールドクリーム,出荷その他,kg,53351.0,2021
2018,0,マッサージ・コールドクリーム,出荷その他,kg,40500.0,2022
2019,0,マッサージ・コールドクリーム,出荷その他,kg,10598.0,2023
2019,1,マッサージ・コールドクリーム,出荷その他,kg,408.0,2019
2019,2,マッサージ・コールドクリーム,出荷その他,kg,1043.0,2019
2019,3,マッサージ・コールドクリーム,出荷その他,kg,636.0,2019
2019,4,マッサージ・コールドクリーム,出荷その他,kg,517.0,2019
2019,5,マッサージ・コールドクリーム,出荷その他,kg,631.0,2019
2019,6,マッサージ・コールドクリーム,出荷その他,kg,2672.0,2019
2019,7,マッサージ・コールドクリーム,出荷その他,kg,556.0,2019
2019,8,マッサージ・コールドクリーム,出荷その他,kg,1446.0,2019
2019,9,マッサージ・コールドクリーム,出荷その他,kg,467.0,2019
2019,10,マッサージ・コールドクリーム,出荷その他,kg,549.0,2019
2019,11,マッサージ・コールドクリーム,出荷その他,kg,1106.0,2019
2019,12,マッサージ・コールドクリーム,出荷その他,kg,567.0,2019
2020,0,マッサージ・コールドクリーム,出荷その他,kg,7668.0,2023
2020,1,マッサージ・コールドクリーム,出荷その他,kg,495.0,2020
2020,2,マッサージ・コールドクリーム,出荷その他,kg,1124.0,2020
2020,3,マッサージ・コールドクリーム,出荷その他,kg,559.0,2020
2020,4,マッサージ・コールドクリーム,出荷その他,kg,792.0,2020
2020,5,マッサージ・コールドクリーム,出荷その他,kg,764.0,2020
2020,6,マッサージ・コールドクリーム,出荷その他,kg,594.0,2020
2020,7,マッサージ・コールドクリーム,出荷その他,kg,660.0,2020
2020,8,マッサージ・コールドクリーム,出荷その他,kg,615.0,2020
2020,9,マッサージ・コールドクリーム,出荷その他,kg,380.0,2020
2020,10,マッサージ・コールドクリーム,出荷その他,kg,348.0,2020
2020,11,マッサージ・コールドクリーム,出荷その他,kg,532.0,2020
2020,12,マッサージ・コールドクリーム,出荷その他,kg,805.0,2020
2021,0,マッサージ・コールドクリーム,出荷その他,kg,9149.0,2023
2021,1,マッサージ・コールドクリーム,出荷その他,kg,416.0,2021
2021,2,マッサージ・コールドクリーム,出荷その他,kg,723.0,2021
2021,3,マッサージ・コールドクリーム,出荷その他,kg,2658.0,2021
2021,4,マッサージ・コールドクリーム,出荷その他,kg,495.0,2021
2021,5,マッサージ・コールドクリーム,出荷その他,kg,452.0,2021
2021,6,マッサージ・コールドクリーム,出荷その他,kg,454.0,2021
2021,7,マッサージ・コールドクリーム,出荷その他,kg,743.0,2021
2021,8,マッサージ・コールドクリーム,出荷その他,kg,880.0,2021
2021,9,マッサージ・コールドクリーム,出荷その他,kg,390.0,2021
2021,10,マッサージ・コールドクリーム,出荷その他,kg,282.0,2021
2021,11,マッサージ・コールドクリーム,出荷その他,kg,840.0,2021
2021,12,マッサージ・コールドクリーム,出荷その他,kg,816.0,2021
2022,0,マッサージ・コールドクリーム,出荷その他,kg,14384.0,2023
2022,1,マッサージ・コールドクリーム,出荷その他,kg,498.0,2022
2022,2,マッサージ・コールドクリーム,出荷その他,kg,590.0,2022
2022,3,マッサージ・コールドクリーム,出荷その他,kg,725.0,2022
2022,4,マッサージ・コールドクリーム,出荷その他,kg,785.0,2022
2022,5,マッサージ・コールドクリーム,出荷その他,kg,654.0,2022
2022,6,マッサージ・コールドクリーム,出荷その他,kg,1890.0,2022
2022,7,マッサージ・コールドクリーム,出荷その他,kg,707.0,2022
2022,8,マッサージ・コールドクリーム,出荷その他,kg,844.0,2022
2022,9,マッサージ・コールドクリーム,出荷その他,kg,668.0,2022
2022,10,マッサージ・コールドクリーム,出荷その他,kg,775.0,2022
2022,11,マッサージ・コールドクリーム,出荷その他,kg,758.0,2022
2022,12,マッサージ・コールドクリーム,出荷その他,kg,5490.0,2022
2023,0,マッサージ・コールドクリーム,出荷その他,kg,17197.0,2023
2023,1,マッサージ・コールドクリーム,出荷その他,kg,1370.0,2023
2023,2,マッサージ・コールドクリーム,出荷その他,kg,2140.0,2023
2023,3,マッサージ・コールドクリーム,出荷その他,kg,1487.0,2023
2023,4,マッサージ・コールドクリーム,出荷その他,kg,1631.0,2023
2023,5,マッサージ・コールドクリーム,出荷その他,kg,1856.0,2023
2023,6,マッサージ・コールドクリーム,出荷その他,kg,2408.0,2023
2023,7,マッサージ・コールドクリーム,出荷その他,kg,1473.0,2023
2023,8,マッサージ・コールドクリーム,出荷その他,kg,977.0,2023
2023,9,マッサージ・コールドクリーム,出荷その他,kg,480.0,2023
2023,10,マッサージ・コールドクリーム,出荷その他,kg,1128.0,2023
2023,11,マッサージ・コールドクリーム,出荷その他,kg,691.0,2023
2023,12,マッサージ・コールドクリーム,出荷その他,kg,1556.0,2023
2024,1,マッサージ・コールドクリーム,出荷その他,kg,828.0,2024
2024,2,マッサージ・コールドクリーム,出荷その他,kg,1801.0,2024
2024,3,マッサージ・コールドクリーム,出荷その他,kg,1266.0,2024
2024,4,マッサージ・コールドクリーム,出荷その他,kg,547.0,2024
2024,5,マッサージ・コールドクリーム,出荷その他,kg,498.0,2024
2024,6,マッサージ・コールドクリーム,出荷その他,kg,658.0,2024
2024,7,マッサージ・コールドクリーム,出荷その他,kg,667.0,2024
2024,8,マッサージ・コールドクリーム,出荷その他,kg,496.0,2024
2024,9,マッサージ・コールドクリーム,出荷その他,kg,569.0,2024
2024,10,マッサージ・コールドクリーム,出荷その他,kg,526.0,2024
2024,11,マッサージ・コールドクリーム,出荷その他,kg,702.0,2024
2024,12,マッサージ・コールドクリーム,出荷その他,kg,582.0,2024
2015,0,マッサージ・コールドクリーム,受入,kg,66843.0,2019
2016,0,マッサージ・コールドクリーム,受入,kg,60333.0,2020
2017,0,マッサージ・コールドクリーム,受入,kg,56914.0,2021
2018,0,マッサージ・コールドクリーム,受入,kg,27652.0,2022
2019,0,マッサージ・コールドクリーム,受入,kg,16615.0,2023
2019,1,マッサージ・コールドクリーム,受入,kg,2067.0,2019
2019,2,マッサージ・コールドクリーム,受入,kg,1195.0,2019
2019,3,マッサージ・コールドクリーム,受入,kg,1145.0,2019
2019,4,マッサージ・コールドクリーム,受入,kg,1596.0,2019
2019,5,マッサージ・コールドクリーム,受入,kg,1139.0,2019
2019,6,マッサージ・コールドクリーム,受入,kg,1903.0,2019
2019,7,マッサージ・コールドクリーム,受入,kg,1179.0,2019
2019,8,マッサージ・コールドクリーム,受入,kg,589.0,2019
2019,9,マッサージ・コールドクリーム,受入,kg,2651.0,2019
2019,10,マッサージ・コールドクリーム,受入,kg,1222.0,2019
2019,11,マッサージ・コールドクリーム,受入,kg,792.0,2019
2019,12,マッサージ・コールドクリーム,受入,kg,1137.0,2019
2020,0,マッサージ・コールドクリーム,受入,kg,15518.0,2023
2020,1,マッサージ・コールドクリーム,受入,kg,1138.0,2020
2020,2,マッサージ・コールドクリーム,受入,kg,879.0,2020
2020,3,マッサージ・コールドクリーム,受入,kg,1299.0,2020
2020,4,マッサージ・コールドクリーム,受入,kg,881.0,2020
2020,5,マッサージ・コールドクリーム,受入,kg,771.0,2020
2020,6,マッサージ・コールドクリーム,受入,kg,1947.0,2020
2020,7,マッサージ・コールドクリーム,受入,kg,1485.0,2020
2020,8,マッサージ・コールドクリーム,受入,kg,1608.0,2020
2020,9,マッサージ・コールドクリーム,受入,kg,2328.0,2020
2020,10,マッサージ・コールドクリーム,受入,kg,714.0,2020
2020,11,マッサージ・コールドクリーム,受入,kg,330.0,2020
2020,12,マッサージ・コールドクリーム,受入,kg,2138.0,2020
2021,0,マッサージ・コールドクリーム,受入,kg,9864.0,2023
2021,1,マッサージ・コールドクリーム,受入,kg,1908.0,2021
2021,2,マッサージ・コールドクリーム,受入,kg,1577.0,2021
2021,3,マッサージ・コールドクリーム,受入,kg,1391.0,2021
2021,4,マッサージ・コールドクリーム,受入,kg,946.0,2021
2021,5,マッサージ・コールドクリーム,受入,kg,9.0,2021
2021,6,マッサージ・コールドクリーム,受入,kg,1700.0,2021
2021,7,マッサージ・コールドクリーム,受入,kg,118.0,2021
2021,8,マッサージ・コールドクリーム,受入,kg,939.0,2021
2021,9,マッサージ・コールドクリーム,受入,kg,13.0,2021
2021,10,マッサージ・コールドクリーム,受入,kg,791.0,2021
2021,11,マッサージ・コールドクリーム,受入,kg,463.0,2021
2021,12,マッサージ・コールドクリーム,受入,kg,9.0,2021
2022,0,マッサージ・コールドクリーム,受入,kg,18985.0,2023
2022,1,マッサージ・コールドクリーム,受入,kg,49.0,2022
2022,2,マッサージ・コールドクリーム,受入,kg,2853.0,2022
2022,3,マッサージ・コールドクリーム,受入,kg,43.0,2022
2022,4,マッサージ・コールドクリーム,受入,kg,1761.0,2022
2022,5,マッサージ・コールドクリーム,受入,kg,127.0,2022
2022,6,マッサージ・コールドクリーム,受入,kg,314.0,2022
2022,7,マッサージ・コールドクリーム,受入,kg,1646.0,2022
2022,8,マッサージ・コールドクリーム,受入,kg,452.0,2022
2022,9,マッサージ・コールドクリーム,受入,kg,275.0,2022
2022,10,マッサージ・コールドクリーム,受入,kg,8399.0,2022
2022,11,マッサージ・コールドクリーム,受入,kg,1285.0,2022
2022,12,マッサージ・コールドクリーム,受入,kg,1781.0,2022
2023,0,マッサージ・コールドクリーム,受入,kg,4472.0,2023
2023,1,マッサージ・コールドクリーム,受入,kg,143.0,2023
2023,2,マッサージ・コールドクリーム,受入,kg,114.0,2023
2023,3,マッサージ・コールドクリーム,受入,kg,407.0,2023
2023,4,マッサージ・コールドクリーム,受入,kg,1072.0,2023
2023,5,マッサージ・コールドクリーム,受入,kg,1193.0,2023
2023,6,マッサージ・コールドクリーム,受入,kg,1491.0,2023
2023,7,マッサージ・コールドクリーム,受入,kg,7.0,2023
2023,8,マッサージ・コールドクリーム,受入,kg,7.0,2023
2023,9,マッサージ・コールドクリーム,受入,kg,11.0,2023
2023,10,マッサージ・コールドクリーム,受入,kg,9.0,2023
2023,11,マッサージ・コールドクリーム,受入,kg,11.0,2023
2023,12,マッサージ・コールドクリーム,受入,kg,7.0,2023
2024,1,マッサージ・コールドクリーム,受入,kg,8.0,2024
2024,2,マッサージ・コールドクリーム,受入,kg,13.0,2024
2024,3,マッサージ・コールドクリーム,受入,kg,750.0,2024
2024,4,マッサージ・コールドクリーム,受入,kg,795.0,2024
2024,5,マッサージ・コールドクリーム,受入,kg,237.0,2024
2024,6,マッサージ・コールドクリーム,受入,kg,48.0,2024
2024,7,マッサージ・コールドクリーム,受入,kg,27.0,2024
2024,8,マッサージ・コールドクリーム,受入,kg,14.0,2024
2024,9,マッサージ・コールドクリーム,受入,kg,15.0,2024
2024,10,マッサージ・コールドクリーム,受入,kg,14.0,2024
2024,11,マッサージ・コールドクリーム,受入,kg,30.0,2024
2024,12,マッサージ・コールドクリーム,受入,kg,12.0,2024
2015,0,マッサージ・コールドクリーム,月末在庫,kg,102542.0,2019
2016,0,マッサージ・コールドクリーム,月末在庫,kg,102069.0,2020
2017,0,マッサージ・コールドクリーム,月末在庫,kg,109277.0,2021
2018,0,マッサージ・コールドクリーム,月末在庫,kg,80382.0,2022
2019,0,マッサージ・コールドクリーム,月末在庫,kg,106899.0,2023
2019,1,マッサージ・コールドクリーム,月末在庫,kg,83139.0,2019
2019,2,マッサージ・コールドクリーム,月末在庫,kg,81471.0,2019
2019,3,マッサージ・コールドクリーム,月末在庫,kg,89061.0,2019
2019,4,マッサージ・コールドクリーム,月末在庫,kg,86093.0,2019
2019,5,マッサージ・コールドクリーム,月末在庫,kg,102219.0,2019
2019,6,マッサージ・コールドクリーム,月末在庫,kg,107554.0,2019
2019,7,マッサージ・コールドクリーム,月末在庫,kg,119693.0,2019
2019,8,マッサージ・コールドクリーム,月末在庫,kg,116043.0,2019
2019,9,マッサージ・コールドクリーム,月末在庫,kg,111814.0,2019
2019,10,マッサージ・コールドクリーム,月末在庫,kg,113934.0,2019
2019,11,マッサージ・コールドクリーム,月末在庫,kg,133909.0,2019
2019,12,マッサージ・コールドクリーム,月末在庫,kg,106899.0,2019
2020,0,マッサージ・コールドクリーム,月末在庫,kg,82820.0,2023
2020,1,マッサージ・コールドクリーム,月末在庫,kg,109432.0,2020
2020,2,マッサージ・コールドクリーム,月末在庫,kg,106788.0,2020
2020,3,マッサージ・コールドクリーム,月末在庫,kg,112903.0,2020
2020,4,マッサージ・コールドクリーム,月末在庫,kg,109679.0,2020
2020,5,マッサージ・コールドクリーム,月末在庫,kg,112620.0,2020
2020,6,マッサージ・コールドクリーム,月末在庫,kg,111176.0,2020
2020,7,マッサージ・コールドクリーム,月末在庫,kg,109181.0,2020
2020,8,マッサージ・コールドクリーム,月末在庫,kg,94180.0,2020
2020,9,マッサージ・コールドクリーム,月末在庫,kg,100821.0,2020
2020,10,マッサージ・コールドクリーム,月末在庫,kg,93415.0,2020
2020,11,マッサージ・コールドクリーム,月末在庫,kg,89517.0,2020
2020,12,マッサージ・コールドクリーム,月末在庫,kg,82820.0,2020
2021,0,マッサージ・コールドクリーム,月末在庫,kg,83689.0,2023
2021,1,マッサージ・コールドクリーム,月末在庫,kg,82002.0,2021
2021,2,マッサージ・コールドクリーム,月末在庫,kg,72344.0,2021
2021,3,マッサージ・コールドクリーム,月末在庫,kg,76108.0,2021
2021,4,マッサージ・コールドクリーム,月末在庫,kg,73549.0,2021
2021,5,マッサージ・コールドクリーム,月末在庫,kg,69427.0,2021
2021,6,マッサージ・コールドクリーム,月末在庫,kg,73552.0,2021
2021,7,マッサージ・コールドクリーム,月末在庫,kg,82274.0,2021
2021,8,マッサージ・コールドクリーム,月末在庫,kg,80488.0,2021
2021,9,マッサージ・コールドクリーム,月末在庫,kg,78922.0,2021
2021,10,マッサージ・コールドクリーム,月末在庫,kg,75719.0,2021
2021,11,マッサージ・コールドクリーム,月末在庫,kg,78484.0,2021
2021,12,マッサージ・コールドクリーム,月末在庫,kg,83689.0,2021
2022,0,マッサージ・コールドクリーム,月末在庫,kg,69102.0,2023
2022,1,マッサージ・コールドクリーム,月末在庫,kg,80936.0,2022
2022,2,マッサージ・コールドクリーム,月末在庫,kg,88580.0,2022
2022,3,マッサージ・コールドクリーム,月末在庫,kg,80942.0,2022
2022,4,マッサージ・コールドクリーム,月末在庫,kg,79773.0,2022
2022,5,マッサージ・コールドクリーム,月末在庫,kg,77181.0,2022
2022,6,マッサージ・コールドクリーム,月末在庫,kg,87936.0,2022
2022,7,マッサージ・コールドクリーム,月末在庫,kg,85883.0,2022
2022,8,マッサージ・コールドクリーム,月末在庫,kg,73676.0,2022
2022,9,マッサージ・コールドクリーム,月末在庫,kg,78963.0,2022
2022,10,マッサージ・コールドクリーム,月末在庫,kg,85413.0,2022
2022,11,マッサージ・コールドクリーム,月末在庫,kg,75413.0,2022
2022,12,マッサージ・コールドクリーム,月末在庫,kg,69102.0,2022
2023,0,マッサージ・コールドクリーム,月末在庫,kg,75766.0,2023
2023,1,マッサージ・コールドクリーム,月末在庫,kg,69992.0,2023
2023,2,マッサージ・コールドクリーム,月末在庫,kg,73651.0,2023
2023,3,マッサージ・コールドクリーム,月末在庫,kg,79336.0,2023
2023,4,マッサージ・コールドクリーム,月末在庫,kg,72409.0,2023
2023,5,マッサージ・コールドクリーム,月末在庫,kg,68163.0,2023
2023,6,マッサージ・コールドクリーム,月末在庫,kg,70811.0,2023
2023,7,マッサージ・コールドクリーム,月末在庫,kg,71935.0,2023
2023,8,マッサージ・コールドクリーム,月末在庫,kg,62770.0,2023
2023,9,マッサージ・コールドクリーム,月末在庫,kg,69159.0,2023
2023,10,マッサージ・コールドクリーム,月末在庫,kg,69950.0,2023
2023,11,マッサージ・コールドクリーム,月末在庫,kg,73874.0,2023
2023,12,マッサージ・コールドクリーム,月末在庫,kg,75766.0,2023
2024,1,マッサージ・コールドクリーム,月末在庫,kg,78976.0,2024
2024,2,マッサージ・コールドクリーム,月末在庫,kg,70694.0,2024
2024,3,マッサージ・コールドクリーム,月末在庫,kg,71132.0,2024
2024,4,マッサージ・コールドクリーム,月末在庫,kg,72448.0,2024
2024,5,マッサージ・コールドクリーム,月末在庫,kg,79387.0,2024
2024,6,マッサージ・コールドクリーム,月末在庫,kg,84109.0,2024
2024,7,マッサージ・コールドクリーム,月末在庫,kg,82246.0,2024
2024,8,マッサージ・コールドクリーム,月末在庫,kg,91331.0,2024
2024,9,マッサージ・コールドクリーム,月末在庫,kg,95827.0,2024
2024,10,マッサージ・コールドクリーム,月末在庫,kg,87659.0,2024
2024,11,マッサージ・コールドクリーム,月末在庫,kg,90748.0,2024
2024,12,マッサージ・コールドクリーム,月末在庫,kg,85278.0,2024
2015,0,マッサージ・コールドクリーム,生産,kg,1361275.0,2019
2016,0,マッサージ・コールドクリーム,生産,kg,1371682.0,2020
2017,0,マッサージ・コールドクリーム,生産,kg,1273445.0,2021
2018,0,マッサージ・コールドクリーム,生産,kg,1072392.0,2022
2019,0,マッサージ・コールドクリーム,生産,kg,977263.0,2023
2019,1,マッサージ・コールドクリーム,生産,kg,58636.0,2019
2019,2,マッサージ・コールドクリーム,生産,kg,79205.0,2019
2019,3,マッサージ・コールドクリーム,生産,kg,80691.0,2019
2019,4,マッサージ・コールドクリーム,生産,kg,95239.0,2019
2019,5,マッサージ・コールドクリーム,生産,kg,100337.0,2019
2019,6,マッサージ・コールドクリーム,生産,kg,86879.0,2019
2019,7,マッサージ・コールドクリーム,生産,kg,93104.0,2019
2019,8,マッサージ・コールドクリーム,生産,kg,73805.0,2019
2019,9,マッサージ・コールドクリーム,生産,kg,92335.0,2019
2019,10,マッサージ・コールドクリーム,生産,kg,88995.0,2019
2019,11,マッサージ・コールドクリーム,生産,kg,84536.0,2019
2019,12,マッサージ・コールドクリーム,生産,kg,43501.0,2019
2020,0,マッサージ・コールドクリーム,生産,kg,810179.0,2023
2020,1,マッサージ・コールドクリーム,生産,kg,79022.0,2020
2020,2,マッサージ・コールドクリーム,生産,kg,63913.0,2020
2020,3,マッサージ・コールドクリーム,生産,kg,95388.0,2020
2020,4,マッサージ・コールドクリーム,生産,kg,65631.0,2020
2020,5,マッサージ・コールドクリーム,生産,kg,46593.0,2020
2020,6,マッサージ・コールドクリーム,生産,kg,67634.0,2020
2020,7,マッサージ・コールドクリーム,生産,kg,68292.0,2020
2020,8,マッサージ・コールドクリーム,生産,kg,44496.0,2020
2020,9,マッサージ・コールドクリーム,生産,kg,81645.0,2020
2020,10,マッサージ・コールドクリーム,生産,kg,53483.0,2020
2020,11,マッサージ・コールドクリーム,生産,kg,77005.0,2020
2020,12,マッサージ・コールドクリーム,生産,kg,67077.0,2020
2021,0,マッサージ・コールドクリーム,生産,kg,758314.0,2023
2021,1,マッサージ・コールドクリーム,生産,kg,55708.0,2021
2021,2,マッサージ・コールドクリーム,生産,kg,65445.0,2021
2021,3,マッサージ・コールドクリーム,生産,kg,78060.0,2021
2021,4,マッサージ・コールドクリーム,生産,kg,61911.0,2021
2021,5,マッサージ・コールドクリーム,生産,kg,44533.0,2021
2021,6,マッサージ・コールドクリーム,生産,kg,50509.0,2021
2021,7,マッサージ・コールドクリーム,生産,kg,67494.0,2021
2021,8,マッサージ・コールドクリーム,生産,kg,58382.0,2021
2021,9,マッサージ・コールドクリーム,生産,kg,68905.0,2021
2021,10,マッサージ・コールドクリーム,生産,kg,62341.0,2021
2021,11,マッサージ・コールドクリーム,生産,kg,69757.0,2021
2021,12,マッサージ・コールドクリーム,生産,kg,75269.0,2021
2022,0,マッサージ・コールドクリーム,生産,kg,782180.0,2023
2022,1,マッサージ・コールドクリーム,生産,kg,47465.0,2022
2022,2,マッサージ・コールドクリーム,生産,kg,81955.0,2022
2022,3,マッサージ・コールドクリーム,生産,kg,57320.0,2022
2022,4,マッサージ・コールドクリーム,生産,kg,62676.0,2022
2022,5,マッサージ・コールドクリーム,生産,kg,51113.0,2022
2022,6,マッサージ・コールドクリーム,生産,kg,65544.0,2022
2022,7,マッサージ・コールドクリーム,生産,kg,73169.0,2022
2022,8,マッサージ・コールドクリーム,生産,kg,45483.0,2022
2022,9,マッサージ・コールドクリーム,生産,kg,88147.0,2022
2022,10,マッサージ・コールドクリーム,生産,kg,85212.0,2022
2022,11,マッサージ・コールドクリーム,生産,kg,66349.0,2022
2022,12,マッサージ・コールドクリーム,生産,kg,57747.0,2022
2023,0,マッサージ・コールドクリーム,生産,kg,861520.0,2023
2023,1,マッサージ・コールドクリーム,生産,kg,44361.0,2023
2023,2,マッサージ・コールドクリーム,生産,kg,74883.0,2023
2023,3,マッサージ・コールドクリーム,生産,kg,78468.0,2023
2023,4,マッサージ・コールドクリーム,生産,kg,70411.0,2023
2023,5,マッサージ・コールドクリーム,生産,kg,57413.0,2023
2023,6,マッサージ・コールドクリーム,生産,kg,94555.0,2023
2023,7,マッサージ・コールドクリーム,生産,kg,78516.0,2023
2023,8,マッサージ・コールドクリーム,生産,kg,68207.0,2023
2023,9,マッサージ・コールドクリーム,生産,kg,78136.0,2023
2023,10,マッサージ・コールドクリーム,生産,kg,73360.0,2023
2023,11,マッサージ・コールドクリーム,生産,kg,76150.0,2023
2023,12,マッサージ・コールドクリーム,生産,kg,67060.0,2023
2024,1,マッサージ・コールドクリーム,生産,kg,52120.0,2024
2024,2,マッサージ・コールドクリーム,生産,kg,57039.0,2024
2024,3,マッサージ・コールドクリーム,生産,kg,65273.0,2024
2024,4,マッサージ・コールドクリーム,生産,kg,56664.0,2024
2024,5,マッサージ・コールドクリーム,生産,kg,73959.0,2024
2024,6,マッサージ・コールドクリーム,生産,kg,99684.0,2024
2024,7,マッサージ・コールドクリーム,生産,kg,57232.0,2024
2024,8,マッサージ・コールドクリーム,生産,kg,68832.0,2024
2024,9,マッサージ・コールドクリーム,生産,kg,74807.0,2024
2024,10,マッサージ・コールドクリーム,生産,kg,54274.0,2024
2024,11,マッサージ・コールドクリーム,生産,kg,63374.0,2024
2024,12,マッサージ・コールドクリーム,生産,kg,45001.0,2024
2015,0,マッサージ・コールドクリーム,販売個数,十個,3292910.0,2019
2016,0,マッサージ・コールドクリーム,販売個数,十個,3217997.0,2020
2017,0,マッサージ・コールドクリーム,販売個数,十個,3312508.0,2021
2018,0,マッサージ・コールドクリーム,販売個数,十個,2508538.0,2022
2019,0,マッサージ・コールドクリーム,販売個数,十個,2112202.0,2023
2019,1,マッサージ・コールドクリーム,販売個数,十個,151802.0,2019
2019,2,マッサージ・コールドクリーム,販売個数,十個,202885.0,2019
2019,3,マッサージ・コールドクリーム,販売個数,十個,137831.0,2019
2019,4,マッサージ・コールドクリーム,販売個数,十個,183375.0,2019
2019,5,マッサージ・コールドクリーム,販売個数,十個,218887.0,2019
2019,6,マッサージ・コールドクリーム,販売個数,十個,173965.0,2019
2019,7,マッサージ・コールドクリーム,販売個数,十個,223834.0,2019
2019,8,マッサージ・コールドクリーム,販売個数,十個,173876.0,2019
2019,9,マッサージ・コールドクリーム,販売個数,十個,213292.0,2019
2019,10,マッサージ・コールドクリーム,販売個数,十個,154488.0,2019
2019,11,マッサージ・コールドクリーム,販売個数,十個,131115.0,2019
2019,12,マッサージ・コールドクリーム,販売個数,十個,146852.0,2019
2020,0,マッサージ・コールドクリーム,販売個数,十個,3309460.0,2023
2020,1,マッサージ・コールドクリーム,販売個数,十個,243138.0,2020
2020,2,マッサージ・コールドクリーム,販売個数,十個,359316.0,2020
2020,3,マッサージ・コールドクリーム,販売個数,十個,263399.0,2020
2020,4,マッサージ・コールドクリーム,販売個数,十個,160920.0,2020
2020,5,マッサージ・コールドクリーム,販売個数,十個,85193.0,2020
2020,6,マッサージ・コールドクリーム,販売個数,十個,146220.0,2020
2020,7,マッサージ・コールドクリーム,販売個数,十個,357628.0,2020
2020,8,マッサージ・コールドクリーム,販売個数,十個,418597.0,2020
2020,9,マッサージ・コールドクリーム,販売個数,十個,251104.0,2020
2020,10,マッサージ・コールドクリーム,販売個数,十個,403204.0,2020
2020,11,マッサージ・コールドクリーム,販売個数,十個,435854.0,2020
2020,12,マッサージ・コールドクリーム,販売個数,十個,184887.0,2020
2021,0,マッサージ・コールドクリーム,販売個数,十個,3529664.0,2023
2021,1,マッサージ・コールドクリーム,販売個数,十個,359091.0,2021
2021,2,マッサージ・コールドクリーム,販売個数,十個,410520.0,2021
2021,3,マッサージ・コールドクリーム,販売個数,十個,150852.0,2021
2021,4,マッサージ・コールドクリーム,販売個数,十個,169661.0,2021
2021,5,マッサージ・コールドクリーム,販売個数,十個,91874.0,2021
2021,6,マッサージ・コールドクリーム,販売個数,十個,93543.0,2021
2021,7,マッサージ・コールドクリーム,販売個数,十個,282696.0,2021
2021,8,マッサージ・コールドクリーム,販売個数,十個,484526.0,2021
2021,9,マッサージ・コールドクリーム,販売個数,十個,412765.0,2021
2021,10,マッサージ・コールドクリーム,販売個数,十個,319951.0,2021
2021,11,マッサージ・コールドクリーム,販売個数,十個,488660.0,2021
2021,12,マッサージ・コールドクリーム,販売個数,十個,265525.0,2021
2022,0,マッサージ・コールドクリーム,販売個数,十個,2178383.0,2023
2022,1,マッサージ・コールドクリーム,販売個数,十個,183193.0,2022
2022,2,マッサージ・コールドクリーム,販売個数,十個,354785.0,2022
2022,3,マッサージ・コールドクリーム,販売個数,十個,420180.0,2022
2022,4,マッサージ・コールドクリーム,販売個数,十個,226626.0,2022
2022,5,マッサージ・コールドクリーム,販売個数,十個,82781.0,2022
2022,6,マッサージ・コールドクリーム,販売個数,十個,115573.0,2022
2022,7,マッサージ・コールドクリーム,販売個数,十個,87157.0,2022
2022,8,マッサージ・コールドクリーム,販売個数,十個,181201.0,2022
2022,9,マッサージ・コールドクリーム,販売個数,十個,114558.0,2022
2022,10,マッサージ・コールドクリーム,販売個数,十個,151092.0,2022
2022,11,マッサージ・コールドクリーム,販売個数,十個,95352.0,2022
2022,12,マッサージ・コールドクリーム,販売個数,十個,165885.0,2022
2023,0,マッサージ・コールドクリーム,販売個数,十個,1843312.0,2023
2023,1,マッサージ・コールドクリーム,販売個数,十個,96359.0,2023
2023,2,マッサージ・コールドクリーム,販売個数,十個,120953.0,2023
2023,3,マッサージ・コールドクリーム,販売個数,十個,148574.0,2023
2023,4,マッサージ・コールドクリーム,販売個数,十個,195116.0,2023
2023,5,マッサージ・コールドクリーム,販売個数,十個,143313.0,2023
2023,6,マッサージ・コールドクリーム,販売個数,十個,171771.0,2023
2023,7,マッサージ・コールドクリーム,販売個数,十個,171543.0,2023
2023,8,マッサージ・コールドクリーム,販売個数,十個,279079.0,2023
2023,9,マッサージ・コールドクリーム,販売個数,十個,139299.0,2023
2023,10,マッサージ・コールドクリーム,販売個数,十個,122871.0,2023
2023,11,マッサージ・コールドクリーム,販売個数,十個,115701.0,2023
2023,12,マッサージ・コールドクリーム,販売個数,十個,138733.0,2023
2024,1,マッサージ・コールドクリーム,販売個数,十個,83897.0,2024
2024,2,マッサージ・コールドクリーム,販売個数,十個,262065.0,2024
2024,3,マッサージ・コールドクリーム,販売個数,十個,159859.0,2024
2024,4,マッサージ・コールドクリーム,販売個数,十個,152065.0,2024
2024,5,マッサージ・コールドクリーム,販売個数,十個,127371.0,2024
2024,6,マッサージ・コールドクリーム,販売個数,十個,96066.0,2024
2024,7,マッサージ・コールドクリーム,販売個数,十個,116042.0,2024
2024,8,マッサージ・コールドクリーム,販売個数,十個,55814.0,2024
2024,9,マッサージ・コールドクリーム,販売個数,十個,115579.0,2024
2024,10,マッサージ・コールドクリーム,販売個数,十個,98434.0,2024
2024,11,マッサージ・コールドクリーム,販売個数,十個,112535.0,2024
2024,12,マッサージ・コールドクリーム,販売個数,十個,179424.0,2024
2015,0,マッサージ・コールドクリーム,販売数量,kg,1393675.0,2019
2016,0,マッサージ・コールドクリーム,販売数量,kg,1375278.0,2020
2017,0,マッサージ・コールドクリーム,販売数量,kg,1280881.0,2021
2018,0,マッサージ・コールドクリーム,販売数量,kg,1071975.0,2022
2019,0,マッサージ・コールドクリーム,販売数量,kg,973647.0,2023
2019,1,マッサージ・コールドクリーム,販売数量,kg,63446.0,2019
2019,2,マッサージ・コールドクリーム,販売数量,kg,81634.0,2019
2019,3,マッサージ・コールドクリーム,販売数量,kg,74234.0,2019
2019,4,マッサージ・コールドクリーム,販売数量,kg,100512.0,2019
2019,5,マッサージ・コールドクリーム,販売数量,kg,85938.0,2019
2019,6,マッサージ・コールドクリーム,販売数量,kg,81839.0,2019
2019,7,マッサージ・コールドクリーム,販売数量,kg,82264.0,2019
2019,8,マッサージ・コールドクリーム,販売数量,kg,77599.0,2019
2019,9,マッサージ・コールドクリーム,販売数量,kg,99919.0,2019
2019,10,マッサージ・コールドクリーム,販売数量,kg,88717.0,2019
2019,11,マッサージ・コールドクリーム,販売数量,kg,65143.0,2019
2019,12,マッサージ・コールドクリーム,販売数量,kg,72402.0,2019
2020,0,マッサージ・コールドクリーム,販売数量,kg,857957.0,2023
2020,1,マッサージ・コールドクリーム,販売数量,kg,77131.0,2020
2020,2,マッサージ・コールドクリーム,販売数量,kg,67566.0,2020
2020,3,マッサージ・コールドクリーム,販売数量,kg,90665.0,2020
2020,4,マッサージ・コールドクリーム,販売数量,kg,70103.0,2020
2020,5,マッサージ・コールドクリーム,販売数量,kg,44988.0,2020
2020,6,マッサージ・コールドクリーム,販売数量,kg,71443.0,2020
2020,7,マッサージ・コールドクリーム,販売数量,kg,72158.0,2020
2020,8,マッサージ・コールドクリーム,販売数量,kg,61829.0,2020
2020,9,マッサージ・コールドクリーム,販売数量,kg,77289.0,2020
2020,10,マッサージ・コールドクリーム,販売数量,kg,62495.0,2020
2020,11,マッサージ・コールドクリーム,販売数量,kg,85997.0,2020
2020,12,マッサージ・コールドクリーム,販売数量,kg,76293.0,2020
2021,0,マッサージ・コールドクリーム,販売数量,kg,770599.0,2023
2021,1,マッサージ・コールドクリーム,販売数量,kg,59298.0,2021
2021,2,マッサージ・コールドクリーム,販売数量,kg,75679.0,2021
2021,3,マッサージ・コールドクリーム,販売数量,kg,74224.0,2021
2021,4,マッサージ・コールドクリーム,販売数量,kg,66209.0,2021
2021,5,マッサージ・コールドクリーム,販売数量,kg,49148.0,2021
2021,6,マッサージ・コールドクリーム,販売数量,kg,48350.0,2021
2021,7,マッサージ・コールドクリーム,販売数量,kg,59391.0,2021
2021,8,マッサージ・コールドクリーム,販売数量,kg,61271.0,2021
2021,9,マッサージ・コールドクリーム,販売数量,kg,70959.0,2021
2021,10,マッサージ・コールドクリーム,販売数量,kg,67549.0,2021
2021,11,マッサージ・コールドクリーム,販売数量,kg,68180.0,2021
2021,12,マッサージ・コールドクリーム,販売数量,kg,70341.0,2021
2022,0,マッサージ・コールドクリーム,販売数量,kg,817306.0,2023
2022,1,マッサージ・コールドクリーム,販売数量,kg,52019.0,2022
2022,2,マッサージ・コールドクリーム,販売数量,kg,77984.0,2022
2022,3,マッサージ・コールドクリーム,販売数量,kg,65215.0,2022
2022,4,マッサージ・コールドクリーム,販売数量,kg,66059.0,2022
2022,5,マッサージ・コールドクリーム,販売数量,kg,54718.0,2022
2022,6,マッサージ・コールドクリーム,販売数量,kg,52892.0,2022
2022,7,マッサージ・コールドクリーム,販売数量,kg,77767.0,2022
2022,8,マッサージ・コールドクリーム,販売数量,kg,58635.0,2022
2022,9,マッサージ・コールドクリーム,販売数量,kg,83864.0,2022
2022,10,マッサージ・コールドクリーム,販売数量,kg,87943.0,2022
2022,11,マッサージ・コールドクリーム,販売数量,kg,78417.0,2022
2022,12,マッサージ・コールドクリーム,販売数量,kg,61793.0,2022
2023,0,マッサージ・コールドクリーム,販売数量,kg,851480.0,2023
2023,1,マッサージ・コールドクリーム,販売数量,kg,43362.0,2023
2023,2,マッサージ・コールドクリーム,販売数量,kg,70844.0,2023
2023,3,マッサージ・コールドクリーム,販売数量,kg,73140.0,2023
2023,4,マッサージ・コールドクリーム,販売数量,kg,78315.0,2023
2023,5,マッサージ・コールドクリーム,販売数量,kg,61434.0,2023
2023,6,マッサージ・コールドクリーム,販売数量,kg,91439.0,2023
2023,7,マッサージ・コールドクリーム,販売数量,kg,76400.0,2023
2023,8,マッサージ・コールドクリーム,販売数量,kg,76723.0,2023
2023,9,マッサージ・コールドクリーム,販売数量,kg,71791.0,2023
2023,10,マッサージ・コールドクリーム,販売数量,kg,71935.0,2023
2023,11,マッサージ・コールドクリーム,販売数量,kg,71414.0,2023
2023,12,マッサージ・コールドクリーム,販売数量,kg,64683.0,2023
2024,1,マッサージ・コールドクリーム,販売数量,kg,48620.0,2024
2024,2,マッサージ・コールドクリーム,販売数量,kg,63977.0,2024
2024,3,マッサージ・コールドクリーム,販売数量,kg,64188.0,2024
2024,4,マッサージ・コールドクリーム,販売数量,kg,55059.0,2024
2024,5,マッサージ・コールドクリーム,販売数量,kg,67078.0,2024
2024,6,マッサージ・コールドクリーム,販売数量,kg,94438.0,2024
2024,7,マッサージ・コールドクリーム,販売数量,kg,58876.0,2024
2024,8,マッサージ・コールドクリーム,販売数量,kg,59382.0,2024
2024,9,マッサージ・コールドクリーム,販売数量,kg,70218.0,2024
2024,10,マッサージ・コールドクリーム,販売数量,kg,62191.0,2024
2024,11,マッサージ・コールドクリーム,販売数量,kg,60091.0,2024
2024,12,マッサージ・コールドクリーム,販売数量,kg,50362.0,2024
2015,0,マッサージ・コールドクリーム,販売金額,千円,8959663.0,2019
2016,0,マッサージ・コールドクリーム,販売金額,千円,8262506.0,2020
2017,0,マッサージ・コールドクリーム,販売金額,千円,8568116.0,2021
2018,0,マッサージ・コールドクリーム,販売金額,千円,8172250.0,2022
2019,0,マッサージ・コールドクリーム,販売金額,千円,7505585.0,2023
2019,1,マッサージ・コールドクリーム,販売金額,千円,593197.0,2019
2019,2,マッサージ・コールドクリーム,販売金額,千円,723687.0,2019
2019,3,マッサージ・コールドクリーム,販売金額,千円,567113.0,2019
2019,4,マッサージ・コールドクリーム,販売金額,千円,696271.0,2019
2019,5,マッサージ・コールドクリーム,販売金額,千円,560445.0,2019
2019,6,マッサージ・コールドクリーム,販売金額,千円,646200.0,2019
2019,7,マッサージ・コールドクリーム,販売金額,千円,684753.0,2019
2019,8,マッサージ・コールドクリーム,販売金額,千円,761376.0,2019
2019,9,マッサージ・コールドクリーム,販売金額,千円,703997.0,2019
2019,10,マッサージ・コールドクリーム,販売金額,千円,516271.0,2019
2019,11,マッサージ・コールドクリーム,販売金額,千円,488139.0,2019
2019,12,マッサージ・コールドクリーム,販売金額,千円,564136.0,2019
2020,0,マッサージ・コールドクリーム,販売金額,千円,6755310.0,2023
2020,1,マッサージ・コールドクリーム,販売金額,千円,654634.0,2020
2020,2,マッサージ・コールドクリーム,販売金額,千円,652773.0,2020
2020,3,マッサージ・コールドクリーム,販売金額,千円,601543.0,2020
2020,4,マッサージ・コールドクリーム,販売金額,千円,424351.0,2020
2020,5,マッサージ・コールドクリーム,販売金額,千円,336349.0,2020
2020,6,マッサージ・コールドクリーム,販売金額,千円,473894.0,2020
2020,7,マッサージ・コールドクリーム,販売金額,千円,594337.0,2020
2020,8,マッサージ・コールドクリーム,販売金額,千円,695415.0,2020
2020,9,マッサージ・コールドクリーム,販売金額,千円,628554.0,2020
2020,10,マッサージ・コールドクリーム,販売金額,千円,598921.0,2020
2020,11,マッサージ・コールドクリーム,販売金額,千円,543302.0,2020
2020,12,マッサージ・コールドクリーム,販売金額,千円,551237.0,2020
2021,0,マッサージ・コールドクリーム,販売金額,千円,6254783.0,2023
2021,1,マッサージ・コールドクリーム,販売金額,千円,548163.0,2021
2021,2,マッサージ・コールドクリーム,販売金額,千円,597347.0,2021
2021,3,マッサージ・コールドクリーム,販売金額,千円,420317.0,2021
2021,4,マッサージ・コールドクリーム,販売金額,千円,520607.0,2021
2021,5,マッサージ・コールドクリーム,販売金額,千円,403544.0,2021
2021,6,マッサージ・コールドクリーム,販売金額,千円,455006.0,2021
2021,7,マッサージ・コールドクリーム,販売金額,千円,501427.0,2021
2021,8,マッサージ・コールドクリーム,販売金額,千円,771492.0,2021
2021,9,マッサージ・コールドクリーム,販売金額,千円,508461.0,2021
2021,10,マッサージ・コールドクリーム,販売金額,千円,535145.0,2021
2021,11,マッサージ・コールドクリーム,販売金額,千円,489901.0,2021
2021,12,マッサージ・コールドクリーム,販売金額,千円,503373.0,2021
2022,0,マッサージ・コールドクリーム,販売金額,千円,5904238.0,2023
2022,1,マッサージ・コールドクリーム,販売金額,千円,480069.0,2022
2022,2,マッサージ・コールドクリーム,販売金額,千円,629544.0,2022
2022,3,マッサージ・コールドクリーム,販売金額,千円,523260.0,2022
2022,4,マッサージ・コールドクリーム,販売金額,千円,505885.0,2022
2022,5,マッサージ・コールドクリーム,販売金額,千円,348991.0,2022
2022,6,マッサージ・コールドクリーム,販売金額,千円,447180.0,2022
2022,7,マッサージ・コールドクリーム,販売金額,千円,503547.0,2022
2022,8,マッサージ・コールドクリーム,販売金額,千円,654614.0,2022
2022,9,マッサージ・コールドクリーム,販売金額,千円,390202.0,2022
2022,10,マッサージ・コールドクリーム,販売金額,千円,454531.0,2022
2022,11,マッサージ・コールドクリーム,販売金額,千円,509006.0,2022
2022,12,マッサージ・コールドクリーム,販売金額,千円,457409.0,2022
2023,0,マッサージ・コールドクリーム,販売金額,千円,6420149.0,2023
2023,1,マッサージ・コールドクリーム,販売金額,千円,440184.0,2023
2023,2,マッサージ・コールドクリーム,販売金額,千円,602167.0,2023
2023,3,マッサージ・コールドクリーム,販売金額,千円,456087.0,2023
2023,4,マッサージ・コールドクリーム,販売金額,千円,635614.0,2023
2023,5,マッサージ・コールドクリーム,販売金額,千円,507726.0,2023
2023,6,マッサージ・コールドクリーム,販売金額,千円,555175.0,2023
2023,7,マッサージ・コールドクリーム,販売金額,千円,554069.0,2023
2023,8,マッサージ・コールドクリーム,販売金額,千円,713041.0,2023
2023,9,マッサージ・コールドクリーム,販売金額,千円,489753.0,2023
2023,10,マッサージ・コールドクリーム,販売金額,千円,446966.0,2023
2023,11,マッサージ・コールドクリーム,販売金額,千円,453458.0,2023
2023,12,マッサージ・コールドクリーム,販売金額,千円,565909.0,2023
2024,1,マッサージ・コールドクリーム,販売金額,千円,393179.0,2024
2024,2,マッサージ・コールドクリーム,販売金額,千円,623112.0,2024
2024,3,マッサージ・コールドクリーム,販売金額,千円,383883.0,2024
2024,4,マッサージ・コールドクリーム,販売金額,千円,476048.0,2024
2024,5,マッサージ・コールドクリーム,販売金額,千円,387435.0,2024
2024,6,マッサージ・コールドクリーム,販売金額,千円,494837.0,2024
2024,7,マッサージ・コールドクリーム,販売金額,千円,474698.0,2024
2024,8,マッサージ・コールドクリーム,販売金額,千円,492179.0,2024
2024,9,マッサージ・コールドクリーム,販売金額,千円,475307.0,2024
2024,10,マッサージ・コールドクリーム,販売金額,千円,478619.0,2024
2024,11,マッサージ・コールドクリーム,販売金額,千円,420412.0,2024
2024,12,マッサージ・コールドクリーム,販売金額,千円,396506.0,2024
2015,0,モイスチャークリーム,出荷その他,kg,145094.0,2019
2016,0,モイスチャークリーム,出荷その他,kg,241845.0,2020
2017,0,モイスチャークリーム,出荷その他,kg,405326.0,2021
2018,0,モイスチャークリーム,出荷その他,kg,124334.0,2022
2019,0,モイスチャークリーム,出荷その他,kg,126291.0,2023
2019,1,モイスチャークリーム,出荷その他,kg,6712.0,2019
2019,2,モイスチャークリーム,出荷その他,kg,5396.0,2019
2019,3,モイスチャークリーム,出荷その他,kg,5809.0,2019
2019,4,モイスチャークリーム,出荷その他,kg,11115.0,2019
2019,5,モイスチャークリーム,出荷その他,kg,9652.0,2019
2019,6,モイスチャークリーム,出荷その他,kg,16404.0,2019
2019,7,モイスチャークリーム,出荷その他,kg,10236.0,2019
2019,8,モイスチャークリーム,出荷その他,kg,6463.0,2019
2019,9,モイスチャークリーム,出荷その他,kg,9949.0,2019
2019,10,モイスチャークリーム,出荷その他,kg,10123.0,2019
2019,11,モイスチャークリーム,出荷その他,kg,19656.0,2019
2019,12,モイスチャークリーム,出荷その他,kg,14776.0,2019
2020,0,モイスチャークリーム,出荷その他,kg,248453.0,2023
2020,1,モイスチャークリーム,出荷その他,kg,13660.0,2020
2020,2,モイスチャークリーム,出荷その他,kg,9274.0,2020
2020,3,モイスチャークリーム,出荷その他,kg,26678.0,2020
2020,4,モイスチャークリーム,出荷その他,kg,18464.0,2020
2020,5,モイスチャークリーム,出荷その他,kg,11617.0,2020
2020,6,モイスチャークリーム,出荷その他,kg,50720.0,2020
2020,7,モイスチャークリーム,出荷その他,kg,27691.0,2020
2020,8,モイスチャークリーム,出荷その他,kg,17374.0,2020
2020,9,モイスチャークリーム,出荷その他,kg,14084.0,2020
2020,10,モイスチャークリーム,出荷その他,kg,15047.0,2020
2020,11,モイスチャークリーム,出荷その他,kg,7141.0,2020
2020,12,モイスチャークリーム,出荷その他,kg,31040.0,2020
2021,0,モイスチャークリーム,出荷その他,kg,344945.0,2023
2021,1,モイスチャークリーム,出荷その他,kg,14372.0,2021
2021,2,モイスチャークリーム,出荷その他,kg,43130.0,2021
2021,3,モイスチャークリーム,出荷その他,kg,31924.0,2021
2021,4,モイスチャークリーム,出荷その他,kg,10808.0,2021
2021,5,モイスチャークリーム,出荷その他,kg,23386.0,2021
2021,6,モイスチャークリーム,出荷その他,kg,20362.0,2021
2021,7,モイスチャークリーム,出荷その他,kg,51022.0,2021
2021,8,モイスチャークリーム,出荷その他,kg,33525.0,2021
2021,9,モイスチャークリーム,出荷その他,kg,24597.0,2021
2021,10,モイスチャークリーム,出荷その他,kg,26794.0,2021
2021,11,モイスチャークリーム,出荷その他,kg,22230.0,2021
2021,12,モイスチャークリーム,出荷その他,kg,39572.0,2021
2022,0,モイスチャークリーム,出荷その他,kg,314570.0,2023
2022,1,モイスチャークリーム,出荷その他,kg,37884.0,2022
2022,2,モイスチャークリーム,出荷その他,kg,52574.0,2022
2022,3,モイスチャークリーム,出荷その他,kg,29024.0,2022
2022,4,モイスチャークリーム,出荷その他,kg,16235.0,2022
2022,5,モイスチャークリーム,出荷その他,kg,15340.0,2022
2022,6,モイスチャークリーム,出荷その他,kg,11351.0,2022
2022,7,モイスチャークリーム,出荷その他,kg,28962.0,2022
2022,8,モイスチャークリーム,出荷その他,kg,30711.0,2022
2022,9,モイスチャークリーム,出荷その他,kg,27650.0,2022
2022,10,モイスチャークリーム,出荷その他,kg,25861.0,2022
2022,11,モイスチャークリーム,出荷その他,kg,19715.0,2022
2022,12,モイスチャークリーム,出荷その他,kg,19263.0,2022
2023,0,モイスチャークリーム,出荷その他,kg,166761.0,2023
2023,1,モイスチャークリーム,出荷その他,kg,14683.0,2023
2023,2,モイスチャークリーム,出荷その他,kg,10125.0,2023
2023,3,モイスチャークリーム,出荷その他,kg,9872.0,2023
2023,4,モイスチャークリーム,出荷その他,kg,9698.0,2023
2023,5,モイスチャークリーム,出荷その他,kg,9451.0,2023
2023,6,モイスチャークリーム,出荷その他,kg,12458.0,2023
2023,7,モイスチャークリーム,出荷その他,kg,6916.0,2023
2023,8,モイスチャークリーム,出荷その他,kg,14356.0,2023
2023,9,モイスチャークリーム,出荷その他,kg,8187.0,2023
2023,10,モイスチャークリーム,出荷その他,kg,52151.0,2023
2023,11,モイスチャークリーム,出荷その他,kg,10094.0,2023
2023,12,モイスチャークリーム,出荷その他,kg,8770.0,2023
2024,1,モイスチャークリーム,出荷その他,kg,13046.0,2024
2024,2,モイスチャークリーム,出荷その他,kg,14398.0,2024
2024,3,モイスチャークリーム,出荷その他,kg,6473.0,2024
2024,4,モイスチャークリーム,出荷その他,kg,7677.0,2024
2024,5,モイスチャークリーム,出荷その他,kg,6875.0,2024
2024,6,モイスチャークリーム,出荷その他,kg,8774.0,2024
2024,7,モイスチャークリーム,出荷その他,kg,8256.0,2024
2024,8,モイスチャークリーム,出荷その他,kg,6252.0,2024
2024,9,モイスチャークリーム,出荷その他,kg,11208.0,2024
2024,10,モイスチャークリーム,出荷その他,kg,4994.0,2024
2024,11,モイスチャークリーム,出荷その他,kg,7004.0,2024
2024,12,モイスチャークリーム,出荷その他,kg,8796.0,2024
2015,0,モイスチャークリーム,受入,kg,106492.0,2019
2016,0,モイスチャークリーム,受入,kg,193440.0,2020
2017,0,モイスチャークリーム,受入,kg,300040.0,2021
2018,0,モイスチャークリーム,受入,kg,403370.0,2022
2019,0,モイスチャークリーム,受入,kg,340359.0,2023
2019,1,モイスチャークリーム,受入,kg,15172.0,2019
2019,2,モイスチャークリーム,受入,kg,21804.0,2019
2019,3,モイスチャークリーム,受入,kg,19504.0,2019
2019,4,モイスチャークリーム,受入,kg,35506.0,2019
2019,5,モイスチャークリーム,受入,kg,30401.0,2019
2019,6,モイスチャークリーム,受入,kg,25640.0,2019
2019,7,モイスチャークリーム,受入,kg,35945.0,2019
2019,8,モイスチャークリーム,受入,kg,30347.0,2019
2019,9,モイスチャークリーム,受入,kg,19542.0,2019
2019,10,モイスチャークリーム,受入,kg,45079.0,2019
2019,11,モイスチャークリーム,受入,kg,30842.0,2019
2019,12,モイスチャークリーム,受入,kg,30577.0,2019
2020,0,モイスチャークリーム,受入,kg,422517.0,2023
2020,1,モイスチャークリーム,受入,kg,20811.0,2020
2020,2,モイスチャークリーム,受入,kg,44797.0,2020
2020,3,モイスチャークリーム,受入,kg,26254.0,2020
2020,4,モイスチャークリーム,受入,kg,35869.0,2020
2020,5,モイスチャークリーム,受入,kg,24222.0,2020
2020,6,モイスチャークリーム,受入,kg,29640.0,2020
2020,7,モイスチャークリーム,受入,kg,44822.0,2020
2020,8,モイスチャークリーム,受入,kg,27840.0,2020
2020,9,モイスチャークリーム,受入,kg,43516.0,2020
2020,10,モイスチャークリーム,受入,kg,60923.0,2020
2020,11,モイスチャークリーム,受入,kg,33537.0,2020
2020,12,モイスチャークリーム,受入,kg,30286.0,2020
2021,0,モイスチャークリーム,受入,kg,202757.0,2023
2021,1,モイスチャークリーム,受入,kg,21487.0,2021
2021,2,モイスチャークリーム,受入,kg,21940.0,2021
2021,3,モイスチャークリーム,受入,kg,17168.0,2021
2021,4,モイスチャークリーム,受入,kg,21872.0,2021
2021,5,モイスチャークリーム,受入,kg,24692.0,2021
2021,6,モイスチャークリーム,受入,kg,31953.0,2021
2021,7,モイスチャークリーム,受入,kg,18744.0,2021
2021,8,モイスチャークリーム,受入,kg,20487.0,2021
2021,9,モイスチャークリーム,受入,kg,6143.0,2021
2021,10,モイスチャークリーム,受入,kg,4181.0,2021
2021,11,モイスチャークリーム,受入,kg,8146.0,2021
2021,12,モイスチャークリーム,受入,kg,5944.0,2021
2022,0,モイスチャークリーム,受入,kg,366530.0,2023
2022,1,モイスチャークリーム,受入,kg,35583.0,2022
2022,2,モイスチャークリーム,受入,kg,32170.0,2022
2022,3,モイスチャークリーム,受入,kg,47978.0,2022
2022,4,モイスチャークリーム,受入,kg,31883.0,2022
2022,5,モイスチャークリーム,受入,kg,22987.0,2022
2022,6,モイスチャークリーム,受入,kg,29365.0,2022
2022,7,モイスチャークリーム,受入,kg,14882.0,2022
2022,8,モイスチャークリーム,受入,kg,69997.0,2022
2022,9,モイスチャークリーム,受入,kg,37251.0,2022
2022,10,モイスチャークリーム,受入,kg,14446.0,2022
2022,11,モイスチャークリーム,受入,kg,14473.0,2022
2022,12,モイスチャークリーム,受入,kg,15515.0,2022
2023,0,モイスチャークリーム,受入,kg,160728.0,2023
2023,1,モイスチャークリーム,受入,kg,11127.0,2023
2023,2,モイスチャークリーム,受入,kg,24893.0,2023
2023,3,モイスチャークリーム,受入,kg,13822.0,2023
2023,4,モイスチャークリーム,受入,kg,7938.0,2023
2023,5,モイスチャークリーム,受入,kg,18420.0,2023
2023,6,モイスチャークリーム,受入,kg,6906.0,2023
2023,7,モイスチャークリーム,受入,kg,16727.0,2023
2023,8,モイスチャークリーム,受入,kg,11029.0,2023
2023,9,モイスチャークリーム,受入,kg,12568.0,2023
2023,10,モイスチャークリーム,受入,kg,6587.0,2023
2023,11,モイスチャークリーム,受入,kg,11578.0,2023
2023,12,モイスチャークリーム,受入,kg,19133.0,2023
2024,1,モイスチャークリーム,受入,kg,6157.0,2024
2024,2,モイスチャークリーム,受入,kg,6116.0,2024
2024,3,モイスチャークリーム,受入,kg,15943.0,2024
2024,4,モイスチャークリーム,受入,kg,8186.0,2024
2024,5,モイスチャークリーム,受入,kg,17226.0,2024
2024,6,モイスチャークリーム,受入,kg,5700.0,2024
2024,7,モイスチャークリーム,受入,kg,13590.0,2024
2024,8,モイスチャークリーム,受入,kg,18748.0,2024
2024,9,モイスチャークリーム,受入,kg,13600.0,2024
2024,10,モイスチャークリーム,受入,kg,10656.0,2024
2024,11,モイスチャークリーム,受入,kg,6595.0,2024
2024,12,モイスチャークリーム,受入,kg,7455.0,2024
2015,0,モイスチャークリーム,月末在庫,kg,411297.0,2019
2016,0,モイスチャークリーム,月末在庫,kg,386199.0,2020
2017,0,モイスチャークリーム,月末在庫,kg,358657.0,2021
2018,0,モイスチャークリーム,月末在庫,kg,397605.0,2022
2019,0,モイスチャークリーム,月末在庫,kg,514394.0,2023
2019,1,モイスチャークリーム,月末在庫,kg,409316.0,2019
2019,2,モイスチャークリーム,月末在庫,kg,435440.0,2019
2019,3,モイスチャークリーム,月末在庫,kg,436507.0,2019
2019,4,モイスチャークリーム,月末在庫,kg,418507.0,2019
2019,5,モイスチャークリーム,月末在庫,kg,426828.0,2019
2019,6,モイスチャークリーム,月末在庫,kg,464862.0,2019
2019,7,モイスチャークリーム,月末在庫,kg,461221.0,2019
2019,8,モイスチャークリーム,月末在庫,kg,489223.0,2019
2019,9,モイスチャークリーム,月末在庫,kg,523393.0,2019
2019,10,モイスチャークリーム,月末在庫,kg,545252.0,2019
2019,11,モイスチャークリーム,月末在庫,kg,547464.0,2019
2019,12,モイスチャークリーム,月末在庫,kg,514394.0,2019
2020,0,モイスチャークリーム,月末在庫,kg,532725.0,2023
2020,1,モイスチャークリーム,月末在庫,kg,532275.0,2020
2020,2,モイスチャークリーム,月末在庫,kg,564453.0,2020
2020,3,モイスチャークリーム,月末在庫,kg,625666.0,2020
2020,4,モイスチャークリーム,月末在庫,kg,619460.0,2020
2020,5,モイスチャークリーム,月末在庫,kg,601906.0,2020
2020,6,モイスチャークリーム,月末在庫,kg,611420.0,2020
2020,7,モイスチャークリーム,月末在庫,kg,600555.0,2020
2020,8,モイスチャークリーム,月末在庫,kg,577990.0,2020
2020,9,モイスチャークリーム,月末在庫,kg,591134.0,2020
2020,10,モイスチャークリーム,月末在庫,kg,571428.0,2020
2020,11,モイスチャークリーム,月末在庫,kg,557712.0,2020
2020,12,モイスチャークリーム,月末在庫,kg,533679.0,2020
2021,0,モイスチャークリーム,月末在庫,kg,525870.0,2023
2021,1,モイスチャークリーム,月末在庫,kg,549955.0,2021
2021,2,モイスチャークリーム,月末在庫,kg,506464.0,2021
2021,3,モイスチャークリーム,月末在庫,kg,464315.0,2021
2021,4,モイスチャークリーム,月末在庫,kg,469609.0,2021
2021,5,モイスチャークリーム,月末在庫,kg,489732.0,2021
2021,6,モイスチャークリーム,月末在庫,kg,507762.0,2021
2021,7,モイスチャークリーム,月末在庫,kg,522552.0,2021
2021,8,モイスチャークリーム,月末在庫,kg,518164.0,2021
2021,9,モイスチャークリーム,月末在庫,kg,536028.0,2021
2021,10,モイスチャークリーム,月末在庫,kg,537261.0,2021
2021,11,モイスチャークリーム,月末在庫,kg,521043.0,2021
2021,12,モイスチャークリーム,月末在庫,kg,508174.0,2021
2022,0,モイスチャークリーム,月末在庫,kg,553206.0,2023
2022,1,モイスチャークリーム,月末在庫,kg,583757.0,2022
2022,2,モイスチャークリーム,月末在庫,kg,586767.0,2022
2022,3,モイスチャークリーム,月末在庫,kg,565805.0,2022
2022,4,モイスチャークリーム,月末在庫,kg,579109.0,2022
2022,5,モイスチャークリーム,月末在庫,kg,570094.0,2022
2022,6,モイスチャークリーム,月末在庫,kg,560697.0,2022
2022,7,モイスチャークリーム,月末在庫,kg,611103.0,2022
2022,8,モイスチャークリーム,月末在庫,kg,608662.0,2022
2022,9,モイスチャークリーム,月末在庫,kg,624592.0,2022
2022,10,モイスチャークリーム,月末在庫,kg,616611.0,2022
2022,11,モイスチャークリーム,月末在庫,kg,586512.0,2022
2022,12,モイスチャークリーム,月末在庫,kg,553206.0,2022
2023,0,モイスチャークリーム,月末在庫,kg,434360.0,2023
2023,1,モイスチャークリーム,月末在庫,kg,504715.0,2023
2023,2,モイスチャークリーム,月末在庫,kg,528012.0,2023
2023,3,モイスチャークリーム,月末在庫,kg,502038.0,2023
2023,4,モイスチャークリーム,月末在庫,kg,469039.0,2023
2023,5,モイスチャークリーム,月末在庫,kg,485513.0,2023
2023,6,モイスチャークリーム,月末在庫,kg,481925.0,2023
2023,7,モイスチャークリーム,月末在庫,kg,509901.0,2023
2023,8,モイスチャークリーム,月末在庫,kg,511467.0,2023
2023,9,モイスチャークリーム,月末在庫,kg,506775.0,2023
2023,10,モイスチャークリーム,月末在庫,kg,476623.0,2023
2023,11,モイスチャークリーム,月末在庫,kg,481763.0,2023
2023,12,モイスチャークリーム,月末在庫,kg,434360.0,2023
2024,1,モイスチャークリーム,月末在庫,kg,422410.0,2024
2024,2,モイスチャークリーム,月末在庫,kg,401222.0,2024
2024,3,モイスチャークリーム,月末在庫,kg,411236.0,2024
2024,4,モイスチャークリーム,月末在庫,kg,397918.0,2024
2024,5,モイスチャークリーム,月末在庫,kg,427110.0,2024
2024,6,モイスチャークリーム,月末在庫,kg,434265.0,2024
2024,7,モイスチャークリーム,月末在庫,kg,450501.0,2024
2024,8,モイスチャークリーム,月末在庫,kg,483809.0,2024
2024,9,モイスチャークリーム,月末在庫,kg,508812.0,2024
2024,10,モイスチャークリーム,月末在庫,kg,500155.0,2024
2024,11,モイスチャークリーム,月末在庫,kg,475234.0,2024
2024,12,モイスチャークリーム,月末在庫,kg,449262.0,2024
2015,0,モイスチャークリーム,生産,kg,2958963.0,2019
2016,0,モイスチャークリーム,生産,kg,3297021.0,2020
2017,0,モイスチャークリーム,生産,kg,3653635.0,2021
2018,0,モイスチャークリーム,生産,kg,5080255.0,2022
2019,0,モイスチャークリーム,生産,kg,3596702.0,2023
2019,1,モイスチャークリーム,生産,kg,356085.0,2019
2019,2,モイスチャークリーム,生産,kg,367634.0,2019
2019,3,モイスチャークリーム,生産,kg,243423.0,2019
2019,4,モイスチャークリーム,生産,kg,259518.0,2019
2019,5,モイスチャークリーム,生産,kg,259991.0,2019
2019,6,モイスチャークリーム,生産,kg,270656.0,2019
2019,7,モイスチャークリーム,生産,kg,274402.0,2019
2019,8,モイスチャークリーム,生産,kg,287665.0,2019
2019,9,モイスチャークリーム,生産,kg,363012.0,2019
2019,10,モイスチャークリーム,生産,kg,318905.0,2019
2019,11,モイスチャークリーム,生産,kg,306057.0,2019
2019,12,モイスチャークリーム,生産,kg,289354.0,2019
2020,0,モイスチャークリーム,生産,kg,3045329.0,2023
2020,1,モイスチャークリーム,生産,kg,251608.0,2020
2020,2,モイスチャークリーム,生産,kg,263813.0,2020
2020,3,モイスチャークリーム,生産,kg,264716.0,2020
2020,4,モイスチャークリーム,生産,kg,277429.0,2020
2020,5,モイスチャークリーム,生産,kg,177726.0,2020
2020,6,モイスチャークリーム,生産,kg,278602.0,2020
2020,7,モイスチャークリーム,生産,kg,256432.0,2020
2020,8,モイスチャークリーム,生産,kg,225229.0,2020
2020,9,モイスチャークリーム,生産,kg,257121.0,2020
2020,10,モイスチャークリーム,生産,kg,231669.0,2020
2020,11,モイスチャークリーム,生産,kg,193408.0,2020
2020,12,モイスチャークリーム,生産,kg,193797.0,2020
2021,0,モイスチャークリーム,生産,kg,3761614.0,2023
2021,1,モイスチャークリーム,生産,kg,232905.0,2021
2021,2,モイスチャークリーム,生産,kg,207940.0,2021
2021,3,モイスチャークリーム,生産,kg,230613.0,2021
2021,4,モイスチャークリーム,生産,kg,281440.0,2021
2021,5,モイスチャークリーム,生産,kg,247064.0,2021
2021,6,モイスチャークリーム,生産,kg,299660.0,2021
2021,7,モイスチャークリーム,生産,kg,306027.0,2021
2021,8,モイスチャークリーム,生産,kg,306308.0,2021
2021,9,モイスチャークリーム,生産,kg,339160.0,2021
2021,10,モイスチャークリーム,生産,kg,357502.0,2021
2021,11,モイスチャークリーム,生産,kg,327644.0,2021
2021,12,モイスチャークリーム,生産,kg,330011.0,2021
2022,0,モイスチャークリーム,生産,kg,3974229.0,2023
2022,1,モイスチャークリーム,生産,kg,284256.0,2022
2022,2,モイスチャークリーム,生産,kg,305337.0,2022
2022,3,モイスチャークリーム,生産,kg,359881.0,2022
2022,4,モイスチャークリーム,生産,kg,361872.0,2022
2022,5,モイスチャークリーム,生産,kg,290869.0,2022
2022,6,モイスチャークリーム,生産,kg,335718.0,2022
2022,7,モイスチャークリーム,生産,kg,421869.0,2022
2022,8,モイスチャークリーム,生産,kg,336308.0,2022
2022,9,モイスチャークリーム,生産,kg,372421.0,2022
2022,10,モイスチャークリーム,生産,kg,364525.0,2022
2022,11,モイスチャークリーム,生産,kg,296118.0,2022
2022,12,モイスチャークリーム,生産,kg,245055.0,2022
2023,0,モイスチャークリーム,生産,kg,3448294.0,2023
2023,1,モイスチャークリーム,生産,kg,210816.0,2023
2023,2,モイスチャークリーム,生産,kg,254070.0,2023
2023,3,モイスチャークリーム,生産,kg,209588.0,2023
2023,4,モイスチャークリーム,生産,kg,279942.0,2023
2023,5,モイスチャークリーム,生産,kg,251075.0,2023
2023,6,モイスチャークリーム,生産,kg,335580.0,2023
2023,7,モイスチャークリーム,生産,kg,337423.0,2023
2023,8,モイスチャークリーム,生産,kg,355740.0,2023
2023,9,モイスチャークリーム,生産,kg,310177.0,2023
2023,10,モイスチャークリーム,生産,kg,336475.0,2023
2023,11,モイスチャークリーム,生産,kg,293702.0,2023
2023,12,モイスチャークリーム,生産,kg,273706.0,2023
2024,1,モイスチャークリーム,生産,kg,240626.0,2024
2024,2,モイスチャークリーム,生産,kg,252093.0,2024
2024,3,モイスチャークリーム,生産,kg,256948.0,2024
2024,4,モイスチャークリーム,生産,kg,259317.0,2024
2024,5,モイスチャークリーム,生産,kg,273976.0,2024
2024,6,モイスチャークリーム,生産,kg,314125.0,2024
2024,7,モイスチャークリーム,生産,kg,332357.0,2024
2024,8,モイスチャークリーム,生産,kg,362053.0,2024
2024,9,モイスチャークリーム,生産,kg,458086.0,2024
2024,10,モイスチャークリーム,生産,kg,410983.0,2024
2024,11,モイスチャークリーム,生産,kg,276065.0,2024
2024,12,モイスチャークリーム,生産,kg,249456.0,2024
2015,0,モイスチャークリーム,販売個数,十個,6355549.0,2019
2016,0,モイスチャークリーム,販売個数,十個,6433122.0,2020
2017,0,モイスチャークリーム,販売個数,十個,7113037.0,2021
2018,0,モイスチャークリーム,販売個数,十個,8340203.0,2022
2019,0,モイスチャークリーム,販売個数,十個,8023843.0,2023
2019,1,モイスチャークリーム,販売個数,十個,605993.0,2019
2019,2,モイスチャークリーム,販売個数,十個,640638.0,2019
2019,3,モイスチャークリーム,販売個数,十個,663583.0,2019
2019,4,モイスチャークリーム,販売個数,十個,720691.0,2019
2019,5,モイスチャークリーム,販売個数,十個,567662.0,2019
2019,6,モイスチャークリーム,販売個数,十個,585726.0,2019
2019,7,モイスチャークリーム,販売個数,十個,760490.0,2019
2019,8,モイスチャークリーム,販売個数,十個,636252.0,2019
2019,9,モイスチャークリーム,販売個数,十個,688183.0,2019
2019,10,モイスチャークリーム,販売個数,十個,778860.0,2019
2019,11,モイスチャークリーム,販売個数,十個,706382.0,2019
2019,12,モイスチャークリーム,販売個数,十個,669383.0,2019
2020,0,モイスチャークリーム,販売個数,十個,7869403.0,2023
2020,1,モイスチャークリーム,販売個数,十個,517911.0,2020
2020,2,モイスチャークリーム,販売個数,十個,547830.0,2020
2020,3,モイスチャークリーム,販売個数,十個,454165.0,2020
2020,4,モイスチャークリーム,販売個数,十個,678934.0,2020
2020,5,モイスチャークリーム,販売個数,十個,518106.0,2020
2020,6,モイスチャークリーム,販売個数,十個,579875.0,2020
2020,7,モイスチャークリーム,販売個数,十個,674202.0,2020
2020,8,モイスチャークリーム,販売個数,十個,589037.0,2020
2020,9,モイスチャークリーム,販売個数,十個,620733.0,2020
2020,10,モイスチャークリーム,販売個数,十個,748410.0,2020
2020,11,モイスチャークリーム,販売個数,十個,665141.0,2020
2020,12,モイスチャークリーム,販売個数,十個,504898.0,2020
2021,0,モイスチャークリーム,販売個数,十個,8375178.0,2023
2021,1,モイスチャークリーム,販売個数,十個,513322.0,2021
2021,2,モイスチャークリーム,販売個数,十個,573004.0,2021
2021,3,モイスチャークリーム,販売個数,十個,615915.0,2021
2021,4,モイスチャークリーム,販売個数,十個,700551.0,2021
2021,5,モイスチャークリーム,販売個数,十個,552001.0,2021
2021,6,モイスチャークリーム,販売個数,十個,602966.0,2021
2021,7,モイスチャークリーム,販売個数,十個,647436.0,2021
2021,8,モイスチャークリーム,販売個数,十個,676185.0,2021
2021,9,モイスチャークリーム,販売個数,十個,655596.0,2021
2021,10,モイスチャークリーム,販売個数,十個,754162.0,2021
2021,11,モイスチャークリーム,販売個数,十個,714172.0,2021
2021,12,モイスチャークリーム,販売個数,十個,644654.0,2021
2022,0,モイスチャークリーム,販売個数,十個,8464648.0,2023
2022,1,モイスチャークリーム,販売個数,十個,580380.0,2022
2022,2,モイスチャークリーム,販売個数,十個,549385.0,2022
2022,3,モイスチャークリーム,販売個数,十個,837151.0,2022
2022,4,モイスチャークリーム,販売個数,十個,792086.0,2022
2022,5,モイスチャークリーム,販売個数,十個,684477.0,2022
2022,6,モイスチャークリーム,販売個数,十個,775824.0,2022
2022,7,モイスチャークリーム,販売個数,十個,731882.0,2022
2022,8,モイスチャークリーム,販売個数,十個,804044.0,2022
2022,9,モイスチャークリーム,販売個数,十個,688933.0,2022
2022,10,モイスチャークリーム,販売個数,十個,748395.0,2022
2022,11,モイスチャークリーム,販売個数,十個,669766.0,2022
2022,12,モイスチャークリーム,販売個数,十個,602325.0,2022
2023,0,モイスチャークリーム,販売個数,十個,8488529.0,2023
2023,1,モイスチャークリーム,販売個数,十個,683635.0,2023
2023,2,モイスチャークリーム,販売個数,十個,508690.0,2023
2023,3,モイスチャークリーム,販売個数,十個,613719.0,2023
2023,4,モイスチャークリーム,販売個数,十個,649191.0,2023
2023,5,モイスチャークリーム,販売個数,十個,583944.0,2023
2023,6,モイスチャークリーム,販売個数,十個,733417.0,2023
2023,7,モイスチャークリーム,販売個数,十個,835240.0,2023
2023,8,モイスチャークリーム,販売個数,十個,845477.0,2023
2023,9,モイスチャークリーム,販売個数,十個,762349.0,2023
2023,10,モイスチャークリーム,販売個数,十個,770020.0,2023
2023,11,モイスチャークリーム,販売個数,十個,740818.0,2023
2023,12,モイスチャークリーム,販売個数,十個,762029.0,2023
2024,1,モイスチャークリーム,販売個数,十個,619020.0,2024
2024,2,モイスチャークリーム,販売個数,十個,625060.0,2024
2024,3,モイスチャークリーム,販売個数,十個,546134.0,2024
2024,4,モイスチャークリーム,販売個数,十個,592102.0,2024
2024,5,モイスチャークリーム,販売個数,十個,705710.0,2024
2024,6,モイスチャークリーム,販売個数,十個,615539.0,2024
2024,7,モイスチャークリーム,販売個数,十個,715977.0,2024
2024,8,モイスチャークリーム,販売個数,十個,732282.0,2024
2024,9,モイスチャークリーム,販売個数,十個,793865.0,2024
2024,10,モイスチャークリーム,販売個数,十個,839723.0,2024
2024,11,モイスチャークリーム,販売個数,十個,655811.0,2024
2024,12,モイスチャークリーム,販売個数,十個,542091.0,2024
2015,0,モイスチャークリーム,販売数量,kg,2731101.0,2019
2016,0,モイスチャークリーム,販売数量,kg,3249315.0,2020
2017,0,モイスチャークリーム,販売数量,kg,3537675.0,2021
2018,0,モイスチャークリーム,販売数量,kg,5231485.0,2022
2019,0,モイスチャークリーム,販売数量,kg,3659352.0,2023
2019,1,モイスチャークリーム,販売数量,kg,354542.0,2019
2019,2,モイスチャークリーム,販売数量,kg,355377.0,2019
2019,3,モイスチャークリーム,販売数量,kg,249996.0,2019
2019,4,モイスチャークリーム,販売数量,kg,300508.0,2019
2019,5,モイスチャークリーム,販売数量,kg,269010.0,2019
2019,6,モイスチャークリーム,販売数量,kg,238010.0,2019
2019,7,モイスチャークリーム,販売数量,kg,300543.0,2019
2019,8,モイスチャークリーム,販売数量,kg,281309.0,2019
2019,9,モイスチャークリーム,販売数量,kg,330000.0,2019
2019,10,モイスチャークリーム,販売数量,kg,327964.0,2019
2019,11,モイスチャークリーム,販売数量,kg,311683.0,2019
2019,12,モイスチャークリーム,販売数量,kg,340410.0,2019
2020,0,モイスチャークリーム,販売数量,kg,3290570.0,2023
2020,1,モイスチャークリーム,販売数量,kg,240554.0,2020
2020,2,モイスチャークリーム,販売数量,kg,264365.0,2020
2020,3,モイスチャークリーム,販売数量,kg,200554.0,2020
2020,4,モイスチャークリーム,販売数量,kg,299560.0,2020
2020,5,モイスチャークリーム,販売数量,kg,205951.0,2020
2020,6,モイスチャークリーム,販売数量,kg,253067.0,2020
2020,7,モイスチャークリーム,販売数量,kg,279876.0,2020
2020,8,モイスチャークリーム,販売数量,kg,254403.0,2020
2020,9,モイスチャークリーム,販売数量,kg,276050.0,2020
2020,10,モイスチャークリーム,販売数量,kg,293964.0,2020
2020,11,モイスチャークリーム,販売数量,kg,228330.0,2020
2020,12,モイスチャークリーム,販売数量,kg,213748.0,2020
2021,0,モイスチャークリーム,販売数量,kg,3621976.0,2023
2021,1,モイスチャークリーム,販売数量,kg,220535.0,2021
2021,2,モイスチャークリーム,販売数量,kg,226566.0,2021
2021,3,モイスチャークリーム,販売数量,kg,255053.0,2021
2021,4,モイスチャークリーム,販売数量,kg,287636.0,2021
2021,5,モイスチャークリーム,販売数量,kg,226288.0,2021
2021,6,モイスチャークリーム,販売数量,kg,289835.0,2021
2021,7,モイスチャークリーム,販売数量,kg,256557.0,2021
2021,8,モイスチャークリーム,販売数量,kg,301911.0,2021
2021,9,モイスチャークリーム,販売数量,kg,302781.0,2021
2021,10,モイスチャークリーム,販売数量,kg,336673.0,2021
2021,11,モイスチャークリーム,販売数量,kg,334257.0,2021
2021,12,モイスチャークリーム,販売数量,kg,311554.0,2021
2022,0,モイスチャークリーム,販売数量,kg,3975231.0,2023
2022,1,モイスチャークリーム,販売数量,kg,267805.0,2022
2022,2,モイスチャークリーム,販売数量,kg,273918.0,2022
2022,3,モイスチャークリーム,販売数量,kg,401056.0,2022
2022,4,モイスチャークリーム,販売数量,kg,362527.0,2022
2022,5,モイスチャークリーム,販売数量,kg,306518.0,2022
2022,6,モイスチャークリーム,販売数量,kg,361616.0,2022
2022,7,モイスチャークリーム,販売数量,kg,356337.0,2022
2022,8,モイスチャークリーム,販売数量,kg,328049.0,2022
2022,9,モイスチャークリーム,販売数量,kg,365720.0,2022
2022,10,モイスチャークリーム,販売数量,kg,359491.0,2022
2022,11,モイスチャークリーム,販売数量,kg,318987.0,2022
2022,12,モイスチャークリーム,販売数量,kg,273207.0,2022
2023,0,モイスチャークリーム,販売数量,kg,3512353.0,2023
2023,1,モイスチャークリーム,販売数量,kg,252163.0,2023
2023,2,モイスチャークリーム,販売数量,kg,244306.0,2023
2023,3,モイスチャークリーム,販売数量,kg,238314.0,2023
2023,4,モイスチャークリーム,販売数量,kg,310302.0,2023
2023,5,モイスチャークリーム,販売数量,kg,238605.0,2023
2023,6,モイスチャークリーム,販売数量,kg,328515.0,2023
2023,7,モイスチャークリーム,販売数量,kg,314606.0,2023
2023,8,モイスチャークリーム,販売数量,kg,346484.0,2023
2023,9,モイスチャークリーム,販売数量,kg,314967.0,2023
2023,10,モイスチャークリーム,販売数量,kg,315106.0,2023
2023,11,モイスチャークリーム,販売数量,kg,284865.0,2023
2023,12,モイスチャークリーム,販売数量,kg,324120.0,2023
2024,1,モイスチャークリーム,販売数量,kg,241784.0,2024
2024,2,モイスチャークリーム,販売数量,kg,259349.0,2024
2024,3,モイスチャークリーム,販売数量,kg,247723.0,2024
2024,4,モイスチャークリーム,販売数量,kg,268494.0,2024
2024,5,モイスチャークリーム,販売数量,kg,250767.0,2024
2024,6,モイスチャークリーム,販売数量,kg,296280.0,2024
2024,7,モイスチャークリーム,販売数量,kg,316976.0,2024
2024,8,モイスチャークリーム,販売数量,kg,336811.0,2024
2024,9,モイスチャークリーム,販売数量,kg,429328.0,2024
2024,10,モイスチャークリーム,販売数量,kg,421171.0,2024
2024,11,モイスチャークリーム,販売数量,kg,296634.0,2024
2024,12,モイスチャークリーム,販売数量,kg,269464.0,2024
2015,0,モイスチャークリーム,販売金額,千円,78497131.0,2019
2016,0,モイスチャークリーム,販売金額,千円,76778005.0,2020
2017,0,モイスチャークリーム,販売金額,千円,76778479.0,2021
2018,0,モイスチャークリーム,販売金額,千円,81020795.0,2022
2019,0,モイスチャークリーム,販売金額,千円,77226819.0,2023
2019,1,モイスチャークリーム,販売金額,千円,6448351.0,2019
2019,2,モイスチャークリーム,販売金額,千円,6193392.0,2019
2019,3,モイスチャークリーム,販売金額,千円,6580583.0,2019
2019,4,モイスチャークリーム,販売金額,千円,6394239.0,2019
2019,5,モイスチャークリーム,販売金額,千円,5193644.0,2019
2019,6,モイスチャークリーム,販売金額,千円,5421529.0,2019
2019,7,モイスチャークリーム,販売金額,千円,6917167.0,2019
2019,8,モイスチャークリーム,販売金額,千円,6147199.0,2019
2019,9,モイスチャークリーム,販売金額,千円,8568958.0,2019
2019,10,モイスチャークリーム,販売金額,千円,5634949.0,2019
2019,11,モイスチャークリーム,販売金額,千円,6190366.0,2019
2019,12,モイスチャークリーム,販売金額,千円,7536442.0,2019
2020,0,モイスチャークリーム,販売金額,千円,66957450.0,2023
2020,1,モイスチャークリーム,販売金額,千円,5043266.0,2020
2020,2,モイスチャークリーム,販売金額,千円,5169690.0,2020
2020,3,モイスチャークリーム,販売金額,千円,4541081.0,2020
2020,4,モイスチャークリーム,販売金額,千円,4669376.0,2020
2020,5,モイスチャークリーム,販売金額,千円,3267172.0,2020
2020,6,モイスチャークリーム,販売金額,千円,4301189.0,2020
2020,7,モイスチャークリーム,販売金額,千円,4966577.0,2020
2020,8,モイスチャークリーム,販売金額,千円,4583792.0,2020
2020,9,モイスチャークリーム,販売金額,千円,5537466.0,2020
2020,10,モイスチャークリーム,販売金額,千円,6142711.0,2020
2020,11,モイスチャークリーム,販売金額,千円,5536178.0,2020
2020,12,モイスチャークリーム,販売金額,千円,6552872.0,2020
2021,0,モイスチャークリーム,販売金額,千円,72699810.0,2023
2021,1,モイスチャークリーム,販売金額,千円,4939057.0,2021
2021,2,モイスチャークリーム,販売金額,千円,5370293.0,2021
2021,3,モイスチャークリーム,販売金額,千円,5715473.0,2021
2021,4,モイスチャークリーム,販売金額,千円,5349616.0,2021
2021,5,モイスチャークリーム,販売金額,千円,4526972.0,2021
2021,6,モイスチャークリーム,販売金額,千円,4975741.0,2021
2021,7,モイスチャークリーム,販売金額,千円,5915794.0,2021
2021,8,モイスチャークリーム,販売金額,千円,6207030.0,2021
2021,9,モイスチャークリーム,販売金額,千円,6389426.0,2021
2021,10,モイスチャークリーム,販売金額,千円,6747260.0,2021
2021,11,モイスチャークリーム,販売金額,千円,6703464.0,2021
2021,12,モイスチャークリーム,販売金額,千円,7847787.0,2021
2022,0,モイスチャークリーム,販売金額,千円,71099462.0,2023
2022,1,モイスチャークリーム,販売金額,千円,5189081.0,2022
2022,2,モイスチャークリーム,販売金額,千円,4742326.0,2022
2022,3,モイスチャークリーム,販売金額,千円,6616632.0,2022
2022,4,モイスチャークリーム,販売金額,千円,5831667.0,2022
2022,5,モイスチャークリーム,販売金額,千円,5025908.0,2022
2022,6,モイスチャークリーム,販売金額,千円,5353232.0,2022
2022,7,モイスチャークリーム,販売金額,千円,5395278.0,2022
2022,8,モイスチャークリーム,販売金額,千円,5867653.0,2022
2022,9,モイスチャークリーム,販売金額,千円,6115733.0,2022
2022,10,モイスチャークリーム,販売金額,千円,6888338.0,2022
2022,11,モイスチャークリーム,販売金額,千円,6580191.0,2022
2022,12,モイスチャークリーム,販売金額,千円,7493423.0,2022
2023,0,モイスチャークリーム,販売金額,千円,67760699.0,2023
2023,1,モイスチャークリーム,販売金額,千円,5795796.0,2023
2023,2,モイスチャークリーム,販売金額,千円,4776993.0,2023
2023,3,モイスチャークリーム,販売金額,千円,5787168.0,2023
2023,4,モイスチャークリーム,販売金額,千円,5152817.0,2023
2023,5,モイスチャークリーム,販売金額,千円,4602710.0,2023
2023,6,モイスチャークリーム,販売金額,千円,5143167.0,2023
2023,7,モイスチャークリーム,販売金額,千円,5247977.0,2023
2023,8,モイスチャークリーム,販売金額,千円,5722251.0,2023
2023,9,モイスチャークリーム,販売金額,千円,5746734.0,2023
2023,10,モイスチャークリーム,販売金額,千円,5702732.0,2023
2023,11,モイスチャークリーム,販売金額,千円,6478887.0,2023
2023,12,モイスチャークリーム,販売金額,千円,7603467.0,2023
2024,1,モイスチャークリーム,販売金額,千円,5116934.0,2024
2024,2,モイスチャークリーム,販売金額,千円,5022588.0,2024
2024,3,モイスチャークリーム,販売金額,千円,5259932.0,2024
2024,4,モイスチャークリーム,販売金額,千円,4656338.0,2024
2024,5,モイスチャークリーム,販売金額,千円,4567853.0,2024
2024,6,モイスチャークリーム,販売金額,千円,4575652.0,2024
2024,7,モイスチャークリーム,販売金額,千円,5428226.0,2024
2024,8,モイスチャークリーム,販売金額,千円,5299696.0,2024
2024,9,モイスチャークリーム,販売金額,千円,6112505.0,2024
2024,10,モイスチャークリーム,販売金額,千円,6754168.0,2024
2024,11,モイスチャークリーム,販売金額,千円,6412674.0,2024
2024,12,モイスチャークリーム,販売金額,千円,6894126.0,2024
2015,0,リップクリーム,出荷その他,kg,16770.0,2019
2016,0,リップクリーム,出荷その他,kg,14946.0,2020
2017,0,リップクリーム,出荷その他,kg,18391.0,2021
2018,0,リップクリーム,出荷その他,kg,11060.0,2022
2019,0,リップクリーム,出荷その他,kg,11752.0,2023
2019,1,リップクリーム,出荷その他,kg,324.0,2019
2019,2,リップクリーム,出荷その他,kg,128.0,2019
2019,3,リップクリーム,出荷その他,kg,555.0,2019
2019,4,リップクリーム,出荷その他,kg,656.0,2019
2019,5,リップクリーム,出荷その他,kg,2042.0,2019
2019,6,リップクリーム,出荷その他,kg,2165.0,2019
2019,7,リップクリーム,出荷その他,kg,2570.0,2019
2019,8,リップクリーム,出荷その他,kg,768.0,2019
2019,9,リップクリーム,出荷その他,kg,973.0,2019
2019,10,リップクリーム,出荷その他,kg,406.0,2019
2019,11,リップクリーム,出荷その他,kg,677.0,2019
2019,12,リップクリーム,出荷その他,kg,488.0,2019
2020,0,リップクリーム,出荷その他,kg,15809.0,2023
2020,1,リップクリーム,出荷その他,kg,1257.0,2020
2020,2,リップクリーム,出荷その他,kg,1013.0,2020
2020,3,リップクリーム,出荷その他,kg,474.0,2020
2020,4,リップクリーム,出荷その他,kg,694.0,2020
2020,5,リップクリーム,出荷その他,kg,481.0,2020
2020,6,リップクリーム,出荷その他,kg,1699.0,2020
2020,7,リップクリーム,出荷その他,kg,5911.0,2020
2020,8,リップクリーム,出荷その他,kg,1180.0,2020
2020,9,リップクリーム,出荷その他,kg,710.0,2020
2020,10,リップクリーム,出荷その他,kg,530.0,2020
2020,11,リップクリーム,出荷その他,kg,913.0,2020
2020,12,リップクリーム,出荷その他,kg,947.0,2020
2021,0,リップクリーム,出荷その他,kg,11596.0,2023
2021,1,リップクリーム,出荷その他,kg,309.0,2021
2021,2,リップクリーム,出荷その他,kg,248.0,2021
2021,3,リップクリーム,出荷その他,kg,1246.0,2021
2021,4,リップクリーム,出荷その他,kg,559.0,2021
2021,5,リップクリーム,出荷その他,kg,1041.0,2021
2021,6,リップクリーム,出荷その他,kg,2755.0,2021
2021,7,リップクリーム,出荷その他,kg,1984.0,2021
2021,8,リップクリーム,出荷その他,kg,1051.0,2021
2021,9,リップクリーム,出荷その他,kg,423.0,2021
2021,10,リップクリーム,出荷その他,kg,225.0,2021
2021,11,リップクリーム,出荷その他,kg,528.0,2021
2021,12,リップクリーム,出荷その他,kg,955.0,2021
2022,0,リップクリーム,出荷その他,kg,11480.0,2023
2022,1,リップクリーム,出荷その他,kg,496.0,2022
2022,2,リップクリーム,出荷その他,kg,351.0,2022
2022,3,リップクリーム,出荷その他,kg,468.0,2022
2022,4,リップクリーム,出荷その他,kg,1336.0,2022
2022,5,リップクリーム,出荷その他,kg,1310.0,2022
2022,6,リップクリーム,出荷その他,kg,2009.0,2022
2022,7,リップクリーム,出荷その他,kg,3511.0,2022
2022,8,リップクリーム,出荷その他,kg,407.0,2022
2022,9,リップクリーム,出荷その他,kg,153.0,2022
2022,10,リップクリーム,出荷その他,kg,521.0,2022
2022,11,リップクリーム,出荷その他,kg,324.0,2022
2022,12,リップクリーム,出荷その他,kg,594.0,2022
2023,0,リップクリーム,出荷その他,kg,812.0,2023
2023,1,リップクリーム,出荷その他,kg,75.0,2023
2023,2,リップクリーム,出荷その他,kg,48.0,2023
2023,3,リップクリーム,出荷その他,kg,80.0,2023
2023,4,リップクリーム,出荷その他,kg,56.0,2023
2023,5,リップクリーム,出荷その他,kg,191.0,2023
2023,6,リップクリーム,出荷その他,kg,53.0,2023
2023,7,リップクリーム,出荷その他,kg,41.0,2023
2023,8,リップクリーム,出荷その他,kg,29.0,2023
2023,9,リップクリーム,出荷その他,kg,46.0,2023
2023,10,リップクリーム,出荷その他,kg,68.0,2023
2023,11,リップクリーム,出荷その他,kg,57.0,2023
2023,12,リップクリーム,出荷その他,kg,68.0,2023
2024,1,リップクリーム,出荷その他,kg,54.0,2024
2024,2,リップクリーム,出荷その他,kg,87.0,2024
2024,3,リップクリーム,出荷その他,kg,69.0,2024
2024,4,リップクリーム,出荷その他,kg,51.0,2024
2024,5,リップクリーム,出荷その他,kg,54.0,2024
2024,6,リップクリーム,出荷その他,kg,64.0,2024
2024,7,リップクリーム,出荷その他,kg,95.0,2024
2024,8,リップクリーム,出荷その他,kg,84.0,2024
2024,9,リップクリーム,出荷その他,kg,478.0,2024
2024,10,リップクリーム,出荷その他,kg,170.0,2024
2024,11,リップクリーム,出荷その他,kg,184.0,2024
2024,12,リップクリーム,出荷その他,kg,196.0,2024
2015,0,リップクリーム,受入,kg,118904.0,2019
2016,0,リップクリーム,受入,kg,117682.0,2020
2017,0,リップクリーム,受入,kg,139124.0,2021
2018,0,リップクリーム,受入,kg,186183.0,2022
2019,0,リップクリーム,受入,kg,190062.0,2023
2019,1,リップクリーム,受入,kg,13783.0,2019
2019,2,リップクリーム,受入,kg,12114.0,2019
2019,3,リップクリーム,受入,kg,12432.0,2019
2019,4,リップクリーム,受入,kg,10205.0,2019
2019,5,リップクリーム,受入,kg,15474.0,2019
2019,6,リップクリーム,受入,kg,16116.0,2019
2019,7,リップクリーム,受入,kg,20745.0,2019
2019,8,リップクリーム,受入,kg,11658.0,2019
2019,9,リップクリーム,受入,kg,16939.0,2019
2019,10,リップクリーム,受入,kg,24682.0,2019
2019,11,リップクリーム,受入,kg,15724.0,2019
2019,12,リップクリーム,受入,kg,20190.0,2019
2020,0,リップクリーム,受入,kg,166855.0,2023
2020,1,リップクリーム,受入,kg,17128.0,2020
2020,2,リップクリーム,受入,kg,15660.0,2020
2020,3,リップクリーム,受入,kg,17856.0,2020
2020,4,リップクリーム,受入,kg,17933.0,2020
2020,5,リップクリーム,受入,kg,13082.0,2020
2020,6,リップクリーム,受入,kg,17654.0,2020
2020,7,リップクリーム,受入,kg,17004.0,2020
2020,8,リップクリーム,受入,kg,11878.0,2020
2020,9,リップクリーム,受入,kg,14205.0,2020
2020,10,リップクリーム,受入,kg,13122.0,2020
2020,11,リップクリーム,受入,kg,7893.0,2020
2020,12,リップクリーム,受入,kg,4916.0,2020
2021,0,リップクリーム,受入,kg,5033.0,2023
2021,1,リップクリーム,受入,kg,153.0,2021
2021,2,リップクリーム,受入,kg,558.0,2021
2021,3,リップクリーム,受入,kg,558.0,2021
2021,4,リップクリーム,受入,kg,518.0,2021
2021,5,リップクリーム,受入,kg,576.0,2021
2021,6,リップクリーム,受入,kg,1743.0,2021
2021,7,リップクリーム,受入,kg,735.0,2021
2021,8,リップクリーム,受入,kg,1131.0,2021
2021,9,リップクリーム,受入,kg,1252.0,2021
2021,10,リップクリーム,受入,kg,1554.0,2021
2021,11,リップクリーム,受入,kg,583.0,2021
2021,12,リップクリーム,受入,kg,690.0,2021
2022,0,リップクリーム,受入,kg,2782.0,2023
2022,1,リップクリーム,受入,kg,171.0,2022
2022,2,リップクリーム,受入,kg,157.0,2022
2022,3,リップクリーム,受入,kg,291.0,2022
2022,4,リップクリーム,受入,kg,463.0,2022
2022,5,リップクリーム,受入,kg,210.0,2022
2022,6,リップクリーム,受入,kg,108.0,2022
2022,7,リップクリーム,受入,kg,254.0,2022
2022,8,リップクリーム,受入,kg,183.0,2022
2022,9,リップクリーム,受入,kg,198.0,2022
2022,10,リップクリーム,受入,kg,492.0,2022
2022,11,リップクリーム,受入,kg,150.0,2022
2022,12,リップクリーム,受入,kg,105.0,2022
2023,0,リップクリーム,受入,kg,2169.0,2023
2023,1,リップクリーム,受入,kg,136.0,2023
2023,2,リップクリーム,受入,kg,118.0,2023
2023,3,リップクリーム,受入,kg,273.0,2023
2023,4,リップクリーム,受入,kg,217.0,2023
2023,5,リップクリーム,受入,kg,119.0,2023
2023,6,リップクリーム,受入,kg,175.0,2023
2023,7,リップクリーム,受入,kg,355.0,2023
2023,8,リップクリーム,受入,kg,243.0,2023
2023,9,リップクリーム,受入,kg,116.0,2023
2023,10,リップクリーム,受入,kg,124.0,2023
2023,11,リップクリーム,受入,kg,214.0,2023
2023,12,リップクリーム,受入,kg,79.0,2023
2024,1,リップクリーム,受入,kg,123.0,2024
2024,2,リップクリーム,受入,kg,86.0,2024
2024,3,リップクリーム,受入,kg,70.0,2024
2024,4,リップクリーム,受入,kg,324.0,2024
2024,5,リップクリーム,受入,kg,28.0,2024
2024,6,リップクリーム,受入,kg,702.0,2024
2024,7,リップクリーム,受入,kg,2344.0,2024
2024,8,リップクリーム,受入,kg,1494.0,2024
2024,9,リップクリーム,受入,kg,1417.0,2024
2024,10,リップクリーム,受入,kg,1186.0,2024
2024,11,リップクリーム,受入,kg,2395.0,2024
2024,12,リップクリーム,受入,kg,477.0,2024
2015,0,リップクリーム,月末在庫,kg,25340.0,2019
2016,0,リップクリーム,月末在庫,kg,33022.0,2020
2017,0,リップクリーム,月末在庫,kg,36427.0,2021
2018,0,リップクリーム,月末在庫,kg,39224.0,2022
2019,0,リップクリーム,月末在庫,kg,34567.0,2023
2019,1,リップクリーム,月末在庫,kg,36242.0,2019
2019,2,リップクリーム,月末在庫,kg,35824.0,2019
2019,3,リップクリーム,月末在庫,kg,38479.0,2019
2019,4,リップクリーム,月末在庫,kg,39111.0,2019
2019,5,リップクリーム,月末在庫,kg,39829.0,2019
2019,6,リップクリーム,月末在庫,kg,48530.0,2019
2019,7,リップクリーム,月末在庫,kg,54719.0,2019
2019,8,リップクリーム,月末在庫,kg,48758.0,2019
2019,9,リップクリーム,月末在庫,kg,45072.0,2019
2019,10,リップクリーム,月末在庫,kg,45300.0,2019
2019,11,リップクリーム,月末在庫,kg,39682.0,2019
2019,12,リップクリーム,月末在庫,kg,34567.0,2019
2020,0,リップクリーム,月末在庫,kg,40483.0,2023
2020,1,リップクリーム,月末在庫,kg,34633.0,2020
2020,2,リップクリーム,月末在庫,kg,34784.0,2020
2020,3,リップクリーム,月末在庫,kg,42781.0,2020
2020,4,リップクリーム,月末在庫,kg,47800.0,2020
2020,5,リップクリーム,月末在庫,kg,52808.0,2020
2020,6,リップクリーム,月末在庫,kg,57113.0,2020
2020,7,リップクリーム,月末在庫,kg,64829.0,2020
2020,8,リップクリーム,月末在庫,kg,63190.0,2020
2020,9,リップクリーム,月末在庫,kg,55116.0,2020
2020,10,リップクリーム,月末在庫,kg,53002.0,2020
2020,11,リップクリーム,月末在庫,kg,45923.0,2020
2020,12,リップクリーム,月末在庫,kg,40483.0,2020
2021,0,リップクリーム,月末在庫,kg,32541.0,2023
2021,1,リップクリーム,月末在庫,kg,37098.0,2021
2021,2,リップクリーム,月末在庫,kg,36643.0,2021
2021,3,リップクリーム,月末在庫,kg,33943.0,2021
2021,4,リップクリーム,月末在庫,kg,36705.0,2021
2021,5,リップクリーム,月末在庫,kg,37020.0,2021
2021,6,リップクリーム,月末在庫,kg,38994.0,2021
2021,7,リップクリーム,月末在庫,kg,39327.0,2021
2021,8,リップクリーム,月末在庫,kg,39734.0,2021
2021,9,リップクリーム,月末在庫,kg,37999.0,2021
2021,10,リップクリーム,月末在庫,kg,36871.0,2021
2021,11,リップクリーム,月末在庫,kg,35566.0,2021
2021,12,リップクリーム,月末在庫,kg,31407.0,2021
2022,0,リップクリーム,月末在庫,kg,28560.0,2023
2022,1,リップクリーム,月末在庫,kg,30306.0,2022
2022,2,リップクリーム,月末在庫,kg,27293.0,2022
2022,3,リップクリーム,月末在庫,kg,35191.0,2022
2022,4,リップクリーム,月末在庫,kg,34759.0,2022
2022,5,リップクリーム,月末在庫,kg,36566.0,2022
2022,6,リップクリーム,月末在庫,kg,39326.0,2022
2022,7,リップクリーム,月末在庫,kg,42784.0,2022
2022,8,リップクリーム,月末在庫,kg,41572.0,2022
2022,9,リップクリーム,月末在庫,kg,38136.0,2022
2022,10,リップクリーム,月末在庫,kg,36402.0,2022
2022,11,リップクリーム,月末在庫,kg,33826.0,2022
2022,12,リップクリーム,月末在庫,kg,28560.0,2022
2023,0,リップクリーム,月末在庫,kg,25789.0,2023
2023,1,リップクリーム,月末在庫,kg,27799.0,2023
2023,2,リップクリーム,月末在庫,kg,28461.0,2023
2023,3,リップクリーム,月末在庫,kg,29282.0,2023
2023,4,リップクリーム,月末在庫,kg,30824.0,2023
2023,5,リップクリーム,月末在庫,kg,31647.0,2023
2023,6,リップクリーム,月末在庫,kg,34613.0,2023
2023,7,リップクリーム,月末在庫,kg,38946.0,2023
2023,8,リップクリーム,月末在庫,kg,48816.0,2023
2023,9,リップクリーム,月末在庫,kg,31693.0,2023
2023,10,リップクリーム,月末在庫,kg,31563.0,2023
2023,11,リップクリーム,月末在庫,kg,29654.0,2023
2023,12,リップクリーム,月末在庫,kg,25789.0,2023
2024,1,リップクリーム,月末在庫,kg,29158.0,2024
2024,2,リップクリーム,月末在庫,kg,33560.0,2024
2024,3,リップクリーム,月末在庫,kg,36536.0,2024
2024,4,リップクリーム,月末在庫,kg,42617.0,2024
2024,5,リップクリーム,月末在庫,kg,44275.0,2024
2024,6,リップクリーム,月末在庫,kg,48589.0,2024
2024,7,リップクリーム,月末在庫,kg,56392.0,2024
2024,8,リップクリーム,月末在庫,kg,66105.0,2024
2024,9,リップクリーム,月末在庫,kg,53312.0,2024
2024,10,リップクリーム,月末在庫,kg,57078.0,2024
2024,11,リップクリーム,月末在庫,kg,58464.0,2024
2024,12,リップクリーム,月末在庫,kg,51305.0,2024
2015,0,リップクリーム,生産,kg,135971.0,2019
2016,0,リップクリーム,生産,kg,150212.0,2020
2017,0,リップクリーム,生産,kg,164684.0,2021
2018,0,リップクリーム,生産,kg,157918.0,2022
2019,0,リップクリーム,生産,kg,131717.0,2023
2019,1,リップクリーム,生産,kg,6904.0,2019
2019,2,リップクリーム,生産,kg,7833.0,2019
2019,3,リップクリーム,生産,kg,7898.0,2019
2019,4,リップクリーム,生産,kg,9632.0,2019
2019,5,リップクリーム,生産,kg,12411.0,2019
2019,6,リップクリーム,生産,kg,14686.0,2019
2019,7,リップクリーム,生産,kg,16147.0,2019
2019,8,リップクリーム,生産,kg,13349.0,2019
2019,9,リップクリーム,生産,kg,13165.0,2019
2019,10,リップクリーム,生産,kg,12201.0,2019
2019,11,リップクリーム,生産,kg,9359.0,2019
2019,12,リップクリーム,生産,kg,8132.0,2019
2020,0,リップクリーム,生産,kg,125490.0,2023
2020,1,リップクリーム,生産,kg,7601.0,2020
2020,2,リップクリーム,生産,kg,8912.0,2020
2020,3,リップクリーム,生産,kg,11851.0,2020
2020,4,リップクリーム,生産,kg,12351.0,2020
2020,5,リップクリーム,生産,kg,9716.0,2020
2020,6,リップクリーム,生産,kg,14721.0,2020
2020,7,リップクリーム,生産,kg,18297.0,2020
2020,8,リップクリーム,生産,kg,10528.0,2020
2020,9,リップクリーム,生産,kg,9578.0,2020
2020,10,リップクリーム,生産,kg,7435.0,2020
2020,11,リップクリーム,生産,kg,8218.0,2020
2020,12,リップクリーム,生産,kg,4806.0,2020
2021,0,リップクリーム,生産,kg,168062.0,2023
2021,1,リップクリーム,生産,kg,3982.0,2021
2021,2,リップクリーム,生産,kg,6374.0,2021
2021,3,リップクリーム,生産,kg,4066.0,2021
2021,4,リップクリーム,生産,kg,7752.0,2021
2021,5,リップクリーム,生産,kg,9770.0,2021
2021,6,リップクリーム,生産,kg,16684.0,2021
2021,7,リップクリーム,生産,kg,13971.0,2021
2021,8,リップクリーム,生産,kg,18931.0,2021
2021,9,リップクリーム,生産,kg,18770.0,2021
2021,10,リップクリーム,生産,kg,22446.0,2021
2021,11,リップクリーム,生産,kg,17322.0,2021
2021,12,リップクリーム,生産,kg,13112.0,2021
2022,0,リップクリーム,生産,kg,214627.0,2023
2022,1,リップクリーム,生産,kg,7771.0,2022
2022,2,リップクリーム,生産,kg,7283.0,2022
2022,3,リップクリーム,生産,kg,19480.0,2022
2022,4,リップクリーム,生産,kg,16460.0,2022
2022,5,リップクリーム,生産,kg,20170.0,2022
2022,6,リップクリーム,生産,kg,25867.0,2022
2022,7,リップクリーム,生産,kg,21995.0,2022
2022,8,リップクリーム,生産,kg,22133.0,2022
2022,9,リップクリーム,生産,kg,20833.0,2022
2022,10,リップクリーム,生産,kg,20341.0,2022
2022,11,リップクリーム,生産,kg,16990.0,2022
2022,12,リップクリーム,生産,kg,15304.0,2022
2023,0,リップクリーム,生産,kg,278981.0,2023
2023,1,リップクリーム,生産,kg,14919.0,2023
2023,2,リップクリーム,生産,kg,13957.0,2023
2023,3,リップクリーム,生産,kg,16350.0,2023
2023,4,リップクリーム,生産,kg,23395.0,2023
2023,5,リップクリーム,生産,kg,21192.0,2023
2023,6,リップクリーム,生産,kg,26511.0,2023
2023,7,リップクリーム,生産,kg,26020.0,2023
2023,8,リップクリーム,生産,kg,30892.0,2023
2023,9,リップクリーム,生産,kg,22794.0,2023
2023,10,リップクリーム,生産,kg,31553.0,2023
2023,11,リップクリーム,生産,kg,27560.0,2023
2023,12,リップクリーム,生産,kg,23838.0,2023
2024,1,リップクリーム,生産,kg,21565.0,2024
2024,2,リップクリーム,生産,kg,21571.0,2024
2024,3,リップクリーム,生産,kg,23727.0,2024
2024,4,リップクリーム,生産,kg,27888.0,2024
2024,5,リップクリーム,生産,kg,25128.0,2024
2024,6,リップクリーム,生産,kg,30915.0,2024
2024,7,リップクリーム,生産,kg,29416.0,2024
2024,8,リップクリーム,生産,kg,38458.0,2024
2024,9,リップクリーム,生産,kg,31288.0,2024
2024,10,リップクリーム,生産,kg,35516.0,2024
2024,11,リップクリーム,生産,kg,27674.0,2024
2024,12,リップクリーム,生産,kg,22189.0,2024
2015,0,リップクリーム,販売個数,十個,5356499.0,2019
2016,0,リップクリーム,販売個数,十個,5744319.0,2020
2017,0,リップクリーム,販売個数,十個,6853623.0,2021
2018,0,リップクリーム,販売個数,十個,8491694.0,2022
2019,0,リップクリーム,販売個数,十個,8596241.0,2023
2019,1,リップクリーム,販売個数,十個,584651.0,2019
2019,2,リップクリーム,販売個数,十個,506717.0,2019
2019,3,リップクリーム,販売個数,十個,470960.0,2019
2019,4,リップクリーム,販売個数,十個,532153.0,2019
2019,5,リップクリーム,販売個数,十個,674270.0,2019
2019,6,リップクリーム,販売個数,十個,557620.0,2019
2019,7,リップクリーム,販売個数,十個,780055.0,2019
2019,8,リップクリーム,販売個数,十個,840180.0,2019
2019,9,リップクリーム,販売個数,十個,932035.0,2019
2019,10,リップクリーム,販売個数,十個,1000106.0,2019
2019,11,リップクリーム,販売個数,十個,827458.0,2019
2019,12,リップクリーム,販売個数,十個,890036.0,2019
2020,0,リップクリーム,販売個数,十個,7166411.0,2023
2020,1,リップクリーム,販売個数,十個,605525.0,2020
2020,2,リップクリーム,販売個数,十個,634966.0,2020
2020,3,リップクリーム,販売個数,十個,605100.0,2020
2020,4,リップクリーム,販売個数,十個,640211.0,2020
2020,5,リップクリーム,販売個数,十個,497835.0,2020
2020,6,リップクリーム,販売個数,十個,752331.0,2020
2020,7,リップクリーム,販売個数,十個,620480.0,2020
2020,8,リップクリーム,販売個数,十個,636143.0,2020
2020,9,リップクリーム,販売個数,十個,712472.0,2020
2020,10,リップクリーム,販売個数,十個,653216.0,2020
2020,11,リップクリーム,販売個数,十個,448004.0,2020
2020,12,リップクリーム,販売個数,十個,360126.0,2020
2021,0,リップクリーム,販売個数,十個,4469286.0,2023
2021,1,リップクリーム,販売個数,十個,164254.0,2021
2021,2,リップクリーム,販売個数,十個,182096.0,2021
2021,3,リップクリーム,販売個数,十個,114672.0,2021
2021,4,リップクリーム,販売個数,十個,142447.0,2021
2021,5,リップクリーム,販売個数,十個,276561.0,2021
2021,6,リップクリーム,販売個数,十個,394112.0,2021
2021,7,リップクリーム,販売個数,十個,371861.0,2021
2021,8,リップクリーム,販売個数,十個,523591.0,2021
2021,9,リップクリーム,販売個数,十個,599874.0,2021
2021,10,リップクリーム,販売個数,十個,640706.0,2021
2021,11,リップクリーム,販売個数,十個,457302.0,2021
2021,12,リップクリーム,販売個数,十個,427351.0,2021
2022,0,リップクリーム,販売個数,十個,5389093.0,2023
2022,1,リップクリーム,販売個数,十個,253770.0,2022
2022,2,リップクリーム,販売個数,十個,210986.0,2022
2022,3,リップクリーム,販売個数,十個,246074.0,2022
2022,4,リップクリーム,販売個数,十個,431049.0,2022
2022,5,リップクリーム,販売個数,十個,430699.0,2022
2022,6,リップクリーム,販売個数,十個,569855.0,2022
2022,7,リップクリーム,販売個数,十個,375688.0,2022
2022,8,リップクリーム,販売個数,十個,615045.0,2022
2022,9,リップクリーム,販売個数,十個,649838.0,2022
2022,10,リップクリーム,販売個数,十個,573212.0,2022
2022,11,リップクリーム,販売個数,十個,505697.0,2022
2022,12,リップクリーム,販売個数,十個,527180.0,2022
2023,0,リップクリーム,販売個数,十個,7321506.0,2023
2023,1,リップクリーム,販売個数,十個,409141.0,2023
2023,2,リップクリーム,販売個数,十個,349834.0,2023
2023,3,リップクリーム,販売個数,十個,408985.0,2023
2023,4,リップクリーム,販売個数,十個,580873.0,2023
2023,5,リップクリーム,販売個数,十個,567706.0,2023
2023,6,リップクリーム,販売個数,十個,580678.0,2023
2023,7,リップクリーム,販売個数,十個,600571.0,2023
2023,8,リップクリーム,販売個数,十個,567949.0,2023
2023,9,リップクリーム,販売個数,十個,765214.0,2023
2023,10,リップクリーム,販売個数,十個,867398.0,2023
2023,11,リップクリーム,販売個数,十個,843322.0,2023
2023,12,リップクリーム,販売個数,十個,779835.0,2023
2024,1,リップクリーム,販売個数,十個,522300.0,2024
2024,2,リップクリーム,販売個数,十個,456374.0,2024
2024,3,リップクリーム,販売個数,十個,595706.0,2024
2024,4,リップクリーム,販売個数,十個,660013.0,2024
2024,5,リップクリーム,販売個数,十個,707568.0,2024
2024,6,リップクリーム,販売個数,十個,651587.0,2024
2024,7,リップクリーム,販売個数,十個,659109.0,2024
2024,8,リップクリーム,販売個数,十個,832878.0,2024
2024,9,リップクリーム,販売個数,十個,876186.0,2024
2024,10,リップクリーム,販売個数,十個,884960.0,2024
2024,11,リップクリーム,販売個数,十個,785513.0,2024
2024,12,リップクリーム,販売個数,十個,803350.0,2024
2015,0,リップクリーム,販売数量,kg,233337.0,2019
2016,0,リップクリーム,販売数量,kg,241888.0,2020
2017,0,リップクリーム,販売数量,kg,278303.0,2021
2018,0,リップクリーム,販売数量,kg,323651.0,2022
2019,0,リップクリーム,販売数量,kg,310850.0,2023
2019,1,リップクリーム,販売数量,kg,22025.0,2019
2019,2,リップクリーム,販売数量,kg,20108.0,2019
2019,3,リップクリーム,販売数量,kg,19063.0,2019
2019,4,リップクリーム,販売数量,kg,19660.0,2019
2019,5,リップクリーム,販売数量,kg,22731.0,2019
2019,6,リップクリーム,販売数量,kg,19480.0,2019
2019,7,リップクリーム,販売数量,kg,27914.0,2019
2019,8,リップクリーム,販売数量,kg,29832.0,2019
2019,9,リップクリーム,販売数量,kg,32009.0,2019
2019,10,リップクリーム,販売数量,kg,35783.0,2019
2019,11,リップクリーム,販売数量,kg,29595.0,2019
2019,12,リップクリーム,販売数量,kg,32650.0,2019
2020,0,リップクリーム,販売数量,kg,267105.0,2023
2020,1,リップクリーム,販売数量,kg,23349.0,2020
2020,2,リップクリーム,販売数量,kg,23161.0,2020
2020,3,リップクリーム,販売数量,kg,23885.0,2020
2020,4,リップクリーム,販売数量,kg,24820.0,2020
2020,5,リップクリーム,販売数量,kg,17943.0,2020
2020,6,リップクリーム,販売数量,kg,25870.0,2020
2020,7,リップクリーム,販売数量,kg,22014.0,2020
2020,8,リップクリーム,販売数量,kg,22802.0,2020
2020,9,リップクリーム,販売数量,kg,26873.0,2020
2020,10,リップクリーム,販売数量,kg,25313.0,2020
2020,11,リップクリーム,販売数量,kg,17240.0,2020
2020,12,リップクリーム,販売数量,kg,13835.0,2020
2021,0,リップクリーム,販売数量,kg,165091.0,2023
2021,1,リップクリーム,販売数量,kg,6098.0,2021
2021,2,リップクリーム,販売数量,kg,7223.0,2021
2021,3,リップクリーム,販売数量,kg,5487.0,2021
2021,4,リップクリーム,販売数量,kg,4991.0,2021
2021,5,リップクリーム,販売数量,kg,8892.0,2021
2021,6,リップクリーム,販売数量,kg,13459.0,2021
2021,7,リップクリーム,販売数量,kg,12353.0,2021
2021,8,リップクリーム,販売数量,kg,18423.0,2021
2021,9,リップクリーム,販売数量,kg,20676.0,2021
2021,10,リップクリーム,販売数量,kg,24732.0,2021
2021,11,リップクリーム,販売数量,kg,17483.0,2021
2021,12,リップクリーム,販売数量,kg,16816.0,2021
2022,0,リップクリーム,販売数量,kg,207557.0,2023
2022,1,リップクリーム,販売数量,kg,9743.0,2022
2022,2,リップクリーム,販売数量,kg,9900.0,2022
2022,3,リップクリーム,販売数量,kg,11259.0,2022
2022,4,リップクリーム,販売数量,kg,15972.0,2022
2022,5,リップクリーム,販売数量,kg,16274.0,2022
2022,6,リップクリーム,販売数量,kg,20986.0,2022
2022,7,リップクリーム,販売数量,kg,14862.0,2022
2022,8,リップクリーム,販売数量,kg,23066.0,2022
2022,9,リップクリーム,販売数量,kg,24266.0,2022
2022,10,リップクリーム,販売数量,kg,22004.0,2022
2022,11,リップクリーム,販売数量,kg,18985.0,2022
2022,12,リップクリーム,販売数量,kg,20240.0,2022
2023,0,リップクリーム,販売数量,kg,274516.0,2023
2023,1,リップクリーム,販売数量,kg,15338.0,2023
2023,2,リップクリーム,販売数量,kg,13279.0,2023
2023,3,リップクリーム,販売数量,kg,15265.0,2023
2023,4,リップクリーム,販売数量,kg,21517.0,2023
2023,5,リップクリーム,販売数量,kg,19571.0,2023
2023,6,リップクリーム,販売数量,kg,20670.0,2023
2023,7,リップクリーム,販売数量,kg,20181.0,2023
2023,8,リップクリーム,販売数量,kg,20671.0,2023
2023,9,リップクリーム,販売数量,kg,39819.0,2023
2023,10,リップクリーム,販売数量,kg,31564.0,2023
2023,11,リップクリーム,販売数量,kg,29282.0,2023
2023,12,リップクリーム,販売数量,kg,27359.0,2023
2024,1,リップクリーム,販売数量,kg,18064.0,2024
2024,2,リップクリーム,販売数量,kg,17037.0,2024
2024,3,リップクリーム,販売数量,kg,20655.0,2024
2024,4,リップクリーム,販売数量,kg,21659.0,2024
2024,5,リップクリーム,販売数量,kg,23147.0,2024
2024,6,リップクリーム,販売数量,kg,24113.0,2024
2024,7,リップクリーム,販売数量,kg,22182.0,2024
2024,8,リップクリーム,販売数量,kg,29644.0,2024
2024,9,リップクリーム,販売数量,kg,43294.0,2024
2024,10,リップクリーム,販売数量,kg,32337.0,2024
2024,11,リップクリーム,販売数量,kg,28381.0,2024
2024,12,リップクリーム,販売数量,kg,29232.0,2024
2015,0,リップクリーム,販売金額,千円,10543775.0,2019
2016,0,リップクリーム,販売金額,千円,12558490.0,2020
2017,0,リップクリーム,販売金額,千円,15110444.0,2021
2018,0,リップクリーム,販売金額,千円,17485001.0,2022
2019,0,リップクリーム,販売金額,千円,18289536.0,2023
2019,1,リップクリーム,販売金額,千円,1104901.0,2019
2019,2,リップクリーム,販売金額,千円,886147.0,2019
2019,3,リップクリーム,販売金額,千円,881772.0,2019
2019,4,リップクリーム,販売金額,千円,1013619.0,2019
2019,5,リップクリーム,販売金額,千円,1718461.0,2019
2019,6,リップクリーム,販売金額,千円,1055192.0,2019
2019,7,リップクリーム,販売金額,千円,1717539.0,2019
2019,8,リップクリーム,販売金額,千円,2250804.0,2019
2019,9,リップクリーム,販売金額,千円,2186474.0,2019
2019,10,リップクリーム,販売金額,千円,2100366.0,2019
2019,11,リップクリーム,販売金額,千円,1671576.0,2019
2019,12,リップクリーム,販売金額,千円,1702685.0,2019
2020,0,リップクリーム,販売金額,千円,14264169.0,2023
2020,1,リップクリーム,販売金額,千円,1186874.0,2020
2020,2,リップクリーム,販売金額,千円,1323907.0,2020
2020,3,リップクリーム,販売金額,千円,980389.0,2020
2020,4,リップクリーム,販売金額,千円,894842.0,2020
2020,5,リップクリーム,販売金額,千円,817483.0,2020
2020,6,リップクリーム,販売金額,千円,1445354.0,2020
2020,7,リップクリーム,販売金額,千円,1164312.0,2020
2020,8,リップクリーム,販売金額,千円,1762023.0,2020
2020,9,リップクリーム,販売金額,千円,1775008.0,2020
2020,10,リップクリーム,販売金額,千円,1215720.0,2020
2020,11,リップクリーム,販売金額,千円,898734.0,2020
2020,12,リップクリーム,販売金額,千円,822161.0,2020
2021,0,リップクリーム,販売金額,千円,8891458.0,2023
2021,1,リップクリーム,販売金額,千円,530761.0,2021
2021,2,リップクリーム,販売金額,千円,438215.0,2021
2021,3,リップクリーム,販売金額,千円,375042.0,2021
2021,4,リップクリーム,販売金額,千円,397134.0,2021
2021,5,リップクリーム,販売金額,千円,474024.0,2021
2021,6,リップクリーム,販売金額,千円,529906.0,2021
2021,7,リップクリーム,販売金額,千円,678174.0,2021
2021,8,リップクリーム,販売金額,千円,948052.0,2021
2021,9,リップクリーム,販売金額,千円,1436329.0,2021
2021,10,リップクリーム,販売金額,千円,771079.0,2021
2021,11,リップクリーム,販売金額,千円,756668.0,2021
2021,12,リップクリーム,販売金額,千円,835904.0,2021
2022,0,リップクリーム,販売金額,千円,9997879.0,2023
2022,1,リップクリーム,販売金額,千円,556437.0,2022
2022,2,リップクリーム,販売金額,千円,465008.0,2022
2022,3,リップクリーム,販売金額,千円,448896.0,2022
2022,4,リップクリーム,販売金額,千円,606989.0,2022
2022,5,リップクリーム,販売金額,千円,625433.0,2022
2022,6,リップクリーム,販売金額,千円,619985.0,2022
2022,7,リップクリーム,販売金額,千円,549440.0,2022
2022,8,リップクリーム,販売金額,千円,1553500.0,2022
2022,9,リップクリーム,販売金額,千円,1451015.0,2022
2022,10,リップクリーム,販売金額,千円,1033902.0,2022
2022,11,リップクリーム,販売金額,千円,1038163.0,2022
2022,12,リップクリーム,販売金額,千円,1049111.0,2022
2023,0,リップクリーム,販売金額,千円,15835073.0,2023
2023,1,リップクリーム,販売金額,千円,725661.0,2023
2023,2,リップクリーム,販売金額,千円,614009.0,2023
2023,3,リップクリーム,販売金額,千円,686804.0,2023
2023,4,リップクリーム,販売金額,千円,896004.0,2023
2023,5,リップクリーム,販売金額,千円,1172258.0,2023
2023,6,リップクリーム,販売金額,千円,899085.0,2023
2023,7,リップクリーム,販売金額,千円,1179787.0,2023
2023,8,リップクリーム,販売金額,千円,1793503.0,2023
2023,9,リップクリーム,販売金額,千円,2233630.0,2023
2023,10,リップクリーム,販売金額,千円,1691744.0,2023
2023,11,リップクリーム,販売金額,千円,2006852.0,2023
2023,12,リップクリーム,販売金額,千円,1935736.0,2023
2024,1,リップクリーム,販売金額,千円,1245131.0,2024
2024,2,リップクリーム,販売金額,千円,948481.0,2024
2024,3,リップクリーム,販売金額,千円,1530269.0,2024
2024,4,リップクリーム,販売金額,千円,1548895.0,2024
2024,5,リップクリーム,販売金額,千円,1815320.0,2024
2024,6,リップクリーム,販売金額,千円,1086324.0,2024
2024,7,リップクリーム,販売金額,千円,1826320.0,2024
2024,8,リップクリーム,販売金額,千円,2364530.0,2024
2024,9,リップクリーム,販売金額,千円,2773370.0,2024
2024,10,リップクリーム,販売金額,千円,2781865.0,2024
2024,11,リップクリーム,販売金額,千円,1987893.0,2024
2024,12,リップクリーム,販売金額,千円,2229633.0,2024
2015,0,乳液,出荷その他,kg,130669.0,2019
2016,0,乳液,出荷その他,kg,144246.0,2020
2017,0,乳液,出荷その他,kg,244029.0,2021
2018,0,乳液,出荷その他,kg,230416.0,2022
2019,0,乳液,出荷その他,kg,174757.0,2023
2019,1,乳液,出荷その他,kg,6340.0,2019
2019,2,乳液,出荷その他,kg,6048.0,2019
2019,3,乳液,出荷その他,kg,8494.0,2019
2019,4,乳液,出荷その他,kg,18967.0,2019
2019,5,乳液,出荷その他,kg,23016.0,2019
2019,6,乳液,出荷その他,kg,14206.0,2019
2019,7,乳液,出荷その他,kg,7224.0,2019
2019,8,乳液,出荷その他,kg,11683.0,2019
2019,9,乳液,出荷その他,kg,13531.0,2019
2019,10,乳液,出荷その他,kg,13879.0,2019
2019,11,乳液,出荷その他,kg,35678.0,2019
2019,12,乳液,出荷その他,kg,15691.0,2019
2020,0,乳液,出荷その他,kg,407028.0,2023
2020,1,乳液,出荷その他,kg,59940.0,2020
2020,2,乳液,出荷その他,kg,15354.0,2020
2020,3,乳液,出荷その他,kg,42549.0,2020
2020,4,乳液,出荷その他,kg,15591.0,2020
2020,5,乳液,出荷その他,kg,10994.0,2020
2020,6,乳液,出荷その他,kg,91829.0,2020
2020,7,乳液,出荷その他,kg,34634.0,2020
2020,8,乳液,出荷その他,kg,15548.0,2020
2020,9,乳液,出荷その他,kg,12866.0,2020
2020,10,乳液,出荷その他,kg,37220.0,2020
2020,11,乳液,出荷その他,kg,49531.0,2020
2020,12,乳液,出荷その他,kg,23205.0,2020
2021,0,乳液,出荷その他,kg,251964.0,2023
2021,1,乳液,出荷その他,kg,13736.0,2021
2021,2,乳液,出荷その他,kg,31342.0,2021
2021,3,乳液,出荷その他,kg,42768.0,2021
2021,4,乳液,出荷その他,kg,14137.0,2021
2021,5,乳液,出荷その他,kg,22377.0,2021
2021,6,乳液,出荷その他,kg,18145.0,2021
2021,7,乳液,出荷その他,kg,8944.0,2021
2021,8,乳液,出荷その他,kg,10531.0,2021
2021,9,乳液,出荷その他,kg,37948.0,2021
2021,10,乳液,出荷その他,kg,10039.0,2021
2021,11,乳液,出荷その他,kg,17864.0,2021
2021,12,乳液,出荷その他,kg,24888.0,2021
2022,0,乳液,出荷その他,kg,254402.0,2023
2022,1,乳液,出荷その他,kg,36619.0,2022
2022,2,乳液,出荷その他,kg,21765.0,2022
2022,3,乳液,出荷その他,kg,31718.0,2022
2022,4,乳液,出荷その他,kg,30706.0,2022
2022,5,乳液,出荷その他,kg,27521.0,2022
2022,6,乳液,出荷その他,kg,35048.0,2022
2022,7,乳液,出荷その他,kg,5727.0,2022
2022,8,乳液,出荷その他,kg,10920.0,2022
2022,9,乳液,出荷その他,kg,14284.0,2022
2022,10,乳液,出荷その他,kg,3914.0,2022
2022,11,乳液,出荷その他,kg,18753.0,2022
2022,12,乳液,出荷その他,kg,17427.0,2022
2023,0,乳液,出荷その他,kg,153223.0,2023
2023,1,乳液,出荷その他,kg,10380.0,2023
2023,2,乳液,出荷その他,kg,6887.0,2023
2023,3,乳液,出荷その他,kg,15179.0,2023
2023,4,乳液,出荷その他,kg,18097.0,2023
2023,5,乳液,出荷その他,kg,10043.0,2023
2023,6,乳液,出荷その他,kg,35621.0,2023
2023,7,乳液,出荷その他,kg,6132.0,2023
2023,8,乳液,出荷その他,kg,5658.0,2023
2023,9,乳液,出荷その他,kg,9430.0,2023
2023,10,乳液,出荷その他,kg,20303.0,2023
2023,11,乳液,出荷その他,kg,9429.0,2023
2023,12,乳液,出荷その他,kg,6064.0,2023
2024,1,乳液,出荷その他,kg,14075.0,2024
2024,2,乳液,出荷その他,kg,32383.0,2024
2024,3,乳液,出荷その他,kg,7601.0,2024
2024,4,乳液,出荷その他,kg,18114.0,2024
2024,5,乳液,出荷その他,kg,8733.0,2024
2024,6,乳液,出荷その他,kg,10878.0,2024
2024,7,乳液,出荷その他,kg,6041.0,2024
2024,8,乳液,出荷その他,kg,4505.0,2024
2024,9,乳液,出荷その他,kg,25287.0,2024
2024,10,乳液,出荷その他,kg,9424.0,2024
2024,11,乳液,出荷その他,kg,5915.0,2024
2024,12,乳液,出荷その他,kg,7801.0,2024
2015,0,乳液,受入,kg,661518.0,2019
2016,0,乳液,受入,kg,920648.0,2020
2017,0,乳液,受入,kg,928425.0,2021
2018,0,乳液,受入,kg,1051848.0,2022
2019,0,乳液,受入,kg,953262.0,2023
2019,1,乳液,受入,kg,92818.0,2019
2019,2,乳液,受入,kg,64954.0,2019
2019,3,乳液,受入,kg,75107.0,2019
2019,4,乳液,受入,kg,27937.0,2019
2019,5,乳液,受入,kg,64760.0,2019
2019,6,乳液,受入,kg,81905.0,2019
2019,7,乳液,受入,kg,83977.0,2019
2019,8,乳液,受入,kg,94495.0,2019
2019,9,乳液,受入,kg,84284.0,2019
2019,10,乳液,受入,kg,87008.0,2019
2019,11,乳液,受入,kg,91853.0,2019
2019,12,乳液,受入,kg,104164.0,2019
2020,0,乳液,受入,kg,888700.0,2023
2020,1,乳液,受入,kg,45856.0,2020
2020,2,乳液,受入,kg,77826.0,2020
2020,3,乳液,受入,kg,81640.0,2020
2020,4,乳液,受入,kg,117981.0,2020
2020,5,乳液,受入,kg,60562.0,2020
2020,6,乳液,受入,kg,93640.0,2020
2020,7,乳液,受入,kg,103137.0,2020
2020,8,乳液,受入,kg,97199.0,2020
2020,9,乳液,受入,kg,73026.0,2020
2020,10,乳液,受入,kg,47574.0,2020
2020,11,乳液,受入,kg,31764.0,2020
2020,12,乳液,受入,kg,60440.0,2020
2021,0,乳液,受入,kg,536649.0,2023
2021,1,乳液,受入,kg,51318.0,2021
2021,2,乳液,受入,kg,58958.0,2021
2021,3,乳液,受入,kg,85432.0,2021
2021,4,乳液,受入,kg,51863.0,2021
2021,5,乳液,受入,kg,39622.0,2021
2021,6,乳液,受入,kg,42489.0,2021
2021,7,乳液,受入,kg,53486.0,2021
2021,8,乳液,受入,kg,37825.0,2021
2021,9,乳液,受入,kg,2686.0,2021
2021,10,乳液,受入,kg,18102.0,2021
2021,11,乳液,受入,kg,42837.0,2021
2021,12,乳液,受入,kg,53137.0,2021
2022,0,乳液,受入,kg,217661.0,2023
2022,1,乳液,受入,kg,14069.0,2022
2022,2,乳液,受入,kg,27455.0,2022
2022,3,乳液,受入,kg,9195.0,2022
2022,4,乳液,受入,kg,34669.0,2022
2022,5,乳液,受入,kg,9711.0,2022
2022,6,乳液,受入,kg,13587.0,2022
2022,7,乳液,受入,kg,21118.0,2022
2022,8,乳液,受入,kg,19509.0,2022
2022,9,乳液,受入,kg,23066.0,2022
2022,10,乳液,受入,kg,25220.0,2022
2022,11,乳液,受入,kg,4920.0,2022
2022,12,乳液,受入,kg,15142.0,2022
2023,0,乳液,受入,kg,111145.0,2023
2023,1,乳液,受入,kg,7189.0,2023
2023,2,乳液,受入,kg,9616.0,2023
2023,3,乳液,受入,kg,7504.0,2023
2023,4,乳液,受入,kg,3129.0,2023
2023,5,乳液,受入,kg,35716.0,2023
2023,6,乳液,受入,kg,6211.0,2023
2023,7,乳液,受入,kg,14193.0,2023
2023,8,乳液,受入,kg,15075.0,2023
2023,9,乳液,受入,kg,6074.0,2023
2023,10,乳液,受入,kg,1879.0,2023
2023,11,乳液,受入,kg,2504.0,2023
2023,12,乳液,受入,kg,2055.0,2023
2024,1,乳液,受入,kg,1388.0,2024
2024,2,乳液,受入,kg,3318.0,2024
2024,3,乳液,受入,kg,3252.0,2024
2024,4,乳液,受入,kg,3408.0,2024
2024,5,乳液,受入,kg,3644.0,2024
2024,6,乳液,受入,kg,6280.0,2024
2024,7,乳液,受入,kg,5952.0,2024
2024,8,乳液,受入,kg,12134.0,2024
2024,9,乳液,受入,kg,3468.0,2024
2024,10,乳液,受入,kg,5616.0,2024
2024,11,乳液,受入,kg,2086.0,2024
2024,12,乳液,受入,kg,1310.0,2024
2015,0,乳液,月末在庫,kg,704995.0,2019
2016,0,乳液,月末在庫,kg,709226.0,2020
2017,0,乳液,月末在庫,kg,640358.0,2021
2018,0,乳液,月末在庫,kg,1266776.0,2022
2019,0,乳液,月末在庫,kg,1499285.0,2023
2019,1,乳液,月末在庫,kg,1360548.0,2019
2019,2,乳液,月末在庫,kg,1426586.0,2019
2019,3,乳液,月末在庫,kg,1437055.0,2019
2019,4,乳液,月末在庫,kg,1447003.0,2019
2019,5,乳液,月末在庫,kg,1448537.0,2019
2019,6,乳液,月末在庫,kg,1402136.0,2019
2019,7,乳液,月末在庫,kg,1428036.0,2019
2019,8,乳液,月末在庫,kg,1463568.0,2019
2019,9,乳液,月末在庫,kg,1340776.0,2019
2019,10,乳液,月末在庫,kg,1361508.0,2019
2019,11,乳液,月末在庫,kg,1565859.0,2019
2019,12,乳液,月末在庫,kg,1499285.0,2019
2020,0,乳液,月末在庫,kg,1285244.0,2023
2020,1,乳液,月末在庫,kg,1468689.0,2020
2020,2,乳液,月末在庫,kg,1614170.0,2020
2020,3,乳液,月末在庫,kg,1646741.0,2020
2020,4,乳液,月末在庫,kg,1692640.0,2020
2020,5,乳液,月末在庫,kg,1565547.0,2020
2020,6,乳液,月末在庫,kg,1502488.0,2020
2020,7,乳液,月末在庫,kg,1496497.0,2020
2020,8,乳液,月末在庫,kg,1506233.0,2020
2020,9,乳液,月末在庫,kg,1448323.0,2020
2020,10,乳液,月末在庫,kg,1376696.0,2020
2020,11,乳液,月末在庫,kg,1394571.0,2020
2020,12,乳液,月末在庫,kg,1282938.0,2020
2021,0,乳液,月末在庫,kg,1283652.0,2023
2021,1,乳液,月末在庫,kg,1340432.0,2021
2021,2,乳液,月末在庫,kg,1268946.0,2021
2021,3,乳液,月末在庫,kg,1260121.0,2021
2021,4,乳液,月末在庫,kg,1229683.0,2021
2021,5,乳液,月末在庫,kg,1218485.0,2021
2021,6,乳液,月末在庫,kg,1226694.0,2021
2021,7,乳液,月末在庫,kg,1292519.0,2021
2021,8,乳液,月末在庫,kg,1268842.0,2021
2021,9,乳液,月末在庫,kg,1334713.0,2021
2021,10,乳液,月末在庫,kg,1306958.0,2021
2021,11,乳液,月末在庫,kg,1310735.0,2021
2021,12,乳液,月末在庫,kg,1284983.0,2021
2022,0,乳液,月末在庫,kg,1243008.0,2023
2022,1,乳液,月末在庫,kg,1373756.0,2022
2022,2,乳液,月末在庫,kg,1488146.0,2022
2022,3,乳液,月末在庫,kg,1584846.0,2022
2022,4,乳液,月末在庫,kg,1380688.0,2022
2022,5,乳液,月末在庫,kg,1324754.0,2022
2022,6,乳液,月末在庫,kg,1320270.0,2022
2022,7,乳液,月末在庫,kg,1374215.0,2022
2022,8,乳液,月末在庫,kg,1254946.0,2022
2022,9,乳液,月末在庫,kg,1315105.0,2022
2022,10,乳液,月末在庫,kg,1259865.0,2022
2022,11,乳液,月末在庫,kg,1352981.0,2022
2022,12,乳液,月末在庫,kg,1243008.0,2022
2023,0,乳液,月末在庫,kg,1327895.0,2023
2023,1,乳液,月末在庫,kg,1250680.0,2023
2023,2,乳液,月末在庫,kg,1284462.0,2023
2023,3,乳液,月末在庫,kg,1180402.0,2023
2023,4,乳液,月末在庫,kg,1200459.0,2023
2023,5,乳液,月末在庫,kg,1212973.0,2023
2023,6,乳液,月末在庫,kg,1273220.0,2023
2023,7,乳液,月末在庫,kg,1262760.0,2023
2023,8,乳液,月末在庫,kg,1316487.0,2023
2023,9,乳液,月末在庫,kg,1301301.0,2023
2023,10,乳液,月末在庫,kg,1332609.0,2023
2023,11,乳液,月末在庫,kg,1355224.0,2023
2023,12,乳液,月末在庫,kg,1327895.0,2023
2024,1,乳液,月末在庫,kg,1329792.0,2024
2024,2,乳液,月末在庫,kg,1244416.0,2024
2024,3,乳液,月末在庫,kg,1235015.0,2024
2024,4,乳液,月末在庫,kg,1284176.0,2024
2024,5,乳液,月末在庫,kg,1286260.0,2024
2024,6,乳液,月末在庫,kg,1245753.0,2024
2024,7,乳液,月末在庫,kg,1242664.0,2024
2024,8,乳液,月末在庫,kg,1257517.0,2024
2024,9,乳液,月末在庫,kg,1257570.0,2024
2024,10,乳液,月末在庫,kg,1282508.0,2024
2024,11,乳液,月末在庫,kg,1320516.0,2024
2024,12,乳液,月末在庫,kg,1149362.0,2024
2015,0,乳液,生産,kg,5260103.0,2019
2016,0,乳液,生産,kg,5176848.0,2020
2017,0,乳液,生産,kg,6575159.0,2021
2018,0,乳液,生産,kg,8082050.0,2022
2019,0,乳液,生産,kg,8242545.0,2023
2019,1,乳液,生産,kg,665661.0,2019
2019,2,乳液,生産,kg,652380.0,2019
2019,3,乳液,生産,kg,706153.0,2019
2019,4,乳液,生産,kg,744609.0,2019
2019,5,乳液,生産,kg,583317.0,2019
2019,6,乳液,生産,kg,630885.0,2019
2019,7,乳液,生産,kg,824975.0,2019
2019,8,乳液,生産,kg,699406.0,2019
2019,9,乳液,生産,kg,687428.0,2019
2019,10,乳液,生産,kg,735178.0,2019
2019,11,乳液,生産,kg,686811.0,2019
2019,12,乳液,生産,kg,625742.0,2019
2020,0,乳液,生産,kg,6438488.0,2023
2020,1,乳液,生産,kg,578047.0,2020
2020,2,乳液,生産,kg,611872.0,2020
2020,3,乳液,生産,kg,568733.0,2020
2020,4,乳液,生産,kg,583250.0,2020
2020,5,乳液,生産,kg,420221.0,2020
2020,6,乳液,生産,kg,546911.0,2020
2020,7,乳液,生産,kg,611689.0,2020
2020,8,乳液,生産,kg,465886.0,2020
2020,9,乳液,生産,kg,589286.0,2020
2020,10,乳液,生産,kg,560340.0,2020
2020,11,乳液,生産,kg,590366.0,2020
2020,12,乳液,生産,kg,468290.0,2020
2021,0,乳液,生産,kg,7135060.0,2023
2021,1,乳液,生産,kg,469825.0,2021
2021,2,乳液,生産,kg,568044.0,2021
2021,3,乳液,生産,kg,664115.0,2021
2021,4,乳液,生産,kg,629629.0,2021
2021,5,乳液,生産,kg,519816.0,2021
2021,6,乳液,生産,kg,698871.0,2021
2021,7,乳液,生産,kg,683871.0,2021
2021,8,乳液,生産,kg,538120.0,2021
2021,9,乳液,生産,kg,703630.0,2021
2021,10,乳液,生産,kg,618003.0,2021
2021,11,乳液,生産,kg,650326.0,2021
2021,12,乳液,生産,kg,612393.0,2021
2022,0,乳液,生産,kg,7413467.0,2023
2022,1,乳液,生産,kg,550243.0,2022
2022,2,乳液,生産,kg,652356.0,2022
2022,3,乳液,生産,kg,738192.0,2022
2022,4,乳液,生産,kg,636928.0,2022
2022,5,乳液,生産,kg,522846.0,2022
2022,6,乳液,生産,kg,575911.0,2022
2022,7,乳液,生産,kg,744708.0,2022
2022,8,乳液,生産,kg,489664.0,2022
2022,9,乳液,生産,kg,625704.0,2022
2022,10,乳液,生産,kg,564167.0,2022
2022,11,乳液,生産,kg,728086.0,2022
2022,12,乳液,生産,kg,584662.0,2022
2023,0,乳液,生産,kg,6586979.0,2023
2023,1,乳液,生産,kg,556538.0,2023
2023,2,乳液,生産,kg,548723.0,2023
2023,3,乳液,生産,kg,579376.0,2023
2023,4,乳液,生産,kg,510939.0,2023
2023,5,乳液,生産,kg,485152.0,2023
2023,6,乳液,生産,kg,584560.0,2023
2023,7,乳液,生産,kg,614981.0,2023
2023,8,乳液,生産,kg,551359.0,2023
2023,9,乳液,生産,kg,513133.0,2023
2023,10,乳液,生産,kg,512278.0,2023
2023,11,乳液,生産,kg,580916.0,2023
2023,12,乳液,生産,kg,549024.0,2023
2024,1,乳液,生産,kg,487866.0,2024
2024,2,乳液,生産,kg,438113.0,2024
2024,3,乳液,生産,kg,560097.0,2024
2024,4,乳液,生産,kg,528128.0,2024
2024,5,乳液,生産,kg,520939.0,2024
2024,6,乳液,生産,kg,529886.0,2024
2024,7,乳液,生産,kg,530636.0,2024
2024,8,乳液,生産,kg,537037.0,2024
2024,9,乳液,生産,kg,557833.0,2024
2024,10,乳液,生産,kg,594753.0,2024
2024,11,乳液,生産,kg,635956.0,2024
2024,12,乳液,生産,kg,415003.0,2024
2015,0,乳液,販売個数,十個,6421014.0,2019
2016,0,乳液,販売個数,十個,6521684.0,2020
2017,0,乳液,販売個数,十個,7315534.0,2021
2018,0,乳液,販売個数,十個,8718021.0,2022
2019,0,乳液,販売個数,十個,9469615.0,2023
2019,1,乳液,販売個数,十個,709056.0,2019
2019,2,乳液,販売個数,十個,707468.0,2019
2019,3,乳液,販売個数,十個,819246.0,2019
2019,4,乳液,販売個数,十個,839580.0,2019
2019,5,乳液,販売個数,十個,693029.0,2019
2019,6,乳液,販売個数,十個,793387.0,2019
2019,7,乳液,販売個数,十個,935026.0,2019
2019,8,乳液,販売個数,十個,801592.0,2019
2019,9,乳液,販売個数,十個,872309.0,2019
2019,10,乳液,販売個数,十個,794070.0,2019
2019,11,乳液,販売個数,十個,724125.0,2019
2019,12,乳液,販売個数,十個,780727.0,2019
2020,0,乳液,販売個数,十個,7023567.0,2023
2020,1,乳液,販売個数,十個,658166.0,2020
2020,2,乳液,販売個数,十個,606711.0,2020
2020,3,乳液,販売個数,十個,636183.0,2020
2020,4,乳液,販売個数,十個,630001.0,2020
2020,5,乳液,販売個数,十個,606767.0,2020
2020,6,乳液,販売個数,十個,602683.0,2020
2020,7,乳液,販売個数,十個,825464.0,2020
2020,8,乳液,販売個数,十個,547754.0,2020
2020,9,乳液,販売個数,十個,767727.0,2020
2020,10,乳液,販売個数,十個,648705.0,2020
2020,11,乳液,販売個数,十個,550251.0,2020
2020,12,乳液,販売個数,十個,682195.0,2020
2021,0,乳液,販売個数,十個,7056723.0,2023
2021,1,乳液,販売個数,十個,455567.0,2021
2021,2,乳液,販売個数,十個,559351.0,2021
2021,3,乳液,販売個数,十個,760881.0,2021
2021,4,乳液,販売個数,十個,672214.0,2021
2021,5,乳液,販売個数,十個,544352.0,2021
2021,6,乳液,販売個数,十個,673262.0,2021
2021,7,乳液,販売個数,十個,740702.0,2021
2021,8,乳液,販売個数,十個,613908.0,2021
2021,9,乳液,販売個数,十個,591141.0,2021
2021,10,乳液,販売個数,十個,715848.0,2021
2021,11,乳液,販売個数,十個,702028.0,2021
2021,12,乳液,販売個数,十個,660614.0,2021
2022,0,乳液,販売個数,十個,7128207.0,2023
2022,1,乳液,販売個数,十個,509127.0,2022
2022,2,乳液,販売個数,十個,531647.0,2022
2022,3,乳液,販売個数,十個,595841.0,2022
2022,4,乳液,販売個数,十個,650787.0,2022
2022,5,乳液,販売個数,十個,504864.0,2022
2022,6,乳液,販売個数,十個,578772.0,2022
2022,7,乳液,販売個数,十個,687290.0,2022
2022,8,乳液,販売個数,十個,580804.0,2022
2022,9,乳液,販売個数,十個,577918.0,2022
2022,10,乳液,販売個数,十個,638223.0,2022
2022,11,乳液,販売個数,十個,594606.0,2022
2022,12,乳液,販売個数,十個,678328.0,2022
2023,0,乳液,販売個数,十個,6862563.0,2023
2023,1,乳液,販売個数,十個,540391.0,2023
2023,2,乳液,販売個数,十個,572782.0,2023
2023,3,乳液,販売個数,十個,730765.0,2023
2023,4,乳液,販売個数,十個,536458.0,2023
2023,5,乳液,販売個数,十個,482182.0,2023
2023,6,乳液,販売個数,十個,602501.0,2023
2023,7,乳液,販売個数,十個,659000.0,2023
2023,8,乳液,販売個数,十個,514942.0,2023
2023,9,乳液,販売個数,十個,501209.0,2023
2023,10,乳液,販売個数,十個,496271.0,2023
2023,11,乳液,販売個数,十個,581810.0,2023
2023,12,乳液,販売個数,十個,644252.0,2023
2024,1,乳液,販売個数,十個,581175.0,2024
2024,2,乳液,販売個数,十個,547089.0,2024
2024,3,乳液,販売個数,十個,620464.0,2024
2024,4,乳液,販売個数,十個,520862.0,2024
2024,5,乳液,販売個数,十個,515676.0,2024
2024,6,乳液,販売個数,十個,647393.0,2024
2024,7,乳液,販売個数,十個,645816.0,2024
2024,8,乳液,販売個数,十個,537298.0,2024
2024,9,乳液,販売個数,十個,536534.0,2024
2024,10,乳液,販売個数,十個,605890.0,2024
2024,11,乳液,販売個数,十個,591728.0,2024
2024,12,乳液,販売個数,十個,599379.0,2024
2015,0,乳液,販売数量,kg,5675070.0,2019
2016,0,乳液,販売数量,kg,5950593.0,2020
2017,0,乳液,販売数量,kg,7281444.0,2021
2018,0,乳液,販売数量,kg,8221547.0,2022
2019,0,乳液,販売数量,kg,8755270.0,2023
2019,1,乳液,販売数量,kg,657629.0,2019
2019,2,乳液,販売数量,kg,643908.0,2019
2019,3,乳液,販売数量,kg,759000.0,2019
2019,4,乳液,販売数量,kg,733767.0,2019
2019,5,乳液,販売数量,kg,619426.0,2019
2019,6,乳液,販売数量,kg,743071.0,2019
2019,7,乳液,販売数量,kg,872043.0,2019
2019,8,乳液,販売数量,kg,744349.0,2019
2019,9,乳液,販売数量,kg,778695.0,2019
2019,10,乳液,販売数量,kg,777440.0,2019
2019,11,乳液,販売数量,kg,646889.0,2019
2019,12,乳液,販売数量,kg,779053.0,2019
2020,0,乳液,販売数量,kg,6972816.0,2023
2020,1,乳液,販売数量,kg,592284.0,2020
2020,2,乳液,販売数量,kg,526300.0,2020
2020,3,乳液,販売数量,kg,572022.0,2020
2020,4,乳液,販売数量,kg,636461.0,2020
2020,5,乳液,販売数量,kg,594844.0,2020
2020,6,乳液,販売数量,kg,608975.0,2020
2020,7,乳液,販売数量,kg,683202.0,2020
2020,8,乳液,販売数量,kg,536375.0,2020
2020,9,乳液,販売数量,kg,697983.0,2020
2020,10,乳液,販売数量,kg,636446.0,2020
2020,11,乳液,販売数量,kg,548412.0,2020
2020,12,乳液,販売数量,kg,610999.0,2020
2021,0,乳液,販売数量,kg,7364030.0,2023
2021,1,乳液,販売数量,kg,465633.0,2021
2021,2,乳液,販売数量,kg,662046.0,2021
2021,3,乳液,販売数量,kg,706375.0,2021
2021,4,乳液,販売数量,kg,694867.0,2021
2021,5,乳液,販売数量,kg,545499.0,2021
2021,6,乳液,販売数量,kg,707953.0,2021
2021,7,乳液,販売数量,kg,659443.0,2021
2021,8,乳液,販売数量,kg,587726.0,2021
2021,9,乳液,販売数量,kg,592096.0,2021
2021,10,乳液,販売数量,kg,643705.0,2021
2021,11,乳液,販売数量,kg,670076.0,2021
2021,12,乳液,販売数量,kg,646908.0,2021
2022,0,乳液,販売数量,kg,6971105.0,2023
2022,1,乳液,販売数量,kg,439959.0,2022
2022,2,乳液,販売数量,kg,480820.0,2022
2022,3,乳液,販売数量,kg,577132.0,2022
2022,4,乳液,販売数量,kg,680477.0,2022
2022,5,乳液,販売数量,kg,537711.0,2022
2022,6,乳液,販売数量,kg,526059.0,2022
2022,7,乳液,販売数量,kg,683553.0,2022
2022,8,乳液,販売数量,kg,616010.0,2022
2022,9,乳液,販売数量,kg,568299.0,2022
2022,10,乳液,販売数量,kg,605805.0,2022
2022,11,乳液,販売数量,kg,610932.0,2022
2022,12,乳液,販売数量,kg,644348.0,2022
2023,0,乳液,販売数量,kg,6221715.0,2023
2023,1,乳液,販売数量,kg,531824.0,2023
2023,2,乳液,販売数量,kg,517030.0,2023
2023,3,乳液,販売数量,kg,666528.0,2023
2023,4,乳液,販売数量,kg,472822.0,2023
2023,5,乳液,販売数量,kg,492129.0,2023
2023,6,乳液,販売数量,kg,485268.0,2023
2023,7,乳液,販売数量,kg,583577.0,2023
2023,8,乳液,販売数量,kg,455399.0,2023
2023,9,乳液,販売数量,kg,480558.0,2023
2023,10,乳液,販売数量,kg,443727.0,2023
2023,11,乳液,販売数量,kg,539152.0,2023
2023,12,乳液,販売数量,kg,553701.0,2023
2024,1,乳液,販売数量,kg,451242.0,2024
2024,2,乳液,販売数量,kg,474583.0,2024
2024,3,乳液,販売数量,kg,539507.0,2024
2024,4,乳液,販売数量,kg,442628.0,2024
2024,5,乳液,販売数量,kg,483482.0,2024
2024,6,乳液,販売数量,kg,534360.0,2024
2024,7,乳液,販売数量,kg,502492.0,2024
2024,8,乳液,販売数量,kg,499416.0,2024
2024,9,乳液,販売数量,kg,510760.0,2024
2024,10,乳液,販売数量,kg,541981.0,2024
2024,11,乳液,販売数量,kg,570470.0,2024
2024,12,乳液,販売数量,kg,504395.0,2024
2015,0,乳液,販売金額,千円,69423650.0,2019
2016,0,乳液,販売金額,千円,67294946.0,2020
2017,0,乳液,販売金額,千円,73243727.0,2021
2018,0,乳液,販売金額,千円,87476108.0,2022
2019,0,乳液,販売金額,千円,97604504.0,2023
2019,1,乳液,販売金額,千円,6645878.0,2019
2019,2,乳液,販売金額,千円,7655355.0,2019
2019,3,乳液,販売金額,千円,9121748.0,2019
2019,4,乳液,販売金額,千円,7859028.0,2019
2019,5,乳液,販売金額,千円,7580068.0,2019
2019,6,乳液,販売金額,千円,7778306.0,2019
2019,7,乳液,販売金額,千円,8506696.0,2019
2019,8,乳液,販売金額,千円,8263556.0,2019
2019,9,乳液,販売金額,千円,9977969.0,2019
2019,10,乳液,販売金額,千円,7772388.0,2019
2019,11,乳液,販売金額,千円,6950634.0,2019
2019,12,乳液,販売金額,千円,9492878.0,2019
2020,0,乳液,販売金額,千円,76091489.0,2023
2020,1,乳液,販売金額,千円,6441145.0,2020
2020,2,乳液,販売金額,千円,6132443.0,2020
2020,3,乳液,販売金額,千円,5782675.0,2020
2020,4,乳液,販売金額,千円,7060267.0,2020
2020,5,乳液,販売金額,千円,6684503.0,2020
2020,6,乳液,販売金額,千円,6492951.0,2020
2020,7,乳液,販売金額,千円,6509094.0,2020
2020,8,乳液,販売金額,千円,5544726.0,2020
2020,9,乳液,販売金額,千円,9442181.0,2020
2020,10,乳液,販売金額,千円,6767809.0,2020
2020,11,乳液,販売金額,千円,7236156.0,2020
2020,12,乳液,販売金額,千円,8071497.0,2020
2021,0,乳液,販売金額,千円,69320715.0,2023
2021,1,乳液,販売金額,千円,5305843.0,2021
2021,2,乳液,販売金額,千円,6767996.0,2021
2021,3,乳液,販売金額,千円,6490431.0,2021
2021,4,乳液,販売金額,千円,6943381.0,2021
2021,5,乳液,販売金額,千円,5656326.0,2021
2021,6,乳液,販売金額,千円,5750294.0,2021
2021,7,乳液,販売金額,千円,6290920.0,2021
2021,8,乳液,販売金額,千円,5777679.0,2021
2021,9,乳液,販売金額,千円,4983880.0,2021
2021,10,乳液,販売金額,千円,5435494.0,2021
2021,11,乳液,販売金額,千円,5747332.0,2021
2021,12,乳液,販売金額,千円,5721170.0,2021
2022,0,乳液,販売金額,千円,51770612.0,2023
2022,1,乳液,販売金額,千円,3207526.0,2022
2022,2,乳液,販売金額,千円,3609100.0,2022
2022,3,乳液,販売金額,千円,4590651.0,2022
2022,4,乳液,販売金額,千円,5086208.0,2022
2022,5,乳液,販売金額,千円,3911940.0,2022
2022,6,乳液,販売金額,千円,4163557.0,2022
2022,7,乳液,販売金額,千円,4321799.0,2022
2022,8,乳液,販売金額,千円,4494302.0,2022
2022,9,乳液,販売金額,千円,4304721.0,2022
2022,10,乳液,販売金額,千円,4199197.0,2022
2022,11,乳液,販売金額,千円,4682484.0,2022
2022,12,乳液,販売金額,千円,5199127.0,2022
2023,0,乳液,販売金額,千円,53297554.0,2023
2023,1,乳液,販売金額,千円,3539605.0,2023
2023,2,乳液,販売金額,千円,3681732.0,2023
2023,3,乳液,販売金額,千円,5547344.0,2023
2023,4,乳液,販売金額,千円,3713819.0,2023
2023,5,乳液,販売金額,千円,3731296.0,2023
2023,6,乳液,販売金額,千円,4512715.0,2023
2023,7,乳液,販売金額,千円,5748782.0,2023
2023,8,乳液,販売金額,千円,4295724.0,2023
2023,9,乳液,販売金額,千円,4151241.0,2023
2023,10,乳液,販売金額,千円,4260073.0,2023
2023,11,乳液,販売金額,千円,4580029.0,2023
2023,12,乳液,販売金額,千円,5535194.0,2023
2024,1,乳液,販売金額,千円,3854618.0,2024
2024,2,乳液,販売金額,千円,4724754.0,2024
2024,3,乳液,販売金額,千円,4904261.0,2024
2024,4,乳液,販売金額,千円,3783025.0,2024
2024,5,乳液,販売金額,千円,4148992.0,2024
2024,6,乳液,販売金額,千円,4548601.0,2024
2024,7,乳液,販売金額,千円,5482757.0,2024
2024,8,乳液,販売金額,千円,4603400.0,2024
2024,9,乳液,販売金額,千円,4495884.0,2024
2024,10,乳液,販売金額,千円,6526809.0,2024
2024,11,乳液,販売金額,千円,4607084.0,2024
2024,12,乳液,販売金額,千円,5982721.0,2024
2015,0,仕上用化粧品計,出荷その他,kg,265120.0,2019
2016,0,仕上用化粧品計,出荷その他,kg,240297.0,2020
2017,0,仕上用化粧品計,出荷その他,kg,238871.0,2020
2018,0,仕上用化粧品計,出荷その他,kg,225958.0,2020
2019,0,仕上用化粧品計,出荷その他,kg,219147.0,2020
2019,1,仕上用化粧品計,出荷その他,kg,15537.0,2019
2019,2,仕上用化粧品計,出荷その他,kg,9910.0,2019
2019,3,仕上用化粧品計,出荷その他,kg,12058.0,2019
2019,4,仕上用化粧品計,出荷その他,kg,14703.0,2019
2019,5,仕上用化粧品計,出荷その他,kg,15648.0,2019
2019,6,仕上用化粧品計,出荷その他,kg,26056.0,2019
2019,7,仕上用化粧品計,出荷その他,kg,14212.0,2019
2019,8,仕上用化粧品計,出荷その他,kg,15427.0,2019
2019,9,仕上用化粧品計,出荷その他,kg,20958.0,2019
2019,10,仕上用化粧品計,出荷その他,kg,15736.0,2019
2019,11,仕上用化粧品計,出荷その他,kg,35298.0,2019
2019,12,仕上用化粧品計,出荷その他,kg,23604.0,2019
2020,0,仕上用化粧品計,出荷その他,kg,299102.0,2020
2020,1,仕上用化粧品計,出荷その他,kg,20386.0,2020
2020,2,仕上用化粧品計,出荷その他,kg,19807.0,2020
2020,3,仕上用化粧品計,出荷その他,kg,20246.0,2020
2020,4,仕上用化粧品計,出荷その他,kg,13005.0,2020
2020,5,仕上用化粧品計,出荷その他,kg,16751.0,2020
2020,6,仕上用化粧品計,出荷その他,kg,42187.0,2020
2020,7,仕上用化粧品計,出荷その他,kg,19687.0,2020
2020,8,仕上用化粧品計,出荷その他,kg,13734.0,2020
2020,9,仕上用化粧品計,出荷その他,kg,21590.0,2020
2020,10,仕上用化粧品計,出荷その他,kg,25282.0,2020
2020,11,仕上用化粧品計,出荷その他,kg,48236.0,2020
2020,12,仕上用化粧品計,出荷その他,kg,38191.0,2020
2015,0,仕上用化粧品計,受入,kg,538676.0,2019
2016,0,仕上用化粧品計,受入,kg,780716.0,2020
2017,0,仕上用化粧品計,受入,kg,793257.0,2020
2018,0,仕上用化粧品計,受入,kg,862221.0,2020
2019,0,仕上用化粧品計,受入,kg,889496.0,2020
2019,1,仕上用化粧品計,受入,kg,70821.0,2019
2019,2,仕上用化粧品計,受入,kg,65526.0,2019
2019,3,仕上用化粧品計,受入,kg,52348.0,2019
2019,4,仕上用化粧品計,受入,kg,80160.0,2019
2019,5,仕上用化粧品計,受入,kg,77864.0,2019
2019,6,仕上用化粧品計,受入,kg,73453.0,2019
2019,7,仕上用化粧品計,受入,kg,71716.0,2019
2019,8,仕上用化粧品計,受入,kg,83969.0,2019
2019,9,仕上用化粧品計,受入,kg,72729.0,2019
2019,10,仕上用化粧品計,受入,kg,76833.0,2019
2019,11,仕上用化粧品計,受入,kg,87333.0,2019
2019,12,仕上用化粧品計,受入,kg,76744.0,2019
2020,0,仕上用化粧品計,受入,kg,824954.0,2020
2020,1,仕上用化粧品計,受入,kg,77566.0,2020
2020,2,仕上用化粧品計,受入,kg,65235.0,2020
2020,3,仕上用化粧品計,受入,kg,76309.0,2020
2020,4,仕上用化粧品計,受入,kg,100141.0,2020
2020,5,仕上用化粧品計,受入,kg,134852.0,2020
2020,6,仕上用化粧品計,受入,kg,71430.0,2020
2020,7,仕上用化粧品計,受入,kg,95169.0,2020
2020,8,仕上用化粧品計,受入,kg,41720.0,2020
2020,9,仕上用化粧品計,受入,kg,40364.0,2020
2020,10,仕上用化粧品計,受入,kg,52875.0,2020
2020,11,仕上用化粧品計,受入,kg,41797.0,2020
2020,12,仕上用化粧品計,受入,kg,27496.0,2020
2015,0,仕上用化粧品計,月末在庫,kg,859116.0,2019
2016,0,仕上用化粧品計,月末在庫,kg,881353.0,2020
2017,0,仕上用化粧品計,月末在庫,kg,1084160.0,2020
2018,0,仕上用化粧品計,月末在庫,kg,1242086.0,2020
2019,0,仕上用化粧品計,月末在庫,kg,1247728.0,2020
2019,1,仕上用化粧品計,月末在庫,kg,1298783.0,2019
2019,2,仕上用化粧品計,月末在庫,kg,1341740.0,2019
2019,3,仕上用化粧品計,月末在庫,kg,1330894.0,2019
2019,4,仕上用化粧品計,月末在庫,kg,1325875.0,2019
2019,5,仕上用化粧品計,月末在庫,kg,1323924.0,2019
2019,6,仕上用化粧品計,月末在庫,kg,1330579.0,2019
2019,7,仕上用化粧品計,月末在庫,kg,1367889.0,2019
2019,8,仕上用化粧品計,月末在庫,kg,1366782.0,2019
2019,9,仕上用化粧品計,月末在庫,kg,1337358.0,2019
2019,10,仕上用化粧品計,月末在庫,kg,1313931.0,2019
2019,11,仕上用化粧品計,月末在庫,kg,1296250.0,2019
2019,12,仕上用化粧品計,月末在庫,kg,1247728.0,2019
2020,0,仕上用化粧品計,月末在庫,kg,1215328.0,2020
2020,1,仕上用化粧品計,月末在庫,kg,1287053.0,2020
2020,2,仕上用化粧品計,月末在庫,kg,1307114.0,2020
2020,3,仕上用化粧品計,月末在庫,kg,1383295.0,2020
2020,4,仕上用化粧品計,月末在庫,kg,1457240.0,2020
2020,5,仕上用化粧品計,月末在庫,kg,1559795.0,2020
2020,6,仕上用化粧品計,月末在庫,kg,1551990.0,2020
2020,7,仕上用化粧品計,月末在庫,kg,1559219.0,2020
2020,8,仕上用化粧品計,月末在庫,kg,1503904.0,2020
2020,9,仕上用化粧品計,月末在庫,kg,1432372.0,2020
2020,10,仕上用化粧品計,月末在庫,kg,1393760.0,2020
2020,11,仕上用化粧品計,月末在庫,kg,1288940.0,2020
2020,12,仕上用化粧品計,月末在庫,kg,1215328.0,2020
2015,0,仕上用化粧品計,生産,kg,4347502.0,2019
2016,0,仕上用化粧品計,生産,kg,4652386.0,2020
2017,0,仕上用化粧品計,生産,kg,5103296.0,2020
2018,0,仕上用化粧品計,生産,kg,5403182.0,2020
2019,0,仕上用化粧品計,生産,kg,5330993.0,2020
2019,1,仕上用化粧品計,生産,kg,431442.0,2019
2019,2,仕上用化粧品計,生産,kg,459150.0,2019
2019,3,仕上用化粧品計,生産,kg,472044.0,2019
2019,4,仕上用化粧品計,生産,kg,429773.0,2019
2019,5,仕上用化粧品計,生産,kg,453236.0,2019
2019,6,仕上用化粧品計,生産,kg,482314.0,2019
2019,7,仕上用化粧品計,生産,kg,527678.0,2019
2019,8,仕上用化粧品計,生産,kg,440817.0,2019
2019,9,仕上用化粧品計,生産,kg,424799.0,2019
2019,10,仕上用化粧品計,生産,kg,424073.0,2019
2019,11,仕上用化粧品計,生産,kg,410143.0,2019
2019,12,仕上用化粧品計,生産,kg,375524.0,2019
2020,0,仕上用化粧品計,生産,kg,3750266.0,2020
2020,1,仕上用化粧品計,生産,kg,344530.0,2020
2020,2,仕上用化粧品計,生産,kg,401194.0,2020
2020,3,仕上用化粧品計,生産,kg,473048.0,2020
2020,4,仕上用化粧品計,生産,kg,357156.0,2020
2020,5,仕上用化粧品計,生産,kg,294467.0,2020
2020,6,仕上用化粧品計,生産,kg,339467.0,2020
2020,7,仕上用化粧品計,生産,kg,315953.0,2020
2020,8,仕上用化粧品計,生産,kg,267458.0,2020
2020,9,仕上用化粧品計,生産,kg,249033.0,2020
2020,10,仕上用化粧品計,生産,kg,251405.0,2020
2020,11,仕上用化粧品計,生産,kg,202278.0,2020
2020,12,仕上用化粧品計,生産,kg,254277.0,2020
2015,0,仕上用化粧品計,販売個数,十個,43265157.0,2019
2016,0,仕上用化粧品計,販売個数,十個,46885856.0,2020
2017,0,仕上用化粧品計,販売個数,十個,50090186.0,2020
2018,0,仕上用化粧品計,販売個数,十個,54526733.0,2020
2019,0,仕上用化粧品計,販売個数,十個,55164830.0,2020
2019,1,仕上用化粧品計,販売個数,十個,4169655.0,2019
2019,2,仕上用化粧品計,販売個数,十個,4378609.0,2019
2019,3,仕上用化粧品計,販売個数,十個,4450541.0,2019
2019,4,仕上用化粧品計,販売個数,十個,4581278.0,2019
2019,5,仕上用化粧品計,販売個数,十個,4465141.0,2019
2019,6,仕上用化粧品計,販売個数,十個,4336494.0,2019
2019,7,仕上用化粧品計,販売個数,十個,5032633.0,2019
2019,8,仕上用化粧品計,販売個数,十個,4599661.0,2019
2019,9,仕上用化粧品計,販売個数,十個,4850456.0,2019
2019,10,仕上用化粧品計,販売個数,十個,5144869.0,2019
2019,11,仕上用化粧品計,販売個数,十個,4437880.0,2019
2019,12,仕上用化粧品計,販売個数,十個,4717613.0,2019
2020,0,仕上用化粧品計,販売個数,十個,39647160.0,2020
2020,1,仕上用化粧品計,販売個数,十個,3631696.0,2020
2020,2,仕上用化粧品計,販売個数,十個,3935462.0,2020
2020,3,仕上用化粧品計,販売個数,十個,4147471.0,2020
2020,4,仕上用化粧品計,販売個数,十個,3197886.0,2020
2020,5,仕上用化粧品計,販売個数,十個,2588490.0,2020
2020,6,仕上用化粧品計,販売個数,十個,3297599.0,2020
2020,7,仕上用化粧品計,販売個数,十個,3511592.0,2020
2020,8,仕上用化粧品計,販売個数,十個,3152503.0,2020
2020,9,仕上用化粧品計,販売個数,十個,3267389.0,2020
2020,10,仕上用化粧品計,販売個数,十個,3452951.0,2020
2020,11,仕上用化粧品計,販売個数,十個,2647267.0,2020
2020,12,仕上用化粧品計,販売個数,十個,2816854.0,2020
2015,0,仕上用化粧品計,販売数量,kg,4409987.0,2019
2016,0,仕上用化粧品計,販売数量,kg,5030351.0,2020
2017,0,仕上用化粧品計,販売数量,kg,5277577.0,2020
2018,0,仕上用化粧品計,販売数量,kg,5599669.0,2020
2019,0,仕上用化粧品計,販売数量,kg,5722636.0,2020
2019,1,仕上用化粧品計,販売数量,kg,426065.0,2019
2019,2,仕上用化粧品計,販売数量,kg,444554.0,2019
2019,3,仕上用化粧品計,販売数量,kg,507735.0,2019
2019,4,仕上用化粧品計,販売数量,kg,473098.0,2019
2019,5,仕上用化粧品計,販売数量,kg,497170.0,2019
2019,6,仕上用化粧品計,販売数量,kg,486539.0,2019
2019,7,仕上用化粧品計,販売数量,kg,532662.0,2019
2019,8,仕上用化粧品計,販売数量,kg,491638.0,2019
2019,9,仕上用化粧品計,販売数量,kg,485288.0,2019
2019,10,仕上用化粧品計,販売数量,kg,480846.0,2019
2019,11,仕上用化粧品計,販売数量,kg,439802.0,2019
2019,12,仕上用化粧品計,販売数量,kg,457239.0,2019
2020,0,仕上用化粧品計,販売数量,kg,4225471.0,2020
2020,1,仕上用化粧品計,販売数量,kg,352487.0,2020
2020,2,仕上用化粧品計,販売数量,kg,407417.0,2020
2020,3,仕上用化粧品計,販売数量,kg,450176.0,2020
2020,4,仕上用化粧品計,販売数量,kg,359978.0,2020
2020,5,仕上用化粧品計,販売数量,kg,321537.0,2020
2020,6,仕上用化粧品計,販売数量,kg,412712.0,2020
2020,7,仕上用化粧品計,販売数量,kg,385685.0,2020
2020,8,仕上用化粧品計,販売数量,kg,322419.0,2020
2020,9,仕上用化粧品計,販売数量,kg,305647.0,2020
2020,10,仕上用化粧品計,販売数量,kg,325380.0,2020
2020,11,仕上用化粧品計,販売数量,kg,277989.0,2020
2020,12,仕上用化粧品計,販売数量,kg,304044.0,2020
2015,0,仕上用化粧品計,販売金額,千円,299558474.0,2019
2016,0,仕上用化粧品計,販売金額,千円,310690091.0,2020
2017,0,仕上用化粧品計,販売金額,千円,352315208.0,2020
2018,0,仕上用化粧品計,販売金額,千円,361326413.0,2020
2019,0,仕上用化粧品計,販売金額,千円,372981259.0,2020
2019,1,仕上用化粧品計,販売金額,千円,25686707.0,2019
2019,2,仕上用化粧品計,販売金額,千円,29268546.0,2019
2019,3,仕上用化粧品計,販売金額,千円,31221293.0,2019
2019,4,仕上用化粧品計,販売金額,千円,30001637.0,2019
2019,5,仕上用化粧品計,販売金額,千円,29601622.0,2019
2019,6,仕上用化粧品計,販売金額,千円,28211057.0,2019
2019,7,仕上用化粧品計,販売金額,千円,31682204.0,2019
2019,8,仕上用化粧品計,販売金額,千円,32259968.0,2019
2019,9,仕上用化粧品計,販売金額,千円,33557307.0,2019
2019,10,仕上用化粧品計,販売金額,千円,34040536.0,2019
2019,11,仕上用化粧品計,販売金額,千円,35251557.0,2019
2019,12,仕上用化粧品計,販売金額,千円,32198825.0,2019
2020,0,仕上用化粧品計,販売金額,千円,245652253.0,2020
2020,1,仕上用化粧品計,販売金額,千円,22942187.0,2020
2020,2,仕上用化粧品計,販売金額,千円,24630911.0,2020
2020,3,仕上用化粧品計,販売金額,千円,23474183.0,2020
2020,4,仕上用化粧品計,販売金額,千円,16598544.0,2020
2020,5,仕上用化粧品計,販売金額,千円,14468898.0,2020
2020,6,仕上用化粧品計,販売金額,千円,18679930.0,2020
2020,7,仕上用化粧品計,販売金額,千円,20165474.0,2020
2020,8,仕上用化粧品計,販売金額,千円,18925581.0,2020
2020,9,仕上用化粧品計,販売金額,千円,20230760.0,2020
2020,10,仕上用化粧品計,販売金額,千円,22074686.0,2020
2020,11,仕上用化粧品計,販売金額,千円,22648848.0,2020
2020,12,仕上用化粧品計,販売金額,千円,20812251.0,2020
2015,0,化粧品合計,出荷その他,kg,45819424.0,2019
2016,0,化粧品合計,出荷その他,kg,53362141.0,2020
2017,0,化粧品合計,出荷その他,kg,56727072.0,2020
2018,0,化粧品合計,出荷その他,kg,55409799.0,2020
2019,0,化粧品合計,出荷その他,kg,50207368.0,2020
2019,1,化粧品合計,出荷その他,kg,3767235.0,2019
2019,2,化粧品合計,出荷その他,kg,4790395.0,2019
2019,3,化粧品合計,出荷その他,kg,4261294.0,2019
2019,4,化粧品合計,出荷その他,kg,4420200.0,2019
2019,5,化粧品合計,出荷その他,kg,3757615.0,2019
2019,6,化粧品合計,出荷その他,kg,3957113.0,2019
2019,7,化粧品合計,出荷その他,kg,5615276.0,2019
2019,8,化粧品合計,出荷その他,kg,3315733.0,2019
2019,9,化粧品合計,出荷その他,kg,4395290.0,2019
2019,10,化粧品合計,出荷その他,kg,4113695.0,2019
2019,11,化粧品合計,出荷その他,kg,3601326.0,2019
2019,12,化粧品合計,出荷その他,kg,4212196.0,2019
2020,0,化粧品合計,出荷その他,kg,38325692.0,2020
2020,1,化粧品合計,出荷その他,kg,2900695.0,2020
2020,2,化粧品合計,出荷その他,kg,3271686.0,2020
2020,3,化粧品合計,出荷その他,kg,3753795.0,2020
2020,4,化粧品合計,出荷その他,kg,3382053.0,2020
2020,5,化粧品合計,出荷その他,kg,2499701.0,2020
2020,6,化粧品合計,出荷その他,kg,3927042.0,2020
2020,7,化粧品合計,出荷その他,kg,3522341.0,2020
2020,8,化粧品合計,出荷その他,kg,2249297.0,2020
2020,9,化粧品合計,出荷その他,kg,3669186.0,2020
2020,10,化粧品合計,出荷その他,kg,3717092.0,2020
2020,11,化粧品合計,出荷その他,kg,3051405.0,2020
2020,12,化粧品合計,出荷その他,kg,2381399.0,2020
2015,0,化粧品合計,受入,kg,59798713.0,2019
2016,0,化粧品合計,受入,kg,43459752.0,2020
2017,0,化粧品合計,受入,kg,54000763.0,2020
2018,0,化粧品合計,受入,kg,58542084.0,2020
2019,0,化粧品合計,受入,kg,54643007.0,2020
2019,1,化粧品合計,受入,kg,3597200.0,2019
2019,2,化粧品合計,受入,kg,3991269.0,2019
2019,3,化粧品合計,受入,kg,4641519.0,2019
2019,4,化粧品合計,受入,kg,4384162.0,2019
2019,5,化粧品合計,受入,kg,4849644.0,2019
2019,6,化粧品合計,受入,kg,4406367.0,2019
2019,7,化粧品合計,受入,kg,4242241.0,2019
2019,8,化粧品合計,受入,kg,4505578.0,2019
2019,9,化粧品合計,受入,kg,4297420.0,2019
2019,10,化粧品合計,受入,kg,5474012.0,2019
2019,11,化粧品合計,受入,kg,5575721.0,2019
2019,12,化粧品合計,受入,kg,4677874.0,2019
2020,0,化粧品合計,受入,kg,48252093.0,2020
2020,1,化粧品合計,受入,kg,3669246.0,2020
2020,2,化粧品合計,受入,kg,3299217.0,2020
2020,3,化粧品合計,受入,kg,4005427.0,2020
2020,4,化粧品合計,受入,kg,4677500.0,2020
2020,5,化粧品合計,受入,kg,4348928.0,2020
2020,6,化粧品合計,受入,kg,4062305.0,2020
2020,7,化粧品合計,受入,kg,3899297.0,2020
2020,8,化粧品合計,受入,kg,4989387.0,2020
2020,9,化粧品合計,受入,kg,4050342.0,2020
2020,10,化粧品合計,受入,kg,3739755.0,2020
2020,11,化粧品合計,受入,kg,3455715.0,2020
2020,12,化粧品合計,受入,kg,4054974.0,2020
2015,0,化粧品合計,月末在庫,kg,52669783.0,2019
2016,0,化粧品合計,月末在庫,kg,51258151.0,2020
2017,0,化粧品合計,月末在庫,kg,57669879.0,2020
2018,0,化粧品合計,月末在庫,kg,70011131.0,2020
2019,0,化粧品合計,月末在庫,kg,80206588.0,2020
2019,1,化粧品合計,月末在庫,kg,77616306.0,2019
2019,2,化粧品合計,月末在庫,kg,81220296.0,2019
2019,3,化粧品合計,月末在庫,kg,81507749.0,2019
2019,4,化粧品合計,月末在庫,kg,82401517.0,2019
2019,5,化粧品合計,月末在庫,kg,86090105.0,2019
2019,6,化粧品合計,月末在庫,kg,86814101.0,2019
2019,7,化粧品合計,月末在庫,kg,90570428.0,2019
2019,8,化粧品合計,月末在庫,kg,87239903.0,2019
2019,9,化粧品合計,月末在庫,kg,81575864.0,2019
2019,10,化粧品合計,月末在庫,kg,82577323.0,2019
2019,11,化粧品合計,月末在庫,kg,85738209.0,2019
2019,12,化粧品合計,月末在庫,kg,80206588.0,2019
2020,0,化粧品合計,月末在庫,kg,66903700.0,2020
2020,1,化粧品合計,月末在庫,kg,85127290.0,2020
2020,2,化粧品合計,月末在庫,kg,84957380.0,2020
2020,3,化粧品合計,月末在庫,kg,84936100.0,2020
2020,4,化粧品合計,月末在庫,kg,84916194.0,2020
2020,5,化粧品合計,月末在庫,kg,86963886.0,2020
2020,6,化粧品合計,月末在庫,kg,83768723.0,2020
2020,7,化粧品合計,月末在庫,kg,82990022.0,2020
2020,8,化粧品合計,月末在庫,kg,79891741.0,2020
2020,9,化粧品合計,月末在庫,kg,76313733.0,2020
2020,10,化粧品合計,月末在庫,kg,75308969.0,2020
2020,11,化粧品合計,月末在庫,kg,73909139.0,2020
2020,12,化粧品合計,月末在庫,kg,66903700.0,2020
2015,0,化粧品合計,生産,kg,403079393.0,2019
2016,0,化粧品合計,生産,kg,421605851.0,2020
2017,0,化粧品合計,生産,kg,434065988.0,2020
2018,0,化粧品合計,生産,kg,455434832.0,2020
2019,0,化粧品合計,生産,kg,464060495.0,2020
2019,1,化粧品合計,生産,kg,35606672.0,2019
2019,2,化粧品合計,生産,kg,38390411.0,2019
2019,3,化粧品合計,生産,kg,40705201.0,2019
2019,4,化粧品合計,生産,kg,40974201.0,2019
2019,5,化粧品合計,生産,kg,37891248.0,2019
2019,6,化粧品合計,生産,kg,39444609.0,2019
2019,7,化粧品合計,生産,kg,47062141.0,2019
2019,8,化粧品合計,生産,kg,35233238.0,2019
2019,9,化粧品合計,生産,kg,36353578.0,2019
2019,10,化粧品合計,生産,kg,38802367.0,2019
2019,11,化粧品合計,生産,kg,38306131.0,2019
2019,12,化粧品合計,生産,kg,35290698.0,2019
2020,0,化粧品合計,生産,kg,394884710.0,2020
2020,1,化粧品合計,生産,kg,32015971.0,2020
2020,2,化粧品合計,生産,kg,33453811.0,2020
2020,3,化粧品合計,生産,kg,36771610.0,2020
2020,4,化粧品合計,生産,kg,36165533.0,2020
2020,5,化粧品合計,生産,kg,29578585.0,2020
2020,6,化粧品合計,生産,kg,36132810.0,2020
2020,7,化粧品合計,生産,kg,34905242.0,2020
2020,8,化粧品合計,生産,kg,27856603.0,2020
2020,9,化粧品合計,生産,kg,32786907.0,2020
2020,10,化粧品合計,生産,kg,33743902.0,2020
2020,11,化粧品合計,生産,kg,32033244.0,2020
2020,12,化粧品合計,生産,kg,29440492.0,2020
2015,0,化粧品合計,販売個数,十個,280095769.0,2019
2016,0,化粧品合計,販売個数,十個,282987328.0,2020
2017,0,化粧品合計,販売個数,十個,293951600.0,2020
2018,0,化粧品合計,販売個数,十個,312166653.0,2020
2019,0,化粧品合計,販売個数,十個,317716189.0,2020
2019,1,化粧品合計,販売個数,十個,21210576.0,2019
2019,2,化粧品合計,販売個数,十個,24976042.0,2019
2019,3,化粧品合計,販売個数,十個,28590568.0,2019
2019,4,化粧品合計,販売個数,十個,28660955.0,2019
2019,5,化粧品合計,販売個数,十個,24844997.0,2019
2019,6,化粧品合計,販売個数,十個,26454253.0,2019
2019,7,化粧品合計,販売個数,十個,28524027.0,2019
2019,8,化粧品合計,販売個数,十個,26267870.0,2019
2019,9,化粧品合計,販売個数,十個,28260591.0,2019
2019,10,化粧品合計,販売個数,十個,26809272.0,2019
2019,11,化粧品合計,販売個数,十個,25739699.0,2019
2019,12,化粧品合計,販売個数,十個,27377339.0,2019
2020,0,化粧品合計,販売個数,十個,272043325.0,2020
2020,1,化粧品合計,販売個数,十個,20082704.0,2020
2020,2,化粧品合計,販売個数,十個,23654379.0,2020
2020,3,化粧品合計,販売個数,十個,25336977.0,2020
2020,4,化粧品合計,販売個数,十個,23385463.0,2020
2020,5,化粧品合計,販売個数,十個,18947419.0,2020
2020,6,化粧品合計,販売個数,十個,24782008.0,2020
2020,7,化粧品合計,販売個数,十個,24377233.0,2020
2020,8,化粧品合計,販売個数,十個,21948388.0,2020
2020,9,化粧品合計,販売個数,十個,23167109.0,2020
2020,10,化粧品合計,販売個数,十個,22948856.0,2020
2020,11,化粧品合計,販売個数,十個,20889476.0,2020
2020,12,化粧品合計,販売個数,十個,22523313.0,2020
2015,0,化粧品合計,販売数量,kg,415501588.0,2019
2016,0,化粧品合計,販売数量,kg,409474360.0,2020
2017,0,化粧品合計,販売数量,kg,423862788.0,2020
2018,0,化粧品合計,販売数量,kg,443795283.0,2020
2019,0,化粧品合計,販売数量,kg,456507679.0,2020
2019,1,化粧品合計,販売数量,kg,28353751.0,2019
2019,2,化粧品合計,販売数量,kg,33820724.0,2019
2019,3,化粧品合計,販売数量,kg,40709362.0,2019
2019,4,化粧品合計,販売数量,kg,40135940.0,2019
2019,5,化粧品合計,販売数量,kg,35058616.0,2019
2019,6,化粧品合計,販売数量,kg,38747204.0,2019
2019,7,化粧品合計,販売数量,kg,41695279.0,2019
2019,8,化粧品合計,販売数量,kg,39565324.0,2019
2019,9,化粧品合計,販売数量,kg,41580615.0,2019
2019,10,化粧品合計,販売数量,kg,38945456.0,2019
2019,11,化粧品合計,販売数量,kg,36944144.0,2019
2019,12,化粧品合計,販売数量,kg,40951264.0,2019
2020,0,化粧品合計,販売数量,kg,414876843.0,2020
2020,1,化粧品合計,販売数量,kg,27534073.0,2020
2020,2,化粧品合計,販売数量,kg,33159891.0,2020
2020,3,化粧品合計,販売数量,kg,36897967.0,2020
2020,4,化粧品合計,販売数量,kg,37344759.0,2020
2020,5,化粧品合計,販売数量,kg,29166228.0,2020
2020,6,化粧品合計,販売数量,kg,39341322.0,2020
2020,7,化粧品合計,販売数量,kg,35854043.0,2020
2020,8,化粧品合計,販売数量,kg,33526940.0,2020
2020,9,化粧品合計,販売数量,kg,36569698.0,2020
2020,10,化粧品合計,販売数量,kg,34607727.0,2020
2020,11,化粧品合計,販売数量,kg,33631196.0,2020
2020,12,化粧品合計,販売数量,kg,37242999.0,2020
2015,0,化粧品合計,販売金額,千円,1475766809.0,2019
2016,0,化粧品合計,販売金額,千円,1499478977.0,2020
2017,0,化粧品合計,販売金額,千円,1611173037.0,2020
2018,0,化粧品合計,販売金額,千円,1694149709.0,2020
2019,0,化粧品合計,販売金額,千円,1761146040.0,2020
2019,1,化粧品合計,販売金額,千円,117317120.0,2019
2019,2,化粧品合計,販売金額,千円,137986645.0,2019
2019,3,化粧品合計,販売金額,千円,158201975.0,2019
2019,4,化粧品合計,販売金額,千円,152235979.0,2019
2019,5,化粧品合計,販売金額,千円,137566099.0,2019
2019,6,化粧品合計,販売金額,千円,141451845.0,2019
2019,7,化粧品合計,販売金額,千円,149874535.0,2019
2019,8,化粧品合計,販売金額,千円,148467687.0,2019
2019,9,化粧品合計,販売金額,千円,170251422.0,2019
2019,10,化粧品合計,販売金額,千円,146868254.0,2019
2019,11,化粧品合計,販売金額,千円,144188589.0,2019
2019,12,化粧品合計,販売金額,千円,156735890.0,2019
2020,0,化粧品合計,販売金額,千円,1478370886.0,2020
2020,1,化粧品合計,販売金額,千円,111996133.0,2020
2020,2,化粧品合計,販売金額,千円,128883483.0,2020
2020,3,化粧品合計,販売金額,千円,127717655.0,2020
2020,4,化粧品合計,販売金額,千円,112989791.0,2020
2020,5,化粧品合計,販売金額,千円,98198905.0,2020
2020,6,化粧品合計,販売金額,千円,125517426.0,2020
2020,7,化粧品合計,販売金額,千円,127499783.0,2020
2020,8,化粧品合計,販売金額,千円,126623274.0,2020
2020,9,化粧品合計,販売金額,千円,131789155.0,2020
2020,10,化粧品合計,販売金額,千円,133045643.0,2020
2020,11,化粧品合計,販売金額,千円,129077337.0,2020
2020,12,化粧品合計,販売金額,千円,125032301.0,2020
2015,0,化粧水,出荷その他,kg,706159.0,2019
2016,0,化粧水,出荷その他,kg,763484.0,2020
2017,0,化粧水,出荷その他,kg,772353.0,2021
2018,0,化粧水,出荷その他,kg,836647.0,2022
2019,0,化粧水,出荷その他,kg,630064.0,2023
2019,1,化粧水,出荷その他,kg,25079.0,2019
2019,2,化粧水,出荷その他,kg,31827.0,2019
2019,3,化粧水,出荷その他,kg,45096.0,2019
2019,4,化粧水,出荷その他,kg,71090.0,2019
2019,5,化粧水,出荷その他,kg,57263.0,2019
2019,6,化粧水,出荷その他,kg,68118.0,2019
2019,7,化粧水,出荷その他,kg,50355.0,2019
2019,8,化粧水,出荷その他,kg,31209.0,2019
2019,9,化粧水,出荷その他,kg,47427.0,2019
2019,10,化粧水,出荷その他,kg,34291.0,2019
2019,11,化粧水,出荷その他,kg,91953.0,2019
2019,12,化粧水,出荷その他,kg,76356.0,2019
2020,0,化粧水,出荷その他,kg,1137912.0,2023
2020,1,化粧水,出荷その他,kg,27886.0,2020
2020,2,化粧水,出荷その他,kg,52627.0,2020
2020,3,化粧水,出荷その他,kg,98150.0,2020
2020,4,化粧水,出荷その他,kg,50152.0,2020
2020,5,化粧水,出荷その他,kg,42117.0,2020
2020,6,化粧水,出荷その他,kg,123630.0,2020
2020,7,化粧水,出荷その他,kg,125110.0,2020
2020,8,化粧水,出荷その他,kg,94258.0,2020
2020,9,化粧水,出荷その他,kg,49060.0,2020
2020,10,化粧水,出荷その他,kg,83086.0,2020
2020,11,化粧水,出荷その他,kg,219106.0,2020
2020,12,化粧水,出荷その他,kg,171823.0,2020
2021,0,化粧水,出荷その他,kg,1271178.0,2023
2021,1,化粧水,出荷その他,kg,61548.0,2021
2021,2,化粧水,出荷その他,kg,132396.0,2021
2021,3,化粧水,出荷その他,kg,205214.0,2021
2021,4,化粧水,出荷その他,kg,173056.0,2021
2021,5,化粧水,出荷その他,kg,112686.0,2021
2021,6,化粧水,出荷その他,kg,237021.0,2021
2021,7,化粧水,出荷その他,kg,42517.0,2021
2021,8,化粧水,出荷その他,kg,43981.0,2021
2021,9,化粧水,出荷その他,kg,104393.0,2021
2021,10,化粧水,出荷その他,kg,46013.0,2021
2021,11,化粧水,出荷その他,kg,55441.0,2021
2021,12,化粧水,出荷その他,kg,56080.0,2021
2022,0,化粧水,出荷その他,kg,774566.0,2023
2022,1,化粧水,出荷その他,kg,39230.0,2022
2022,2,化粧水,出荷その他,kg,96438.0,2022
2022,3,化粧水,出荷その他,kg,100219.0,2022
2022,4,化粧水,出荷その他,kg,55672.0,2022
2022,5,化粧水,出荷その他,kg,91227.0,2022
2022,6,化粧水,出荷その他,kg,109004.0,2022
2022,7,化粧水,出荷その他,kg,32684.0,2022
2022,8,化粧水,出荷その他,kg,47988.0,2022
2022,9,化粧水,出荷その他,kg,68384.0,2022
2022,10,化粧水,出荷その他,kg,25706.0,2022
2022,11,化粧水,出荷その他,kg,45652.0,2022
2022,12,化粧水,出荷その他,kg,62362.0,2022
2023,0,化粧水,出荷その他,kg,491508.0,2023
2023,1,化粧水,出荷その他,kg,28764.0,2023
2023,2,化粧水,出荷その他,kg,22385.0,2023
2023,3,化粧水,出荷その他,kg,71584.0,2023
2023,4,化粧水,出荷その他,kg,35118.0,2023
2023,5,化粧水,出荷その他,kg,36391.0,2023
2023,6,化粧水,出荷その他,kg,57357.0,2023
2023,7,化粧水,出荷その他,kg,17059.0,2023
2023,8,化粧水,出荷その他,kg,14625.0,2023
2023,9,化粧水,出荷その他,kg,84947.0,2023
2023,10,化粧水,出荷その他,kg,53858.0,2023
2023,11,化粧水,出荷その他,kg,23207.0,2023
2023,12,化粧水,出荷その他,kg,46213.0,2023
2024,1,化粧水,出荷その他,kg,47499.0,2024
2024,2,化粧水,出荷その他,kg,130303.0,2024
2024,3,化粧水,出荷その他,kg,48563.0,2024
2024,4,化粧水,出荷その他,kg,37983.0,2024
2024,5,化粧水,出荷その他,kg,35714.0,2024
2024,6,化粧水,出荷その他,kg,52834.0,2024
2024,7,化粧水,出荷その他,kg,18174.0,2024
2024,8,化粧水,出荷その他,kg,18146.0,2024
2024,9,化粧水,出荷その他,kg,53229.0,2024
2024,10,化粧水,出荷その他,kg,26196.0,2024
2024,11,化粧水,出荷その他,kg,21842.0,2024
2024,12,化粧水,出荷その他,kg,29647.0,2024
2015,0,化粧水,受入,kg,1813714.0,2019
2016,0,化粧水,受入,kg,1911407.0,2020
2017,0,化粧水,受入,kg,1968110.0,2021
2018,0,化粧水,受入,kg,2610685.0,2022
2019,0,化粧水,受入,kg,2858265.0,2023
2019,1,化粧水,受入,kg,296636.0,2019
2019,2,化粧水,受入,kg,157092.0,2019
2019,3,化粧水,受入,kg,281539.0,2019
2019,4,化粧水,受入,kg,101413.0,2019
2019,5,化粧水,受入,kg,267822.0,2019
2019,6,化粧水,受入,kg,269046.0,2019
2019,7,化粧水,受入,kg,280252.0,2019
2019,8,化粧水,受入,kg,190965.0,2019
2019,9,化粧水,受入,kg,267558.0,2019
2019,10,化粧水,受入,kg,208150.0,2019
2019,11,化粧水,受入,kg,234883.0,2019
2019,12,化粧水,受入,kg,302909.0,2019
2020,0,化粧水,受入,kg,2731018.0,2023
2020,1,化粧水,受入,kg,198629.0,2020
2020,2,化粧水,受入,kg,214816.0,2020
2020,3,化粧水,受入,kg,265876.0,2020
2020,4,化粧水,受入,kg,323228.0,2020
2020,5,化粧水,受入,kg,217292.0,2020
2020,6,化粧水,受入,kg,241657.0,2020
2020,7,化粧水,受入,kg,220828.0,2020
2020,8,化粧水,受入,kg,250090.0,2020
2020,9,化粧水,受入,kg,157696.0,2020
2020,10,化粧水,受入,kg,183522.0,2020
2020,11,化粧水,受入,kg,270853.0,2020
2020,12,化粧水,受入,kg,186531.0,2020
2021,0,化粧水,受入,kg,2107494.0,2023
2021,1,化粧水,受入,kg,205028.0,2021
2021,2,化粧水,受入,kg,172334.0,2021
2021,3,化粧水,受入,kg,302771.0,2021
2021,4,化粧水,受入,kg,206524.0,2021
2021,5,化粧水,受入,kg,190682.0,2021
2021,6,化粧水,受入,kg,185005.0,2021
2021,7,化粧水,受入,kg,191493.0,2021
2021,8,化粧水,受入,kg,158265.0,2021
2021,9,化粧水,受入,kg,73697.0,2021
2021,10,化粧水,受入,kg,99303.0,2021
2021,11,化粧水,受入,kg,220455.0,2021
2021,12,化粧水,受入,kg,174800.0,2021
2022,0,化粧水,受入,kg,1110361.0,2023
2022,1,化粧水,受入,kg,122059.0,2022
2022,2,化粧水,受入,kg,90614.0,2022
2022,3,化粧水,受入,kg,100329.0,2022
2022,4,化粧水,受入,kg,99592.0,2022
2022,5,化粧水,受入,kg,109947.0,2022
2022,6,化粧水,受入,kg,104908.0,2022
2022,7,化粧水,受入,kg,74131.0,2022
2022,8,化粧水,受入,kg,76715.0,2022
2022,9,化粧水,受入,kg,96235.0,2022
2022,10,化粧水,受入,kg,93171.0,2022
2022,11,化粧水,受入,kg,98481.0,2022
2022,12,化粧水,受入,kg,44179.0,2022
2023,0,化粧水,受入,kg,715977.0,2023
2023,1,化粧水,受入,kg,47665.0,2023
2023,2,化粧水,受入,kg,63848.0,2023
2023,3,化粧水,受入,kg,77679.0,2023
2023,4,化粧水,受入,kg,72954.0,2023
2023,5,化粧水,受入,kg,105189.0,2023
2023,6,化粧水,受入,kg,41490.0,2023
2023,7,化粧水,受入,kg,61573.0,2023
2023,8,化粧水,受入,kg,48896.0,2023
2023,9,化粧水,受入,kg,55770.0,2023
2023,10,化粧水,受入,kg,50350.0,2023
2023,11,化粧水,受入,kg,51577.0,2023
2023,12,化粧水,受入,kg,38986.0,2023
2024,1,化粧水,受入,kg,20426.0,2024
2024,2,化粧水,受入,kg,61132.0,2024
2024,3,化粧水,受入,kg,41975.0,2024
2024,4,化粧水,受入,kg,60510.0,2024
2024,5,化粧水,受入,kg,51953.0,2024
2024,6,化粧水,受入,kg,50172.0,2024
2024,7,化粧水,受入,kg,62148.0,2024
2024,8,化粧水,受入,kg,54331.0,2024
2024,9,化粧水,受入,kg,35638.0,2024
2024,10,化粧水,受入,kg,34828.0,2024
2024,11,化粧水,受入,kg,39024.0,2024
2024,12,化粧水,受入,kg,21247.0,2024
2015,0,化粧水,月末在庫,kg,2559214.0,2019
2016,0,化粧水,月末在庫,kg,2640219.0,2020
2017,0,化粧水,月末在庫,kg,2672191.0,2021
2018,0,化粧水,月末在庫,kg,4330440.0,2022
2019,0,化粧水,月末在庫,kg,4368657.0,2023
2019,1,化粧水,月末在庫,kg,4384538.0,2019
2019,2,化粧水,月末在庫,kg,4271531.0,2019
2019,3,化粧水,月末在庫,kg,3972094.0,2019
2019,4,化粧水,月末在庫,kg,3972423.0,2019
2019,5,化粧水,月末在庫,kg,4172192.0,2019
2019,6,化粧水,月末在庫,kg,3998705.0,2019
2019,7,化粧水,月末在庫,kg,4295544.0,2019
2019,8,化粧水,月末在庫,kg,4308137.0,2019
2019,9,化粧水,月末在庫,kg,4091332.0,2019
2019,10,化粧水,月末在庫,kg,4228202.0,2019
2019,11,化粧水,月末在庫,kg,4395441.0,2019
2019,12,化粧水,月末在庫,kg,4368657.0,2019
2020,0,化粧水,月末在庫,kg,4025812.0,2023
2020,1,化粧水,月末在庫,kg,4362459.0,2020
2020,2,化粧水,月末在庫,kg,4551538.0,2020
2020,3,化粧水,月末在庫,kg,4874114.0,2020
2020,4,化粧水,月末在庫,kg,4917513.0,2020
2020,5,化粧水,月末在庫,kg,4757591.0,2020
2020,6,化粧水,月末在庫,kg,4676408.0,2020
2020,7,化粧水,月末在庫,kg,4474775.0,2020
2020,8,化粧水,月末在庫,kg,4302887.0,2020
2020,9,化粧水,月末在庫,kg,4256088.0,2020
2020,10,化粧水,月末在庫,kg,4278853.0,2020
2020,11,化粧水,月末在庫,kg,4325062.0,2020
2020,12,化粧水,月末在庫,kg,4015130.0,2020
2021,0,化粧水,月末在庫,kg,3438815.0,2023
2021,1,化粧水,月末在庫,kg,4052893.0,2021
2021,2,化粧水,月末在庫,kg,4010354.0,2021
2021,3,化粧水,月末在庫,kg,4101944.0,2021
2021,4,化粧水,月末在庫,kg,4029267.0,2021
2021,5,化粧水,月末在庫,kg,3998565.0,2021
2021,6,化粧水,月末在庫,kg,3752283.0,2021
2021,7,化粧水,月末在庫,kg,3661797.0,2021
2021,8,化粧水,月末在庫,kg,3511128.0,2021
2021,9,化粧水,月末在庫,kg,3586857.0,2021
2021,10,化粧水,月末在庫,kg,3685664.0,2021
2021,11,化粧水,月末在庫,kg,3762696.0,2021
2021,12,化粧水,月末在庫,kg,3398532.0,2021
2022,0,化粧水,月末在庫,kg,3868175.0,2023
2022,1,化粧水,月末在庫,kg,4156460.0,2022
2022,2,化粧水,月末在庫,kg,4285547.0,2022
2022,3,化粧水,月末在庫,kg,3988481.0,2022
2022,4,化粧水,月末在庫,kg,3509390.0,2022
2022,5,化粧水,月末在庫,kg,3465029.0,2022
2022,6,化粧水,月末在庫,kg,3547531.0,2022
2022,7,化粧水,月末在庫,kg,3503683.0,2022
2022,8,化粧水,月末在庫,kg,3400298.0,2022
2022,9,化粧水,月末在庫,kg,3644814.0,2022
2022,10,化粧水,月末在庫,kg,3636184.0,2022
2022,11,化粧水,月末在庫,kg,3737418.0,2022
2022,12,化粧水,月末在庫,kg,3868175.0,2022
2023,0,化粧水,月末在庫,kg,3905071.0,2023
2023,1,化粧水,月末在庫,kg,4118703.0,2023
2023,2,化粧水,月末在庫,kg,3952972.0,2023
2023,3,化粧水,月末在庫,kg,3567982.0,2023
2023,4,化粧水,月末在庫,kg,3471543.0,2023
2023,5,化粧水,月末在庫,kg,3703255.0,2023
2023,6,化粧水,月末在庫,kg,3972183.0,2023
2023,7,化粧水,月末在庫,kg,3914234.0,2023
2023,8,化粧水,月末在庫,kg,3751591.0,2023
2023,9,化粧水,月末在庫,kg,4011996.0,2023
2023,10,化粧水,月末在庫,kg,4047303.0,2023
2023,11,化粧水,月末在庫,kg,3883580.0,2023
2023,12,化粧水,月末在庫,kg,3905071.0,2023
2024,1,化粧水,月末在庫,kg,3896922.0,2024
2024,2,化粧水,月末在庫,kg,3903405.0,2024
2024,3,化粧水,月末在庫,kg,3589029.0,2024
2024,4,化粧水,月末在庫,kg,3623720.0,2024
2024,5,化粧水,月末在庫,kg,3652094.0,2024
2024,6,化粧水,月末在庫,kg,3636301.0,2024
2024,7,化粧水,月末在庫,kg,3647765.0,2024
2024,8,化粧水,月末在庫,kg,3570415.0,2024
2024,9,化粧水,月末在庫,kg,3641294.0,2024
2024,10,化粧水,月末在庫,kg,3643993.0,2024
2024,11,化粧水,月末在庫,kg,3598335.0,2024
2024,12,化粧水,月末在庫,kg,3309829.0,2024
2015,0,化粧水,生産,kg,22173418.0,2019
2016,0,化粧水,生産,kg,23263242.0,2020
2017,0,化粧水,生産,kg,26505666.0,2021
2018,0,化粧水,生産,kg,30884262.0,2022
2019,0,化粧水,生産,kg,27024854.0,2023
2019,1,化粧水,生産,kg,1911513.0,2019
2019,2,化粧水,生産,kg,2368386.0,2019
2019,3,化粧水,生産,kg,2051973.0,2019
2019,4,化粧水,生産,kg,2440270.0,2019
2019,5,化粧水,生産,kg,2196241.0,2019
2019,6,化粧水,生産,kg,2133541.0,2019
2019,7,化粧水,生産,kg,2744939.0,2019
2019,8,化粧水,生産,kg,2234572.0,2019
2019,9,化粧水,生産,kg,2121635.0,2019
2019,10,化粧水,生産,kg,2369683.0,2019
2019,11,化粧水,生産,kg,2232100.0,2019
2019,12,化粧水,生産,kg,2220001.0,2019
2020,0,化粧水,生産,kg,25645831.0,2023
2020,1,化粧水,生産,kg,2069271.0,2020
2020,2,化粧水,生産,kg,2235479.0,2020
2020,3,化粧水,生産,kg,2241735.0,2020
2020,4,化粧水,生産,kg,2276251.0,2020
2020,5,化粧水,生産,kg,1681146.0,2020
2020,6,化粧水,生産,kg,1997308.0,2020
2020,7,化粧水,生産,kg,2119637.0,2020
2020,8,化粧水,生産,kg,2107416.0,2020
2020,9,化粧水,生産,kg,2166905.0,2020
2020,10,化粧水,生産,kg,2552305.0,2020
2020,11,化粧水,生産,kg,2231310.0,2020
2020,12,化粧水,生産,kg,1919196.0,2020
2021,0,化粧水,生産,kg,24246445.0,2023
2021,1,化粧水,生産,kg,1598375.0,2021
2021,2,化粧水,生産,kg,1984743.0,2021
2021,3,化粧水,生産,kg,2131830.0,2021
2021,4,化粧水,生産,kg,2297832.0,2021
2021,5,化粧水,生産,kg,1817660.0,2021
2021,6,化粧水,生産,kg,1963826.0,2021
2021,7,化粧水,生産,kg,2248926.0,2021
2021,8,化粧水,生産,kg,1916466.0,2021
2021,9,化粧水,生産,kg,2060065.0,2021
2021,10,化粧水,生産,kg,2165581.0,2021
2021,11,化粧水,生産,kg,2058930.0,2021
2021,12,化粧水,生産,kg,1761066.0,2021
2022,0,化粧水,生産,kg,23662963.0,2023
2022,1,化粧水,生産,kg,1969911.0,2022
2022,2,化粧水,生産,kg,1937067.0,2022
2022,3,化粧水,生産,kg,1834160.0,2022
2022,4,化粧水,生産,kg,2159601.0,2022
2022,5,化粧水,生産,kg,1812030.0,2022
2022,6,化粧水,生産,kg,2295966.0,2022
2022,7,化粧水,生産,kg,1815155.0,2022
2022,8,化粧水,生産,kg,1911323.0,2022
2022,9,化粧水,生産,kg,2032199.0,2022
2022,10,化粧水,生産,kg,1719930.0,2022
2022,11,化粧水,生産,kg,2181150.0,2022
2022,12,化粧水,生産,kg,1994471.0,2022
2023,0,化粧水,生産,kg,22369460.0,2023
2023,1,化粧水,生産,kg,1817713.0,2023
2023,2,化粧水,生産,kg,1534478.0,2023
2023,3,化粧水,生産,kg,1543985.0,2023
2023,4,化粧水,生産,kg,1690340.0,2023
2023,5,化粧水,生産,kg,1889813.0,2023
2023,6,化粧水,生産,kg,2119441.0,2023
2023,7,化粧水,生産,kg,2023750.0,2023
2023,8,化粧水,生産,kg,1634770.0,2023
2023,9,化粧水,生産,kg,2242757.0,2023
2023,10,化粧水,生産,kg,2104469.0,2023
2023,11,化粧水,生産,kg,1753616.0,2023
2023,12,化粧水,生産,kg,2014328.0,2023
2024,1,化粧水,生産,kg,1622730.0,2024
2024,2,化粧水,生産,kg,2220695.0,2024
2024,3,化粧水,生産,kg,1986584.0,2024
2024,4,化粧水,生産,kg,2126584.0,2024
2024,5,化粧水,生産,kg,2128094.0,2024
2024,6,化粧水,生産,kg,2063462.0,2024
2024,7,化粧水,生産,kg,2251232.0,2024
2024,8,化粧水,生産,kg,1850122.0,2024
2024,9,化粧水,生産,kg,1746778.0,2024
2024,10,化粧水,生産,kg,1742756.0,2024
2024,11,化粧水,生産,kg,1754927.0,2024
2024,12,化粧水,生産,kg,1587837.0,2024
2015,0,化粧水,販売個数,十個,16194929.0,2019
2016,0,化粧水,販売個数,十個,16493426.0,2020
2017,0,化粧水,販売個数,十個,17745457.0,2021
2018,0,化粧水,販売個数,十個,19348296.0,2022
2019,0,化粧水,販売個数,十個,19163748.0,2023
2019,1,化粧水,販売個数,十個,1420098.0,2019
2019,2,化粧水,販売個数,十個,1616408.0,2019
2019,3,化粧水,販売個数,十個,1718267.0,2019
2019,4,化粧水,販売個数,十個,1787073.0,2019
2019,5,化粧水,販売個数,十個,1423830.0,2019
2019,6,化粧水,販売個数,十個,1647647.0,2019
2019,7,化粧水,販売個数,十個,1701541.0,2019
2019,8,化粧水,販売個数,十個,1560363.0,2019
2019,9,化粧水,販売個数,十個,1768013.0,2019
2019,10,化粧水,販売個数,十個,1501263.0,2019
2019,11,化粧水,販売個数,十個,1429810.0,2019
2019,12,化粧水,販売個数,十個,1589435.0,2019
2020,0,化粧水,販売個数,十個,17098136.0,2023
2020,1,化粧水,販売個数,十個,1347818.0,2020
2020,2,化粧水,販売個数,十個,1254475.0,2020
2020,3,化粧水,販売個数,十個,1426714.0,2020
2020,4,化粧水,販売個数,十個,1597127.0,2020
2020,5,化粧水,販売個数,十個,1249780.0,2020
2020,6,化粧水,販売個数,十個,1366607.0,2020
2020,7,化粧水,販売個数,十個,1634201.0,2020
2020,8,化粧水,販売個数,十個,1489642.0,2020
2020,9,化粧水,販売個数,十個,1446686.0,2020
2020,10,化粧水,販売個数,十個,1480036.0,2020
2020,11,化粧水,販売個数,十個,1363695.0,2020
2020,12,化粧水,販売個数,十個,1406647.0,2020
2021,0,化粧水,販売個数,十個,16420615.0,2023
2021,1,化粧水,販売個数,十個,1141575.0,2021
2021,2,化粧水,販売個数,十個,1377368.0,2021
2021,3,化粧水,販売個数,十個,1412366.0,2021
2021,4,化粧水,販売個数,十個,1525309.0,2021
2021,5,化粧水,販売個数,十個,1230933.0,2021
2021,6,化粧水,販売個数,十個,1355520.0,2021
2021,7,化粧水,販売個数,十個,1565726.0,2021
2021,8,化粧水,販売個数,十個,1350677.0,2021
2021,9,化粧水,販売個数,十個,1181868.0,2021
2021,10,化粧水,販売個数,十個,1404123.0,2021
2021,11,化粧水,販売個数,十個,1394534.0,2021
2021,12,化粧水,販売個数,十個,1417430.0,2021
2022,0,化粧水,販売個数,十個,14913564.0,2023
2022,1,化粧水,販売個数,十個,1010274.0,2022
2022,2,化粧水,販売個数,十個,1149729.0,2022
2022,3,化粧水,販売個数,十個,1190688.0,2022
2022,4,化粧水,販売個数,十個,1404428.0,2022
2022,5,化粧水,販売個数,十個,1163121.0,2022
2022,6,化粧水,販売個数,十個,1394568.0,2022
2022,7,化粧水,販売個数,十個,1326476.0,2022
2022,8,化粧水,販売個数,十個,1206405.0,2022
2022,9,化粧水,販売個数,十個,1216953.0,2022
2022,10,化粧水,販売個数,十個,1195212.0,2022
2022,11,化粧水,販売個数,十個,1342840.0,2022
2022,12,化粧水,販売個数,十個,1312870.0,2022
2023,0,化粧水,販売個数,十個,15254378.0,2023
2023,1,化粧水,販売個数,十個,1129760.0,2023
2023,2,化粧水,販売個数,十個,1164050.0,2023
2023,3,化粧水,販売個数,十個,1253422.0,2023
2023,4,化粧水,販売個数,十個,1267983.0,2023
2023,5,化粧水,販売個数,十個,1167681.0,2023
2023,6,化粧水,販売個数,十個,1362102.0,2023
2023,7,化粧水,販売個数,十個,1449995.0,2023
2023,8,化粧水,販売個数,十個,1214191.0,2023
2023,9,化粧水,販売個数,十個,1237987.0,2023
2023,10,化粧水,販売個数,十個,1347534.0,2023
2023,11,化粧水,販売個数,十個,1298128.0,2023
2023,12,化粧水,販売個数,十個,1361545.0,2023
2024,1,化粧水,販売個数,十個,1098986.0,2024
2024,2,化粧水,販売個数,十個,1276308.0,2024
2024,3,化粧水,販売個数,十個,1495188.0,2024
2024,4,化粧水,販売個数,十個,1342421.0,2024
2024,5,化粧水,販売個数,十個,1204646.0,2024
2024,6,化粧水,販売個数,十個,1342964.0,2024
2024,7,化粧水,販売個数,十個,1453489.0,2024
2024,8,化粧水,販売個数,十個,1240659.0,2024
2024,9,化粧水,販売個数,十個,1049233.0,2024
2024,10,化粧水,販売個数,十個,1202085.0,2024
2024,11,化粧水,販売個数,十個,1143415.0,2024
2024,12,化粧水,販売個数,十個,1183271.0,2024
2015,0,化粧水,販売数量,kg,23039743.0,2019
2016,0,化粧水,販売数量,kg,24154942.0,2020
2017,0,化粧水,販売数量,kg,27557777.0,2021
2018,0,化粧水,販売数量,kg,30728177.0,2022
2019,0,化粧水,販売数量,kg,29208331.0,2023
2019,1,化粧水,販売数量,kg,2144943.0,2019
2019,2,化粧水,販売数量,kg,2593056.0,2019
2019,3,化粧水,販売数量,kg,2557095.0,2019
2019,4,化粧水,販売数量,kg,2647273.0,2019
2019,5,化粧水,販売数量,kg,2197913.0,2019
2019,6,化粧水,販売数量,kg,2482806.0,2019
2019,7,化粧水,販売数量,kg,2657502.0,2019
2019,8,化粧水,販売数量,kg,2361845.0,2019
2019,9,化粧水,販売数量,kg,2550727.0,2019
2019,10,化粧水,販売数量,kg,2390917.0,2019
2019,11,化粧水,販売数量,kg,2175193.0,2019
2019,12,化粧水,販売数量,kg,2449061.0,2019
2020,0,化粧水,販売数量,kg,26941941.0,2023
2020,1,化粧水,販売数量,kg,2129647.0,2020
2020,2,化粧水,販売数量,kg,1913106.0,2020
2020,3,化粧水,販売数量,kg,2072002.0,2020
2020,4,化粧水,販売数量,kg,2494658.0,2020
2020,5,化粧水,販売数量,kg,2007706.0,2020
2020,6,化粧水,販売数量,kg,2192708.0,2020
2020,7,化粧水,販売数量,kg,2425042.0,2020
2020,8,化粧水,販売数量,kg,2429911.0,2020
2020,9,化粧水,販売数量,kg,2296431.0,2020
2020,10,化粧水,販売数量,kg,2616719.0,2020
2020,11,化粧水,販売数量,kg,2204925.0,2020
2020,12,化粧水,販売数量,kg,2107685.0,2020
2021,0,化粧水,販売数量,kg,25559800.0,2023
2021,1,化粧水,販売数量,kg,1742496.0,2021
2021,2,化粧水,販売数量,kg,2038677.0,2021
2021,3,化粧水,販売数量,kg,2107116.0,2021
2021,4,化粧水,販売数量,kg,2389603.0,2021
2021,5,化粧水,販売数量,kg,1912752.0,2021
2021,6,化粧水,販売数量,kg,2137576.0,2021
2021,7,化粧水,販売数量,kg,2479871.0,2021
2021,8,化粧水,販売数量,kg,2181978.0,2021
2021,9,化粧水,販売数量,kg,1914123.0,2021
2021,10,化粧水,販売数量,kg,2131917.0,2021
2021,11,化粧水,販売数量,kg,2147310.0,2021
2021,12,化粧水,販売数量,kg,2238532.0,2021
2022,0,化粧水,販売数量,kg,22417600.0,2023
2022,1,化粧水,販売数量,kg,1484058.0,2022
2022,2,化粧水,販売数量,kg,1653482.0,2022
2022,3,化粧水,販売数量,kg,1889999.0,2022
2022,4,化粧水,販売数量,kg,2162940.0,2022
2022,5,化粧水,販売数量,kg,1755985.0,2022
2022,6,化粧水,販売数量,kg,2160923.0,2022
2022,7,化粧水,販売数量,kg,1934440.0,2022
2022,8,化粧水,販売数量,kg,1957128.0,2022
2022,9,化粧水,販売数量,kg,1816052.0,2022
2022,10,化粧水,販売数量,kg,1707106.0,2022
2022,11,化粧水,販売数量,kg,2100576.0,2022
2022,12,化粧水,販売数量,kg,1794911.0,2022
2023,0,化粧水,販売数量,kg,21102304.0,2023
2023,1,化粧水,販売数量,kg,1495546.0,2023
2023,2,化粧水,販売数量,kg,1725531.0,2023
2023,3,化粧水,販売数量,kg,1881745.0,2023
2023,4,化粧水,販売数量,kg,1804305.0,2023
2023,5,化粧水,販売数量,kg,1653261.0,2023
2023,6,化粧水,販売数量,kg,1779070.0,2023
2023,7,化粧水,販売数量,kg,1871133.0,2023
2023,8,化粧水,販売数量,kg,1561238.0,2023
2023,9,化粧水,販売数量,kg,1763047.0,2023
2023,10,化粧水,販売数量,kg,1950112.0,2023
2023,11,化粧水,販売数量,kg,1736756.0,2023
2023,12,化粧水,販売数量,kg,1880560.0,2023
2024,1,化粧水,販売数量,kg,1470824.0,2024
2024,2,化粧水,販売数量,kg,2044075.0,2024
2024,3,化粧水,販売数量,kg,2191151.0,2024
2024,4,化粧水,販売数量,kg,1997311.0,2024
2024,5,化粧水,販売数量,kg,1924444.0,2024
2024,6,化粧水,販売数量,kg,1915261.0,2024
2024,7,化粧水,販売数量,kg,2155495.0,2024
2024,8,化粧水,販売数量,kg,1824561.0,2024
2024,9,化粧水,販売数量,kg,1553939.0,2024
2024,10,化粧水,販売数量,kg,1641142.0,2024
2024,11,化粧水,販売数量,kg,1700157.0,2024
2024,12,化粧水,販売数量,kg,1749877.0,2024
2015,0,化粧水,販売金額,千円,164110343.0,2019
2016,0,化粧水,販売金額,千円,167882455.0,2020
2017,0,化粧水,販売金額,千円,187808688.0,2021
2018,0,化粧水,販売金額,千円,208540752.0,2022
2019,0,化粧水,販売金額,千円,228514439.0,2023
2019,1,化粧水,販売金額,千円,15707586.0,2019
2019,2,化粧水,販売金額,千円,17077486.0,2019
2019,3,化粧水,販売金額,千円,20167477.0,2019
2019,4,化粧水,販売金額,千円,18245350.0,2019
2019,5,化粧水,販売金額,千円,16649281.0,2019
2019,6,化粧水,販売金額,千円,18045285.0,2019
2019,7,化粧水,販売金額,千円,18673050.0,2019
2019,8,化粧水,販売金額,千円,21697493.0,2019
2019,9,化粧水,販売金額,千円,25068742.0,2019
2019,10,化粧水,販売金額,千円,19819245.0,2019
2019,11,化粧水,販売金額,千円,16481331.0,2019
2019,12,化粧水,販売金額,千円,20882113.0,2019
2020,0,化粧水,販売金額,千円,203336022.0,2023
2020,1,化粧水,販売金額,千円,16786089.0,2020
2020,2,化粧水,販売金額,千円,15277022.0,2020
2020,3,化粧水,販売金額,千円,14131515.0,2020
2020,4,化粧水,販売金額,千円,13858946.0,2020
2020,5,化粧水,販売金額,千円,14342842.0,2020
2020,6,化粧水,販売金額,千円,16423550.0,2020
2020,7,化粧水,販売金額,千円,19522739.0,2020
2020,8,化粧水,販売金額,千円,20749571.0,2020
2020,9,化粧水,販売金額,千円,19402279.0,2020
2020,10,化粧水,販売金額,千円,19244249.0,2020
2020,11,化粧水,販売金額,千円,18300535.0,2020
2020,12,化粧水,販売金額,千円,14993966.0,2020
2021,0,化粧水,販売金額,千円,184989976.0,2023
2021,1,化粧水,販売金額,千円,11572678.0,2021
2021,2,化粧水,販売金額,千円,13008714.0,2021
2021,3,化粧水,販売金額,千円,12952228.0,2021
2021,4,化粧水,販売金額,千円,12827894.0,2021
2021,5,化粧水,販売金額,千円,12661955.0,2021
2021,6,化粧水,販売金額,千円,14090021.0,2021
2021,7,化粧水,販売金額,千円,19026001.0,2021
2021,8,化粧水,販売金額,千円,18504896.0,2021
2021,9,化粧水,販売金額,千円,16087873.0,2021
2021,10,化粧水,販売金額,千円,19235848.0,2021
2021,11,化粧水,販売金額,千円,17180757.0,2021
2021,12,化粧水,販売金額,千円,17308550.0,2021
2022,0,化粧水,販売金額,千円,117836336.0,2023
2022,1,化粧水,販売金額,千円,7191866.0,2022
2022,2,化粧水,販売金額,千円,9159473.0,2022
2022,3,化粧水,販売金額,千円,10924213.0,2022
2022,4,化粧水,販売金額,千円,11133774.0,2022
2022,5,化粧水,販売金額,千円,8594897.0,2022
2022,6,化粧水,販売金額,千円,10822511.0,2022
2022,7,化粧水,販売金額,千円,9600172.0,2022
2022,8,化粧水,販売金額,千円,11273395.0,2022
2022,9,化粧水,販売金額,千円,9869245.0,2022
2022,10,化粧水,販売金額,千円,9124648.0,2022
2022,11,化粧水,販売金額,千円,9734691.0,2022
2022,12,化粧水,販売金額,千円,10407451.0,2022
2023,0,化粧水,販売金額,千円,109056619.0,2023
2023,1,化粧水,販売金額,千円,7118003.0,2023
2023,2,化粧水,販売金額,千円,8157393.0,2023
2023,3,化粧水,販売金額,千円,10148219.0,2023
2023,4,化粧水,販売金額,千円,8146425.0,2023
2023,5,化粧水,販売金額,千円,8595583.0,2023
2023,6,化粧水,販売金額,千円,9021804.0,2023
2023,7,化粧水,販売金額,千円,11087074.0,2023
2023,8,化粧水,販売金額,千円,8466661.0,2023
2023,9,化粧水,販売金額,千円,9611149.0,2023
2023,10,化粧水,販売金額,千円,9811952.0,2023
2023,11,化粧水,販売金額,千円,9915094.0,2023
2023,12,化粧水,販売金額,千円,8977262.0,2023
2024,1,化粧水,販売金額,千円,7610266.0,2024
2024,2,化粧水,販売金額,千円,12999002.0,2024
2024,3,化粧水,販売金額,千円,15557924.0,2024
2024,4,化粧水,販売金額,千円,9430282.0,2024
2024,5,化粧水,販売金額,千円,8774642.0,2024
2024,6,化粧水,販売金額,千円,8216943.0,2024
2024,7,化粧水,販売金額,千円,10795304.0,2024
2024,8,化粧水,販売金額,千円,9913779.0,2024
2024,9,化粧水,販売金額,千円,8487356.0,2024
2024,10,化粧水,販売金額,千円,9090414.0,2024
2024,11,化粧水,販売金額,千円,11222356.0,2024
2024,12,化粧水,販売金額,千円,12223476.0,2024
2015,0,口紅,出荷その他,kg,24479.0,2019
2016,0,口紅,出荷その他,kg,20231.0,2020
2017,0,口紅,出荷その他,kg,17978.0,2021
2018,0,口紅,出荷その他,kg,23460.0,2022
2019,0,口紅,出荷その他,kg,22085.0,2023
2019,1,口紅,出荷その他,kg,2349.0,2019
2019,2,口紅,出荷その他,kg,1271.0,2019
2019,3,口紅,出荷その他,kg,907.0,2019
2019,4,口紅,出荷その他,kg,1146.0,2019
2019,5,口紅,出荷その他,kg,896.0,2019
2019,6,口紅,出荷その他,kg,3096.0,2019
2019,7,口紅,出荷その他,kg,826.0,2019
2019,8,口紅,出荷その他,kg,2003.0,2019
2019,9,口紅,出荷その他,kg,2108.0,2019
2019,10,口紅,出荷その他,kg,1676.0,2019
2019,11,口紅,出荷その他,kg,3285.0,2019
2019,12,口紅,出荷その他,kg,2522.0,2019
2020,0,口紅,出荷その他,kg,18810.0,2023
2020,1,口紅,出荷その他,kg,1880.0,2020
2020,2,口紅,出荷その他,kg,1075.0,2020
2020,3,口紅,出荷その他,kg,1225.0,2020
2020,4,口紅,出荷その他,kg,758.0,2020
2020,5,口紅,出荷その他,kg,1091.0,2020
2020,6,口紅,出荷その他,kg,1974.0,2020
2020,7,口紅,出荷その他,kg,865.0,2020
2020,8,口紅,出荷その他,kg,1156.0,2020
2020,9,口紅,出荷その他,kg,1035.0,2020
2020,10,口紅,出荷その他,kg,722.0,2020
2020,11,口紅,出荷その他,kg,3086.0,2020
2020,12,口紅,出荷その他,kg,3943.0,2020
2021,0,口紅,出荷その他,kg,17404.0,2023
2021,1,口紅,出荷その他,kg,1007.0,2021
2021,2,口紅,出荷その他,kg,1700.0,2021
2021,3,口紅,出荷その他,kg,737.0,2021
2021,4,口紅,出荷その他,kg,672.0,2021
2021,5,口紅,出荷その他,kg,1280.0,2021
2021,6,口紅,出荷その他,kg,5279.0,2021
2021,7,口紅,出荷その他,kg,1163.0,2021
2021,8,口紅,出荷その他,kg,648.0,2021
2021,9,口紅,出荷その他,kg,1498.0,2021
2021,10,口紅,出荷その他,kg,830.0,2021
2021,11,口紅,出荷その他,kg,766.0,2021
2021,12,口紅,出荷その他,kg,1824.0,2021
2022,0,口紅,出荷その他,kg,19089.0,2023
2022,1,口紅,出荷その他,kg,1196.0,2022
2022,2,口紅,出荷その他,kg,3162.0,2022
2022,3,口紅,出荷その他,kg,2229.0,2022
2022,4,口紅,出荷その他,kg,855.0,2022
2022,5,口紅,出荷その他,kg,1790.0,2022
2022,6,口紅,出荷その他,kg,1666.0,2022
2022,7,口紅,出荷その他,kg,1148.0,2022
2022,8,口紅,出荷その他,kg,687.0,2022
2022,9,口紅,出荷その他,kg,587.0,2022
2022,10,口紅,出荷その他,kg,1448.0,2022
2022,11,口紅,出荷その他,kg,2949.0,2022
2022,12,口紅,出荷その他,kg,1372.0,2022
2023,0,口紅,出荷その他,kg,13604.0,2023
2023,1,口紅,出荷その他,kg,931.0,2023
2023,2,口紅,出荷その他,kg,552.0,2023
2023,3,口紅,出荷その他,kg,1038.0,2023
2023,4,口紅,出荷その他,kg,471.0,2023
2023,5,口紅,出荷その他,kg,1977.0,2023
2023,6,口紅,出荷その他,kg,2090.0,2023
2023,7,口紅,出荷その他,kg,646.0,2023
2023,8,口紅,出荷その他,kg,1376.0,2023
2023,9,口紅,出荷その他,kg,1136.0,2023
2023,10,口紅,出荷その他,kg,841.0,2023
2023,11,口紅,出荷その他,kg,1481.0,2023
2023,12,口紅,出荷その他,kg,1065.0,2023
2024,1,口紅,出荷その他,kg,1486.0,2024
2024,2,口紅,出荷その他,kg,2631.0,2024
2024,3,口紅,出荷その他,kg,1068.0,2024
2024,4,口紅,出荷その他,kg,689.0,2024
2024,5,口紅,出荷その他,kg,2751.0,2024
2024,6,口紅,出荷その他,kg,3037.0,2024
2024,7,口紅,出荷その他,kg,1485.0,2024
2024,8,口紅,出荷その他,kg,616.0,2024
2024,9,口紅,出荷その他,kg,1361.0,2024
2024,10,口紅,出荷その他,kg,1318.0,2024
2024,11,口紅,出荷その他,kg,770.0,2024
2024,12,口紅,出荷その他,kg,1298.0,2024
2015,0,口紅,受入,kg,39450.0,2019
2016,0,口紅,受入,kg,27074.0,2020
2017,0,口紅,受入,kg,38305.0,2021
2018,0,口紅,受入,kg,45686.0,2022
2019,0,口紅,受入,kg,52357.0,2023
2019,1,口紅,受入,kg,3004.0,2019
2019,2,口紅,受入,kg,3494.0,2019
2019,3,口紅,受入,kg,4797.0,2019
2019,4,口紅,受入,kg,4518.0,2019
2019,5,口紅,受入,kg,5314.0,2019
2019,6,口紅,受入,kg,3367.0,2019
2019,7,口紅,受入,kg,5729.0,2019
2019,8,口紅,受入,kg,5535.0,2019
2019,9,口紅,受入,kg,4428.0,2019
2019,10,口紅,受入,kg,4070.0,2019
2019,11,口紅,受入,kg,5323.0,2019
2019,12,口紅,受入,kg,2778.0,2019
2020,0,口紅,受入,kg,48167.0,2023
2020,1,口紅,受入,kg,5024.0,2020
2020,2,口紅,受入,kg,2418.0,2020
2020,3,口紅,受入,kg,4533.0,2020
2020,4,口紅,受入,kg,4052.0,2020
2020,5,口紅,受入,kg,4498.0,2020
2020,6,口紅,受入,kg,13562.0,2020
2020,7,口紅,受入,kg,3682.0,2020
2020,8,口紅,受入,kg,2768.0,2020
2020,9,口紅,受入,kg,1794.0,2020
2020,10,口紅,受入,kg,2581.0,2020
2020,11,口紅,受入,kg,1888.0,2020
2020,12,口紅,受入,kg,1474.0,2020
2021,0,口紅,受入,kg,15963.0,2023
2021,1,口紅,受入,kg,1641.0,2021
2021,2,口紅,受入,kg,834.0,2021
2021,3,口紅,受入,kg,1654.0,2021
2021,4,口紅,受入,kg,1022.0,2021
2021,5,口紅,受入,kg,831.0,2021
2021,6,口紅,受入,kg,665.0,2021
2021,7,口紅,受入,kg,1628.0,2021
2021,8,口紅,受入,kg,1263.0,2021
2021,9,口紅,受入,kg,2262.0,2021
2021,10,口紅,受入,kg,1472.0,2021
2021,11,口紅,受入,kg,1425.0,2021
2021,12,口紅,受入,kg,1335.0,2021
2022,0,口紅,受入,kg,113995.0,2023
2022,1,口紅,受入,kg,9746.0,2022
2022,2,口紅,受入,kg,7461.0,2022
2022,3,口紅,受入,kg,23170.0,2022
2022,4,口紅,受入,kg,2988.0,2022
2022,5,口紅,受入,kg,4393.0,2022
2022,6,口紅,受入,kg,9039.0,2022
2022,7,口紅,受入,kg,6063.0,2022
2022,8,口紅,受入,kg,6939.0,2022
2022,9,口紅,受入,kg,6978.0,2022
2022,10,口紅,受入,kg,12659.0,2022
2022,11,口紅,受入,kg,11739.0,2022
2022,12,口紅,受入,kg,12820.0,2022
2023,0,口紅,受入,kg,90090.0,2023
2023,1,口紅,受入,kg,4467.0,2023
2023,2,口紅,受入,kg,5055.0,2023
2023,3,口紅,受入,kg,6961.0,2023
2023,4,口紅,受入,kg,3546.0,2023
2023,5,口紅,受入,kg,3566.0,2023
2023,6,口紅,受入,kg,6695.0,2023
2023,7,口紅,受入,kg,6010.0,2023
2023,8,口紅,受入,kg,13317.0,2023
2023,9,口紅,受入,kg,12209.0,2023
2023,10,口紅,受入,kg,10285.0,2023
2023,11,口紅,受入,kg,9976.0,2023
2023,12,口紅,受入,kg,8003.0,2023
2024,1,口紅,受入,kg,5044.0,2024
2024,2,口紅,受入,kg,6978.0,2024
2024,3,口紅,受入,kg,15263.0,2024
2024,4,口紅,受入,kg,13036.0,2024
2024,5,口紅,受入,kg,13219.0,2024
2024,6,口紅,受入,kg,13020.0,2024
2024,7,口紅,受入,kg,11138.0,2024
2024,8,口紅,受入,kg,11834.0,2024
2024,9,口紅,受入,kg,7109.0,2024
2024,10,口紅,受入,kg,8902.0,2024
2024,11,口紅,受入,kg,8095.0,2024
2024,12,口紅,受入,kg,10701.0,2024
2015,0,口紅,月末在庫,kg,50748.0,2019
2016,0,口紅,月末在庫,kg,60485.0,2020
2017,0,口紅,月末在庫,kg,94644.0,2021
2018,0,口紅,月末在庫,kg,100856.0,2022
2019,0,口紅,月末在庫,kg,93921.0,2023
2019,1,口紅,月末在庫,kg,96414.0,2019
2019,2,口紅,月末在庫,kg,102624.0,2019
2019,3,口紅,月末在庫,kg,101436.0,2019
2019,4,口紅,月末在庫,kg,103591.0,2019
2019,5,口紅,月末在庫,kg,102511.0,2019
2019,6,口紅,月末在庫,kg,99682.0,2019
2019,7,口紅,月末在庫,kg,101157.0,2019
2019,8,口紅,月末在庫,kg,106706.0,2019
2019,9,口紅,月末在庫,kg,100299.0,2019
2019,10,口紅,月末在庫,kg,99183.0,2019
2019,11,口紅,月末在庫,kg,97358.0,2019
2019,12,口紅,月末在庫,kg,93921.0,2019
2020,0,口紅,月末在庫,kg,97117.0,2023
2020,1,口紅,月末在庫,kg,95113.0,2020
2020,2,口紅,月末在庫,kg,96646.0,2020
2020,3,口紅,月末在庫,kg,95490.0,2020
2020,4,口紅,月末在庫,kg,102515.0,2020
2020,5,口紅,月末在庫,kg,109196.0,2020
2020,6,口紅,月末在庫,kg,130376.0,2020
2020,7,口紅,月末在庫,kg,130170.0,2020
2020,8,口紅,月末在庫,kg,119086.0,2020
2020,9,口紅,月末在庫,kg,116911.0,2020
2020,10,口紅,月末在庫,kg,108511.0,2020
2020,11,口紅,月末在庫,kg,103607.0,2020
2020,12,口紅,月末在庫,kg,97117.0,2020
2021,0,口紅,月末在庫,kg,68201.0,2023
2021,1,口紅,月末在庫,kg,95126.0,2021
2021,2,口紅,月末在庫,kg,91944.0,2021
2021,3,口紅,月末在庫,kg,88932.0,2021
2021,4,口紅,月末在庫,kg,85710.0,2021
2021,5,口紅,月末在庫,kg,82864.0,2021
2021,6,口紅,月末在庫,kg,84000.0,2021
2021,7,口紅,月末在庫,kg,84376.0,2021
2021,8,口紅,月末在庫,kg,81817.0,2021
2021,9,口紅,月末在庫,kg,75925.0,2021
2021,10,口紅,月末在庫,kg,74523.0,2021
2021,11,口紅,月末在庫,kg,73522.0,2021
2021,12,口紅,月末在庫,kg,68201.0,2021
2022,0,口紅,月末在庫,kg,75732.0,2023
2022,1,口紅,月末在庫,kg,95154.0,2022
2022,2,口紅,月末在庫,kg,92163.0,2022
2022,3,口紅,月末在庫,kg,87795.0,2022
2022,4,口紅,月末在庫,kg,83722.0,2022
2022,5,口紅,月末在庫,kg,79457.0,2022
2022,6,口紅,月末在庫,kg,78687.0,2022
2022,7,口紅,月末在庫,kg,81699.0,2022
2022,8,口紅,月末在庫,kg,85381.0,2022
2022,9,口紅,月末在庫,kg,84538.0,2022
2022,10,口紅,月末在庫,kg,81111.0,2022
2022,11,口紅,月末在庫,kg,77319.0,2022
2022,12,口紅,月末在庫,kg,75732.0,2022
2023,0,口紅,月末在庫,kg,100703.0,2023
2023,1,口紅,月末在庫,kg,73147.0,2023
2023,2,口紅,月末在庫,kg,72855.0,2023
2023,3,口紅,月末在庫,kg,73412.0,2023
2023,4,口紅,月末在庫,kg,73700.0,2023
2023,5,口紅,月末在庫,kg,75721.0,2023
2023,6,口紅,月末在庫,kg,80128.0,2023
2023,7,口紅,月末在庫,kg,94746.0,2023
2023,8,口紅,月末在庫,kg,112820.0,2023
2023,9,口紅,月末在庫,kg,110417.0,2023
2023,10,口紅,月末在庫,kg,98819.0,2023
2023,11,口紅,月末在庫,kg,101147.0,2023
2023,12,口紅,月末在庫,kg,100703.0,2023
2024,1,口紅,月末在庫,kg,100512.0,2024
2024,2,口紅,月末在庫,kg,103404.0,2024
2024,3,口紅,月末在庫,kg,103722.0,2024
2024,4,口紅,月末在庫,kg,107066.0,2024
2024,5,口紅,月末在庫,kg,113937.0,2024
2024,6,口紅,月末在庫,kg,115078.0,2024
2024,7,口紅,月末在庫,kg,119239.0,2024
2024,8,口紅,月末在庫,kg,115874.0,2024
2024,9,口紅,月末在庫,kg,113146.0,2024
2024,10,口紅,月末在庫,kg,106452.0,2024
2024,11,口紅,月末在庫,kg,106185.0,2024
2024,12,口紅,月末在庫,kg,106288.0,2024
2015,0,口紅,生産,kg,177477.0,2019
2016,0,口紅,生産,kg,221445.0,2020
2017,0,口紅,生産,kg,242568.0,2021
2018,0,口紅,生産,kg,255088.0,2022
2019,0,口紅,生産,kg,210550.0,2023
2019,1,口紅,生産,kg,16991.0,2019
2019,2,口紅,生産,kg,20666.0,2019
2019,3,口紅,生産,kg,18480.0,2019
2019,4,口紅,生産,kg,18273.0,2019
2019,5,口紅,生産,kg,16553.0,2019
2019,6,口紅,生産,kg,16104.0,2019
2019,7,口紅,生産,kg,16526.0,2019
2019,8,口紅,生産,kg,20166.0,2019
2019,9,口紅,生産,kg,16166.0,2019
2019,10,口紅,生産,kg,18312.0,2019
2019,11,口紅,生産,kg,18977.0,2019
2019,12,口紅,生産,kg,13336.0,2019
2020,0,口紅,生産,kg,117751.0,2023
2020,1,口紅,生産,kg,14564.0,2020
2020,2,口紅,生産,kg,16231.0,2020
2020,3,口紅,生産,kg,15136.0,2020
2020,4,口紅,生産,kg,14020.0,2020
2020,5,口紅,生産,kg,8963.0,2020
2020,6,口紅,生産,kg,11536.0,2020
2020,7,口紅,生産,kg,9101.0,2020
2020,8,口紅,生産,kg,6481.0,2020
2020,9,口紅,生産,kg,8843.0,2020
2020,10,口紅,生産,kg,4922.0,2020
2020,11,口紅,生産,kg,4021.0,2020
2020,12,口紅,生産,kg,3826.0,2020
2021,0,口紅,生産,kg,58125.0,2023
2021,1,口紅,生産,kg,3726.0,2021
2021,2,口紅,生産,kg,3355.0,2021
2021,3,口紅,生産,kg,7148.0,2021
2021,4,口紅,生産,kg,3474.0,2021
2021,5,口紅,生産,kg,3499.0,2021
2021,6,口紅,生産,kg,6292.0,2021
2021,7,口紅,生産,kg,5765.0,2021
2021,8,口紅,生産,kg,6026.0,2021
2021,9,口紅,生産,kg,5877.0,2021
2021,10,口紅,生産,kg,3121.0,2021
2021,11,口紅,生産,kg,5032.0,2021
2021,12,口紅,生産,kg,4741.0,2021
2022,0,口紅,生産,kg,96342.0,2023
2022,1,口紅,生産,kg,9921.0,2022
2022,2,口紅,生産,kg,4653.0,2022
2022,3,口紅,生産,kg,4754.0,2022
2022,4,口紅,生産,kg,6166.0,2022
2022,5,口紅,生産,kg,4453.0,2022
2022,6,口紅,生産,kg,6780.0,2022
2022,7,口紅,生産,kg,7360.0,2022
2022,8,口紅,生産,kg,9257.0,2022
2022,9,口紅,生産,kg,9590.0,2022
2022,10,口紅,生産,kg,10475.0,2022
2022,11,口紅,生産,kg,13474.0,2022
2022,12,口紅,生産,kg,9459.0,2022
2023,0,口紅,生産,kg,199180.0,2023
2023,1,口紅,生産,kg,8183.0,2023
2023,2,口紅,生産,kg,9855.0,2023
2023,3,口紅,生産,kg,13694.0,2023
2023,4,口紅,生産,kg,17311.0,2023
2023,5,口紅,生産,kg,14557.0,2023
2023,6,口紅,生産,kg,20338.0,2023
2023,7,口紅,生産,kg,26393.0,2023
2023,8,口紅,生産,kg,24424.0,2023
2023,9,口紅,生産,kg,22158.0,2023
2023,10,口紅,生産,kg,14790.0,2023
2023,11,口紅,生産,kg,14260.0,2023
2023,12,口紅,生産,kg,13217.0,2023
2024,1,口紅,生産,kg,12815.0,2024
2024,2,口紅,生産,kg,11519.0,2024
2024,3,口紅,生産,kg,10152.0,2024
2024,4,口紅,生産,kg,9635.0,2024
2024,5,口紅,生産,kg,10398.0,2024
2024,6,口紅,生産,kg,11713.0,2024
2024,7,口紅,生産,kg,13796.0,2024
2024,8,口紅,生産,kg,10819.0,2024
2024,9,口紅,生産,kg,13446.0,2024
2024,10,口紅,生産,kg,11584.0,2024
2024,11,口紅,生産,kg,10641.0,2024
2024,12,口紅,生産,kg,7892.0,2024
2015,0,口紅,販売個数,十個,4825050.0,2019
2016,0,口紅,販売個数,十個,5777913.0,2020
2017,0,口紅,販売個数,十個,5999455.0,2021
2018,0,口紅,販売個数,十個,6451821.0,2022
2019,0,口紅,販売個数,十個,6168551.0,2023
2019,1,口紅,販売個数,十個,515977.0,2019
2019,2,口紅,販売個数,十個,426924.0,2019
2019,3,口紅,販売個数,十個,619876.0,2019
2019,4,口紅,販売個数,十個,468198.0,2019
2019,5,口紅,販売個数,十個,548112.0,2019
2019,6,口紅,販売個数,十個,436043.0,2019
2019,7,口紅,販売個数,十個,491063.0,2019
2019,8,口紅,販売個数,十個,434874.0,2019
2019,9,口紅,販売個数,十個,594508.0,2019
2019,10,口紅,販売個数,十個,540955.0,2019
2019,11,口紅,販売個数,十個,566211.0,2019
2019,12,口紅,販売個数,十個,525810.0,2019
2020,0,口紅,販売個数,十個,3069186.0,2023
2020,1,口紅,販売個数,十個,401581.0,2020
2020,2,口紅,販売個数,十個,398837.0,2020
2020,3,口紅,販売個数,十個,498939.0,2020
2020,4,口紅,販売個数,十個,246670.0,2020
2020,5,口紅,販売個数,十個,119008.0,2020
2020,6,口紅,販売個数,十個,152408.0,2020
2020,7,口紅,販売個数,十個,246726.0,2020
2020,8,口紅,販売個数,十個,239720.0,2020
2020,9,口紅,販売個数,十個,186743.0,2020
2020,10,口紅,販売個数,十個,312004.0,2020
2020,11,口紅,販売個数,十個,153086.0,2020
2020,12,口紅,販売個数,十個,113464.0,2020
2021,0,口紅,販売個数,十個,1729034.0,2023
2021,1,口紅,販売個数,十個,132054.0,2021
2021,2,口紅,販売個数,十個,128845.0,2021
2021,3,口紅,販売個数,十個,127327.0,2021
2021,4,口紅,販売個数,十個,203836.0,2021
2021,5,口紅,販売個数,十個,122851.0,2021
2021,6,口紅,販売個数,十個,112696.0,2021
2021,7,口紅,販売個数,十個,121392.0,2021
2021,8,口紅,販売個数,十個,171940.0,2021
2021,9,口紅,販売個数,十個,155504.0,2021
2021,10,口紅,販売個数,十個,103061.0,2021
2021,11,口紅,販売個数,十個,143228.0,2021
2021,12,口紅,販売個数,十個,206300.0,2021
2022,0,口紅,販売個数,十個,2488040.0,2023
2022,1,口紅,販売個数,十個,198053.0,2022
2022,2,口紅,販売個数,十個,129507.0,2022
2022,3,口紅,販売個数,十個,180867.0,2022
2022,4,口紅,販売個数,十個,177652.0,2022
2022,5,口紅,販売個数,十個,159439.0,2022
2022,6,口紅,販売個数,十個,187780.0,2022
2022,7,口紅,販売個数,十個,154585.0,2022
2022,8,口紅,販売個数,十個,200187.0,2022
2022,9,口紅,販売個数,十個,209981.0,2022
2022,10,口紅,販売個数,十個,321376.0,2022
2022,11,口紅,販売個数,十個,269887.0,2022
2022,12,口紅,販売個数,十個,298726.0,2022
2023,0,口紅,販売個数,十個,3598299.0,2023
2023,1,口紅,販売個数,十個,201073.0,2023
2023,2,口紅,販売個数,十個,230121.0,2023
2023,3,口紅,販売個数,十個,308089.0,2023
2023,4,口紅,販売個数,十個,317446.0,2023
2023,5,口紅,販売個数,十個,259120.0,2023
2023,6,口紅,販売個数,十個,315729.0,2023
2023,7,口紅,販売個数,十個,302085.0,2023
2023,8,口紅,販売個数,十個,304387.0,2023
2023,9,口紅,販売個数,十個,356712.0,2023
2023,10,口紅,販売個数,十個,377529.0,2023
2023,11,口紅,販売個数,十個,305418.0,2023
2023,12,口紅,販売個数,十個,320590.0,2023
2024,1,口紅,販売個数,十個,251250.0,2024
2024,2,口紅,販売個数,十個,218485.0,2024
2024,3,口紅,販売個数,十個,302116.0,2024
2024,4,口紅,販売個数,十個,326885.0,2024
2024,5,口紅,販売個数,十個,255677.0,2024
2024,6,口紅,販売個数,十個,284239.0,2024
2024,7,口紅,販売個数,十個,316484.0,2024
2024,8,口紅,販売個数,十個,297529.0,2024
2024,9,口紅,販売個数,十個,261289.0,2024
2024,10,口紅,販売個数,十個,420858.0,2024
2024,11,口紅,販売個数,十個,338939.0,2024
2024,12,口紅,販売個数,十個,286852.0,2024
2015,0,口紅,販売数量,kg,179867.0,2019
2016,0,口紅,販売数量,kg,221288.0,2020
2017,0,口紅,販売数量,kg,225384.0,2021
2018,0,口紅,販売数量,kg,241390.0,2022
2019,0,口紅,販売数量,kg,221773.0,2023
2019,1,口紅,販売数量,kg,22029.0,2019
2019,2,口紅,販売数量,kg,14130.0,2019
2019,3,口紅,販売数量,kg,21419.0,2019
2019,4,口紅,販売数量,kg,16421.0,2019
2019,5,口紅,販売数量,kg,19228.0,2019
2019,6,口紅,販売数量,kg,16754.0,2019
2019,7,口紅,販売数量,kg,18355.0,2019
2019,8,口紅,販売数量,kg,15560.0,2019
2019,9,口紅,販売数量,kg,22148.0,2019
2019,10,口紅,販売数量,kg,19564.0,2019
2019,11,口紅,販売数量,kg,19728.0,2019
2019,12,口紅,販売数量,kg,16437.0,2019
2020,0,口紅,販売数量,kg,118768.0,2023
2020,1,口紅,販売数量,kg,13933.0,2020
2020,2,口紅,販売数量,kg,14499.0,2020
2020,3,口紅,販売数量,kg,17356.0,2020
2020,4,口紅,販売数量,kg,8958.0,2020
2020,5,口紅,販売数量,kg,3945.0,2020
2020,6,口紅,販売数量,kg,6617.0,2020
2020,7,口紅,販売数量,kg,10571.0,2020
2020,8,口紅,販売数量,kg,9147.0,2020
2020,9,口紅,販売数量,kg,7192.0,2020
2020,10,口紅,販売数量,kg,13343.0,2020
2020,11,口紅,販売数量,kg,7540.0,2020
2020,12,口紅,販売数量,kg,5667.0,2020
2021,0,口紅,販売数量,kg,61703.0,2023
2021,1,口紅,販売数量,kg,4926.0,2021
2021,2,口紅,販売数量,kg,4965.0,2021
2021,3,口紅,販売数量,kg,4939.0,2021
2021,4,口紅,販売数量,kg,6246.0,2021
2021,5,口紅,販売数量,kg,4540.0,2021
2021,6,口紅,販売数量,kg,3871.0,2021
2021,7,口紅,販売数量,kg,4010.0,2021
2021,8,口紅,販売数量,kg,6750.0,2021
2021,9,口紅,販売数量,kg,6971.0,2021
2021,10,口紅,販売数量,kg,3784.0,2021
2021,11,口紅,販売数量,kg,4918.0,2021
2021,12,口紅,販売数量,kg,5783.0,2021
2022,0,口紅,販売数量,kg,153853.0,2023
2022,1,口紅,販売数量,kg,9217.0,2022
2022,2,口紅,販売数量,kg,6607.0,2022
2022,3,口紅,販売数量,kg,10803.0,2022
2022,4,口紅,販売数量,kg,11395.0,2022
2022,5,口紅,販売数量,kg,7113.0,2022
2022,6,口紅,販売数量,kg,11648.0,2022
2022,7,口紅,販売数量,kg,7394.0,2022
2022,8,口紅,販売数量,kg,9869.0,2022
2022,9,口紅,販売数量,kg,15645.0,2022
2022,10,口紅,販売数量,kg,22105.0,2022
2022,11,口紅,販売数量,kg,22738.0,2022
2022,12,口紅,販売数量,kg,19319.0,2022
2023,0,口紅,販売数量,kg,214876.0,2023
2023,1,口紅,販売数量,kg,11384.0,2023
2023,2,口紅,販売数量,kg,12629.0,2023
2023,3,口紅,販売数量,kg,15897.0,2023
2023,4,口紅,販売数量,kg,18725.0,2023
2023,5,口紅,販売数量,kg,12563.0,2023
2023,6,口紅,販売数量,kg,17199.0,2023
2023,7,口紅,販売数量,kg,15515.0,2023
2023,8,口紅,販売数量,kg,16233.0,2023
2023,9,口紅,販売数量,kg,33954.0,2023
2023,10,口紅,販売数量,kg,24435.0,2023
2023,11,口紅,販売数量,kg,18521.0,2023
2023,12,口紅,販売数量,kg,17821.0,2023
2024,1,口紅,販売数量,kg,15778.0,2024
2024,2,口紅,販売数量,kg,11758.0,2024
2024,3,口紅,販売数量,kg,23003.0,2024
2024,4,口紅,販売数量,kg,17113.0,2024
2024,5,口紅,販売数量,kg,13010.0,2024
2024,6,口紅,販売数量,kg,19009.0,2024
2024,7,口紅,販売数量,kg,18310.0,2024
2024,8,口紅,販売数量,kg,24097.0,2024
2024,9,口紅,販売数量,kg,20511.0,2024
2024,10,口紅,販売数量,kg,24611.0,2024
2024,11,口紅,販売数量,kg,16819.0,2024
2024,12,口紅,販売数量,kg,16039.0,2024
2015,0,口紅,販売金額,千円,36181815.0,2019
2016,0,口紅,販売金額,千円,41687401.0,2020
2017,0,口紅,販売金額,千円,48591232.0,2021
2018,0,口紅,販売金額,千円,50058089.0,2022
2019,0,口紅,販売金額,千円,49665889.0,2023
2019,1,口紅,販売金額,千円,4136063.0,2019
2019,2,口紅,販売金額,千円,3360198.0,2019
2019,3,口紅,販売金額,千円,5620786.0,2019
2019,4,口紅,販売金額,千円,3469943.0,2019
2019,5,口紅,販売金額,千円,4500184.0,2019
2019,6,口紅,販売金額,千円,3467532.0,2019
2019,7,口紅,販売金額,千円,3677527.0,2019
2019,8,口紅,販売金額,千円,3721158.0,2019
2019,9,口紅,販売金額,千円,4724852.0,2019
2019,10,口紅,販売金額,千円,4102696.0,2019
2019,11,口紅,販売金額,千円,4782005.0,2019
2019,12,口紅,販売金額,千円,4102945.0,2019
2020,0,口紅,販売金額,千円,22212126.0,2023
2020,1,口紅,販売金額,千円,3304850.0,2020
2020,2,口紅,販売金額,千円,2732544.0,2020
2020,3,口紅,販売金額,千円,3086308.0,2020
2020,4,口紅,販売金額,千円,1531777.0,2020
2020,5,口紅,販売金額,千円,840762.0,2020
2020,6,口紅,販売金額,千円,982179.0,2020
2020,7,口紅,販売金額,千円,1445802.0,2020
2020,8,口紅,販売金額,千円,1566106.0,2020
2020,9,口紅,販売金額,千円,1444766.0,2020
2020,10,口紅,販売金額,千円,2266055.0,2020
2020,11,口紅,販売金額,千円,1754068.0,2020
2020,12,口紅,販売金額,千円,1256909.0,2020
2021,0,口紅,販売金額,千円,12783724.0,2023
2021,1,口紅,販売金額,千円,1105961.0,2021
2021,2,口紅,販売金額,千円,1013258.0,2021
2021,3,口紅,販売金額,千円,1024049.0,2021
2021,4,口紅,販売金額,千円,1415495.0,2021
2021,5,口紅,販売金額,千円,806433.0,2021
2021,6,口紅,販売金額,千円,817020.0,2021
2021,7,口紅,販売金額,千円,881239.0,2021
2021,8,口紅,販売金額,千円,1289420.0,2021
2021,9,口紅,販売金額,千円,1061535.0,2021
2021,10,口紅,販売金額,千円,816255.0,2021
2021,11,口紅,販売金額,千円,1096117.0,2021
2021,12,口紅,販売金額,千円,1456942.0,2021
2022,0,口紅,販売金額,千円,19089104.0,2023
2022,1,口紅,販売金額,千円,1311005.0,2022
2022,2,口紅,販売金額,千円,885819.0,2022
2022,3,口紅,販売金額,千円,1729171.0,2022
2022,4,口紅,販売金額,千円,1420976.0,2022
2022,5,口紅,販売金額,千円,1172257.0,2022
2022,6,口紅,販売金額,千円,1406908.0,2022
2022,7,口紅,販売金額,千円,1132805.0,2022
2022,8,口紅,販売金額,千円,1489881.0,2022
2022,9,口紅,販売金額,千円,1474920.0,2022
2022,10,口紅,販売金額,千円,2535169.0,2022
2022,11,口紅,販売金額,千円,2146893.0,2022
2022,12,口紅,販売金額,千円,2383300.0,2022
2023,0,口紅,販売金額,千円,26964051.0,2023
2023,1,口紅,販売金額,千円,1464617.0,2023
2023,2,口紅,販売金額,千円,1685264.0,2023
2023,3,口紅,販売金額,千円,2515712.0,2023
2023,4,口紅,販売金額,千円,2382158.0,2023
2023,5,口紅,販売金額,千円,1942760.0,2023
2023,6,口紅,販売金額,千円,2379241.0,2023
2023,7,口紅,販売金額,千円,2225103.0,2023
2023,8,口紅,販売金額,千円,2247653.0,2023
2023,9,口紅,販売金額,千円,2622666.0,2023
2023,10,口紅,販売金額,千円,2797515.0,2023
2023,11,口紅,販売金額,千円,2165536.0,2023
2023,12,口紅,販売金額,千円,2535826.0,2023
2024,1,口紅,販売金額,千円,2038165.0,2024
2024,2,口紅,販売金額,千円,1915566.0,2024
2024,3,口紅,販売金額,千円,2442842.0,2024
2024,4,口紅,販売金額,千円,2485606.0,2024
2024,5,口紅,販売金額,千円,2133300.0,2024
2024,6,口紅,販売金額,千円,2471114.0,2024
2024,7,口紅,販売金額,千円,2575993.0,2024
2024,8,口紅,販売金額,千円,2337290.0,2024
2024,9,口紅,販売金額,千円,2064288.0,2024
2024,10,口紅,販売金額,千円,3450627.0,2024
2024,11,口紅,販売金額,千円,2701548.0,2024
2024,12,口紅,販売金額,千円,2393245.0,2024
2015,0,日やけ止め及び日やけ用化粧品,出荷その他,kg,371099.0,2019
2016,0,日やけ止め及び日やけ用化粧品,出荷その他,kg,472733.0,2020
2017,0,日やけ止め及び日やけ用化粧品,出荷その他,kg,641274.0,2021
2018,0,日やけ止め及び日やけ用化粧品,出荷その他,kg,776088.0,2022
2019,0,日やけ止め及び日やけ用化粧品,出荷その他,kg,1071547.0,2023
2019,1,日やけ止め及び日やけ用化粧品,出荷その他,kg,223942.0,2019
2019,2,日やけ止め及び日やけ用化粧品,出荷その他,kg,123404.0,2019
2019,3,日やけ止め及び日やけ用化粧品,出荷その他,kg,104210.0,2019
2019,4,日やけ止め及び日やけ用化粧品,出荷その他,kg,80139.0,2019
2019,5,日やけ止め及び日やけ用化粧品,出荷その他,kg,68463.0,2019
2019,6,日やけ止め及び日やけ用化粧品,出荷その他,kg,34245.0,2019
2019,7,日やけ止め及び日やけ用化粧品,出荷その他,kg,15927.0,2019
2019,8,日やけ止め及び日やけ用化粧品,出荷その他,kg,15732.0,2019
2019,9,日やけ止め及び日やけ用化粧品,出荷その他,kg,49419.0,2019
2019,10,日やけ止め及び日やけ用化粧品,出荷その他,kg,101045.0,2019
2019,11,日やけ止め及び日やけ用化粧品,出荷その他,kg,114786.0,2019
2019,12,日やけ止め及び日やけ用化粧品,出荷その他,kg,140235.0,2019
2020,0,日やけ止め及び日やけ用化粧品,出荷その他,kg,971812.0,2023
2020,1,日やけ止め及び日やけ用化粧品,出荷その他,kg,262807.0,2020
2020,2,日やけ止め及び日やけ用化粧品,出荷その他,kg,167184.0,2020
2020,3,日やけ止め及び日やけ用化粧品,出荷その他,kg,125275.0,2020
2020,4,日やけ止め及び日やけ用化粧品,出荷その他,kg,68162.0,2020
2020,5,日やけ止め及び日やけ用化粧品,出荷その他,kg,37082.0,2020
2020,6,日やけ止め及び日やけ用化粧品,出荷その他,kg,92061.0,2020
2020,7,日やけ止め及び日やけ用化粧品,出荷その他,kg,36235.0,2020
2020,8,日やけ止め及び日やけ用化粧品,出荷その他,kg,31742.0,2020
2020,9,日やけ止め及び日やけ用化粧品,出荷その他,kg,19355.0,2020
2020,10,日やけ止め及び日やけ用化粧品,出荷その他,kg,20238.0,2020
2020,11,日やけ止め及び日やけ用化粧品,出荷その他,kg,58237.0,2020
2020,12,日やけ止め及び日やけ用化粧品,出荷その他,kg,162971.0,2020
2021,0,日やけ止め及び日やけ用化粧品,出荷その他,kg,428693.0,2023
2021,1,日やけ止め及び日やけ用化粧品,出荷その他,kg,79412.0,2021
2021,2,日やけ止め及び日やけ用化粧品,出荷その他,kg,65620.0,2021
2021,3,日やけ止め及び日やけ用化粧品,出荷その他,kg,60090.0,2021
2021,4,日やけ止め及び日やけ用化粧品,出荷その他,kg,67003.0,2021
2021,5,日やけ止め及び日やけ用化粧品,出荷その他,kg,37874.0,2021
2021,6,日やけ止め及び日やけ用化粧品,出荷その他,kg,20975.0,2021
2021,7,日やけ止め及び日やけ用化粧品,出荷その他,kg,7934.0,2021
2021,8,日やけ止め及び日やけ用化粧品,出荷その他,kg,4484.0,2021
2021,9,日やけ止め及び日やけ用化粧品,出荷その他,kg,26099.0,2021
2021,10,日やけ止め及び日やけ用化粧品,出荷その他,kg,15185.0,2021
2021,11,日やけ止め及び日やけ用化粧品,出荷その他,kg,76984.0,2021
2021,12,日やけ止め及び日やけ用化粧品,出荷その他,kg,107651.0,2021
2022,0,日やけ止め及び日やけ用化粧品,出荷その他,kg,578150.0,2023
2022,1,日やけ止め及び日やけ用化粧品,出荷その他,kg,90427.0,2022
2022,2,日やけ止め及び日やけ用化粧品,出荷その他,kg,20407.0,2022
2022,3,日やけ止め及び日やけ用化粧品,出荷その他,kg,39588.0,2022
2022,4,日やけ止め及び日やけ用化粧品,出荷その他,kg,61538.0,2022
2022,5,日やけ止め及び日やけ用化粧品,出荷その他,kg,32366.0,2022
2022,6,日やけ止め及び日やけ用化粧品,出荷その他,kg,123959.0,2022
2022,7,日やけ止め及び日やけ用化粧品,出荷その他,kg,22760.0,2022
2022,8,日やけ止め及び日やけ用化粧品,出荷その他,kg,9589.0,2022
2022,9,日やけ止め及び日やけ用化粧品,出荷その他,kg,14870.0,2022
2022,10,日やけ止め及び日やけ用化粧品,出荷その他,kg,28104.0,2022
2022,11,日やけ止め及び日やけ用化粧品,出荷その他,kg,30421.0,2022
2022,12,日やけ止め及び日やけ用化粧品,出荷その他,kg,104121.0,2022
2023,0,日やけ止め及び日やけ用化粧品,出荷その他,kg,284705.0,2023
2023,1,日やけ止め及び日やけ用化粧品,出荷その他,kg,6707.0,2023
2023,2,日やけ止め及び日やけ用化粧品,出荷その他,kg,12904.0,2023
2023,3,日やけ止め及び日やけ用化粧品,出荷その他,kg,21745.0,2023
2023,4,日やけ止め及び日やけ用化粧品,出荷その他,kg,22868.0,2023
2023,5,日やけ止め及び日やけ用化粧品,出荷その他,kg,29767.0,2023
2023,6,日やけ止め及び日やけ用化粧品,出荷その他,kg,90407.0,2023
2023,7,日やけ止め及び日やけ用化粧品,出荷その他,kg,6337.0,2023
2023,8,日やけ止め及び日やけ用化粧品,出荷その他,kg,15512.0,2023
2023,9,日やけ止め及び日やけ用化粧品,出荷その他,kg,13900.0,2023
2023,10,日やけ止め及び日やけ用化粧品,出荷その他,kg,45905.0,2023
2023,11,日やけ止め及び日やけ用化粧品,出荷その他,kg,10303.0,2023
2023,12,日やけ止め及び日やけ用化粧品,出荷その他,kg,8350.0,2023
2024,1,日やけ止め及び日やけ用化粧品,出荷その他,kg,163802.0,2024
2024,2,日やけ止め及び日やけ用化粧品,出荷その他,kg,254257.0,2024
2024,3,日やけ止め及び日やけ用化粧品,出荷その他,kg,24415.0,2024
2024,4,日やけ止め及び日やけ用化粧品,出荷その他,kg,144958.0,2024
2024,5,日やけ止め及び日やけ用化粧品,出荷その他,kg,7155.0,2024
2024,6,日やけ止め及び日やけ用化粧品,出荷その他,kg,46418.0,2024
2024,7,日やけ止め及び日やけ用化粧品,出荷その他,kg,7657.0,2024
2024,8,日やけ止め及び日やけ用化粧品,出荷その他,kg,2888.0,2024
2024,9,日やけ止め及び日やけ用化粧品,出荷その他,kg,9615.0,2024
2024,10,日やけ止め及び日やけ用化粧品,出荷その他,kg,4185.0,2024
2024,11,日やけ止め及び日やけ用化粧品,出荷その他,kg,7747.0,2024
2024,12,日やけ止め及び日やけ用化粧品,出荷その他,kg,7006.0,2024
2015,0,日やけ止め及び日やけ用化粧品,受入,kg,68108.0,2019
2016,0,日やけ止め及び日やけ用化粧品,受入,kg,66511.0,2020
2017,0,日やけ止め及び日やけ用化粧品,受入,kg,216537.0,2021
2018,0,日やけ止め及び日やけ用化粧品,受入,kg,369481.0,2022
2019,0,日やけ止め及び日やけ用化粧品,受入,kg,163544.0,2023
2019,1,日やけ止め及び日やけ用化粧品,受入,kg,14527.0,2019
2019,2,日やけ止め及び日やけ用化粧品,受入,kg,9306.0,2019
2019,3,日やけ止め及び日やけ用化粧品,受入,kg,10798.0,2019
2019,4,日やけ止め及び日やけ用化粧品,受入,kg,27576.0,2019
2019,5,日やけ止め及び日やけ用化粧品,受入,kg,12282.0,2019
2019,6,日やけ止め及び日やけ用化粧品,受入,kg,13624.0,2019
2019,7,日やけ止め及び日やけ用化粧品,受入,kg,13774.0,2019
2019,8,日やけ止め及び日やけ用化粧品,受入,kg,19410.0,2019
2019,9,日やけ止め及び日やけ用化粧品,受入,kg,9789.0,2019
2019,10,日やけ止め及び日やけ用化粧品,受入,kg,8732.0,2019
2019,11,日やけ止め及び日やけ用化粧品,受入,kg,5255.0,2019
2019,12,日やけ止め及び日やけ用化粧品,受入,kg,18471.0,2019
2020,0,日やけ止め及び日やけ用化粧品,受入,kg,420064.0,2023
2020,1,日やけ止め及び日やけ用化粧品,受入,kg,41904.0,2020
2020,2,日やけ止め及び日やけ用化粧品,受入,kg,25630.0,2020
2020,3,日やけ止め及び日やけ用化粧品,受入,kg,39934.0,2020
2020,4,日やけ止め及び日やけ用化粧品,受入,kg,30007.0,2020
2020,5,日やけ止め及び日やけ用化粧品,受入,kg,31245.0,2020
2020,6,日やけ止め及び日やけ用化粧品,受入,kg,77142.0,2020
2020,7,日やけ止め及び日やけ用化粧品,受入,kg,45883.0,2020
2020,8,日やけ止め及び日やけ用化粧品,受入,kg,48312.0,2020
2020,9,日やけ止め及び日やけ用化粧品,受入,kg,20307.0,2020
2020,10,日やけ止め及び日やけ用化粧品,受入,kg,22592.0,2020
2020,11,日やけ止め及び日やけ用化粧品,受入,kg,29854.0,2020
2020,12,日やけ止め及び日やけ用化粧品,受入,kg,7254.0,2020
2021,0,日やけ止め及び日やけ用化粧品,受入,kg,789144.0,2023
2021,1,日やけ止め及び日やけ用化粧品,受入,kg,119551.0,2021
2021,2,日やけ止め及び日やけ用化粧品,受入,kg,90465.0,2021
2021,3,日やけ止め及び日やけ用化粧品,受入,kg,141310.0,2021
2021,4,日やけ止め及び日やけ用化粧品,受入,kg,88104.0,2021
2021,5,日やけ止め及び日やけ用化粧品,受入,kg,51440.0,2021
2021,6,日やけ止め及び日やけ用化粧品,受入,kg,112232.0,2021
2021,7,日やけ止め及び日やけ用化粧品,受入,kg,52556.0,2021
2021,8,日やけ止め及び日やけ用化粧品,受入,kg,59701.0,2021
2021,9,日やけ止め及び日やけ用化粧品,受入,kg,41803.0,2021
2021,10,日やけ止め及び日やけ用化粧品,受入,kg,16807.0,2021
2021,11,日やけ止め及び日やけ用化粧品,受入,kg,8314.0,2021
2021,12,日やけ止め及び日やけ用化粧品,受入,kg,6861.0,2021
2022,0,日やけ止め及び日やけ用化粧品,受入,kg,506357.0,2023
2022,1,日やけ止め及び日やけ用化粧品,受入,kg,5311.0,2022
2022,2,日やけ止め及び日やけ用化粧品,受入,kg,24167.0,2022
2022,3,日やけ止め及び日やけ用化粧品,受入,kg,24967.0,2022
2022,4,日やけ止め及び日やけ用化粧品,受入,kg,53916.0,2022
2022,5,日やけ止め及び日やけ用化粧品,受入,kg,40780.0,2022
2022,6,日やけ止め及び日やけ用化粧品,受入,kg,55740.0,2022
2022,7,日やけ止め及び日やけ用化粧品,受入,kg,29882.0,2022
2022,8,日やけ止め及び日やけ用化粧品,受入,kg,27335.0,2022
2022,9,日やけ止め及び日やけ用化粧品,受入,kg,16660.0,2022
2022,10,日やけ止め及び日やけ用化粧品,受入,kg,99846.0,2022
2022,11,日やけ止め及び日やけ用化粧品,受入,kg,72328.0,2022
2022,12,日やけ止め及び日やけ用化粧品,受入,kg,55425.0,2022
2023,0,日やけ止め及び日やけ用化粧品,受入,kg,345758.0,2023
2023,1,日やけ止め及び日やけ用化粧品,受入,kg,4618.0,2023
2023,2,日やけ止め及び日やけ用化粧品,受入,kg,24060.0,2023
2023,3,日やけ止め及び日やけ用化粧品,受入,kg,145164.0,2023
2023,4,日やけ止め及び日やけ用化粧品,受入,kg,16365.0,2023
2023,5,日やけ止め及び日やけ用化粧品,受入,kg,16041.0,2023
2023,6,日やけ止め及び日やけ用化粧品,受入,kg,31270.0,2023
2023,7,日やけ止め及び日やけ用化粧品,受入,kg,10337.0,2023
2023,8,日やけ止め及び日やけ用化粧品,受入,kg,17389.0,2023
2023,9,日やけ止め及び日やけ用化粧品,受入,kg,20005.0,2023
2023,10,日やけ止め及び日やけ用化粧品,受入,kg,15758.0,2023
2023,11,日やけ止め及び日やけ用化粧品,受入,kg,30210.0,2023
2023,12,日やけ止め及び日やけ用化粧品,受入,kg,14541.0,2023
2024,1,日やけ止め及び日やけ用化粧品,受入,kg,8112.0,2024
2024,2,日やけ止め及び日やけ用化粧品,受入,kg,32084.0,2024
2024,3,日やけ止め及び日やけ用化粧品,受入,kg,28548.0,2024
2024,4,日やけ止め及び日やけ用化粧品,受入,kg,23783.0,2024
2024,5,日やけ止め及び日やけ用化粧品,受入,kg,11434.0,2024
2024,6,日やけ止め及び日やけ用化粧品,受入,kg,29819.0,2024
2024,7,日やけ止め及び日やけ用化粧品,受入,kg,15418.0,2024
2024,8,日やけ止め及び日やけ用化粧品,受入,kg,11149.0,2024
2024,9,日やけ止め及び日やけ用化粧品,受入,kg,31830.0,2024
2024,10,日やけ止め及び日やけ用化粧品,受入,kg,9790.0,2024
2024,11,日やけ止め及び日やけ用化粧品,受入,kg,32621.0,2024
2024,12,日やけ止め及び日やけ用化粧品,受入,kg,27224.0,2024
2015,0,日やけ止め及び日やけ用化粧品,月末在庫,kg,577634.0,2019
2016,0,日やけ止め及び日やけ用化粧品,月末在庫,kg,670967.0,2020
2017,0,日やけ止め及び日やけ用化粧品,月末在庫,kg,1071016.0,2021
2018,0,日やけ止め及び日やけ用化粧品,月末在庫,kg,1804932.0,2022
2019,0,日やけ止め及び日やけ用化粧品,月末在庫,kg,2822957.0,2023
2019,1,日やけ止め及び日やけ用化粧品,月末在庫,kg,2191452.0,2019
2019,2,日やけ止め及び日やけ用化粧品,月末在庫,kg,2146492.0,2019
2019,3,日やけ止め及び日やけ用化粧品,月末在庫,kg,1911485.0,2019
2019,4,日やけ止め及び日やけ用化粧品,月末在庫,kg,1930817.0,2019
2019,5,日やけ止め及び日やけ用化粧品,月末在庫,kg,2029998.0,2019
2019,6,日やけ止め及び日やけ用化粧品,月末在庫,kg,1975409.0,2019
2019,7,日やけ止め及び日やけ用化粧品,月末在庫,kg,2037250.0,2019
2019,8,日やけ止め及び日やけ用化粧品,月末在庫,kg,2021528.0,2019
2019,9,日やけ止め及び日やけ用化粧品,月末在庫,kg,2147833.0,2019
2019,10,日やけ止め及び日やけ用化粧品,月末在庫,kg,2391234.0,2019
2019,11,日やけ止め及び日やけ用化粧品,月末在庫,kg,2694238.0,2019
2019,12,日やけ止め及び日やけ用化粧品,月末在庫,kg,2822957.0,2019
2020,0,日やけ止め及び日やけ用化粧品,月末在庫,kg,2158372.0,2023
2020,1,日やけ止め及び日やけ用化粧品,月末在庫,kg,2792276.0,2020
2020,2,日やけ止め及び日やけ用化粧品,月末在庫,kg,2708142.0,2020
2020,3,日やけ止め及び日やけ用化粧品,月末在庫,kg,2327491.0,2020
2020,4,日やけ止め及び日やけ用化粧品,月末在庫,kg,2113467.0,2020
2020,5,日やけ止め及び日やけ用化粧品,月末在庫,kg,1910993.0,2020
2020,6,日やけ止め及び日やけ用化粧品,月末在庫,kg,1676306.0,2020
2020,7,日やけ止め及び日やけ用化粧品,月末在庫,kg,1798878.0,2020
2020,8,日やけ止め及び日やけ用化粧品,月末在庫,kg,1886612.0,2020
2020,9,日やけ止め及び日やけ用化粧品,月末在庫,kg,2052548.0,2020
2020,10,日やけ止め及び日やけ用化粧品,月末在庫,kg,1955326.0,2020
2020,11,日やけ止め及び日やけ用化粧品,月末在庫,kg,2015578.0,2020
2020,12,日やけ止め及び日やけ用化粧品,月末在庫,kg,2146482.0,2020
2021,0,日やけ止め及び日やけ用化粧品,月末在庫,kg,1613978.0,2023
2021,1,日やけ止め及び日やけ用化粧品,月末在庫,kg,2232434.0,2021
2021,2,日やけ止め及び日やけ用化粧品,月末在庫,kg,2045677.0,2021
2021,3,日やけ止め及び日やけ用化粧品,月末在庫,kg,1715614.0,2021
2021,4,日やけ止め及び日やけ用化粧品,月末在庫,kg,1486036.0,2021
2021,5,日やけ止め及び日やけ用化粧品,月末在庫,kg,1377012.0,2021
2021,6,日やけ止め及び日やけ用化粧品,月末在庫,kg,1198666.0,2021
2021,7,日やけ止め及び日やけ用化粧品,月末在庫,kg,1032565.0,2021
2021,8,日やけ止め及び日やけ用化粧品,月末在庫,kg,1088592.0,2021
2021,9,日やけ止め及び日やけ用化粧品,月末在庫,kg,1157204.0,2021
2021,10,日やけ止め及び日やけ用化粧品,月末在庫,kg,1483309.0,2021
2021,11,日やけ止め及び日やけ用化粧品,月末在庫,kg,1561711.0,2021
2021,12,日やけ止め及び日やけ用化粧品,月末在庫,kg,1479032.0,2021
2022,0,日やけ止め及び日やけ用化粧品,月末在庫,kg,1511395.0,2023
2022,1,日やけ止め及び日やけ用化粧品,月末在庫,kg,1897361.0,2022
2022,2,日やけ止め及び日やけ用化粧品,月末在庫,kg,1703941.0,2022
2022,3,日やけ止め及び日やけ用化粧品,月末在庫,kg,1509416.0,2022
2022,4,日やけ止め及び日やけ用化粧品,月末在庫,kg,1244150.0,2022
2022,5,日やけ止め及び日やけ用化粧品,月末在庫,kg,1064380.0,2022
2022,6,日やけ止め及び日やけ用化粧品,月末在庫,kg,914974.0,2022
2022,7,日やけ止め及び日やけ用化粧品,月末在庫,kg,920662.0,2022
2022,8,日やけ止め及び日やけ用化粧品,月末在庫,kg,923591.0,2022
2022,9,日やけ止め及び日やけ用化粧品,月末在庫,kg,1020013.0,2022
2022,10,日やけ止め及び日やけ用化粧品,月末在庫,kg,1122940.0,2022
2022,11,日やけ止め及び日やけ用化粧品,月末在庫,kg,1291868.0,2022
2022,12,日やけ止め及び日やけ用化粧品,月末在庫,kg,1511395.0,2022
2023,0,日やけ止め及び日やけ用化粧品,月末在庫,kg,1806736.0,2023
2023,1,日やけ止め及び日やけ用化粧品,月末在庫,kg,1766391.0,2023
2023,2,日やけ止め及び日やけ用化粧品,月末在庫,kg,1610780.0,2023
2023,3,日やけ止め及び日やけ用化粧品,月末在庫,kg,1445711.0,2023
2023,4,日やけ止め及び日やけ用化粧品,月末在庫,kg,1395745.0,2023
2023,5,日やけ止め及び日やけ用化粧品,月末在庫,kg,1299067.0,2023
2023,6,日やけ止め及び日やけ用化粧品,月末在庫,kg,1298179.0,2023
2023,7,日やけ止め及び日やけ用化粧品,月末在庫,kg,1158644.0,2023
2023,8,日やけ止め及び日やけ用化粧品,月末在庫,kg,971847.0,2023
2023,9,日やけ止め及び日やけ用化粧品,月末在庫,kg,1043592.0,2023
2023,10,日やけ止め及び日やけ用化粧品,月末在庫,kg,1250755.0,2023
2023,11,日やけ止め及び日やけ用化粧品,月末在庫,kg,1527508.0,2023
2023,12,日やけ止め及び日やけ用化粧品,月末在庫,kg,1806736.0,2023
2024,1,日やけ止め及び日やけ用化粧品,月末在庫,kg,1983692.0,2024
2024,2,日やけ止め及び日やけ用化粧品,月末在庫,kg,1785998.0,2024
2024,3,日やけ止め及び日やけ用化粧品,月末在庫,kg,1940209.0,2024
2024,4,日やけ止め及び日やけ用化粧品,月末在庫,kg,1617206.0,2024
2024,5,日やけ止め及び日やけ用化粧品,月末在庫,kg,1452345.0,2024
2024,6,日やけ止め及び日やけ用化粧品,月末在庫,kg,1278682.0,2024
2024,7,日やけ止め及び日やけ用化粧品,月末在庫,kg,1254407.0,2024
2024,8,日やけ止め及び日やけ用化粧品,月末在庫,kg,1175176.0,2024
2024,9,日やけ止め及び日やけ用化粧品,月末在庫,kg,1316639.0,2024
2024,10,日やけ止め及び日やけ用化粧品,月末在庫,kg,1428202.0,2024
2024,11,日やけ止め及び日やけ用化粧品,月末在庫,kg,1593060.0,2024
2024,12,日やけ止め及び日やけ用化粧品,月末在庫,kg,1763902.0,2024
2015,0,日やけ止め及び日やけ用化粧品,生産,kg,5099854.0,2019
2016,0,日やけ止め及び日やけ用化粧品,生産,kg,5991866.0,2020
2017,0,日やけ止め及び日やけ用化粧品,生産,kg,6661189.0,2021
2018,0,日やけ止め及び日やけ用化粧品,生産,kg,9822513.0,2022
2019,0,日やけ止め及び日やけ用化粧品,生産,kg,11264516.0,2023
2019,1,日やけ止め及び日やけ用化粧品,生産,kg,1304249.0,2019
2019,2,日やけ止め及び日やけ用化粧品,生産,kg,1370132.0,2019
2019,3,日やけ止め及び日やけ用化粧品,生産,kg,1441505.0,2019
2019,4,日やけ止め及び日やけ用化粧品,生産,kg,1150328.0,2019
2019,5,日やけ止め及び日やけ用化粧品,生産,kg,1049148.0,2019
2019,6,日やけ止め及び日やけ用化粧品,生産,kg,681310.0,2019
2019,7,日やけ止め及び日やけ用化粧品,生産,kg,551131.0,2019
2019,8,日やけ止め及び日やけ用化粧品,生産,kg,327610.0,2019
2019,9,日やけ止め及び日やけ用化粧品,生産,kg,432169.0,2019
2019,10,日やけ止め及び日やけ用化粧品,生産,kg,837681.0,2019
2019,11,日やけ止め及び日やけ用化粧品,生産,kg,1051453.0,2019
2019,12,日やけ止め及び日やけ用化粧品,生産,kg,1067800.0,2019
2020,0,日やけ止め及び日やけ用化粧品,生産,kg,7429932.0,2023
2020,1,日やけ止め及び日やけ用化粧品,生産,kg,946788.0,2020
2020,2,日やけ止め及び日やけ用化粧品,生産,kg,1084771.0,2020
2020,3,日やけ止め及び日やけ用化粧品,生産,kg,1024364.0,2020
2020,4,日やけ止め及び日やけ用化粧品,生産,kg,611443.0,2020
2020,5,日やけ止め及び日やけ用化粧品,生産,kg,451025.0,2020
2020,6,日やけ止め及び日やけ用化粧品,生産,kg,453425.0,2020
2020,7,日やけ止め及び日やけ用化粧品,生産,kg,495999.0,2020
2020,8,日やけ止め及び日やけ用化粧品,生産,kg,435995.0,2020
2020,9,日やけ止め及び日やけ用化粧品,生産,kg,427475.0,2020
2020,10,日やけ止め及び日やけ用化粧品,生産,kg,350670.0,2020
2020,11,日やけ止め及び日やけ用化粧品,生産,kg,581791.0,2020
2020,12,日やけ止め及び日やけ用化粧品,生産,kg,608779.0,2020
2021,0,日やけ止め及び日やけ用化粧品,生産,kg,6095917.0,2023
2021,1,日やけ止め及び日やけ用化粧品,生産,kg,457988.0,2021
2021,2,日やけ止め及び日やけ用化粧品,生産,kg,518596.0,2021
2021,3,日やけ止め及び日やけ用化粧品,生産,kg,468816.0,2021
2021,4,日やけ止め及び日やけ用化粧品,生産,kg,546745.0,2021
2021,5,日やけ止め及び日やけ用化粧品,生産,kg,441221.0,2021
2021,6,日やけ止め及び日やけ用化粧品,生産,kg,487236.0,2021
2021,7,日やけ止め及び日やけ用化粧品,生産,kg,441582.0,2021
2021,8,日やけ止め及び日やけ用化粧品,生産,kg,374285.0,2021
2021,9,日やけ止め及び日やけ用化粧品,生産,kg,326011.0,2021
2021,10,日やけ止め及び日やけ用化粧品,生産,kg,563825.0,2021
2021,11,日やけ止め及び日やけ用化粧品,生産,kg,610788.0,2021
2021,12,日やけ止め及び日やけ用化粧品,生産,kg,789805.0,2021
2022,0,日やけ止め及び日やけ用化粧品,生産,kg,7955372.0,2023
2022,1,日やけ止め及び日やけ用化粧品,生産,kg,937923.0,2022
2022,2,日やけ止め及び日やけ用化粧品,生産,kg,930776.0,2022
2022,3,日やけ止め及び日やけ用化粧品,生産,kg,1094177.0,2022
2022,4,日やけ止め及び日やけ用化粧品,生産,kg,696648.0,2022
2022,5,日やけ止め及び日やけ用化粧品,生産,kg,485210.0,2022
2022,6,日やけ止め及び日やけ用化粧品,生産,kg,602345.0,2022
2022,7,日やけ止め及び日やけ用化粧品,生産,kg,614743.0,2022
2022,8,日やけ止め及び日やけ用化粧品,生産,kg,371336.0,2022
2022,9,日やけ止め及び日やけ用化粧品,生産,kg,382994.0,2022
2022,10,日やけ止め及び日やけ用化粧品,生産,kg,363841.0,2022
2022,11,日やけ止め及び日やけ用化粧品,生産,kg,597747.0,2022
2022,12,日やけ止め及び日やけ用化粧品,生産,kg,877632.0,2022
2023,0,日やけ止め及び日やけ用化粧品,生産,kg,9858714.0,2023
2023,1,日やけ止め及び日やけ用化粧品,生産,kg,972982.0,2023
2023,2,日やけ止め及び日やけ用化粧品,生産,kg,1133273.0,2023
2023,3,日やけ止め及び日やけ用化粧品,生産,kg,1078602.0,2023
2023,4,日やけ止め及び日やけ用化粧品,生産,kg,968549.0,2023
2023,5,日やけ止め及び日やけ用化粧品,生産,kg,766855.0,2023
2023,6,日やけ止め及び日やけ用化粧品,生産,kg,773035.0,2023
2023,7,日やけ止め及び日やけ用化粧品,生産,kg,566471.0,2023
2023,8,日やけ止め及び日やけ用化粧品,生産,kg,375910.0,2023
2023,9,日やけ止め及び日やけ用化粧品,生産,kg,480129.0,2023
2023,10,日やけ止め及び日やけ用化粧品,生産,kg,628389.0,2023
2023,11,日やけ止め及び日やけ用化粧品,生産,kg,1009052.0,2023
2023,12,日やけ止め及び日やけ用化粧品,生産,kg,1105467.0,2023
2024,1,日やけ止め及び日やけ用化粧品,生産,kg,1339899.0,2024
2024,2,日やけ止め及び日やけ用化粧品,生産,kg,1265486.0,2024
2024,3,日やけ止め及び日やけ用化粧品,生産,kg,1452560.0,2024
2024,4,日やけ止め及び日やけ用化粧品,生産,kg,985741.0,2024
2024,5,日やけ止め及び日やけ用化粧品,生産,kg,833257.0,2024
2024,6,日やけ止め及び日やけ用化粧品,生産,kg,647707.0,2024
2024,7,日やけ止め及び日やけ用化粧品,生産,kg,776767.0,2024
2024,8,日やけ止め及び日やけ用化粧品,生産,kg,502161.0,2024
2024,9,日やけ止め及び日やけ用化粧品,生産,kg,525071.0,2024
2024,10,日やけ止め及び日やけ用化粧品,生産,kg,617468.0,2024
2024,11,日やけ止め及び日やけ用化粧品,生産,kg,748347.0,2024
2024,12,日やけ止め及び日やけ用化粧品,生産,kg,925081.0,2024
2015,0,日やけ止め及び日やけ用化粧品,販売個数,十個,8339068.0,2019
2016,0,日やけ止め及び日やけ用化粧品,販売個数,十個,9121365.0,2020
2017,0,日やけ止め及び日やけ用化粧品,販売個数,十個,10096126.0,2021
2018,0,日やけ止め及び日やけ用化粧品,販売個数,十個,13961735.0,2022
2019,0,日やけ止め及び日やけ用化粧品,販売個数,十個,14971193.0,2023
2019,1,日やけ止め及び日やけ用化粧品,販売個数,十個,1184426.0,2019
2019,2,日やけ止め及び日やけ用化粧品,販売個数,十個,1966808.0,2019
2019,3,日やけ止め及び日やけ用化粧品,販売個数,十個,2469876.0,2019
2019,4,日やけ止め及び日やけ用化粧品,販売個数,十個,1720048.0,2019
2019,5,日やけ止め及び日やけ用化粧品,販売個数,十個,1395275.0,2019
2019,6,日やけ止め及び日やけ用化粧品,販売個数,十個,1137847.0,2019
2019,7,日やけ止め及び日やけ用化粧品,販売個数,十個,796341.0,2019
2019,8,日やけ止め及び日やけ用化粧品,販売個数,十個,618735.0,2019
2019,9,日やけ止め及び日やけ用化粧品,販売個数,十個,478705.0,2019
2019,10,日やけ止め及び日やけ用化粧品,販売個数,十個,784316.0,2019
2019,11,日やけ止め及び日やけ用化粧品,販売個数,十個,1080390.0,2019
2019,12,日やけ止め及び日やけ用化粧品,販売個数,十個,1338426.0,2019
2020,0,日やけ止め及び日やけ用化粧品,販売個数,十個,11896370.0,2023
2020,1,日やけ止め及び日やけ用化粧品,販売個数,十個,1232913.0,2020
2020,2,日やけ止め及び日やけ用化粧品,販売個数,十個,1741952.0,2020
2020,3,日やけ止め及び日やけ用化粧品,販売個数,十個,1905290.0,2020
2020,4,日やけ止め及び日やけ用化粧品,販売個数,十個,1308525.0,2020
2020,5,日やけ止め及び日やけ用化粧品,販売個数,十個,1024948.0,2020
2020,6,日やけ止め及び日やけ用化粧品,販売個数,十個,973674.0,2020
2020,7,日やけ止め及び日やけ用化粧品,販売個数,十個,627050.0,2020
2020,8,日やけ止め及び日やけ用化粧品,販売個数,十個,565777.0,2020
2020,9,日やけ止め及び日やけ用化粧品,販売個数,十個,431958.0,2020
2020,10,日やけ止め及び日やけ用化粧品,販売個数,十個,707956.0,2020
2020,11,日やけ止め及び日やけ用化粧品,販売個数,十個,750416.0,2020
2020,12,日やけ止め及び日やけ用化粧品,販売個数,十個,584221.0,2020
2021,0,日やけ止め及び日やけ用化粧品,販売個数,十個,10746324.0,2023
2021,1,日やけ止め及び日やけ用化粧品,販売個数,十個,735139.0,2021
2021,2,日やけ止め及び日やけ用化粧品,販売個数,十個,1157310.0,2021
2021,3,日やけ止め及び日やけ用化粧品,販売個数,十個,1284654.0,2021
2021,4,日やけ止め及び日やけ用化粧品,販売個数,十個,1227387.0,2021
2021,5,日やけ止め及び日やけ用化粧品,販売個数,十個,875925.0,2021
2021,6,日やけ止め及び日やけ用化粧品,販売個数,十個,1098995.0,2021
2021,7,日やけ止め及び日やけ用化粧品,販売個数,十個,949081.0,2021
2021,8,日やけ止め及び日やけ用化粧品,販売個数,十個,554368.0,2021
2021,9,日やけ止め及び日やけ用化粧品,販売個数,十個,461953.0,2021
2021,10,日やけ止め及び日やけ用化粧品,販売個数,十個,464891.0,2021
2021,11,日やけ止め及び日やけ用化粧品,販売個数,十個,698521.0,2021
2021,12,日やけ止め及び日やけ用化粧品,販売個数,十個,1124387.0,2021
2022,0,日やけ止め及び日やけ用化粧品,販売個数,十個,11895375.0,2023
2022,1,日やけ止め及び日やけ用化粧品,販売個数,十個,865364.0,2022
2022,2,日やけ止め及び日やけ用化粧品,販売個数,十個,1587113.0,2022
2022,3,日やけ止め及び日やけ用化粧品,販売個数,十個,1671517.0,2022
2022,4,日やけ止め及び日やけ用化粧品,販売個数,十個,1421689.0,2022
2022,5,日やけ止め及び日やけ用化粧品,販売個数,十個,1000767.0,2022
2022,6,日やけ止め及び日やけ用化粧品,販売個数,十個,986268.0,2022
2022,7,日やけ止め及び日やけ用化粧品,販売個数,十個,951413.0,2022
2022,8,日やけ止め及び日やけ用化粧品,販売個数,十個,615071.0,2022
2022,9,日やけ止め及び日やけ用化粧品,販売個数,十個,551007.0,2022
2022,10,日やけ止め及び日やけ用化粧品,販売個数,十個,555286.0,2022
2022,11,日やけ止め及び日やけ用化粧品,販売個数,十個,726436.0,2022
2022,12,日やけ止め及び日やけ用化粧品,販売個数,十個,963444.0,2022
2023,0,日やけ止め及び日やけ用化粧品,販売個数,十個,13675012.0,2023
2023,1,日やけ止め及び日やけ用化粧品,販売個数,十個,1091884.0,2023
2023,2,日やけ止め及び日やけ用化粧品,販売個数,十個,1815079.0,2023
2023,3,日やけ止め及び日やけ用化粧品,販売個数,十個,1890935.0,2023
2023,4,日やけ止め及び日やけ用化粧品,販売個数,十個,1543636.0,2023
2023,5,日やけ止め及び日やけ用化粧品,販売個数,十個,1258547.0,2023
2023,6,日やけ止め及び日やけ用化粧品,販売個数,十個,1027953.0,2023
2023,7,日やけ止め及び日やけ用化粧品,販売個数,十個,1070032.0,2023
2023,8,日やけ止め及び日やけ用化粧品,販売個数,十個,792820.0,2023
2023,9,日やけ止め及び日やけ用化粧品,販売個数,十個,571015.0,2023
2023,10,日やけ止め及び日やけ用化粧品,販売個数,十個,530959.0,2023
2023,11,日やけ止め及び日やけ用化粧品,販売個数,十個,1047228.0,2023
2023,12,日やけ止め及び日やけ用化粧品,販売個数,十個,1034924.0,2023
2024,1,日やけ止め及び日やけ用化粧品,販売個数,十個,1417385.0,2024
2024,2,日やけ止め及び日やけ用化粧品,販売個数,十個,1674213.0,2024
2024,3,日やけ止め及び日やけ用化粧品,販売個数,十個,1811768.0,2024
2024,4,日やけ止め及び日やけ用化粧品,販売個数,十個,1718294.0,2024
2024,5,日やけ止め及び日やけ用化粧品,販売個数,十個,1444709.0,2024
2024,6,日やけ止め及び日やけ用化粧品,販売個数,十個,1191158.0,2024
2024,7,日やけ止め及び日やけ用化粧品,販売個数,十個,1150889.0,2024
2024,8,日やけ止め及び日やけ用化粧品,販売個数,十個,837317.0,2024
2024,9,日やけ止め及び日やけ用化粧品,販売個数,十個,569737.0,2024
2024,10,日やけ止め及び日やけ用化粧品,販売個数,十個,667364.0,2024
2024,11,日やけ止め及び日やけ用化粧品,販売個数,十個,794325.0,2024
2024,12,日やけ止め及び日やけ用化粧品,販売個数,十個,905664.0,2024
2015,0,日やけ止め及び日やけ用化粧品,販売数量,kg,4727815.0,2019
2016,0,日やけ止め及び日やけ用化粧品,販売数量,kg,5463335.0,2020
2017,0,日やけ止め及び日やけ用化粧品,販売数量,kg,5825862.0,2021
2018,0,日やけ止め及び日やけ用化粧品,販売数量,kg,8654322.0,2022
2019,0,日やけ止め及び日やけ用化粧品,販売数量,kg,9351788.0,2023
2019,1,日やけ止め及び日やけ用化粧品,販売数量,kg,719991.0,2019
2019,2,日やけ止め及び日やけ用化粧品,販売数量,kg,1291008.0,2019
2019,3,日やけ止め及び日やけ用化粧品,販売数量,kg,1582870.0,2019
2019,4,日やけ止め及び日やけ用化粧品,販売数量,kg,1128577.0,2019
2019,5,日やけ止め及び日やけ用化粧品,販売数量,kg,893235.0,2019
2019,6,日やけ止め及び日やけ用化粧品,販売数量,kg,712110.0,2019
2019,7,日やけ止め及び日やけ用化粧品,販売数量,kg,484159.0,2019
2019,8,日やけ止め及び日やけ用化粧品,販売数量,kg,346052.0,2019
2019,9,日やけ止め及び日やけ用化粧品,販売数量,kg,266850.0,2019
2019,10,日やけ止め及び日やけ用化粧品,販売数量,kg,498400.0,2019
2019,11,日やけ止め及び日やけ用化粧品,販売数量,kg,635752.0,2019
2019,12,日やけ止め及び日やけ用化粧品,販売数量,kg,792784.0,2019
2020,0,日やけ止め及び日やけ用化粧品,販売数量,kg,7434513.0,2023
2020,1,日やけ止め及び日やけ用化粧品,販売数量,kg,751625.0,2020
2020,2,日やけ止め及び日やけ用化粧品,販売数量,kg,1014340.0,2020
2020,3,日やけ止め及び日やけ用化粧品,販売数量,kg,1311922.0,2020
2020,4,日やけ止め及び日やけ用化粧品,販売数量,kg,785095.0,2020
2020,5,日やけ止め及び日やけ用化粧品,販売数量,kg,645685.0,2020
2020,6,日やけ止め及び日やけ用化粧品,販売数量,kg,677383.0,2020
2020,7,日やけ止め及び日やけ用化粧品,販売数量,kg,381847.0,2020
2020,8,日やけ止め及び日やけ用化粧品,販売数量,kg,357091.0,2020
2020,9,日やけ止め及び日やけ用化粧品,販売数量,kg,253582.0,2020
2020,10,日やけ止め及び日やけ用化粧品,販売数量,kg,449393.0,2020
2020,11,日やけ止め及び日やけ用化粧品,販売数量,kg,481541.0,2020
2020,12,日やけ止め及び日やけ用化粧品,販売数量,kg,305093.0,2020
2021,0,日やけ止め及び日やけ用化粧品,販売数量,kg,6917652.0,2023
2021,1,日やけ止め及び日やけ用化粧品,販売数量,kg,406725.0,2021
2021,2,日やけ止め及び日やけ用化粧品,販売数量,kg,725261.0,2021
2021,3,日やけ止め及び日やけ用化粧品,販売数量,kg,861002.0,2021
2021,4,日やけ止め及び日やけ用化粧品,販売数量,kg,795529.0,2021
2021,5,日やけ止め及び日やけ用化粧品,販売数量,kg,557800.0,2021
2021,6,日やけ止め及び日やけ用化粧品,販売数量,kg,752163.0,2021
2021,7,日やけ止め及び日やけ用化粧品,販売数量,kg,651549.0,2021
2021,8,日やけ止め及び日やけ用化粧品,販売数量,kg,369753.0,2021
2021,9,日やけ止め及び日やけ用化粧品,販売数量,kg,267186.0,2021
2021,10,日やけ止め及び日やけ用化粧品,販売数量,kg,238677.0,2021
2021,11,日やけ止め及び日やけ用化粧品,販売数量,kg,460229.0,2021
2021,12,日やけ止め及び日やけ用化粧品,販売数量,kg,745197.0,2021
2022,0,日やけ止め及び日やけ用化粧品,販売数量,kg,7874533.0,2023
2022,1,日やけ止め及び日やけ用化粧品,販売数量,kg,577327.0,2022
2022,2,日やけ止め及び日やけ用化粧品,販売数量,kg,1120854.0,2022
2022,3,日やけ止め及び日やけ用化粧品,販売数量,kg,1185909.0,2022
2022,4,日やけ止め及び日やけ用化粧品,販売数量,kg,950545.0,2022
2022,5,日やけ止め及び日やけ用化粧品,販売数量,kg,668023.0,2022
2022,6,日やけ止め及び日やけ用化粧品,販売数量,kg,672707.0,2022
2022,7,日やけ止め及び日やけ用化粧品,販売数量,kg,623269.0,2022
2022,8,日やけ止め及び日やけ用化粧品,販売数量,kg,385060.0,2022
2022,9,日やけ止め及び日やけ用化粧品,販売数量,kg,286224.0,2022
2022,10,日やけ止め及び日やけ用化粧品,販売数量,kg,330554.0,2022
2022,11,日やけ止め及び日やけ用化粧品,販売数量,kg,466874.0,2022
2022,12,日やけ止め及び日やけ用化粧品,販売数量,kg,607187.0,2022
2023,0,日やけ止め及び日やけ用化粧品,販売数量,kg,9073290.0,2023
2023,1,日やけ止め及び日やけ用化粧品,販売数量,kg,649300.0,2023
2023,2,日やけ止め及び日やけ用化粧品,販売数量,kg,1283523.0,2023
2023,3,日やけ止め及び日やけ用化粧品,販売数量,kg,1355996.0,2023
2023,4,日やけ止め及び日やけ用化粧品,販売数量,kg,1012201.0,2023
2023,5,日やけ止め及び日やけ用化粧品,販売数量,kg,812106.0,2023
2023,6,日やけ止め及び日やけ用化粧品,販売数量,kg,672994.0,2023
2023,7,日やけ止め及び日やけ用化粧品,販売数量,kg,675601.0,2023
2023,8,日やけ止め及び日やけ用化粧品,販売数量,kg,530865.0,2023
2023,9,日やけ止め及び日やけ用化粧品,販売数量,kg,378790.0,2023
2023,10,日やけ止め及び日やけ用化粧品,販売数量,kg,344659.0,2023
2023,11,日やけ止め及び日やけ用化粧品,販売数量,kg,654428.0,2023
2023,12,日やけ止め及び日やけ用化粧品,販売数量,kg,702827.0,2023
2024,1,日やけ止め及び日やけ用化粧品,販売数量,kg,919961.0,2024
2024,2,日やけ止め及び日やけ用化粧品,販売数量,kg,1194249.0,2024
2024,3,日やけ止め及び日やけ用化粧品,販売数量,kg,1274611.0,2024
2024,4,日やけ止め及び日やけ用化粧品,販売数量,kg,1171010.0,2024
2024,5,日やけ止め及び日やけ用化粧品,販売数量,kg,965636.0,2024
2024,6,日やけ止め及び日やけ用化粧品,販売数量,kg,770325.0,2024
2024,7,日やけ止め及び日やけ用化粧品,販売数量,kg,770945.0,2024
2024,8,日やけ止め及び日やけ用化粧品,販売数量,kg,549154.0,2024
2024,9,日やけ止め及び日やけ用化粧品,販売数量,kg,367849.0,2024
2024,10,日やけ止め及び日やけ用化粧品,販売数量,kg,461703.0,2024
2024,11,日やけ止め及び日やけ用化粧品,販売数量,kg,535452.0,2024
2024,12,日やけ止め及び日やけ用化粧品,販売数量,kg,598707.0,2024
2015,0,日やけ止め及び日やけ用化粧品,販売金額,千円,50112232.0,2019
2016,0,日やけ止め及び日やけ用化粧品,販売金額,千円,50827082.0,2020
2017,0,日やけ止め及び日やけ用化粧品,販売金額,千円,56198637.0,2021
2018,0,日やけ止め及び日やけ用化粧品,販売金額,千円,61185492.0,2022
2019,0,日やけ止め及び日やけ用化粧品,販売金額,千円,67055556.0,2023
2019,1,日やけ止め及び日やけ用化粧品,販売金額,千円,3969108.0,2019
2019,2,日やけ止め及び日やけ用化粧品,販売金額,千円,9706036.0,2019
2019,3,日やけ止め及び日やけ用化粧品,販売金額,千円,11472664.0,2019
2019,4,日やけ止め及び日やけ用化粧品,販売金額,千円,8901388.0,2019
2019,5,日やけ止め及び日やけ用化粧品,販売金額,千円,7115549.0,2019
2019,6,日やけ止め及び日やけ用化粧品,販売金額,千円,5978169.0,2019
2019,7,日やけ止め及び日やけ用化粧品,販売金額,千円,4124307.0,2019
2019,8,日やけ止め及び日やけ用化粧品,販売金額,千円,3663765.0,2019
2019,9,日やけ止め及び日やけ用化粧品,販売金額,千円,2176386.0,2019
2019,10,日やけ止め及び日やけ用化粧品,販売金額,千円,2323452.0,2019
2019,11,日やけ止め及び日やけ用化粧品,販売金額,千円,3126153.0,2019
2019,12,日やけ止め及び日やけ用化粧品,販売金額,千円,4498579.0,2019
2020,0,日やけ止め及び日やけ用化粧品,販売金額,千円,53513415.0,2023
2020,1,日やけ止め及び日やけ用化粧品,販売金額,千円,4085816.0,2020
2020,2,日やけ止め及び日やけ用化粧品,販売金額,千円,8049245.0,2020
2020,3,日やけ止め及び日やけ用化粧品,販売金額,千円,9147546.0,2020
2020,4,日やけ止め及び日やけ用化粧品,販売金額,千円,5501552.0,2020
2020,5,日やけ止め及び日やけ用化粧品,販売金額,千円,4966059.0,2020
2020,6,日やけ止め及び日やけ用化粧品,販売金額,千円,5449889.0,2020
2020,7,日やけ止め及び日やけ用化粧品,販売金額,千円,3754609.0,2020
2020,8,日やけ止め及び日やけ用化粧品,販売金額,千円,3463307.0,2020
2020,9,日やけ止め及び日やけ用化粧品,販売金額,千円,2025671.0,2020
2020,10,日やけ止め及び日やけ用化粧品,販売金額,千円,1965831.0,2020
2020,11,日やけ止め及び日やけ用化粧品,販売金額,千円,2320877.0,2020
2020,12,日やけ止め及び日やけ用化粧品,販売金額,千円,3095582.0,2020
2021,0,日やけ止め及び日やけ用化粧品,販売金額,千円,50642284.0,2023
2021,1,日やけ止め及び日やけ用化粧品,販売金額,千円,2682080.0,2021
2021,2,日やけ止め及び日やけ用化粧品,販売金額,千円,5935980.0,2021
2021,3,日やけ止め及び日やけ用化粧品,販売金額,千円,6915469.0,2021
2021,4,日やけ止め及び日やけ用化粧品,販売金額,千円,6422516.0,2021
2021,5,日やけ止め及び日やけ用化粧品,販売金額,千円,4910982.0,2021
2021,6,日やけ止め及び日やけ用化粧品,販売金額,千円,5629748.0,2021
2021,7,日やけ止め及び日やけ用化粧品,販売金額,千円,4303911.0,2021
2021,8,日やけ止め及び日やけ用化粧品,販売金額,千円,2870354.0,2021
2021,9,日やけ止め及び日やけ用化粧品,販売金額,千円,2135032.0,2021
2021,10,日やけ止め及び日やけ用化粧品,販売金額,千円,2007544.0,2021
2021,11,日やけ止め及び日やけ用化粧品,販売金額,千円,2465053.0,2021
2021,12,日やけ止め及び日やけ用化粧品,販売金額,千円,3740804.0,2021
2022,0,日やけ止め及び日やけ用化粧品,販売金額,千円,49380024.0,2023
2022,1,日やけ止め及び日やけ用化粧品,販売金額,千円,3063234.0,2022
2022,2,日やけ止め及び日やけ用化粧品,販売金額,千円,6360454.0,2022
2022,3,日やけ止め及び日やけ用化粧品,販売金額,千円,6770542.0,2022
2022,4,日やけ止め及び日やけ用化粧品,販売金額,千円,6167082.0,2022
2022,5,日やけ止め及び日やけ用化粧品,販売金額,千円,5057691.0,2022
2022,6,日やけ止め及び日やけ用化粧品,販売金額,千円,4767776.0,2022
2022,7,日やけ止め及び日やけ用化粧品,販売金額,千円,4582962.0,2022
2022,8,日やけ止め及び日やけ用化粧品,販売金額,千円,3534981.0,2022
2022,9,日やけ止め及び日やけ用化粧品,販売金額,千円,1960333.0,2022
2022,10,日やけ止め及び日やけ用化粧品,販売金額,千円,1921236.0,2022
2022,11,日やけ止め及び日やけ用化粧品,販売金額,千円,2389170.0,2022
2022,12,日やけ止め及び日やけ用化粧品,販売金額,千円,2804563.0,2022
2023,0,日やけ止め及び日やけ用化粧品,販売金額,千円,63247934.0,2023
2023,1,日やけ止め及び日やけ用化粧品,販売金額,千円,3249640.0,2023
2023,2,日やけ止め及び日やけ用化粧品,販売金額,千円,7788768.0,2023
2023,3,日やけ止め及び日やけ用化粧品,販売金額,千円,8941929.0,2023
2023,4,日やけ止め及び日やけ用化粧品,販売金額,千円,7813603.0,2023
2023,5,日やけ止め及び日やけ用化粧品,販売金額,千円,6372561.0,2023
2023,6,日やけ止め及び日やけ用化粧品,販売金額,千円,5929049.0,2023
2023,7,日やけ止め及び日やけ用化粧品,販売金額,千円,5759566.0,2023
2023,8,日やけ止め及び日やけ用化粧品,販売金額,千円,4540552.0,2023
2023,9,日やけ止め及び日やけ用化粧品,販売金額,千円,2985795.0,2023
2023,10,日やけ止め及び日やけ用化粧品,販売金額,千円,2856298.0,2023
2023,11,日やけ止め及び日やけ用化粧品,販売金額,千円,3430630.0,2023
2023,12,日やけ止め及び日やけ用化粧品,販売金額,千円,3579543.0,2023
2024,1,日やけ止め及び日やけ用化粧品,販売金額,千円,5236043.0,2024
2024,2,日やけ止め及び日やけ用化粧品,販売金額,千円,8651699.0,2024
2024,3,日やけ止め及び日やけ用化粧品,販売金額,千円,8379101.0,2024
2024,4,日やけ止め及び日やけ用化粧品,販売金額,千円,8394740.0,2024
2024,5,日やけ止め及び日やけ用化粧品,販売金額,千円,6847587.0,2024
2024,6,日やけ止め及び日やけ用化粧品,販売金額,千円,6033973.0,2024
2024,7,日やけ止め及び日やけ用化粧品,販売金額,千円,5923159.0,2024
2024,8,日やけ止め及び日やけ用化粧品,販売金額,千円,4427292.0,2024
2024,9,日やけ止め及び日やけ用化粧品,販売金額,千円,2930610.0,2024
2024,10,日やけ止め及び日やけ用化粧品,販売金額,千円,2777716.0,2024
2024,11,日やけ止め及び日やけ用化粧品,販売金額,千円,2840754.0,2024
2024,12,日やけ止め及び日やけ用化粧品,販売金額,千円,3338161.0,2024
2015,0,染毛料,出荷その他,kg,1169521.0,2019
2016,0,染毛料,出荷その他,kg,1428482.0,2020
2017,0,染毛料,出荷その他,kg,1607613.0,2021
2018,0,染毛料,出荷その他,kg,1781296.0,2022
2019,0,染毛料,出荷その他,kg,1610461.0,2023
2019,1,染毛料,出荷その他,kg,171868.0,2019
2019,2,染毛料,出荷その他,kg,111604.0,2019
2019,3,染毛料,出荷その他,kg,113520.0,2019
2019,4,染毛料,出荷その他,kg,140554.0,2019
2019,5,染毛料,出荷その他,kg,112108.0,2019
2019,6,染毛料,出荷その他,kg,122586.0,2019
2019,7,染毛料,出荷その他,kg,115721.0,2019
2019,8,染毛料,出荷その他,kg,121474.0,2019
2019,9,染毛料,出荷その他,kg,159682.0,2019
2019,10,染毛料,出荷その他,kg,150207.0,2019
2019,11,染毛料,出荷その他,kg,143258.0,2019
2019,12,染毛料,出荷その他,kg,147879.0,2019
2020,0,染毛料,出荷その他,kg,1331225.0,2023
2020,1,染毛料,出荷その他,kg,136740.0,2020
2020,2,染毛料,出荷その他,kg,112079.0,2020
2020,3,染毛料,出荷その他,kg,151916.0,2020
2020,4,染毛料,出荷その他,kg,106994.0,2020
2020,5,染毛料,出荷その他,kg,82891.0,2020
2020,6,染毛料,出荷その他,kg,96181.0,2020
2020,7,染毛料,出荷その他,kg,89756.0,2020
2020,8,染毛料,出荷その他,kg,90824.0,2020
2020,9,染毛料,出荷その他,kg,106734.0,2020
2020,10,染毛料,出荷その他,kg,89417.0,2020
2020,11,染毛料,出荷その他,kg,155228.0,2020
2020,12,染毛料,出荷その他,kg,112467.0,2020
2021,0,染毛料,出荷その他,kg,1166473.0,2023
2021,1,染毛料,出荷その他,kg,91161.0,2021
2021,2,染毛料,出荷その他,kg,70554.0,2021
2021,3,染毛料,出荷その他,kg,115960.0,2021
2021,4,染毛料,出荷その他,kg,139883.0,2021
2021,5,染毛料,出荷その他,kg,87371.0,2021
2021,6,染毛料,出荷その他,kg,98934.0,2021
2021,7,染毛料,出荷その他,kg,90717.0,2021
2021,8,染毛料,出荷その他,kg,45517.0,2021
2021,9,染毛料,出荷その他,kg,97674.0,2021
2021,10,染毛料,出荷その他,kg,136226.0,2021
2021,11,染毛料,出荷その他,kg,80039.0,2021
2021,12,染毛料,出荷その他,kg,111939.0,2021
2022,0,染毛料,出荷その他,kg,1403000.0,2023
2022,1,染毛料,出荷その他,kg,123879.0,2022
2022,2,染毛料,出荷その他,kg,68186.0,2022
2022,3,染毛料,出荷その他,kg,127989.0,2022
2022,4,染毛料,出荷その他,kg,92333.0,2022
2022,5,染毛料,出荷その他,kg,120668.0,2022
2022,6,染毛料,出荷その他,kg,75603.0,2022
2022,7,染毛料,出荷その他,kg,473233.0,2022
2022,8,染毛料,出荷その他,kg,77405.0,2022
2022,9,染毛料,出荷その他,kg,47574.0,2022
2022,10,染毛料,出荷その他,kg,73088.0,2022
2022,11,染毛料,出荷その他,kg,62746.0,2022
2022,12,染毛料,出荷その他,kg,60296.0,2022
2023,0,染毛料,出荷その他,kg,526141.0,2023
2023,1,染毛料,出荷その他,kg,58597.0,2023
2023,2,染毛料,出荷その他,kg,62296.0,2023
2023,3,染毛料,出荷その他,kg,33781.0,2023
2023,4,染毛料,出荷その他,kg,33324.0,2023
2023,5,染毛料,出荷その他,kg,31075.0,2023
2023,6,染毛料,出荷その他,kg,38071.0,2023
2023,7,染毛料,出荷その他,kg,40472.0,2023
2023,8,染毛料,出荷その他,kg,38689.0,2023
2023,9,染毛料,出荷その他,kg,62826.0,2023
2023,10,染毛料,出荷その他,kg,50307.0,2023
2023,11,染毛料,出荷その他,kg,37501.0,2023
2023,12,染毛料,出荷その他,kg,39202.0,2023
2024,1,染毛料,出荷その他,kg,25718.0,2024
2024,2,染毛料,出荷その他,kg,31819.0,2024
2024,3,染毛料,出荷その他,kg,47056.0,2024
2024,4,染毛料,出荷その他,kg,54903.0,2024
2024,5,染毛料,出荷その他,kg,40178.0,2024
2024,6,染毛料,出荷その他,kg,62582.0,2024
2024,7,染毛料,出荷その他,kg,38650.0,2024
2024,8,染毛料,出荷その他,kg,38637.0,2024
2024,9,染毛料,出荷その他,kg,24138.0,2024
2024,10,染毛料,出荷その他,kg,64642.0,2024
2024,11,染毛料,出荷その他,kg,44732.0,2024
2024,12,染毛料,出荷その他,kg,37030.0,2024
2015,0,染毛料,受入,kg,1950351.0,2019
2016,0,染毛料,受入,kg,2001161.0,2020
2017,0,染毛料,受入,kg,2435462.0,2021
2018,0,染毛料,受入,kg,2395492.0,2022
2019,0,染毛料,受入,kg,1270185.0,2023
2019,1,染毛料,受入,kg,178021.0,2019
2019,2,染毛料,受入,kg,190664.0,2019
2019,3,染毛料,受入,kg,126047.0,2019
2019,4,染毛料,受入,kg,110957.0,2019
2019,5,染毛料,受入,kg,81748.0,2019
2019,6,染毛料,受入,kg,76611.0,2019
2019,7,染毛料,受入,kg,82315.0,2019
2019,8,染毛料,受入,kg,94211.0,2019
2019,9,染毛料,受入,kg,78616.0,2019
2019,10,染毛料,受入,kg,61103.0,2019
2019,11,染毛料,受入,kg,81152.0,2019
2019,12,染毛料,受入,kg,108740.0,2019
2020,0,染毛料,受入,kg,838059.0,2023
2020,1,染毛料,受入,kg,92683.0,2020
2020,2,染毛料,受入,kg,49405.0,2020
2020,3,染毛料,受入,kg,115655.0,2020
2020,4,染毛料,受入,kg,118534.0,2020
2020,5,染毛料,受入,kg,53355.0,2020
2020,6,染毛料,受入,kg,36176.0,2020
2020,7,染毛料,受入,kg,66673.0,2020
2020,8,染毛料,受入,kg,47118.0,2020
2020,9,染毛料,受入,kg,69293.0,2020
2020,10,染毛料,受入,kg,74266.0,2020
2020,11,染毛料,受入,kg,65146.0,2020
2020,12,染毛料,受入,kg,66603.0,2020
2021,0,染毛料,受入,kg,696370.0,2023
2021,1,染毛料,受入,kg,65198.0,2021
2021,2,染毛料,受入,kg,53661.0,2021
2021,3,染毛料,受入,kg,99762.0,2021
2021,4,染毛料,受入,kg,52932.0,2021
2021,5,染毛料,受入,kg,38416.0,2021
2021,6,染毛料,受入,kg,41848.0,2021
2021,7,染毛料,受入,kg,57468.0,2021
2021,8,染毛料,受入,kg,56088.0,2021
2021,9,染毛料,受入,kg,58486.0,2021
2021,10,染毛料,受入,kg,53705.0,2021
2021,11,染毛料,受入,kg,54931.0,2021
2021,12,染毛料,受入,kg,68735.0,2021
2022,0,染毛料,受入,kg,919935.0,2023
2022,1,染毛料,受入,kg,68185.0,2022
2022,2,染毛料,受入,kg,42222.0,2022
2022,3,染毛料,受入,kg,87085.0,2022
2022,4,染毛料,受入,kg,76470.0,2022
2022,5,染毛料,受入,kg,67070.0,2022
2022,6,染毛料,受入,kg,72737.0,2022
2022,7,染毛料,受入,kg,114806.0,2022
2022,8,染毛料,受入,kg,50469.0,2022
2022,9,染毛料,受入,kg,81324.0,2022
2022,10,染毛料,受入,kg,94142.0,2022
2022,11,染毛料,受入,kg,85916.0,2022
2022,12,染毛料,受入,kg,79509.0,2022
2023,0,染毛料,受入,kg,716459.0,2023
2023,1,染毛料,受入,kg,63358.0,2023
2023,2,染毛料,受入,kg,78085.0,2023
2023,3,染毛料,受入,kg,55138.0,2023
2023,4,染毛料,受入,kg,27310.0,2023
2023,5,染毛料,受入,kg,41029.0,2023
2023,6,染毛料,受入,kg,45225.0,2023
2023,7,染毛料,受入,kg,63961.0,2023
2023,8,染毛料,受入,kg,55557.0,2023
2023,9,染毛料,受入,kg,61324.0,2023
2023,10,染毛料,受入,kg,86923.0,2023
2023,11,染毛料,受入,kg,66952.0,2023
2023,12,染毛料,受入,kg,71597.0,2023
2024,1,染毛料,受入,kg,25665.0,2024
2024,2,染毛料,受入,kg,67425.0,2024
2024,3,染毛料,受入,kg,90964.0,2024
2024,4,染毛料,受入,kg,73889.0,2024
2024,5,染毛料,受入,kg,138479.0,2024
2024,6,染毛料,受入,kg,47088.0,2024
2024,7,染毛料,受入,kg,34114.0,2024
2024,8,染毛料,受入,kg,44398.0,2024
2024,9,染毛料,受入,kg,43455.0,2024
2024,10,染毛料,受入,kg,94852.0,2024
2024,11,染毛料,受入,kg,42937.0,2024
2024,12,染毛料,受入,kg,22765.0,2024
2015,0,染毛料,月末在庫,kg,5420962.0,2019
2016,0,染毛料,月末在庫,kg,4567105.0,2020
2017,0,染毛料,月末在庫,kg,5083707.0,2021
2018,0,染毛料,月末在庫,kg,5649098.0,2022
2019,0,染毛料,月末在庫,kg,6995846.0,2023
2019,1,染毛料,月末在庫,kg,5859690.0,2019
2019,2,染毛料,月末在庫,kg,6241530.0,2019
2019,3,染毛料,月末在庫,kg,6063687.0,2019
2019,4,染毛料,月末在庫,kg,5907156.0,2019
2019,5,染毛料,月末在庫,kg,6298439.0,2019
2019,6,染毛料,月末在庫,kg,6623862.0,2019
2019,7,染毛料,月末在庫,kg,6943114.0,2019
2019,8,染毛料,月末在庫,kg,6865404.0,2019
2019,9,染毛料,月末在庫,kg,6480746.0,2019
2019,10,染毛料,月末在庫,kg,6922506.0,2019
2019,11,染毛料,月末在庫,kg,7265378.0,2019
2019,12,染毛料,月末在庫,kg,6995846.0,2019
2020,0,染毛料,月末在庫,kg,6508259.0,2023
2020,1,染毛料,月末在庫,kg,7220758.0,2020
2020,2,染毛料,月末在庫,kg,7452956.0,2020
2020,3,染毛料,月末在庫,kg,7155747.0,2020
2020,4,染毛料,月末在庫,kg,7340730.0,2020
2020,5,染毛料,月末在庫,kg,7354614.0,2020
2020,6,染毛料,月末在庫,kg,7268547.0,2020
2020,7,染毛料,月末在庫,kg,7147917.0,2020
2020,8,染毛料,月末在庫,kg,6880221.0,2020
2020,9,染毛料,月末在庫,kg,6947216.0,2020
2020,10,染毛料,月末在庫,kg,7047513.0,2020
2020,11,染毛料,月末在庫,kg,6955589.0,2020
2020,12,染毛料,月末在庫,kg,6508027.0,2020
2021,0,染毛料,月末在庫,kg,6608619.0,2023
2021,1,染毛料,月末在庫,kg,6682074.0,2021
2021,2,染毛料,月末在庫,kg,6808861.0,2021
2021,3,染毛料,月末在庫,kg,6527143.0,2021
2021,4,染毛料,月末在庫,kg,6281067.0,2021
2021,5,染毛料,月末在庫,kg,6416997.0,2021
2021,6,染毛料,月末在庫,kg,6627176.0,2021
2021,7,染毛料,月末在庫,kg,6648137.0,2021
2021,8,染毛料,月末在庫,kg,6793983.0,2021
2021,9,染毛料,月末在庫,kg,6808662.0,2021
2021,10,染毛料,月末在庫,kg,7037135.0,2021
2021,11,染毛料,月末在庫,kg,7028371.0,2021
2021,12,染毛料,月末在庫,kg,6530718.0,2021
2022,0,染毛料,月末在庫,kg,6546739.0,2023
2022,1,染毛料,月末在庫,kg,6832901.0,2022
2022,2,染毛料,月末在庫,kg,7226284.0,2022
2022,3,染毛料,月末在庫,kg,7126681.0,2022
2022,4,染毛料,月末在庫,kg,6880058.0,2022
2022,5,染毛料,月末在庫,kg,6959210.0,2022
2022,6,染毛料,月末在庫,kg,7115597.0,2022
2022,7,染毛料,月末在庫,kg,6935633.0,2022
2022,8,染毛料,月末在庫,kg,6854038.0,2022
2022,9,染毛料,月末在庫,kg,6789693.0,2022
2022,10,染毛料,月末在庫,kg,6936564.0,2022
2022,11,染毛料,月末在庫,kg,7050308.0,2022
2022,12,染毛料,月末在庫,kg,6546739.0,2022
2023,0,染毛料,月末在庫,kg,6624422.0,2023
2023,1,染毛料,月末在庫,kg,7161090.0,2023
2023,2,染毛料,月末在庫,kg,7460991.0,2023
2023,3,染毛料,月末在庫,kg,7348576.0,2023
2023,4,染毛料,月末在庫,kg,7137966.0,2023
2023,5,染毛料,月末在庫,kg,6891473.0,2023
2023,6,染毛料,月末在庫,kg,7128283.0,2023
2023,7,染毛料,月末在庫,kg,7070674.0,2023
2023,8,染毛料,月末在庫,kg,7025754.0,2023
2023,9,染毛料,月末在庫,kg,7175856.0,2023
2023,10,染毛料,月末在庫,kg,7164493.0,2023
2023,11,染毛料,月末在庫,kg,7110671.0,2023
2023,12,染毛料,月末在庫,kg,6624422.0,2023
2024,1,染毛料,月末在庫,kg,6762818.0,2024
2024,2,染毛料,月末在庫,kg,6973167.0,2024
2024,3,染毛料,月末在庫,kg,6799273.0,2024
2024,4,染毛料,月末在庫,kg,6638158.0,2024
2024,5,染毛料,月末在庫,kg,6899841.0,2024
2024,6,染毛料,月末在庫,kg,6992022.0,2024
2024,7,染毛料,月末在庫,kg,6973705.0,2024
2024,8,染毛料,月末在庫,kg,6918114.0,2024
2024,9,染毛料,月末在庫,kg,6751399.0,2024
2024,10,染毛料,月末在庫,kg,7044862.0,2024
2024,11,染毛料,月末在庫,kg,7094983.0,2024
2024,12,染毛料,月末在庫,kg,6728697.0,2024
2015,0,染毛料,生産,kg,21523814.0,2019
2016,0,染毛料,生産,kg,22954311.0,2020
2017,0,染毛料,生産,kg,23765776.0,2021
2018,0,染毛料,生産,kg,24140035.0,2022
2019,0,染毛料,生産,kg,26093838.0,2023
2019,1,染毛料,生産,kg,1750675.0,2019
2019,2,染毛料,生産,kg,2127291.0,2019
2019,3,染毛料,生産,kg,2198943.0,2019
2019,4,染毛料,生産,kg,2181594.0,2019
2019,5,染毛料,生産,kg,2056655.0,2019
2019,6,染毛料,生産,kg,2247397.0,2019
2019,7,染毛料,生産,kg,2493082.0,2019
2019,8,染毛料,生産,kg,1946842.0,2019
2019,9,染毛料,生産,kg,2238434.0,2019
2019,10,染毛料,生産,kg,2377767.0,2019
2019,11,染毛料,生産,kg,2259769.0,2019
2019,12,染毛料,生産,kg,2215389.0,2019
2020,0,染毛料,生産,kg,23669911.0,2023
2020,1,染毛料,生産,kg,1830841.0,2020
2020,2,染毛料,生産,kg,2039328.0,2020
2020,3,染毛料,生産,kg,2090471.0,2020
2020,4,染毛料,生産,kg,2115528.0,2020
2020,5,染毛料,生産,kg,1632474.0,2020
2020,6,染毛料,生産,kg,1977870.0,2020
2020,7,染毛料,生産,kg,2089519.0,2020
2020,8,染毛料,生産,kg,1619247.0,2020
2020,9,染毛料,生産,kg,2209043.0,2020
2020,10,染毛料,生産,kg,2214290.0,2020
2020,11,染毛料,生産,kg,1944088.0,2020
2020,12,染毛料,生産,kg,1892780.0,2020
2021,0,染毛料,生産,kg,24729106.0,2023
2021,1,染毛料,生産,kg,1681726.0,2021
2021,2,染毛料,生産,kg,1959423.0,2021
2021,3,染毛料,生産,kg,2125871.0,2021
2021,4,染毛料,生産,kg,2104536.0,2021
2021,5,染毛料,生産,kg,1797208.0,2021
2021,6,染毛料,生産,kg,2283283.0,2021
2021,7,染毛料,生産,kg,2063262.0,2021
2021,8,染毛料,生産,kg,1892688.0,2021
2021,9,染毛料,生産,kg,2080794.0,2021
2021,10,染毛料,生産,kg,2297940.0,2021
2021,11,染毛料,生産,kg,2191014.0,2021
2021,12,染毛料,生産,kg,1978178.0,2021
2022,0,染毛料,生産,kg,26024390.0,2023
2022,1,染毛料,生産,kg,1952781.0,2022
2022,2,染毛料,生産,kg,2166499.0,2022
2022,3,染毛料,生産,kg,2473341.0,2022
2022,4,染毛料,生産,kg,2163656.0,2022
2022,5,染毛料,生産,kg,1965908.0,2022
2022,6,染毛料,生産,kg,2291092.0,2022
2022,7,染毛料,生産,kg,2126444.0,2022
2022,8,染毛料,生産,kg,2061175.0,2022
2022,9,染毛料,生産,kg,2233069.0,2022
2022,10,染毛料,生産,kg,2315174.0,2022
2022,11,染毛料,生産,kg,2161136.0,2022
2022,12,染毛料,生産,kg,2114115.0,2022
2023,0,染毛料,生産,kg,26062494.0,2023
2023,1,染毛料,生産,kg,2388790.0,2023
2023,2,染毛料,生産,kg,2103794.0,2023
2023,3,染毛料,生産,kg,2552863.0,2023
2023,4,染毛料,生産,kg,2116607.0,2023
2023,5,染毛料,生産,kg,1984638.0,2023
2023,6,染毛料,生産,kg,2379397.0,2023
2023,7,染毛料,生産,kg,2019599.0,2023
2023,8,染毛料,生産,kg,1985575.0,2023
2023,9,染毛料,生産,kg,2410739.0,2023
2023,10,染毛料,生産,kg,2174745.0,2023
2023,11,染毛料,生産,kg,1944159.0,2023
2023,12,染毛料,生産,kg,2001588.0,2023
2024,1,染毛料,生産,kg,1762855.0,2024
2024,2,染毛料,生産,kg,2060219.0,2024
2024,3,染毛料,生産,kg,2293452.0,2024
2024,4,染毛料,生産,kg,2215187.0,2024
2024,5,染毛料,生産,kg,2213606.0,2024
2024,6,染毛料,生産,kg,2191994.0,2024
2024,7,染毛料,生産,kg,2189377.0,2024
2024,8,染毛料,生産,kg,1789474.0,2024
2024,9,染毛料,生産,kg,1971313.0,2024
2024,10,染毛料,生産,kg,2657703.0,2024
2024,11,染毛料,生産,kg,2124149.0,2024
2024,12,染毛料,生産,kg,2120978.0,2024
2015,0,染毛料,販売個数,十個,24045183.0,2019
2016,0,染毛料,販売個数,十個,24178770.0,2020
2017,0,染毛料,販売個数,十個,24476190.0,2021
2018,0,染毛料,販売個数,十個,24082311.0,2022
2019,0,染毛料,販売個数,十個,24148942.0,2023
2019,1,染毛料,販売個数,十個,1534829.0,2019
2019,2,染毛料,販売個数,十個,1845426.0,2019
2019,3,染毛料,販売個数,十個,2319343.0,2019
2019,4,染毛料,販売個数,十個,2279638.0,2019
2019,5,染毛料,販売個数,十個,1661448.0,2019
2019,6,染毛料,販売個数,十個,1864819.0,2019
2019,7,染毛料,販売個数,十個,2134638.0,2019
2019,8,染毛料,販売個数,十個,1959796.0,2019
2019,9,染毛料,販売個数,十個,2489435.0,2019
2019,10,染毛料,販売個数,十個,1823862.0,2019
2019,11,染毛料,販売個数,十個,1824784.0,2019
2019,12,染毛料,販売個数,十個,2410924.0,2019
2020,0,染毛料,販売個数,十個,22692559.0,2023
2020,1,染毛料,販売個数,十個,1525353.0,2020
2020,2,染毛料,販売個数,十個,1720274.0,2020
2020,3,染毛料,販売個数,十個,2237227.0,2020
2020,4,染毛料,販売個数,十個,1840197.0,2020
2020,5,染毛料,販売個数,十個,1457848.0,2020
2020,6,染毛料,販売個数,十個,1957502.0,2020
2020,7,染毛料,販売個数,十個,2085220.0,2020
2020,8,染毛料,販売個数,十個,1755375.0,2020
2020,9,染毛料,販売個数,十個,1996319.0,2020
2020,10,染毛料,販売個数,十個,1982390.0,2020
2020,11,染毛料,販売個数,十個,1860029.0,2020
2020,12,染毛料,販売個数,十個,2290745.0,2020
2021,0,染毛料,販売個数,十個,23134726.0,2023
2021,1,染毛料,販売個数,十個,1382738.0,2021
2021,2,染毛料,販売個数,十個,1724419.0,2021
2021,3,染毛料,販売個数,十個,2275111.0,2021
2021,4,染毛料,販売個数,十個,2190897.0,2021
2021,5,染毛料,販売個数,十個,1553035.0,2021
2021,6,染毛料,販売個数,十個,1866609.0,2021
2021,7,染毛料,販売個数,十個,1929565.0,2021
2021,8,染毛料,販売個数,十個,1664378.0,2021
2021,9,染毛料,販売個数,十個,1925738.0,2021
2021,10,染毛料,販売個数,十個,1879515.0,2021
2021,11,染毛料,販売個数,十個,2135979.0,2021
2021,12,染毛料,販売個数,十個,2395487.0,2021
2022,0,染毛料,販売個数,十個,24394688.0,2023
2022,1,染毛料,販売個数,十個,1579296.0,2022
2022,2,染毛料,販売個数,十個,1691182.0,2022
2022,3,染毛料,販売個数,十個,2613874.0,2022
2022,4,染毛料,販売個数,十個,2282919.0,2022
2022,5,染毛料,販売個数,十個,1747950.0,2022
2022,6,染毛料,販売個数,十個,2024418.0,2022
2022,7,染毛料,販売個数,十個,1774113.0,2022
2022,8,染毛料,販売個数,十個,2151087.0,2022
2022,9,染毛料,販売個数,十個,1924847.0,2022
2022,10,染毛料,販売個数,十個,2064362.0,2022
2022,11,染毛料,販売個数,十個,2019837.0,2022
2022,12,染毛料,販売個数,十個,2520803.0,2022
2023,0,染毛料,販売個数,十個,25507842.0,2023
2023,1,染毛料,販売個数,十個,1686209.0,2023
2023,2,染毛料,販売個数,十個,1781035.0,2023
2023,3,染毛料,販売個数,十個,2551760.0,2023
2023,4,染毛料,販売個数,十個,2200852.0,2023
2023,5,染毛料,販売個数,十個,1798688.0,2023
2023,6,染毛料,販売個数,十個,2049381.0,2023
2023,7,染毛料,販売個数,十個,2022192.0,2023
2023,8,染毛料,販売個数,十個,2059896.0,2023
2023,9,染毛料,販売個数,十個,2365288.0,2023
2023,10,染毛料,販売個数,十個,2257771.0,2023
2023,11,染毛料,販売個数,十個,2156861.0,2023
2023,12,染毛料,販売個数,十個,2577909.0,2023
2024,1,染毛料,販売個数,十個,1665587.0,2024
2024,2,染毛料,販売個数,十個,1964223.0,2024
2024,3,染毛料,販売個数,十個,2495890.0,2024
2024,4,染毛料,販売個数,十個,2318627.0,2024
2024,5,染毛料,販売個数,十個,2016293.0,2024
2024,6,染毛料,販売個数,十個,2071800.0,2024
2024,7,染毛料,販売個数,十個,2132225.0,2024
2024,8,染毛料,販売個数,十個,1835008.0,2024
2024,9,染毛料,販売個数,十個,2116365.0,2024
2024,10,染毛料,販売個数,十個,2288668.0,2024
2024,11,染毛料,販売個数,十個,2059978.0,2024
2024,12,染毛料,販売個数,十個,2400870.0,2024
2015,0,染毛料,販売数量,kg,22510524.0,2019
2016,0,染毛料,販売数量,kg,23210908.0,2020
2017,0,染毛料,販売数量,kg,24036998.0,2021
2018,0,染毛料,販売数量,kg,24125970.0,2022
2019,0,染毛料,販売数量,kg,24389033.0,2023
2019,1,染毛料,販売数量,kg,1542907.0,2019
2019,2,染毛料,販売数量,kg,1822697.0,2019
2019,3,染毛料,販売数量,kg,2388889.0,2019
2019,4,染毛料,販売数量,kg,2300570.0,2019
2019,5,染毛料,販売数量,kg,1632368.0,2019
2019,6,染毛料,販売数量,kg,1905947.0,2019
2019,7,染毛料,販売数量,kg,2133680.0,2019
2019,8,染毛料,販売数量,kg,1994888.0,2019
2019,9,染毛料,販売数量,kg,2542321.0,2019
2019,10,染毛料,販売数量,kg,1844019.0,2019
2019,11,染毛料,販売数量,kg,1845329.0,2019
2019,12,染毛料,販売数量,kg,2435418.0,2019
2020,0,染毛料,販売数量,kg,23650027.0,2023
2020,1,染毛料,販売数量,kg,1564536.0,2020
2020,2,染毛料,販売数量,kg,1744676.0,2020
2020,3,染毛料,販売数量,kg,2363461.0,2020
2020,4,染毛料,販売数量,kg,1939968.0,2020
2020,5,染毛料,販売数量,kg,1577163.0,2020
2020,6,染毛料,販売数量,kg,2034211.0,2020
2020,7,染毛料,販売数量,kg,2181622.0,2020
2020,8,染毛料,販売数量,kg,1846759.0,2020
2020,9,染毛料,販売数量,kg,2086188.0,2020
2020,10,染毛料,販売数量,kg,2072429.0,2020
2020,11,染毛料,販売数量,kg,1940915.0,2020
2020,12,染毛料,販売数量,kg,2300745.0,2020
2021,0,染毛料,販売数量,kg,24114248.0,2023
2021,1,染毛料,販売数量,kg,1476632.0,2021
2021,2,染毛料,販売数量,kg,1810964.0,2021
2021,3,染毛料,販売数量,kg,2384826.0,2021
2021,4,染毛料,販売数量,kg,2260907.0,2021
2021,5,染毛料,販売数量,kg,1607363.0,2021
2021,6,染毛料,販売数量,kg,1999646.0,2021
2021,7,染毛料,販売数量,kg,2006632.0,2021
2021,8,染毛料,販売数量,kg,1760998.0,2021
2021,9,染毛料,販売数量,kg,2021497.0,2021
2021,10,染毛料,販売数量,kg,1985338.0,2021
2021,11,染毛料,販売数量,kg,2175640.0,2021
2021,12,染毛料,販売数量,kg,2433649.0,2021
2022,0,染毛料,販売数量,kg,25304614.0,2023
2022,1,染毛料,販売数量,kg,1627709.0,2022
2022,2,染毛料,販売数量,kg,1736817.0,2022
2022,3,染毛料,販売数量,kg,2510764.0,2022
2022,4,染毛料,販売数量,kg,2393192.0,2022
2022,5,染毛料,販売数量,kg,1823241.0,2022
2022,6,染毛料,販売数量,kg,2128468.0,2022
2022,7,染毛料,販売数量,kg,1945723.0,2022
2022,8,染毛料,販売数量,kg,2112962.0,2022
2022,9,染毛料,販売数量,kg,2141801.0,2022
2022,10,染毛料,販売数量,kg,2183588.0,2022
2022,11,染毛料,販売数量,kg,2068987.0,2022
2022,12,染毛料,販売数量,kg,2631362.0,2022
2023,0,染毛料,販売数量,kg,25686301.0,2023
2023,1,染毛料,販売数量,kg,1775425.0,2023
2023,2,染毛料,販売数量,kg,1815574.0,2023
2023,3,染毛料,販売数量,kg,2682376.0,2023
2023,4,染毛料,販売数量,kg,2316267.0,2023
2023,5,染毛料,販売数量,kg,1796838.0,2023
2023,6,染毛料,販売数量,kg,2144569.0,2023
2023,7,染毛料,販売数量,kg,2095528.0,2023
2023,8,染毛料,販売数量,kg,2042430.0,2023
2023,9,染毛料,販売数量,kg,2255136.0,2023
2023,10,染毛料,販売数量,kg,2222115.0,2023
2023,11,染毛料,販売数量,kg,2026227.0,2023
2023,12,染毛料,販売数量,kg,2513816.0,2023
2024,1,染毛料,販売数量,kg,1623456.0,2024
2024,2,染毛料,販売数量,kg,1882317.0,2024
2024,3,染毛料,販売数量,kg,2510471.0,2024
2024,4,染毛料,販売数量,kg,2393121.0,2024
2024,5,染毛料,販売数量,kg,2046009.0,2024
2024,6,染毛料,販売数量,kg,2082118.0,2024
2024,7,染毛料,販売数量,kg,2199980.0,2024
2024,8,染毛料,販売数量,kg,1848062.0,2024
2024,9,染毛料,販売数量,kg,2155094.0,2024
2024,10,染毛料,販売数量,kg,2391105.0,2024
2024,11,染毛料,販売数量,kg,2048677.0,2024
2024,12,染毛料,販売数量,kg,2447241.0,2024
2015,0,染毛料,販売金額,千円,99719687.0,2019
2016,0,染毛料,販売金額,千円,101832918.0,2020
2017,0,染毛料,販売金額,千円,103589966.0,2021
2018,0,染毛料,販売金額,千円,103747138.0,2022
2019,0,染毛料,販売金額,千円,105680894.0,2023
2019,1,染毛料,販売金額,千円,6492242.0,2019
2019,2,染毛料,販売金額,千円,7962231.0,2019
2019,3,染毛料,販売金額,千円,10045453.0,2019
2019,4,染毛料,販売金額,千円,10371807.0,2019
2019,5,染毛料,販売金額,千円,7336779.0,2019
2019,6,染毛料,販売金額,千円,8159992.0,2019
2019,7,染毛料,販売金額,千円,9353448.0,2019
2019,8,染毛料,販売金額,千円,8549361.0,2019
2019,9,染毛料,販売金額,千円,10788619.0,2019
2019,10,染毛料,販売金額,千円,8135190.0,2019
2019,11,染毛料,販売金額,千円,7991278.0,2019
2019,12,染毛料,販売金額,千円,10494494.0,2019
2020,0,染毛料,販売金額,千円,100672853.0,2023
2020,1,染毛料,販売金額,千円,6800861.0,2020
2020,2,染毛料,販売金額,千円,7477556.0,2020
2020,3,染毛料,販売金額,千円,9804975.0,2020
2020,4,染毛料,販売金額,千円,8699238.0,2020
2020,5,染毛料,販売金額,千円,6876393.0,2020
2020,6,染毛料,販売金額,千円,8554461.0,2020
2020,7,染毛料,販売金額,千円,9085861.0,2020
2020,8,染毛料,販売金額,千円,7671660.0,2020
2020,9,染毛料,販売金額,千円,8663445.0,2020
2020,10,染毛料,販売金額,千円,8997636.0,2020
2020,11,染毛料,販売金額,千円,8133946.0,2020
2020,12,染毛料,販売金額,千円,9909598.0,2020
2021,0,染毛料,販売金額,千円,99918656.0,2023
2021,1,染毛料,販売金額,千円,6128122.0,2021
2021,2,染毛料,販売金額,千円,7593623.0,2021
2021,3,染毛料,販売金額,千円,9760527.0,2021
2021,4,染毛料,販売金額,千円,9531574.0,2021
2021,5,染毛料,販売金額,千円,6668307.0,2021
2021,6,染毛料,販売金額,千円,8021436.0,2021
2021,7,染毛料,販売金額,千円,8388132.0,2021
2021,8,染毛料,販売金額,千円,7245794.0,2021
2021,9,染毛料,販売金額,千円,8205540.0,2021
2021,10,染毛料,販売金額,千円,8237152.0,2021
2021,11,染毛料,販売金額,千円,8723619.0,2021
2021,12,染毛料,販売金額,千円,9937645.0,2021
2022,0,染毛料,販売金額,千円,101924111.0,2023
2022,1,染毛料,販売金額,千円,6533405.0,2022
2022,2,染毛料,販売金額,千円,7052898.0,2022
2022,3,染毛料,販売金額,千円,9734761.0,2022
2022,4,染毛料,販売金額,千円,9883247.0,2022
2022,5,染毛料,販売金額,千円,7282552.0,2022
2022,6,染毛料,販売金額,千円,8510490.0,2022
2022,7,染毛料,販売金額,千円,8004866.0,2022
2022,8,染毛料,販売金額,千円,8411353.0,2022
2022,9,染毛料,販売金額,千円,8914783.0,2022
2022,10,染毛料,販売金額,千円,8800004.0,2022
2022,11,染毛料,販売金額,千円,8513800.0,2022
2022,12,染毛料,販売金額,千円,10281952.0,2022
2023,0,染毛料,販売金額,千円,102135303.0,2023
2023,1,染毛料,販売金額,千円,6946210.0,2023
2023,2,染毛料,販売金額,千円,7276702.0,2023
2023,3,染毛料,販売金額,千円,10469962.0,2023
2023,4,染毛料,販売金額,千円,9286173.0,2023
2023,5,染毛料,販売金額,千円,7058066.0,2023
2023,6,染毛料,販売金額,千円,8426058.0,2023
2023,7,染毛料,販売金額,千円,8159881.0,2023
2023,8,染毛料,販売金額,千円,7957612.0,2023
2023,9,染毛料,販売金額,千円,9045965.0,2023
2023,10,染毛料,販売金額,千円,9179194.0,2023
2023,11,染毛料,販売金額,千円,8195677.0,2023
2023,12,染毛料,販売金額,千円,10133803.0,2023
2024,1,染毛料,販売金額,千円,6483676.0,2024
2024,2,染毛料,販売金額,千円,7487879.0,2024
2024,3,染毛料,販売金額,千円,9777133.0,2024
2024,4,染毛料,販売金額,千円,9762581.0,2024
2024,5,染毛料,販売金額,千円,8288225.0,2024
2024,6,染毛料,販売金額,千円,8303569.0,2024
2024,7,染毛料,販売金額,千円,8686824.0,2024
2024,8,染毛料,販売金額,千円,7313892.0,2024
2024,9,染毛料,販売金額,千円,8405354.0,2024
2024,10,染毛料,販売金額,千円,10165709.0,2024
2024,11,染毛料,販売金額,千円,8498641.0,2024
2024,12,染毛料,販売金額,千円,10028804.0,2024
2015,0,洗顔クリーム・フォーム,出荷その他,kg,959154.0,2019
2016,0,洗顔クリーム・フォーム,出荷その他,kg,1841173.0,2020
2017,0,洗顔クリーム・フォーム,出荷その他,kg,1509133.0,2021
2018,0,洗顔クリーム・フォーム,出荷その他,kg,1768060.0,2022
2019,0,洗顔クリーム・フォーム,出荷その他,kg,1245654.0,2023
2019,1,洗顔クリーム・フォーム,出荷その他,kg,23863.0,2019
2019,2,洗顔クリーム・フォーム,出荷その他,kg,287806.0,2019
2019,3,洗顔クリーム・フォーム,出荷その他,kg,205656.0,2019
2019,4,洗顔クリーム・フォーム,出荷その他,kg,59015.0,2019
2019,5,洗顔クリーム・フォーム,出荷その他,kg,116242.0,2019
2019,6,洗顔クリーム・フォーム,出荷その他,kg,88543.0,2019
2019,7,洗顔クリーム・フォーム,出荷その他,kg,92207.0,2019
2019,8,洗顔クリーム・フォーム,出荷その他,kg,37780.0,2019
2019,9,洗顔クリーム・フォーム,出荷その他,kg,98633.0,2019
2019,10,洗顔クリーム・フォーム,出荷その他,kg,69143.0,2019
2019,11,洗顔クリーム・フォーム,出荷その他,kg,86196.0,2019
2019,12,洗顔クリーム・フォーム,出荷その他,kg,80570.0,2019
2020,0,洗顔クリーム・フォーム,出荷その他,kg,1065741.0,2023
2020,1,洗顔クリーム・フォーム,出荷その他,kg,45221.0,2020
2020,2,洗顔クリーム・フォーム,出荷その他,kg,93379.0,2020
2020,3,洗顔クリーム・フォーム,出荷その他,kg,31385.0,2020
2020,4,洗顔クリーム・フォーム,出荷その他,kg,56215.0,2020
2020,5,洗顔クリーム・フォーム,出荷その他,kg,31259.0,2020
2020,6,洗顔クリーム・フォーム,出荷その他,kg,308127.0,2020
2020,7,洗顔クリーム・フォーム,出荷その他,kg,32023.0,2020
2020,8,洗顔クリーム・フォーム,出荷その他,kg,36567.0,2020
2020,9,洗顔クリーム・フォーム,出荷その他,kg,93724.0,2020
2020,10,洗顔クリーム・フォーム,出荷その他,kg,144602.0,2020
2020,11,洗顔クリーム・フォーム,出荷その他,kg,122186.0,2020
2020,12,洗顔クリーム・フォーム,出荷その他,kg,71014.0,2020
2021,0,洗顔クリーム・フォーム,出荷その他,kg,1143714.0,2023
2021,1,洗顔クリーム・フォーム,出荷その他,kg,185439.0,2021
2021,2,洗顔クリーム・フォーム,出荷その他,kg,46494.0,2021
2021,3,洗顔クリーム・フォーム,出荷その他,kg,75535.0,2021
2021,4,洗顔クリーム・フォーム,出荷その他,kg,103997.0,2021
2021,5,洗顔クリーム・フォーム,出荷その他,kg,71314.0,2021
2021,6,洗顔クリーム・フォーム,出荷その他,kg,150184.0,2021
2021,7,洗顔クリーム・フォーム,出荷その他,kg,63489.0,2021
2021,8,洗顔クリーム・フォーム,出荷その他,kg,96781.0,2021
2021,9,洗顔クリーム・フォーム,出荷その他,kg,19917.0,2021
2021,10,洗顔クリーム・フォーム,出荷その他,kg,120577.0,2021
2021,11,洗顔クリーム・フォーム,出荷その他,kg,81041.0,2021
2021,12,洗顔クリーム・フォーム,出荷その他,kg,115779.0,2021
2022,0,洗顔クリーム・フォーム,出荷その他,kg,887759.0,2023
2022,1,洗顔クリーム・フォーム,出荷その他,kg,85403.0,2022
2022,2,洗顔クリーム・フォーム,出荷その他,kg,73794.0,2022
2022,3,洗顔クリーム・フォーム,出荷その他,kg,125095.0,2022
2022,4,洗顔クリーム・フォーム,出荷その他,kg,66924.0,2022
2022,5,洗顔クリーム・フォーム,出荷その他,kg,70596.0,2022
2022,6,洗顔クリーム・フォーム,出荷その他,kg,111337.0,2022
2022,7,洗顔クリーム・フォーム,出荷その他,kg,29201.0,2022
2022,8,洗顔クリーム・フォーム,出荷その他,kg,124655.0,2022
2022,9,洗顔クリーム・フォーム,出荷その他,kg,74183.0,2022
2022,10,洗顔クリーム・フォーム,出荷その他,kg,32939.0,2022
2022,11,洗顔クリーム・フォーム,出荷その他,kg,32545.0,2022
2022,12,洗顔クリーム・フォーム,出荷その他,kg,61087.0,2022
2023,0,洗顔クリーム・フォーム,出荷その他,kg,3232042.0,2023
2023,1,洗顔クリーム・フォーム,出荷その他,kg,1395393.0,2023
2023,2,洗顔クリーム・フォーム,出荷その他,kg,191363.0,2023
2023,3,洗顔クリーム・フォーム,出荷その他,kg,199751.0,2023
2023,4,洗顔クリーム・フォーム,出荷その他,kg,18355.0,2023
2023,5,洗顔クリーム・フォーム,出荷その他,kg,55089.0,2023
2023,6,洗顔クリーム・フォーム,出荷その他,kg,53574.0,2023
2023,7,洗顔クリーム・フォーム,出荷その他,kg,103462.0,2023
2023,8,洗顔クリーム・フォーム,出荷その他,kg,87775.0,2023
2023,9,洗顔クリーム・フォーム,出荷その他,kg,94610.0,2023
2023,10,洗顔クリーム・フォーム,出荷その他,kg,118901.0,2023
2023,11,洗顔クリーム・フォーム,出荷その他,kg,411681.0,2023
2023,12,洗顔クリーム・フォーム,出荷その他,kg,502088.0,2023
2024,1,洗顔クリーム・フォーム,出荷その他,kg,86549.0,2024
2024,2,洗顔クリーム・フォーム,出荷その他,kg,399904.0,2024
2024,3,洗顔クリーム・フォーム,出荷その他,kg,149292.0,2024
2024,4,洗顔クリーム・フォーム,出荷その他,kg,314904.0,2024
2024,5,洗顔クリーム・フォーム,出荷その他,kg,83677.0,2024
2024,6,洗顔クリーム・フォーム,出荷その他,kg,82396.0,2024
2024,7,洗顔クリーム・フォーム,出荷その他,kg,93068.0,2024
2024,8,洗顔クリーム・フォーム,出荷その他,kg,156733.0,2024
2024,9,洗顔クリーム・フォーム,出荷その他,kg,98224.0,2024
2024,10,洗顔クリーム・フォーム,出荷その他,kg,107030.0,2024
2024,11,洗顔クリーム・フォーム,出荷その他,kg,95963.0,2024
2024,12,洗顔クリーム・フォーム,出荷その他,kg,88455.0,2024
2015,0,洗顔クリーム・フォーム,受入,kg,1051764.0,2019
2016,0,洗顔クリーム・フォーム,受入,kg,1109346.0,2020
2017,0,洗顔クリーム・フォーム,受入,kg,1356576.0,2021
2018,0,洗顔クリーム・フォーム,受入,kg,2012539.0,2022
2019,0,洗顔クリーム・フォーム,受入,kg,2617145.0,2023
2019,1,洗顔クリーム・フォーム,受入,kg,158180.0,2019
2019,2,洗顔クリーム・フォーム,受入,kg,195903.0,2019
2019,3,洗顔クリーム・フォーム,受入,kg,229527.0,2019
2019,4,洗顔クリーム・フォーム,受入,kg,250964.0,2019
2019,5,洗顔クリーム・フォーム,受入,kg,258345.0,2019
2019,6,洗顔クリーム・フォーム,受入,kg,296040.0,2019
2019,7,洗顔クリーム・フォーム,受入,kg,246175.0,2019
2019,8,洗顔クリーム・フォーム,受入,kg,163291.0,2019
2019,9,洗顔クリーム・フォーム,受入,kg,166183.0,2019
2019,10,洗顔クリーム・フォーム,受入,kg,237596.0,2019
2019,11,洗顔クリーム・フォーム,受入,kg,269663.0,2019
2019,12,洗顔クリーム・フォーム,受入,kg,145278.0,2019
2020,0,洗顔クリーム・フォーム,受入,kg,2242687.0,2023
2020,1,洗顔クリーム・フォーム,受入,kg,202620.0,2020
2020,2,洗顔クリーム・フォーム,受入,kg,198778.0,2020
2020,3,洗顔クリーム・フォーム,受入,kg,198214.0,2020
2020,4,洗顔クリーム・フォーム,受入,kg,189468.0,2020
2020,5,洗顔クリーム・フォーム,受入,kg,178353.0,2020
2020,6,洗顔クリーム・フォーム,受入,kg,178269.0,2020
2020,7,洗顔クリーム・フォーム,受入,kg,149880.0,2020
2020,8,洗顔クリーム・フォーム,受入,kg,143679.0,2020
2020,9,洗顔クリーム・フォーム,受入,kg,166977.0,2020
2020,10,洗顔クリーム・フォーム,受入,kg,162484.0,2020
2020,11,洗顔クリーム・フォーム,受入,kg,277363.0,2020
2020,12,洗顔クリーム・フォーム,受入,kg,196602.0,2020
2021,0,洗顔クリーム・フォーム,受入,kg,2219800.0,2023
2021,1,洗顔クリーム・フォーム,受入,kg,203199.0,2021
2021,2,洗顔クリーム・フォーム,受入,kg,237823.0,2021
2021,3,洗顔クリーム・フォーム,受入,kg,233657.0,2021
2021,4,洗顔クリーム・フォーム,受入,kg,165729.0,2021
2021,5,洗顔クリーム・フォーム,受入,kg,128585.0,2021
2021,6,洗顔クリーム・フォーム,受入,kg,250799.0,2021
2021,7,洗顔クリーム・フォーム,受入,kg,148852.0,2021
2021,8,洗顔クリーム・フォーム,受入,kg,158521.0,2021
2021,9,洗顔クリーム・フォーム,受入,kg,148991.0,2021
2021,10,洗顔クリーム・フォーム,受入,kg,169507.0,2021
2021,11,洗顔クリーム・フォーム,受入,kg,211229.0,2021
2021,12,洗顔クリーム・フォーム,受入,kg,116918.0,2021
2022,0,洗顔クリーム・フォーム,受入,kg,2715164.0,2023
2022,1,洗顔クリーム・フォーム,受入,kg,209127.0,2022
2022,2,洗顔クリーム・フォーム,受入,kg,119480.0,2022
2022,3,洗顔クリーム・フォーム,受入,kg,227382.0,2022
2022,4,洗顔クリーム・フォーム,受入,kg,165978.0,2022
2022,5,洗顔クリーム・フォーム,受入,kg,221627.0,2022
2022,6,洗顔クリーム・フォーム,受入,kg,265985.0,2022
2022,7,洗顔クリーム・フォーム,受入,kg,249670.0,2022
2022,8,洗顔クリーム・フォーム,受入,kg,284388.0,2022
2022,9,洗顔クリーム・フォーム,受入,kg,282130.0,2022
2022,10,洗顔クリーム・フォーム,受入,kg,206644.0,2022
2022,11,洗顔クリーム・フォーム,受入,kg,277553.0,2022
2022,12,洗顔クリーム・フォーム,受入,kg,205200.0,2022
2023,0,洗顔クリーム・フォーム,受入,kg,2227801.0,2023
2023,1,洗顔クリーム・フォーム,受入,kg,190518.0,2023
2023,2,洗顔クリーム・フォーム,受入,kg,169467.0,2023
2023,3,洗顔クリーム・フォーム,受入,kg,183050.0,2023
2023,4,洗顔クリーム・フォーム,受入,kg,156138.0,2023
2023,5,洗顔クリーム・フォーム,受入,kg,143973.0,2023
2023,6,洗顔クリーム・フォーム,受入,kg,119498.0,2023
2023,7,洗顔クリーム・フォーム,受入,kg,240073.0,2023
2023,8,洗顔クリーム・フォーム,受入,kg,163588.0,2023
2023,9,洗顔クリーム・フォーム,受入,kg,203483.0,2023
2023,10,洗顔クリーム・フォーム,受入,kg,249618.0,2023
2023,11,洗顔クリーム・フォーム,受入,kg,334744.0,2023
2023,12,洗顔クリーム・フォーム,受入,kg,73651.0,2023
2024,1,洗顔クリーム・フォーム,受入,kg,233312.0,2024
2024,2,洗顔クリーム・フォーム,受入,kg,190428.0,2024
2024,3,洗顔クリーム・フォーム,受入,kg,170552.0,2024
2024,4,洗顔クリーム・フォーム,受入,kg,136947.0,2024
2024,5,洗顔クリーム・フォーム,受入,kg,164877.0,2024
2024,6,洗顔クリーム・フォーム,受入,kg,185524.0,2024
2024,7,洗顔クリーム・フォーム,受入,kg,146516.0,2024
2024,8,洗顔クリーム・フォーム,受入,kg,202401.0,2024
2024,9,洗顔クリーム・フォーム,受入,kg,137397.0,2024
2024,10,洗顔クリーム・フォーム,受入,kg,160501.0,2024
2024,11,洗顔クリーム・フォーム,受入,kg,200441.0,2024
2024,12,洗顔クリーム・フォーム,受入,kg,97268.0,2024
2015,0,洗顔クリーム・フォーム,月末在庫,kg,2158776.0,2019
2016,0,洗顔クリーム・フォーム,月末在庫,kg,2588599.0,2020
2017,0,洗顔クリーム・フォーム,月末在庫,kg,3300382.0,2021
2018,0,洗顔クリーム・フォーム,月末在庫,kg,4612404.0,2022
2019,0,洗顔クリーム・フォーム,月末在庫,kg,6552843.0,2023
2019,1,洗顔クリーム・フォーム,月末在庫,kg,4997639.0,2019
2019,2,洗顔クリーム・フォーム,月末在庫,kg,5265994.0,2019
2019,3,洗顔クリーム・フォーム,月末在庫,kg,5254980.0,2019
2019,4,洗顔クリーム・フォーム,月末在庫,kg,5311715.0,2019
2019,5,洗顔クリーム・フォーム,月末在庫,kg,5545347.0,2019
2019,6,洗顔クリーム・フォーム,月末在庫,kg,5733361.0,2019
2019,7,洗顔クリーム・フォーム,月末在庫,kg,6274769.0,2019
2019,8,洗顔クリーム・フォーム,月末在庫,kg,6198219.0,2019
2019,9,洗顔クリーム・フォーム,月末在庫,kg,5680066.0,2019
2019,10,洗顔クリーム・フォーム,月末在庫,kg,6328378.0,2019
2019,11,洗顔クリーム・フォーム,月末在庫,kg,6650270.0,2019
2019,12,洗顔クリーム・フォーム,月末在庫,kg,6552843.0,2019
2020,0,洗顔クリーム・フォーム,月末在庫,kg,4219739.0,2023
2020,1,洗顔クリーム・フォーム,月末在庫,kg,6950359.0,2020
2020,2,洗顔クリーム・フォーム,月末在庫,kg,6550493.0,2020
2020,3,洗顔クリーム・フォーム,月末在庫,kg,6452454.0,2020
2020,4,洗顔クリーム・フォーム,月末在庫,kg,6601649.0,2020
2020,5,洗顔クリーム・フォーム,月末在庫,kg,6470425.0,2020
2020,6,洗顔クリーム・フォーム,月末在庫,kg,6228992.0,2020
2020,7,洗顔クリーム・フォーム,月末在庫,kg,5651988.0,2020
2020,8,洗顔クリーム・フォーム,月末在庫,kg,4946920.0,2020
2020,9,洗顔クリーム・フォーム,月末在庫,kg,4430863.0,2020
2020,10,洗顔クリーム・フォーム,月末在庫,kg,4370009.0,2020
2020,11,洗顔クリーム・フォーム,月末在庫,kg,4340501.0,2020
2020,12,洗顔クリーム・フォーム,月末在庫,kg,4176824.0,2020
2021,0,洗顔クリーム・フォーム,月末在庫,kg,4187322.0,2023
2021,1,洗顔クリーム・フォーム,月末在庫,kg,4060515.0,2021
2021,2,洗顔クリーム・フォーム,月末在庫,kg,4096384.0,2021
2021,3,洗顔クリーム・フォーム,月末在庫,kg,4265319.0,2021
2021,4,洗顔クリーム・フォーム,月末在庫,kg,4547665.0,2021
2021,5,洗顔クリーム・フォーム,月末在庫,kg,4581501.0,2021
2021,6,洗顔クリーム・フォーム,月末在庫,kg,4684593.0,2021
2021,7,洗顔クリーム・フォーム,月末在庫,kg,4758050.0,2021
2021,8,洗顔クリーム・フォーム,月末在庫,kg,4511918.0,2021
2021,9,洗顔クリーム・フォーム,月末在庫,kg,4229830.0,2021
2021,10,洗顔クリーム・フォーム,月末在庫,kg,4404697.0,2021
2021,11,洗顔クリーム・フォーム,月末在庫,kg,4380519.0,2021
2021,12,洗顔クリーム・フォーム,月末在庫,kg,3981495.0,2021
2022,0,洗顔クリーム・フォーム,月末在庫,kg,4356280.0,2023
2022,1,洗顔クリーム・フォーム,月末在庫,kg,4852696.0,2022
2022,2,洗顔クリーム・フォーム,月末在庫,kg,4977061.0,2022
2022,3,洗顔クリーム・フォーム,月末在庫,kg,4913274.0,2022
2022,4,洗顔クリーム・フォーム,月末在庫,kg,5071445.0,2022
2022,5,洗顔クリーム・フォーム,月末在庫,kg,4746598.0,2022
2022,6,洗顔クリーム・フォーム,月末在庫,kg,4817550.0,2022
2022,7,洗顔クリーム・フォーム,月末在庫,kg,4331259.0,2022
2022,8,洗顔クリーム・フォーム,月末在庫,kg,4030159.0,2022
2022,9,洗顔クリーム・フォーム,月末在庫,kg,3943818.0,2022
2022,10,洗顔クリーム・フォーム,月末在庫,kg,4240295.0,2022
2022,11,洗顔クリーム・フォーム,月末在庫,kg,4709909.0,2022
2022,12,洗顔クリーム・フォーム,月末在庫,kg,4356280.0,2022
2023,0,洗顔クリーム・フォーム,月末在庫,kg,3470338.0,2023
2023,1,洗顔クリーム・フォーム,月末在庫,kg,3540124.0,2023
2023,2,洗顔クリーム・フォーム,月末在庫,kg,3644499.0,2023
2023,3,洗顔クリーム・フォーム,月末在庫,kg,4148646.0,2023
2023,4,洗顔クリーム・フォーム,月末在庫,kg,4219077.0,2023
2023,5,洗顔クリーム・フォーム,月末在庫,kg,4264835.0,2023
2023,6,洗顔クリーム・フォーム,月末在庫,kg,4260436.0,2023
2023,7,洗顔クリーム・フォーム,月末在庫,kg,4441040.0,2023
2023,8,洗顔クリーム・フォーム,月末在庫,kg,4144065.0,2023
2023,9,洗顔クリーム・フォーム,月末在庫,kg,4006758.0,2023
2023,10,洗顔クリーム・フォーム,月末在庫,kg,4060492.0,2023
2023,11,洗顔クリーム・フォーム,月末在庫,kg,3969304.0,2023
2023,12,洗顔クリーム・フォーム,月末在庫,kg,3470338.0,2023
2024,1,洗顔クリーム・フォーム,月末在庫,kg,3709279.0,2024
2024,2,洗顔クリーム・フォーム,月末在庫,kg,3695180.0,2024
2024,3,洗顔クリーム・フォーム,月末在庫,kg,3664099.0,2024
2024,4,洗顔クリーム・フォーム,月末在庫,kg,3556298.0,2024
2024,5,洗顔クリーム・フォーム,月末在庫,kg,3399626.0,2024
2024,6,洗顔クリーム・フォーム,月末在庫,kg,3528709.0,2024
2024,7,洗顔クリーム・フォーム,月末在庫,kg,3621535.0,2024
2024,8,洗顔クリーム・フォーム,月末在庫,kg,3690114.0,2024
2024,9,洗顔クリーム・フォーム,月末在庫,kg,3528450.0,2024
2024,10,洗顔クリーム・フォーム,月末在庫,kg,3370427.0,2024
2024,11,洗顔クリーム・フォーム,月末在庫,kg,3402947.0,2024
2024,12,洗顔クリーム・フォーム,月末在庫,kg,3315068.0,2024
2015,0,洗顔クリーム・フォーム,生産,kg,20725970.0,2019
2016,0,洗顔クリーム・フォーム,生産,kg,23420655.0,2020
2017,0,洗顔クリーム・フォーム,生産,kg,23880299.0,2021
2018,0,洗顔クリーム・フォーム,生産,kg,27668721.0,2022
2019,0,洗顔クリーム・フォーム,生産,kg,29253854.0,2023
2019,1,洗顔クリーム・フォーム,生産,kg,2239405.0,2019
2019,2,洗顔クリーム・フォーム,生産,kg,2531757.0,2019
2019,3,洗顔クリーム・フォーム,生産,kg,2559678.0,2019
2019,4,洗顔クリーム・フォーム,生産,kg,2454373.0,2019
2019,5,洗顔クリーム・フォーム,生産,kg,2251069.0,2019
2019,6,洗顔クリーム・フォーム,生産,kg,2489081.0,2019
2019,7,洗顔クリーム・フォーム,生産,kg,2803432.0,2019
2019,8,洗顔クリーム・フォーム,生産,kg,2246641.0,2019
2019,9,洗顔クリーム・フォーム,生産,kg,2196388.0,2019
2019,10,洗顔クリーム・フォーム,生産,kg,2831019.0,2019
2019,11,洗顔クリーム・フォーム,生産,kg,2404733.0,2019
2019,12,洗顔クリーム・フォーム,生産,kg,2246278.0,2019
2020,0,洗顔クリーム・フォーム,生産,kg,23258567.0,2023
2020,1,洗顔クリーム・フォーム,生産,kg,2163897.0,2020
2020,2,洗顔クリーム・フォーム,生産,kg,1904391.0,2020
2020,3,洗顔クリーム・フォーム,生産,kg,1859931.0,2020
2020,4,洗顔クリーム・フォーム,生産,kg,2100750.0,2020
2020,5,洗顔クリーム・フォーム,生産,kg,1653779.0,2020
2020,6,洗顔クリーム・フォーム,生産,kg,2368538.0,2020
2020,7,洗顔クリーム・フォーム,生産,kg,1911580.0,2020
2020,8,洗顔クリーム・フォーム,生産,kg,1588710.0,2020
2020,9,洗顔クリーム・フォーム,生産,kg,1703811.0,2020
2020,10,洗顔クリーム・フォーム,生産,kg,1993880.0,2020
2020,11,洗顔クリーム・フォーム,生産,kg,1656877.0,2020
2020,12,洗顔クリーム・フォーム,生産,kg,2215283.0,2020
2021,0,洗顔クリーム・フォーム,生産,kg,26298832.0,2023
2021,1,洗顔クリーム・フォーム,生産,kg,1923642.0,2021
2021,2,洗顔クリーム・フォーム,生産,kg,1857786.0,2021
2021,3,洗顔クリーム・フォーム,生産,kg,2126414.0,2021
2021,4,洗顔クリーム・フォーム,生産,kg,2374738.0,2021
2021,5,洗顔クリーム・フォーム,生産,kg,1883364.0,2021
2021,6,洗顔クリーム・フォーム,生産,kg,2508278.0,2021
2021,7,洗顔クリーム・フォーム,生産,kg,2308591.0,2021
2021,8,洗顔クリーム・フォーム,生産,kg,1967083.0,2021
2021,9,洗顔クリーム・フォーム,生産,kg,2023905.0,2021
2021,10,洗顔クリーム・フォーム,生産,kg,2387570.0,2021
2021,11,洗顔クリーム・フォーム,生産,kg,2038116.0,2021
2021,12,洗顔クリーム・フォーム,生産,kg,1994080.0,2021
2022,0,洗顔クリーム・フォーム,生産,kg,28003357.0,2023
2022,1,洗顔クリーム・フォーム,生産,kg,2139813.0,2022
2022,2,洗顔クリーム・フォーム,生産,kg,2212123.0,2022
2022,3,洗顔クリーム・フォーム,生産,kg,2399104.0,2022
2022,4,洗顔クリーム・フォーム,生産,kg,2417714.0,2022
2022,5,洗顔クリーム・フォーム,生産,kg,2086455.0,2022
2022,6,洗顔クリーム・フォーム,生産,kg,2900181.0,2022
2022,7,洗顔クリーム・フォーム,生産,kg,2246018.0,2022
2022,8,洗顔クリーム・フォーム,生産,kg,2138372.0,2022
2022,9,洗顔クリーム・フォーム,生産,kg,2257921.0,2022
2022,10,洗顔クリーム・フォーム,生産,kg,2453428.0,2022
2022,11,洗顔クリーム・フォーム,生産,kg,2481442.0,2022
2022,12,洗顔クリーム・フォーム,生産,kg,2270786.0,2022
2023,0,洗顔クリーム・フォーム,生産,kg,27631328.0,2023
2023,1,洗顔クリーム・フォーム,生産,kg,1972573.0,2023
2023,2,洗顔クリーム・フォーム,生産,kg,2282706.0,2023
2023,3,洗顔クリーム・フォーム,生産,kg,2686742.0,2023
2023,4,洗顔クリーム・フォーム,生産,kg,2331837.0,2023
2023,5,洗顔クリーム・フォーム,生産,kg,2174445.0,2023
2023,6,洗顔クリーム・フォーム,生産,kg,2543436.0,2023
2023,7,洗顔クリーム・フォーム,生産,kg,2393994.0,2023
2023,8,洗顔クリーム・フォーム,生産,kg,2150991.0,2023
2023,9,洗顔クリーム・フォーム,生産,kg,2058562.0,2023
2023,10,洗顔クリーム・フォーム,生産,kg,2203626.0,2023
2023,11,洗顔クリーム・フォーム,生産,kg,2436938.0,2023
2023,12,洗顔クリーム・フォーム,生産,kg,2395478.0,2023
2024,1,洗顔クリーム・フォーム,生産,kg,2261554.0,2024
2024,2,洗顔クリーム・フォーム,生産,kg,2469299.0,2024
2024,3,洗顔クリーム・フォーム,生産,kg,2540206.0,2024
2024,4,洗顔クリーム・フォーム,生産,kg,2246280.0,2024
2024,5,洗顔クリーム・フォーム,生産,kg,1918886.0,2024
2024,6,洗顔クリーム・フォーム,生産,kg,2239565.0,2024
2024,7,洗顔クリーム・フォーム,生産,kg,2353085.0,2024
2024,8,洗顔クリーム・フォーム,生産,kg,1902176.0,2024
2024,9,洗顔クリーム・フォーム,生産,kg,2031621.0,2024
2024,10,洗顔クリーム・フォーム,生産,kg,2079685.0,2024
2024,11,洗顔クリーム・フォーム,生産,kg,2004546.0,2024
2024,12,洗顔クリーム・フォーム,生産,kg,1970962.0,2024
2015,0,洗顔クリーム・フォーム,販売個数,十個,20224196.0,2019
2016,0,洗顔クリーム・フォーム,販売個数,十個,20452995.0,2020
2017,0,洗顔クリーム・フォーム,販売個数,十個,20972109.0,2021
2018,0,洗顔クリーム・フォーム,販売個数,十個,23403803.0,2022
2019,0,洗顔クリーム・フォーム,販売個数,十個,24991547.0,2023
2019,1,洗顔クリーム・フォーム,販売個数,十個,1653881.0,2019
2019,2,洗顔クリーム・フォーム,販売個数,十個,1802421.0,2019
2019,3,洗顔クリーム・フォーム,販売個数,十個,2248627.0,2019
2019,4,洗顔クリーム・フォーム,販売個数,十個,2371601.0,2019
2019,5,洗顔クリーム・フォーム,販売個数,十個,1859830.0,2019
2019,6,洗顔クリーム・フォーム,販売個数,十個,2197506.0,2019
2019,7,洗顔クリーム・フォーム,販売個数,十個,2073289.0,2019
2019,8,洗顔クリーム・フォーム,販売個数,十個,2084349.0,2019
2019,9,洗顔クリーム・フォーム,販売個数,十個,2348721.0,2019
2019,10,洗顔クリーム・フォーム,販売個数,十個,2135008.0,2019
2019,11,洗顔クリーム・フォーム,販売個数,十個,2053658.0,2019
2019,12,洗顔クリーム・フォーム,販売個数,十個,2162656.0,2019
2020,0,洗顔クリーム・フォーム,販売個数,十個,23507992.0,2023
2020,1,洗顔クリーム・フォーム,販売個数,十個,1776503.0,2020
2020,2,洗顔クリーム・フォーム,販売個数,十個,2145979.0,2020
2020,3,洗顔クリーム・フォーム,販売個数,十個,1815853.0,2020
2020,4,洗顔クリーム・フォーム,販売個数,十個,1713611.0,2020
2020,5,洗顔クリーム・フォーム,販売個数,十個,1805719.0,2020
2020,6,洗顔クリーム・フォーム,販売個数,十個,2196368.0,2020
2020,7,洗顔クリーム・フォーム,販売個数,十個,2467493.0,2020
2020,8,洗顔クリーム・フォーム,販売個数,十個,2196868.0,2020
2020,9,洗顔クリーム・フォーム,販売個数,十個,2107642.0,2020
2020,10,洗顔クリーム・フォーム,販売個数,十個,1867299.0,2020
2020,11,洗顔クリーム・フォーム,販売個数,十個,1542351.0,2020
2020,12,洗顔クリーム・フォーム,販売個数,十個,1801922.0,2020
2021,0,洗顔クリーム・フォーム,販売個数,十個,23188483.0,2023
2021,1,洗顔クリーム・フォーム,販売個数,十個,1867436.0,2021
2021,2,洗顔クリーム・フォーム,販売個数,十個,1771485.0,2021
2021,3,洗顔クリーム・フォーム,販売個数,十個,1701630.0,2021
2021,4,洗顔クリーム・フォーム,販売個数,十個,1919821.0,2021
2021,5,洗顔クリーム・フォーム,販売個数,十個,1677178.0,2021
2021,6,洗顔クリーム・フォーム,販売個数,十個,2129650.0,2021
2021,7,洗顔クリーム・フォーム,販売個数,十個,1964000.0,2021
2021,8,洗顔クリーム・フォーム,販売個数,十個,1891748.0,2021
2021,9,洗顔クリーム・フォーム,販売個数,十個,1939150.0,2021
2021,10,洗顔クリーム・フォーム,販売個数,十個,1921035.0,2021
2021,11,洗顔クリーム・フォーム,販売個数,十個,1937120.0,2021
2021,12,洗顔クリーム・フォーム,販売個数,十個,2044850.0,2021
2022,0,洗顔クリーム・フォーム,販売個数,十個,25634023.0,2023
2022,1,洗顔クリーム・フォーム,販売個数,十個,1435532.0,2022
2022,2,洗顔クリーム・フォーム,販売個数,十個,1914913.0,2022
2022,3,洗顔クリーム・フォーム,販売個数,十個,2166631.0,2022
2022,4,洗顔クリーム・フォーム,販売個数,十個,2011835.0,2022
2022,5,洗顔クリーム・フォーム,販売個数,十個,2193146.0,2022
2022,6,洗顔クリーム・フォーム,販売個数,十個,2564370.0,2022
2022,7,洗顔クリーム・フォーム,販売個数,十個,2515653.0,2022
2022,8,洗顔クリーム・フォーム,販売個数,十個,2241039.0,2022
2022,9,洗顔クリーム・フォーム,販売個数,十個,2217479.0,2022
2022,10,洗顔クリーム・フォーム,販売個数,十個,1945950.0,2022
2022,11,洗顔クリーム・フォーム,販売個数,十個,1970362.0,2022
2022,12,洗顔クリーム・フォーム,販売個数,十個,2457113.0,2022
2023,0,洗顔クリーム・フォーム,販売個数,十個,22846999.0,2023
2023,1,洗顔クリーム・フォーム,販売個数,十個,1352187.0,2023
2023,2,洗顔クリーム・フォーム,販売個数,十個,1929120.0,2023
2023,3,洗顔クリーム・フォーム,販売個数,十個,1800967.0,2023
2023,4,洗顔クリーム・フォーム,販売個数,十個,1890689.0,2023
2023,5,洗顔クリーム・フォーム,販売個数,十個,1856878.0,2023
2023,6,洗顔クリーム・フォーム,販売個数,十個,2045735.0,2023
2023,7,洗顔クリーム・フォーム,販売個数,十個,1964924.0,2023
2023,8,洗顔クリーム・フォーム,販売個数,十個,2026851.0,2023
2023,9,洗顔クリーム・フォーム,販売個数,十個,1890080.0,2023
2023,10,洗顔クリーム・フォーム,販売個数,十個,1975495.0,2023
2023,11,洗顔クリーム・フォーム,販売個数,十個,2047194.0,2023
2023,12,洗顔クリーム・フォーム,販売個数,十個,2066879.0,2023
2024,1,洗顔クリーム・フォーム,販売個数,十個,1761650.0,2024
2024,2,洗顔クリーム・フォーム,販売個数,十個,2012697.0,2024
2024,3,洗顔クリーム・フォーム,販売個数,十個,2210644.0,2024
2024,4,洗顔クリーム・フォーム,販売個数,十個,1862299.0,2024
2024,5,洗顔クリーム・フォーム,販売個数,十個,1787726.0,2024
2024,6,洗顔クリーム・フォーム,販売個数,十個,1905665.0,2024
2024,7,洗顔クリーム・フォーム,販売個数,十個,1997800.0,2024
2024,8,洗顔クリーム・フォーム,販売個数,十個,1593067.0,2024
2024,9,洗顔クリーム・フォーム,販売個数,十個,1777381.0,2024
2024,10,洗顔クリーム・フォーム,販売個数,十個,2028233.0,2024
2024,11,洗顔クリーム・フォーム,販売個数,十個,1650984.0,2024
2024,12,洗顔クリーム・フォーム,販売個数,十個,1784605.0,2024
2015,0,洗顔クリーム・フォーム,販売数量,kg,20770833.0,2019
2016,0,洗顔クリーム・フォーム,販売数量,kg,22385688.0,2020
2017,0,洗顔クリーム・フォーム,販売数量,kg,23180583.0,2021
2018,0,洗顔クリーム・フォーム,販売数量,kg,26622689.0,2022
2019,0,洗顔クリーム・フォーム,販売数量,kg,28609520.0,2023
2019,1,洗顔クリーム・フォーム,販売数量,kg,1989583.0,2019
2019,2,洗顔クリーム・フォーム,販売数量,kg,2165488.0,2019
2019,3,洗顔クリーム・フォーム,販売数量,kg,2593144.0,2019
2019,4,洗顔クリーム・フォーム,販売数量,kg,2578811.0,2019
2019,5,洗顔クリーム・フォーム,販売数量,kg,2162648.0,2019
2019,6,洗顔クリーム・フォーム,販売数量,kg,2495232.0,2019
2019,7,洗顔クリーム・フォーム,販売数量,kg,2408031.0,2019
2019,8,洗顔クリーム・フォーム,販売数量,kg,2438380.0,2019
2019,9,洗顔クリーム・フォーム,販売数量,kg,2780082.0,2019
2019,10,洗顔クリーム・フォーム,販売数量,kg,2344704.0,2019
2019,11,洗顔クリーム・フォーム,販売数量,kg,2251526.0,2019
2019,12,洗顔クリーム・フォーム,販売数量,kg,2401891.0,2019
2020,0,洗顔クリーム・フォーム,販売数量,kg,26287842.0,2023
2020,1,洗顔クリーム・フォーム,販売数量,kg,1920209.0,2020
2020,2,洗顔クリーム・フォーム,販売数量,kg,2408214.0,2020
2020,3,洗顔クリーム・フォーム,販売数量,kg,2123480.0,2020
2020,4,洗顔クリーム・フォーム,販売数量,kg,2080989.0,2020
2020,5,洗顔クリーム・フォーム,販売数量,kg,1935557.0,2020
2020,6,洗顔クリーム・フォーム,販売数量,kg,2461909.0,2020
2020,7,洗顔クリーム・フォーム,販売数量,kg,2571287.0,2020
2020,8,洗顔クリーム・フォーム,販売数量,kg,2374365.0,2020
2020,9,洗顔クリーム・フォーム,販売数量,kg,2282778.0,2020
2020,10,洗顔クリーム・フォーム,販売数量,kg,2056279.0,2020
2020,11,洗顔クリーム・フォーム,販売数量,kg,1809988.0,2020
2020,12,洗顔クリーム・フォーム,販売数量,kg,2123318.0,2020
2021,0,洗顔クリーム・フォーム,販売数量,kg,27356890.0,2023
2021,1,洗顔クリーム・フォーム,販売数量,kg,2119846.0,2021
2021,2,洗顔クリーム・フォーム,販売数量,kg,1997319.0,2021
2021,3,洗顔クリーム・フォーム,販売数量,kg,2093714.0,2021
2021,4,洗顔クリーム・フォーム,販売数量,kg,2151203.0,2021
2021,5,洗顔クリーム・フォーム,販売数量,kg,1903795.0,2021
2021,6,洗顔クリーム・フォーム,販売数量,kg,2497878.0,2021
2021,7,洗顔クリーム・フォーム,販売数量,kg,2314217.0,2021
2021,8,洗顔クリーム・フォーム,販売数量,kg,2268979.0,2021
2021,9,洗顔クリーム・フォーム,販売数量,kg,2413384.0,2021
2021,10,洗顔クリーム・フォーム,販売数量,kg,2255584.0,2021
2021,11,洗顔クリーム・フォーム,販売数量,kg,2184761.0,2021
2021,12,洗顔クリーム・フォーム,販売数量,kg,2381034.0,2021
2022,0,洗顔クリーム・フォーム,販売数量,kg,29443509.0,2023
2022,1,洗顔クリーム・フォーム,販売数量,kg,1680041.0,2022
2022,2,洗顔クリーム・フォーム,販売数量,kg,2112253.0,2022
2022,3,洗顔クリーム・フォーム,販売数量,kg,2566793.0,2022
2022,4,洗顔クリーム・フォーム,販売数量,kg,2319942.0,2022
2022,5,洗顔クリーム・フォーム,販売数量,kg,2525727.0,2022
2022,6,洗顔クリーム・フォーム,販売数量,kg,2930020.0,2022
2022,7,洗顔クリーム・フォーム,販売数量,kg,2916122.0,2022
2022,8,洗顔クリーム・フォーム,販売数量,kg,2601352.0,2022
2022,9,洗顔クリーム・フォーム,販売数量,kg,2543705.0,2022
2022,10,洗顔クリーム・フォーム,販売数量,kg,2279749.0,2022
2022,11,洗顔クリーム・フォーム,販売数量,kg,2230848.0,2022
2022,12,洗顔クリーム・フォーム,販売数量,kg,2736957.0,2022
2023,0,洗顔クリーム・フォーム,販売数量,kg,26924159.0,2023
2023,1,洗顔クリーム・フォーム,販売数量,kg,1555688.0,2023
2023,2,洗顔クリーム・フォーム,販売数量,kg,2120576.0,2023
2023,3,洗顔クリーム・フォーム,販売数量,kg,2121757.0,2023
2023,4,洗顔クリーム・フォーム,販売数量,kg,2331792.0,2023
2023,5,洗顔クリーム・フォーム,販売数量,kg,2215705.0,2023
2023,6,洗顔クリーム・フォーム,販売数量,kg,2579622.0,2023
2023,7,洗顔クリーム・フォーム,販売数量,kg,2283644.0,2023
2023,8,洗顔クリーム・フォーム,販売数量,kg,2353036.0,2023
2023,9,洗顔クリーム・フォーム,販売数量,kg,2259814.0,2023
2023,10,洗顔クリーム・フォーム,販売数量,kg,2248466.0,2023
2023,11,洗顔クリーム・フォーム,販売数量,kg,2375201.0,2023
2023,12,洗顔クリーム・フォーム,販売数量,kg,2478858.0,2023
2024,1,洗顔クリーム・フォーム,販売数量,kg,2186605.0,2024
2024,2,洗顔クリーム・フォーム,販売数量,kg,2268066.0,2024
2024,3,洗顔クリーム・フォーム,販売数量,kg,2609212.0,2024
2024,4,洗顔クリーム・フォーム,販売数量,kg,2154591.0,2024
2024,5,洗顔クリーム・フォーム,販売数量,kg,2116143.0,2024
2024,6,洗顔クリーム・フォーム,販売数量,kg,2200181.0,2024
2024,7,洗顔クリーム・フォーム,販売数量,kg,2304734.0,2024
2024,8,洗顔クリーム・フォーム,販売数量,kg,1869900.0,2024
2024,9,洗顔クリーム・フォーム,販売数量,kg,2216955.0,2024
2024,10,洗顔クリーム・フォーム,販売数量,kg,2290460.0,2024
2024,11,洗顔クリーム・フォーム,販売数量,kg,2089675.0,2024
2024,12,洗顔クリーム・フォーム,販売数量,kg,2086341.0,2024
2015,0,洗顔クリーム・フォーム,販売金額,千円,64029933.0,2019
2016,0,洗顔クリーム・フォーム,販売金額,千円,65962231.0,2020
2017,0,洗顔クリーム・フォーム,販売金額,千円,69909503.0,2021
2018,0,洗顔クリーム・フォーム,販売金額,千円,77445580.0,2022
2019,0,洗顔クリーム・フォーム,販売金額,千円,81009275.0,2023
2019,1,洗顔クリーム・フォーム,販売金額,千円,5652786.0,2019
2019,2,洗顔クリーム・フォーム,販売金額,千円,6257339.0,2019
2019,3,洗顔クリーム・フォーム,販売金額,千円,7214542.0,2019
2019,4,洗顔クリーム・フォーム,販売金額,千円,7655540.0,2019
2019,5,洗顔クリーム・フォーム,販売金額,千円,6097678.0,2019
2019,6,洗顔クリーム・フォーム,販売金額,千円,6628850.0,2019
2019,7,洗顔クリーム・フォーム,販売金額,千円,6637742.0,2019
2019,8,洗顔クリーム・フォーム,販売金額,千円,6877290.0,2019
2019,9,洗顔クリーム・フォーム,販売金額,千円,8154675.0,2019
2019,10,洗顔クリーム・フォーム,販売金額,千円,6642725.0,2019
2019,11,洗顔クリーム・フォーム,販売金額,千円,6196865.0,2019
2019,12,洗顔クリーム・フォーム,販売金額,千円,6993243.0,2019
2020,0,洗顔クリーム・フォーム,販売金額,千円,70088249.0,2023
2020,1,洗顔クリーム・フォーム,販売金額,千円,5096766.0,2020
2020,2,洗顔クリーム・フォーム,販売金額,千円,6103111.0,2020
2020,3,洗顔クリーム・フォーム,販売金額,千円,5444556.0,2020
2020,4,洗顔クリーム・フォーム,販売金額,千円,5120845.0,2020
2020,5,洗顔クリーム・フォーム,販売金額,千円,5099646.0,2020
2020,6,洗顔クリーム・フォーム,販売金額,千円,6292833.0,2020
2020,7,洗顔クリーム・フォーム,販売金額,千円,6836972.0,2020
2020,8,洗顔クリーム・フォーム,販売金額,千円,6237841.0,2020
2020,9,洗顔クリーム・フォーム,販売金額,千円,6470117.0,2020
2020,10,洗顔クリーム・フォーム,販売金額,千円,5976604.0,2020
2020,11,洗顔クリーム・フォーム,販売金額,千円,5192372.0,2020
2020,12,洗顔クリーム・フォーム,販売金額,千円,5850034.0,2020
2021,0,洗顔クリーム・フォーム,販売金額,千円,72891501.0,2023
2021,1,洗顔クリーム・フォーム,販売金額,千円,4728645.0,2021
2021,2,洗顔クリーム・フォーム,販売金額,千円,4922316.0,2021
2021,3,洗顔クリーム・フォーム,販売金額,千円,6118965.0,2021
2021,4,洗顔クリーム・フォーム,販売金額,千円,5992175.0,2021
2021,5,洗顔クリーム・フォーム,販売金額,千円,5232648.0,2021
2021,6,洗顔クリーム・フォーム,販売金額,千円,6316774.0,2021
2021,7,洗顔クリーム・フォーム,販売金額,千円,6165934.0,2021
2021,8,洗顔クリーム・フォーム,販売金額,千円,6377823.0,2021
2021,9,洗顔クリーム・フォーム,販売金額,千円,6620752.0,2021
2021,10,洗顔クリーム・フォーム,販売金額,千円,6406278.0,2021
2021,11,洗顔クリーム・フォーム,販売金額,千円,6194606.0,2021
2021,12,洗顔クリーム・フォーム,販売金額,千円,6206445.0,2021
2022,0,洗顔クリーム・フォーム,販売金額,千円,77286519.0,2023
2022,1,洗顔クリーム・フォーム,販売金額,千円,4679164.0,2022
2022,2,洗顔クリーム・フォーム,販売金額,千円,5680799.0,2022
2022,3,洗顔クリーム・フォーム,販売金額,千円,6356299.0,2022
2022,4,洗顔クリーム・フォーム,販売金額,千円,5996157.0,2022
2022,5,洗顔クリーム・フォーム,販売金額,千円,6072478.0,2022
2022,6,洗顔クリーム・フォーム,販売金額,千円,7160743.0,2022
2022,7,洗顔クリーム・フォーム,販売金額,千円,6847520.0,2022
2022,8,洗顔クリーム・フォーム,販売金額,千円,6864378.0,2022
2022,9,洗顔クリーム・フォーム,販売金額,千円,7081904.0,2022
2022,10,洗顔クリーム・フォーム,販売金額,千円,6329716.0,2022
2022,11,洗顔クリーム・フォーム,販売金額,千円,6335279.0,2022
2022,12,洗顔クリーム・フォーム,販売金額,千円,7882082.0,2022
2023,0,洗顔クリーム・フォーム,販売金額,千円,75090347.0,2023
2023,1,洗顔クリーム・フォーム,販売金額,千円,4824115.0,2023
2023,2,洗顔クリーム・フォーム,販売金額,千円,6049468.0,2023
2023,3,洗顔クリーム・フォーム,販売金額,千円,6277479.0,2023
2023,4,洗顔クリーム・フォーム,販売金額,千円,6556853.0,2023
2023,5,洗顔クリーム・フォーム,販売金額,千円,6178094.0,2023
2023,6,洗顔クリーム・フォーム,販売金額,千円,6937459.0,2023
2023,7,洗顔クリーム・フォーム,販売金額,千円,6570927.0,2023
2023,8,洗顔クリーム・フォーム,販売金額,千円,6567604.0,2023
2023,9,洗顔クリーム・フォーム,販売金額,千円,6128529.0,2023
2023,10,洗顔クリーム・フォーム,販売金額,千円,5997330.0,2023
2023,11,洗顔クリーム・フォーム,販売金額,千円,6244762.0,2023
2023,12,洗顔クリーム・フォーム,販売金額,千円,6757727.0,2023
2024,1,洗顔クリーム・フォーム,販売金額,千円,5572030.0,2024
2024,2,洗顔クリーム・フォーム,販売金額,千円,6334830.0,2024
2024,3,洗顔クリーム・フォーム,販売金額,千円,7088199.0,2024
2024,4,洗顔クリーム・フォーム,販売金額,千円,5743654.0,2024
2024,5,洗顔クリーム・フォーム,販売金額,千円,5805050.0,2024
2024,6,洗顔クリーム・フォーム,販売金額,千円,6371484.0,2024
2024,7,洗顔クリーム・フォーム,販売金額,千円,6584808.0,2024
2024,8,洗顔クリーム・フォーム,販売金額,千円,5287952.0,2024
2024,9,洗顔クリーム・フォーム,販売金額,千円,6177771.0,2024
2024,10,洗顔クリーム・フォーム,販売金額,千円,6337963.0,2024
2024,11,洗顔クリーム・フォーム,販売金額,千円,5619850.0,2024
2024,12,洗顔クリーム・フォーム,販売金額,千円,5986340.0,2024
2015,0,液状・泡状整髪料,出荷その他,kg,168176.0,2019
2016,0,液状・泡状整髪料,出荷その他,kg,209605.0,2020
2017,0,液状・泡状整髪料,出荷その他,kg,157771.0,2021
2018,0,液状・泡状整髪料,出荷その他,kg,228950.0,2022
2019,0,液状・泡状整髪料,出荷その他,kg,179415.0,2023
2019,1,液状・泡状整髪料,出荷その他,kg,7601.0,2019
2019,2,液状・泡状整髪料,出荷その他,kg,40035.0,2019
2019,3,液状・泡状整髪料,出荷その他,kg,26390.0,2019
2019,4,液状・泡状整髪料,出荷その他,kg,15823.0,2019
2019,5,液状・泡状整髪料,出荷その他,kg,12975.0,2019
2019,6,液状・泡状整髪料,出荷その他,kg,10835.0,2019
2019,7,液状・泡状整髪料,出荷その他,kg,7566.0,2019
2019,8,液状・泡状整髪料,出荷その他,kg,3760.0,2019
2019,9,液状・泡状整髪料,出荷その他,kg,8070.0,2019
2019,10,液状・泡状整髪料,出荷その他,kg,11272.0,2019
2019,11,液状・泡状整髪料,出荷その他,kg,25423.0,2019
2019,12,液状・泡状整髪料,出荷その他,kg,9665.0,2019
2020,0,液状・泡状整髪料,出荷その他,kg,112647.0,2023
2020,1,液状・泡状整髪料,出荷その他,kg,5049.0,2020
2020,2,液状・泡状整髪料,出荷その他,kg,17920.0,2020
2020,3,液状・泡状整髪料,出荷その他,kg,11485.0,2020
2020,4,液状・泡状整髪料,出荷その他,kg,7801.0,2020
2020,5,液状・泡状整髪料,出荷その他,kg,12532.0,2020
2020,6,液状・泡状整髪料,出荷その他,kg,8683.0,2020
2020,7,液状・泡状整髪料,出荷その他,kg,5461.0,2020
2020,8,液状・泡状整髪料,出荷その他,kg,5095.0,2020
2020,9,液状・泡状整髪料,出荷その他,kg,4571.0,2020
2020,10,液状・泡状整髪料,出荷その他,kg,10691.0,2020
2020,11,液状・泡状整髪料,出荷その他,kg,14537.0,2020
2020,12,液状・泡状整髪料,出荷その他,kg,8550.0,2020
2021,0,液状・泡状整髪料,出荷その他,kg,79484.0,2023
2021,1,液状・泡状整髪料,出荷その他,kg,5296.0,2021
2021,2,液状・泡状整髪料,出荷その他,kg,2134.0,2021
2021,3,液状・泡状整髪料,出荷その他,kg,6488.0,2021
2021,4,液状・泡状整髪料,出荷その他,kg,17088.0,2021
2021,5,液状・泡状整髪料,出荷その他,kg,13826.0,2021
2021,6,液状・泡状整髪料,出荷その他,kg,7091.0,2021
2021,7,液状・泡状整髪料,出荷その他,kg,5606.0,2021
2021,8,液状・泡状整髪料,出荷その他,kg,2634.0,2021
2021,9,液状・泡状整髪料,出荷その他,kg,4631.0,2021
2021,10,液状・泡状整髪料,出荷その他,kg,2353.0,2021
2021,11,液状・泡状整髪料,出荷その他,kg,4100.0,2021
2021,12,液状・泡状整髪料,出荷その他,kg,7180.0,2021
2022,0,液状・泡状整髪料,出荷その他,kg,65317.0,2023
2022,1,液状・泡状整髪料,出荷その他,kg,8016.0,2022
2022,2,液状・泡状整髪料,出荷その他,kg,1934.0,2022
2022,3,液状・泡状整髪料,出荷その他,kg,6498.0,2022
2022,4,液状・泡状整髪料,出荷その他,kg,3773.0,2022
2022,5,液状・泡状整髪料,出荷その他,kg,11100.0,2022
2022,6,液状・泡状整髪料,出荷その他,kg,5480.0,2022
2022,7,液状・泡状整髪料,出荷その他,kg,17523.0,2022
2022,8,液状・泡状整髪料,出荷その他,kg,1404.0,2022
2022,9,液状・泡状整髪料,出荷その他,kg,2460.0,2022
2022,10,液状・泡状整髪料,出荷その他,kg,2315.0,2022
2022,11,液状・泡状整髪料,出荷その他,kg,3186.0,2022
2022,12,液状・泡状整髪料,出荷その他,kg,1628.0,2022
2023,0,液状・泡状整髪料,出荷その他,kg,29296.0,2023
2023,1,液状・泡状整髪料,出荷その他,kg,1873.0,2023
2023,2,液状・泡状整髪料,出荷その他,kg,2573.0,2023
2023,3,液状・泡状整髪料,出荷その他,kg,1916.0,2023
2023,4,液状・泡状整髪料,出荷その他,kg,4504.0,2023
2023,5,液状・泡状整髪料,出荷その他,kg,4644.0,2023
2023,6,液状・泡状整髪料,出荷その他,kg,3213.0,2023
2023,7,液状・泡状整髪料,出荷その他,kg,2354.0,2023
2023,8,液状・泡状整髪料,出荷その他,kg,1207.0,2023
2023,9,液状・泡状整髪料,出荷その他,kg,1263.0,2023
2023,10,液状・泡状整髪料,出荷その他,kg,1280.0,2023
2023,11,液状・泡状整髪料,出荷その他,kg,2211.0,2023
2023,12,液状・泡状整髪料,出荷その他,kg,2258.0,2023
2024,1,液状・泡状整髪料,出荷その他,kg,2102.0,2024
2024,2,液状・泡状整髪料,出荷その他,kg,2727.0,2024
2024,3,液状・泡状整髪料,出荷その他,kg,2010.0,2024
2024,4,液状・泡状整髪料,出荷その他,kg,2121.0,2024
2024,5,液状・泡状整髪料,出荷その他,kg,2930.0,2024
2024,6,液状・泡状整髪料,出荷その他,kg,1594.0,2024
2024,7,液状・泡状整髪料,出荷その他,kg,1223.0,2024
2024,8,液状・泡状整髪料,出荷その他,kg,1639.0,2024
2024,9,液状・泡状整髪料,出荷その他,kg,3394.0,2024
2024,10,液状・泡状整髪料,出荷その他,kg,1760.0,2024
2024,11,液状・泡状整髪料,出荷その他,kg,2133.0,2024
2024,12,液状・泡状整髪料,出荷その他,kg,4033.0,2024
2015,0,液状・泡状整髪料,受入,kg,321860.0,2019
2016,0,液状・泡状整髪料,受入,kg,410345.0,2020
2017,0,液状・泡状整髪料,受入,kg,391852.0,2021
2018,0,液状・泡状整髪料,受入,kg,310618.0,2022
2019,0,液状・泡状整髪料,受入,kg,279161.0,2023
2019,1,液状・泡状整髪料,受入,kg,36113.0,2019
2019,2,液状・泡状整髪料,受入,kg,15844.0,2019
2019,3,液状・泡状整髪料,受入,kg,24165.0,2019
2019,4,液状・泡状整髪料,受入,kg,24055.0,2019
2019,5,液状・泡状整髪料,受入,kg,23049.0,2019
2019,6,液状・泡状整髪料,受入,kg,21032.0,2019
2019,7,液状・泡状整髪料,受入,kg,37689.0,2019
2019,8,液状・泡状整髪料,受入,kg,26779.0,2019
2019,9,液状・泡状整髪料,受入,kg,18186.0,2019
2019,10,液状・泡状整髪料,受入,kg,12593.0,2019
2019,11,液状・泡状整髪料,受入,kg,22236.0,2019
2019,12,液状・泡状整髪料,受入,kg,17420.0,2019
2020,0,液状・泡状整髪料,受入,kg,223547.0,2023
2020,1,液状・泡状整髪料,受入,kg,15906.0,2020
2020,2,液状・泡状整髪料,受入,kg,16578.0,2020
2020,3,液状・泡状整髪料,受入,kg,33373.0,2020
2020,4,液状・泡状整髪料,受入,kg,21236.0,2020
2020,5,液状・泡状整髪料,受入,kg,27375.0,2020
2020,6,液状・泡状整髪料,受入,kg,27815.0,2020
2020,7,液状・泡状整髪料,受入,kg,24458.0,2020
2020,8,液状・泡状整髪料,受入,kg,37682.0,2020
2020,9,液状・泡状整髪料,受入,kg,4082.0,2020
2020,10,液状・泡状整髪料,受入,kg,10031.0,2020
2020,11,液状・泡状整髪料,受入,kg,1377.0,2020
2020,12,液状・泡状整髪料,受入,kg,3634.0,2020
2021,0,液状・泡状整髪料,受入,kg,217439.0,2023
2021,1,液状・泡状整髪料,受入,kg,57280.0,2021
2021,2,液状・泡状整髪料,受入,kg,20388.0,2021
2021,3,液状・泡状整髪料,受入,kg,22837.0,2021
2021,4,液状・泡状整髪料,受入,kg,23087.0,2021
2021,5,液状・泡状整髪料,受入,kg,12117.0,2021
2021,6,液状・泡状整髪料,受入,kg,26824.0,2021
2021,7,液状・泡状整髪料,受入,kg,15551.0,2021
2021,8,液状・泡状整髪料,受入,kg,5848.0,2021
2021,9,液状・泡状整髪料,受入,kg,1002.0,2021
2021,10,液状・泡状整髪料,受入,kg,905.0,2021
2021,11,液状・泡状整髪料,受入,kg,16076.0,2021
2021,12,液状・泡状整髪料,受入,kg,15524.0,2021
2022,0,液状・泡状整髪料,受入,kg,237082.0,2023
2022,1,液状・泡状整髪料,受入,kg,23594.0,2022
2022,2,液状・泡状整髪料,受入,kg,18797.0,2022
2022,3,液状・泡状整髪料,受入,kg,9936.0,2022
2022,4,液状・泡状整髪料,受入,kg,34483.0,2022
2022,5,液状・泡状整髪料,受入,kg,18725.0,2022
2022,6,液状・泡状整髪料,受入,kg,11405.0,2022
2022,7,液状・泡状整髪料,受入,kg,21832.0,2022
2022,8,液状・泡状整髪料,受入,kg,23224.0,2022
2022,9,液状・泡状整髪料,受入,kg,27271.0,2022
2022,10,液状・泡状整髪料,受入,kg,29408.0,2022
2022,11,液状・泡状整髪料,受入,kg,11363.0,2022
2022,12,液状・泡状整髪料,受入,kg,7044.0,2022
2023,0,液状・泡状整髪料,受入,kg,163269.0,2023
2023,1,液状・泡状整髪料,受入,kg,46450.0,2023
2023,2,液状・泡状整髪料,受入,kg,20908.0,2023
2023,3,液状・泡状整髪料,受入,kg,17044.0,2023
2023,4,液状・泡状整髪料,受入,kg,614.0,2023
2023,5,液状・泡状整髪料,受入,kg,42.0,2023
2023,6,液状・泡状整髪料,受入,kg,786.0,2023
2023,7,液状・泡状整髪料,受入,kg,265.0,2023
2023,8,液状・泡状整髪料,受入,kg,16690.0,2023
2023,9,液状・泡状整髪料,受入,kg,34368.0,2023
2023,10,液状・泡状整髪料,受入,kg,25727.0,2023
2023,11,液状・泡状整髪料,受入,kg,82.0,2023
2023,12,液状・泡状整髪料,受入,kg,293.0,2023
2024,1,液状・泡状整髪料,受入,kg,768.0,2024
2024,2,液状・泡状整髪料,受入,kg,507.0,2024
2024,3,液状・泡状整髪料,受入,kg,333.0,2024
2024,4,液状・泡状整髪料,受入,kg,11.0,2024
2024,5,液状・泡状整髪料,受入,kg,31.0,2024
2024,6,液状・泡状整髪料,受入,kg,35.0,2024
2024,7,液状・泡状整髪料,受入,kg,122.0,2024
2024,8,液状・泡状整髪料,受入,kg,4.0,2024
2024,9,液状・泡状整髪料,受入,kg,5.0,2024
2024,10,液状・泡状整髪料,受入,kg,17.0,2024
2024,11,液状・泡状整髪料,受入,kg,6.0,2024
2024,12,液状・泡状整髪料,受入,kg,15.0,2024
2015,0,液状・泡状整髪料,月末在庫,kg,778676.0,2019
2016,0,液状・泡状整髪料,月末在庫,kg,699775.0,2020
2017,0,液状・泡状整髪料,月末在庫,kg,843346.0,2021
2018,0,液状・泡状整髪料,月末在庫,kg,863049.0,2022
2019,0,液状・泡状整髪料,月末在庫,kg,838474.0,2023
2019,1,液状・泡状整髪料,月末在庫,kg,886873.0,2019
2019,2,液状・泡状整髪料,月末在庫,kg,946978.0,2019
2019,3,液状・泡状整髪料,月末在庫,kg,1027005.0,2019
2019,4,液状・泡状整髪料,月末在庫,kg,940922.0,2019
2019,5,液状・泡状整髪料,月末在庫,kg,965357.0,2019
2019,6,液状・泡状整髪料,月末在庫,kg,943884.0,2019
2019,7,液状・泡状整髪料,月末在庫,kg,1000355.0,2019
2019,8,液状・泡状整髪料,月末在庫,kg,1008143.0,2019
2019,9,液状・泡状整髪料,月末在庫,kg,791690.0,2019
2019,10,液状・泡状整髪料,月末在庫,kg,842017.0,2019
2019,11,液状・泡状整髪料,月末在庫,kg,937794.0,2019
2019,12,液状・泡状整髪料,月末在庫,kg,838474.0,2019
2020,0,液状・泡状整髪料,月末在庫,kg,651953.0,2023
2020,1,液状・泡状整髪料,月末在庫,kg,824606.0,2020
2020,2,液状・泡状整髪料,月末在庫,kg,831129.0,2020
2020,3,液状・泡状整髪料,月末在庫,kg,871567.0,2020
2020,4,液状・泡状整髪料,月末在庫,kg,906545.0,2020
2020,5,液状・泡状整髪料,月末在庫,kg,985679.0,2020
2020,6,液状・泡状整髪料,月末在庫,kg,1041107.0,2020
2020,7,液状・泡状整髪料,月末在庫,kg,917903.0,2020
2020,8,液状・泡状整髪料,月末在庫,kg,880356.0,2020
2020,9,液状・泡状整髪料,月末在庫,kg,881193.0,2020
2020,10,液状・泡状整髪料,月末在庫,kg,871442.0,2020
2020,11,液状・泡状整髪料,月末在庫,kg,855071.0,2020
2020,12,液状・泡状整髪料,月末在庫,kg,639842.0,2020
2021,0,液状・泡状整髪料,月末在庫,kg,608856.0,2023
2021,1,液状・泡状整髪料,月末在庫,kg,711780.0,2021
2021,2,液状・泡状整髪料,月末在庫,kg,677254.0,2021
2021,3,液状・泡状整髪料,月末在庫,kg,696912.0,2021
2021,4,液状・泡状整髪料,月末在庫,kg,620456.0,2021
2021,5,液状・泡状整髪料,月末在庫,kg,639256.0,2021
2021,6,液状・泡状整髪料,月末在庫,kg,664933.0,2021
2021,7,液状・泡状整髪料,月末在庫,kg,658595.0,2021
2021,8,液状・泡状整髪料,月末在庫,kg,663538.0,2021
2021,9,液状・泡状整髪料,月末在庫,kg,741397.0,2021
2021,10,液状・泡状整髪料,月末在庫,kg,736108.0,2021
2021,11,液状・泡状整髪料,月末在庫,kg,787458.0,2021
2021,12,液状・泡状整髪料,月末在庫,kg,596523.0,2021
2022,0,液状・泡状整髪料,月末在庫,kg,730177.0,2023
2022,1,液状・泡状整髪料,月末在庫,kg,570265.0,2022
2022,2,液状・泡状整髪料,月末在庫,kg,725634.0,2022
2022,3,液状・泡状整髪料,月末在庫,kg,752584.0,2022
2022,4,液状・泡状整髪料,月末在庫,kg,751516.0,2022
2022,5,液状・泡状整髪料,月末在庫,kg,652594.0,2022
2022,6,液状・泡状整髪料,月末在庫,kg,667940.0,2022
2022,7,液状・泡状整髪料,月末在庫,kg,641119.0,2022
2022,8,液状・泡状整髪料,月末在庫,kg,660354.0,2022
2022,9,液状・泡状整髪料,月末在庫,kg,644278.0,2022
2022,10,液状・泡状整髪料,月末在庫,kg,725598.0,2022
2022,11,液状・泡状整髪料,月末在庫,kg,884574.0,2022
2022,12,液状・泡状整髪料,月末在庫,kg,730177.0,2022
2023,0,液状・泡状整髪料,月末在庫,kg,710926.0,2023
2023,1,液状・泡状整髪料,月末在庫,kg,825332.0,2023
2023,2,液状・泡状整髪料,月末在庫,kg,794623.0,2023
2023,3,液状・泡状整髪料,月末在庫,kg,804287.0,2023
2023,4,液状・泡状整髪料,月末在庫,kg,756884.0,2023
2023,5,液状・泡状整髪料,月末在庫,kg,728628.0,2023
2023,6,液状・泡状整髪料,月末在庫,kg,742871.0,2023
2023,7,液状・泡状整髪料,月末在庫,kg,730484.0,2023
2023,8,液状・泡状整髪料,月末在庫,kg,801172.0,2023
2023,9,液状・泡状整髪料,月末在庫,kg,907260.0,2023
2023,10,液状・泡状整髪料,月末在庫,kg,984884.0,2023
2023,11,液状・泡状整髪料,月末在庫,kg,853202.0,2023
2023,12,液状・泡状整髪料,月末在庫,kg,710926.0,2023
2024,1,液状・泡状整髪料,月末在庫,kg,774137.0,2024
2024,2,液状・泡状整髪料,月末在庫,kg,775199.0,2024
2024,3,液状・泡状整髪料,月末在庫,kg,807705.0,2024
2024,4,液状・泡状整髪料,月末在庫,kg,752975.0,2024
2024,5,液状・泡状整髪料,月末在庫,kg,720197.0,2024
2024,6,液状・泡状整髪料,月末在庫,kg,669279.0,2024
2024,7,液状・泡状整髪料,月末在庫,kg,757841.0,2024
2024,8,液状・泡状整髪料,月末在庫,kg,750615.0,2024
2024,9,液状・泡状整髪料,月末在庫,kg,875557.0,2024
2024,10,液状・泡状整髪料,月末在庫,kg,880185.0,2024
2024,11,液状・泡状整髪料,月末在庫,kg,898478.0,2024
2024,12,液状・泡状整髪料,月末在庫,kg,706501.0,2024
2015,0,液状・泡状整髪料,生産,kg,6884527.0,2019
2016,0,液状・泡状整髪料,生産,kg,7026936.0,2020
2017,0,液状・泡状整髪料,生産,kg,6995124.0,2021
2018,0,液状・泡状整髪料,生産,kg,6592725.0,2022
2019,0,液状・泡状整髪料,生産,kg,6240555.0,2023
2019,1,液状・泡状整髪料,生産,kg,432261.0,2019
2019,2,液状・泡状整髪料,生産,kg,529263.0,2019
2019,3,液状・泡状整髪料,生産,kg,651292.0,2019
2019,4,液状・泡状整髪料,生産,kg,580886.0,2019
2019,5,液状・泡状整髪料,生産,kg,542747.0,2019
2019,6,液状・泡状整髪料,生産,kg,508769.0,2019
2019,7,液状・泡状整髪料,生産,kg,569808.0,2019
2019,8,液状・泡状整髪料,生産,kg,461434.0,2019
2019,9,液状・泡状整髪料,生産,kg,396783.0,2019
2019,10,液状・泡状整髪料,生産,kg,518254.0,2019
2019,11,液状・泡状整髪料,生産,kg,555110.0,2019
2019,12,液状・泡状整髪料,生産,kg,493948.0,2019
2020,0,液状・泡状整髪料,生産,kg,5250827.0,2023
2020,1,液状・泡状整髪料,生産,kg,408670.0,2020
2020,2,液状・泡状整髪料,生産,kg,464408.0,2020
2020,3,液状・泡状整髪料,生産,kg,532327.0,2020
2020,4,液状・泡状整髪料,生産,kg,551941.0,2020
2020,5,液状・泡状整髪料,生産,kg,426430.0,2020
2020,6,液状・泡状整髪料,生産,kg,491402.0,2020
2020,7,液状・泡状整髪料,生産,kg,403723.0,2020
2020,8,液状・泡状整髪料,生産,kg,296005.0,2020
2020,9,液状・泡状整髪料,生産,kg,439559.0,2020
2020,10,液状・泡状整髪料,生産,kg,423224.0,2020
2020,11,液状・泡状整髪料,生産,kg,430613.0,2020
2020,12,液状・泡状整髪料,生産,kg,334789.0,2020
2021,0,液状・泡状整髪料,生産,kg,5204903.0,2023
2021,1,液状・泡状整髪料,生産,kg,413537.0,2021
2021,2,液状・泡状整髪料,生産,kg,367971.0,2021
2021,3,液状・泡状整髪料,生産,kg,515844.0,2021
2021,4,液状・泡状整髪料,生産,kg,434086.0,2021
2021,5,液状・泡状整髪料,生産,kg,427105.0,2021
2021,6,液状・泡状整髪料,生産,kg,480903.0,2021
2021,7,液状・泡状整髪料,生産,kg,443361.0,2021
2021,8,液状・泡状整髪料,生産,kg,348882.0,2021
2021,9,液状・泡状整髪料,生産,kg,490565.0,2021
2021,10,液状・泡状整髪料,生産,kg,394644.0,2021
2021,11,液状・泡状整髪料,生産,kg,456485.0,2021
2021,12,液状・泡状整髪料,生産,kg,347787.0,2021
2022,0,液状・泡状整髪料,生産,kg,5385659.0,2023
2022,1,液状・泡状整髪料,生産,kg,330396.0,2022
2022,2,液状・泡状整髪料,生産,kg,487066.0,2022
2022,3,液状・泡状整髪料,生産,kg,558473.0,2022
2022,4,液状・泡状整髪料,生産,kg,501786.0,2022
2022,5,液状・泡状整髪料,生産,kg,374317.0,2022
2022,6,液状・泡状整髪料,生産,kg,447387.0,2022
2022,7,液状・泡状整髪料,生産,kg,377314.0,2022
2022,8,液状・泡状整髪料,生産,kg,402863.0,2022
2022,9,液状・泡状整髪料,生産,kg,395875.0,2022
2022,10,液状・泡状整髪料,生産,kg,486501.0,2022
2022,11,液状・泡状整髪料,生産,kg,652741.0,2022
2022,12,液状・泡状整髪料,生産,kg,370940.0,2022
2023,0,液状・泡状整髪料,生産,kg,5556741.0,2023
2023,1,液状・泡状整髪料,生産,kg,422202.0,2023
2023,2,液状・泡状整髪料,生産,kg,427606.0,2023
2023,3,液状・泡状整髪料,生産,kg,554114.0,2023
2023,4,液状・泡状整髪料,生産,kg,461070.0,2023
2023,5,液状・泡状整髪料,生産,kg,456580.0,2023
2023,6,液状・泡状整髪料,生産,kg,469430.0,2023
2023,7,液状・泡状整髪料,生産,kg,389530.0,2023
2023,8,液状・泡状整髪料,生産,kg,465565.0,2023
2023,9,液状・泡状整髪料,生産,kg,484287.0,2023
2023,10,液状・泡状整髪料,生産,kg,602607.0,2023
2023,11,液状・泡状整髪料,生産,kg,427788.0,2023
2023,12,液状・泡状整髪料,生産,kg,395962.0,2023
2024,1,液状・泡状整髪料,生産,kg,420005.0,2024
2024,2,液状・泡状整髪料,生産,kg,389055.0,2024
2024,3,液状・泡状整髪料,生産,kg,521684.0,2024
2024,4,液状・泡状整髪料,生産,kg,461976.0,2024
2024,5,液状・泡状整髪料,生産,kg,439341.0,2024
2024,6,液状・泡状整髪料,生産,kg,370785.0,2024
2024,7,液状・泡状整髪料,生産,kg,573200.0,2024
2024,8,液状・泡状整髪料,生産,kg,347870.0,2024
2024,9,液状・泡状整髪料,生産,kg,515433.0,2024
2024,10,液状・泡状整髪料,生産,kg,521455.0,2024
2024,11,液状・泡状整髪料,生産,kg,463196.0,2024
2024,12,液状・泡状整髪料,生産,kg,345655.0,2024
2015,0,液状・泡状整髪料,販売個数,十個,3565142.0,2019
2016,0,液状・泡状整髪料,販売個数,十個,3638223.0,2020
2017,0,液状・泡状整髪料,販売個数,十個,3656404.0,2021
2018,0,液状・泡状整髪料,販売個数,十個,3468618.0,2022
2019,0,液状・泡状整髪料,販売個数,十個,3311291.0,2023
2019,1,液状・泡状整髪料,販売個数,十個,223091.0,2019
2019,2,液状・泡状整髪料,販売個数,十個,225859.0,2019
2019,3,液状・泡状整髪料,販売個数,十個,291371.0,2019
2019,4,液状・泡状整髪料,販売個数,十個,360553.0,2019
2019,5,液状・泡状整髪料,販売個数,十個,260705.0,2019
2019,6,液状・泡状整髪料,販売個数,十個,275860.0,2019
2019,7,液状・泡状整髪料,販売個数,十個,294062.0,2019
2019,8,液状・泡状整髪料,販売個数,十個,256178.0,2019
2019,9,液状・泡状整髪料,販売個数,十個,328025.0,2019
2019,10,液状・泡状整髪料,販売個数,十個,250907.0,2019
2019,11,液状・泡状整髪料,販売個数,十個,238563.0,2019
2019,12,液状・泡状整髪料,販売個数,十個,306117.0,2019
2020,0,液状・泡状整髪料,販売個数,十個,2828883.0,2023
2020,1,液状・泡状整髪料,販売個数,十個,221677.0,2020
2020,2,液状・泡状整髪料,販売個数,十個,231070.0,2020
2020,3,液状・泡状整髪料,販売個数,十個,257432.0,2020
2020,4,液状・泡状整髪料,販売個数,十個,256856.0,2020
2020,5,液状・泡状整髪料,販売個数,十個,171586.0,2020
2020,6,液状・泡状整髪料,販売個数,十個,240026.0,2020
2020,7,液状・泡状整髪料,販売個数,十個,285278.0,2020
2020,8,液状・泡状整髪料,販売個数,十個,184738.0,2020
2020,9,液状・泡状整髪料,販売個数,十個,231621.0,2020
2020,10,液状・泡状整髪料,販売個数,十個,231141.0,2020
2020,11,液状・泡状整髪料,販売個数,十個,217035.0,2020
2020,12,液状・泡状整髪料,販売個数,十個,274331.0,2020
2021,0,液状・泡状整髪料,販売個数,十個,2833284.0,2023
2021,1,液状・泡状整髪料,販売個数,十個,201008.0,2021
2021,2,液状・泡状整髪料,販売個数,十個,210740.0,2021
2021,3,液状・泡状整髪料,販売個数,十個,269552.0,2021
2021,4,液状・泡状整髪料,販売個数,十個,270923.0,2021
2021,5,液状・泡状整髪料,販売個数,十個,219780.0,2021
2021,6,液状・泡状整髪料,販売個数,十個,250190.0,2021
2021,7,液状・泡状整髪料,販売個数,十個,255333.0,2021
2021,8,液状・泡状整髪料,販売個数,十個,182485.0,2021
2021,9,液状・泡状整髪料,販売個数,十個,214860.0,2021
2021,10,液状・泡状整髪料,販売個数,十個,211298.0,2021
2021,11,液状・泡状整髪料,販売個数,十個,217488.0,2021
2021,12,液状・泡状整髪料,販売個数,十個,284564.0,2021
2022,0,液状・泡状整髪料,販売個数,十個,2897185.0,2023
2022,1,液状・泡状整髪料,販売個数,十個,188362.0,2022
2022,2,液状・泡状整髪料,販売個数,十個,185724.0,2022
2022,3,液状・泡状整髪料,販売個数,十個,271709.0,2022
2022,4,液状・泡状整髪料,販売個数,十個,279597.0,2022
2022,5,液状・泡状整髪料,販売個数,十個,262019.0,2022
2022,6,液状・泡状整髪料,販売個数,十個,245166.0,2022
2022,7,液状・泡状整髪料,販売個数,十個,238234.0,2022
2022,8,液状・泡状整髪料,販売個数,十個,213114.0,2022
2022,9,液状・泡状整髪料,販売個数,十個,244070.0,2022
2022,10,液状・泡状整髪料,販売個数,十個,230025.0,2022
2022,11,液状・泡状整髪料,販売個数,十個,257892.0,2022
2022,12,液状・泡状整髪料,販売個数,十個,281273.0,2022
2023,0,液状・泡状整髪料,販売個数,十個,3227817.0,2023
2023,1,液状・泡状整髪料,販売個数,十個,259948.0,2023
2023,2,液状・泡状整髪料,販売個数,十個,259084.0,2023
2023,3,液状・泡状整髪料,販売個数,十個,296798.0,2023
2023,4,液状・泡状整髪料,販売個数,十個,273284.0,2023
2023,5,液状・泡状整髪料,販売個数,十個,295498.0,2023
2023,6,液状・泡状整髪料,販売個数,十個,257564.0,2023
2023,7,液状・泡状整髪料,販売個数,十個,224544.0,2023
2023,8,液状・泡状整髪料,販売個数,十個,232830.0,2023
2023,9,液状・泡状整髪料,販売個数,十個,229571.0,2023
2023,10,液状・泡状整髪料,販売個数,十個,317566.0,2023
2023,11,液状・泡状整髪料,販売個数,十個,301390.0,2023
2023,12,液状・泡状整髪料,販売個数,十個,279740.0,2023
2024,1,液状・泡状整髪料,販売個数,十個,181874.0,2024
2024,2,液状・泡状整髪料,販売個数,十個,202161.0,2024
2024,3,液状・泡状整髪料,販売個数,十個,247129.0,2024
2024,4,液状・泡状整髪料,販売個数,十個,307850.0,2024
2024,5,液状・泡状整髪料,販売個数,十個,259806.0,2024
2024,6,液状・泡状整髪料,販売個数,十個,229149.0,2024
2024,7,液状・泡状整髪料,販売個数,十個,307328.0,2024
2024,8,液状・泡状整髪料,販売個数,十個,189703.0,2024
2024,9,液状・泡状整髪料,販売個数,十個,229948.0,2024
2024,10,液状・泡状整髪料,販売個数,十個,292517.0,2024
2024,11,液状・泡状整髪料,販売個数,十個,253419.0,2024
2024,12,液状・泡状整髪料,販売個数,十個,268634.0,2024
2015,0,液状・泡状整髪料,販売数量,kg,7106632.0,2019
2016,0,液状・泡状整髪料,販売数量,kg,7166534.0,2020
2017,0,液状・泡状整髪料,販売数量,kg,6999868.0,2021
2018,0,液状・泡状整髪料,販売数量,kg,6584450.0,2022
2019,0,液状・泡状整髪料,販売数量,kg,6340575.0,2023
2019,1,液状・泡状整髪料,販売数量,kg,434295.0,2019
2019,2,液状・泡状整髪料,販売数量,kg,442755.0,2019
2019,3,液状・泡状整髪料,販売数量,kg,567746.0,2019
2019,4,液状・泡状整髪料,販売数量,kg,674323.0,2019
2019,5,液状・泡状整髪料,販売数量,kg,526271.0,2019
2019,6,液状・泡状整髪料,販売数量,kg,533511.0,2019
2019,7,液状・泡状整髪料,販売数量,kg,541595.0,2019
2019,8,液状・泡状整髪料,販売数量,kg,475862.0,2019
2019,9,液状・泡状整髪料,販売数量,kg,623246.0,2019
2019,10,液状・泡状整髪料,販売数量,kg,469016.0,2019
2019,11,液状・泡状整髪料,販売数量,kg,454383.0,2019
2019,12,液状・泡状整髪料,販売数量,kg,597572.0,2019
2020,0,液状・泡状整髪料,販売数量,kg,5530179.0,2023
2020,1,液状・泡状整髪料,販売数量,kg,432024.0,2020
2020,2,液状・泡状整髪料,販売数量,kg,454457.0,2020
2020,3,液状・泡状整髪料,販売数量,kg,512841.0,2020
2020,4,液状・泡状整髪料,販売数量,kg,528693.0,2020
2020,5,液状・泡状整髪料,販売数量,kg,356734.0,2020
2020,6,液状・泡状整髪料,販売数量,kg,451602.0,2020
2020,7,液状・泡状整髪料,販売数量,kg,540710.0,2020
2020,8,液状・泡状整髪料,販売数量,kg,365588.0,2020
2020,9,液状・泡状整髪料,販売数量,kg,437058.0,2020
2020,10,液状・泡状整髪料,販売数量,kg,431747.0,2020
2020,11,液状・泡状整髪料,販売数量,kg,433131.0,2020
2020,12,液状・泡状整髪料,販売数量,kg,537041.0,2020
2021,0,液状・泡状整髪料,販売数量,kg,5363650.0,2023
2021,1,液状・泡状整髪料,販売数量,kg,391122.0,2021
2021,2,液状・泡状整髪料,販売数量,kg,415755.0,2021
2021,3,液状・泡状整髪料,販売数量,kg,508372.0,2021
2021,4,液状・泡状整髪料,販売数量,kg,515387.0,2021
2021,5,液状・泡状整髪料,販売数量,kg,405478.0,2021
2021,6,液状・泡状整髪料,販売数量,kg,472382.0,2021
2021,7,液状・泡状整髪料,販売数量,kg,458440.0,2021
2021,8,液状・泡状整髪料,販売数量,kg,346370.0,2021
2021,9,液状・泡状整髪料,販売数量,kg,408241.0,2021
2021,10,液状・泡状整髪料,販売数量,kg,398033.0,2021
2021,11,液状・泡状整髪料,販売数量,kg,416311.0,2021
2021,12,液状・泡状整髪料,販売数量,kg,545305.0,2021
2022,0,液状・泡状整髪料,販売数量,kg,5388736.0,2023
2022,1,液状・泡状整髪料,販売数量,kg,381997.0,2022
2022,2,液状・泡状整髪料,販売数量,kg,347883.0,2022
2022,3,液状・泡状整髪料,販売数量,kg,533685.0,2022
2022,4,液状・泡状整髪料,販売数量,kg,526924.0,2022
2022,5,液状・泡状整髪料,販売数量,kg,471827.0,2022
2022,6,液状・泡状整髪料,販売数量,kg,424447.0,2022
2022,7,液状・泡状整髪料,販売数量,kg,404129.0,2022
2022,8,液状・泡状整髪料,販売数量,kg,403773.0,2022
2022,9,液状・泡状整髪料,販売数量,kg,435175.0,2022
2022,10,液状・泡状整髪料,販売数量,kg,430712.0,2022
2022,11,液状・泡状整髪料,販売数量,kg,501062.0,2022
2022,12,液状・泡状整髪料,販売数量,kg,527122.0,2022
2023,0,液状・泡状整髪料,販売数量,kg,5688997.0,2023
2023,1,液状・泡状整髪料,販売数量,kg,370539.0,2023
2023,2,液状・泡状整髪料,販売数量,kg,474402.0,2023
2023,3,液状・泡状整髪料,販売数量,kg,557901.0,2023
2023,4,液状・泡状整髪料,販売数量,kg,504199.0,2023
2023,5,液状・泡状整髪料,販売数量,kg,479791.0,2023
2023,6,液状・泡状整髪料,販売数量,kg,448867.0,2023
2023,7,液状・泡状整髪料,販売数量,kg,397732.0,2023
2023,8,液状・泡状整髪料,販売数量,kg,409671.0,2023
2023,9,液状・泡状整髪料,販売数量,kg,410254.0,2023
2023,10,液状・泡状整髪料,販売数量,kg,548000.0,2023
2023,11,液状・泡状整髪料,販売数量,kg,555906.0,2023
2023,12,液状・泡状整髪料,販売数量,kg,531735.0,2023
2024,1,液状・泡状整髪料,販売数量,kg,355860.0,2024
2024,2,液状・泡状整髪料,販売数量,kg,386197.0,2024
2024,3,液状・泡状整髪料,販売数量,kg,487887.0,2024
2024,4,液状・泡状整髪料,販売数量,kg,515798.0,2024
2024,5,液状・泡状整髪料,販売数量,kg,469821.0,2024
2024,6,液状・泡状整髪料,販売数量,kg,417522.0,2024
2024,7,液状・泡状整髪料,販売数量,kg,483866.0,2024
2024,8,液状・泡状整髪料,販売数量,kg,354069.0,2024
2024,9,液状・泡状整髪料,販売数量,kg,388287.0,2024
2024,10,液状・泡状整髪料,販売数量,kg,515008.0,2024
2024,11,液状・泡状整髪料,販売数量,kg,442539.0,2024
2024,12,液状・泡状整髪料,販売数量,kg,526592.0,2024
2015,0,液状・泡状整髪料,販売金額,千円,11173382.0,2019
2016,0,液状・泡状整髪料,販売金額,千円,11542317.0,2020
2017,0,液状・泡状整髪料,販売金額,千円,11444695.0,2021
2018,0,液状・泡状整髪料,販売金額,千円,10816006.0,2022
2019,0,液状・泡状整髪料,販売金額,千円,10273958.0,2023
2019,1,液状・泡状整髪料,販売金額,千円,696497.0,2019
2019,2,液状・泡状整髪料,販売金額,千円,694011.0,2019
2019,3,液状・泡状整髪料,販売金額,千円,917788.0,2019
2019,4,液状・泡状整髪料,販売金額,千円,1125238.0,2019
2019,5,液状・泡状整髪料,販売金額,千円,804255.0,2019
2019,6,液状・泡状整髪料,販売金額,千円,837859.0,2019
2019,7,液状・泡状整髪料,販売金額,千円,897986.0,2019
2019,8,液状・泡状整髪料,販売金額,千円,791539.0,2019
2019,9,液状・泡状整髪料,販売金額,千円,1029633.0,2019
2019,10,液状・泡状整髪料,販売金額,千円,773548.0,2019
2019,11,液状・泡状整髪料,販売金額,千円,743906.0,2019
2019,12,液状・泡状整髪料,販売金額,千円,961698.0,2019
2020,0,液状・泡状整髪料,販売金額,千円,8701931.0,2023
2020,1,液状・泡状整髪料,販売金額,千円,682518.0,2020
2020,2,液状・泡状整髪料,販売金額,千円,709274.0,2020
2020,3,液状・泡状整髪料,販売金額,千円,794201.0,2020
2020,4,液状・泡状整髪料,販売金額,千円,750501.0,2020
2020,5,液状・泡状整髪料,販売金額,千円,502694.0,2020
2020,6,液状・泡状整髪料,販売金額,千円,737636.0,2020
2020,7,液状・泡状整髪料,販売金額,千円,855682.0,2020
2020,8,液状・泡状整髪料,販売金額,千円,592677.0,2020
2020,9,液状・泡状整髪料,販売金額,千円,710452.0,2020
2020,10,液状・泡状整髪料,販売金額,千円,721302.0,2020
2020,11,液状・泡状整髪料,販売金額,千円,668681.0,2020
2020,12,液状・泡状整髪料,販売金額,千円,873488.0,2020
2021,0,液状・泡状整髪料,販売金額,千円,8630065.0,2023
2021,1,液状・泡状整髪料,販売金額,千円,605105.0,2021
2021,2,液状・泡状整髪料,販売金額,千円,647292.0,2021
2021,3,液状・泡状整髪料,販売金額,千円,808696.0,2021
2021,4,液状・泡状整髪料,販売金額,千円,807871.0,2021
2021,5,液状・泡状整髪料,販売金額,千円,646643.0,2021
2021,6,液状・泡状整髪料,販売金額,千円,749102.0,2021
2021,7,液状・泡状整髪料,販売金額,千円,761692.0,2021
2021,8,液状・泡状整髪料,販売金額,千円,557252.0,2021
2021,9,液状・泡状整髪料,販売金額,千円,670549.0,2021
2021,10,液状・泡状整髪料,販売金額,千円,641697.0,2021
2021,11,液状・泡状整髪料,販売金額,千円,687777.0,2021
2021,12,液状・泡状整髪料,販売金額,千円,883231.0,2021
2022,0,液状・泡状整髪料,販売金額,千円,8976408.0,2023
2022,1,液状・泡状整髪料,販売金額,千円,615865.0,2022
2022,2,液状・泡状整髪料,販売金額,千円,594995.0,2022
2022,3,液状・泡状整髪料,販売金額,千円,815432.0,2022
2022,4,液状・泡状整髪料,販売金額,千円,866174.0,2022
2022,5,液状・泡状整髪料,販売金額,千円,764216.0,2022
2022,6,液状・泡状整髪料,販売金額,千円,763974.0,2022
2022,7,液状・泡状整髪料,販売金額,千円,743684.0,2022
2022,8,液状・泡状整髪料,販売金額,千円,662577.0,2022
2022,9,液状・泡状整髪料,販売金額,千円,742393.0,2022
2022,10,液状・泡状整髪料,販売金額,千円,704494.0,2022
2022,11,液状・泡状整髪料,販売金額,千円,796752.0,2022
2022,12,液状・泡状整髪料,販売金額,千円,905852.0,2022
2023,0,液状・泡状整髪料,販売金額,千円,9287904.0,2023
2023,1,液状・泡状整髪料,販売金額,千円,578766.0,2023
2023,2,液状・泡状整髪料,販売金額,千円,744572.0,2023
2023,3,液状・泡状整髪料,販売金額,千円,902033.0,2023
2023,4,液状・泡状整髪料,販売金額,千円,839382.0,2023
2023,5,液状・泡状整髪料,販売金額,千円,737506.0,2023
2023,6,液状・泡状整髪料,販売金額,千円,789437.0,2023
2023,7,液状・泡状整髪料,販売金額,千円,718744.0,2023
2023,8,液状・泡状整髪料,販売金額,千円,689734.0,2023
2023,9,液状・泡状整髪料,販売金額,千円,710147.0,2023
2023,10,液状・泡状整髪料,販売金額,千円,854315.0,2023
2023,11,液状・泡状整髪料,販売金額,千円,842279.0,2023
2023,12,液状・泡状整髪料,販売金額,千円,880989.0,2023
2024,1,液状・泡状整髪料,販売金額,千円,570891.0,2024
2024,2,液状・泡状整髪料,販売金額,千円,642203.0,2024
2024,3,液状・泡状整髪料,販売金額,千円,786380.0,2024
2024,4,液状・泡状整髪料,販売金額,千円,857221.0,2024
2024,5,液状・泡状整髪料,販売金額,千円,760544.0,2024
2024,6,液状・泡状整髪料,販売金額,千円,728006.0,2024
2024,7,液状・泡状整髪料,販売金額,千円,873946.0,2024
2024,8,液状・泡状整髪料,販売金額,千円,620491.0,2024
2024,9,液状・泡状整髪料,販売金額,千円,709427.0,2024
2024,10,液状・泡状整髪料,販売金額,千円,834766.0,2024
2024,11,液状・泡状整髪料,販売金額,千円,720445.0,2024
2024,12,液状・泡状整髪料,販売金額,千円,892504.0,2024
2015,0,特殊用途化粧品計,出荷その他,kg,2800821.0,2019
2016,0,特殊用途化粧品計,出荷その他,kg,2387739.0,2020
2017,0,特殊用途化粧品計,出荷その他,kg,2128829.0,2020
2018,0,特殊用途化粧品計,出荷その他,kg,1928022.0,2020
2019,0,特殊用途化粧品計,出荷その他,kg,2436167.0,2020
2019,1,特殊用途化粧品計,出荷その他,kg,346057.0,2019
2019,2,特殊用途化粧品計,出荷その他,kg,280190.0,2019
2019,3,特殊用途化粧品計,出荷その他,kg,289278.0,2019
2019,4,特殊用途化粧品計,出荷その他,kg,164557.0,2019
2019,5,特殊用途化粧品計,出荷その他,kg,145701.0,2019
2019,6,特殊用途化粧品計,出荷その他,kg,125303.0,2019
2019,7,特殊用途化粧品計,出荷その他,kg,118630.0,2019
2019,8,特殊用途化粧品計,出荷その他,kg,38248.0,2019
2019,9,特殊用途化粧品計,出荷その他,kg,119423.0,2019
2019,10,特殊用途化粧品計,出荷その他,kg,181238.0,2019
2019,11,特殊用途化粧品計,出荷その他,kg,224498.0,2019
2019,12,特殊用途化粧品計,出荷その他,kg,403044.0,2019
2020,0,特殊用途化粧品計,出荷その他,kg,2268483.0,2020
2020,1,特殊用途化粧品計,出荷その他,kg,394198.0,2020
2020,2,特殊用途化粧品計,出荷その他,kg,281586.0,2020
2020,3,特殊用途化粧品計,出荷その他,kg,225622.0,2020
2020,4,特殊用途化粧品計,出荷その他,kg,148011.0,2020
2020,5,特殊用途化粧品計,出荷その他,kg,100056.0,2020
2020,6,特殊用途化粧品計,出荷その他,kg,130086.0,2020
2020,7,特殊用途化粧品計,出荷その他,kg,120846.0,2020
2020,8,特殊用途化粧品計,出荷その他,kg,145110.0,2020
2020,9,特殊用途化粧品計,出荷その他,kg,105105.0,2020
2020,10,特殊用途化粧品計,出荷その他,kg,133704.0,2020
2020,11,特殊用途化粧品計,出荷その他,kg,201728.0,2020
2020,12,特殊用途化粧品計,出荷その他,kg,282431.0,2020
2015,0,特殊用途化粧品計,受入,kg,1274989.0,2019
2016,0,特殊用途化粧品計,受入,kg,877598.0,2020
2017,0,特殊用途化粧品計,受入,kg,1571530.0,2020
2018,0,特殊用途化粧品計,受入,kg,1457680.0,2020
2019,0,特殊用途化粧品計,受入,kg,1069708.0,2020
2019,1,特殊用途化粧品計,受入,kg,295945.0,2019
2019,2,特殊用途化粧品計,受入,kg,81630.0,2019
2019,3,特殊用途化粧品計,受入,kg,19768.0,2019
2019,4,特殊用途化粧品計,受入,kg,179743.0,2019
2019,5,特殊用途化粧品計,受入,kg,60586.0,2019
2019,6,特殊用途化粧品計,受入,kg,58976.0,2019
2019,7,特殊用途化粧品計,受入,kg,16419.0,2019
2019,8,特殊用途化粧品計,受入,kg,25058.0,2019
2019,9,特殊用途化粧品計,受入,kg,15208.0,2019
2019,10,特殊用途化粧品計,受入,kg,32345.0,2019
2019,11,特殊用途化粧品計,受入,kg,28435.0,2019
2019,12,特殊用途化粧品計,受入,kg,255595.0,2019
2020,0,特殊用途化粧品計,受入,kg,1290706.0,2020
2020,1,特殊用途化粧品計,受入,kg,329251.0,2020
2020,2,特殊用途化粧品計,受入,kg,35470.0,2020
2020,3,特殊用途化粧品計,受入,kg,43718.0,2020
2020,4,特殊用途化粧品計,受入,kg,38184.0,2020
2020,5,特殊用途化粧品計,受入,kg,82096.0,2020
2020,6,特殊用途化粧品計,受入,kg,112132.0,2020
2020,7,特殊用途化粧品計,受入,kg,153803.0,2020
2020,8,特殊用途化粧品計,受入,kg,145601.0,2020
2020,9,特殊用途化粧品計,受入,kg,109915.0,2020
2020,10,特殊用途化粧品計,受入,kg,127764.0,2020
2020,11,特殊用途化粧品計,受入,kg,43401.0,2020
2020,12,特殊用途化粧品計,受入,kg,69371.0,2020
2015,0,特殊用途化粧品計,月末在庫,kg,2980343.0,2019
2016,0,特殊用途化粧品計,月末在庫,kg,3179288.0,2020
2017,0,特殊用途化粧品計,月末在庫,kg,4701744.0,2020
2018,0,特殊用途化粧品計,月末在庫,kg,5147211.0,2020
2019,0,特殊用途化粧品計,月末在庫,kg,6818629.0,2020
2019,1,特殊用途化粧品計,月末在庫,kg,7078694.0,2019
2019,2,特殊用途化粧品計,月末在庫,kg,7108607.0,2019
2019,3,特殊用途化粧品計,月末在庫,kg,6497118.0,2019
2019,4,特殊用途化粧品計,月末在庫,kg,6457324.0,2019
2019,5,特殊用途化粧品計,月末在庫,kg,6494890.0,2019
2019,6,特殊用途化粧品計,月末在庫,kg,6208722.0,2019
2019,7,特殊用途化粧品計,月末在庫,kg,6336120.0,2019
2019,8,特殊用途化粧品計,月末在庫,kg,6124313.0,2019
2019,9,特殊用途化粧品計,月末在庫,kg,5887764.0,2019
2019,10,特殊用途化粧品計,月末在庫,kg,6130037.0,2019
2019,11,特殊用途化粧品計,月末在庫,kg,6610590.0,2019
2019,12,特殊用途化粧品計,月末在庫,kg,6818629.0,2019
2020,0,特殊用途化粧品計,月末在庫,kg,5194208.0,2020
2020,1,特殊用途化粧品計,月末在庫,kg,7729946.0,2020
2020,2,特殊用途化粧品計,月末在庫,kg,7563786.0,2020
2020,3,特殊用途化粧品計,月末在庫,kg,6872866.0,2020
2020,4,特殊用途化粧品計,月末在庫,kg,6483923.0,2020
2020,5,特殊用途化粧品計,月末在庫,kg,6114490.0,2020
2020,6,特殊用途化粧品計,月末在庫,kg,5325221.0,2020
2020,7,特殊用途化粧品計,月末在庫,kg,5265238.0,2020
2020,8,特殊用途化粧品計,月末在庫,kg,5348672.0,2020
2020,9,特殊用途化粧品計,月末在庫,kg,5126846.0,2020
2020,10,特殊用途化粧品計,月末在庫,kg,5112994.0,2020
2020,11,特殊用途化粧品計,月末在庫,kg,5158353.0,2020
2020,12,特殊用途化粧品計,月末在庫,kg,5194208.0,2020
2015,0,特殊用途化粧品計,生産,kg,23565203.0,2019
2016,0,特殊用途化粧品計,生産,kg,25911226.0,2020
2017,0,特殊用途化粧品計,生産,kg,27897459.0,2020
2018,0,特殊用途化粧品計,生産,kg,28196369.0,2020
2019,0,特殊用途化粧品計,生産,kg,33304230.0,2020
2019,1,特殊用途化粧品計,生産,kg,3377819.0,2019
2019,2,特殊用途化粧品計,生産,kg,3245820.0,2019
2019,3,特殊用途化粧品計,生産,kg,3268117.0,2019
2019,4,特殊用途化粧品計,生産,kg,3290354.0,2019
2019,5,特殊用途化粧品計,生産,kg,2841484.0,2019
2019,6,特殊用途化粧品計,生産,kg,2495527.0,2019
2019,7,特殊用途化粧品計,生産,kg,2702586.0,2019
2019,8,特殊用途化粧品計,生産,kg,2032715.0,2019
2019,9,特殊用途化粧品計,生産,kg,2184779.0,2019
2019,10,特殊用途化粧品計,生産,kg,2485607.0,2019
2019,11,特殊用途化粧品計,生産,kg,2591658.0,2019
2019,12,特殊用途化粧品計,生産,kg,2787764.0,2019
2020,0,特殊用途化粧品計,生産,kg,26442971.0,2020
2020,1,特殊用途化粧品計,生産,kg,3054273.0,2020
2020,2,特殊用途化粧品計,生産,kg,2807551.0,2020
2020,3,特殊用途化粧品計,生産,kg,2879727.0,2020
2020,4,特殊用途化粧品計,生産,kg,2375508.0,2020
2020,5,特殊用途化粧品計,生産,kg,1749772.0,2020
2020,6,特殊用途化粧品計,生産,kg,2128836.0,2020
2020,7,特殊用途化粧品計,生産,kg,2126422.0,2020
2020,8,特殊用途化粧品計,生産,kg,1993563.0,2020
2020,9,特殊用途化粧品計,生産,kg,1702917.0,2020
2020,10,特殊用途化粧品計,生産,kg,1668165.0,2020
2020,11,特殊用途化粧品計,生産,kg,1984405.0,2020
2020,12,特殊用途化粧品計,生産,kg,1971832.0,2020
2015,0,特殊用途化粧品計,販売個数,十個,21888181.0,2019
2016,0,特殊用途化粧品計,販売個数,十個,22292906.0,2020
2017,0,特殊用途化粧品計,販売個数,十個,23541972.0,2020
2018,0,特殊用途化粧品計,販売個数,十個,26457899.0,2020
2019,0,特殊用途化粧品計,販売個数,十個,27330226.0,2020
2019,1,特殊用途化粧品計,販売個数,十個,1793709.0,2019
2019,2,特殊用途化粧品計,販売個数,十個,3212019.0,2019
2019,3,特殊用途化粧品計,販売個数,十個,3901095.0,2019
2019,4,特殊用途化粧品計,販売個数,十個,3003667.0,2019
2019,5,特殊用途化粧品計,販売個数,十個,2548918.0,2019
2019,6,特殊用途化粧品計,販売個数,十個,2375747.0,2019
2019,7,特殊用途化粧品計,販売個数,十個,2213621.0,2019
2019,8,特殊用途化粧品計,販売個数,十個,1788750.0,2019
2019,9,特殊用途化粧品計,販売個数,十個,1347717.0,2019
2019,10,特殊用途化粧品計,販売個数,十個,1502152.0,2019
2019,11,特殊用途化粧品計,販売個数,十個,1686096.0,2019
2019,12,特殊用途化粧品計,販売個数,十個,1956735.0,2019
2020,0,特殊用途化粧品計,販売個数,十個,23145488.0,2020
2020,1,特殊用途化粧品計,販売個数,十個,1738078.0,2020
2020,2,特殊用途化粧品計,販売個数,十個,2935668.0,2020
2020,3,特殊用途化粧品計,販売個数,十個,3185968.0,2020
2020,4,特殊用途化粧品計,販売個数,十個,2384949.0,2020
2020,5,特殊用途化粧品計,販売個数,十個,1988017.0,2020
2020,6,特殊用途化粧品計,販売個数,十個,2518212.0,2020
2020,7,特殊用途化粧品計,販売個数,十個,1866866.0,2020
2020,8,特殊用途化粧品計,販売個数,十個,1464500.0,2020
2020,9,特殊用途化粧品計,販売個数,十個,1204666.0,2020
2020,10,特殊用途化粧品計,販売個数,十個,1289353.0,2020
2020,11,特殊用途化粧品計,販売個数,十個,1344341.0,2020
2020,12,特殊用途化粧品計,販売個数,十個,1224870.0,2020
2015,0,特殊用途化粧品計,販売数量,kg,22172893.0,2019
2016,0,特殊用途化粧品計,販売数量,kg,24217742.0,2020
2017,0,特殊用途化粧品計,販売数量,kg,25752410.0,2020
2018,0,特殊用途化粧品計,販売数量,kg,27234964.0,2020
2019,0,特殊用途化粧品計,販売数量,kg,30683636.0,2020
2019,1,特殊用途化粧品計,販売数量,kg,1951304.0,2019
2019,2,特殊用途化粧品計,販売数量,kg,3005941.0,2019
2019,3,特殊用途化粧品計,販売数量,kg,3608856.0,2019
2019,4,特殊用途化粧品計,販売数量,kg,3394979.0,2019
2019,5,特殊用途化粧品計,販売数量,kg,2717925.0,2019
2019,6,特殊用途化粧品計,販売数量,kg,2711573.0,2019
2019,7,特殊用途化粧品計,販売数量,kg,2469734.0,2019
2019,8,特殊用途化粧品計,販売数量,kg,2227735.0,2019
2019,9,特殊用途化粧品計,販売数量,kg,2316420.0,2019
2019,10,特殊用途化粧品計,販売数量,kg,2078044.0,2019
2019,11,特殊用途化粧品計,販売数量,kg,1908535.0,2019
2019,12,特殊用途化粧品計,販売数量,kg,2292590.0,2019
2020,0,特殊用途化粧品計,販売数量,kg,26984713.0,2020
2020,1,特殊用途化粧品計,販売数量,kg,2071693.0,2020
2020,2,特殊用途化粧品計,販売数量,kg,2712665.0,2020
2020,3,特殊用途化粧品計,販売数量,kg,3369716.0,2020
2020,4,特殊用途化粧品計,販売数量,kg,2650553.0,2020
2020,5,特殊用途化粧品計,販売数量,kg,2097019.0,2020
2020,6,特殊用途化粧品計,販売数量,kg,2902996.0,2020
2020,7,特殊用途化粧品計,販売数量,kg,2217900.0,2020
2020,8,特殊用途化粧品計,販売数量,kg,1902139.0,2020
2020,9,特殊用途化粧品計,販売数量,kg,1919073.0,2020
2020,10,特殊用途化粧品計,販売数量,kg,1671807.0,2020
2020,11,特殊用途化粧品計,販売数量,kg,1766545.0,2020
2020,12,特殊用途化粧品計,販売数量,kg,1702607.0,2020
2015,0,特殊用途化粧品計,販売金額,千円,86420403.0,2019
2016,0,特殊用途化粧品計,販売金額,千円,86095300.0,2020
2017,0,特殊用途化粧品計,販売金額,千円,92445174.0,2020
2018,0,特殊用途化粧品計,販売金額,千円,94626750.0,2020
2019,0,特殊用途化粧品計,販売金額,千円,102213129.0,2020
2019,1,特殊用途化粧品計,販売金額,千円,5519255.0,2019
2019,2,特殊用途化粧品計,販売金額,千円,13615647.0,2019
2019,3,特殊用途化粧品計,販売金額,千円,15510838.0,2019
2019,4,特殊用途化粧品計,販売金額,千円,12515060.0,2019
2019,5,特殊用途化粧品計,販売金額,千円,10436954.0,2019
2019,6,特殊用途化粧品計,販売金額,千円,9625970.0,2019
2019,7,特殊用途化粧品計,販売金額,千円,7539103.0,2019
2019,8,特殊用途化粧品計,販売金額,千円,6758407.0,2019
2019,9,特殊用途化粧品計,販売金額,千円,4765458.0,2019
2019,10,特殊用途化粧品計,販売金額,千円,4479551.0,2019
2019,11,特殊用途化粧品計,販売金額,千円,4916624.0,2019
2019,12,特殊用途化粧品計,販売金額,千円,6530262.0,2019
2020,0,特殊用途化粧品計,販売金額,千円,86596784.0,2020
2020,1,特殊用途化粧品計,販売金額,千円,5709261.0,2020
2020,2,特殊用途化粧品計,販売金額,千円,11903982.0,2020
2020,3,特殊用途化粧品計,販売金額,千円,12930117.0,2020
2020,4,特殊用途化粧品計,販売金額,千円,8489135.0,2020
2020,5,特殊用途化粧品計,販売金額,千円,7773046.0,2020
2020,6,特殊用途化粧品計,販売金額,千円,9553573.0,2020
2020,7,特殊用途化粧品計,販売金額,千円,6931633.0,2020
2020,8,特殊用途化粧品計,販売金額,千円,5947030.0,2020
2020,9,特殊用途化粧品計,販売金額,千円,4479377.0,2020
2020,10,特殊用途化粧品計,販売金額,千円,3748170.0,2020
2020,11,特殊用途化粧品計,販売金額,千円,4072862.0,2020
2020,12,特殊用途化粧品計,販売金額,千円,5058598.0,2020
2015,0,男性皮膚用化粧品,出荷その他,kg,714360.0,2019
2016,0,男性皮膚用化粧品,出荷その他,kg,570306.0,2020
2017,0,男性皮膚用化粧品,出荷その他,kg,671426.0,2021
2018,0,男性皮膚用化粧品,出荷その他,kg,560811.0,2022
2019,0,男性皮膚用化粧品,出荷その他,kg,553680.0,2023
2019,1,男性皮膚用化粧品,出荷その他,kg,20897.0,2019
2019,2,男性皮膚用化粧品,出荷その他,kg,30451.0,2019
2019,3,男性皮膚用化粧品,出荷その他,kg,75308.0,2019
2019,4,男性皮膚用化粧品,出荷その他,kg,87080.0,2019
2019,5,男性皮膚用化粧品,出荷その他,kg,36636.0,2019
2019,6,男性皮膚用化粧品,出荷その他,kg,59580.0,2019
2019,7,男性皮膚用化粧品,出荷その他,kg,43958.0,2019
2019,8,男性皮膚用化粧品,出荷その他,kg,9025.0,2019
2019,9,男性皮膚用化粧品,出荷その他,kg,28153.0,2019
2019,10,男性皮膚用化粧品,出荷その他,kg,57135.0,2019
2019,11,男性皮膚用化粧品,出荷その他,kg,37206.0,2019
2019,12,男性皮膚用化粧品,出荷その他,kg,68251.0,2019
2020,0,男性皮膚用化粧品,出荷その他,kg,652073.0,2023
2020,1,男性皮膚用化粧品,出荷その他,kg,28337.0,2020
2020,2,男性皮膚用化粧品,出荷その他,kg,23264.0,2020
2020,3,男性皮膚用化粧品,出荷その他,kg,161164.0,2020
2020,4,男性皮膚用化粧品,出荷その他,kg,92463.0,2020
2020,5,男性皮膚用化粧品,出荷その他,kg,25568.0,2020
2020,6,男性皮膚用化粧品,出荷その他,kg,94774.0,2020
2020,7,男性皮膚用化粧品,出荷その他,kg,23150.0,2020
2020,8,男性皮膚用化粧品,出荷その他,kg,24939.0,2020
2020,9,男性皮膚用化粧品,出荷その他,kg,31605.0,2020
2020,10,男性皮膚用化粧品,出荷その他,kg,39126.0,2020
2020,11,男性皮膚用化粧品,出荷その他,kg,47305.0,2020
2020,12,男性皮膚用化粧品,出荷その他,kg,60367.0,2020
2021,0,男性皮膚用化粧品,出荷その他,kg,940087.0,2023
2021,1,男性皮膚用化粧品,出荷その他,kg,14813.0,2021
2021,2,男性皮膚用化粧品,出荷その他,kg,40152.0,2021
2021,3,男性皮膚用化粧品,出荷その他,kg,231541.0,2021
2021,4,男性皮膚用化粧品,出荷その他,kg,130246.0,2021
2021,5,男性皮膚用化粧品,出荷その他,kg,97562.0,2021
2021,6,男性皮膚用化粧品,出荷その他,kg,60354.0,2021
2021,7,男性皮膚用化粧品,出荷その他,kg,18807.0,2021
2021,8,男性皮膚用化粧品,出荷その他,kg,23540.0,2021
2021,9,男性皮膚用化粧品,出荷その他,kg,69775.0,2021
2021,10,男性皮膚用化粧品,出荷その他,kg,57563.0,2021
2021,11,男性皮膚用化粧品,出荷その他,kg,134364.0,2021
2021,12,男性皮膚用化粧品,出荷その他,kg,60766.0,2021
2022,0,男性皮膚用化粧品,出荷その他,kg,477544.0,2023
2022,1,男性皮膚用化粧品,出荷その他,kg,32812.0,2022
2022,2,男性皮膚用化粧品,出荷その他,kg,16024.0,2022
2022,3,男性皮膚用化粧品,出荷その他,kg,130249.0,2022
2022,4,男性皮膚用化粧品,出荷その他,kg,33670.0,2022
2022,5,男性皮膚用化粧品,出荷その他,kg,42408.0,2022
2022,6,男性皮膚用化粧品,出荷その他,kg,41669.0,2022
2022,7,男性皮膚用化粧品,出荷その他,kg,10959.0,2022
2022,8,男性皮膚用化粧品,出荷その他,kg,20474.0,2022
2022,9,男性皮膚用化粧品,出荷その他,kg,17021.0,2022
2022,10,男性皮膚用化粧品,出荷その他,kg,44748.0,2022
2022,11,男性皮膚用化粧品,出荷その他,kg,50981.0,2022
2022,12,男性皮膚用化粧品,出荷その他,kg,36529.0,2022
2023,0,男性皮膚用化粧品,出荷その他,kg,7987319.0,2023
2023,1,男性皮膚用化粧品,出荷その他,kg,3185457.0,2023
2023,2,男性皮膚用化粧品,出荷その他,kg,290778.0,2023
2023,3,男性皮膚用化粧品,出荷その他,kg,2716998.0,2023
2023,4,男性皮膚用化粧品,出荷その他,kg,303550.0,2023
2023,5,男性皮膚用化粧品,出荷その他,kg,208037.0,2023
2023,6,男性皮膚用化粧品,出荷その他,kg,531318.0,2023
2023,7,男性皮膚用化粧品,出荷その他,kg,527676.0,2023
2023,8,男性皮膚用化粧品,出荷その他,kg,63951.0,2023
2023,9,男性皮膚用化粧品,出荷その他,kg,52394.0,2023
2023,10,男性皮膚用化粧品,出荷その他,kg,18434.0,2023
2023,11,男性皮膚用化粧品,出荷その他,kg,18018.0,2023
2023,12,男性皮膚用化粧品,出荷その他,kg,70708.0,2023
2024,1,男性皮膚用化粧品,出荷その他,kg,20668.0,2024
2024,2,男性皮膚用化粧品,出荷その他,kg,83401.0,2024
2024,3,男性皮膚用化粧品,出荷その他,kg,621497.0,2024
2024,4,男性皮膚用化粧品,出荷その他,kg,22290.0,2024
2024,5,男性皮膚用化粧品,出荷その他,kg,26578.0,2024
2024,6,男性皮膚用化粧品,出荷その他,kg,38282.0,2024
2024,7,男性皮膚用化粧品,出荷その他,kg,7644.0,2024
2024,8,男性皮膚用化粧品,出荷その他,kg,26025.0,2024
2024,9,男性皮膚用化粧品,出荷その他,kg,39919.0,2024
2024,10,男性皮膚用化粧品,出荷その他,kg,11203.0,2024
2024,11,男性皮膚用化粧品,出荷その他,kg,20353.0,2024
2024,12,男性皮膚用化粧品,出荷その他,kg,19880.0,2024
2015,0,男性皮膚用化粧品,受入,kg,953953.0,2019
2016,0,男性皮膚用化粧品,受入,kg,905456.0,2020
2017,0,男性皮膚用化粧品,受入,kg,639040.0,2021
2018,0,男性皮膚用化粧品,受入,kg,668988.0,2022
2019,0,男性皮膚用化粧品,受入,kg,450601.0,2023
2019,1,男性皮膚用化粧品,受入,kg,43064.0,2019
2019,2,男性皮膚用化粧品,受入,kg,60943.0,2019
2019,3,男性皮膚用化粧品,受入,kg,54694.0,2019
2019,4,男性皮膚用化粧品,受入,kg,35149.0,2019
2019,5,男性皮膚用化粧品,受入,kg,34263.0,2019
2019,6,男性皮膚用化粧品,受入,kg,34851.0,2019
2019,7,男性皮膚用化粧品,受入,kg,35004.0,2019
2019,8,男性皮膚用化粧品,受入,kg,42062.0,2019
2019,9,男性皮膚用化粧品,受入,kg,22472.0,2019
2019,10,男性皮膚用化粧品,受入,kg,31652.0,2019
2019,11,男性皮膚用化粧品,受入,kg,29566.0,2019
2019,12,男性皮膚用化粧品,受入,kg,26881.0,2019
2020,0,男性皮膚用化粧品,受入,kg,353851.0,2023
2020,1,男性皮膚用化粧品,受入,kg,30209.0,2020
2020,2,男性皮膚用化粧品,受入,kg,34321.0,2020
2020,3,男性皮膚用化粧品,受入,kg,29924.0,2020
2020,4,男性皮膚用化粧品,受入,kg,38104.0,2020
2020,5,男性皮膚用化粧品,受入,kg,26961.0,2020
2020,6,男性皮膚用化粧品,受入,kg,26173.0,2020
2020,7,男性皮膚用化粧品,受入,kg,52803.0,2020
2020,8,男性皮膚用化粧品,受入,kg,57890.0,2020
2020,9,男性皮膚用化粧品,受入,kg,16771.0,2020
2020,10,男性皮膚用化粧品,受入,kg,11505.0,2020
2020,11,男性皮膚用化粧品,受入,kg,9640.0,2020
2020,12,男性皮膚用化粧品,受入,kg,19550.0,2020
2021,0,男性皮膚用化粧品,受入,kg,357320.0,2023
2021,1,男性皮膚用化粧品,受入,kg,68664.0,2021
2021,2,男性皮膚用化粧品,受入,kg,17420.0,2021
2021,3,男性皮膚用化粧品,受入,kg,36179.0,2021
2021,4,男性皮膚用化粧品,受入,kg,37054.0,2021
2021,5,男性皮膚用化粧品,受入,kg,6680.0,2021
2021,6,男性皮膚用化粧品,受入,kg,72254.0,2021
2021,7,男性皮膚用化粧品,受入,kg,27148.0,2021
2021,8,男性皮膚用化粧品,受入,kg,26615.0,2021
2021,9,男性皮膚用化粧品,受入,kg,1106.0,2021
2021,10,男性皮膚用化粧品,受入,kg,10194.0,2021
2021,11,男性皮膚用化粧品,受入,kg,31790.0,2021
2021,12,男性皮膚用化粧品,受入,kg,22216.0,2021
2022,0,男性皮膚用化粧品,受入,kg,395774.0,2023
2022,1,男性皮膚用化粧品,受入,kg,24011.0,2022
2022,2,男性皮膚用化粧品,受入,kg,21768.0,2022
2022,3,男性皮膚用化粧品,受入,kg,41603.0,2022
2022,4,男性皮膚用化粧品,受入,kg,32535.0,2022
2022,5,男性皮膚用化粧品,受入,kg,24890.0,2022
2022,6,男性皮膚用化粧品,受入,kg,44489.0,2022
2022,7,男性皮膚用化粧品,受入,kg,31575.0,2022
2022,8,男性皮膚用化粧品,受入,kg,38835.0,2022
2022,9,男性皮膚用化粧品,受入,kg,39673.0,2022
2022,10,男性皮膚用化粧品,受入,kg,42805.0,2022
2022,11,男性皮膚用化粧品,受入,kg,27161.0,2022
2022,12,男性皮膚用化粧品,受入,kg,26429.0,2022
2023,0,男性皮膚用化粧品,受入,kg,261290.0,2023
2023,1,男性皮膚用化粧品,受入,kg,39170.0,2023
2023,2,男性皮膚用化粧品,受入,kg,32332.0,2023
2023,3,男性皮膚用化粧品,受入,kg,21318.0,2023
2023,4,男性皮膚用化粧品,受入,kg,24278.0,2023
2023,5,男性皮膚用化粧品,受入,kg,25936.0,2023
2023,6,男性皮膚用化粧品,受入,kg,25059.0,2023
2023,7,男性皮膚用化粧品,受入,kg,12222.0,2023
2023,8,男性皮膚用化粧品,受入,kg,14521.0,2023
2023,9,男性皮膚用化粧品,受入,kg,40966.0,2023
2023,10,男性皮膚用化粧品,受入,kg,7792.0,2023
2023,11,男性皮膚用化粧品,受入,kg,9766.0,2023
2023,12,男性皮膚用化粧品,受入,kg,7930.0,2023
2024,1,男性皮膚用化粧品,受入,kg,2754.0,2024
2024,2,男性皮膚用化粧品,受入,kg,8765.0,2024
2024,3,男性皮膚用化粧品,受入,kg,3026.0,2024
2024,4,男性皮膚用化粧品,受入,kg,5365.0,2024
2024,5,男性皮膚用化粧品,受入,kg,13330.0,2024
2024,6,男性皮膚用化粧品,受入,kg,3594.0,2024
2024,7,男性皮膚用化粧品,受入,kg,9892.0,2024
2024,8,男性皮膚用化粧品,受入,kg,5333.0,2024
2024,9,男性皮膚用化粧品,受入,kg,7767.0,2024
2024,10,男性皮膚用化粧品,受入,kg,3760.0,2024
2024,11,男性皮膚用化粧品,受入,kg,4659.0,2024
2024,12,男性皮膚用化粧品,受入,kg,7229.0,2024
2015,0,男性皮膚用化粧品,月末在庫,kg,1648687.0,2019
2016,0,男性皮膚用化粧品,月末在庫,kg,1918234.0,2020
2017,0,男性皮膚用化粧品,月末在庫,kg,2356510.0,2021
2018,0,男性皮膚用化粧品,月末在庫,kg,3235763.0,2022
2019,0,男性皮膚用化粧品,月末在庫,kg,2524261.0,2023
2019,1,男性皮膚用化粧品,月末在庫,kg,3807569.0,2019
2019,2,男性皮膚用化粧品,月末在庫,kg,4056476.0,2019
2019,3,男性皮膚用化粧品,月末在庫,kg,3719285.0,2019
2019,4,男性皮膚用化粧品,月末在庫,kg,3300719.0,2019
2019,5,男性皮膚用化粧品,月末在庫,kg,3360132.0,2019
2019,6,男性皮膚用化粧品,月末在庫,kg,3181708.0,2019
2019,7,男性皮膚用化粧品,月末在庫,kg,2536817.0,2019
2019,8,男性皮膚用化粧品,月末在庫,kg,1777365.0,2019
2019,9,男性皮膚用化粧品,月末在庫,kg,1639358.0,2019
2019,10,男性皮膚用化粧品,月末在庫,kg,1888929.0,2019
2019,11,男性皮膚用化粧品,月末在庫,kg,2215309.0,2019
2019,12,男性皮膚用化粧品,月末在庫,kg,2524261.0,2019
2020,0,男性皮膚用化粧品,月末在庫,kg,3379697.0,2023
2020,1,男性皮膚用化粧品,月末在庫,kg,2892987.0,2020
2020,2,男性皮膚用化粧品,月末在庫,kg,3023687.0,2020
2020,3,男性皮膚用化粧品,月末在庫,kg,2824695.0,2020
2020,4,男性皮膚用化粧品,月末在庫,kg,3098635.0,2020
2020,5,男性皮膚用化粧品,月末在庫,kg,3710105.0,2020
2020,6,男性皮膚用化粧品,月末在庫,kg,3058903.0,2020
2020,7,男性皮膚用化粧品,月末在庫,kg,2897766.0,2020
2020,8,男性皮膚用化粧品,月末在庫,kg,2242143.0,2020
2020,9,男性皮膚用化粧品,月末在庫,kg,1940909.0,2020
2020,10,男性皮膚用化粧品,月末在庫,kg,2359653.0,2020
2020,11,男性皮膚用化粧品,月末在庫,kg,2828037.0,2020
2020,12,男性皮膚用化粧品,月末在庫,kg,3378263.0,2020
2021,0,男性皮膚用化粧品,月末在庫,kg,1696901.0,2023
2021,1,男性皮膚用化粧品,月末在庫,kg,3798945.0,2021
2021,2,男性皮膚用化粧品,月末在庫,kg,3465028.0,2021
2021,3,男性皮膚用化粧品,月末在庫,kg,2965238.0,2021
2021,4,男性皮膚用化粧品,月末在庫,kg,2916089.0,2021
2021,5,男性皮膚用化粧品,月末在庫,kg,3013321.0,2021
2021,6,男性皮膚用化粧品,月末在庫,kg,2823593.0,2021
2021,7,男性皮膚用化粧品,月末在庫,kg,1887688.0,2021
2021,8,男性皮膚用化粧品,月末在庫,kg,1769004.0,2021
2021,9,男性皮膚用化粧品,月末在庫,kg,1610832.0,2021
2021,10,男性皮膚用化粧品,月末在庫,kg,1551481.0,2021
2021,11,男性皮膚用化粧品,月末在庫,kg,1498540.0,2021
2021,12,男性皮膚用化粧品,月末在庫,kg,1696897.0,2021
2022,0,男性皮膚用化粧品,月末在庫,kg,2399295.0,2023
2022,1,男性皮膚用化粧品,月末在庫,kg,2038568.0,2022
2022,2,男性皮膚用化粧品,月末在庫,kg,2286739.0,2022
2022,3,男性皮膚用化粧品,月末在庫,kg,2261939.0,2022
2022,4,男性皮膚用化粧品,月末在庫,kg,2191651.0,2022
2022,5,男性皮膚用化粧品,月末在庫,kg,2129412.0,2022
2022,6,男性皮膚用化粧品,月末在庫,kg,1461646.0,2022
2022,7,男性皮膚用化粧品,月末在庫,kg,1254184.0,2022
2022,8,男性皮膚用化粧品,月末在庫,kg,1596185.0,2022
2022,9,男性皮膚用化粧品,月末在庫,kg,1535719.0,2022
2022,10,男性皮膚用化粧品,月末在庫,kg,1805849.0,2022
2022,11,男性皮膚用化粧品,月末在庫,kg,2062430.0,2022
2022,12,男性皮膚用化粧品,月末在庫,kg,2399295.0,2022
2023,0,男性皮膚用化粧品,月末在庫,kg,2430389.0,2023
2023,1,男性皮膚用化粧品,月末在庫,kg,9506904.0,2023
2023,2,男性皮膚用化粧品,月末在庫,kg,7921441.0,2023
2023,3,男性皮膚用化粧品,月末在庫,kg,4862045.0,2023
2023,4,男性皮膚用化粧品,月末在庫,kg,4862631.0,2023
2023,5,男性皮膚用化粧品,月末在庫,kg,4669141.0,2023
2023,6,男性皮膚用化粧品,月末在庫,kg,3787930.0,2023
2023,7,男性皮膚用化粧品,月末在庫,kg,2231112.0,2023
2023,8,男性皮膚用化粧品,月末在庫,kg,1775268.0,2023
2023,9,男性皮膚用化粧品,月末在庫,kg,1589942.0,2023
2023,10,男性皮膚用化粧品,月末在庫,kg,1686024.0,2023
2023,11,男性皮膚用化粧品,月末在庫,kg,1899183.0,2023
2023,12,男性皮膚用化粧品,月末在庫,kg,2430389.0,2023
2024,1,男性皮膚用化粧品,月末在庫,kg,3115893.0,2024
2024,2,男性皮膚用化粧品,月末在庫,kg,3220872.0,2024
2024,3,男性皮膚用化粧品,月末在庫,kg,2524353.0,2024
2024,4,男性皮膚用化粧品,月末在庫,kg,2557766.0,2024
2024,5,男性皮膚用化粧品,月末在庫,kg,2754778.0,2024
2024,6,男性皮膚用化粧品,月末在庫,kg,2041942.0,2024
2024,7,男性皮膚用化粧品,月末在庫,kg,1288314.0,2024
2024,8,男性皮膚用化粧品,月末在庫,kg,1155635.0,2024
2024,9,男性皮膚用化粧品,月末在庫,kg,1302198.0,2024
2024,10,男性皮膚用化粧品,月末在庫,kg,1497903.0,2024
2024,11,男性皮膚用化粧品,月末在庫,kg,1808664.0,2024
2024,12,男性皮膚用化粧品,月末在庫,kg,2583919.0,2024
2015,0,男性皮膚用化粧品,生産,kg,10836343.0,2019
2016,0,男性皮膚用化粧品,生産,kg,11979714.0,2020
2017,0,男性皮膚用化粧品,生産,kg,11549551.0,2021
2018,0,男性皮膚用化粧品,生産,kg,12466716.0,2022
2019,0,男性皮膚用化粧品,生産,kg,10926299.0,2023
2019,1,男性皮膚用化粧品,生産,kg,921534.0,2019
2019,2,男性皮膚用化粧品,生産,kg,1082249.0,2019
2019,3,男性皮膚用化粧品,生産,kg,1061602.0,2019
2019,4,男性皮膚用化粧品,生産,kg,1157334.0,2019
2019,5,男性皮膚用化粧品,生産,kg,1261010.0,2019
2019,6,男性皮膚用化粧品,生産,kg,1199253.0,2019
2019,7,男性皮膚用化粧品,生産,kg,900118.0,2019
2019,8,男性皮膚用化粧品,生産,kg,505480.0,2019
2019,9,男性皮膚用化粧品,生産,kg,466967.0,2019
2019,10,男性皮膚用化粧品,生産,kg,766763.0,2019
2019,11,男性皮膚用化粧品,生産,kg,786464.0,2019
2019,12,男性皮膚用化粧品,生産,kg,817525.0,2019
2020,0,男性皮膚用化粧品,生産,kg,11881187.0,2023
2020,1,男性皮膚用化粧品,生産,kg,748382.0,2020
2020,2,男性皮膚用化粧品,生産,kg,1161171.0,2020
2020,3,男性皮膚用化粧品,生産,kg,1484941.0,2020
2020,4,男性皮膚用化粧品,生産,kg,1353757.0,2020
2020,5,男性皮膚用化粧品,生産,kg,1404391.0,2020
2020,6,男性皮膚用化粧品,生産,kg,1256603.0,2020
2020,7,男性皮膚用化粧品,生産,kg,1056137.0,2020
2020,8,男性皮膚用化粧品,生産,kg,385573.0,2020
2020,9,男性皮膚用化粧品,生産,kg,325790.0,2020
2020,10,男性皮膚用化粧品,生産,kg,874648.0,2020
2020,11,男性皮膚用化粧品,生産,kg,832870.0,2020
2020,12,男性皮膚用化粧品,生産,kg,995479.0,2020
2021,0,男性皮膚用化粧品,生産,kg,7124349.0,2023
2021,1,男性皮膚用化粧品,生産,kg,715491.0,2021
2021,2,男性皮膚用化粧品,生産,kg,637411.0,2021
2021,3,男性皮膚用化粧品,生産,kg,693353.0,2021
2021,4,男性皮膚用化粧品,生産,kg,997618.0,2021
2021,5,男性皮膚用化粧品,生産,kg,853926.0,2021
2021,6,男性皮膚用化粧品,生産,kg,707974.0,2021
2021,7,男性皮膚用化粧品,生産,kg,398337.0,2021
2021,8,男性皮膚用化粧品,生産,kg,425660.0,2021
2021,9,男性皮膚用化粧品,生産,kg,316641.0,2021
2021,10,男性皮膚用化粧品,生産,kg,347149.0,2021
2021,11,男性皮膚用化粧品,生産,kg,394026.0,2021
2021,12,男性皮膚用化粧品,生産,kg,631661.0,2021
2022,0,男性皮膚用化粧品,生産,kg,9937840.0,2023
2022,1,男性皮膚用化粧品,生産,kg,635321.0,2022
2022,2,男性皮膚用化粧品,生産,kg,825273.0,2022
2022,3,男性皮膚用化粧品,生産,kg,1182367.0,2022
2022,4,男性皮膚用化粧品,生産,kg,862987.0,2022
2022,5,男性皮膚用化粧品,生産,kg,668890.0,2022
2022,6,男性皮膚用化粧品,生産,kg,811468.0,2022
2022,7,男性皮膚用化粧品,生産,kg,1473844.0,2022
2022,8,男性皮膚用化粧品,生産,kg,1011894.0,2022
2022,9,男性皮膚用化粧品,生産,kg,440656.0,2022
2022,10,男性皮膚用化粧品,生産,kg,665345.0,2022
2022,11,男性皮膚用化粧品,生産,kg,615373.0,2022
2022,12,男性皮膚用化粧品,生産,kg,744422.0,2022
2023,0,男性皮膚用化粧品,生産,kg,19412789.0,2023
2023,1,男性皮膚用化粧品,生産,kg,10541862.0,2023
2023,2,男性皮膚用化粧品,生産,kg,992175.0,2023
2023,3,男性皮膚用化粧品,生産,kg,933522.0,2023
2023,4,男性皮膚用化粧品,生産,kg,1079558.0,2023
2023,5,男性皮膚用化粧品,生産,kg,850501.0,2023
2023,6,男性皮膚用化粧品,生産,kg,1058344.0,2023
2023,7,男性皮膚用化粧品,生産,kg,773783.0,2023
2023,8,男性皮膚用化粧品,生産,kg,539442.0,2023
2023,9,男性皮膚用化粧品,生産,kg,490011.0,2023
2023,10,男性皮膚用化粧品,生産,kg,547414.0,2023
2023,11,男性皮膚用化粧品,生産,kg,588240.0,2023
2023,12,男性皮膚用化粧品,生産,kg,1017937.0,2023
2024,1,男性皮膚用化粧品,生産,kg,1041543.0,2024
2024,2,男性皮膚用化粧品,生産,kg,1074249.0,2024
2024,3,男性皮膚用化粧品,生産,kg,1044996.0,2024
2024,4,男性皮膚用化粧品,生産,kg,1091329.0,2024
2024,5,男性皮膚用化粧品,生産,kg,1252313.0,2024
2024,6,男性皮膚用化粧品,生産,kg,1072318.0,2024
2024,7,男性皮膚用化粧品,生産,kg,1436319.0,2024
2024,8,男性皮膚用化粧品,生産,kg,908820.0,2024
2024,9,男性皮膚用化粧品,生産,kg,809784.0,2024
2024,10,男性皮膚用化粧品,生産,kg,650738.0,2024
2024,11,男性皮膚用化粧品,生産,kg,697814.0,2024
2024,12,男性皮膚用化粧品,生産,kg,1200583.0,2024
2015,0,男性皮膚用化粧品,販売個数,十個,7255656.0,2019
2016,0,男性皮膚用化粧品,販売個数,十個,7251871.0,2020
2017,0,男性皮膚用化粧品,販売個数,十個,6439620.0,2021
2018,0,男性皮膚用化粧品,販売個数,十個,6637959.0,2022
2019,0,男性皮膚用化粧品,販売個数,十個,6426771.0,2023
2019,1,男性皮膚用化粧品,販売個数,十個,274486.0,2019
2019,2,男性皮膚用化粧品,販売個数,十個,473144.0,2019
2019,3,男性皮膚用化粧品,販売個数,十個,689950.0,2019
2019,4,男性皮膚用化粧品,販売個数,十個,787368.0,2019
2019,5,男性皮膚用化粧品,販売個数,十個,593128.0,2019
2019,6,男性皮膚用化粧品,販売個数,十個,699434.0,2019
2019,7,男性皮膚用化粧品,販売個数,十個,778893.0,2019
2019,8,男性皮膚用化粧品,販売個数,十個,694482.0,2019
2019,9,男性皮膚用化粧品,販売個数,十個,408918.0,2019
2019,10,男性皮膚用化粧品,販売個数,十個,350865.0,2019
2019,11,男性皮膚用化粧品,販売個数,十個,321745.0,2019
2019,12,男性皮膚用化粧品,販売個数,十個,354358.0,2019
2020,0,男性皮膚用化粧品,販売個数,十個,5942030.0,2023
2020,1,男性皮膚用化粧品,販売個数,十個,284647.0,2020
2020,2,男性皮膚用化粧品,販売個数,十個,525421.0,2020
2020,3,男性皮膚用化粧品,販売個数,十個,784763.0,2020
2020,4,男性皮膚用化粧品,販売個数,十個,554926.0,2020
2020,5,男性皮膚用化粧品,販売個数,十個,432254.0,2020
2020,6,男性皮膚用化粧品,販売個数,十個,853056.0,2020
2020,7,男性皮膚用化粧品,販売個数,十個,659844.0,2020
2020,8,男性皮膚用化粧品,販売個数,十個,576245.0,2020
2020,9,男性皮膚用化粧品,販売個数,十個,387225.0,2020
2020,10,男性皮膚用化粧品,販売個数,十個,338697.0,2020
2020,11,男性皮膚用化粧品,販売個数,十個,245337.0,2020
2020,12,男性皮膚用化粧品,販売個数,十個,299615.0,2020
2021,0,男性皮膚用化粧品,販売個数,十個,4912620.0,2023
2021,1,男性皮膚用化粧品,販売個数,十個,279726.0,2021
2021,2,男性皮膚用化粧品,販売個数,十個,492093.0,2021
2021,3,男性皮膚用化粧品,販売個数,十個,611972.0,2021
2021,4,男性皮膚用化粧品,販売個数,十個,529216.0,2021
2021,5,男性皮膚用化粧品,販売個数,十個,360337.0,2021
2021,6,男性皮膚用化粧品,販売個数,十個,482151.0,2021
2021,7,男性皮膚用化粧品,販売個数,十個,677438.0,2021
2021,8,男性皮膚用化粧品,販売個数,十個,342448.0,2021
2021,9,男性皮膚用化粧品,販売個数,十個,289101.0,2021
2021,10,男性皮膚用化粧品,販売個数,十個,272264.0,2021
2021,11,男性皮膚用化粧品,販売個数,十個,267475.0,2021
2021,12,男性皮膚用化粧品,販売個数,十個,298534.0,2021
2022,0,男性皮膚用化粧品,販売個数,十個,5189998.0,2023
2022,1,男性皮膚用化粧品,販売個数,十個,219245.0,2022
2022,2,男性皮膚用化粧品,販売個数,十個,349696.0,2022
2022,3,男性皮膚用化粧品,販売個数,十個,596264.0,2022
2022,4,男性皮膚用化粧品,販売個数,十個,500688.0,2022
2022,5,男性皮膚用化粧品,販売個数,十個,389646.0,2022
2022,6,男性皮膚用化粧品,販売個数,十個,723041.0,2022
2022,7,男性皮膚用化粧品,販売個数,十個,794730.0,2022
2022,8,男性皮膚用化粧品,販売個数,十個,399878.0,2022
2022,9,男性皮膚用化粧品,販売個数,十個,347705.0,2022
2022,10,男性皮膚用化粧品,販売個数,十個,302102.0,2022
2022,11,男性皮膚用化粧品,販売個数,十個,270515.0,2022
2022,12,男性皮膚用化粧品,販売個数,十個,296488.0,2022
2023,0,男性皮膚用化粧品,販売個数,十個,5586079.0,2023
2023,1,男性皮膚用化粧品,販売個数,十個,224432.0,2023
2023,2,男性皮膚用化粧品,販売個数,十個,414300.0,2023
2023,3,男性皮膚用化粧品,販売個数,十個,673831.0,2023
2023,4,男性皮膚用化粧品,販売個数,十個,439294.0,2023
2023,5,男性皮膚用化粧品,販売個数,十個,459666.0,2023
2023,6,男性皮膚用化粧品,販売個数,十個,698745.0,2023
2023,7,男性皮膚用化粧品,販売個数,十個,840946.0,2023
2023,8,男性皮膚用化粧品,販売個数,十個,495468.0,2023
2023,9,男性皮膚用化粧品,販売個数,十個,427448.0,2023
2023,10,男性皮膚用化粧品,販売個数,十個,334458.0,2023
2023,11,男性皮膚用化粧品,販売個数,十個,269882.0,2023
2023,12,男性皮膚用化粧品,販売個数,十個,307609.0,2023
2024,1,男性皮膚用化粧品,販売個数,十個,239653.0,2024
2024,2,男性皮膚用化粧品,販売個数,十個,491919.0,2024
2024,3,男性皮膚用化粧品,販売個数,十個,610565.0,2024
2024,4,男性皮膚用化粧品,販売個数,十個,540682.0,2024
2024,5,男性皮膚用化粧品,販売個数,十個,524071.0,2024
2024,6,男性皮膚用化粧品,販売個数,十個,838259.0,2024
2024,7,男性皮膚用化粧品,販売個数,十個,1038529.0,2024
2024,8,男性皮膚用化粧品,販売個数,十個,549581.0,2024
2024,9,男性皮膚用化粧品,販売個数,十個,383800.0,2024
2024,10,男性皮膚用化粧品,販売個数,十個,316337.0,2024
2024,11,男性皮膚用化粧品,販売個数,十個,268665.0,2024
2024,12,男性皮膚用化粧品,販売個数,十個,298179.0,2024
2015,0,男性皮膚用化粧品,販売数量,kg,11837430.0,2019
2016,0,男性皮膚用化粧品,販売数量,kg,12039454.0,2020
2017,0,男性皮膚用化粧品,販売数量,kg,11073298.0,2021
2018,0,男性皮膚用化粧品,販売数量,kg,11688160.0,2022
2019,0,男性皮膚用化粧品,販売数量,kg,11500558.0,2023
2019,1,男性皮膚用化粧品,販売数量,kg,371259.0,2019
2019,2,男性皮膚用化粧品,販売数量,kg,863381.0,2019
2019,3,男性皮膚用化粧品,販売数量,kg,1377817.0,2019
2019,4,男性皮膚用化粧品,販売数量,kg,1523620.0,2019
2019,5,男性皮膚用化粧品,販売数量,kg,1198471.0,2019
2019,6,男性皮膚用化粧品,販売数量,kg,1344632.0,2019
2019,7,男性皮膚用化粧品,販売数量,kg,1535555.0,2019
2019,8,男性皮膚用化粧品,販売数量,kg,1297394.0,2019
2019,9,男性皮膚用化粧品,販売数量,kg,598512.0,2019
2019,10,男性皮膚用化粧品,販売数量,kg,491207.0,2019
2019,11,男性皮膚用化粧品,販売数量,kg,430065.0,2019
2019,12,男性皮膚用化粧品,販売数量,kg,468645.0,2019
2020,0,男性皮膚用化粧品,販売数量,kg,10684717.0,2023
2020,1,男性皮膚用化粧品,販売数量,kg,381261.0,2020
2020,2,男性皮膚用化粧品,販売数量,kg,1000837.0,2020
2020,3,男性皮膚用化粧品,販売数量,kg,1552400.0,2020
2020,4,男性皮膚用化粧品,販売数量,kg,1025150.0,2020
2020,5,男性皮膚用化粧品,販売数量,kg,793381.0,2020
2020,6,男性皮膚用化粧品,販売数量,kg,1838817.0,2020
2020,7,男性皮膚用化粧品,販売数量,kg,1246445.0,2020
2020,8,男性皮膚用化粧品,販売数量,kg,1075004.0,2020
2020,9,男性皮膚用化粧品,販売数量,kg,612658.0,2020
2020,10,男性皮膚用化粧品,販売数量,kg,427835.0,2020
2020,11,男性皮膚用化粧品,販売数量,kg,326786.0,2020
2020,12,男性皮膚用化粧品,販売数量,kg,404143.0,2020
2021,0,男性皮膚用化粧品,販売数量,kg,8208520.0,2023
2021,1,男性皮膚用化粧品,販売数量,kg,348835.0,2021
2021,2,男性皮膚用化粧品,販売数量,kg,948156.0,2021
2021,3,男性皮膚用化粧品,販売数量,kg,984714.0,2021
2021,4,男性皮膚用化粧品,販売数量,kg,953344.0,2021
2021,5,男性皮膚用化粧品,販売数量,kg,665244.0,2021
2021,6,男性皮膚用化粧品,販売数量,kg,909077.0,2021
2021,7,男性皮膚用化粧品,販売数量,kg,1342316.0,2021
2021,8,男性皮膚用化粧品,販売数量,kg,547085.0,2021
2021,9,男性皮膚用化粧品,販売数量,kg,406114.0,2021
2021,10,男性皮膚用化粧品,販売数量,kg,360196.0,2021
2021,11,男性皮膚用化粧品,販売数量,kg,344266.0,2021
2021,12,男性皮膚用化粧品,販売数量,kg,393245.0,2021
2022,0,男性皮膚用化粧品,販売数量,kg,9148315.0,2023
2022,1,男性皮膚用化粧品,販売数量,kg,284548.0,2022
2022,2,男性皮膚用化粧品,販売数量,kg,582403.0,2022
2022,3,男性皮膚用化粧品,販売数量,kg,1118387.0,2022
2022,4,男性皮膚用化粧品,販売数量,kg,932525.0,2022
2022,5,男性皮膚用化粧品,販売数量,kg,713375.0,2022
2022,6,男性皮膚用化粧品,販売数量,kg,1481353.0,2022
2022,7,男性皮膚用化粧品,販売数量,kg,1701439.0,2022
2022,8,男性皮膚用化粧品,販売数量,kg,688233.0,2022
2022,9,男性皮膚用化粧品,販売数量,kg,523945.0,2022
2022,10,男性皮膚用化粧品,販売数量,kg,392558.0,2022
2022,11,男性皮膚用化粧品,販売数量,kg,332833.0,2022
2022,12,男性皮膚用化粧品,販売数量,kg,396716.0,2022
2023,0,男性皮膚用化粧品,販売数量,kg,11610518.0,2023
2023,1,男性皮膚用化粧品,販売数量,kg,286018.0,2023
2023,2,男性皮膚用化粧品,販売数量,kg,2317055.0,2023
2023,3,男性皮膚用化粧品,販売数量,kg,1296098.0,2023
2023,4,男性皮膚用化粧品,販売数量,kg,798694.0,2023
2023,5,男性皮膚用化粧品,販売数量,kg,860233.0,2023
2023,6,男性皮膚用化粧品,販売数量,kg,1430946.0,2023
2023,7,男性皮膚用化粧品,販売数量,kg,1812400.0,2023
2023,8,男性皮膚用化粧品,販売数量,kg,934205.0,2023
2023,9,男性皮膚用化粧品,販売数量,kg,659077.0,2023
2023,10,男性皮膚用化粧品,販売数量,kg,440261.0,2023
2023,11,男性皮膚用化粧品,販売数量,kg,359530.0,2023
2023,12,男性皮膚用化粧品,販売数量,kg,416001.0,2023
2024,1,男性皮膚用化粧品,販売数量,kg,331571.0,2024
2024,2,男性皮膚用化粧品,販売数量,kg,888121.0,2024
2024,3,男性皮膚用化粧品,販売数量,kg,1118920.0,2024
2024,4,男性皮膚用化粧品,販売数量,kg,1036696.0,2024
2024,5,男性皮膚用化粧品,販売数量,kg,1035783.0,2024
2024,6,男性皮膚用化粧品,販売数量,kg,1740081.0,2024
2024,7,男性皮膚用化粧品,販売数量,kg,2187391.0,2024
2024,8,男性皮膚用化粧品,販売数量,kg,1017576.0,2024
2024,9,男性皮膚用化粧品,販売数量,kg,626292.0,2024
2024,10,男性皮膚用化粧品,販売数量,kg,442432.0,2024
2024,11,男性皮膚用化粧品,販売数量,kg,365194.0,2024
2024,12,男性皮膚用化粧品,販売数量,kg,403656.0,2024
2015,0,男性皮膚用化粧品,販売金額,千円,21629976.0,2019
2016,0,男性皮膚用化粧品,販売金額,千円,21592265.0,2020
2017,0,男性皮膚用化粧品,販売金額,千円,19540834.0,2021
2018,0,男性皮膚用化粧品,販売金額,千円,19268675.0,2022
2019,0,男性皮膚用化粧品,販売金額,千円,18958939.0,2023
2019,1,男性皮膚用化粧品,販売金額,千円,871186.0,2019
2019,2,男性皮膚用化粧品,販売金額,千円,1414364.0,2019
2019,3,男性皮膚用化粧品,販売金額,千円,2011228.0,2019
2019,4,男性皮膚用化粧品,販売金額,千円,2156042.0,2019
2019,5,男性皮膚用化粧品,販売金額,千円,1771596.0,2019
2019,6,男性皮膚用化粧品,販売金額,千円,1972451.0,2019
2019,7,男性皮膚用化粧品,販売金額,千円,2178119.0,2019
2019,8,男性皮膚用化粧品,販売金額,千円,1930334.0,2019
2019,9,男性皮膚用化粧品,販売金額,千円,1233017.0,2019
2019,10,男性皮膚用化粧品,販売金額,千円,1171747.0,2019
2019,11,男性皮膚用化粧品,販売金額,千円,1060674.0,2019
2019,12,男性皮膚用化粧品,販売金額,千円,1188181.0,2019
2020,0,男性皮膚用化粧品,販売金額,千円,18031860.0,2023
2020,1,男性皮膚用化粧品,販売金額,千円,934819.0,2020
2020,2,男性皮膚用化粧品,販売金額,千円,1568679.0,2020
2020,3,男性皮膚用化粧品,販売金額,千円,2156193.0,2020
2020,4,男性皮膚用化粧品,販売金額,千円,1599971.0,2020
2020,5,男性皮膚用化粧品,販売金額,千円,1268003.0,2020
2020,6,男性皮膚用化粧品,販売金額,千円,2470917.0,2020
2020,7,男性皮膚用化粧品,販売金額,千円,1791976.0,2020
2020,8,男性皮膚用化粧品,販売金額,千円,1739426.0,2020
2020,9,男性皮膚用化粧品,販売金額,千円,1182052.0,2020
2020,10,男性皮膚用化粧品,販売金額,千円,1298573.0,2020
2020,11,男性皮膚用化粧品,販売金額,千円,887451.0,2020
2020,12,男性皮膚用化粧品,販売金額,千円,1113833.0,2020
2021,0,男性皮膚用化粧品,販売金額,千円,14777504.0,2023
2021,1,男性皮膚用化粧品,販売金額,千円,824041.0,2021
2021,2,男性皮膚用化粧品,販売金額,千円,1589465.0,2021
2021,3,男性皮膚用化粧品,販売金額,千円,1536222.0,2021
2021,4,男性皮膚用化粧品,販売金額,千円,1445263.0,2021
2021,5,男性皮膚用化粧品,販売金額,千円,1056147.0,2021
2021,6,男性皮膚用化粧品,販売金額,千円,1466815.0,2021
2021,7,男性皮膚用化粧品,販売金額,千円,1882290.0,2021
2021,8,男性皮膚用化粧品,販売金額,千円,948814.0,2021
2021,9,男性皮膚用化粧品,販売金額,千円,935835.0,2021
2021,10,男性皮膚用化粧品,販売金額,千円,1024891.0,2021
2021,11,男性皮膚用化粧品,販売金額,千円,903582.0,2021
2021,12,男性皮膚用化粧品,販売金額,千円,1044892.0,2021
2022,0,男性皮膚用化粧品,販売金額,千円,16169624.0,2023
2022,1,男性皮膚用化粧品,販売金額,千円,754924.0,2022
2022,2,男性皮膚用化粧品,販売金額,千円,1079058.0,2022
2022,3,男性皮膚用化粧品,販売金額,千円,1641686.0,2022
2022,4,男性皮膚用化粧品,販売金額,千円,1516594.0,2022
2022,5,男性皮膚用化粧品,販売金額,千円,1183242.0,2022
2022,6,男性皮膚用化粧品,販売金額,千円,2097118.0,2022
2022,7,男性皮膚用化粧品,販売金額,千円,2297904.0,2022
2022,8,男性皮膚用化粧品,販売金額,千円,1278174.0,2022
2022,9,男性皮膚用化粧品,販売金額,千円,1115217.0,2022
2022,10,男性皮膚用化粧品,販売金額,千円,1141340.0,2022
2022,11,男性皮膚用化粧品,販売金額,千円,982670.0,2022
2022,12,男性皮膚用化粧品,販売金額,千円,1081697.0,2022
2023,0,男性皮膚用化粧品,販売金額,千円,17433740.0,2023
2023,1,男性皮膚用化粧品,販売金額,千円,723354.0,2023
2023,2,男性皮膚用化粧品,販売金額,千円,1274002.0,2023
2023,3,男性皮膚用化粧品,販売金額,千円,1927713.0,2023
2023,4,男性皮膚用化粧品,販売金額,千円,1358947.0,2023
2023,5,男性皮膚用化粧品,販売金額,千円,1389254.0,2023
2023,6,男性皮膚用化粧品,販売金額,千円,2090460.0,2023
2023,7,男性皮膚用化粧品,販売金額,千円,2489812.0,2023
2023,8,男性皮膚用化粧品,販売金額,千円,1501030.0,2023
2023,9,男性皮膚用化粧品,販売金額,千円,1286289.0,2023
2023,10,男性皮膚用化粧品,販売金額,千円,1276783.0,2023
2023,11,男性皮膚用化粧品,販売金額,千円,975839.0,2023
2023,12,男性皮膚用化粧品,販売金額,千円,1140257.0,2023
2024,1,男性皮膚用化粧品,販売金額,千円,869530.0,2024
2024,2,男性皮膚用化粧品,販売金額,千円,1527099.0,2024
2024,3,男性皮膚用化粧品,販売金額,千円,1930150.0,2024
2024,4,男性皮膚用化粧品,販売金額,千円,1704137.0,2024
2024,5,男性皮膚用化粧品,販売金額,千円,1650812.0,2024
2024,6,男性皮膚用化粧品,販売金額,千円,2548591.0,2024
2024,7,男性皮膚用化粧品,販売金額,千円,3022991.0,2024
2024,8,男性皮膚用化粧品,販売金額,千円,1743321.0,2024
2024,9,男性皮膚用化粧品,販売金額,千円,1221194.0,2024
2024,10,男性皮膚用化粧品,販売金額,千円,1129132.0,2024
2024,11,男性皮膚用化粧品,販売金額,千円,1052586.0,2024
2024,12,男性皮膚用化粧品,販売金額,千円,1238092.0,2024
2015,0,皮膚用化粧品計,出荷その他,kg,4955674.0,2019
2016,0,皮膚用化粧品計,出荷その他,kg,5486295.0,2020
2017,0,皮膚用化粧品計,出荷その他,kg,5515949.0,2020
2018,0,皮膚用化粧品計,出荷その他,kg,5714082.0,2020
2019,0,皮膚用化粧品計,出荷その他,kg,4540459.0,2020
2019,1,皮膚用化粧品計,出荷その他,kg,154303.0,2019
2019,2,皮膚用化粧品計,出荷その他,kg,472542.0,2019
2019,3,皮膚用化粧品計,出荷その他,kg,475335.0,2019
2019,4,皮膚用化粧品計,出荷その他,kg,355337.0,2019
2019,5,皮膚用化粧品計,出荷その他,kg,378528.0,2019
2019,6,皮膚用化粧品計,出荷その他,kg,466932.0,2019
2019,7,皮膚用化粧品計,出荷その他,kg,519333.0,2019
2019,8,皮膚用化粧品計,出荷その他,kg,258457.0,2019
2019,9,皮膚用化粧品計,出荷その他,kg,414037.0,2019
2019,10,皮膚用化粧品計,出荷その他,kg,280284.0,2019
2019,11,皮膚用化粧品計,出荷その他,kg,400800.0,2019
2019,12,皮膚用化粧品計,出荷その他,kg,364571.0,2019
2020,0,皮膚用化粧品計,出荷その他,kg,5737521.0,2020
2020,1,皮膚用化粧品計,出荷その他,kg,391873.0,2020
2020,2,皮膚用化粧品計,出荷その他,kg,428569.0,2020
2020,3,皮膚用化粧品計,出荷その他,kg,521847.0,2020
2020,4,皮膚用化粧品計,出荷その他,kg,349601.0,2020
2020,5,皮膚用化粧品計,出荷その他,kg,307567.0,2020
2020,6,皮膚用化粧品計,出荷その他,kg,931736.0,2020
2020,7,皮膚用化粧品計,出荷その他,kg,387857.0,2020
2020,8,皮膚用化粧品計,出荷その他,kg,397331.0,2020
2020,9,皮膚用化粧品計,出荷その他,kg,433590.0,2020
2020,10,皮膚用化粧品計,出荷その他,kg,475002.0,2020
2020,11,皮膚用化粧品計,出荷その他,kg,588961.0,2020
2020,12,皮膚用化粧品計,出荷その他,kg,523587.0,2020
2015,0,皮膚用化粧品計,受入,kg,7742772.0,2019
2016,0,皮膚用化粧品計,受入,kg,6744784.0,2020
2017,0,皮膚用化粧品計,受入,kg,7378052.0,2020
2018,0,皮膚用化粧品計,受入,kg,8972494.0,2020
2019,0,皮膚用化粧品計,受入,kg,9565820.0,2020
2019,1,皮膚用化粧品計,受入,kg,736479.0,2019
2019,2,皮膚用化粧品計,受入,kg,704596.0,2019
2019,3,皮膚用化粧品計,受入,kg,831423.0,2019
2019,4,皮膚用化粧品計,受入,kg,640890.0,2019
2019,5,皮膚用化粧品計,受入,kg,862922.0,2019
2019,6,皮膚用化粧品計,受入,kg,869084.0,2019
2019,7,皮膚用化粧品計,受入,kg,906978.0,2019
2019,8,皮膚用化粧品計,受入,kg,766597.0,2019
2019,9,皮膚用化粧品計,受入,kg,763757.0,2019
2019,10,皮膚用化粧品計,受入,kg,831317.0,2019
2019,11,皮膚用化粧品計,受入,kg,859935.0,2019
2019,12,皮膚用化粧品計,受入,kg,791842.0,2019
2020,0,皮膚用化粧品計,受入,kg,10048415.0,2020
2020,1,皮膚用化粧品計,受入,kg,733067.0,2020
2020,2,皮膚用化粧品計,受入,kg,812581.0,2020
2020,3,皮膚用化粧品計,受入,kg,814070.0,2020
2020,4,皮膚用化粧品計,受入,kg,931686.0,2020
2020,5,皮膚用化粧品計,受入,kg,760548.0,2020
2020,6,皮膚用化粧品計,受入,kg,810935.0,2020
2020,7,皮膚用化粧品計,受入,kg,915100.0,2020
2020,8,皮膚用化粧品計,受入,kg,896962.0,2020
2020,9,皮膚用化粧品計,受入,kg,747913.0,2020
2020,10,皮膚用化粧品計,受入,kg,797854.0,2020
2020,11,皮膚用化粧品計,受入,kg,949959.0,2020
2020,12,皮膚用化粧品計,受入,kg,877740.0,2020
2015,0,皮膚用化粧品計,月末在庫,kg,11889540.0,2019
2016,0,皮膚用化粧品計,月末在庫,kg,13131134.0,2020
2017,0,皮膚用化粧品計,月末在庫,kg,14957463.0,2020
2018,0,皮膚用化粧品計,月末在庫,kg,22729274.0,2020
2019,0,皮膚用化粧品計,月末在庫,kg,23934563.0,2020
2019,1,皮膚用化粧品計,月末在庫,kg,23664096.0,2019
2019,2,皮膚用化粧品計,月末在庫,kg,24135891.0,2019
2019,3,皮膚用化粧品計,月末在庫,kg,23390107.0,2019
2019,4,皮膚用化粧品計,月末在庫,kg,23080565.0,2019
2019,5,皮膚用化粧品計,月末在庫,kg,23799250.0,2019
2019,6,皮膚用化粧品計,月末在庫,kg,23709497.0,2019
2019,7,皮膚用化粧品計,月末在庫,kg,24940805.0,2019
2019,8,皮膚用化粧品計,月末在庫,kg,23401485.0,2019
2019,9,皮膚用化粧品計,月末在庫,kg,22224349.0,2019
2019,10,皮膚用化粧品計,月末在庫,kg,23494367.0,2019
2019,11,皮膚用化粧品計,月末在庫,kg,24289806.0,2019
2019,12,皮膚用化粧品計,月末在庫,kg,23934563.0,2019
2020,0,皮膚用化粧品計,月末在庫,kg,21052942.0,2020
2020,1,皮膚用化粧品計,月末在庫,kg,24811561.0,2020
2020,2,皮膚用化粧品計,月末在庫,kg,24962291.0,2020
2020,3,皮膚用化粧品計,月末在庫,kg,25214625.0,2020
2020,4,皮膚用化粧品計,月末在庫,kg,25800616.0,2020
2020,5,皮膚用化粧品計,月末在庫,kg,26551939.0,2020
2020,6,皮膚用化粧品計,月末在庫,kg,25954894.0,2020
2020,7,皮膚用化粧品計,月末在庫,kg,25800760.0,2020
2020,8,皮膚用化粧品計,月末在庫,kg,23985164.0,2020
2020,9,皮膚用化粧品計,月末在庫,kg,22310179.0,2020
2020,10,皮膚用化粧品計,月末在庫,kg,22047551.0,2020
2020,11,皮膚用化粧品計,月末在庫,kg,22181504.0,2020
2020,12,皮膚用化粧品計,月末在庫,kg,21052942.0,2020
2015,0,皮膚用化粧品計,生産,kg,107331629.0,2019
2016,0,皮膚用化粧品計,生産,kg,115783356.0,2020
2017,0,皮膚用化粧品計,生産,kg,125367613.0,2020
2018,0,皮膚用化粧品計,生産,kg,143601060.0,2020
2019,0,皮膚用化粧品計,生産,kg,134727093.0,2020
2019,1,皮膚用化粧品計,生産,kg,9758486.0,2019
2019,2,皮膚用化粧品計,生産,kg,11073317.0,2019
2019,3,皮膚用化粧品計,生産,kg,10927265.0,2019
2019,4,皮膚用化粧品計,生産,kg,11865816.0,2019
2019,5,皮膚用化粧品計,生産,kg,11148857.0,2019
2019,6,皮膚用化粧品計,生産,kg,11732236.0,2019
2019,7,皮膚用化粧品計,生産,kg,13519495.0,2019
2019,8,皮膚用化粧品計,生産,kg,10400517.0,2019
2019,9,皮膚用化粧品計,生産,kg,11221338.0,2019
2019,10,皮膚用化粧品計,生産,kg,11980987.0,2019
2019,11,皮膚用化粧品計,生産,kg,10819284.0,2019
2019,12,皮膚用化粧品計,生産,kg,10279495.0,2019
2020,0,皮膚用化粧品計,生産,kg,117714672.0,2020
2020,1,皮膚用化粧品計,生産,kg,9340394.0,2020
2020,2,皮膚用化粧品計,生産,kg,9892664.0,2020
2020,3,皮膚用化粧品計,生産,kg,10341884.0,2020
2020,4,皮膚用化粧品計,生産,kg,10699210.0,2020
2020,5,皮膚用化粧品計,生産,kg,8909585.0,2020
2020,6,皮膚用化粧品計,生産,kg,11248021.0,2020
2020,7,皮膚用化粧品計,生産,kg,10245578.0,2020
2020,8,皮膚用化粧品計,生産,kg,8545508.0,2020
2020,9,皮膚用化粧品計,生産,kg,9487903.0,2020
2020,10,皮膚用化粧品計,生産,kg,10451424.0,2020
2020,11,皮膚用化粧品計,生産,kg,9477575.0,2020
2020,12,皮膚用化粧品計,生産,kg,9074926.0,2020
2015,0,皮膚用化粧品計,販売個数,十個,103742599.0,2019
2016,0,皮膚用化粧品計,販売個数,十個,107765513.0,2020
2017,0,皮膚用化粧品計,販売個数,十個,113738201.0,2020
2018,0,皮膚用化粧品計,販売個数,十個,124763831.0,2020
2019,0,皮膚用化粧品計,販売個数,十個,125207144.0,2020
2019,1,皮膚用化粧品計,販売個数,十個,8743370.0,2019
2019,2,皮膚用化粧品計,販売個数,十個,9501374.0,2019
2019,3,皮膚用化粧品計,販売個数,十個,10532913.0,2019
2019,4,皮膚用化粧品計,販売個数,十個,11505046.0,2019
2019,5,皮膚用化粧品計,販売個数,十個,9581135.0,2019
2019,6,皮膚用化粧品計,販売個数,十個,10568750.0,2019
2019,7,皮膚用化粧品計,販売個数,十個,11458303.0,2019
2019,8,皮膚用化粧品計,販売個数,十個,10687330.0,2019
2019,9,皮膚用化粧品計,販売個数,十個,11777722.0,2019
2019,10,皮膚用化粧品計,販売個数,十個,10551182.0,2019
2019,11,皮膚用化粧品計,販売個数,十個,10087831.0,2019
2019,12,皮膚用化粧品計,販売個数,十個,10212188.0,2019
2020,0,皮膚用化粧品計,販売個数,十個,110476299.0,2020
2020,1,皮膚用化粧品計,販売個数,十個,8154977.0,2020
2020,2,皮膚用化粧品計,販売個数,十個,8918387.0,2020
2020,3,皮膚用化粧品計,販売個数,十個,9051015.0,2020
2020,4,皮膚用化粧品計,販売個数,十個,9174743.0,2020
2020,5,皮膚用化粧品計,販売個数,十個,7721221.0,2020
2020,6,皮膚用化粧品計,販売個数,十個,9992360.0,2020
2020,7,皮膚用化粧品計,販売個数,十個,10451624.0,2020
2020,8,皮膚用化粧品計,販売個数,十個,9644117.0,2020
2020,9,皮膚用化粧品計,販売個数,十個,10026330.0,2020
2020,10,皮膚用化粧品計,販売個数,十個,9762823.0,2020
2020,11,皮膚用化粧品計,販売個数,十個,8782853.0,2020
2020,12,皮膚用化粧品計,販売個数,十個,8795849.0,2020
2015,0,皮膚用化粧品計,販売数量,kg,109940692.0,2019
2016,0,皮膚用化粧品計,販売数量,kg,115897078.0,2020
2017,0,皮膚用化粧品計,販売数量,kg,125387230.0,2020
2018,0,皮膚用化粧品計,販売数量,kg,138628146.0,2020
2019,0,皮膚用化粧品計,販売数量,kg,138169453.0,2020
2019,1,皮膚用化粧品計,販売数量,kg,9476576.0,2019
2019,2,皮膚用化粧品計,販売数量,kg,10801021.0,2019
2019,3,皮膚用化粧品計,販売数量,kg,11994614.0,2019
2019,4,皮膚用化粧品計,販売数量,kg,12630661.0,2019
2019,5,皮膚用化粧品計,販売数量,kg,10858802.0,2019
2019,6,皮膚用化粧品計,販売数量,kg,12023631.0,2019
2019,7,皮膚用化粧品計,販売数量,kg,12633130.0,2019
2019,8,皮膚用化粧品計,販売数量,kg,12408919.0,2019
2019,9,皮膚用化粧品計,販売数量,kg,12631350.0,2019
2019,10,皮膚用化粧品計,販売数量,kg,11209535.0,2019
2019,11,皮膚用化粧品計,販売数量,kg,10485467.0,2019
2019,12,皮膚用化粧品計,販売数量,kg,11015747.0,2019
2020,0,皮膚用化粧品計,販売数量,kg,123411556.0,2020
2020,1,皮膚用化粧品計,販売数量,kg,8681939.0,2020
2020,2,皮膚用化粧品計,販売数量,kg,9784591.0,2020
2020,3,皮膚用化粧品計,販売数量,kg,10354061.0,2020
2020,4,皮膚用化粧品計,販売数量,kg,10681971.0,2020
2020,5,皮膚用化粧品計,販売数量,kg,8610873.0,2020
2020,6,皮膚用化粧品計,販売数量,kg,11658103.0,2020
2020,7,皮膚用化粧品計,販売数量,kg,10886844.0,2020
2020,8,皮膚用化粧品計,販売数量,kg,10827208.0,2020
2020,9,皮膚用化粧品計,販売数量,kg,11452821.0,2020
2020,10,皮膚用化粧品計,販売数量,kg,10999680.0,2020
2020,11,皮膚用化粧品計,販売数量,kg,9636814.0,2020
2020,12,皮膚用化粧品計,販売数量,kg,9836651.0,2020
2015,0,皮膚用化粧品計,販売金額,千円,704463939.0,2019
2016,0,皮膚用化粧品計,販売金額,千円,717183102.0,2020
2017,0,皮膚用化粧品計,販売金額,千円,778789475.0,2020
2018,0,皮膚用化粧品計,販売金額,千円,849388226.0,2020
2019,0,皮膚用化粧品計,販売金額,千円,887586811.0,2020
2019,1,皮膚用化粧品計,販売金額,千円,61734585.0,2019
2019,2,皮膚用化粧品計,販売金額,千円,67080822.0,2019
2019,3,皮膚用化粧品計,販売金額,千円,76364290.0,2019
2019,4,皮膚用化粧品計,販売金額,千円,74455153.0,2019
2019,5,皮膚用化粧品計,販売金額,千円,67513241.0,2019
2019,6,皮膚用化粧品計,販売金額,千円,70615432.0,2019
2019,7,皮膚用化粧品計,販売金額,千円,74872703.0,2019
2019,8,皮膚用化粧品計,販売金額,千円,76738814.0,2019
2019,9,皮膚用化粧品計,販売金額,千円,93638553.0,2019
2019,10,皮膚用化粧品計,販売金額,千円,74458294.0,2019
2019,11,皮膚用化粧品計,販売金額,千円,70316719.0,2019
2019,12,皮膚用化粧品計,販売金額,千円,79798205.0,2019
2020,0,皮膚用化粧品計,販売金額,千円,771818242.0,2020
2020,1,皮膚用化粧品計,販売金額,千円,58672683.0,2020
2020,2,皮膚用化粧品計,販売金額,千円,63537136.0,2020
2020,3,皮膚用化粧品計,販売金額,千円,58243067.0,2020
2020,4,皮膚用化粧品計,販売金額,千円,56973686.0,2020
2020,5,皮膚用化粧品計,販売金額,千円,50950859.0,2020
2020,6,皮膚用化粧品計,販売金額,千円,63054943.0,2020
2020,7,皮膚用化粧品計,販売金額,千円,67369827.0,2020
2020,8,皮膚用化粧品計,販売金額,千円,71309815.0,2020
2020,9,皮膚用化粧品計,販売金額,千円,74972729.0,2020
2020,10,皮膚用化粧品計,販売金額,千円,73889741.0,2020
2020,11,皮膚用化粧品計,販売金額,千円,69842187.0,2020
2020,12,皮膚用化粧品計,販売金額,千円,63001569.0,2020
2015,0,美容液,出荷その他,kg,85294.0,2019
2016,0,美容液,出荷その他,kg,111688.0,2020
2017,0,美容液,出荷その他,kg,181919.0,2021
2018,0,美容液,出荷その他,kg,250142.0,2022
2019,0,美容液,出荷その他,kg,171308.0,2023
2019,1,美容液,出荷その他,kg,9675.0,2019
2019,2,美容液,出荷その他,kg,18385.0,2019
2019,3,美容液,出荷その他,kg,14628.0,2019
2019,4,美容液,出荷その他,kg,11793.0,2019
2019,5,美容液,出荷その他,kg,10835.0,2019
2019,6,美容液,出荷その他,kg,21563.0,2019
2019,7,美容液,出荷その他,kg,9738.0,2019
2019,8,美容液,出荷その他,kg,9291.0,2019
2019,9,美容液,出荷その他,kg,24224.0,2019
2019,10,美容液,出荷その他,kg,6199.0,2019
2019,11,美容液,出荷その他,kg,17122.0,2019
2019,12,美容液,出荷その他,kg,17855.0,2019
2020,0,美容液,出荷その他,kg,358944.0,2023
2020,1,美容液,出荷その他,kg,33251.0,2020
2020,2,美容液,出荷その他,kg,37114.0,2020
2020,3,美容液,出荷その他,kg,32471.0,2020
2020,4,美容液,出荷その他,kg,18100.0,2020
2020,5,美容液,出荷その他,kg,15076.0,2020
2020,6,美容液,出荷その他,kg,44866.0,2020
2020,7,美容液,出荷その他,kg,13003.0,2020
2020,8,美容液,出荷その他,kg,21317.0,2020
2020,9,美容液,出荷その他,kg,38087.0,2020
2020,10,美容液,出荷その他,kg,28322.0,2020
2020,11,美容液,出荷その他,kg,39317.0,2020
2020,12,美容液,出荷その他,kg,39368.0,2020
2021,0,美容液,出荷その他,kg,393454.0,2023
2021,1,美容液,出荷その他,kg,12050.0,2021
2021,2,美容液,出荷その他,kg,31280.0,2021
2021,3,美容液,出荷その他,kg,64340.0,2021
2021,4,美容液,出荷その他,kg,57475.0,2021
2021,5,美容液,出荷その他,kg,45527.0,2021
2021,6,美容液,出荷その他,kg,96648.0,2021
2021,7,美容液,出荷その他,kg,13926.0,2021
2021,8,美容液,出荷その他,kg,25366.0,2021
2021,9,美容液,出荷その他,kg,20547.0,2021
2021,10,美容液,出荷その他,kg,8330.0,2021
2021,11,美容液,出荷その他,kg,8469.0,2021
2021,12,美容液,出荷その他,kg,18158.0,2021
2022,0,美容液,出荷その他,kg,244407.0,2023
2022,1,美容液,出荷その他,kg,8576.0,2022
2022,2,美容液,出荷その他,kg,30710.0,2022
2022,3,美容液,出荷その他,kg,24826.0,2022
2022,4,美容液,出荷その他,kg,29626.0,2022
2022,5,美容液,出荷その他,kg,17155.0,2022
2022,6,美容液,出荷その他,kg,30660.0,2022
2022,7,美容液,出荷その他,kg,17786.0,2022
2022,8,美容液,出荷その他,kg,12549.0,2022
2022,9,美容液,出荷その他,kg,11999.0,2022
2022,10,美容液,出荷その他,kg,15153.0,2022
2022,11,美容液,出荷その他,kg,24304.0,2022
2022,12,美容液,出荷その他,kg,21063.0,2022
2023,0,美容液,出荷その他,kg,145590.0,2023
2023,1,美容液,出荷その他,kg,6775.0,2023
2023,2,美容液,出荷その他,kg,6519.0,2023
2023,3,美容液,出荷その他,kg,25865.0,2023
2023,4,美容液,出荷その他,kg,7931.0,2023
2023,5,美容液,出荷その他,kg,15325.0,2023
2023,6,美容液,出荷その他,kg,17254.0,2023
2023,7,美容液,出荷その他,kg,6111.0,2023
2023,8,美容液,出荷その他,kg,8053.0,2023
2023,9,美容液,出荷その他,kg,15241.0,2023
2023,10,美容液,出荷その他,kg,22079.0,2023
2023,11,美容液,出荷その他,kg,6025.0,2023
2023,12,美容液,出荷その他,kg,8412.0,2023
2024,1,美容液,出荷その他,kg,18070.0,2024
2024,2,美容液,出荷その他,kg,36449.0,2024
2024,3,美容液,出荷その他,kg,15237.0,2024
2024,4,美容液,出荷その他,kg,11512.0,2024
2024,5,美容液,出荷その他,kg,7661.0,2024
2024,6,美容液,出荷その他,kg,7929.0,2024
2024,7,美容液,出荷その他,kg,17193.0,2024
2024,8,美容液,出荷その他,kg,5086.0,2024
2024,9,美容液,出荷その他,kg,30831.0,2024
2024,10,美容液,出荷その他,kg,19637.0,2024
2024,11,美容液,出荷その他,kg,15498.0,2024
2024,12,美容液,出荷その他,kg,38373.0,2024
2015,0,美容液,受入,kg,137067.0,2019
2016,0,美容液,受入,kg,167551.0,2020
2017,0,美容液,受入,kg,123943.0,2021
2018,0,美容液,受入,kg,85418.0,2022
2019,0,美容液,受入,kg,122827.0,2023
2019,1,美容液,受入,kg,3588.0,2019
2019,2,美容液,受入,kg,4501.0,2019
2019,3,美容液,受入,kg,8212.0,2019
2019,4,美容液,受入,kg,5310.0,2019
2019,5,美容液,受入,kg,4952.0,2019
2019,6,美容液,受入,kg,6660.0,2019
2019,7,美容液,受入,kg,10324.0,2019
2019,8,美容液,受入,kg,26227.0,2019
2019,9,美容液,受入,kg,21042.0,2019
2019,10,美容液,受入,kg,8175.0,2019
2019,11,美容液,受入,kg,13514.0,2019
2019,12,美容液,受入,kg,10322.0,2019
2020,0,美容液,受入,kg,274862.0,2023
2020,1,美容液,受入,kg,18738.0,2020
2020,2,美容液,受入,kg,20727.0,2020
2020,3,美容液,受入,kg,20692.0,2020
2020,4,美容液,受入,kg,23407.0,2020
2020,5,美容液,受入,kg,27956.0,2020
2020,6,美容液,受入,kg,26895.0,2020
2020,7,美容液,受入,kg,15124.0,2020
2020,8,美容液,受入,kg,14058.0,2020
2020,9,美容液,受入,kg,31916.0,2020
2020,10,美容液,受入,kg,29899.0,2020
2020,11,美容液,受入,kg,36974.0,2020
2020,12,美容液,受入,kg,18958.0,2020
2021,0,美容液,受入,kg,302210.0,2023
2021,1,美容液,受入,kg,28212.0,2021
2021,2,美容液,受入,kg,34606.0,2021
2021,3,美容液,受入,kg,23143.0,2021
2021,4,美容液,受入,kg,36737.0,2021
2021,5,美容液,受入,kg,37468.0,2021
2021,6,美容液,受入,kg,29264.0,2021
2021,7,美容液,受入,kg,34452.0,2021
2021,8,美容液,受入,kg,37946.0,2021
2021,9,美容液,受入,kg,17009.0,2021
2021,10,美容液,受入,kg,12801.0,2021
2021,11,美容液,受入,kg,8794.0,2021
2021,12,美容液,受入,kg,10736.0,2021
2022,0,美容液,受入,kg,298826.0,2023
2022,1,美容液,受入,kg,46000.0,2022
2022,2,美容液,受入,kg,11548.0,2022
2022,3,美容液,受入,kg,34179.0,2022
2022,4,美容液,受入,kg,28749.0,2022
2022,5,美容液,受入,kg,11514.0,2022
2022,6,美容液,受入,kg,37451.0,2022
2022,7,美容液,受入,kg,18926.0,2022
2022,8,美容液,受入,kg,22646.0,2022
2022,9,美容液,受入,kg,22109.0,2022
2022,10,美容液,受入,kg,23221.0,2022
2022,11,美容液,受入,kg,22724.0,2022
2022,12,美容液,受入,kg,19759.0,2022
2023,0,美容液,受入,kg,231048.0,2023
2023,1,美容液,受入,kg,12423.0,2023
2023,2,美容液,受入,kg,14931.0,2023
2023,3,美容液,受入,kg,32812.0,2023
2023,4,美容液,受入,kg,6302.0,2023
2023,5,美容液,受入,kg,33139.0,2023
2023,6,美容液,受入,kg,17822.0,2023
2023,7,美容液,受入,kg,20997.0,2023
2023,8,美容液,受入,kg,19961.0,2023
2023,9,美容液,受入,kg,10532.0,2023
2023,10,美容液,受入,kg,31777.0,2023
2023,11,美容液,受入,kg,14210.0,2023
2023,12,美容液,受入,kg,16142.0,2023
2024,1,美容液,受入,kg,5129.0,2024
2024,2,美容液,受入,kg,10872.0,2024
2024,3,美容液,受入,kg,28621.0,2024
2024,4,美容液,受入,kg,18286.0,2024
2024,5,美容液,受入,kg,20852.0,2024
2024,6,美容液,受入,kg,14922.0,2024
2024,7,美容液,受入,kg,30665.0,2024
2024,8,美容液,受入,kg,41197.0,2024
2024,9,美容液,受入,kg,35910.0,2024
2024,10,美容液,受入,kg,32253.0,2024
2024,11,美容液,受入,kg,44483.0,2024
2024,12,美容液,受入,kg,8606.0,2024
2015,0,美容液,月末在庫,kg,465274.0,2019
2016,0,美容液,月末在庫,kg,613559.0,2020
2017,0,美容液,月末在庫,kg,590613.0,2021
2018,0,美容液,月末在庫,kg,704482.0,2022
2019,0,美容液,月末在庫,kg,852320.0,2023
2019,1,美容液,月末在庫,kg,723599.0,2019
2019,2,美容液,月末在庫,kg,727190.0,2019
2019,3,美容液,月末在庫,kg,750693.0,2019
2019,4,美容液,月末在庫,kg,755075.0,2019
2019,5,美容液,月末在庫,kg,755821.0,2019
2019,6,美容液,月末在庫,kg,746820.0,2019
2019,7,美容液,月末在庫,kg,786105.0,2019
2019,8,美容液,月末在庫,kg,834475.0,2019
2019,9,美容液,月末在庫,kg,857061.0,2019
2019,10,美容液,月末在庫,kg,929560.0,2019
2019,11,美容液,月末在庫,kg,864019.0,2019
2019,12,美容液,月末在庫,kg,852320.0,2019
2020,0,美容液,月末在庫,kg,792373.0,2023
2020,1,美容液,月末在庫,kg,930815.0,2020
2020,2,美容液,月末在庫,kg,927203.0,2020
2020,3,美容液,月末在庫,kg,910753.0,2020
2020,4,美容液,月末在庫,kg,920030.0,2020
2020,5,美容液,月末在庫,kg,904644.0,2020
2020,6,美容液,月末在庫,kg,925502.0,2020
2020,7,美容液,月末在庫,kg,965303.0,2020
2020,8,美容液,月末在庫,kg,900064.0,2020
2020,9,美容液,月末在庫,kg,940509.0,2020
2020,10,美容液,月末在庫,kg,921986.0,2020
2020,11,美容液,月末在庫,kg,939431.0,2020
2020,12,美容液,月末在庫,kg,785491.0,2020
2021,0,美容液,月末在庫,kg,741478.0,2023
2021,1,美容液,月末在庫,kg,829998.0,2021
2021,2,美容液,月末在庫,kg,813925.0,2021
2021,3,美容液,月末在庫,kg,761008.0,2021
2021,4,美容液,月末在庫,kg,771059.0,2021
2021,5,美容液,月末在庫,kg,774884.0,2021
2021,6,美容液,月末在庫,kg,789116.0,2021
2021,7,美容液,月末在庫,kg,782856.0,2021
2021,8,美容液,月末在庫,kg,789525.0,2021
2021,9,美容液,月末在庫,kg,798722.0,2021
2021,10,美容液,月末在庫,kg,847329.0,2021
2021,11,美容液,月末在庫,kg,822395.0,2021
2021,12,美容液,月末在庫,kg,738864.0,2021
2022,0,美容液,月末在庫,kg,617538.0,2023
2022,1,美容液,月末在庫,kg,871735.0,2022
2022,2,美容液,月末在庫,kg,834029.0,2022
2022,3,美容液,月末在庫,kg,820976.0,2022
2022,4,美容液,月末在庫,kg,691879.0,2022
2022,5,美容液,月末在庫,kg,792664.0,2022
2022,6,美容液,月末在庫,kg,799945.0,2022
2022,7,美容液,月末在庫,kg,682650.0,2022
2022,8,美容液,月末在庫,kg,744863.0,2022
2022,9,美容液,月末在庫,kg,707359.0,2022
2022,10,美容液,月末在庫,kg,734629.0,2022
2022,11,美容液,月末在庫,kg,691650.0,2022
2022,12,美容液,月末在庫,kg,617538.0,2022
2023,0,美容液,月末在庫,kg,749197.0,2023
2023,1,美容液,月末在庫,kg,610219.0,2023
2023,2,美容液,月末在庫,kg,618740.0,2023
2023,3,美容液,月末在庫,kg,606222.0,2023
2023,4,美容液,月末在庫,kg,590889.0,2023
2023,5,美容液,月末在庫,kg,638148.0,2023
2023,6,美容液,月末在庫,kg,692912.0,2023
2023,7,美容液,月末在庫,kg,718216.0,2023
2023,8,美容液,月末在庫,kg,770197.0,2023
2023,9,美容液,月末在庫,kg,809606.0,2023
2023,10,美容液,月末在庫,kg,817516.0,2023
2023,11,美容液,月末在庫,kg,776640.0,2023
2023,12,美容液,月末在庫,kg,749197.0,2023
2024,1,美容液,月末在庫,kg,792163.0,2024
2024,2,美容液,月末在庫,kg,760194.0,2024
2024,3,美容液,月末在庫,kg,791894.0,2024
2024,4,美容液,月末在庫,kg,742159.0,2024
2024,5,美容液,月末在庫,kg,831948.0,2024
2024,6,美容液,月末在庫,kg,797163.0,2024
2024,7,美容液,月末在庫,kg,812753.0,2024
2024,8,美容液,月末在庫,kg,810810.0,2024
2024,9,美容液,月末在庫,kg,866337.0,2024
2024,10,美容液,月末在庫,kg,824589.0,2024
2024,11,美容液,月末在庫,kg,817120.0,2024
2024,12,美容液,月末在庫,kg,778523.0,2024
2015,0,美容液,生産,kg,3317478.0,2019
2016,0,美容液,生産,kg,4091673.0,2020
2017,0,美容液,生産,kg,5181390.0,2021
2018,0,美容液,生産,kg,5030555.0,2022
2019,0,美容液,生産,kg,4743879.0,2023
2019,1,美容液,生産,kg,330734.0,2019
2019,2,美容液,生産,kg,362408.0,2019
2019,3,美容液,生産,kg,395434.0,2019
2019,4,美容液,生産,kg,425282.0,2019
2019,5,美容液,生産,kg,351729.0,2019
2019,6,美容液,生産,kg,348862.0,2019
2019,7,美容液,生産,kg,478153.0,2019
2019,8,美容液,生産,kg,396787.0,2019
2019,9,美容液,生産,kg,413992.0,2019
2019,10,美容液,生産,kg,483184.0,2019
2019,11,美容液,生産,kg,381769.0,2019
2019,12,美容液,生産,kg,375545.0,2019
2020,0,美容液,生産,kg,4437477.0,2023
2020,1,美容液,生産,kg,357779.0,2020
2020,2,美容液,生産,kg,372918.0,2020
2020,3,美容液,生産,kg,364243.0,2020
2020,4,美容液,生産,kg,365854.0,2020
2020,5,美容液,生産,kg,283836.0,2020
2020,6,美容液,生産,kg,377580.0,2020
2020,7,美容液,生産,kg,422229.0,2020
2020,8,美容液,生産,kg,372932.0,2020
2020,9,美容液,生産,kg,420736.0,2020
2020,10,美容液,生産,kg,419404.0,2020
2020,11,美容液,生産,kg,402970.0,2020
2020,12,美容液,生産,kg,258453.0,2020
2021,0,美容液,生産,kg,4125524.0,2023
2021,1,美容液,生産,kg,294577.0,2021
2021,2,美容液,生産,kg,322024.0,2021
2021,3,美容液,生産,kg,321569.0,2021
2021,4,美容液,生産,kg,379825.0,2021
2021,5,美容液,生産,kg,306174.0,2021
2021,6,美容液,生産,kg,359975.0,2021
2021,7,美容液,生産,kg,355466.0,2021
2021,8,美容液,生産,kg,354359.0,2021
2021,9,美容液,生産,kg,360775.0,2021
2021,10,美容液,生産,kg,391783.0,2021
2021,11,美容液,生産,kg,361806.0,2021
2021,12,美容液,生産,kg,318383.0,2021
2022,0,美容液,生産,kg,4183833.0,2023
2022,1,美容液,生産,kg,264873.0,2022
2022,2,美容液,生産,kg,326398.0,2022
2022,3,美容液,生産,kg,394099.0,2022
2022,4,美容液,生産,kg,300279.0,2022
2022,5,美容液,生産,kg,305272.0,2022
2022,6,美容液,生産,kg,369367.0,2022
2022,7,美容液,生産,kg,326761.0,2022
2022,8,美容液,生産,kg,355033.0,2022
2022,9,美容液,生産,kg,583554.0,2022
2022,10,美容液,生産,kg,354919.0,2022
2022,11,美容液,生産,kg,302868.0,2022
2022,12,美容液,生産,kg,300410.0,2022
2023,0,美容液,生産,kg,4155013.0,2023
2023,1,美容液,生産,kg,256233.0,2023
2023,2,美容液,生産,kg,267181.0,2023
2023,3,美容液,生産,kg,290416.0,2023
2023,4,美容液,生産,kg,361459.0,2023
2023,5,美容液,生産,kg,334629.0,2023
2023,6,美容液,生産,kg,327868.0,2023
2023,7,美容液,生産,kg,383814.0,2023
2023,8,美容液,生産,kg,406158.0,2023
2023,9,美容液,生産,kg,427483.0,2023
2023,10,美容液,生産,kg,379989.0,2023
2023,11,美容液,生産,kg,351654.0,2023
2023,12,美容液,生産,kg,368129.0,2023
2024,1,美容液,生産,kg,355518.0,2024
2024,2,美容液,生産,kg,335199.0,2024
2024,3,美容液,生産,kg,462578.0,2024
2024,4,美容液,生産,kg,482236.0,2024
2024,5,美容液,生産,kg,371361.0,2024
2024,6,美容液,生産,kg,368183.0,2024
2024,7,美容液,生産,kg,508908.0,2024
2024,8,美容液,生産,kg,381674.0,2024
2024,9,美容液,生産,kg,395639.0,2024
2024,10,美容液,生産,kg,429179.0,2024
2024,11,美容液,生産,kg,327398.0,2024
2024,12,美容液,生産,kg,327276.0,2024
2015,0,美容液,販売個数,十個,8589230.0,2019
2016,0,美容液,販売個数,十個,9828710.0,2020
2017,0,美容液,販売個数,十個,10435030.0,2021
2018,0,美容液,販売個数,十個,11101494.0,2022
2019,0,美容液,販売個数,十個,11957699.0,2023
2019,1,美容液,販売個数,十個,797237.0,2019
2019,2,美容液,販売個数,十個,948598.0,2019
2019,3,美容液,販売個数,十個,958060.0,2019
2019,4,美容液,販売個数,十個,977024.0,2019
2019,5,美容液,販売個数,十個,852259.0,2019
2019,6,美容液,販売個数,十個,854674.0,2019
2019,7,美容液,販売個数,十個,1107852.0,2019
2019,8,美容液,販売個数,十個,1128848.0,2019
2019,9,美容液,販売個数,十個,1088473.0,2019
2019,10,美容液,販売個数,十個,1171722.0,2019
2019,11,美容液,販売個数,十個,1150798.0,2019
2019,12,美容液,販売個数,十個,922154.0,2019
2020,0,美容液,販売個数,十個,11461345.0,2023
2020,1,美容液,販売個数,十個,727398.0,2020
2020,2,美容液,販売個数,十個,938121.0,2020
2020,3,美容液,販売個数,十個,924484.0,2020
2020,4,美容液,販売個数,十個,816373.0,2020
2020,5,美容液,販売個数,十個,723746.0,2020
2020,6,美容液,販売個数,十個,888389.0,2020
2020,7,美容液,販売個数,十個,1125236.0,2020
2020,8,美容液,販売個数,十個,1041729.0,2020
2020,9,美容液,販売個数,十個,1152683.0,2020
2020,10,美容液,販売個数,十個,1234162.0,2020
2020,11,美容液,販売個数,十個,963958.0,2020
2020,12,美容液,販売個数,十個,889915.0,2020
2021,0,美容液,販売個数,十個,10741636.0,2023
2021,1,美容液,販売個数,十個,895414.0,2021
2021,2,美容液,販売個数,十個,947154.0,2021
2021,3,美容液,販売個数,十個,979465.0,2021
2021,4,美容液,販売個数,十個,1099743.0,2021
2021,5,美容液,販売個数,十個,821767.0,2021
2021,6,美容液,販売個数,十個,843653.0,2021
2021,7,美容液,販売個数,十個,962967.0,2021
2021,8,美容液,販売個数,十個,763669.0,2021
2021,9,美容液,販売個数,十個,728726.0,2021
2021,10,美容液,販売個数,十個,864985.0,2021
2021,11,美容液,販売個数,十個,905969.0,2021
2021,12,美容液,販売個数,十個,920728.0,2021
2022,0,美容液,販売個数,十個,11294875.0,2023
2022,1,美容液,販売個数,十個,960843.0,2022
2022,2,美容液,販売個数,十個,1010140.0,2022
2022,3,美容液,販売個数,十個,1104450.0,2022
2022,4,美容液,販売個数,十個,835813.0,2022
2022,5,美容液,販売個数,十個,687611.0,2022
2022,6,美容液,販売個数,十個,946273.0,2022
2022,7,美容液,販売個数,十個,844234.0,2022
2022,8,美容液,販売個数,十個,776944.0,2022
2022,9,美容液,販売個数,十個,1181726.0,2022
2022,10,美容液,販売個数,十個,1049226.0,2022
2022,11,美容液,販売個数,十個,875323.0,2022
2022,12,美容液,販売個数,十個,1022292.0,2022
2023,0,美容液,販売個数,十個,9983827.0,2023
2023,1,美容液,販売個数,十個,811521.0,2023
2023,2,美容液,販売個数,十個,764725.0,2023
2023,3,美容液,販売個数,十個,889108.0,2023
2023,4,美容液,販売個数,十個,882339.0,2023
2023,5,美容液,販売個数,十個,793345.0,2023
2023,6,美容液,販売個数,十個,777052.0,2023
2023,7,美容液,販売個数,十個,853279.0,2023
2023,8,美容液,販売個数,十個,805221.0,2023
2023,9,美容液,販売個数,十個,731214.0,2023
2023,10,美容液,販売個数,十個,846575.0,2023
2023,11,美容液,販売個数,十個,766973.0,2023
2023,12,美容液,販売個数,十個,1062475.0,2023
2024,1,美容液,販売個数,十個,718764.0,2024
2024,2,美容液,販売個数,十個,849761.0,2024
2024,3,美容液,販売個数,十個,851595.0,2024
2024,4,美容液,販売個数,十個,914031.0,2024
2024,5,美容液,販売個数,十個,807549.0,2024
2024,6,美容液,販売個数,十個,800295.0,2024
2024,7,美容液,販売個数,十個,861440.0,2024
2024,8,美容液,販売個数,十個,900699.0,2024
2024,9,美容液,販売個数,十個,689336.0,2024
2024,10,美容液,販売個数,十個,805818.0,2024
2024,11,美容液,販売個数,十個,786766.0,2024
2024,12,美容液,販売個数,十個,718680.0,2024
2015,0,美容液,販売数量,kg,3402930.0,2019
2016,0,美容液,販売数量,kg,4140757.0,2020
2017,0,美容液,販売数量,kg,5245848.0,2021
2018,0,美容液,販売数量,kg,4795101.0,2022
2019,0,美容液,販売数量,kg,4581351.0,2023
2019,1,美容液,販売数量,kg,319286.0,2019
2019,2,美容液,販売数量,kg,345740.0,2019
2019,3,美容液,販売数量,kg,368790.0,2019
2019,4,美容液,販売数量,kg,418759.0,2019
2019,5,美容液,販売数量,kg,347456.0,2019
2019,6,美容液,販売数量,kg,342389.0,2019
2019,7,美容液,販売数量,kg,443032.0,2019
2019,8,美容液,販売数量,kg,369010.0,2019
2019,9,美容液,販売数量,kg,390737.0,2019
2019,10,美容液,販売数量,kg,416247.0,2019
2019,11,美容液,販売数量,kg,443215.0,2019
2019,12,美容液,販売数量,kg,376690.0,2019
2020,0,美容液,販売数量,kg,4417569.0,2023
2020,1,美容液,販売数量,kg,268249.0,2020
2020,2,美容液,販売数量,kg,364984.0,2020
2020,3,美容液,販売数量,kg,369334.0,2020
2020,4,美容液,販売数量,kg,366962.0,2020
2020,5,美容液,販売数量,kg,311205.0,2020
2020,6,美容液,販売数量,kg,339942.0,2020
2020,7,美容液,販売数量,kg,387372.0,2020
2020,8,美容液,販売数量,kg,436194.0,2020
2020,9,美容液,販売数量,kg,403893.0,2020
2020,10,美容液,販売数量,kg,446018.0,2020
2020,11,美容液,販売数量,kg,393178.0,2020
2020,12,美容液,販売数量,kg,316169.0,2020
2021,0,美容液,販売数量,kg,4104842.0,2023
2021,1,美容液,販売数量,kg,277907.0,2021
2021,2,美容液,販売数量,kg,343281.0,2021
2021,3,美容液,販売数量,kg,333845.0,2021
2021,4,美容液,販売数量,kg,349430.0,2021
2021,5,美容液,販売数量,kg,293468.0,2021
2021,6,美容液,販売数量,kg,278365.0,2021
2021,7,美容液,販売数量,kg,384783.0,2021
2021,8,美容液,販売数量,kg,360204.0,2021
2021,9,美容液,販売数量,kg,345949.0,2021
2021,10,美容液,販売数量,kg,347359.0,2021
2021,11,美容液,販売数量,kg,396837.0,2021
2021,12,美容液,販売数量,kg,391147.0,2021
2022,0,美容液,販売数量,kg,4167132.0,2023
2022,1,美容液,販売数量,kg,238625.0,2022
2022,2,美容液,販売数量,kg,290879.0,2022
2022,3,美容液,販売数量,kg,381852.0,2022
2022,4,美容液,販売数量,kg,325803.0,2022
2022,5,美容液,販売数量,kg,307744.0,2022
2022,6,美容液,販売数量,kg,366334.0,2022
2022,7,美容液,販売数量,kg,332529.0,2022
2022,8,美容液,販売数量,kg,288350.0,2022
2022,9,美容液,販売数量,kg,623650.0,2022
2022,10,美容液,販売数量,kg,316353.0,2022
2022,11,美容液,販売数量,kg,342661.0,2022
2022,12,美容液,販売数量,kg,352352.0,2022
2023,0,美容液,販売数量,kg,3733049.0,2023
2023,1,美容液,販売数量,kg,262061.0,2023
2023,2,美容液,販売数量,kg,265420.0,2023
2023,3,美容液,販売数量,kg,299327.0,2023
2023,4,美容液,販売数量,kg,374590.0,2023
2023,5,美容液,販売数量,kg,300649.0,2023
2023,6,美容液,販売数量,kg,282310.0,2023
2023,7,美容液,販売数量,kg,333291.0,2023
2023,8,美容液,販売数量,kg,301187.0,2023
2023,9,美容液,販売数量,kg,298934.0,2023
2023,10,美容液,販売数量,kg,310837.0,2023
2023,11,美容液,販売数量,kg,341220.0,2023
2023,12,美容液,販売数量,kg,363223.0,2023
2024,1,美容液,販売数量,kg,312533.0,2024
2024,2,美容液,販売数量,kg,303575.0,2024
2024,3,美容液,販売数量,kg,407137.0,2024
2024,4,美容液,販売数量,kg,456071.0,2024
2024,5,美容液,販売数量,kg,332817.0,2024
2024,6,美容液,販売数量,kg,354487.0,2024
2024,7,美容液,販売数量,kg,481807.0,2024
2024,8,美容液,販売数量,kg,387827.0,2024
2024,9,美容液,販売数量,kg,311042.0,2024
2024,10,美容液,販売数量,kg,409922.0,2024
2024,11,美容液,販売数量,kg,330102.0,2024
2024,12,美容液,販売数量,kg,315510.0,2024
2015,0,美容液,販売金額,千円,143157645.0,2019
2016,0,美容液,販売金額,千円,149764989.0,2020
2017,0,美容液,販売金額,千円,170821828.0,2021
2018,0,美容液,販売金額,千円,182569215.0,2022
2019,0,美容液,販売金額,千円,195995911.0,2023
2019,1,美容液,販売金額,千円,13240947.0,2019
2019,2,美容液,販売金額,千円,14593519.0,2019
2019,3,美容液,販売金額,千円,16310079.0,2019
2019,4,美容液,販売金額,千円,16220556.0,2019
2019,5,美容液,販売金額,千円,14632718.0,2019
2019,6,美容液,販売金額,千円,15351156.0,2019
2019,7,美容液,販売金額,千円,15768269.0,2019
2019,8,美容液,販売金額,千円,15486269.0,2019
2019,9,美容液,販売金額,千円,20443700.0,2019
2019,10,美容液,販売金額,千円,17609168.0,2019
2019,11,美容液,販売金額,千円,18511993.0,2019
2019,12,美容液,販売金額,千円,17827537.0,2019
2020,0,美容液,販売金額,千円,188452451.0,2023
2020,1,美容液,販売金額,千円,12316545.0,2020
2020,2,美容液,販売金額,千円,16654053.0,2020
2020,3,美容液,販売金額,千円,14597942.0,2020
2020,4,美容液,販売金額,千円,12517434.0,2020
2020,5,美容液,販売金額,千円,10582197.0,2020
2020,6,美容液,販売金額,千円,12962043.0,2020
2020,7,美容液,販売金額,千円,16117208.0,2020
2020,8,美容液,販売金額,千円,20134177.0,2020
2020,9,美容液,販売金額,千円,17961695.0,2020
2020,10,美容液,販売金額,千円,21424153.0,2020
2020,11,美容液,販売金額,千円,19374748.0,2020
2020,12,美容液,販売金額,千円,13012774.0,2020
2021,0,美容液,販売金額,千円,151417465.0,2023
2021,1,美容液,販売金額,千円,10219748.0,2021
2021,2,美容液,販売金額,千円,11836464.0,2021
2021,3,美容液,販売金額,千円,9779558.0,2021
2021,4,美容液,販売金額,千円,8737731.0,2021
2021,5,美容液,販売金額,千円,8647138.0,2021
2021,6,美容液,販売金額,千円,8480696.0,2021
2021,7,美容液,販売金額,千円,14708730.0,2021
2021,8,美容液,販売金額,千円,15625777.0,2021
2021,9,美容液,販売金額,千円,16572603.0,2021
2021,10,美容液,販売金額,千円,13457738.0,2021
2021,11,美容液,販売金額,千円,16418231.0,2021
2021,12,美容液,販売金額,千円,16707884.0,2021
2022,0,美容液,販売金額,千円,99485836.0,2023
2022,1,美容液,販売金額,千円,6720632.0,2022
2022,2,美容液,販売金額,千円,7078066.0,2022
2022,3,美容液,販売金額,千円,8946836.0,2022
2022,4,美容液,販売金額,千円,8770307.0,2022
2022,5,美容液,販売金額,千円,7313358.0,2022
2022,6,美容液,販売金額,千円,7980481.0,2022
2022,7,美容液,販売金額,千円,8135568.0,2022
2022,8,美容液,販売金額,千円,8420670.0,2022
2022,9,美容液,販売金額,千円,9100116.0,2022
2022,10,美容液,販売金額,千円,8311842.0,2022
2022,11,美容液,販売金額,千円,9201620.0,2022
2022,12,美容液,販売金額,千円,9506340.0,2022
2023,0,美容液,販売金額,千円,105327108.0,2023
2023,1,美容液,販売金額,千円,7122195.0,2023
2023,2,美容液,販売金額,千円,7710258.0,2023
2023,3,美容液,販売金額,千円,9581333.0,2023
2023,4,美容液,販売金額,千円,8597339.0,2023
2023,5,美容液,販売金額,千円,8552009.0,2023
2023,6,美容液,販売金額,千円,7968828.0,2023
2023,7,美容液,販売金額,千円,7871751.0,2023
2023,8,美容液,販売金額,千円,8591657.0,2023
2023,9,美容液,販売金額,千円,10109668.0,2023
2023,10,美容液,販売金額,千円,8973728.0,2023
2023,11,美容液,販売金額,千円,9822668.0,2023
2023,12,美容液,販売金額,千円,10425674.0,2023
2024,1,美容液,販売金額,千円,6625096.0,2024
2024,2,美容液,販売金額,千円,10271890.0,2024
2024,3,美容液,販売金額,千円,11293368.0,2024
2024,4,美容液,販売金額,千円,12450082.0,2024
2024,5,美容液,販売金額,千円,8027787.0,2024
2024,6,美容液,販売金額,千円,8740302.0,2024
2024,7,美容液,販売金額,千円,10760341.0,2024
2024,8,美容液,販売金額,千円,9219679.0,2024
2024,9,美容液,販売金額,千円,10106368.0,2024
2024,10,美容液,販売金額,千円,10417318.0,2024
2024,11,美容液,販売金額,千円,10071705.0,2024
2024,12,美容液,販売金額,千円,11704776.0,2024
2015,0,頭髪用化粧品計,出荷その他,kg,37780071.0,2019
2016,0,頭髪用化粧品計,出荷その他,kg,45239421.0,2020
2017,0,頭髪用化粧品計,出荷その他,kg,48805950.0,2020
2018,0,頭髪用化粧品計,出荷その他,kg,47529427.0,2020
2019,0,頭髪用化粧品計,出荷その他,kg,43006335.0,2020
2019,1,頭髪用化粧品計,出荷その他,kg,3251055.0,2019
2019,2,頭髪用化粧品計,出荷その他,kg,4027475.0,2019
2019,3,頭髪用化粧品計,出荷その他,kg,3484202.0,2019
2019,4,頭髪用化粧品計,出荷その他,kg,3885067.0,2019
2019,5,頭髪用化粧品計,出荷その他,kg,3217299.0,2019
2019,6,頭髪用化粧品計,出荷その他,kg,3338039.0,2019
2019,7,頭髪用化粧品計,出荷その他,kg,4962766.0,2019
2019,8,頭髪用化粧品計,出荷その他,kg,3003272.0,2019
2019,9,頭髪用化粧品計,出荷その他,kg,3840574.0,2019
2019,10,頭髪用化粧品計,出荷その他,kg,3635917.0,2019
2019,11,頭髪用化粧品計,出荷その他,kg,2940029.0,2019
2019,12,頭髪用化粧品計,出荷その他,kg,3420640.0,2019
2020,0,頭髪用化粧品計,出荷その他,kg,30014963.0,2020
2020,1,頭髪用化粧品計,出荷その他,kg,2093639.0,2020
2020,2,頭髪用化粧品計,出荷その他,kg,2541218.0,2020
2020,3,頭髪用化粧品計,出荷その他,kg,2985653.0,2020
2020,4,頭髪用化粧品計,出荷その他,kg,2871048.0,2020
2020,5,頭髪用化粧品計,出荷その他,kg,2074783.0,2020
2020,6,頭髪用化粧品計,出荷その他,kg,2822516.0,2020
2020,7,頭髪用化粧品計,出荷その他,kg,2993410.0,2020
2020,8,頭髪用化粧品計,出荷その他,kg,1692905.0,2020
2020,9,頭髪用化粧品計,出荷その他,kg,3108513.0,2020
2020,10,頭髪用化粧品計,出荷その他,kg,3082874.0,2020
2020,11,頭髪用化粧品計,出荷その他,kg,2212001.0,2020
2020,12,頭髪用化粧品計,出荷その他,kg,1536403.0,2020
2015,0,頭髪用化粧品計,受入,kg,50209290.0,2019
2016,0,頭髪用化粧品計,受入,kg,35023570.0,2020
2017,0,頭髪用化粧品計,受入,kg,44215052.0,2020
2018,0,頭髪用化粧品計,受入,kg,47157470.0,2020
2019,0,頭髪用化粧品計,受入,kg,43055377.0,2020
2019,1,頭髪用化粧品計,受入,kg,2489249.0,2019
2019,2,頭髪用化粧品計,受入,kg,3135105.0,2019
2019,3,頭髪用化粧品計,受入,kg,3730036.0,2019
2019,4,頭髪用化粧品計,受入,kg,3476297.0,2019
2019,5,頭髪用化粧品計,受入,kg,3837880.0,2019
2019,6,頭髪用化粧品計,受入,kg,3401855.0,2019
2019,7,頭髪用化粧品計,受入,kg,3240633.0,2019
2019,8,頭髪用化粧品計,受入,kg,3624606.0,2019
2019,9,頭髪用化粧品計,受入,kg,3443018.0,2019
2019,10,頭髪用化粧品計,受入,kg,4529647.0,2019
2019,11,頭髪用化粧品計,受入,kg,4597730.0,2019
2019,12,頭髪用化粧品計,受入,kg,3549321.0,2019
2020,0,頭髪用化粧品計,受入,kg,36035349.0,2020
2020,1,頭髪用化粧品計,受入,kg,2524695.0,2020
2020,2,頭髪用化粧品計,受入,kg,2382306.0,2020
2020,3,頭髪用化粧品計,受入,kg,3067598.0,2020
2020,4,頭髪用化粧品計,受入,kg,3603879.0,2020
2020,5,頭髪用化粧品計,受入,kg,3362322.0,2020
2020,6,頭髪用化粧品計,受入,kg,3063715.0,2020
2020,7,頭髪用化粧品計,受入,kg,2728184.0,2020
2020,8,頭髪用化粧品計,受入,kg,3899880.0,2020
2020,9,頭髪用化粧品計,受入,kg,3150699.0,2020
2020,10,頭髪用化粧品計,受入,kg,2756733.0,2020
2020,11,頭髪用化粧品計,受入,kg,2417768.0,2020
2020,12,頭髪用化粧品計,受入,kg,3077570.0,2020
2015,0,頭髪用化粧品計,月末在庫,kg,36833675.0,2019
2016,0,頭髪用化粧品計,月末在庫,kg,33941564.0,2020
2017,0,頭髪用化粧品計,月末在庫,kg,36838684.0,2020
2018,0,頭髪用化粧品計,月末在庫,kg,40810545.0,2020
2019,0,頭髪用化粧品計,月末在庫,kg,48121807.0,2020
2019,1,頭髪用化粧品計,月末在庫,kg,45492452.0,2019
2019,2,頭髪用化粧品計,月末在庫,kg,48550983.0,2019
2019,3,頭髪用化粧品計,月末在庫,kg,50207141.0,2019
2019,4,頭髪用化粧品計,月末在庫,kg,51454039.0,2019
2019,5,頭髪用化粧品計,月末在庫,kg,54386219.0,2019
2019,6,頭髪用化粧品計,月末在庫,kg,55477944.0,2019
2019,7,頭髪用化粧品計,月末在庫,kg,57838209.0,2019
2019,8,頭髪用化粧品計,月末在庫,kg,56261970.0,2019
2019,9,頭髪用化粧品計,月末在庫,kg,52041609.0,2019
2019,10,頭髪用化粧品計,月末在庫,kg,51548488.0,2019
2019,11,頭髪用化粧品計,月末在庫,kg,53452213.0,2019
2019,12,頭髪用化粧品計,月末在庫,kg,48121807.0,2019
2020,0,頭髪用化粧品計,月末在庫,kg,39358375.0,2020
2020,1,頭髪用化粧品計,月末在庫,kg,51219870.0,2020
2020,2,頭髪用化粧品計,月末在庫,kg,51044861.0,2020
2020,3,頭髪用化粧品計,月末在庫,kg,51378623.0,2020
2020,4,頭髪用化粧品計,月末在庫,kg,51085511.0,2020
2020,5,頭髪用化粧品計,月末在庫,kg,52646911.0,2020
2020,6,頭髪用化粧品計,月末在庫,kg,50841311.0,2020
2020,7,頭髪用化粧品計,月末在庫,kg,50273661.0,2020
2020,8,頭髪用化粧品計,月末在庫,kg,48959974.0,2020
2020,9,頭髪用化粧品計,月末在庫,kg,47353965.0,2020
2020,10,頭髪用化粧品計,月末在庫,kg,46656528.0,2020
2020,11,頭髪用化粧品計,月末在庫,kg,45188509.0,2020
2020,12,頭髪用化粧品計,月末在庫,kg,39358375.0,2020
2015,0,頭髪用化粧品計,生産,kg,267525463.0,2019
2016,0,頭髪用化粧品計,生産,kg,275032164.0,2020
2017,0,頭髪用化粧品計,生産,kg,275500986.0,2020
2018,0,頭髪用化粧品計,生産,kg,278060189.0,2020
2019,0,頭髪用化粧品計,生産,kg,290515170.0,2020
2019,1,頭髪用化粧品計,生産,kg,22026406.0,2019
2019,2,頭髪用化粧品計,生産,kg,23600393.0,2019
2019,3,頭髪用化粧品計,生産,kg,26024049.0,2019
2019,4,頭髪用化粧品計,生産,kg,25374989.0,2019
2019,5,頭髪用化粧品計,生産,kg,23430053.0,2019
2019,6,頭髪用化粧品計,生産,kg,24718220.0,2019
2019,7,頭髪用化粧品計,生産,kg,30296409.0,2019
2019,8,頭髪用化粧品計,生産,kg,22341769.0,2019
2019,9,頭髪用化粧品計,生産,kg,22506520.0,2019
2019,10,頭髪用化粧品計,生産,kg,23890050.0,2019
2019,11,頭髪用化粧品計,生産,kg,24469684.0,2019
2019,12,頭髪用化粧品計,生産,kg,21836628.0,2019
2020,0,頭髪用化粧品計,生産,kg,246832548.0,2020
2020,1,頭髪用化粧品計,生産,kg,19269481.0,2020
2020,2,頭髪用化粧品計,生産,kg,20343636.0,2020
2020,3,頭髪用化粧品計,生産,kg,23055502.0,2020
2020,4,頭髪用化粧品計,生産,kg,22721523.0,2020
2020,5,頭髪用化粧品計,生産,kg,18611201.0,2020
2020,6,頭髪用化粧品計,生産,kg,22402242.0,2020
2020,7,頭髪用化粧品計,生産,kg,22206575.0,2020
2020,8,頭髪用化粧品計,生産,kg,17033227.0,2020
2020,9,頭髪用化粧品計,生産,kg,21337571.0,2020
2020,10,頭髪用化粧品計,生産,kg,21354621.0,2020
2020,11,頭髪用化粧品計,生産,kg,20361604.0,2020
2020,12,頭髪用化粧品計,生産,kg,18135365.0,2020
2015,0,頭髪用化粧品計,販売個数,十個,110749099.0,2019
2016,0,頭髪用化粧品計,販売個数,十個,105661439.0,2020
2017,0,頭髪用化粧品計,販売個数,十個,106183128.0,2020
2018,0,頭髪用化粧品計,販売個数,十個,106027591.0,2020
2019,0,頭髪用化粧品計,販売個数,十個,109597128.0,2020
2019,1,頭髪用化粧品計,販売個数,十個,6475576.0,2019
2019,2,頭髪用化粧品計,販売個数,十個,7856815.0,2019
2019,3,頭髪用化粧品計,販売個数,十個,9671434.0,2019
2019,4,頭髪用化粧品計,販売個数,十個,9540803.0,2019
2019,5,頭髪用化粧品計,販売個数,十個,8205587.0,2019
2019,6,頭髪用化粧品計,販売個数,十個,9141226.0,2019
2019,7,頭髪用化粧品計,販売個数,十個,9778960.0,2019
2019,8,頭髪用化粧品計,販売個数,十個,9159499.0,2019
2019,9,頭髪用化粧品計,販売個数,十個,10244231.0,2019
2019,10,頭髪用化粧品計,販売個数,十個,9577647.0,2019
2019,11,頭髪用化粧品計,販売個数,十個,9491397.0,2019
2019,12,頭髪用化粧品計,販売個数,十個,10453953.0,2019
2020,0,頭髪用化粧品計,販売個数,十個,98437080.0,2020
2020,1,頭髪用化粧品計,販売個数,十個,6532690.0,2020
2020,2,頭髪用化粧品計,販売個数,十個,7839242.0,2020
2020,3,頭髪用化粧品計,販売個数,十個,8923770.0,2020
2020,4,頭髪用化粧品計,販売個数,十個,8604451.0,2020
2020,5,頭髪用化粧品計,販売個数,十個,6618194.0,2020
2020,6,頭髪用化粧品計,販売個数,十個,8946296.0,2020
2020,7,頭髪用化粧品計,販売個数,十個,8509171.0,2020
2020,8,頭髪用化粧品計,販売個数,十個,7658144.0,2020
2020,9,頭髪用化粧品計,販売個数,十個,8646207.0,2020
2020,10,頭髪用化粧品計,販売個数,十個,8412371.0,2020
2020,11,頭髪用化粧品計,販売個数,十個,8087860.0,2020
2020,12,頭髪用化粧品計,販売個数,十個,9658684.0,2020
2015,0,頭髪用化粧品計,販売数量,kg,278651284.0,2019
2016,0,頭髪用化粧品計,販売数量,kg,264107475.0,2020
2017,0,頭髪用化粧品計,販売数量,kg,267213591.0,2020
2018,0,頭髪用化粧品計,販売数量,kg,272091430.0,2020
2019,0,頭髪用化粧品計,販売数量,kg,281701528.0,2020
2019,1,頭髪用化粧品計,販売数量,kg,16485360.0,2019
2019,2,頭髪用化粧品計,販売数量,kg,19552697.0,2019
2019,3,頭髪用化粧品計,販売数量,kg,24576477.0,2019
2019,4,頭髪用化粧品計,販売数量,kg,23619234.0,2019
2019,5,頭髪用化粧品計,販売数量,kg,20959805.0,2019
2019,6,頭髪用化粧品計,販売数量,kg,23508959.0,2019
2019,7,頭髪用化粧品計,販売数量,kg,26038236.0,2019
2019,8,頭髪用化粧品計,販売数量,kg,24413039.0,2019
2019,9,頭髪用化粧品計,販売数量,kg,26128996.0,2019
2019,10,頭髪用化粧品計,販売数量,kg,25159136.0,2019
2019,11,頭髪用化粧品計,販売数量,kg,24092825.0,2019
2019,12,頭髪用化粧品計,販売数量,kg,27166764.0,2019
2020,0,頭髪用化粧品計,販売数量,kg,260066461.0,2020
2020,1,頭髪用化粧品計,販売数量,kg,16412054.0,2020
2020,2,頭髪用化粧品計,販売数量,kg,20244284.0,2020
2020,3,頭髪用化粧品計,販売数量,kg,22707094.0,2020
2020,4,頭髪用化粧品計,販売数量,kg,23640159.0,2020
2020,5,頭髪用化粧品計,販売数量,kg,18117084.0,2020
2020,6,頭髪用化粧品計,販売数量,kg,24349175.0,2020
2020,7,頭髪用化粧品計,販売数量,kg,22342689.0,2020
2020,8,頭髪用化粧品計,販売数量,kg,20459149.0,2020
2020,9,頭髪用化粧品計,販売数量,kg,22878482.0,2020
2020,10,頭髪用化粧品計,販売数量,kg,21596785.0,2020
2020,11,頭髪用化粧品計,販売数量,kg,21934371.0,2020
2020,12,頭髪用化粧品計,販売数量,kg,25385135.0,2020
2015,0,頭髪用化粧品計,販売金額,千円,381304275.0,2019
2016,0,頭髪用化粧品計,販売金額,千円,381696921.0,2020
2017,0,頭髪用化粧品計,販売金額,千円,383278658.0,2020
2018,0,頭髪用化粧品計,販売金額,千円,383866324.0,2020
2019,0,頭髪用化粧品計,販売金額,千円,393447556.0,2020
2019,1,頭髪用化粧品計,販売金額,千円,24075937.0,2019
2019,2,頭髪用化粧品計,販売金額,千円,27716258.0,2019
2019,3,頭髪用化粧品計,販売金額,千円,34713930.0,2019
2019,4,頭髪用化粧品計,販売金額,千円,34913249.0,2019
2019,5,頭髪用化粧品計,販売金額,千円,29621999.0,2019
2019,6,頭髪用化粧品計,販売金額,千円,32646356.0,2019
2019,7,頭髪用化粧品計,販売金額,千円,35371314.0,2019
2019,8,頭髪用化粧品計,販売金額,千円,32308828.0,2019
2019,9,頭髪用化粧品計,販売金額,千円,37849566.0,2019
2019,10,頭髪用化粧品計,販売金額,千円,33508933.0,2019
2019,11,頭髪用化粧品計,販売金額,千円,32993294.0,2019
2019,12,頭髪用化粧品計,販売金額,千円,37727892.0,2019
2020,0,頭髪用化粧品計,販売金額,千円,369909373.0,2020
2020,1,頭髪用化粧品計,販売金額,千円,24365350.0,2020
2020,2,頭髪用化粧品計,販売金額,千円,28487433.0,2020
2020,3,頭髪用化粧品計,販売金額,千円,32769886.0,2020
2020,4,頭髪用化粧品計,販売金額,千円,30674340.0,2020
2020,5,頭髪用化粧品計,販売金額,千円,24666222.0,2020
2020,6,頭髪用化粧品計,販売金額,千円,33911693.0,2020
2020,7,頭髪用化粧品計,販売金額,千円,32648487.0,2020
2020,8,頭髪用化粧品計,販売金額,千円,30133939.0,2020
2020,9,頭髪用化粧品計,販売金額,千円,31799441.0,2020
2020,10,頭髪用化粧品計,販売金額,千円,32705969.0,2020
2020,11,頭髪用化粧品計,販売金額,千円,32039794.0,2020
2020,12,頭髪用化粧品計,販売金額,千円,35706819.0,2020
2015,0,香水・オーデコロン,出荷その他,kg,17738.0,2019
2016,0,香水・オーデコロン,出荷その他,kg,8389.0,2020
2017,0,香水・オーデコロン,出荷その他,kg,37473.0,2021
2018,0,香水・オーデコロン,出荷その他,kg,12310.0,2022
2019,0,香水・オーデコロン,出荷その他,kg,5260.0,2023
2019,1,香水・オーデコロン,出荷その他,kg,283.0,2019
2019,2,香水・オーデコロン,出荷その他,kg,278.0,2019
2019,3,香水・オーデコロン,出荷その他,kg,421.0,2019
2019,4,香水・オーデコロン,出荷その他,kg,536.0,2019
2019,5,香水・オーデコロン,出荷その他,kg,439.0,2019
2019,6,香水・オーデコロン,出荷その他,kg,783.0,2019
2019,7,香水・オーデコロン,出荷その他,kg,335.0,2019
2019,8,香水・オーデコロン,出荷その他,kg,329.0,2019
2019,9,香水・オーデコロン,出荷その他,kg,298.0,2019
2019,10,香水・オーデコロン,出荷その他,kg,520.0,2019
2019,11,香水・オーデコロン,出荷その他,kg,701.0,2019
2019,12,香水・オーデコロン,出荷その他,kg,337.0,2019
2020,0,香水・オーデコロン,出荷その他,kg,5623.0,2023
2020,1,香水・オーデコロン,出荷その他,kg,599.0,2020
2020,2,香水・オーデコロン,出荷その他,kg,506.0,2020
2020,3,香水・オーデコロン,出荷その他,kg,427.0,2020
2020,4,香水・オーデコロン,出荷その他,kg,388.0,2020
2020,5,香水・オーデコロン,出荷その他,kg,544.0,2020
2020,6,香水・オーデコロン,出荷その他,kg,517.0,2020
2020,7,香水・オーデコロン,出荷その他,kg,541.0,2020
2020,8,香水・オーデコロン,出荷その他,kg,217.0,2020
2020,9,香水・オーデコロン,出荷その他,kg,388.0,2020
2020,10,香水・オーデコロン,出荷その他,kg,230.0,2020
2020,11,香水・オーデコロン,出荷その他,kg,479.0,2020
2020,12,香水・オーデコロン,出荷その他,kg,787.0,2020
2021,0,香水・オーデコロン,出荷その他,kg,7653.0,2023
2021,1,香水・オーデコロン,出荷その他,kg,151.0,2021
2021,2,香水・オーデコロン,出荷その他,kg,341.0,2021
2021,3,香水・オーデコロン,出荷その他,kg,462.0,2021
2021,4,香水・オーデコロン,出荷その他,kg,1017.0,2021
2021,5,香水・オーデコロン,出荷その他,kg,515.0,2021
2021,6,香水・オーデコロン,出荷その他,kg,967.0,2021
2021,7,香水・オーデコロン,出荷その他,kg,1147.0,2021
2021,8,香水・オーデコロン,出荷その他,kg,527.0,2021
2021,9,香水・オーデコロン,出荷その他,kg,534.0,2021
2021,10,香水・オーデコロン,出荷その他,kg,692.0,2021
2021,11,香水・オーデコロン,出荷その他,kg,769.0,2021
2021,12,香水・オーデコロン,出荷その他,kg,531.0,2021
2022,0,香水・オーデコロン,出荷その他,kg,10386.0,2023
2022,1,香水・オーデコロン,出荷その他,kg,1665.0,2022
2022,2,香水・オーデコロン,出荷その他,kg,799.0,2022
2022,3,香水・オーデコロン,出荷その他,kg,1591.0,2022
2022,4,香水・オーデコロン,出荷その他,kg,920.0,2022
2022,5,香水・オーデコロン,出荷その他,kg,998.0,2022
2022,6,香水・オーデコロン,出荷その他,kg,1283.0,2022
2022,7,香水・オーデコロン,出荷その他,kg,366.0,2022
2022,8,香水・オーデコロン,出荷その他,kg,483.0,2022
2022,9,香水・オーデコロン,出荷その他,kg,509.0,2022
2022,10,香水・オーデコロン,出荷その他,kg,468.0,2022
2022,11,香水・オーデコロン,出荷その他,kg,817.0,2022
2022,12,香水・オーデコロン,出荷その他,kg,487.0,2022
2023,0,香水・オーデコロン,出荷その他,kg,10854.0,2023
2023,1,香水・オーデコロン,出荷その他,kg,861.0,2023
2023,2,香水・オーデコロン,出荷その他,kg,1379.0,2023
2023,3,香水・オーデコロン,出荷その他,kg,1155.0,2023
2023,4,香水・オーデコロン,出荷その他,kg,896.0,2023
2023,5,香水・オーデコロン,出荷その他,kg,755.0,2023
2023,6,香水・オーデコロン,出荷その他,kg,1060.0,2023
2023,7,香水・オーデコロン,出荷その他,kg,423.0,2023
2023,8,香水・オーデコロン,出荷その他,kg,449.0,2023
2023,9,香水・オーデコロン,出荷その他,kg,590.0,2023
2023,10,香水・オーデコロン,出荷その他,kg,1333.0,2023
2023,11,香水・オーデコロン,出荷その他,kg,1127.0,2023
2023,12,香水・オーデコロン,出荷その他,kg,826.0,2023
2024,1,香水・オーデコロン,出荷その他,kg,464.0,2024
2024,2,香水・オーデコロン,出荷その他,kg,876.0,2024
2024,3,香水・オーデコロン,出荷その他,kg,871.0,2024
2024,4,香水・オーデコロン,出荷その他,kg,614.0,2024
2024,5,香水・オーデコロン,出荷その他,kg,670.0,2024
2024,6,香水・オーデコロン,出荷その他,kg,400.0,2024
2024,7,香水・オーデコロン,出荷その他,kg,514.0,2024
2024,8,香水・オーデコロン,出荷その他,kg,527.0,2024
2024,9,香水・オーデコロン,出荷その他,kg,1315.0,2024
2024,10,香水・オーデコロン,出荷その他,kg,1337.0,2024
2024,11,香水・オーデコロン,出荷その他,kg,794.0,2024
2024,12,香水・オーデコロン,出荷その他,kg,810.0,2024
2015,0,香水・オーデコロン,受入,kg,32986.0,2019
2016,0,香水・オーデコロン,受入,kg,33084.0,2020
2017,0,香水・オーデコロン,受入,kg,42872.0,2021
2018,0,香水・オーデコロン,受入,kg,92219.0,2022
2019,0,香水・オーデコロン,受入,kg,62606.0,2023
2019,1,香水・オーデコロン,受入,kg,4706.0,2019
2019,2,香水・オーデコロン,受入,kg,4412.0,2019
2019,3,香水・オーデコロン,受入,kg,7944.0,2019
2019,4,香水・オーデコロン,受入,kg,7072.0,2019
2019,5,香水・オーデコロン,受入,kg,10392.0,2019
2019,6,香水・オーデコロン,受入,kg,2999.0,2019
2019,7,香水・オーデコロン,受入,kg,6495.0,2019
2019,8,香水・オーデコロン,受入,kg,5348.0,2019
2019,9,香水・オーデコロン,受入,kg,2708.0,2019
2019,10,香水・オーデコロン,受入,kg,3870.0,2019
2019,11,香水・オーデコロン,受入,kg,2288.0,2019
2019,12,香水・オーデコロン,受入,kg,4372.0,2019
2020,0,香水・オーデコロン,受入,kg,52669.0,2023
2020,1,香水・オーデコロン,受入,kg,4667.0,2020
2020,2,香水・オーデコロン,受入,kg,3625.0,2020
2020,3,香水・オーデコロン,受入,kg,3732.0,2020
2020,4,香水・オーデコロン,受入,kg,3610.0,2020
2020,5,香水・オーデコロン,受入,kg,9110.0,2020
2020,6,香水・オーデコロン,受入,kg,4093.0,2020
2020,7,香水・オーデコロン,受入,kg,7041.0,2020
2020,8,香水・オーデコロン,受入,kg,5224.0,2020
2020,9,香水・オーデコロン,受入,kg,1451.0,2020
2020,10,香水・オーデコロン,受入,kg,4529.0,2020
2020,11,香水・オーデコロン,受入,kg,2790.0,2020
2020,12,香水・オーデコロン,受入,kg,2797.0,2020
2021,0,香水・オーデコロン,受入,kg,62111.0,2023
2021,1,香水・オーデコロン,受入,kg,8248.0,2021
2021,2,香水・オーデコロン,受入,kg,3509.0,2021
2021,3,香水・オーデコロン,受入,kg,9328.0,2021
2021,4,香水・オーデコロン,受入,kg,6855.0,2021
2021,5,香水・オーデコロン,受入,kg,5385.0,2021
2021,6,香水・オーデコロン,受入,kg,4887.0,2021
2021,7,香水・オーデコロン,受入,kg,8655.0,2021
2021,8,香水・オーデコロン,受入,kg,4496.0,2021
2021,9,香水・オーデコロン,受入,kg,2590.0,2021
2021,10,香水・オーデコロン,受入,kg,1981.0,2021
2021,11,香水・オーデコロン,受入,kg,4387.0,2021
2021,12,香水・オーデコロン,受入,kg,1790.0,2021
2022,0,香水・オーデコロン,受入,kg,181506.0,2023
2022,1,香水・オーデコロン,受入,kg,17263.0,2022
2022,2,香水・オーデコロン,受入,kg,10767.0,2022
2022,3,香水・オーデコロン,受入,kg,15171.0,2022
2022,4,香水・オーデコロン,受入,kg,10278.0,2022
2022,5,香水・オーデコロン,受入,kg,12791.0,2022
2022,6,香水・オーデコロン,受入,kg,6987.0,2022
2022,7,香水・オーデコロン,受入,kg,11888.0,2022
2022,8,香水・オーデコロン,受入,kg,6236.0,2022
2022,9,香水・オーデコロン,受入,kg,22004.0,2022
2022,10,香水・オーデコロン,受入,kg,29976.0,2022
2022,11,香水・オーデコロン,受入,kg,21577.0,2022
2022,12,香水・オーデコロン,受入,kg,16568.0,2022
2023,0,香水・オーデコロン,受入,kg,185604.0,2023
2023,1,香水・オーデコロン,受入,kg,5723.0,2023
2023,2,香水・オーデコロン,受入,kg,17347.0,2023
2023,3,香水・オーデコロン,受入,kg,23347.0,2023
2023,4,香水・オーデコロン,受入,kg,5463.0,2023
2023,5,香水・オーデコロン,受入,kg,15437.0,2023
2023,6,香水・オーデコロン,受入,kg,16025.0,2023
2023,7,香水・オーデコロン,受入,kg,10526.0,2023
2023,8,香水・オーデコロン,受入,kg,19747.0,2023
2023,9,香水・オーデコロン,受入,kg,11624.0,2023
2023,10,香水・オーデコロン,受入,kg,39627.0,2023
2023,11,香水・オーデコロン,受入,kg,10376.0,2023
2023,12,香水・オーデコロン,受入,kg,10362.0,2023
2024,1,香水・オーデコロン,受入,kg,2125.0,2024
2024,2,香水・オーデコロン,受入,kg,12012.0,2024
2024,3,香水・オーデコロン,受入,kg,12353.0,2024
2024,4,香水・オーデコロン,受入,kg,14794.0,2024
2024,5,香水・オーデコロン,受入,kg,8271.0,2024
2024,6,香水・オーデコロン,受入,kg,9021.0,2024
2024,7,香水・オーデコロン,受入,kg,9989.0,2024
2024,8,香水・オーデコロン,受入,kg,19169.0,2024
2024,9,香水・オーデコロン,受入,kg,14703.0,2024
2024,10,香水・オーデコロン,受入,kg,7350.0,2024
2024,11,香水・オーデコロン,受入,kg,20477.0,2024
2024,12,香水・オーデコロン,受入,kg,6395.0,2024
2015,0,香水・オーデコロン,月末在庫,kg,107109.0,2019
2016,0,香水・オーデコロン,月末在庫,kg,124812.0,2020
2017,0,香水・オーデコロン,月末在庫,kg,87828.0,2021
2018,0,香水・オーデコロン,月末在庫,kg,82015.0,2022
2019,0,香水・オーデコロン,月末在庫,kg,83861.0,2023
2019,1,香水・オーデコロン,月末在庫,kg,82281.0,2019
2019,2,香水・オーデコロン,月末在庫,kg,83075.0,2019
2019,3,香水・オーデコロン,月末在庫,kg,82489.0,2019
2019,4,香水・オーデコロン,月末在庫,kg,83714.0,2019
2019,5,香水・オーデコロン,月末在庫,kg,85822.0,2019
2019,6,香水・オーデコロン,月末在庫,kg,87359.0,2019
2019,7,香水・オーデコロン,月末在庫,kg,87405.0,2019
2019,8,香水・オーデコロン,月末在庫,kg,85353.0,2019
2019,9,香水・オーデコロン,月末在庫,kg,84784.0,2019
2019,10,香水・オーデコロン,月末在庫,kg,90500.0,2019
2019,11,香水・オーデコロン,月末在庫,kg,89350.0,2019
2019,12,香水・オーデコロン,月末在庫,kg,83861.0,2019
2020,0,香水・オーデコロン,月末在庫,kg,82847.0,2023
2020,1,香水・オーデコロン,月末在庫,kg,78860.0,2020
2020,2,香水・オーデコロン,月末在庫,kg,79328.0,2020
2020,3,香水・オーデコロン,月末在庫,kg,86691.0,2020
2020,4,香水・オーデコロン,月末在庫,kg,88904.0,2020
2020,5,香水・オーデコロン,月末在庫,kg,90751.0,2020
2020,6,香水・オーデコロン,月末在庫,kg,95307.0,2020
2020,7,香水・オーデコロン,月末在庫,kg,91144.0,2020
2020,8,香水・オーデコロン,月末在庫,kg,94027.0,2020
2020,9,香水・オーデコロン,月末在庫,kg,90371.0,2020
2020,10,香水・オーデコロン,月末在庫,kg,98136.0,2020
2020,11,香水・オーデコロン,月末在庫,kg,91833.0,2020
2020,12,香水・オーデコロン,月末在庫,kg,82847.0,2020
2021,0,香水・オーデコロン,月末在庫,kg,69381.0,2023
2021,1,香水・オーデコロン,月末在庫,kg,80528.0,2021
2021,2,香水・オーデコロン,月末在庫,kg,77865.0,2021
2021,3,香水・オーデコロン,月末在庫,kg,77605.0,2021
2021,4,香水・オーデコロン,月末在庫,kg,72678.0,2021
2021,5,香水・オーデコロン,月末在庫,kg,74320.0,2021
2021,6,香水・オーデコロン,月末在庫,kg,78418.0,2021
2021,7,香水・オーデコロン,月末在庫,kg,76977.0,2021
2021,8,香水・オーデコロン,月末在庫,kg,76302.0,2021
2021,9,香水・オーデコロン,月末在庫,kg,72310.0,2021
2021,10,香水・オーデコロン,月末在庫,kg,73899.0,2021
2021,11,香水・オーデコロン,月末在庫,kg,71099.0,2021
2021,12,香水・オーデコロン,月末在庫,kg,69381.0,2021
2022,0,香水・オーデコロン,月末在庫,kg,103776.0,2023
2022,1,香水・オーデコロン,月末在庫,kg,86766.0,2022
2022,2,香水・オーデコロン,月末在庫,kg,83252.0,2022
2022,3,香水・オーデコロン,月末在庫,kg,90033.0,2022
2022,4,香水・オーデコロン,月末在庫,kg,88753.0,2022
2022,5,香水・オーデコロン,月末在庫,kg,94066.0,2022
2022,6,香水・オーデコロン,月末在庫,kg,92822.0,2022
2022,7,香水・オーデコロン,月末在庫,kg,91660.0,2022
2022,8,香水・オーデコロン,月末在庫,kg,87011.0,2022
2022,9,香水・オーデコロン,月末在庫,kg,96057.0,2022
2022,10,香水・オーデコロン,月末在庫,kg,110542.0,2022
2022,11,香水・オーデコロン,月末在庫,kg,107713.0,2022
2022,12,香水・オーデコロン,月末在庫,kg,103776.0,2022
2023,0,香水・オーデコロン,月末在庫,kg,124974.0,2023
2023,1,香水・オーデコロン,月末在庫,kg,97850.0,2023
2023,2,香水・オーデコロン,月末在庫,kg,106288.0,2023
2023,3,香水・オーデコロン,月末在庫,kg,117874.0,2023
2023,4,香水・オーデコロン,月末在庫,kg,108024.0,2023
2023,5,香水・オーデコロン,月末在庫,kg,106723.0,2023
2023,6,香水・オーデコロン,月末在庫,kg,111373.0,2023
2023,7,香水・オーデコロン,月末在庫,kg,111247.0,2023
2023,8,香水・オーデコロン,月末在庫,kg,117354.0,2023
2023,9,香水・オーデコロン,月末在庫,kg,115495.0,2023
2023,10,香水・オーデコロン,月末在庫,kg,144673.0,2023
2023,11,香水・オーデコロン,月末在庫,kg,140414.0,2023
2023,12,香水・オーデコロン,月末在庫,kg,124974.0,2023
2024,1,香水・オーデコロン,月末在庫,kg,117532.0,2024
2024,2,香水・オーデコロン,月末在庫,kg,122755.0,2024
2024,3,香水・オーデコロン,月末在庫,kg,122541.0,2024
2024,4,香水・オーデコロン,月末在庫,kg,124817.0,2024
2024,5,香水・オーデコロン,月末在庫,kg,123065.0,2024
2024,6,香水・オーデコロン,月末在庫,kg,118137.0,2024
2024,7,香水・オーデコロン,月末在庫,kg,119070.0,2024
2024,8,香水・オーデコロン,月末在庫,kg,125885.0,2024
2024,9,香水・オーデコロン,月末在庫,kg,127245.0,2024
2024,10,香水・オーデコロン,月末在庫,kg,123221.0,2024
2024,11,香水・オーデコロン,月末在庫,kg,126748.0,2024
2024,12,香水・オーデコロン,月末在庫,kg,111946.0,2024
2015,0,香水・オーデコロン,生産,kg,309596.0,2019
2016,0,香水・オーデコロン,生産,kg,226719.0,2020
2017,0,香水・オーデコロン,生産,kg,196634.0,2021
2018,0,香水・オーデコロン,生産,kg,174032.0,2022
2019,0,香水・オーデコロン,生産,kg,183009.0,2023
2019,1,香水・オーデコロン,生産,kg,12519.0,2019
2019,2,香水・オーデコロン,生産,kg,11731.0,2019
2019,3,香水・オーデコロン,生産,kg,13726.0,2019
2019,4,香水・オーデコロン,生産,kg,13269.0,2019
2019,5,香水・オーデコロン,生産,kg,17618.0,2019
2019,6,香水・オーデコロン,生産,kg,16312.0,2019
2019,7,香水・オーデコロン,生産,kg,15973.0,2019
2019,8,香水・オーデコロン,生産,kg,17420.0,2019
2019,9,香水・オーデコロン,生産,kg,16142.0,2019
2019,10,香水・オーデコロン,生産,kg,21650.0,2019
2019,11,香水・オーデコロン,生産,kg,15362.0,2019
2019,12,香水・オーデコロン,生産,kg,11287.0,2019
2020,0,香水・オーデコロン,生産,kg,144253.0,2023
2020,1,香水・オーデコロン,生産,kg,7293.0,2020
2020,2,香水・オーデコロン,生産,kg,8766.0,2020
2020,3,香水・オーデコロン,生産,kg,21449.0,2020
2020,4,香水・オーデコロン,生産,kg,12136.0,2020
2020,5,香水・オーデコロン,生産,kg,13560.0,2020
2020,6,香水・オーデコロン,生産,kg,14244.0,2020
2020,7,香水・オーデコロン,生産,kg,10714.0,2020
2020,8,香水・オーデコロン,生産,kg,16847.0,2020
2020,9,香水・オーデコロン,生産,kg,9483.0,2020
2020,10,香水・オーデコロン,生産,kg,18287.0,2020
2020,11,香水・オーデコロン,生産,kg,7382.0,2020
2020,12,香水・オーデコロン,生産,kg,4092.0,2020
2021,0,香水・オーデコロン,生産,kg,105313.0,2023
2021,1,香水・オーデコロン,生産,kg,6432.0,2021
2021,2,香水・オーデコロン,生産,kg,4505.0,2021
2021,3,香水・オーデコロン,生産,kg,6195.0,2021
2021,4,香水・オーデコロン,生産,kg,7527.0,2021
2021,5,香水・オーデコロン,生産,kg,8737.0,2021
2021,6,香水・オーデコロン,生産,kg,13583.0,2021
2021,7,香水・オーデコロン,生産,kg,9298.0,2021
2021,8,香水・オーデコロン,生産,kg,9878.0,2021
2021,9,香水・オーデコロン,生産,kg,7995.0,2021
2021,10,香水・オーデコロン,生産,kg,12767.0,2021
2021,11,香水・オーデコロン,生産,kg,9018.0,2021
2021,12,香水・オーデコロン,生産,kg,9378.0,2021
2022,0,香水・オーデコロン,生産,kg,134288.0,2023
2022,1,香水・オーデコロン,生産,kg,11297.0,2022
2022,2,香水・オーデコロン,生産,kg,8510.0,2022
2022,3,香水・オーデコロン,生産,kg,13074.0,2022
2022,4,香水・オーデコロン,生産,kg,11728.0,2022
2022,5,香水・オーデコロン,生産,kg,12930.0,2022
2022,6,香水・オーデコロン,生産,kg,16869.0,2022
2022,7,香水・オーデコロン,生産,kg,9013.0,2022
2022,8,香水・オーデコロン,生産,kg,10549.0,2022
2022,9,香水・オーデコロン,生産,kg,11647.0,2022
2022,10,香水・オーデコロン,生産,kg,11015.0,2022
2022,11,香水・オーデコロン,生産,kg,9457.0,2022
2022,12,香水・オーデコロン,生産,kg,8199.0,2022
2023,0,香水・オーデコロン,生産,kg,143434.0,2023
2023,1,香水・オーデコロン,生産,kg,10242.0,2023
2023,2,香水・オーデコロン,生産,kg,9915.0,2023
2023,3,香水・オーデコロン,生産,kg,11741.0,2023
2023,4,香水・オーデコロン,生産,kg,11303.0,2023
2023,5,香水・オーデコロン,生産,kg,11272.0,2023
2023,6,香水・オーデコロン,生産,kg,13092.0,2023
2023,7,香水・オーデコロン,生産,kg,11850.0,2023
2023,8,香水・オーデコロン,生産,kg,10472.0,2023
2023,9,香水・オーデコロン,生産,kg,10420.0,2023
2023,10,香水・オーデコロン,生産,kg,13015.0,2023
2023,11,香水・オーデコロン,生産,kg,16433.0,2023
2023,12,香水・オーデコロン,生産,kg,13679.0,2023
2024,1,香水・オーデコロン,生産,kg,8838.0,2024
2024,2,香水・オーデコロン,生産,kg,13147.0,2024
2024,3,香水・オーデコロン,生産,kg,9935.0,2024
2024,4,香水・オーデコロン,生産,kg,15075.0,2024
2024,5,香水・オーデコロン,生産,kg,10540.0,2024
2024,6,香水・オーデコロン,生産,kg,8834.0,2024
2024,7,香水・オーデコロン,生産,kg,12820.0,2024
2024,8,香水・オーデコロン,生産,kg,9776.0,2024
2024,9,香水・オーデコロン,生産,kg,11432.0,2024
2024,10,香水・オーデコロン,生産,kg,12182.0,2024
2024,11,香水・オーデコロン,生産,kg,10599.0,2024
2024,12,香水・オーデコロン,生産,kg,7012.0,2024
2015,0,香水・オーデコロン,販売個数,十個,450733.0,2019
2016,0,香水・オーデコロン,販売個数,十個,381614.0,2020
2017,0,香水・オーデコロン,販売個数,十個,398113.0,2021
2018,0,香水・オーデコロン,販売個数,十個,390599.0,2022
2019,0,香水・オーデコロン,販売個数,十個,416861.0,2023
2019,1,香水・オーデコロン,販売個数,十個,28266.0,2019
2019,2,香水・オーデコロン,販売個数,十個,27225.0,2019
2019,3,香水・オーデコロン,販売個数,十個,34585.0,2019
2019,4,香水・オーデコロン,販売個数,十個,30161.0,2019
2019,5,香水・オーデコロン,販売個数,十個,44216.0,2019
2019,6,香水・オーデコロン,販売個数,十個,32036.0,2019
2019,7,香水・オーデコロン,販売個数,十個,40510.0,2019
2019,8,香水・オーデコロン,販売個数,十個,32630.0,2019
2019,9,香水・オーデコロン,販売個数,十個,40465.0,2019
2019,10,香水・オーデコロン,販売個数,十個,33422.0,2019
2019,11,香水・オーデコロン,販売個数,十個,36495.0,2019
2019,12,香水・オーデコロン,販売個数,十個,36850.0,2019
2020,0,香水・オーデコロン,販売個数,十個,337298.0,2023
2020,1,香水・オーデコロン,販売個数,十個,25263.0,2020
2020,2,香水・オーデコロン,販売個数,十個,25620.0,2020
2020,3,香水・オーデコロン,販売個数,十個,28753.0,2020
2020,4,香水・オーデコロン,販売個数,十個,23434.0,2020
2020,5,香水・オーデコロン,販売個数,十個,31497.0,2020
2020,6,香水・オーデコロン,販売個数,十個,27541.0,2020
2020,7,香水・オーデコロン,販売個数,十個,37980.0,2020
2020,8,香水・オーデコロン,販売個数,十個,29124.0,2020
2020,9,香水・オーデコロン,販売個数,十個,22517.0,2020
2020,10,香水・オーデコロン,販売個数,十個,31358.0,2020
2020,11,香水・オーデコロン,販売個数,十個,27155.0,2020
2020,12,香水・オーデコロン,販売個数,十個,27056.0,2020
2021,0,香水・オーデコロン,販売個数,十個,369935.0,2023
2021,1,香水・オーデコロン,販売個数,十個,22995.0,2021
2021,2,香水・オーデコロン,販売個数,十個,17488.0,2021
2021,3,香水・オーデコロン,販売個数,十個,25534.0,2021
2021,4,香水・オーデコロン,販売個数,十個,37419.0,2021
2021,5,香水・オーデコロン,販売個数,十個,25949.0,2021
2021,6,香水・オーデコロン,販売個数,十個,34715.0,2021
2021,7,香水・オーデコロン,販売個数,十個,38490.0,2021
2021,8,香水・オーデコロン,販売個数,十個,35736.0,2021
2021,9,香水・オーデコロン,販売個数,十個,30204.0,2021
2021,10,香水・オーデコロン,販売個数,十個,32605.0,2021
2021,11,香水・オーデコロン,販売個数,十個,36391.0,2021
2021,12,香水・オーデコロン,販売個数,十個,32409.0,2021
2022,0,香水・オーデコロン,販売個数,十個,423286.0,2023
2022,1,香水・オーデコロン,販売個数,十個,24260.0,2022
2022,2,香水・オーデコロン,販売個数,十個,29493.0,2022
2022,3,香水・オーデコロン,販売個数,十個,28838.0,2022
2022,4,香水・オーデコロン,販売個数,十個,35820.0,2022
2022,5,香水・オーデコロン,販売個数,十個,30994.0,2022
2022,6,香水・オーデコロン,販売個数,十個,38894.0,2022
2022,7,香水・オーデコロン,販売個数,十個,33881.0,2022
2022,8,香水・オーデコロン,販売個数,十個,32419.0,2022
2022,9,香水・オーデコロン,販売個数,十個,38488.0,2022
2022,10,香水・オーデコロン,販売個数,十個,41010.0,2022
2022,11,香水・オーデコロン,販売個数,十個,46108.0,2022
2022,12,香水・オーデコロン,販売個数,十個,43081.0,2022
2023,0,香水・オーデコロン,販売個数,十個,484776.0,2023
2023,1,香水・オーデコロン,販売個数,十個,30770.0,2023
2023,2,香水・オーデコロン,販売個数,十個,30427.0,2023
2023,3,香水・オーデコロン,販売個数,十個,41102.0,2023
2023,4,香水・オーデコロン,販売個数,十個,37541.0,2023
2023,5,香水・オーデコロン,販売個数,十個,37239.0,2023
2023,6,香水・オーデコロン,販売個数,十個,34302.0,2023
2023,7,香水・オーデコロン,販売個数,十個,34998.0,2023
2023,8,香水・オーデコロン,販売個数,十個,35430.0,2023
2023,9,香水・オーデコロン,販売個数,十個,46276.0,2023
2023,10,香水・オーデコロン,販売個数,十個,42365.0,2023
2023,11,香水・オーデコロン,販売個数,十個,40735.0,2023
2023,12,香水・オーデコロン,販売個数,十個,73591.0,2023
2024,1,香水・オーデコロン,販売個数,十個,33172.0,2024
2024,2,香水・オーデコロン,販売個数,十個,34237.0,2024
2024,3,香水・オーデコロン,販売個数,十個,39221.0,2024
2024,4,香水・オーデコロン,販売個数,十個,55849.0,2024
2024,5,香水・オーデコロン,販売個数,十個,41719.0,2024
2024,6,香水・オーデコロン,販売個数,十個,33258.0,2024
2024,7,香水・オーデコロン,販売個数,十個,36273.0,2024
2024,8,香水・オーデコロン,販売個数,十個,33858.0,2024
2024,9,香水・オーデコロン,販売個数,十個,40379.0,2024
2024,10,香水・オーデコロン,販売個数,十個,50922.0,2024
2024,11,香水・オーデコロン,販売個数,十個,45483.0,2024
2024,12,香水・オーデコロン,販売個数,十個,38097.0,2024
2015,0,香水・オーデコロン,販売数量,kg,326732.0,2019
2016,0,香水・オーデコロン,販売数量,kg,221714.0,2020
2017,0,香水・オーデコロン,販売数量,kg,231980.0,2021
2018,0,香水・オーデコロン,販売数量,kg,241074.0,2022
2019,0,香水・オーデコロン,販売数量,kg,230426.0,2023
2019,1,香水・オーデコロン,販売数量,kg,14446.0,2019
2019,2,香水・オーデコロン,販売数量,kg,16511.0,2019
2019,3,香水・オーデコロン,販売数量,kg,21680.0,2019
2019,4,香水・オーデコロン,販売数量,kg,17968.0,2019
2019,5,香水・オーデコロン,販売数量,kg,24914.0,2019
2019,6,香水・オーデコロン,販売数量,kg,16502.0,2019
2019,7,香水・オーデコロン,販売数量,kg,21517.0,2019
2019,8,香水・オーデコロン,販売数量,kg,23993.0,2019
2019,9,香水・オーデコロン,販売数量,kg,18561.0,2019
2019,10,香水・オーデコロン,販売数量,kg,17895.0,2019
2019,11,香水・オーデコロン,販売数量,kg,17515.0,2019
2019,12,香水・オーデコロン,販売数量,kg,18924.0,2019
2020,0,香水・オーデコロン,販売数量,kg,188642.0,2023
2020,1,香水・オーデコロン,販売数量,kg,15900.0,2020
2020,2,香水・オーデコロン,販売数量,kg,10934.0,2020
2020,3,香水・オーデコロン,販売数量,kg,16920.0,2020
2020,4,香水・オーデコロン,販売数量,kg,12098.0,2020
2020,5,香水・オーデコロン,販売数量,kg,19715.0,2020
2020,6,香水・オーデコロン,販売数量,kg,18336.0,2020
2020,7,香水・オーデコロン,販売数量,kg,20925.0,2020
2020,8,香水・オーデコロン,販売数量,kg,16025.0,2020
2020,9,香水・オーデコロン,販売数量,kg,13675.0,2020
2020,10,香水・オーデコロン,販売数量,kg,14075.0,2020
2020,11,香水・オーデコロン,販売数量,kg,15477.0,2020
2020,12,香水・オーデコロン,販売数量,kg,14562.0,2020
2021,0,香水・オーデコロン,販売数量,kg,168473.0,2023
2021,1,香水・オーデコロン,販売数量,kg,16488.0,2021
2021,2,香水・オーデコロン,販売数量,kg,9826.0,2021
2021,3,香水・オーデコロン,販売数量,kg,14809.0,2021
2021,4,香水・オーデコロン,販売数量,kg,17658.0,2021
2021,5,香水・オーデコロン,販売数量,kg,11575.0,2021
2021,6,香水・オーデコロン,販売数量,kg,12991.0,2021
2021,7,香水・オーデコロン,販売数量,kg,17759.0,2021
2021,8,香水・オーデコロン,販売数量,kg,14489.0,2021
2021,9,香水・オーデコロン,販売数量,kg,12115.0,2021
2021,10,香水・オーデコロン,販売数量,kg,12790.0,2021
2021,11,香水・オーデコロン,販売数量,kg,15653.0,2021
2021,12,香水・オーデコロン,販売数量,kg,12320.0,2021
2022,0,香水・オーデコロン,販売数量,kg,277180.0,2023
2022,1,香水・オーデコロン,販売数量,kg,19314.0,2022
2022,2,香水・オーデコロン,販売数量,kg,21843.0,2022
2022,3,香水・オーデコロン,販売数量,kg,19435.0,2022
2022,4,香水・オーデコロン,販売数量,kg,22099.0,2022
2022,5,香水・オーデコロン,販売数量,kg,19109.0,2022
2022,6,香水・オーデコロン,販売数量,kg,22757.0,2022
2022,7,香水・オーデコロン,販売数量,kg,21546.0,2022
2022,8,香水・オーデコロン,販売数量,kg,20383.0,2022
2022,9,香水・オーデコロン,販売数量,kg,23706.0,2022
2022,10,香水・オーデコロン,販売数量,kg,26147.0,2022
2022,11,香水・オーデコロン,販売数量,kg,32710.0,2022
2022,12,香水・オーデコロン,販売数量,kg,28131.0,2022
2023,0,香水・オーデコロン,販売数量,kg,292613.0,2023
2023,1,香水・オーデコロン,販売数量,kg,20072.0,2023
2023,2,香水・オーデコロン,販売数量,kg,17235.0,2023
2023,3,香水・オーデコロン,販売数量,kg,21851.0,2023
2023,4,香水・オーデコロン,販売数量,kg,25486.0,2023
2023,5,香水・オーデコロン,販売数量,kg,27209.0,2023
2023,6,香水・オーデコロン,販売数量,kg,23146.0,2023
2023,7,香水・オーデコロン,販売数量,kg,21508.0,2023
2023,8,香水・オーデコロン,販売数量,kg,23652.0,2023
2023,9,香水・オーデコロン,販売数量,kg,23214.0,2023
2023,10,香水・オーデコロン,販売数量,kg,21352.0,2023
2023,11,香水・オーデコロン,販売数量,kg,29399.0,2023
2023,12,香水・オーデコロン,販売数量,kg,38489.0,2023
2024,1,香水・オーデコロン,販売数量,kg,17462.0,2024
2024,2,香水・オーデコロン,販売数量,kg,19091.0,2024
2024,3,香水・オーデコロン,販売数量,kg,21367.0,2024
2024,4,香水・オーデコロン,販売数量,kg,26971.0,2024
2024,5,香水・オーデコロン,販売数量,kg,19707.0,2024
2024,6,香水・オーデコロン,販売数量,kg,22373.0,2024
2024,7,香水・オーデコロン,販売数量,kg,21063.0,2024
2024,8,香水・オーデコロン,販売数量,kg,21449.0,2024
2024,9,香水・オーデコロン,販売数量,kg,23359.0,2024
2024,10,香水・オーデコロン,販売数量,kg,22017.0,2024
2024,11,香水・オーデコロン,販売数量,kg,26287.0,2024
2024,12,香水・オーデコロン,販売数量,kg,26868.0,2024
2015,0,香水・オーデコロン,販売金額,千円,4019718.0,2019
2016,0,香水・オーデコロン,販売金額,千円,3813563.0,2020
2017,0,香水・オーデコロン,販売金額,千円,4344522.0,2021
2018,0,香水・オーデコロン,販売金額,千円,4941996.0,2022
2019,0,香水・オーデコロン,販売金額,千円,4917285.0,2023
2019,1,香水・オーデコロン,販売金額,千円,300636.0,2019
2019,2,香水・オーデコロン,販売金額,千円,305372.0,2019
2019,3,香水・オーデコロン,販売金額,千円,391624.0,2019
2019,4,香水・オーデコロン,販売金額,千円,350880.0,2019
2019,5,香水・オーデコロン,販売金額,千円,392283.0,2019
2019,6,香水・オーデコロン,販売金額,千円,353030.0,2019
2019,7,香水・オーデコロン,販売金額,千円,409211.0,2019
2019,8,香水・オーデコロン,販売金額,千円,401670.0,2019
2019,9,香水・オーデコロン,販売金額,千円,440538.0,2019
2019,10,香水・オーデコロン,販売金額,千円,380940.0,2019
2019,11,香水・オーデコロン,販売金額,千円,710395.0,2019
2019,12,香水・オーデコロン,販売金額,千円,480706.0,2019
2020,0,香水・オーデコロン,販売金額,千円,4394234.0,2023
2020,1,香水・オーデコロン,販売金額,千円,306652.0,2020
2020,2,香水・オーデコロン,販売金額,千円,324021.0,2020
2020,3,香水・オーデコロン,販売金額,千円,300402.0,2020
2020,4,香水・オーデコロン,販売金額,千円,254086.0,2020
2020,5,香水・オーデコロン,販売金額,千円,339880.0,2020
2020,6,香水・オーデコロン,販売金額,千円,317287.0,2020
2020,7,香水・オーデコロン,販売金額,千円,384362.0,2020
2020,8,香水・オーデコロン,販売金額,千円,306909.0,2020
2020,9,香水・オーデコロン,販売金額,千円,306848.0,2020
2020,10,香水・オーデコロン,販売金額,千円,627077.0,2020
2020,11,香水・オーデコロン,販売金額,千円,473646.0,2020
2020,12,香水・オーデコロン,販売金額,千円,453064.0,2020
2021,0,香水・オーデコロン,販売金額,千円,4700434.0,2023
2021,1,香水・オーデコロン,販売金額,千円,347417.0,2021
2021,2,香水・オーデコロン,販売金額,千円,244093.0,2021
2021,3,香水・オーデコロン,販売金額,千円,350022.0,2021
2021,4,香水・オーデコロン,販売金額,千円,369813.0,2021
2021,5,香水・オーデコロン,販売金額,千円,263167.0,2021
2021,6,香水・オーデコロン,販売金額,千円,320562.0,2021
2021,7,香水・オーデコロン,販売金額,千円,430748.0,2021
2021,8,香水・オーデコロン,販売金額,千円,404275.0,2021
2021,9,香水・オーデコロン,販売金額,千円,384721.0,2021
2021,10,香水・オーデコロン,販売金額,千円,604870.0,2021
2021,11,香水・オーデコロン,販売金額,千円,523178.0,2021
2021,12,香水・オーデコロン,販売金額,千円,457568.0,2021
2022,0,香水・オーデコロン,販売金額,千円,6501986.0,2023
2022,1,香水・オーデコロン,販売金額,千円,391961.0,2022
2022,2,香水・オーデコロン,販売金額,千円,392924.0,2022
2022,3,香水・オーデコロン,販売金額,千円,466367.0,2022
2022,4,香水・オーデコロン,販売金額,千円,522589.0,2022
2022,5,香水・オーデコロン,販売金額,千円,389368.0,2022
2022,6,香水・オーデコロン,販売金額,千円,494744.0,2022
2022,7,香水・オーデコロン,販売金額,千円,472814.0,2022
2022,8,香水・オーデコロン,販売金額,千円,496933.0,2022
2022,9,香水・オーデコロン,販売金額,千円,529420.0,2022
2022,10,香水・オーデコロン,販売金額,千円,610227.0,2022
2022,11,香水・オーデコロン,販売金額,千円,950886.0,2022
2022,12,香水・オーデコロン,販売金額,千円,783753.0,2022
2023,0,香水・オーデコロン,販売金額,千円,8997815.0,2023
2023,1,香水・オーデコロン,販売金額,千円,551294.0,2023
2023,2,香水・オーデコロン,販売金額,千円,532734.0,2023
2023,3,香水・オーデコロン,販売金額,千円,647036.0,2023
2023,4,香水・オーデコロン,販売金額,千円,698945.0,2023
2023,5,香水・オーデコロン,販売金額,千円,648504.0,2023
2023,6,香水・オーデコロン,販売金額,千円,659851.0,2023
2023,7,香水・オーデコロン,販売金額,千円,603883.0,2023
2023,8,香水・オーデコロン,販売金額,千円,715393.0,2023
2023,9,香水・オーデコロン,販売金額,千円,743161.0,2023
2023,10,香水・オーデコロン,販売金額,千円,904965.0,2023
2023,11,香水・オーデコロン,販売金額,千円,1023055.0,2023
2023,12,香水・オーデコロン,販売金額,千円,1268994.0,2023
2024,1,香水・オーデコロン,販売金額,千円,654777.0,2024
2024,2,香水・オーデコロン,販売金額,千円,655655.0,2024
2024,3,香水・オーデコロン,販売金額,千円,720917.0,2024
2024,4,香水・オーデコロン,販売金額,千円,836724.0,2024
2024,5,香水・オーデコロン,販売金額,千円,614199.0,2024
2024,6,香水・オーデコロン,販売金額,千円,709888.0,2024
2024,7,香水・オーデコロン,販売金額,千円,654157.0,2024
2024,8,香水・オーデコロン,販売金額,千円,739866.0,2024
2024,9,香水・オーデコロン,販売金額,千円,857798.0,2024
2024,10,香水・オーデコロン,販売金額,千円,754680.0,2024
2024,11,香水・オーデコロン,販売金額,千円,1075872.0,2024
2024,12,香水・オーデコロン,販売金額,千円,1156631.0,2024
