review_id,category,phrase,nn_phrase
18895,face_wash,0,0
18896,face_wash,0,0
18897,face_wash,0,0
18898,face_wash,0,1
18899,face_wash,0,0
18900,face_wash,0,0
18901,face_wash,0,1
18892,face_wash,0,0
18893,face_wash,0,0
18894,face_wash,0,0
23587,cleansing,0,0
23588,cleansing,0,0
23589,cleansing,0,0
23590,cleansing,0,0
23591,cleansing,0,0
23592,cleansing,0,0
23593,cleansing,0,0
23594,cleansing,0,0
23595,cleansing,0,0
23596,cleansing,0,0
30466,toner_lotion,1,10
30467,toner_lotion,0,0
30468,toner_lotion,0,0
30469,toner_lotion,1,10
30471,toner_lotion,0,0
30472,toner_lotion,0,0
30473,toner_lotion,1,6
30474,toner_lotion,1,8
30475,toner_lotion,1,10
24044,cleansing,0,0
24045,cleansing,0,0
28292,cleansing,0,0
28293,cleansing,1,9
28294,cleansing,0,0
9968,face_cream,0,0
9969,face_cream,0,0
9974,face_cream,0,0
9977,face_cream,0,0
24036,cleansing,0,0
24037,cleansing,0,0
24038,cleansing,0,0
24039,cleansing,0,0
24040,cleansing,0,0
24041,cleansing,0,0
24042,cleansing,0,0
24043,cleansing,0,0
28285,cleansing,0,0
28286,cleansing,0,0
28287,cleansing,0,0
28288,cleansing,1,9
28289,cleansing,0,0
28290,cleansing,0,1
299,emulsion,0,0
300,emulsion,0,0
27822,cleansing,0,0
27823,cleansing,0,0
27824,cleansing,0,0
27825,cleansing,0,0
27826,cleansing,0,0
27827,cleansing,0,0
27828,cleansing,0,0
27830,cleansing,0,0
27831,cleansing,0,0
291,emulsion,0,0
292,emulsion,0,1
293,emulsion,0,1
294,emulsion,0,0
296,emulsion,0,0
297,emulsion,0,0
298,emulsion,0,0
23577,cleansing,0,0
23578,cleansing,0,0
23579,cleansing,0,1
23581,cleansing,0,0
23582,cleansing,0,1
23583,cleansing,0,0
23584,cleansing,0,0
23585,cleansing,0,0
23586,cleansing,1,0
30456,toner_lotion,0,0
30457,toner_lotion,0,0
30458,toner_lotion,0,0
30459,toner_lotion,0,0
30460,toner_lotion,0,1
30461,toner_lotion,1,1
30462,toner_lotion,1,10
30463,toner_lotion,0,0
30464,toner_lotion,0,7
30465,toner_lotion,1,9
19250,face_wash,0,0
19251,face_wash,0,0
19252,face_wash,0,1
19253,face_wash,0,0
19254,face_wash,0,1
30933,eye_shadow,0,0
30934,eye_shadow,0,0
30929,eye_shadow,0,0
30930,eye_shadow,0,0
30931,eye_shadow,0,1
30932,eye_shadow,0,0
9958,face_cream,0,0
9959,face_cream,0,0
9960,face_cream,0,0
9961,face_cream,1,10
9962,face_cream,0,1
9963,face_cream,0,1
9964,face_cream,0,0
9965,face_cream,0,1
9966,face_cream,0,0
28275,cleansing,0,0
28276,cleansing,0,0
28277,cleansing,0,0
28278,cleansing,0,0
28279,cleansing,0,0
28280,cleansing,0,0
28281,cleansing,0,0
28282,cleansing,0,1
28283,cleansing,0,0
28284,cleansing,0,0
28639,toner_lotion,1,7
28640,toner_lotion,0,0
28641,toner_lotion,1,10
28642,toner_lotion,0,0
28643,toner_lotion,0,6
28644,toner_lotion,0,0
28645,toner_lotion,0,0
30928,eye_shadow,0,0
18891,face_wash,0,0
19248,face_wash,0,0
19249,face_wash,0,0
28637,toner_lotion,0,0
10410,serum_essence,0,0
18882,face_wash,0,0
18883,face_wash,0,0
18884,face_wash,0,0
18885,face_wash,0,2
18886,face_wash,0,0
18888,face_wash,0,0
18889,face_wash,0,1
18890,face_wash,0,0
19240,face_wash,0,2
19241,face_wash,0,0
19242,face_wash,0,0
19243,face_wash,0,0
19244,face_wash,0,0
19245,face_wash,0,0
27813,cleansing,0,0
27814,cleansing,0,1
27815,cleansing,0,0
27816,cleansing,0,0
27821,cleansing,0,0
28629,toner_lotion,0,0
28630,toner_lotion,0,1
28632,toner_lotion,0,2
28634,toner_lotion,0,0
28635,toner_lotion,0,0
286,emulsion,0,0
287,emulsion,0,0
290,emulsion,0,0
10408,serum_essence,0,0
10409,serum_essence,0,1
24026,cleansing,0,0
24027,cleansing,0,0
24028,cleansing,0,0
24029,cleansing,0,0
24030,cleansing,0,0
24032,cleansing,0,0
24033,cleansing,0,0
24034,cleansing,0,0
24035,cleansing,0,0
27812,cleansing,0,0
28619,toner_lotion,0,0
28620,toner_lotion,0,0
28623,toner_lotion,0,0
28626,toner_lotion,0,0
283,emulsion,0,0
284,emulsion,0,0
285,emulsion,0,0
10407,serum_essence,0,0
23574,cleansing,0,0
23575,cleansing,0,0
23576,cleansing,0,0
281,emulsion,0,0
23567,cleansing,0,0
23568,cleansing,0,0
23569,cleansing,0,0
23570,cleansing,0,1
23571,cleansing,0,0
23572,cleansing,0,0
23573,cleansing,0,0
28265,cleansing,0,0
28266,cleansing,0,1
28268,cleansing,0,0
28269,cleansing,0,1
28270,cleansing,0,0
28271,cleansing,0,5
28272,cleansing,0,0
28273,cleansing,0,0
28274,cleansing,0,0
28609,toner_lotion,1,6
28610,toner_lotion,1,7
28611,toner_lotion,1,9
28612,toner_lotion,0,0
28613,toner_lotion,1,10
28614,toner_lotion,1,10
28615,toner_lotion,0,7
28616,toner_lotion,0,1
28617,toner_lotion,1,9
28618,toner_lotion,0,0
10405,serum_essence,0,1
10406,serum_essence,0,8
30447,toner_lotion,0,0
30448,toner_lotion,0,0
30449,toner_lotion,1,10
30450,toner_lotion,0,0
30452,toner_lotion,0,0
30454,toner_lotion,0,0
30927,eye_shadow,0,0
28599,toner_lotion,1,10
28600,toner_lotion,1,10
28602,toner_lotion,1,8
28604,toner_lotion,0,0
28605,toner_lotion,0,0
28606,toner_lotion,0,0
28607,toner_lotion,0,0
28608,toner_lotion,0,0
30918,eye_shadow,0,0
30919,eye_shadow,0,0
30920,eye_shadow,0,0
30921,eye_shadow,0,0
30922,eye_shadow,1,1
30923,eye_shadow,0,0
30925,eye_shadow,0,1
30926,eye_shadow,0,0
9949,face_cream,0,0
9950,face_cream,0,0
9951,face_cream,0,0
9952,face_cream,0,1
9953,face_cream,0,0
9954,face_cream,0,0
9955,face_cream,0,0
9956,face_cream,1,10
9957,face_cream,0,0
18872,face_wash,0,0
18873,face_wash,0,1
18875,face_wash,0,0
18877,face_wash,0,0
18878,face_wash,0,0
18879,face_wash,0,0
18880,face_wash,0,0
27805,cleansing,0,0
27806,cleansing,0,1
27807,cleansing,0,0
27808,cleansing,0,0
27809,cleansing,0,0
27810,cleansing,0,0
27811,cleansing,0,1
5895,face_cream,0,0
19230,face_wash,0,0
19232,face_wash,0,0
19233,face_wash,0,1
19234,face_wash,0,0
19235,face_wash,0,0
19236,face_wash,0,0
19237,face_wash,0,1
19238,face_wash,1,0
19239,face_wash,0,0
23558,cleansing,0,0
23559,cleansing,0,0
23561,cleansing,1,2
23562,cleansing,0,0
23563,cleansing,0,0
23564,cleansing,0,0
23565,cleansing,0,0
23566,cleansing,0,0
24018,cleansing,0,0
24019,cleansing,0,0
24020,cleansing,0,0
24021,cleansing,0,0
24022,cleansing,0,0
24023,cleansing,0,0
24024,cleansing,0,0
24025,cleansing,0,0
27803,cleansing,0,0
28255,cleansing,0,0
28256,cleansing,0,0
28257,cleansing,0,0
28258,cleansing,0,0
28259,cleansing,0,0
28260,cleansing,0,0
28261,cleansing,0,0
28262,cleansing,0,0
28263,cleansing,0,0
28264,cleansing,0,0
28589,toner_lotion,0,0
28590,toner_lotion,0,0
28592,toner_lotion,0,0
28593,toner_lotion,1,7
28594,toner_lotion,1,7
28595,toner_lotion,1,9
28596,toner_lotion,0,0
28597,toner_lotion,0,0
28598,toner_lotion,0,3
28960,toner_lotion,0,0
19565,face_wash,0,0
28956,toner_lotion,0,0
28958,toner_lotion,0,0
28959,toner_lotion,0,0
30910,eye_shadow,0,0
30911,eye_shadow,0,0
30912,eye_shadow,0,0
30913,eye_shadow,0,0
30914,eye_shadow,0,0
30915,eye_shadow,0,0
30916,eye_shadow,0,0
30917,eye_shadow,0,0
31251,eye_shadow,0,0
31252,eye_shadow,0,1
31253,eye_shadow,0,0
31254,eye_shadow,0,0
31255,eye_shadow,0,0
31256,eye_shadow,0,0
31257,eye_shadow,0,0
31258,eye_shadow,0,0
23548,cleansing,1,8
23549,cleansing,0,0
23550,cleansing,0,0
23551,cleansing,0,0
23552,cleansing,0,0
23553,cleansing,0,0
23555,cleansing,0,0
23556,cleansing,0,0
30908,eye_shadow,0,0
30909,eye_shadow,0,1
271,emulsion,0,0
272,emulsion,0,0
275,emulsion,0,0
276,emulsion,0,0
277,emulsion,0,0
279,emulsion,0,0
280,emulsion,0,1
5894,face_cream,0,0
9938,face_cream,0,0
9939,face_cream,0,0
9940,face_cream,0,0
9941,face_cream,0,0
9943,face_cream,0,0
9945,face_cream,0,0
9947,face_cream,0,0
18863,face_wash,0,0
18864,face_wash,0,0
18865,face_wash,0,2
18866,face_wash,0,0
18867,face_wash,0,0
18868,face_wash,0,0
18870,face_wash,0,0
18871,face_wash,0,0
19556,face_wash,0,2
19557,face_wash,0,0
19558,face_wash,0,0
19559,face_wash,0,0
19560,face_wash,0,0
19561,face_wash,0,0
19563,face_wash,0,0
28579,toner_lotion,0,0
28580,toner_lotion,0,1
28581,toner_lotion,0,0
28582,toner_lotion,0,0
28583,toner_lotion,0,0
28585,toner_lotion,0,0
28586,toner_lotion,0,0
28587,toner_lotion,0,0
28588,toner_lotion,0,0
28948,toner_lotion,0,0
28949,toner_lotion,0,0
28950,toner_lotion,0,1
28951,toner_lotion,0,0
28952,toner_lotion,0,0
28953,toner_lotion,0,0
28954,toner_lotion,0,0
28955,toner_lotion,0,0
31241,eye_shadow,0,0
31242,eye_shadow,0,0
31243,eye_shadow,0,0
31244,eye_shadow,0,0
31245,eye_shadow,0,0
31246,eye_shadow,0,0
31248,eye_shadow,0,0
31249,eye_shadow,0,0
31250,eye_shadow,0,0
28245,cleansing,0,0
28246,cleansing,0,0
28247,cleansing,0,0
28248,cleansing,0,1
28249,cleansing,0,0
28250,cleansing,0,0
28251,cleansing,0,0
28252,cleansing,0,0
28253,cleansing,0,0
28254,cleansing,0,0
30436,toner_lotion,1,10
30437,toner_lotion,0,0
30439,toner_lotion,1,10
30441,toner_lotion,1,9
30442,toner_lotion,1,10
30443,toner_lotion,1,7
30444,toner_lotion,0,0
30445,toner_lotion,0,0
35981,lip_colour,0,0
35985,lip_colour,0,0
35986,lip_colour,0,0
35988,lip_colour,0,0
35989,lip_colour,0,0
35990,lip_colour,0,0
35991,lip_colour,0,0
35992,lip_colour,0,0
35993,lip_colour,0,0
35994,lip_colour,0,0
35995,lip_colour,0,1
35996,lip_colour,0,0
27792,cleansing,0,0
27793,cleansing,0,0
27794,cleansing,0,0
27795,cleansing,0,0
27796,cleansing,0,0
27797,cleansing,0,0
27801,cleansing,0,0
28575,toner_lotion,0,0
28576,toner_lotion,0,0
28577,toner_lotion,0,0
28578,toner_lotion,0,9
28944,toner_lotion,0,0
28945,toner_lotion,0,0
10724,serum_essence,0,1
23537,cleansing,0,0
23538,cleansing,0,0
23539,cleansing,0,1
23540,cleansing,0,0
23541,cleansing,0,0
23542,cleansing,1,0
23543,cleansing,0,0
23544,cleansing,0,0
23545,cleansing,0,0
23546,cleansing,0,0
24006,cleansing,0,0
24007,cleansing,0,0
24008,cleansing,0,0
24009,cleansing,0,0
24010,cleansing,0,0
24011,cleansing,0,0
24012,cleansing,1,7
24014,cleansing,0,0
24015,cleansing,0,0
28569,toner_lotion,0,2
28570,toner_lotion,0,0
28571,toner_lotion,0,0
28572,toner_lotion,0,0
28573,toner_lotion,0,0
28574,toner_lotion,0,2
28936,toner_lotion,0,0
28938,toner_lotion,0,0
28939,toner_lotion,0,0
28940,toner_lotion,0,0
28941,toner_lotion,0,1
28942,toner_lotion,0,0
30905,eye_shadow,0,0
30906,eye_shadow,0,0
30907,eye_shadow,0,0
35971,lip_colour,0,0
35972,lip_colour,0,0
35973,lip_colour,0,0
35975,lip_colour,0,0
35976,lip_colour,0,0
35977,lip_colour,0,0
35978,lip_colour,0,0
35979,lip_colour,0,0
35980,lip_colour,0,0
10713,serum_essence,0,2
10714,serum_essence,0,1
10715,serum_essence,0,1
10716,serum_essence,0,0
10717,serum_essence,0,0
10719,serum_essence,0,1
10720,serum_essence,0,2
10721,serum_essence,0,0
10722,serum_essence,0,1
10723,serum_essence,0,3
18852,face_wash,0,0
18853,face_wash,0,1
18854,face_wash,0,0
18855,face_wash,0,0
18856,face_wash,0,0
18857,face_wash,0,0
18858,face_wash,0,0
18859,face_wash,0,0
18860,face_wash,0,0
18861,face_wash,0,1
19545,face_wash,0,0
19546,face_wash,0,0
19547,face_wash,0,0
19548,face_wash,0,0
19549,face_wash,0,0
19550,face_wash,0,0
19551,face_wash,0,0
19552,face_wash,0,1
19553,face_wash,0,1
30899,eye_shadow,0,1
30900,eye_shadow,0,0
30901,eye_shadow,0,0
30902,eye_shadow,0,0
30903,eye_shadow,0,0
30904,eye_shadow,0,0
19220,face_wash,0,0
19221,face_wash,0,0
19222,face_wash,0,0
19223,face_wash,0,0
19224,face_wash,0,1
19227,face_wash,1,10
19229,face_wash,0,1
28235,cleansing,0,0
28236,cleansing,0,1
28237,cleansing,0,1
28238,cleansing,0,0
28239,cleansing,0,0
28241,cleansing,0,0
28242,cleansing,0,1
28243,cleansing,0,0
28244,cleansing,0,0
28559,toner_lotion,0,0
28561,toner_lotion,0,0
28562,toner_lotion,0,0
28564,toner_lotion,0,0
28565,toner_lotion,0,0
28566,toner_lotion,0,0
28567,toner_lotion,0,0
28568,toner_lotion,0,0
30426,toner_lotion,0,0
30427,toner_lotion,0,0
30428,toner_lotion,1,9
30430,toner_lotion,0,0
30431,toner_lotion,0,0
30432,toner_lotion,0,0
30433,toner_lotion,0,0
30434,toner_lotion,0,0
30435,toner_lotion,1,8
31231,eye_shadow,0,0
31232,eye_shadow,0,0
31233,eye_shadow,0,1
31234,eye_shadow,0,0
31235,eye_shadow,0,0
31236,eye_shadow,0,0
31237,eye_shadow,0,1
31238,eye_shadow,0,0
31239,eye_shadow,0,0
31240,eye_shadow,0,0
6217,face_cream,0,1
6220,face_cream,1,7
6221,face_cream,0,0
10701,serum_essence,0,0
10702,serum_essence,0,0
10703,serum_essence,0,0
10704,serum_essence,0,0
10705,serum_essence,0,1
10707,serum_essence,0,2
10709,serum_essence,0,0
10710,serum_essence,0,0
19537,face_wash,0,0
19538,face_wash,0,0
19539,face_wash,0,0
19540,face_wash,0,0
19541,face_wash,0,0
19542,face_wash,0,0
19543,face_wash,0,0
19544,face_wash,0,0
30897,eye_shadow,0,0
35961,lip_colour,0,0
35962,lip_colour,0,0
35963,lip_colour,0,0
35964,lip_colour,0,0
35966,lip_colour,0,0
35967,lip_colour,0,1
35968,lip_colour,0,0
35969,lip_colour,0,0
35970,lip_colour,0,0
6206,face_cream,0,0
6207,face_cream,0,0
6209,face_cream,0,0
6210,face_cream,0,0
6212,face_cream,0,0
6213,face_cream,0,1
9928,face_cream,0,0
9929,face_cream,0,0
9931,face_cream,0,0
9932,face_cream,1,10
9933,face_cream,0,0
9934,face_cream,0,0
9935,face_cream,0,0
9936,face_cream,0,1
9937,face_cream,0,0
10691,serum_essence,0,0
10692,serum_essence,0,1
10693,serum_essence,0,0
10694,serum_essence,0,0
10695,serum_essence,0,1
10696,serum_essence,0,0
10697,serum_essence,0,1
10698,serum_essence,0,1
10699,serum_essence,0,1
23996,cleansing,0,0
23997,cleansing,0,0
23998,cleansing,0,0
23999,cleansing,0,0
24000,cleansing,0,0
24002,cleansing,0,0
24004,cleansing,0,0
24005,cleansing,0,0
30889,eye_shadow,0,1
30890,eye_shadow,0,0
30891,eye_shadow,0,1
30892,eye_shadow,0,0
30893,eye_shadow,0,0
30894,eye_shadow,0,0
30895,eye_shadow,0,0
263,emulsion,0,0
264,emulsion,0,1
265,emulsion,0,0
266,emulsion,0,1
267,emulsion,0,0
268,emulsion,0,0
270,emulsion,0,0
6196,face_cream,0,0
6198,face_cream,0,1
6199,face_cream,1,10
6200,face_cream,0,0
6201,face_cream,0,0
6202,face_cream,0,1
6205,face_cream,0,0
10681,serum_essence,1,7
10682,serum_essence,0,0
10683,serum_essence,1,10
10684,serum_essence,1,10
10685,serum_essence,0,0
10686,serum_essence,0,1
10687,serum_essence,1,10
10688,serum_essence,0,0
10689,serum_essence,0,0
10690,serum_essence,0,0
19525,face_wash,0,0
19530,face_wash,0,1
19531,face_wash,0,0
19532,face_wash,0,0
19534,face_wash,0,0
28225,cleansing,0,0
28226,cleansing,0,1
28227,cleansing,0,1
28228,cleansing,0,0
28229,cleansing,0,0
28230,cleansing,0,0
28231,cleansing,0,0
28232,cleansing,0,0
28234,cleansing,0,1
30416,toner_lotion,0,7
30417,toner_lotion,0,1
30418,toner_lotion,0,0
30419,toner_lotion,1,9
30420,toner_lotion,1,10
30421,toner_lotion,1,9
30422,toner_lotion,0,5
30423,toner_lotion,0,0
30424,toner_lotion,0,0
30425,toner_lotion,1,9
262,emulsion,0,0
6186,face_cream,0,1
6187,face_cream,0,0
6188,face_cream,0,0
6190,face_cream,0,0
6191,face_cream,0,0
6192,face_cream,0,0
6193,face_cream,0,0
6194,face_cream,0,0
6195,face_cream,0,2
10671,serum_essence,0,0
10672,serum_essence,0,0
10673,serum_essence,0,0
10674,serum_essence,0,0
10676,serum_essence,0,0
10677,serum_essence,0,0
10678,serum_essence,1,10
10679,serum_essence,0,2
10680,serum_essence,0,0
18842,face_wash,0,1
18843,face_wash,0,0
18844,face_wash,0,0
18845,face_wash,0,0
18847,face_wash,0,0
18848,face_wash,0,0
18849,face_wash,0,0
19515,face_wash,0,0
19516,face_wash,0,1
19517,face_wash,0,1
19518,face_wash,0,0
19519,face_wash,0,0
19520,face_wash,0,0
19521,face_wash,0,0
19524,face_wash,0,0
23535,cleansing,0,0
23536,cleansing,0,0
28549,toner_lotion,0,0
28550,toner_lotion,0,0
28551,toner_lotion,0,0
28552,toner_lotion,0,0
28553,toner_lotion,0,0
28554,toner_lotion,0,1
28555,toner_lotion,0,0
28556,toner_lotion,0,0
28557,toner_lotion,0,0
28558,toner_lotion,0,1
30878,eye_shadow,0,0
30879,eye_shadow,0,0
30880,eye_shadow,0,0
30881,eye_shadow,0,0
30883,eye_shadow,0,0
30884,eye_shadow,0,0
30885,eye_shadow,0,0
30887,eye_shadow,0,0
31221,eye_shadow,0,0
31222,eye_shadow,0,0
31223,eye_shadow,0,0
31224,eye_shadow,0,0
31225,eye_shadow,0,0
31226,eye_shadow,0,0
31227,eye_shadow,0,0
31228,eye_shadow,0,0
31230,eye_shadow,0,0
35951,lip_colour,0,0
35952,lip_colour,0,0
35953,lip_colour,0,0
35954,lip_colour,0,0
35955,lip_colour,0,0
35956,lip_colour,0,1
35957,lip_colour,0,0
35958,lip_colour,0,0
35959,lip_colour,0,0
35960,lip_colour,0,0
10661,serum_essence,0,0
10663,serum_essence,0,0
10665,serum_essence,0,0
10666,serum_essence,0,0
10667,serum_essence,0,0
10668,serum_essence,0,0
10669,serum_essence,0,0
10670,serum_essence,0,0
19210,face_wash,0,0
19211,face_wash,0,0
19212,face_wash,0,0
19214,face_wash,0,0
19215,face_wash,0,0
19216,face_wash,0,0
19217,face_wash,0,0
19218,face_wash,0,0
19219,face_wash,0,0
19505,face_wash,0,1
19506,face_wash,0,0
19507,face_wash,0,0
19509,face_wash,0,0
19510,face_wash,0,0
19512,face_wash,0,0
19513,face_wash,0,0
19514,face_wash,0,0
23527,cleansing,0,0
23528,cleansing,0,0
23530,cleansing,0,0
23532,cleansing,0,0
23533,cleansing,0,0
23534,cleansing,0,1
23986,cleansing,0,0
23987,cleansing,0,0
23988,cleansing,0,0
23989,cleansing,0,0
23990,cleansing,0,0
23991,cleansing,0,0
23992,cleansing,1,0
23993,cleansing,0,0
23994,cleansing,0,0
23995,cleansing,0,0
27790,cleansing,0,0
27791,cleansing,0,0
35931,lip_colour,0,0
35932,lip_colour,0,0
35933,lip_colour,0,0
35934,lip_colour,0,1
35935,lip_colour,0,0
35936,lip_colour,0,0
35937,lip_colour,0,0
35939,lip_colour,0,0
35940,lip_colour,0,0
35942,lip_colour,0,1
35943,lip_colour,0,0
35945,lip_colour,0,1
35946,lip_colour,0,0
35948,lip_colour,0,0
35949,lip_colour,0,0
6177,face_cream,0,0
6178,face_cream,0,0
6179,face_cream,0,1
6180,face_cream,0,0
6181,face_cream,0,1
6182,face_cream,0,1
6183,face_cream,0,0
6185,face_cream,0,0
9918,face_cream,0,0
9919,face_cream,1,10
9920,face_cream,0,1
9921,face_cream,0,0
9922,face_cream,0,0
9923,face_cream,0,0
9925,face_cream,0,1
9926,face_cream,0,0
9927,face_cream,0,0
10651,serum_essence,0,0
10652,serum_essence,0,1
10653,serum_essence,0,0
10654,serum_essence,0,0
10656,serum_essence,0,1
10657,serum_essence,0,0
10658,serum_essence,0,0
10659,serum_essence,0,0
10660,serum_essence,0,1
15448,sun_protection,0,0
15449,sun_protection,0,0
15451,sun_protection,0,1
15452,sun_protection,0,1
15453,sun_protection,0,0
19869,face_wash,0,0
19870,face_wash,0,0
19871,face_wash,0,0
19872,face_wash,0,1
19873,face_wash,0,0
19874,face_wash,0,0
19875,face_wash,0,0
19876,face_wash,0,0
19878,face_wash,0,1
19881,face_wash,0,0
19882,face_wash,0,0
19883,face_wash,0,0
19885,face_wash,0,1
27783,cleansing,0,0
27784,cleansing,0,0
27785,cleansing,0,0
27787,cleansing,0,1
27788,cleansing,0,0
28215,cleansing,0,0
28216,cleansing,0,0
28217,cleansing,0,1
28218,cleansing,0,0
28219,cleansing,0,0
28220,cleansing,0,0
28221,cleansing,0,0
28222,cleansing,0,0
28223,cleansing,0,0
28224,cleansing,0,0
28539,toner_lotion,0,0
28540,toner_lotion,0,6
28541,toner_lotion,0,0
28542,toner_lotion,0,0
28543,toner_lotion,0,1
28545,toner_lotion,0,1
28546,toner_lotion,0,1
28547,toner_lotion,0,0
28548,toner_lotion,0,0
28926,toner_lotion,0,0
28927,toner_lotion,0,2
28928,toner_lotion,0,0
28929,toner_lotion,0,0
28930,toner_lotion,0,0
28931,toner_lotion,0,0
28932,toner_lotion,0,0
28933,toner_lotion,0,0
28934,toner_lotion,0,1
28935,toner_lotion,0,0
30408,toner_lotion,0,0
30409,toner_lotion,0,0
30411,toner_lotion,1,10
30412,toner_lotion,1,8
30414,toner_lotion,0,0
30415,toner_lotion,1,8
31219,eye_shadow,0,0
31220,eye_shadow,0,1
6166,face_cream,0,0
6167,face_cream,0,0
6168,face_cream,0,2
6170,face_cream,0,0
6171,face_cream,0,0
6172,face_cream,0,0
6174,face_cream,0,1
6175,face_cream,0,0
10642,serum_essence,0,0
10643,serum_essence,1,1
10644,serum_essence,0,0
10645,serum_essence,0,0
10647,serum_essence,0,0
10648,serum_essence,0,0
10649,serum_essence,0,0
10650,serum_essence,1,3
15428,sun_protection,0,0
15429,sun_protection,0,0
15430,sun_protection,0,1
15431,sun_protection,0,2
15432,sun_protection,0,0
15433,sun_protection,0,0
15434,sun_protection,0,0
15435,sun_protection,0,1
15436,sun_protection,0,1
15437,sun_protection,0,0
15438,sun_protection,0,0
15439,sun_protection,0,1
15440,sun_protection,0,1
15441,sun_protection,0,0
15446,sun_protection,0,0
18834,face_wash,0,2
18835,face_wash,0,0
18836,face_wash,0,0
18837,face_wash,0,0
18838,face_wash,0,0
18839,face_wash,0,1
18840,face_wash,0,0
18841,face_wash,0,0
19866,face_wash,0,0
30406,toner_lotion,1,7
30407,toner_lotion,1,10
30874,eye_shadow,0,0
30875,eye_shadow,0,0
30876,eye_shadow,0,0
30877,eye_shadow,0,0
31211,eye_shadow,0,1
31212,eye_shadow,0,0
31213,eye_shadow,0,1
31214,eye_shadow,0,0
31216,eye_shadow,0,1
31217,eye_shadow,0,0
35921,lip_colour,0,1
35922,lip_colour,0,0
35923,lip_colour,0,0
35924,lip_colour,0,1
35925,lip_colour,0,0
35926,lip_colour,0,0
35928,lip_colour,0,0
251,emulsion,0,1
252,emulsion,0,0
253,emulsion,0,1
254,emulsion,0,0
256,emulsion,0,0
257,emulsion,0,1
258,emulsion,0,0
260,emulsion,0,0
10631,serum_essence,0,0
10632,serum_essence,0,0
10633,serum_essence,0,0
10634,serum_essence,0,0
10635,serum_essence,0,0
10636,serum_essence,0,0
10637,serum_essence,0,2
10638,serum_essence,0,0
10639,serum_essence,1,0
15420,sun_protection,0,0
15421,sun_protection,0,0
15422,sun_protection,0,8
15423,sun_protection,0,0
15424,sun_protection,0,0
15425,sun_protection,0,0
15426,sun_protection,0,2
15427,sun_protection,0,0
18832,face_wash,0,0
19496,face_wash,0,0
19497,face_wash,0,1
19498,face_wash,0,0
19499,face_wash,0,0
19501,face_wash,0,0
19502,face_wash,0,0
19503,face_wash,0,0
19504,face_wash,0,0
19862,face_wash,0,1
19863,face_wash,0,0
19864,face_wash,0,5
19865,face_wash,0,1
23976,cleansing,0,1
23977,cleansing,0,0
23978,cleansing,0,0
23979,cleansing,0,0
23980,cleansing,0,0
23981,cleansing,0,0
23983,cleansing,0,0
23984,cleansing,0,0
23985,cleansing,0,0
28529,toner_lotion,0,1
28530,toner_lotion,0,5
28531,toner_lotion,0,0
28532,toner_lotion,0,0
28533,toner_lotion,0,1
28534,toner_lotion,0,0
28536,toner_lotion,0,0
28537,toner_lotion,0,0
28917,toner_lotion,0,0
28918,toner_lotion,0,0
28919,toner_lotion,0,0
28920,toner_lotion,0,0
28921,toner_lotion,0,0
28922,toner_lotion,0,0
28923,toner_lotion,0,0
28924,toner_lotion,0,1
30872,eye_shadow,0,0
30873,eye_shadow,0,0
15408,sun_protection,0,0
15409,sun_protection,0,0
15410,sun_protection,0,0
15412,sun_protection,0,0
15413,sun_protection,0,0
15414,sun_protection,0,0
15415,sun_protection,0,0
15417,sun_protection,0,0
19857,face_wash,0,0
19858,face_wash,0,0
19859,face_wash,0,1
19860,face_wash,0,1
19861,face_wash,0,0
30868,eye_shadow,0,0
30869,eye_shadow,0,0
30870,eye_shadow,0,0
30871,eye_shadow,0,0
35911,lip_colour,0,0
35912,lip_colour,0,0
35913,lip_colour,0,0
35914,lip_colour,0,0
35915,lip_colour,0,0
35917,lip_colour,0,1
35918,lip_colour,0,0
35919,lip_colour,0,0
35920,lip_colour,0,0
6146,face_cream,0,10
6147,face_cream,1,6
6148,face_cream,1,7
6149,face_cream,1,5
6150,face_cream,1,10
6151,face_cream,1,9
6152,face_cream,1,9
6153,face_cream,0,0
6154,face_cream,0,0
6155,face_cream,1,10
6156,face_cream,1,8
6157,face_cream,0,0
6158,face_cream,0,0
6159,face_cream,0,0
6160,face_cream,0,0
6161,face_cream,0,0
6162,face_cream,1,0
6163,face_cream,0,3
6164,face_cream,1,10
10402,serum_essence,0,0
10403,serum_essence,0,0
10404,serum_essence,0,0
15388,sun_protection,0,1
15389,sun_protection,1,10
15390,sun_protection,1,8
15392,sun_protection,0,0
15393,sun_protection,0,0
15394,sun_protection,0,0
15396,sun_protection,0,2
15397,sun_protection,0,0
15398,sun_protection,0,0
15399,sun_protection,0,0
15400,sun_protection,0,0
15402,sun_protection,0,0
15403,sun_protection,0,0
15404,sun_protection,0,0
15405,sun_protection,0,1
15406,sun_protection,0,0
15407,sun_protection,0,0
19485,face_wash,0,2
19486,face_wash,0,0
19487,face_wash,0,0
19488,face_wash,0,0
19489,face_wash,0,0
19490,face_wash,0,1
19491,face_wash,0,0
19492,face_wash,0,0
19493,face_wash,0,1
19494,face_wash,0,0
19850,face_wash,0,2
19851,face_wash,0,0
19852,face_wash,0,0
19853,face_wash,0,0
19854,face_wash,0,0
19855,face_wash,0,0
23966,cleansing,0,0
23967,cleansing,0,0
23968,cleansing,0,0
23970,cleansing,0,0
23971,cleansing,0,0
23972,cleansing,0,0
23973,cleansing,0,0
23974,cleansing,0,1
23975,cleansing,0,0
28205,cleansing,0,0
28206,cleansing,0,0
28207,cleansing,0,0
28208,cleansing,0,1
28210,cleansing,0,0
28211,cleansing,0,0
28212,cleansing,0,0
28213,cleansing,0,0
28214,cleansing,0,1
28519,toner_lotion,0,1
28520,toner_lotion,0,0
28521,toner_lotion,0,0
28522,toner_lotion,0,0
28523,toner_lotion,0,0
28524,toner_lotion,0,0
28526,toner_lotion,0,1
28527,toner_lotion,0,0
31205,eye_shadow,0,1
31206,eye_shadow,0,0
31207,eye_shadow,0,1
31209,eye_shadow,0,0
31210,eye_shadow,0,0
35901,lip_colour,0,0
35902,lip_colour,0,0
35903,lip_colour,0,0
35904,lip_colour,0,0
35905,lip_colour,0,0
35906,lip_colour,0,0
35907,lip_colour,0,0
35908,lip_colour,0,0
35909,lip_colour,0,0
35910,lip_colour,0,0
6136,face_cream,1,9
6137,face_cream,0,0
6138,face_cream,1,10
6139,face_cream,0,8
6140,face_cream,0,0
6141,face_cream,0,0
6142,face_cream,0,0
6143,face_cream,0,0
6144,face_cream,0,0
6145,face_cream,0,0
6533,face_cream,0,0
6534,face_cream,0,1
6535,face_cream,0,0
6537,face_cream,0,0
6538,face_cream,0,0
6539,face_cream,0,0
6540,face_cream,0,5
9908,face_cream,0,0
9909,face_cream,0,1
9910,face_cream,0,0
9911,face_cream,0,0
9913,face_cream,0,0
9915,face_cream,0,0
9916,face_cream,0,0
10398,serum_essence,0,0
10399,serum_essence,0,0
10401,serum_essence,0,0
10621,serum_essence,0,0
10622,serum_essence,0,0
10623,serum_essence,0,0
10624,serum_essence,0,0
10625,serum_essence,0,0
10626,serum_essence,0,0
10627,serum_essence,0,1
10628,serum_essence,0,0
10629,serum_essence,0,0
10630,serum_essence,0,0
15378,sun_protection,0,1
15379,sun_protection,0,0
15381,sun_protection,0,1
15382,sun_protection,0,1
15383,sun_protection,0,0
15384,sun_protection,0,1
15385,sun_protection,0,0
15386,sun_protection,0,1
15387,sun_protection,0,0
19200,face_wash,0,0
19201,face_wash,0,0
19202,face_wash,0,0
19203,face_wash,0,0
19204,face_wash,0,1
19205,face_wash,0,2
19206,face_wash,0,0
19207,face_wash,1,5
19208,face_wash,0,0
19209,face_wash,1,7
19838,face_wash,0,0
19839,face_wash,0,0
19840,face_wash,0,0
19841,face_wash,1,0
19842,face_wash,0,0
19843,face_wash,0,0
19844,face_wash,0,0
19845,face_wash,0,0
19846,face_wash,0,0
19847,face_wash,0,0
23517,cleansing,0,0
23518,cleansing,0,0
23519,cleansing,0,0
23520,cleansing,0,0
23521,cleansing,0,0
23522,cleansing,0,0
23524,cleansing,0,0
23526,cleansing,0,0
30396,toner_lotion,1,10
30397,toner_lotion,1,5
30398,toner_lotion,1,9
30399,toner_lotion,1,10
30400,toner_lotion,0,0
30401,toner_lotion,1,9
30402,toner_lotion,0,0
30403,toner_lotion,1,9
30404,toner_lotion,1,7
30405,toner_lotion,0,0
30858,eye_shadow,0,0
30859,eye_shadow,0,0
30861,eye_shadow,0,0
30862,eye_shadow,0,2
30863,eye_shadow,0,1
30864,eye_shadow,0,0
30865,eye_shadow,0,0
30866,eye_shadow,0,2
30867,eye_shadow,0,0
31201,eye_shadow,0,0
31202,eye_shadow,0,0
31203,eye_shadow,0,0
6532,face_cream,0,0
10396,serum_essence,0,0
10397,serum_essence,0,0
15369,sun_protection,0,0
15370,sun_protection,0,0
15371,sun_protection,0,0
15372,sun_protection,0,0
15373,sun_protection,0,0
15374,sun_protection,0,0
15375,sun_protection,0,0
15376,sun_protection,0,1
18825,face_wash,0,0
18826,face_wash,0,0
18827,face_wash,0,0
18828,face_wash,0,0
18829,face_wash,0,0
18830,face_wash,0,0
18831,face_wash,0,0
19479,face_wash,0,0
19480,face_wash,0,0
19481,face_wash,0,0
19482,face_wash,0,0
19483,face_wash,0,0
19484,face_wash,0,0
19826,face_wash,0,0
19827,face_wash,1,0
19830,face_wash,0,0
19831,face_wash,0,0
19832,face_wash,0,0
19833,face_wash,0,0
19834,face_wash,0,0
19835,face_wash,0,0
19836,face_wash,0,0
19837,face_wash,0,1
35891,lip_colour,0,1
35892,lip_colour,0,0
35894,lip_colour,0,0
35895,lip_colour,0,0
35897,lip_colour,1,10
35898,lip_colour,0,0
35899,lip_colour,0,0
35900,lip_colour,0,0
6522,face_cream,0,0
6523,face_cream,0,0
6524,face_cream,0,0
6525,face_cream,0,0
6526,face_cream,0,0
6527,face_cream,0,0
6528,face_cream,0,1
6529,face_cream,0,0
6531,face_cream,0,0
10395,serum_essence,0,0
18822,face_wash,0,0
18823,face_wash,0,0
18824,face_wash,0,1
19475,face_wash,0,1
19476,face_wash,0,0
19477,face_wash,0,0
19478,face_wash,0,0
19825,face_wash,0,0
23958,cleansing,0,0
23959,cleansing,0,0
23960,cleansing,0,1
23961,cleansing,0,0
23962,cleansing,0,0
23963,cleansing,0,0
23964,cleansing,0,0
23965,cleansing,0,0
24379,cleansing,0,0
24380,cleansing,0,0
24381,cleansing,0,0
24382,cleansing,0,0
24383,cleansing,0,0
24384,cleansing,0,0
28195,cleansing,0,1
28196,cleansing,0,0
28197,cleansing,0,0
28198,cleansing,0,0
28199,cleansing,0,3
28201,cleansing,0,0
28202,cleansing,0,1
28203,cleansing,0,3
28204,cleansing,0,0
35881,lip_colour,0,0
35882,lip_colour,0,0
35883,lip_colour,0,0
35884,lip_colour,0,0
35885,lip_colour,0,0
35887,lip_colour,0,0
35888,lip_colour,0,0
35889,lip_colour,0,0
35890,lip_colour,0,0
241,emulsion,0,0
242,emulsion,0,1
243,emulsion,0,1
244,emulsion,0,0
245,emulsion,0,0
246,emulsion,0,0
247,emulsion,0,0
248,emulsion,0,0
249,emulsion,0,0
250,emulsion,0,0
6116,face_cream,1,10
6117,face_cream,0,0
6118,face_cream,0,0
6120,face_cream,1,10
6121,face_cream,0,2
6122,face_cream,0,2
6123,face_cream,0,0
6124,face_cream,0,2
6125,face_cream,0,0
6126,face_cream,0,0
6127,face_cream,0,0
6128,face_cream,0,0
6129,face_cream,0,1
6130,face_cream,0,0
6131,face_cream,1,10
6132,face_cream,0,0
6133,face_cream,0,0
6134,face_cream,1,10
6135,face_cream,1,10
6492,face_cream,0,0
6494,face_cream,0,0
6495,face_cream,0,8
6496,face_cream,0,0
6497,face_cream,0,0
6498,face_cream,0,0
6499,face_cream,0,0
6500,face_cream,0,3
6501,face_cream,0,0
6503,face_cream,0,0
6504,face_cream,0,0
6507,face_cream,0,0
6508,face_cream,0,0
6509,face_cream,0,0
6510,face_cream,0,0
6511,face_cream,0,0
6513,face_cream,0,0
6514,face_cream,0,0
6515,face_cream,0,0
6516,face_cream,0,0
6518,face_cream,0,2
6519,face_cream,0,1
6520,face_cream,0,0
6521,face_cream,0,0
10611,serum_essence,0,0
10612,serum_essence,0,1
10613,serum_essence,0,0
10614,serum_essence,0,0
10615,serum_essence,0,0
10616,serum_essence,0,0
10618,serum_essence,0,0
10619,serum_essence,1,0
10620,serum_essence,0,0
15358,sun_protection,0,0
15359,sun_protection,0,0
15360,sun_protection,0,6
15361,sun_protection,1,10
15362,sun_protection,0,0
15365,sun_protection,0,1
15366,sun_protection,0,0
19816,face_wash,0,0
19817,face_wash,0,0
19818,face_wash,0,0
19819,face_wash,0,0
19821,face_wash,0,0
19822,face_wash,0,1
19823,face_wash,0,2
19824,face_wash,0,0
23956,cleansing,0,0
24369,cleansing,0,0
24370,cleansing,0,0
24371,cleansing,0,0
24372,cleansing,0,0
24373,cleansing,0,0
24374,cleansing,0,0
24375,cleansing,0,0
24376,cleansing,0,0
24377,cleansing,0,0
27773,cleansing,0,0
27774,cleansing,0,0
27775,cleansing,0,0
27776,cleansing,0,1
27777,cleansing,0,0
27778,cleansing,0,0
27780,cleansing,0,0
28509,toner_lotion,0,0
28510,toner_lotion,0,0
28511,toner_lotion,0,0
28512,toner_lotion,0,0
28513,toner_lotion,0,0
28514,toner_lotion,0,0
28515,toner_lotion,0,1
28516,toner_lotion,0,0
28517,toner_lotion,0,0
28518,toner_lotion,0,0
30848,eye_shadow,0,0
30849,eye_shadow,0,0
30850,eye_shadow,0,0
30852,eye_shadow,0,0
30853,eye_shadow,0,0
30854,eye_shadow,0,0
30855,eye_shadow,0,0
30857,eye_shadow,0,0
31191,eye_shadow,0,0
31192,eye_shadow,0,0
31193,eye_shadow,0,0
31194,eye_shadow,0,1
31195,eye_shadow,0,1
31196,eye_shadow,0,0
31197,eye_shadow,0,0
31198,eye_shadow,0,0
31199,eye_shadow,0,1
31200,eye_shadow,0,0
6106,face_cream,1,10
6107,face_cream,1,10
6108,face_cream,1,10
6109,face_cream,1,10
6110,face_cream,0,0
6111,face_cream,1,8
6112,face_cream,0,0
6113,face_cream,1,0
6114,face_cream,0,0
6115,face_cream,0,0
6483,face_cream,1,10
6484,face_cream,0,0
6485,face_cream,0,0
6486,face_cream,0,1
6487,face_cream,0,1
6489,face_cream,0,0
6490,face_cream,0,1
6491,face_cream,0,0
19465,face_wash,0,0
19466,face_wash,1,0
19467,face_wash,0,0
19468,face_wash,0,0
19469,face_wash,0,0
19470,face_wash,0,0
19471,face_wash,0,1
19472,face_wash,0,0
19473,face_wash,0,0
19474,face_wash,0,0
19809,face_wash,0,0
19810,face_wash,0,0
19812,face_wash,0,0
19813,face_wash,0,0
19814,face_wash,0,0
24359,cleansing,0,0
24361,cleansing,0,0
24362,cleansing,0,0
24363,cleansing,0,1
24365,cleansing,0,0
24366,cleansing,0,0
24367,cleansing,0,0
24368,cleansing,0,0
30386,toner_lotion,0,0
30387,toner_lotion,0,0
30388,toner_lotion,1,1
30389,toner_lotion,0,0
30390,toner_lotion,0,0
30391,toner_lotion,1,7
30392,toner_lotion,1,3
30393,toner_lotion,0,0
30394,toner_lotion,1,0
30395,toner_lotion,0,1
35871,lip_colour,0,1
35872,lip_colour,0,0
35873,lip_colour,0,1
35874,lip_colour,0,0
35875,lip_colour,0,1
35876,lip_colour,0,0
35877,lip_colour,0,0
35878,lip_colour,0,0
35880,lip_colour,0,1
6096,face_cream,0,0
6097,face_cream,1,9
6098,face_cream,0,0
6099,face_cream,0,0
6100,face_cream,0,0
6101,face_cream,0,0
6102,face_cream,0,0
6103,face_cream,0,0
6105,face_cream,0,0
6462,face_cream,0,0
6463,face_cream,0,0
6464,face_cream,0,0
6466,face_cream,0,0
6467,face_cream,0,0
6468,face_cream,0,1
6469,face_cream,0,0
6470,face_cream,0,0
6471,face_cream,0,0
6472,face_cream,0,0
6473,face_cream,0,0
6475,face_cream,0,1
6476,face_cream,0,0
6477,face_cream,0,0
6478,face_cream,0,4
6479,face_cream,0,0
6481,face_cream,0,1
9898,face_cream,0,0
9899,face_cream,0,0
9901,face_cream,0,0
9902,face_cream,0,1
9903,face_cream,0,0
9904,face_cream,0,0
9905,face_cream,0,2
9906,face_cream,0,1
9907,face_cream,0,0
10601,serum_essence,0,0
10602,serum_essence,0,0
10605,serum_essence,0,0
10607,serum_essence,0,1
10608,serum_essence,0,0
10609,serum_essence,0,0
10610,serum_essence,0,0
18812,face_wash,0,1
18813,face_wash,0,0
18814,face_wash,0,0
18815,face_wash,0,0
18816,face_wash,0,0
18817,face_wash,0,1
18818,face_wash,0,0
18820,face_wash,0,1
18821,face_wash,0,1
19190,face_wash,0,0
19191,face_wash,0,2
19192,face_wash,1,9
19193,face_wash,0,0
19194,face_wash,1,7
19195,face_wash,1,6
19196,face_wash,1,10
19197,face_wash,0,0
19198,face_wash,1,8
19199,face_wash,1,8
19455,face_wash,0,0
19456,face_wash,0,0
19457,face_wash,0,0
19458,face_wash,0,0
19459,face_wash,0,1
19460,face_wash,0,1
19461,face_wash,0,2
19462,face_wash,0,0
19463,face_wash,0,0
19464,face_wash,0,1
19796,face_wash,0,0
19797,face_wash,0,1
19798,face_wash,0,0
19799,face_wash,0,0
19801,face_wash,0,1
19802,face_wash,0,0
19803,face_wash,0,0
19806,face_wash,0,0
19808,face_wash,0,1
23947,cleansing,0,0
23948,cleansing,0,0
23949,cleansing,0,0
23950,cleansing,0,0
23951,cleansing,0,0
23952,cleansing,0,0
23953,cleansing,0,0
23954,cleansing,0,1
23955,cleansing,0,0
24349,cleansing,0,0
24351,cleansing,0,0
24352,cleansing,0,0
24353,cleansing,0,0
24354,cleansing,0,0
24355,cleansing,0,0
24356,cleansing,0,0
28185,cleansing,0,0
28186,cleansing,0,1
28187,cleansing,0,0
28188,cleansing,0,1
28189,cleansing,0,1
28191,cleansing,0,0
28192,cleansing,0,1
28193,cleansing,0,1
28194,cleansing,0,0
28499,toner_lotion,0,1
28500,toner_lotion,0,0
28501,toner_lotion,0,0
28502,toner_lotion,0,0
28504,toner_lotion,0,0
28505,toner_lotion,0,0
28506,toner_lotion,0,0
28507,toner_lotion,0,0
28508,toner_lotion,0,1
30838,eye_shadow,0,0
30839,eye_shadow,0,1
30840,eye_shadow,0,1
30841,eye_shadow,0,0
30842,eye_shadow,0,0
30843,eye_shadow,0,0
30844,eye_shadow,0,0
30845,eye_shadow,0,0
30846,eye_shadow,0,0
35861,lip_colour,0,1
35862,lip_colour,0,0
35863,lip_colour,0,0
35864,lip_colour,0,0
35866,lip_colour,0,0
35867,lip_colour,0,1
35868,lip_colour,0,1
35869,lip_colour,0,0
35870,lip_colour,0,0
231,emulsion,0,0
232,emulsion,0,0
233,emulsion,0,0
235,emulsion,0,0
236,emulsion,0,1
237,emulsion,0,0
239,emulsion,0,0
240,emulsion,0,0
6452,face_cream,0,0
6453,face_cream,0,1
6454,face_cream,0,0
6455,face_cream,0,0
6458,face_cream,0,0
6459,face_cream,0,0
6460,face_cream,0,0
6461,face_cream,0,0
10591,serum_essence,0,1
10592,serum_essence,0,0
10593,serum_essence,0,0
10594,serum_essence,0,0
10595,serum_essence,0,1
10596,serum_essence,0,0
10597,serum_essence,0,0
10598,serum_essence,0,1
10599,serum_essence,0,0
10600,serum_essence,0,0
19786,face_wash,0,0
19787,face_wash,0,0
19788,face_wash,0,0
19790,face_wash,0,0
19792,face_wash,0,0
19793,face_wash,0,1
19794,face_wash,0,0
19795,face_wash,0,0
23507,cleansing,0,1
23508,cleansing,0,0
23509,cleansing,0,0
23512,cleansing,0,0
23513,cleansing,0,0
23514,cleansing,0,0
23516,cleansing,0,0
24339,cleansing,0,0
24340,cleansing,0,0
24341,cleansing,0,0
24342,cleansing,0,0
24343,cleansing,0,0
24344,cleansing,0,0
24345,cleansing,0,0
24346,cleansing,0,1
24347,cleansing,0,0
24348,cleansing,0,0
28906,toner_lotion,0,0
28908,toner_lotion,0,0
28910,toner_lotion,0,1
28911,toner_lotion,0,0
28912,toner_lotion,0,0
28913,toner_lotion,0,0
28915,toner_lotion,0,0
30835,eye_shadow,0,0
30836,eye_shadow,0,0
30837,eye_shadow,0,0
36307,lip_colour,0,0
36308,lip_colour,0,1
36309,lip_colour,0,0
36310,lip_colour,0,0
36311,lip_colour,0,0
36312,lip_colour,0,0
36313,lip_colour,0,0
36314,lip_colour,0,0
36315,lip_colour,0,0
36316,lip_colour,0,0
36317,lip_colour,0,0
36319,lip_colour,0,1
36320,lip_colour,1,0
6087,face_cream,0,0
6088,face_cream,0,0
6089,face_cream,0,1
6090,face_cream,0,0
6091,face_cream,1,10
6092,face_cream,0,0
6093,face_cream,0,0
6094,face_cream,0,0
6432,face_cream,0,0
6433,face_cream,0,0
6434,face_cream,0,0
6435,face_cream,0,0
6436,face_cream,0,0
6437,face_cream,0,0
6438,face_cream,0,0
6440,face_cream,0,0
6441,face_cream,0,0
6443,face_cream,0,0
6444,face_cream,0,0
6445,face_cream,0,1
6446,face_cream,0,0
6447,face_cream,0,0
6449,face_cream,0,0
6451,face_cream,0,0
15764,sun_protection,0,0
19180,face_wash,0,0
19181,face_wash,0,0
19182,face_wash,1,9
19184,face_wash,1,10
19185,face_wash,0,0
19186,face_wash,0,0
19187,face_wash,1,10
19188,face_wash,0,0
19189,face_wash,1,10
19445,face_wash,0,0
19446,face_wash,0,0
19447,face_wash,0,0
19448,face_wash,0,0
19449,face_wash,0,0
19450,face_wash,0,1
19451,face_wash,0,0
19452,face_wash,0,0
19453,face_wash,0,1
19454,face_wash,0,0
19778,face_wash,0,2
19779,face_wash,0,0
19780,face_wash,0,0
19781,face_wash,0,0
19783,face_wash,0,0
19784,face_wash,0,0
19785,face_wash,0,0
23936,cleansing,0,0
23937,cleansing,0,0
23938,cleansing,0,0
23939,cleansing,0,0
23940,cleansing,0,0
23941,cleansing,0,0
23942,cleansing,0,0
23944,cleansing,0,0
24329,cleansing,0,1
24330,cleansing,0,0
24331,cleansing,0,0
24332,cleansing,0,0
24334,cleansing,0,0
24335,cleansing,0,0
24336,cleansing,0,0
24337,cleansing,0,0
24338,cleansing,0,0
28175,cleansing,0,0
28176,cleansing,0,0
28177,cleansing,0,0
28178,cleansing,0,0
28179,cleansing,0,0
28180,cleansing,0,1
28181,cleansing,0,0
28183,cleansing,0,0
28184,cleansing,0,0
28896,toner_lotion,1,8
28897,toner_lotion,0,0
28899,toner_lotion,1,10
28900,toner_lotion,1,10
28901,toner_lotion,1,7
28902,toner_lotion,0,1
28903,toner_lotion,0,0
28904,toner_lotion,0,0
28905,toner_lotion,0,0
30376,toner_lotion,1,10
30377,toner_lotion,1,10
30378,toner_lotion,0,2
30379,toner_lotion,1,10
30380,toner_lotion,0,1
30381,toner_lotion,0,0
30382,toner_lotion,1,10
30383,toner_lotion,1,8
30384,toner_lotion,1,10
30385,toner_lotion,0,0
30828,eye_shadow,0,1
30829,eye_shadow,0,0
30830,eye_shadow,0,0
30831,eye_shadow,0,1
30832,eye_shadow,0,1
30833,eye_shadow,0,0
30834,eye_shadow,0,0
31181,eye_shadow,0,0
31182,eye_shadow,0,0
31183,eye_shadow,0,1
31184,eye_shadow,0,0
31186,eye_shadow,0,0
31187,eye_shadow,1,10
31188,eye_shadow,0,0
31189,eye_shadow,0,0
31190,eye_shadow,0,0
35851,lip_colour,0,0
35852,lip_colour,0,0
35853,lip_colour,0,0
35854,lip_colour,0,0
35855,lip_colour,0,0
35856,lip_colour,0,0
35857,lip_colour,0,0
35859,lip_colour,0,0
35860,lip_colour,0,0
36287,lip_colour,0,0
36288,lip_colour,0,1
36289,lip_colour,0,1
36290,lip_colour,0,0
36291,lip_colour,0,0
36293,lip_colour,0,0
36294,lip_colour,0,0
36295,lip_colour,0,0
36296,lip_colour,0,0
36298,lip_colour,0,0
36299,lip_colour,0,0
36300,lip_colour,0,0
36301,lip_colour,0,0
36302,lip_colour,0,0
36304,lip_colour,0,0
36305,lip_colour,0,0
36306,lip_colour,0,0
41114,foundation,0,3
41115,foundation,0,0
41116,foundation,0,0
41118,foundation,1,10
227,emulsion,0,0
228,emulsion,0,0
230,emulsion,0,0
6424,face_cream,0,0
6425,face_cream,0,0
6426,face_cream,0,0
6427,face_cream,0,0
6429,face_cream,0,1
6430,face_cream,0,0
6431,face_cream,0,1
10581,serum_essence,0,0
10582,serum_essence,0,1
10583,serum_essence,0,0
10584,serum_essence,0,0
10585,serum_essence,0,0
10587,serum_essence,0,1
10588,serum_essence,0,0
10589,serum_essence,0,1
10590,serum_essence,0,0
15754,sun_protection,0,0
15756,sun_protection,0,0
15757,sun_protection,0,0
15758,sun_protection,0,0
15759,sun_protection,0,0
15760,sun_protection,0,0
15761,sun_protection,0,0
15762,sun_protection,0,0
15763,sun_protection,0,0
18802,face_wash,0,0
18803,face_wash,0,0
18804,face_wash,0,0
18805,face_wash,0,0
18806,face_wash,0,0
18807,face_wash,0,0
18808,face_wash,0,0
18809,face_wash,0,0
18810,face_wash,0,0
18811,face_wash,0,1
24319,cleansing,0,0
24320,cleansing,0,0
24321,cleansing,0,0
24322,cleansing,0,0
24323,cleansing,0,0
24324,cleansing,0,0
24325,cleansing,0,0
24327,cleansing,0,0
24328,cleansing,0,1
28489,toner_lotion,0,0
28490,toner_lotion,0,0
28492,toner_lotion,0,0
28494,toner_lotion,0,0
28495,toner_lotion,0,0
28496,toner_lotion,0,0
28497,toner_lotion,0,0
28498,toner_lotion,0,0
28884,toner_lotion,0,0
28886,toner_lotion,1,10
28888,toner_lotion,0,1
28889,toner_lotion,0,0
28890,toner_lotion,0,2
28891,toner_lotion,0,0
28892,toner_lotion,0,0
28893,toner_lotion,0,0
28894,toner_lotion,0,0
28895,toner_lotion,0,0
30824,eye_shadow,0,0
30825,eye_shadow,0,0
30826,eye_shadow,0,1
30827,eye_shadow,0,0
35842,lip_colour,0,0
35845,lip_colour,0,0
35846,lip_colour,0,0
35847,lip_colour,0,0
35848,lip_colour,0,0
35850,lip_colour,0,0
36277,lip_colour,0,0
36278,lip_colour,0,2
36279,lip_colour,0,0
36280,lip_colour,0,0
36281,lip_colour,0,0
36282,lip_colour,0,0
36283,lip_colour,0,0
36284,lip_colour,0,0
36285,lip_colour,0,0
36286,lip_colour,0,1
41095,foundation,0,0
41096,foundation,0,0
41097,foundation,0,1
41098,foundation,0,0
41099,foundation,0,0
41100,foundation,0,0
41101,foundation,0,0
41102,foundation,0,0
41103,foundation,0,0
41104,foundation,1,8
41105,foundation,1,10
41106,foundation,1,10
41107,foundation,1,10
41108,foundation,0,2
41109,foundation,1,10
41110,foundation,1,9
41111,foundation,0,0
41112,foundation,1,10
41113,foundation,1,10
221,emulsion,0,1
222,emulsion,0,0
223,emulsion,0,0
224,emulsion,0,0
225,emulsion,0,0
226,emulsion,0,0
6077,face_cream,0,0
6078,face_cream,0,0
6079,face_cream,0,0
6080,face_cream,0,0
6081,face_cream,0,0
6082,face_cream,0,0
6083,face_cream,0,0
6084,face_cream,0,0
6085,face_cream,0,0
6404,face_cream,0,0
6405,face_cream,0,0
6406,face_cream,0,0
6407,face_cream,0,0
6408,face_cream,0,0
6409,face_cream,0,0
6411,face_cream,0,2
6412,face_cream,0,0
6413,face_cream,0,0
6414,face_cream,0,0
6415,face_cream,0,0
6416,face_cream,0,0
6417,face_cream,0,0
6418,face_cream,0,0
6419,face_cream,0,0
6420,face_cream,0,0
6421,face_cream,0,0
9888,face_cream,1,10
9889,face_cream,0,0
9890,face_cream,0,0
9891,face_cream,0,0
9892,face_cream,0,1
9894,face_cream,0,1
9896,face_cream,0,0
9897,face_cream,0,0
15339,sun_protection,0,0
15340,sun_protection,1,2
15341,sun_protection,0,1
15343,sun_protection,0,0
15344,sun_protection,0,0
15345,sun_protection,1,5
15346,sun_protection,0,0
15347,sun_protection,0,0
15349,sun_protection,0,1
15350,sun_protection,0,0
15351,sun_protection,0,0
15352,sun_protection,0,1
15356,sun_protection,0,1
15357,sun_protection,0,2
15744,sun_protection,0,0
15745,sun_protection,0,0
15747,sun_protection,0,1
15748,sun_protection,0,0
15749,sun_protection,0,0
15750,sun_protection,0,1
15751,sun_protection,0,0
15752,sun_protection,1,0
19170,face_wash,0,0
19171,face_wash,0,2
19172,face_wash,0,0
19174,face_wash,1,0
19175,face_wash,1,7
19177,face_wash,0,9
19766,face_wash,0,1
19767,face_wash,0,0
19768,face_wash,0,0
19769,face_wash,0,0
19770,face_wash,0,1
19771,face_wash,0,0
19772,face_wash,0,0
19773,face_wash,0,0
19774,face_wash,0,0
19775,face_wash,0,0
23926,cleansing,0,0
23928,cleansing,0,0
23929,cleansing,0,0
23930,cleansing,0,0
23931,cleansing,0,0
23932,cleansing,0,0
23933,cleansing,0,0
23934,cleansing,0,0
23935,cleansing,0,0
24317,cleansing,0,0
24318,cleansing,0,0
24701,cleansing,0,0
24702,cleansing,0,1
28876,toner_lotion,0,0
28877,toner_lotion,0,1
28878,toner_lotion,0,1
28879,toner_lotion,0,0
28880,toner_lotion,0,1
28881,toner_lotion,0,0
28882,toner_lotion,0,0
28883,toner_lotion,0,0
30819,eye_shadow,0,0
30820,eye_shadow,0,0
30821,eye_shadow,0,1
30822,eye_shadow,0,1
30823,eye_shadow,0,0
36257,lip_colour,0,0
36259,lip_colour,0,0
36260,lip_colour,0,0
36261,lip_colour,0,0
36262,lip_colour,0,0
36263,lip_colour,0,0
36264,lip_colour,0,0
36265,lip_colour,0,0
36266,lip_colour,0,0
36267,lip_colour,0,0
36268,lip_colour,0,0
36269,lip_colour,0,0
36270,lip_colour,0,1
36271,lip_colour,0,0
36273,lip_colour,0,1
36274,lip_colour,0,1
36275,lip_colour,0,0
36276,lip_colour,0,1
41084,foundation,0,0
41085,foundation,0,0
41088,foundation,0,1
41090,foundation,0,0
41091,foundation,0,0
41092,foundation,1,10
41093,foundation,0,0
41094,foundation,1,10
6402,face_cream,0,0
6403,face_cream,0,0
10571,serum_essence,0,1
10572,serum_essence,0,1
10573,serum_essence,0,0
10574,serum_essence,0,1
10575,serum_essence,0,0
10576,serum_essence,0,0
10577,serum_essence,0,1
10579,serum_essence,0,0
10580,serum_essence,0,1
15329,sun_protection,0,1
15330,sun_protection,0,1
15331,sun_protection,0,0
15332,sun_protection,0,0
15333,sun_protection,0,0
15334,sun_protection,0,0
15335,sun_protection,0,0
15337,sun_protection,0,0
15735,sun_protection,0,0
15736,sun_protection,0,0
15737,sun_protection,0,0
15738,sun_protection,0,0
15739,sun_protection,0,0
15740,sun_protection,0,0
15741,sun_protection,0,0
15742,sun_protection,0,0
15743,sun_protection,0,0
19435,face_wash,0,0
19436,face_wash,0,0
19440,face_wash,0,0
19441,face_wash,0,2
19442,face_wash,0,0
19443,face_wash,0,0
19444,face_wash,0,0
19756,face_wash,0,0
19757,face_wash,0,0
19759,face_wash,0,0
19761,face_wash,0,0
19763,face_wash,0,0
19764,face_wash,0,0
19765,face_wash,0,0
24309,cleansing,0,1
24310,cleansing,0,0
24311,cleansing,0,0
24312,cleansing,0,1
24313,cleansing,0,0
24315,cleansing,0,0
24316,cleansing,0,0
24685,cleansing,0,0
24686,cleansing,0,1
24687,cleansing,0,0
24688,cleansing,0,0
24689,cleansing,0,0
24690,cleansing,0,0
24691,cleansing,0,0
24692,cleansing,0,0
24693,cleansing,0,0
24694,cleansing,0,0
24695,cleansing,0,0
24696,cleansing,0,0
24698,cleansing,0,0
24699,cleansing,0,0
24700,cleansing,0,0
27762,cleansing,0,0
27763,cleansing,0,0
27764,cleansing,0,0
27765,cleansing,0,0
27766,cleansing,0,0
27767,cleansing,0,0
27768,cleansing,0,0
27769,cleansing,0,0
27770,cleansing,0,0
27771,cleansing,0,1
28165,cleansing,0,0
28166,cleansing,0,0
28167,cleansing,0,0
28169,cleansing,0,0
28170,cleansing,0,0
28171,cleansing,0,0
28172,cleansing,0,0
28173,cleansing,0,2
35831,lip_colour,0,0
35832,lip_colour,0,0
35833,lip_colour,0,0
35835,lip_colour,0,0
35837,lip_colour,0,0
35838,lip_colour,0,0
35840,lip_colour,0,0
36247,lip_colour,0,0
36248,lip_colour,0,0
36249,lip_colour,0,0
36250,lip_colour,0,0
36251,lip_colour,0,0
36252,lip_colour,0,0
36253,lip_colour,0,0
36254,lip_colour,0,0
36255,lip_colour,0,1
36256,lip_colour,0,1
41074,foundation,0,0
41075,foundation,1,9
41076,foundation,0,0
41078,foundation,0,0
41079,foundation,0,0
41080,foundation,1,10
41081,foundation,0,0
41082,foundation,0,0
41083,foundation,0,0
6393,face_cream,0,0
6394,face_cream,0,0
6395,face_cream,0,1
6396,face_cream,0,0
6398,face_cream,0,1
6399,face_cream,0,0
6401,face_cream,0,0
15318,sun_protection,0,0
15319,sun_protection,0,0
15320,sun_protection,0,0
15321,sun_protection,0,1
15322,sun_protection,0,0
15323,sun_protection,0,0
15324,sun_protection,0,0
15325,sun_protection,0,0
15327,sun_protection,0,0
15714,sun_protection,0,1
15715,sun_protection,0,0
15716,sun_protection,0,0
15717,sun_protection,0,0
15719,sun_protection,0,1
15720,sun_protection,0,0
15722,sun_protection,0,1
15724,sun_protection,0,0
15725,sun_protection,0,0
15726,sun_protection,0,0
15727,sun_protection,0,1
15728,sun_protection,0,0
15729,sun_protection,0,0
15730,sun_protection,0,0
15731,sun_protection,0,1
15732,sun_protection,0,2
15733,sun_protection,0,0
18792,face_wash,0,0
18793,face_wash,0,0
18794,face_wash,0,0
18795,face_wash,0,0
18798,face_wash,0,0
18800,face_wash,0,0
19425,face_wash,0,0
19426,face_wash,0,0
19427,face_wash,0,0
19428,face_wash,0,0
19429,face_wash,0,0
19430,face_wash,0,0
19431,face_wash,0,1
19432,face_wash,0,0
19433,face_wash,0,0
19434,face_wash,0,0
19746,face_wash,0,0
19747,face_wash,0,1
19749,face_wash,0,0
19750,face_wash,0,0
19751,face_wash,0,0
19752,face_wash,0,1
19753,face_wash,0,0
19755,face_wash,0,0
23497,cleansing,0,1
23498,cleansing,0,0
23500,cleansing,0,0
23501,cleansing,0,0
23502,cleansing,0,1
23503,cleansing,0,0
23504,cleansing,0,0
23505,cleansing,0,0
23506,cleansing,0,0
24299,cleansing,0,0
24301,cleansing,0,0
24302,cleansing,0,0
24304,cleansing,0,0
24305,cleansing,0,0
24306,cleansing,0,0
24307,cleansing,0,0
24308,cleansing,0,0
24665,cleansing,0,0
24666,cleansing,0,0
24667,cleansing,0,0
24668,cleansing,0,0
24669,cleansing,0,0
24670,cleansing,0,0
24671,cleansing,0,0
24672,cleansing,0,0
24673,cleansing,0,0
24674,cleansing,0,0
24675,cleansing,0,0
24676,cleansing,1,10
24677,cleansing,0,0
24678,cleansing,0,0
24679,cleansing,1,7
24680,cleansing,0,0
24682,cleansing,0,0
24683,cleansing,0,0
24684,cleansing,0,0
28479,toner_lotion,0,0
28480,toner_lotion,0,0
28482,toner_lotion,0,0
28483,toner_lotion,0,0
28484,toner_lotion,0,0
28485,toner_lotion,0,0
28487,toner_lotion,0,0
28488,toner_lotion,0,1
28866,toner_lotion,1,9
28867,toner_lotion,0,0
28868,toner_lotion,0,0
28869,toner_lotion,0,1
28872,toner_lotion,0,0
28873,toner_lotion,0,0
28874,toner_lotion,0,0
28875,toner_lotion,0,0
30808,eye_shadow,0,0
30809,eye_shadow,0,0
30810,eye_shadow,0,0
30811,eye_shadow,0,1
30812,eye_shadow,0,0
30813,eye_shadow,0,0
30814,eye_shadow,0,0
30815,eye_shadow,0,0
30816,eye_shadow,0,0
30817,eye_shadow,0,0
31577,eye_shadow,0,0
35821,lip_colour,0,0
35822,lip_colour,0,2
35823,lip_colour,0,0
35824,lip_colour,0,0
35825,lip_colour,0,0
35826,lip_colour,0,0
35827,lip_colour,0,0
35828,lip_colour,0,0
35830,lip_colour,0,1
36237,lip_colour,1,0
36238,lip_colour,0,0
36239,lip_colour,0,0
36242,lip_colour,0,0
36243,lip_colour,1,1
36244,lip_colour,0,1
36245,lip_colour,0,0
36246,lip_colour,0,0
41064,foundation,0,0
41065,foundation,0,0
41066,foundation,0,0
41067,foundation,0,0
41068,foundation,0,0
41069,foundation,0,0
41070,foundation,0,0
41071,foundation,0,0
41072,foundation,0,0
41073,foundation,0,0
6382,face_cream,0,0
6383,face_cream,0,0
6384,face_cream,0,0
6385,face_cream,0,0
6386,face_cream,0,0
6387,face_cream,0,1
6388,face_cream,0,1
6389,face_cream,0,0
6391,face_cream,0,0
10561,serum_essence,0,0
10562,serum_essence,0,0
10563,serum_essence,0,0
10564,serum_essence,0,3
10565,serum_essence,0,0
10567,serum_essence,0,1
10568,serum_essence,0,0
10569,serum_essence,0,0
10570,serum_essence,0,0
15308,sun_protection,0,0
15309,sun_protection,0,1
15310,sun_protection,0,1
15311,sun_protection,0,0
15312,sun_protection,0,0
15314,sun_protection,0,1
15315,sun_protection,0,0
15316,sun_protection,0,0
15317,sun_protection,0,0
15704,sun_protection,0,0
15705,sun_protection,0,0
15706,sun_protection,0,0
15707,sun_protection,0,0
15708,sun_protection,0,0
15709,sun_protection,0,0
15710,sun_protection,0,0
15711,sun_protection,0,0
15712,sun_protection,0,0
15713,sun_protection,0,0
23916,cleansing,0,1
23919,cleansing,0,0
23920,cleansing,0,0
23921,cleansing,0,0
23922,cleansing,0,0
23923,cleansing,0,0
23924,cleansing,0,0
23925,cleansing,0,0
28155,cleansing,0,0
28156,cleansing,0,0
28157,cleansing,0,0
28158,cleansing,0,0
28159,cleansing,0,0
28160,cleansing,0,0
28161,cleansing,0,0
28162,cleansing,0,0
28163,cleansing,0,1
28164,cleansing,0,1
31171,eye_shadow,0,0
31172,eye_shadow,0,0
31173,eye_shadow,0,2
31174,eye_shadow,0,0
31175,eye_shadow,0,0
31176,eye_shadow,0,0
31177,eye_shadow,0,0
31178,eye_shadow,0,0
31180,eye_shadow,0,1
31549,eye_shadow,0,0
31551,eye_shadow,0,0
31552,eye_shadow,0,0
31553,eye_shadow,0,0
31555,eye_shadow,0,0
31556,eye_shadow,0,0
31557,eye_shadow,0,0
31559,eye_shadow,0,0
31560,eye_shadow,0,2
31561,eye_shadow,0,0
31562,eye_shadow,0,1
31563,eye_shadow,0,0
31564,eye_shadow,0,0
31565,eye_shadow,0,0
31567,eye_shadow,0,0
31568,eye_shadow,0,0
31570,eye_shadow,0,2
31571,eye_shadow,0,0
31572,eye_shadow,0,0
31573,eye_shadow,0,0
31574,eye_shadow,0,0
31575,eye_shadow,0,0
31576,eye_shadow,0,0
36227,lip_colour,0,0
36228,lip_colour,0,0
36229,lip_colour,0,0
36232,lip_colour,0,1
36233,lip_colour,0,0
36234,lip_colour,0,0
36236,lip_colour,0,1
41054,foundation,0,0
41055,foundation,0,0
41056,foundation,0,0
41057,foundation,0,1
41058,foundation,0,1
41059,foundation,0,0
41060,foundation,0,1
41062,foundation,0,0
41063,foundation,0,0
211,emulsion,0,1
212,emulsion,0,0
213,emulsion,0,0
214,emulsion,0,0
215,emulsion,0,0
216,emulsion,0,0
217,emulsion,0,1
218,emulsion,0,0
219,emulsion,0,1
6066,face_cream,0,0
6067,face_cream,0,1
6068,face_cream,0,0
6069,face_cream,0,0
6070,face_cream,0,0
6071,face_cream,0,0
6072,face_cream,0,0
6073,face_cream,0,0
6074,face_cream,0,0
6075,face_cream,0,0
11035,serum_essence,0,0
15694,sun_protection,0,0
15695,sun_protection,0,0
15696,sun_protection,0,0
15698,sun_protection,0,0
15699,sun_protection,0,0
15700,sun_protection,0,0
15701,sun_protection,0,0
15702,sun_protection,0,0
15703,sun_protection,0,0
19161,face_wash,0,0
19162,face_wash,0,7
19163,face_wash,0,0
19164,face_wash,0,0
19165,face_wash,0,0
19166,face_wash,1,7
19167,face_wash,1,9
19168,face_wash,1,8
19169,face_wash,0,1
19736,face_wash,0,0
19737,face_wash,0,0
19738,face_wash,0,0
19739,face_wash,0,1
19740,face_wash,0,0
19741,face_wash,0,0
19742,face_wash,0,0
19743,face_wash,0,0
19744,face_wash,0,0
19745,face_wash,0,0
24289,cleansing,0,0
24290,cleansing,0,0
24291,cleansing,0,0
24292,cleansing,0,0
24293,cleansing,0,0
24294,cleansing,0,0
24295,cleansing,0,0
24296,cleansing,0,0
24297,cleansing,0,0
24298,cleansing,0,0
24655,cleansing,0,0
24656,cleansing,0,0
24657,cleansing,0,0
24658,cleansing,0,0
24659,cleansing,0,0
24660,cleansing,0,0
24661,cleansing,0,1
24662,cleansing,0,0
24663,cleansing,0,0
24664,cleansing,0,0
25013,cleansing,0,0
30798,eye_shadow,0,0
30799,eye_shadow,0,0
30800,eye_shadow,0,0
30802,eye_shadow,0,0
30803,eye_shadow,0,0
30805,eye_shadow,0,0
30806,eye_shadow,0,0
30807,eye_shadow,0,0
31519,eye_shadow,0,1
31520,eye_shadow,0,0
31521,eye_shadow,0,0
31522,eye_shadow,1,10
31523,eye_shadow,0,0
31525,eye_shadow,0,0
31526,eye_shadow,1,10
31527,eye_shadow,0,0
31529,eye_shadow,0,0
31530,eye_shadow,0,1
31531,eye_shadow,0,0
31532,eye_shadow,0,0
31533,eye_shadow,0,0
31535,eye_shadow,0,0
31536,eye_shadow,0,0
31537,eye_shadow,0,0
31538,eye_shadow,0,0
31539,eye_shadow,0,0
31540,eye_shadow,0,0
31541,eye_shadow,0,0
31542,eye_shadow,0,0
31543,eye_shadow,0,0
31544,eye_shadow,0,0
31545,eye_shadow,0,0
31546,eye_shadow,0,0
31547,eye_shadow,0,0
31900,eye_shadow,0,0
31901,eye_shadow,0,0
31902,eye_shadow,0,1
31904,eye_shadow,0,0
31905,eye_shadow,0,1
31906,eye_shadow,0,0
31907,eye_shadow,0,0
31908,eye_shadow,0,1
31909,eye_shadow,0,0
31910,eye_shadow,0,0
31911,eye_shadow,0,0
31912,eye_shadow,0,0
31913,eye_shadow,0,0
35812,lip_colour,0,0
35813,lip_colour,0,0
35815,lip_colour,0,0
35816,lip_colour,0,0
35818,lip_colour,0,0
35820,lip_colour,0,0
41047,foundation,0,0
41048,foundation,0,0
41049,foundation,0,0
41050,foundation,0,0
41051,foundation,0,0
41052,foundation,0,1
41053,foundation,0,0
41430,foundation,0,0
41431,foundation,1,7
41432,foundation,0,0
41433,foundation,0,0
41434,foundation,1,9
41435,foundation,0,1
41436,foundation,0,0
6374,face_cream,0,0
6375,face_cream,0,1
6378,face_cream,0,0
6379,face_cream,0,0
6380,face_cream,0,1
15298,sun_protection,0,0
15299,sun_protection,0,0
15300,sun_protection,0,0
15301,sun_protection,0,0
15302,sun_protection,0,0
15303,sun_protection,0,0
15305,sun_protection,0,0
15306,sun_protection,0,0
15307,sun_protection,1,10
15684,sun_protection,0,0
15685,sun_protection,0,0
15686,sun_protection,0,1
15687,sun_protection,0,0
15688,sun_protection,0,0
15689,sun_protection,0,0
15690,sun_protection,0,0
15691,sun_protection,0,0
15692,sun_protection,0,0
15693,sun_protection,0,1
18782,face_wash,0,0
18783,face_wash,0,1
18785,face_wash,0,0
18786,face_wash,0,0
18787,face_wash,0,0
18788,face_wash,0,0
18789,face_wash,0,1
18790,face_wash,0,1
18791,face_wash,0,0
19150,face_wash,0,0
19151,face_wash,0,5
19152,face_wash,1,5
19153,face_wash,0,9
19154,face_wash,0,0
19155,face_wash,0,0
19156,face_wash,0,0
19157,face_wash,0,0
19158,face_wash,1,10
19159,face_wash,0,0
19415,face_wash,0,0
19416,face_wash,0,0
19417,face_wash,0,0
19418,face_wash,0,1
19419,face_wash,0,0
19421,face_wash,0,0
19423,face_wash,0,1
24998,cleansing,0,0
24999,cleansing,0,0
25000,cleansing,0,0
25001,cleansing,1,9
25002,cleansing,0,0
25003,cleansing,0,0
25004,cleansing,0,0
25005,cleansing,0,1
25006,cleansing,0,1
25007,cleansing,0,0
25008,cleansing,1,10
25009,cleansing,1,10
25011,cleansing,0,0
25012,cleansing,0,0
25325,cleansing,0,0
25326,cleansing,0,0
30366,toner_lotion,0,0
30367,toner_lotion,1,10
30368,toner_lotion,0,1
30369,toner_lotion,0,0
30370,toner_lotion,0,0
30371,toner_lotion,0,0
30372,toner_lotion,0,0
30373,toner_lotion,1,10
30375,toner_lotion,0,1
31499,eye_shadow,0,3
31500,eye_shadow,0,0
31501,eye_shadow,0,1
31502,eye_shadow,0,0
31503,eye_shadow,0,1
31504,eye_shadow,0,0
31505,eye_shadow,0,0
31506,eye_shadow,0,7
31507,eye_shadow,0,0
31508,eye_shadow,0,0
31509,eye_shadow,0,0
31510,eye_shadow,1,10
31511,eye_shadow,0,0
31513,eye_shadow,0,0
31514,eye_shadow,0,0
31515,eye_shadow,0,0
31516,eye_shadow,1,10
31517,eye_shadow,0,1
31518,eye_shadow,0,0
31898,eye_shadow,0,0
31899,eye_shadow,1,0
35801,lip_colour,0,0
35802,lip_colour,0,0
35803,lip_colour,0,0
35804,lip_colour,0,0
35805,lip_colour,0,0
35806,lip_colour,0,0
35807,lip_colour,0,0
35808,lip_colour,0,0
35809,lip_colour,0,0
35810,lip_colour,0,0
36218,lip_colour,0,0
36219,lip_colour,0,0
36220,lip_colour,0,1
36221,lip_colour,0,0
36222,lip_colour,0,1
36223,lip_colour,0,0
36225,lip_colour,0,1
36226,lip_colour,0,0
41044,foundation,0,0
41045,foundation,0,0
41046,foundation,0,1
41420,foundation,0,0
41423,foundation,0,1
41424,foundation,0,0
41425,foundation,0,0
41426,foundation,0,0
41428,foundation,0,0
201,emulsion,0,0
202,emulsion,0,1
203,emulsion,0,1
204,emulsion,0,0
205,emulsion,0,1
206,emulsion,0,0
207,emulsion,0,0
208,emulsion,0,0
209,emulsion,0,1
210,emulsion,0,0
9878,face_cream,0,0
9879,face_cream,0,0
9880,face_cream,0,0
9881,face_cream,0,0
9882,face_cream,0,0
9883,face_cream,0,0
9884,face_cream,0,0
9885,face_cream,0,0
9886,face_cream,0,1
9887,face_cream,0,0
10558,serum_essence,0,1
10559,serum_essence,0,1
10560,serum_essence,0,0
10996,serum_essence,0,0
10999,serum_essence,1,10
11000,serum_essence,1,9
11001,serum_essence,0,0
11002,serum_essence,0,0
11005,serum_essence,0,1
11006,serum_essence,1,10
11007,serum_essence,1,10
11008,serum_essence,0,0
11009,serum_essence,0,0
11010,serum_essence,1,10
11011,serum_essence,1,10
11012,serum_essence,1,10
11013,serum_essence,0,0
11014,serum_essence,1,10
11015,serum_essence,1,10
11016,serum_essence,0,0
11017,serum_essence,1,10
11018,serum_essence,1,10
11019,serum_essence,1,8
11020,serum_essence,0,7
11021,serum_essence,1,4
11023,serum_essence,0,0
11025,serum_essence,0,4
11026,serum_essence,1,7
11027,serum_essence,0,1
11028,serum_essence,1,0
11029,serum_essence,1,8
11030,serum_essence,1,10
11031,serum_essence,0,0
11032,serum_essence,1,10
11033,serum_essence,1,2
11352,serum_essence,0,0
11353,serum_essence,0,0
11354,serum_essence,0,0
11355,serum_essence,0,0
15674,sun_protection,0,0
15675,sun_protection,0,0
15676,sun_protection,0,0
15677,sun_protection,0,2
15678,sun_protection,0,0
15679,sun_protection,0,1
15680,sun_protection,0,0
15681,sun_protection,0,0
15682,sun_protection,0,0
15683,sun_protection,0,0
19726,face_wash,0,0
19729,face_wash,0,1
19730,face_wash,0,0
19731,face_wash,0,0
19732,face_wash,0,0
19733,face_wash,0,1
19734,face_wash,0,1
19735,face_wash,0,3
23907,cleansing,0,0
23908,cleansing,0,0
23909,cleansing,0,0
23910,cleansing,0,0
23911,cleansing,0,0
23912,cleansing,0,0
23913,cleansing,0,1
23914,cleansing,0,0
23915,cleansing,0,0
24279,cleansing,0,0
24280,cleansing,0,0
24281,cleansing,0,0
24282,cleansing,0,0
24283,cleansing,0,0
24285,cleansing,0,0
24288,cleansing,0,0
24645,cleansing,0,0
24646,cleansing,0,0
24649,cleansing,0,0
24650,cleansing,0,1
24651,cleansing,0,0
24652,cleansing,0,0
24653,cleansing,0,0
24983,cleansing,0,5
24984,cleansing,0,0
24986,cleansing,0,0
24987,cleansing,0,0
24988,cleansing,0,1
24989,cleansing,1,9
24990,cleansing,0,0
24991,cleansing,0,2
24992,cleansing,0,0
24993,cleansing,0,0
24994,cleansing,0,0
24995,cleansing,0,0
24996,cleansing,0,0
24997,cleansing,0,0
25314,cleansing,1,10
25316,cleansing,0,0
25317,cleansing,0,0
25318,cleansing,1,10
25319,cleansing,1,7
25320,cleansing,0,0
25321,cleansing,0,0
25322,cleansing,0,0
25323,cleansing,0,0
28145,cleansing,0,2
28146,cleansing,0,0
28147,cleansing,0,0
28148,cleansing,0,1
28149,cleansing,0,0
28150,cleansing,0,0
28151,cleansing,0,0
28152,cleansing,0,0
28153,cleansing,0,1
28472,toner_lotion,0,0
28473,toner_lotion,0,0
28474,toner_lotion,0,0
28475,toner_lotion,1,9
28476,toner_lotion,0,0
28477,toner_lotion,0,0
28478,toner_lotion,0,0
31479,eye_shadow,0,0
31480,eye_shadow,0,0
31481,eye_shadow,0,0
31482,eye_shadow,0,1
31483,eye_shadow,0,0
31484,eye_shadow,0,0
31485,eye_shadow,0,1
31486,eye_shadow,0,0
31487,eye_shadow,0,0
31488,eye_shadow,0,0
31489,eye_shadow,0,0
31490,eye_shadow,0,0
31492,eye_shadow,1,10
31493,eye_shadow,1,10
31494,eye_shadow,0,0
31495,eye_shadow,0,1
31496,eye_shadow,1,10
31497,eye_shadow,0,0
31498,eye_shadow,0,1
31888,eye_shadow,0,1
31889,eye_shadow,0,0
31890,eye_shadow,0,0
31891,eye_shadow,0,0
31892,eye_shadow,0,0
31893,eye_shadow,0,2
31896,eye_shadow,0,0
31897,eye_shadow,0,0
36208,lip_colour,0,0
36209,lip_colour,0,0
36210,lip_colour,0,0
36211,lip_colour,0,0
36212,lip_colour,0,0
36213,lip_colour,0,0
36214,lip_colour,0,0
36215,lip_colour,0,0
36216,lip_colour,0,0
41034,foundation,0,0
41035,foundation,0,0
41036,foundation,0,0
41039,foundation,0,0
41040,foundation,0,0
41041,foundation,0,0
41042,foundation,0,0
41043,foundation,0,0
41399,foundation,0,0
41400,foundation,0,8
41401,foundation,0,0
41402,foundation,0,0
41403,foundation,1,10
41404,foundation,0,1
41405,foundation,1,10
41407,foundation,0,0
41408,foundation,0,0
41409,foundation,0,0
41411,foundation,1,10
41412,foundation,0,0
41414,foundation,0,0
41415,foundation,1,8
41416,foundation,0,0
41417,foundation,1,10
41418,foundation,0,2
6362,face_cream,0,1
6363,face_cream,0,0
6364,face_cream,0,0
6365,face_cream,0,1
6366,face_cream,0,0
6367,face_cream,0,0
6368,face_cream,0,0
6369,face_cream,0,0
6370,face_cream,0,0
6371,face_cream,0,0
10385,serum_essence,0,0
10386,serum_essence,0,0
10387,serum_essence,0,0
10388,serum_essence,0,0
10389,serum_essence,0,0
10390,serum_essence,0,0
10391,serum_essence,0,0
10392,serum_essence,0,1
10393,serum_essence,0,0
10394,serum_essence,0,0
10554,serum_essence,0,0
10556,serum_essence,0,0
10557,serum_essence,0,2
10965,serum_essence,1,8
10966,serum_essence,0,0
10967,serum_essence,1,9
10968,serum_essence,0,0
10969,serum_essence,1,7
10970,serum_essence,1,10
10971,serum_essence,1,10
10972,serum_essence,1,8
10973,serum_essence,1,10
10974,serum_essence,1,10
10975,serum_essence,0,1
10976,serum_essence,0,0
10977,serum_essence,0,1
10979,serum_essence,0,0
10980,serum_essence,0,0
10981,serum_essence,0,0
10982,serum_essence,0,0
10983,serum_essence,1,10
10984,serum_essence,0,0
10985,serum_essence,0,0
10986,serum_essence,0,1
10988,serum_essence,0,3
10989,serum_essence,1,1
10990,serum_essence,0,0
10991,serum_essence,0,1
10992,serum_essence,0,2
10993,serum_essence,1,6
10994,serum_essence,0,0
11337,serum_essence,0,0
11338,serum_essence,0,1
11339,serum_essence,0,1
11341,serum_essence,0,0
11342,serum_essence,1,10
11343,serum_essence,1,10
11344,serum_essence,0,5
11345,serum_essence,1,10
11346,serum_essence,1,10
11347,serum_essence,1,10
11348,serum_essence,1,10
11349,serum_essence,0,1
11350,serum_essence,1,10
19140,face_wash,1,10
19141,face_wash,0,0
19142,face_wash,0,0
19143,face_wash,0,0
19144,face_wash,1,8
19145,face_wash,0,1
19146,face_wash,0,1
19147,face_wash,0,0
19148,face_wash,0,9
19149,face_wash,0,0
19405,face_wash,0,0
19406,face_wash,0,0
19407,face_wash,0,0
19408,face_wash,0,0
19409,face_wash,0,1
19410,face_wash,0,0
19411,face_wash,0,1
19412,face_wash,0,0
19413,face_wash,0,0
19414,face_wash,0,2
30788,eye_shadow,0,1
30790,eye_shadow,0,0
30791,eye_shadow,0,0
30792,eye_shadow,0,0
30793,eye_shadow,0,0
30794,eye_shadow,0,0
30795,eye_shadow,0,0
30796,eye_shadow,0,0
30797,eye_shadow,0,0
31469,eye_shadow,0,1
31470,eye_shadow,0,0
31471,eye_shadow,0,0
31472,eye_shadow,0,2
31473,eye_shadow,0,0
31474,eye_shadow,0,0
31475,eye_shadow,0,0
31476,eye_shadow,0,0
31477,eye_shadow,0,1
31478,eye_shadow,0,0
31878,eye_shadow,0,0
31879,eye_shadow,0,0
31880,eye_shadow,0,0
31881,eye_shadow,0,0
31883,eye_shadow,0,0
31884,eye_shadow,0,0
31885,eye_shadow,0,0
31886,eye_shadow,0,0
35792,lip_colour,0,0
35793,lip_colour,0,0
35794,lip_colour,0,0
35796,lip_colour,0,0
35797,lip_colour,0,1
35799,lip_colour,0,0
35800,lip_colour,0,0
36633,lip_colour,0,0
41389,foundation,0,1
41390,foundation,0,0
41391,foundation,1,10
41392,foundation,0,0
41393,foundation,0,0
41394,foundation,0,0
41395,foundation,0,0
41396,foundation,0,0
41397,foundation,0,0
41398,foundation,0,0
41757,foundation,0,0
41758,foundation,0,9
41759,foundation,0,0
191,emulsion,0,0
192,emulsion,0,0
194,emulsion,0,0
196,emulsion,0,1
197,emulsion,0,0
198,emulsion,0,0
199,emulsion,0,0
200,emulsion,0,0
5884,face_cream,0,0
5885,face_cream,0,0
5886,face_cream,0,7
5887,face_cream,0,1
5889,face_cream,0,0
5890,face_cream,0,0
5891,face_cream,0,0
5892,face_cream,1,0
6056,face_cream,0,0
6057,face_cream,0,0
6058,face_cream,0,0
6059,face_cream,0,0
6060,face_cream,0,2
6061,face_cream,0,0
6062,face_cream,0,0
6063,face_cream,0,0
6064,face_cream,0,0
6065,face_cream,0,0
6352,face_cream,0,1
6354,face_cream,0,0
6355,face_cream,0,0
6356,face_cream,0,0
6357,face_cream,0,0
6359,face_cream,0,0
6360,face_cream,0,0
6361,face_cream,0,1
6856,face_cream,0,0
10541,serum_essence,0,1
10542,serum_essence,0,0
10543,serum_essence,0,0
10544,serum_essence,0,0
10545,serum_essence,0,0
10546,serum_essence,0,0
10547,serum_essence,0,1
10549,serum_essence,1,9
10550,serum_essence,0,1
10945,serum_essence,0,0
10946,serum_essence,1,8
10947,serum_essence,0,1
10949,serum_essence,1,10
10950,serum_essence,0,1
10951,serum_essence,0,0
10954,serum_essence,0,0
10955,serum_essence,0,0
10956,serum_essence,1,10
10957,serum_essence,1,7
10958,serum_essence,0,0
10959,serum_essence,0,0
10960,serum_essence,0,0
10961,serum_essence,0,0
10962,serum_essence,0,1
10963,serum_essence,0,1
10964,serum_essence,1,10
11306,serum_essence,0,0
11307,serum_essence,0,0
11309,serum_essence,0,0
11310,serum_essence,0,0
11311,serum_essence,0,1
11312,serum_essence,0,2
11314,serum_essence,1,10
11315,serum_essence,0,0
11316,serum_essence,1,9
11317,serum_essence,0,1
11318,serum_essence,1,10
11319,serum_essence,0,0
11320,serum_essence,1,8
11321,serum_essence,0,6
11322,serum_essence,0,1
11323,serum_essence,0,0
11324,serum_essence,1,10
11325,serum_essence,1,10
11326,serum_essence,0,0
11327,serum_essence,1,7
11328,serum_essence,1,10
11329,serum_essence,1,0
11330,serum_essence,0,1
11331,serum_essence,0,0
11332,serum_essence,1,7
11333,serum_essence,0,1
11334,serum_essence,0,1
11335,serum_essence,0,0
15656,sun_protection,0,1
15657,sun_protection,0,0
15658,sun_protection,0,0
15659,sun_protection,0,0
15660,sun_protection,0,0
15661,sun_protection,0,0
15663,sun_protection,0,0
15664,sun_protection,0,0
15666,sun_protection,0,0
15667,sun_protection,0,1
15668,sun_protection,0,0
15669,sun_protection,0,1
15670,sun_protection,0,0
15671,sun_protection,0,1
15672,sun_protection,0,0
15673,sun_protection,0,1
18762,face_wash,0,0
18763,face_wash,0,0
18764,face_wash,0,0
18766,face_wash,0,0
18767,face_wash,0,0
18768,face_wash,0,0
18770,face_wash,0,0
18771,face_wash,0,0
18773,face_wash,0,0
18774,face_wash,0,0
18775,face_wash,0,0
18776,face_wash,0,0
18777,face_wash,0,0
18778,face_wash,0,0
18780,face_wash,0,0
19395,face_wash,0,0
19396,face_wash,0,1
19397,face_wash,0,0
19401,face_wash,0,0
19402,face_wash,0,0
19403,face_wash,0,0
19404,face_wash,0,0
19716,face_wash,0,1
19718,face_wash,0,0
19719,face_wash,0,1
19720,face_wash,0,0
19721,face_wash,0,1
19722,face_wash,0,0
19723,face_wash,0,0
19724,face_wash,0,0
19725,face_wash,0,0
23489,cleansing,0,0
23491,cleansing,0,0
23492,cleansing,0,0
23494,cleansing,0,0
23495,cleansing,0,0
23897,cleansing,0,0
23898,cleansing,0,0
23899,cleansing,0,0
23900,cleansing,0,0
23901,cleansing,0,0
23902,cleansing,0,1
23903,cleansing,0,0
23904,cleansing,0,1
23905,cleansing,0,0
24266,cleansing,0,0
24268,cleansing,0,0
24269,cleansing,0,0
24270,cleansing,0,0
24272,cleansing,0,1
24273,cleansing,0,0
24274,cleansing,0,1
24275,cleansing,0,0
24276,cleansing,0,0
24277,cleansing,0,0
24278,cleansing,0,0
24635,cleansing,0,0
24636,cleansing,0,0
24637,cleansing,0,0
24638,cleansing,0,0
24639,cleansing,0,0
24640,cleansing,0,0
24641,cleansing,0,0
24642,cleansing,0,0
24643,cleansing,0,0
24644,cleansing,0,0
24953,cleansing,0,0
24954,cleansing,0,0
24955,cleansing,0,0
24957,cleansing,0,0
24958,cleansing,0,1
24959,cleansing,0,0
24960,cleansing,0,0
24961,cleansing,0,0
24962,cleansing,0,0
24963,cleansing,0,1
24964,cleansing,0,0
24965,cleansing,0,1
24967,cleansing,0,0
24968,cleansing,0,0
24969,cleansing,0,0
24970,cleansing,0,1
24972,cleansing,0,0
24973,cleansing,0,0
24974,cleansing,0,0
24975,cleansing,0,0
24977,cleansing,0,0
24978,cleansing,0,0
24979,cleansing,0,0
24980,cleansing,0,0
24981,cleansing,0,1
24982,cleansing,0,0
25294,cleansing,0,0
25295,cleansing,0,0
25296,cleansing,0,0
25297,cleansing,0,0
25298,cleansing,0,0
25299,cleansing,0,0
25300,cleansing,0,0
25301,cleansing,0,0
25302,cleansing,1,10
25306,cleansing,0,0
25307,cleansing,0,0
25308,cleansing,0,0
25309,cleansing,0,0
25310,cleansing,0,2
25311,cleansing,0,0
25312,cleansing,0,1
25313,cleansing,0,0
28135,cleansing,0,0
28136,cleansing,0,1
28137,cleansing,0,1
28138,cleansing,0,0
28139,cleansing,0,0
28140,cleansing,0,0
28141,cleansing,0,0
28142,cleansing,0,1
28143,cleansing,0,0
28459,toner_lotion,0,0
28460,toner_lotion,0,0
28461,toner_lotion,0,0
28462,toner_lotion,0,0
28463,toner_lotion,0,0
28464,toner_lotion,0,0
28465,toner_lotion,0,0
28466,toner_lotion,0,1
28468,toner_lotion,0,0
28856,toner_lotion,0,0
28857,toner_lotion,0,0
28858,toner_lotion,0,0
28859,toner_lotion,0,0
28860,toner_lotion,0,0
28861,toner_lotion,0,1
28862,toner_lotion,0,0
28863,toner_lotion,0,0
28864,toner_lotion,0,0
28865,toner_lotion,0,0
31161,eye_shadow,0,0
31162,eye_shadow,0,1
31163,eye_shadow,0,0
31164,eye_shadow,0,0
31165,eye_shadow,0,0
31166,eye_shadow,0,0
31167,eye_shadow,0,0
31168,eye_shadow,0,0
31169,eye_shadow,0,0
31170,eye_shadow,0,0
31449,eye_shadow,0,0
31450,eye_shadow,0,1
31451,eye_shadow,0,1
31452,eye_shadow,0,0
31453,eye_shadow,1,0
31455,eye_shadow,0,1
31456,eye_shadow,0,1
31457,eye_shadow,0,1
31459,eye_shadow,0,1
31460,eye_shadow,0,0
31461,eye_shadow,0,0
31462,eye_shadow,0,0
31463,eye_shadow,0,0
31464,eye_shadow,0,0
31465,eye_shadow,0,0
31466,eye_shadow,0,0
31467,eye_shadow,0,0
31468,eye_shadow,0,0
31862,eye_shadow,0,0
31864,eye_shadow,0,0
31865,eye_shadow,0,0
31866,eye_shadow,0,0
31869,eye_shadow,0,1
31870,eye_shadow,0,0
31871,eye_shadow,0,1
31872,eye_shadow,0,2
31873,eye_shadow,0,0
31875,eye_shadow,0,0
31876,eye_shadow,0,0
31877,eye_shadow,1,0
36177,lip_colour,0,0
36178,lip_colour,1,9
36179,lip_colour,0,0
36180,lip_colour,0,0
36181,lip_colour,0,0
36182,lip_colour,1,1
36183,lip_colour,0,0
36184,lip_colour,0,0
36185,lip_colour,1,0
36186,lip_colour,1,1
36188,lip_colour,0,0
36189,lip_colour,1,2
36191,lip_colour,0,0
36192,lip_colour,0,0
36193,lip_colour,0,1
36194,lip_colour,0,0
36195,lip_colour,0,0
36196,lip_colour,0,0
36197,lip_colour,0,2
36198,lip_colour,0,0
36200,lip_colour,0,1
36201,lip_colour,0,0
36202,lip_colour,0,0
36203,lip_colour,0,0
36204,lip_colour,0,0
36205,lip_colour,0,1
36206,lip_colour,0,0
36631,lip_colour,0,0
36632,lip_colour,0,0
36973,lip_colour,1,10
41017,foundation,0,1
41018,foundation,0,1
41020,foundation,0,1
41021,foundation,0,0
41022,foundation,0,0
41023,foundation,0,1
41024,foundation,0,0
41025,foundation,0,2
41027,foundation,0,0
41028,foundation,0,0
41029,foundation,0,0
41030,foundation,0,0
41031,foundation,0,0
41033,foundation,0,0
41369,foundation,0,0
41370,foundation,0,0
41371,foundation,0,0
41372,foundation,0,0
41373,foundation,0,0
41374,foundation,0,0
41375,foundation,0,0
41376,foundation,0,1
41377,foundation,0,1
41378,foundation,0,0
41379,foundation,0,0
41380,foundation,0,1
41381,foundation,0,2
41382,foundation,0,0
41383,foundation,0,1
41384,foundation,0,1
41385,foundation,0,0
41387,foundation,0,0
182,emulsion,0,0
183,emulsion,0,0
184,emulsion,0,1
186,emulsion,0,0
188,emulsion,0,0
638,emulsion,0,0
6831,face_cream,1,10
6832,face_cream,1,10
6833,face_cream,0,0
6834,face_cream,1,10
6835,face_cream,0,0
6836,face_cream,1,10
6837,face_cream,0,0
6838,face_cream,1,7
6839,face_cream,0,0
6840,face_cream,1,10
6841,face_cream,1,0
6842,face_cream,1,10
6843,face_cream,1,10
6844,face_cream,0,0
6845,face_cream,1,10
6846,face_cream,0,1
6847,face_cream,0,7
6848,face_cream,0,5
6849,face_cream,1,9
6850,face_cream,1,10
6852,face_cream,0,1
6853,face_cream,0,5
6854,face_cream,0,0
9868,face_cream,0,0
9869,face_cream,0,0
9870,face_cream,0,0
9871,face_cream,0,0
9872,face_cream,0,0
9873,face_cream,0,0
9874,face_cream,0,0
9875,face_cream,0,1
9876,face_cream,0,0
10906,serum_essence,0,0
10907,serum_essence,0,0
10908,serum_essence,0,0
10909,serum_essence,0,0
10910,serum_essence,0,0
10911,serum_essence,0,0
10912,serum_essence,0,0
10913,serum_essence,1,10
10914,serum_essence,0,1
10915,serum_essence,0,0
10916,serum_essence,0,1
10917,serum_essence,0,1
10918,serum_essence,0,0
10919,serum_essence,0,0
10920,serum_essence,0,0
10921,serum_essence,0,0
10922,serum_essence,0,0
10923,serum_essence,0,2
10924,serum_essence,0,2
10926,serum_essence,0,0
10927,serum_essence,0,0
10928,serum_essence,0,0
10929,serum_essence,0,0
10932,serum_essence,0,0
10933,serum_essence,0,1
10934,serum_essence,0,0
10935,serum_essence,0,1
10936,serum_essence,0,0
10937,serum_essence,0,1
10938,serum_essence,0,0
10939,serum_essence,0,0
10940,serum_essence,0,0
10941,serum_essence,0,0
10942,serum_essence,0,0
10943,serum_essence,0,0
10944,serum_essence,0,0
11286,serum_essence,0,0
11287,serum_essence,0,0
11289,serum_essence,0,0
11290,serum_essence,0,0
11291,serum_essence,0,0
11292,serum_essence,0,0
11293,serum_essence,0,0
11295,serum_essence,0,0
11296,serum_essence,0,0
11297,serum_essence,0,0
11298,serum_essence,0,1
11299,serum_essence,0,0
11300,serum_essence,0,1
11301,serum_essence,0,0
11302,serum_essence,0,0
11303,serum_essence,0,0
11304,serum_essence,0,0
11305,serum_essence,0,0
15648,sun_protection,0,0
15650,sun_protection,0,0
15651,sun_protection,0,0
15652,sun_protection,0,0
15653,sun_protection,0,0
19130,face_wash,0,0
19131,face_wash,0,0
19133,face_wash,0,0
19134,face_wash,0,0
19135,face_wash,0,0
19136,face_wash,0,0
19137,face_wash,0,0
19138,face_wash,1,9
19139,face_wash,0,0
23886,cleansing,0,0
23887,cleansing,0,0
23888,cleansing,0,0
23890,cleansing,0,0
23891,cleansing,0,0
23892,cleansing,0,0
23893,cleansing,1,7
23894,cleansing,1,7
24260,cleansing,0,0
24262,cleansing,0,0
24264,cleansing,0,0
25284,cleansing,0,0
25285,cleansing,0,0
25286,cleansing,0,0
25287,cleansing,0,0
25288,cleansing,0,0
25289,cleansing,1,10
25290,cleansing,0,0
25291,cleansing,0,0
25292,cleansing,0,0
25293,cleansing,0,0
27752,cleansing,0,0
27753,cleansing,0,0
27754,cleansing,0,0
27755,cleansing,0,0
27756,cleansing,0,0
27757,cleansing,0,0
27758,cleansing,0,0
27759,cleansing,0,0
27760,cleansing,0,0
27761,cleansing,0,0
30778,eye_shadow,0,1
30780,eye_shadow,0,0
30781,eye_shadow,0,0
30782,eye_shadow,0,0
30783,eye_shadow,0,0
30784,eye_shadow,0,0
30785,eye_shadow,0,2
30786,eye_shadow,0,0
30787,eye_shadow,0,0
31151,eye_shadow,0,0
31152,eye_shadow,1,0
31153,eye_shadow,0,0
31154,eye_shadow,0,0
31155,eye_shadow,0,1
31156,eye_shadow,0,1
31157,eye_shadow,1,10
31158,eye_shadow,0,0
31159,eye_shadow,0,0
31160,eye_shadow,0,0
31439,eye_shadow,0,1
31440,eye_shadow,0,2
31442,eye_shadow,0,0
31443,eye_shadow,0,1
31444,eye_shadow,0,0
31445,eye_shadow,0,0
31447,eye_shadow,0,0
31448,eye_shadow,0,0
31848,eye_shadow,0,0
31849,eye_shadow,0,0
31851,eye_shadow,0,1
31852,eye_shadow,0,0
31853,eye_shadow,0,0
31854,eye_shadow,0,0
31855,eye_shadow,0,0
31857,eye_shadow,0,0
31858,eye_shadow,0,0
31859,eye_shadow,0,0
31860,eye_shadow,0,0
31861,eye_shadow,0,0
32234,eye_shadow,0,0
32235,eye_shadow,0,0
32236,eye_shadow,0,0
35781,lip_colour,0,1
35782,lip_colour,0,0
35783,lip_colour,0,0
35784,lip_colour,0,0
35785,lip_colour,0,0
35786,lip_colour,0,1
35787,lip_colour,0,0
35788,lip_colour,0,0
35789,lip_colour,0,0
35790,lip_colour,0,0
36167,lip_colour,0,0
36168,lip_colour,0,0
36169,lip_colour,0,0
36170,lip_colour,0,0
36171,lip_colour,0,0
36172,lip_colour,0,0
36173,lip_colour,0,0
36174,lip_colour,0,0
36175,lip_colour,0,0
36176,lip_colour,0,0
36611,lip_colour,0,0
36612,lip_colour,0,0
36613,lip_colour,0,0
36614,lip_colour,0,0
36615,lip_colour,0,0
36616,lip_colour,0,0
36617,lip_colour,0,0
36619,lip_colour,0,0
36620,lip_colour,0,0
36621,lip_colour,0,0
36622,lip_colour,0,0
36623,lip_colour,0,0
36624,lip_colour,0,0
36625,lip_colour,0,2
36628,lip_colour,0,0
36629,lip_colour,0,0
36630,lip_colour,0,1
36964,lip_colour,0,0
36965,lip_colour,0,0
36966,lip_colour,0,0
36967,lip_colour,0,0
36968,lip_colour,0,0
36969,lip_colour,0,0
36970,lip_colour,0,0
36971,lip_colour,0,0
41005,foundation,0,0
41006,foundation,0,0
41007,foundation,0,0
41008,foundation,0,2
41010,foundation,0,0
41011,foundation,0,0
41012,foundation,0,0
41013,foundation,0,0
41014,foundation,0,0
41359,foundation,0,0
41360,foundation,0,1
41363,foundation,0,1
41364,foundation,0,1
41365,foundation,0,0
41367,foundation,0,0
41368,foundation,0,0
41747,foundation,1,1
41748,foundation,0,0
41749,foundation,1,10
41750,foundation,0,0
41751,foundation,1,10
41752,foundation,0,0
41753,foundation,0,0
41754,foundation,0,0
41755,foundation,0,3
41756,foundation,0,0
628,emulsion,1,8
629,emulsion,0,1
630,emulsion,0,0
631,emulsion,0,0
633,emulsion,0,1
634,emulsion,1,10
635,emulsion,0,0
636,emulsion,1,4
637,emulsion,1,9
5864,face_cream,0,0
5865,face_cream,0,0
5866,face_cream,1,9
5867,face_cream,0,0
5868,face_cream,0,0
5869,face_cream,0,0
5870,face_cream,0,1
5871,face_cream,0,0
5872,face_cream,0,0
5874,face_cream,0,0
5875,face_cream,0,0
5878,face_cream,0,0
5880,face_cream,0,0
5881,face_cream,0,0
5883,face_cream,1,0
6046,face_cream,0,0
6047,face_cream,0,1
6048,face_cream,0,0
6049,face_cream,0,0
6051,face_cream,0,0
6052,face_cream,0,0
6053,face_cream,0,1
6054,face_cream,0,0
6055,face_cream,0,0
6342,face_cream,0,0
6343,face_cream,0,0
6344,face_cream,0,0
6345,face_cream,0,0
6346,face_cream,0,0
6347,face_cream,0,0
6348,face_cream,0,0
6349,face_cream,0,0
6350,face_cream,0,0
6351,face_cream,0,0
6801,face_cream,1,10
6803,face_cream,0,0
6804,face_cream,0,0
6805,face_cream,0,0
6807,face_cream,0,0
6808,face_cream,0,1
6809,face_cream,0,1
6810,face_cream,0,1
6811,face_cream,0,0
6812,face_cream,0,2
6813,face_cream,0,0
6814,face_cream,0,0
6815,face_cream,0,0
6816,face_cream,0,0
6817,face_cream,0,0
6818,face_cream,0,0
6819,face_cream,0,1
6820,face_cream,0,0
6821,face_cream,0,0
6822,face_cream,0,0
6823,face_cream,1,10
6825,face_cream,1,10
6826,face_cream,1,3
6827,face_cream,1,10
6828,face_cream,1,10
6829,face_cream,0,0
6830,face_cream,0,0
7166,face_cream,0,0
7167,face_cream,0,0
7168,face_cream,0,0
7169,face_cream,0,0
10376,serum_essence,0,0
10377,serum_essence,0,1
10378,serum_essence,0,1
10379,serum_essence,0,0
10380,serum_essence,0,0
10381,serum_essence,0,0
10382,serum_essence,0,0
10383,serum_essence,0,0
10531,serum_essence,0,0
10532,serum_essence,0,0
10533,serum_essence,0,0
10534,serum_essence,0,0
10535,serum_essence,0,0
10536,serum_essence,0,0
10537,serum_essence,0,1
10539,serum_essence,0,1
10540,serum_essence,0,1
10895,serum_essence,0,6
10896,serum_essence,0,0
10897,serum_essence,0,0
10898,serum_essence,0,6
10899,serum_essence,0,0
10900,serum_essence,0,1
10901,serum_essence,0,0
10902,serum_essence,0,0
10903,serum_essence,1,10
10904,serum_essence,0,1
10905,serum_essence,0,0
11270,serum_essence,1,10
11272,serum_essence,1,10
11273,serum_essence,0,0
11274,serum_essence,0,0
11276,serum_essence,0,1
11277,serum_essence,0,0
11278,serum_essence,0,0
11279,serum_essence,0,0
11280,serum_essence,1,7
11281,serum_essence,0,0
11282,serum_essence,0,0
11283,serum_essence,0,0
11284,serum_essence,0,0
11285,serum_essence,0,0
15288,sun_protection,0,0
15289,sun_protection,0,0
15292,sun_protection,0,1
15293,sun_protection,0,0
15294,sun_protection,0,0
15295,sun_protection,0,0
15296,sun_protection,0,0
15297,sun_protection,0,0
15634,sun_protection,0,0
15635,sun_protection,0,0
15637,sun_protection,0,0
15638,sun_protection,0,0
15639,sun_protection,0,0
15640,sun_protection,0,0
15641,sun_protection,0,0
15643,sun_protection,0,0
15644,sun_protection,0,1
15645,sun_protection,0,1
15647,sun_protection,0,0
18752,face_wash,0,0
18753,face_wash,0,0
18755,face_wash,0,0
18756,face_wash,0,0
18758,face_wash,0,1
18759,face_wash,0,0
18761,face_wash,0,0
19714,face_wash,0,0
19715,face_wash,0,0
24250,cleansing,0,0
24251,cleansing,0,0
24252,cleansing,0,0
24253,cleansing,0,0
24255,cleansing,0,0
24257,cleansing,0,0
24258,cleansing,0,0
24626,cleansing,0,0
24628,cleansing,0,0
24629,cleansing,0,0
24630,cleansing,0,0
24631,cleansing,0,0
24632,cleansing,0,0
24633,cleansing,0,0
24634,cleansing,0,1
24943,cleansing,1,10
24944,cleansing,0,1
24945,cleansing,0,7
24946,cleansing,1,4
24947,cleansing,1,9
24948,cleansing,0,0
24949,cleansing,0,0
24950,cleansing,0,2
24951,cleansing,1,10
24952,cleansing,0,0
25264,cleansing,1,1
25265,cleansing,0,0
25266,cleansing,0,0
25267,cleansing,0,0
25268,cleansing,1,5
25269,cleansing,0,0
25270,cleansing,0,0
25271,cleansing,0,0
25272,cleansing,0,0
25273,cleansing,0,0
25274,cleansing,0,0
25275,cleansing,0,0
25276,cleansing,0,0
25277,cleansing,0,0
25278,cleansing,0,0
25279,cleansing,0,0
25281,cleansing,0,0
25282,cleansing,0,0
25283,cleansing,0,0
28126,cleansing,0,0
28127,cleansing,0,0
28128,cleansing,0,1
28129,cleansing,0,0
28130,cleansing,0,0
28131,cleansing,0,0
28132,cleansing,0,0
28133,cleansing,0,7
28134,cleansing,0,0
28456,toner_lotion,0,0
28457,toner_lotion,0,0
28458,toner_lotion,0,0
28836,toner_lotion,1,10
28837,toner_lotion,0,0
28838,toner_lotion,0,0
28840,toner_lotion,0,0
28841,toner_lotion,0,0
28842,toner_lotion,0,1
28843,toner_lotion,1,10
28844,toner_lotion,0,0
28845,toner_lotion,0,0
28846,toner_lotion,1,10
28847,toner_lotion,1,7
28848,toner_lotion,1,0
28849,toner_lotion,0,0
28850,toner_lotion,1,8
28851,toner_lotion,1,0
28852,toner_lotion,0,0
28853,toner_lotion,0,0
28854,toner_lotion,1,10
28855,toner_lotion,1,7
29261,toner_lotion,0,0
29262,toner_lotion,0,0
29263,toner_lotion,0,1
29264,toner_lotion,0,0
29265,toner_lotion,0,0
29266,toner_lotion,0,0
29268,toner_lotion,0,0
29269,toner_lotion,0,0
29270,toner_lotion,0,0
29271,toner_lotion,0,0
29274,toner_lotion,0,1
29275,toner_lotion,0,0
29276,toner_lotion,0,0
29277,toner_lotion,0,0
29278,toner_lotion,0,0
30768,eye_shadow,0,0
30769,eye_shadow,0,0
30770,eye_shadow,0,0
30771,eye_shadow,0,0
30772,eye_shadow,0,0
30773,eye_shadow,0,0
30774,eye_shadow,0,0
30775,eye_shadow,1,0
30776,eye_shadow,0,0
30777,eye_shadow,0,0
31429,eye_shadow,0,0
31430,eye_shadow,0,0
31431,eye_shadow,0,0
31432,eye_shadow,0,0
31434,eye_shadow,0,0
31436,eye_shadow,0,0
31437,eye_shadow,0,0
31438,eye_shadow,0,0
31833,eye_shadow,0,0
31834,eye_shadow,0,0
31836,eye_shadow,0,0
31837,eye_shadow,0,0
31838,eye_shadow,0,0
31840,eye_shadow,0,0
31841,eye_shadow,0,0
31842,eye_shadow,0,0
31843,eye_shadow,0,1
31844,eye_shadow,0,0
31845,eye_shadow,0,1
32214,eye_shadow,0,0
32215,eye_shadow,0,0
32216,eye_shadow,0,0
32217,eye_shadow,0,0
32218,eye_shadow,0,0
32219,eye_shadow,0,0
32220,eye_shadow,0,0
32221,eye_shadow,0,0
32222,eye_shadow,0,1
32223,eye_shadow,0,0
32225,eye_shadow,0,0
32226,eye_shadow,0,0
32228,eye_shadow,0,0
32229,eye_shadow,0,0
32230,eye_shadow,0,0
32231,eye_shadow,0,0
32232,eye_shadow,0,0
32233,eye_shadow,0,2
36157,lip_colour,0,0
36159,lip_colour,0,0
36160,lip_colour,1,0
36161,lip_colour,0,0
36162,lip_colour,0,0
36164,lip_colour,0,0
36165,lip_colour,1,0
36581,lip_colour,0,0
36582,lip_colour,0,0
36583,lip_colour,1,10
36584,lip_colour,0,0
36585,lip_colour,0,1
36587,lip_colour,0,0
36588,lip_colour,0,5
36589,lip_colour,0,1
36590,lip_colour,0,0
36591,lip_colour,0,0
36592,lip_colour,0,1
36593,lip_colour,0,1
36594,lip_colour,0,0
36595,lip_colour,0,0
36596,lip_colour,0,1
36597,lip_colour,0,0
36598,lip_colour,0,0
36599,lip_colour,0,0
36600,lip_colour,1,8
36601,lip_colour,0,0
36602,lip_colour,0,0
36603,lip_colour,0,0
36604,lip_colour,0,2
36605,lip_colour,0,0
36606,lip_colour,0,0
36607,lip_colour,0,0
36608,lip_colour,0,0
36610,lip_colour,0,1
36944,lip_colour,0,0
36945,lip_colour,0,0
36946,lip_colour,0,0
36947,lip_colour,0,1
36948,lip_colour,0,0
36949,lip_colour,0,0
36950,lip_colour,0,0
36951,lip_colour,0,0
36952,lip_colour,0,0
36955,lip_colour,0,0
36956,lip_colour,0,0
36958,lip_colour,0,0
36959,lip_colour,0,1
36960,lip_colour,0,0
36961,lip_colour,0,0
36962,lip_colour,0,0
36963,lip_colour,0,0
40994,foundation,0,0
40995,foundation,0,0
40996,foundation,0,8
40997,foundation,0,0
40998,foundation,0,0
40999,foundation,0,1
41002,foundation,0,0
41003,foundation,0,0
41339,foundation,0,0
41340,foundation,0,0
41341,foundation,0,0
41342,foundation,0,1
41343,foundation,0,0
41344,foundation,0,0
41345,foundation,0,1
41346,foundation,0,0
41347,foundation,0,0
41348,foundation,0,1
41349,foundation,0,0
41350,foundation,0,0
41351,foundation,0,0
41352,foundation,0,0
41353,foundation,0,0
41354,foundation,0,0
41355,foundation,0,0
41356,foundation,0,0
41357,foundation,0,0
41358,foundation,0,0
41737,foundation,1,10
41738,foundation,1,9
41739,foundation,1,10
41740,foundation,0,1
41741,foundation,1,8
41742,foundation,1,0
41743,foundation,0,0
41744,foundation,1,8
41745,foundation,1,10
41746,foundation,1,0
170,emulsion,1,10
171,emulsion,0,0
172,emulsion,0,0
173,emulsion,0,0
174,emulsion,0,0
175,emulsion,0,0
176,emulsion,0,0
177,emulsion,0,0
178,emulsion,0,1
179,emulsion,0,0
618,emulsion,0,1
619,emulsion,0,1
620,emulsion,0,1
621,emulsion,0,0
622,emulsion,0,0
623,emulsion,0,0
624,emulsion,0,1
625,emulsion,0,0
626,emulsion,0,0
627,emulsion,0,0
5854,face_cream,0,0
5855,face_cream,0,0
5856,face_cream,0,2
5857,face_cream,0,0
5858,face_cream,0,0
5859,face_cream,0,0
5860,face_cream,0,8
5861,face_cream,0,0
5862,face_cream,1,10
5863,face_cream,0,1
6791,face_cream,0,1
6792,face_cream,0,0
6793,face_cream,0,0
6794,face_cream,0,0
6796,face_cream,0,0
6798,face_cream,0,1
6799,face_cream,0,1
6800,face_cream,0,0
7157,face_cream,0,0
7158,face_cream,0,0
7159,face_cream,0,0
7160,face_cream,0,0
7161,face_cream,0,0
7162,face_cream,0,0
7163,face_cream,0,0
7164,face_cream,0,1
7165,face_cream,0,0
10372,serum_essence,0,0
10373,serum_essence,0,0
10374,serum_essence,0,0
10876,serum_essence,0,0
10877,serum_essence,0,0
10878,serum_essence,0,2
10879,serum_essence,0,0
10880,serum_essence,1,10
10881,serum_essence,0,0
10882,serum_essence,0,0
10883,serum_essence,0,1
10884,serum_essence,0,1
10885,serum_essence,0,0
10886,serum_essence,0,1
10887,serum_essence,1,10
10888,serum_essence,0,0
10889,serum_essence,0,0
10890,serum_essence,0,0
10891,serum_essence,0,1
10893,serum_essence,0,3
11246,serum_essence,0,0
11248,serum_essence,1,10
11249,serum_essence,0,1
11250,serum_essence,1,10
11251,serum_essence,1,10
11252,serum_essence,0,3
11253,serum_essence,1,10
11254,serum_essence,0,0
11255,serum_essence,0,0
11256,serum_essence,0,0
11257,serum_essence,0,0
11258,serum_essence,0,0
11259,serum_essence,0,0
11261,serum_essence,1,10
11262,serum_essence,1,10
11263,serum_essence,0,0
11264,serum_essence,0,0
11265,serum_essence,0,0
11268,serum_essence,0,0
15624,sun_protection,0,0
15625,sun_protection,0,0
15626,sun_protection,0,0
15627,sun_protection,0,0
15628,sun_protection,0,0
15629,sun_protection,0,0
15630,sun_protection,0,0
15631,sun_protection,0,1
15632,sun_protection,0,0
15633,sun_protection,0,0
19120,face_wash,0,0
19121,face_wash,1,7
19122,face_wash,0,0
19123,face_wash,1,7
19125,face_wash,1,9
19126,face_wash,1,1
19127,face_wash,0,0
19128,face_wash,1,10
19129,face_wash,0,0
19385,face_wash,0,0
19386,face_wash,0,0
19387,face_wash,0,0
19388,face_wash,0,0
19389,face_wash,0,1
19390,face_wash,0,0
19391,face_wash,0,0
19392,face_wash,0,0
19393,face_wash,0,0
19394,face_wash,0,0
19706,face_wash,0,0
19707,face_wash,0,0
19708,face_wash,0,0
19709,face_wash,0,0
19710,face_wash,0,0
19711,face_wash,0,0
19712,face_wash,0,0
19713,face_wash,0,0
23876,cleansing,0,1
23877,cleansing,0,0
23878,cleansing,0,0
23879,cleansing,0,0
23880,cleansing,0,0
23881,cleansing,0,0
23882,cleansing,0,0
23883,cleansing,0,0
23884,cleansing,0,0
23885,cleansing,0,0
24933,cleansing,0,9
24934,cleansing,0,0
24935,cleansing,1,9
24936,cleansing,0,0
24937,cleansing,0,1
24939,cleansing,0,0
24941,cleansing,0,0
24942,cleansing,1,0
25255,cleansing,0,0
25256,cleansing,0,0
25257,cleansing,1,10
25258,cleansing,0,0
25259,cleansing,0,0
25260,cleansing,0,0
25261,cleansing,1,8
25262,cleansing,0,0
28449,toner_lotion,0,0
28450,toner_lotion,0,0
28452,toner_lotion,0,0
28453,toner_lotion,0,0
28454,toner_lotion,0,0
28455,toner_lotion,0,1
28810,toner_lotion,0,1
28811,toner_lotion,0,0
28812,toner_lotion,0,0
28813,toner_lotion,0,0
28814,toner_lotion,0,0
28815,toner_lotion,0,1
28816,toner_lotion,0,0
28817,toner_lotion,0,1
28818,toner_lotion,0,0
28820,toner_lotion,0,0
28821,toner_lotion,1,10
28822,toner_lotion,1,8
28824,toner_lotion,0,0
28825,toner_lotion,0,0
28826,toner_lotion,0,0
28827,toner_lotion,0,0
28828,toner_lotion,0,0
28829,toner_lotion,0,0
28830,toner_lotion,0,0
28831,toner_lotion,0,0
28832,toner_lotion,1,8
28833,toner_lotion,1,10
28834,toner_lotion,0,1
28835,toner_lotion,0,0
29241,toner_lotion,0,0
29242,toner_lotion,0,0
29243,toner_lotion,0,0
29244,toner_lotion,0,0
29245,toner_lotion,0,0
29246,toner_lotion,0,0
29247,toner_lotion,0,0
29249,toner_lotion,0,0
29250,toner_lotion,0,0
29251,toner_lotion,0,0
29252,toner_lotion,0,4
29253,toner_lotion,1,9
29254,toner_lotion,0,0
29255,toner_lotion,0,0
29256,toner_lotion,0,1
29257,toner_lotion,0,0
29258,toner_lotion,1,10
29259,toner_lotion,0,0
29260,toner_lotion,0,0
31141,eye_shadow,0,0
31142,eye_shadow,0,0
31143,eye_shadow,0,1
31144,eye_shadow,0,0
31145,eye_shadow,0,0
31146,eye_shadow,0,0
31147,eye_shadow,1,0
31148,eye_shadow,0,0
31149,eye_shadow,0,0
31150,eye_shadow,0,2
31419,eye_shadow,0,0
31420,eye_shadow,0,0
31423,eye_shadow,0,0
31424,eye_shadow,0,0
31425,eye_shadow,0,0
31426,eye_shadow,0,0
31428,eye_shadow,0,0
31828,eye_shadow,0,0
31829,eye_shadow,0,0
31830,eye_shadow,0,0
31831,eye_shadow,0,0
31832,eye_shadow,0,0
32204,eye_shadow,0,0
32205,eye_shadow,0,0
32206,eye_shadow,0,0
32207,eye_shadow,0,2
32209,eye_shadow,0,0
32210,eye_shadow,0,0
32212,eye_shadow,0,0
32213,eye_shadow,0,2
35771,lip_colour,0,0
35772,lip_colour,0,0
35773,lip_colour,0,1
35774,lip_colour,0,0
35775,lip_colour,0,1
35776,lip_colour,0,0
35777,lip_colour,0,0
35778,lip_colour,0,0
35779,lip_colour,0,0
35780,lip_colour,0,1
36147,lip_colour,1,0
36148,lip_colour,0,0
36149,lip_colour,0,1
36150,lip_colour,0,0
36151,lip_colour,0,0
36152,lip_colour,0,0
36153,lip_colour,0,0
36154,lip_colour,1,0
36155,lip_colour,0,1
36156,lip_colour,0,0
36561,lip_colour,0,0
36562,lip_colour,0,0
36563,lip_colour,0,0
36565,lip_colour,0,0
36566,lip_colour,0,0
36568,lip_colour,0,0
36570,lip_colour,0,0
36571,lip_colour,0,0
36573,lip_colour,0,0
36574,lip_colour,0,0
36575,lip_colour,0,2
36576,lip_colour,0,0
36577,lip_colour,1,0
36578,lip_colour,0,1
36579,lip_colour,0,0
36580,lip_colour,0,1
36933,lip_colour,0,0
36934,lip_colour,0,0
36935,lip_colour,0,1
36936,lip_colour,0,1
36937,lip_colour,0,0
36938,lip_colour,0,0
36939,lip_colour,0,0
36940,lip_colour,0,0
36941,lip_colour,0,1
36942,lip_colour,0,0
36943,lip_colour,0,0
37284,lip_colour,0,1
37285,lip_colour,0,0
37286,lip_colour,0,2
37287,lip_colour,0,1
37288,lip_colour,0,0
40964,foundation,0,0
40965,foundation,0,0
40966,foundation,0,0
40967,foundation,1,10
40968,foundation,0,1
40969,foundation,0,0
40970,foundation,0,0
40971,foundation,0,0
40972,foundation,0,0
40973,foundation,0,1
40974,foundation,1,10
40975,foundation,0,0
40976,foundation,0,6
40977,foundation,0,1
40978,foundation,0,0
40979,foundation,1,6
40980,foundation,0,0
40981,foundation,0,0
40983,foundation,0,1
40984,foundation,0,0
40985,foundation,0,0
40986,foundation,1,0
40987,foundation,0,1
40988,foundation,0,0
40989,foundation,1,10
40990,foundation,1,10
40991,foundation,0,0
40992,foundation,1,4
40993,foundation,0,1
41330,foundation,0,0
41331,foundation,0,0
41332,foundation,0,0
41333,foundation,0,0
41334,foundation,0,0
41335,foundation,0,1
41336,foundation,0,0
41337,foundation,0,0
41338,foundation,0,0
41727,foundation,0,2
41728,foundation,1,7
41729,foundation,0,0
41730,foundation,1,9
41731,foundation,1,8
41732,foundation,0,0
41733,foundation,1,10
41734,foundation,0,0
41735,foundation,0,1
41736,foundation,1,2
161,emulsion,0,0
162,emulsion,0,0
163,emulsion,1,8
164,emulsion,0,0
165,emulsion,0,1
166,emulsion,0,0
167,emulsion,1,9
168,emulsion,0,1
169,emulsion,0,0
558,emulsion,1,6
559,emulsion,0,0
560,emulsion,0,1
561,emulsion,0,0
562,emulsion,0,1
563,emulsion,1,10
564,emulsion,0,0
565,emulsion,0,5
566,emulsion,1,10
567,emulsion,0,0
568,emulsion,1,10
569,emulsion,1,10
570,emulsion,0,1
571,emulsion,0,0
572,emulsion,0,0
573,emulsion,0,0
574,emulsion,0,0
575,emulsion,0,1
576,emulsion,0,0
577,emulsion,1,10
579,emulsion,0,0
580,emulsion,0,0
582,emulsion,0,5
583,emulsion,0,0
584,emulsion,0,0
585,emulsion,0,1
587,emulsion,1,6
588,emulsion,0,0
589,emulsion,0,0
590,emulsion,1,7
591,emulsion,0,1
592,emulsion,1,0
593,emulsion,0,9
594,emulsion,0,9
595,emulsion,0,1
596,emulsion,1,10
597,emulsion,1,7
598,emulsion,0,0
599,emulsion,0,0
600,emulsion,0,7
602,emulsion,0,0
603,emulsion,0,2
605,emulsion,1,3
606,emulsion,1,10
607,emulsion,1,10
608,emulsion,0,0
610,emulsion,1,10
612,emulsion,0,1
613,emulsion,1,7
614,emulsion,0,0
615,emulsion,1,9
616,emulsion,1,10
617,emulsion,1,8
6333,face_cream,0,0
6334,face_cream,0,0
6335,face_cream,0,1
6336,face_cream,0,0
6338,face_cream,0,0
6339,face_cream,0,1
6340,face_cream,0,1
6771,face_cream,1,2
6772,face_cream,0,10
6773,face_cream,1,10
6774,face_cream,1,10
6775,face_cream,0,0
6776,face_cream,0,0
6777,face_cream,1,8
6778,face_cream,0,0
6779,face_cream,0,1
6780,face_cream,1,9
6781,face_cream,0,0
6782,face_cream,0,0
6784,face_cream,0,0
6785,face_cream,0,0
6786,face_cream,0,0
6787,face_cream,0,0
6788,face_cream,0,0
6789,face_cream,0,0
6790,face_cream,0,0
10365,serum_essence,0,0
10366,serum_essence,0,1
10367,serum_essence,0,0
10368,serum_essence,0,0
10369,serum_essence,0,0
10370,serum_essence,0,0
10371,serum_essence,0,0
11237,serum_essence,0,0
11238,serum_essence,0,0
11239,serum_essence,0,0
11240,serum_essence,0,1
11241,serum_essence,0,0
11242,serum_essence,0,1
11244,serum_essence,1,9
11245,serum_essence,0,0
15278,sun_protection,0,0
15281,sun_protection,0,0
15282,sun_protection,0,0
15283,sun_protection,0,0
15284,sun_protection,0,0
15285,sun_protection,0,0
15286,sun_protection,0,0
15287,sun_protection,0,0
18742,face_wash,0,0
18744,face_wash,0,0
18746,face_wash,0,0
18747,face_wash,0,1
18748,face_wash,0,0
18749,face_wash,0,0
18750,face_wash,0,0
18751,face_wash,0,0
19110,face_wash,0,0
19111,face_wash,0,0
19112,face_wash,1,10
19113,face_wash,1,9
19114,face_wash,0,0
19115,face_wash,0,0
19117,face_wash,1,9
19119,face_wash,1,9
19696,face_wash,0,1
19697,face_wash,0,1
19699,face_wash,0,0
19700,face_wash,0,0
19701,face_wash,0,0
19702,face_wash,0,0
19704,face_wash,0,0
19705,face_wash,0,0
24239,cleansing,0,0
24240,cleansing,0,0
24242,cleansing,0,0
24243,cleansing,0,0
24244,cleansing,0,0
24245,cleansing,0,1
24246,cleansing,0,0
24247,cleansing,0,0
24248,cleansing,0,0
24923,cleansing,0,0
24924,cleansing,1,10
24925,cleansing,1,10
24926,cleansing,0,0
24927,cleansing,0,1
24928,cleansing,0,0
24929,cleansing,0,4
24930,cleansing,0,0
24931,cleansing,1,0
24932,cleansing,0,1
25244,cleansing,0,0
25245,cleansing,0,0
25246,cleansing,0,0
25248,cleansing,0,0
25249,cleansing,0,0
25250,cleansing,0,0
25251,cleansing,0,0
25253,cleansing,0,0
28806,toner_lotion,1,8
28807,toner_lotion,0,8
28808,toner_lotion,1,9
28809,toner_lotion,0,0
29231,toner_lotion,0,0
29232,toner_lotion,0,0
29233,toner_lotion,0,0
29234,toner_lotion,0,1
29235,toner_lotion,0,0
29236,toner_lotion,0,0
29237,toner_lotion,0,0
29238,toner_lotion,0,0
29239,toner_lotion,0,2
30356,toner_lotion,1,10
30357,toner_lotion,0,0
30360,toner_lotion,0,0
30361,toner_lotion,0,0
30362,toner_lotion,0,0
30363,toner_lotion,1,7
30364,toner_lotion,1,9
30365,toner_lotion,1,10
30767,eye_shadow,0,0
31409,eye_shadow,0,0
31410,eye_shadow,1,0
31411,eye_shadow,0,0
31412,eye_shadow,0,0
31414,eye_shadow,0,0
31415,eye_shadow,0,0
31417,eye_shadow,0,0
31418,eye_shadow,0,0
31818,eye_shadow,0,1
31820,eye_shadow,0,0
31821,eye_shadow,0,0
31823,eye_shadow,0,1
31824,eye_shadow,0,0
31825,eye_shadow,0,1
31826,eye_shadow,0,0
31827,eye_shadow,0,0
32194,eye_shadow,0,0
32195,eye_shadow,0,0
32196,eye_shadow,0,0
32198,eye_shadow,0,1
32200,eye_shadow,0,0
32201,eye_shadow,0,0
32202,eye_shadow,0,0
32203,eye_shadow,0,0
36137,lip_colour,0,0
36138,lip_colour,0,0
36139,lip_colour,0,0
36140,lip_colour,0,1
36141,lip_colour,0,0
36142,lip_colour,0,0
36143,lip_colour,0,0
36144,lip_colour,0,0
36145,lip_colour,0,0
36146,lip_colour,0,0
36924,lip_colour,0,0
36925,lip_colour,0,0
36926,lip_colour,0,0
36927,lip_colour,0,0
36928,lip_colour,0,0
36929,lip_colour,0,0
36930,lip_colour,0,0
36931,lip_colour,0,0
36932,lip_colour,0,0
37274,lip_colour,0,0
37275,lip_colour,0,0
37277,lip_colour,0,0
37278,lip_colour,0,0
37279,lip_colour,0,0
37280,lip_colour,0,1
37281,lip_colour,0,0
37282,lip_colour,0,0
37283,lip_colour,0,0
37602,lip_colour,0,5
37603,lip_colour,0,0
37604,lip_colour,0,0
37605,lip_colour,0,0
37606,lip_colour,0,0
37607,lip_colour,0,1
37608,lip_colour,0,0
40944,foundation,0,1
40945,foundation,0,0
40946,foundation,0,0
40948,foundation,0,0
40949,foundation,0,0
40950,foundation,1,0
40951,foundation,0,0
40952,foundation,0,0
40953,foundation,0,0
40954,foundation,0,0
40955,foundation,0,0
40956,foundation,0,0
40958,foundation,0,0
40959,foundation,0,1
40960,foundation,0,0
40961,foundation,0,0
40962,foundation,0,3
41319,foundation,0,1
41320,foundation,0,0
41322,foundation,0,0
41323,foundation,0,0
41324,foundation,0,0
41325,foundation,0,0
41326,foundation,0,0
41327,foundation,0,0
41328,foundation,0,1
41707,foundation,1,10
41708,foundation,1,1
41709,foundation,0,7
41710,foundation,0,0
41711,foundation,0,0
41712,foundation,0,0
41713,foundation,1,9
41714,foundation,0,0
41715,foundation,1,0
41716,foundation,1,10
41717,foundation,0,0
41718,foundation,0,0
41719,foundation,0,0
41720,foundation,0,0
41721,foundation,0,0
41722,foundation,0,1
41723,foundation,0,1
41724,foundation,1,8
41725,foundation,0,0
41726,foundation,1,10
151,emulsion,0,0
153,emulsion,0,0
154,emulsion,1,10
155,emulsion,0,0
156,emulsion,0,0
157,emulsion,0,0
158,emulsion,0,0
159,emulsion,0,0
160,emulsion,0,0
538,emulsion,0,0
539,emulsion,0,0
542,emulsion,0,2
543,emulsion,0,1
544,emulsion,0,0
546,emulsion,0,0
547,emulsion,0,7
548,emulsion,0,0
549,emulsion,0,0
550,emulsion,1,0
551,emulsion,0,0
552,emulsion,0,1
553,emulsion,0,0
554,emulsion,0,0
557,emulsion,0,0
5844,face_cream,0,0
5845,face_cream,0,0
5846,face_cream,0,0
5847,face_cream,0,1
5848,face_cream,0,0
5849,face_cream,0,0
5850,face_cream,0,0
5851,face_cream,0,2
5852,face_cream,0,0
5853,face_cream,0,0
9858,face_cream,0,0
9859,face_cream,0,1
9860,face_cream,0,0
9862,face_cream,0,0
9863,face_cream,0,0
9864,face_cream,0,0
9865,face_cream,0,0
9866,face_cream,0,0
9867,face_cream,0,0
10521,serum_essence,0,0
10522,serum_essence,0,0
10523,serum_essence,0,0
10524,serum_essence,0,0
10525,serum_essence,0,0
10526,serum_essence,0,0
10528,serum_essence,0,0
10529,serum_essence,0,0
10530,serum_essence,0,2
11226,serum_essence,0,0
11227,serum_essence,0,0
11228,serum_essence,0,1
11229,serum_essence,1,10
11230,serum_essence,0,0
11231,serum_essence,0,0
11232,serum_essence,0,0
11233,serum_essence,0,0
11234,serum_essence,0,0
15268,sun_protection,0,0
15269,sun_protection,0,0
15271,sun_protection,0,1
15272,sun_protection,0,0
15273,sun_protection,0,0
15274,sun_protection,0,0
15275,sun_protection,0,0
15277,sun_protection,0,0
15614,sun_protection,0,0
15615,sun_protection,0,0
15616,sun_protection,0,0
15617,sun_protection,0,0
15618,sun_protection,0,1
15619,sun_protection,0,1
15620,sun_protection,0,0
15621,sun_protection,0,0
15622,sun_protection,0,0
15623,sun_protection,0,0
19101,face_wash,0,0
19102,face_wash,0,0
19104,face_wash,0,0
19105,face_wash,0,1
19106,face_wash,1,10
19107,face_wash,0,0
19108,face_wash,1,7
19109,face_wash,0,0
19375,face_wash,0,0
19376,face_wash,0,0
19377,face_wash,0,0
19378,face_wash,0,0
19379,face_wash,0,0
19380,face_wash,0,0
19381,face_wash,0,0
19382,face_wash,0,1
19383,face_wash,0,1
19384,face_wash,0,0
23477,cleansing,0,0
23478,cleansing,0,0
23479,cleansing,0,0
23480,cleansing,0,0
23481,cleansing,0,0
23482,cleansing,0,0
23483,cleansing,0,0
23484,cleansing,0,0
23485,cleansing,0,0
23866,cleansing,0,0
23868,cleansing,0,0
23869,cleansing,0,0
23870,cleansing,0,0
23871,cleansing,0,0
23872,cleansing,0,0
23873,cleansing,0,0
23874,cleansing,0,0
23875,cleansing,0,0
24229,cleansing,0,0
24230,cleansing,0,1
24231,cleansing,0,0
24232,cleansing,0,0
24233,cleansing,0,0
24234,cleansing,0,0
24235,cleansing,0,0
24236,cleansing,0,1
24238,cleansing,0,0
24615,cleansing,0,3
24616,cleansing,0,0
24617,cleansing,0,0
24618,cleansing,0,0
24619,cleansing,0,0
24620,cleansing,0,0
24621,cleansing,0,1
24623,cleansing,0,0
24913,cleansing,0,0
24914,cleansing,0,1
24915,cleansing,0,0
24916,cleansing,0,0
24917,cleansing,1,6
24918,cleansing,0,0
24920,cleansing,0,0
24921,cleansing,1,10
24922,cleansing,0,1
25235,cleansing,0,0
25236,cleansing,0,1
25237,cleansing,0,0
25238,cleansing,0,0
25239,cleansing,0,0
25240,cleansing,1,10
25241,cleansing,0,0
25242,cleansing,1,0
28115,cleansing,0,0
28116,cleansing,0,0
28117,cleansing,0,0
28118,cleansing,0,0
28119,cleansing,0,0
28120,cleansing,0,0
28121,cleansing,0,0
28123,cleansing,0,0
28124,cleansing,0,1
28796,toner_lotion,0,0
28797,toner_lotion,0,1
28798,toner_lotion,0,0
28799,toner_lotion,0,0
28800,toner_lotion,0,0
28801,toner_lotion,0,0
28802,toner_lotion,1,10
28803,toner_lotion,0,1
28804,toner_lotion,1,10
28805,toner_lotion,0,0
29222,toner_lotion,0,0
29223,toner_lotion,0,0
29224,toner_lotion,0,0
29225,toner_lotion,0,1
29226,toner_lotion,0,1
29227,toner_lotion,0,0
29228,toner_lotion,0,0
29229,toner_lotion,0,0
29230,toner_lotion,0,0
30758,eye_shadow,0,0
30759,eye_shadow,0,0
30760,eye_shadow,0,0
30761,eye_shadow,0,1
30762,eye_shadow,0,0
30763,eye_shadow,0,0
30764,eye_shadow,0,0
30765,eye_shadow,0,0
31131,eye_shadow,0,0
31132,eye_shadow,0,0
31133,eye_shadow,0,0
31135,eye_shadow,0,0
31136,eye_shadow,0,0
31137,eye_shadow,0,0
31138,eye_shadow,0,0
31139,eye_shadow,0,0
31140,eye_shadow,0,0
31808,eye_shadow,0,0
31809,eye_shadow,0,0
31810,eye_shadow,1,0
31811,eye_shadow,0,0
31812,eye_shadow,0,0
31813,eye_shadow,0,1
31814,eye_shadow,0,0
31815,eye_shadow,0,0
31816,eye_shadow,0,0
31817,eye_shadow,0,0
35761,lip_colour,0,0
35762,lip_colour,0,0
35763,lip_colour,0,0
35764,lip_colour,0,0
35765,lip_colour,0,0
35766,lip_colour,0,0
35767,lip_colour,0,0
35768,lip_colour,0,0
35769,lip_colour,0,0
35770,lip_colour,0,0
36127,lip_colour,0,0
36128,lip_colour,0,1
36129,lip_colour,0,0
36130,lip_colour,0,0
36131,lip_colour,0,0
36132,lip_colour,0,0
36133,lip_colour,0,0
36134,lip_colour,0,0
36135,lip_colour,0,0
36136,lip_colour,0,0
36551,lip_colour,0,0
36552,lip_colour,0,1
36553,lip_colour,0,0
36554,lip_colour,0,1
36555,lip_colour,0,0
36556,lip_colour,0,0
36557,lip_colour,0,0
36558,lip_colour,0,1
36559,lip_colour,0,0
36560,lip_colour,0,0
36914,lip_colour,0,0
36916,lip_colour,0,0
36917,lip_colour,0,0
36918,lip_colour,0,0
36919,lip_colour,0,0
36921,lip_colour,0,0
36922,lip_colour,0,0
36923,lip_colour,0,1
37264,lip_colour,1,0
37265,lip_colour,0,0
37266,lip_colour,0,0
37267,lip_colour,0,0
37268,lip_colour,0,0
37269,lip_colour,0,0
37270,lip_colour,0,0
37271,lip_colour,0,0
37272,lip_colour,0,1
37273,lip_colour,0,0
37599,lip_colour,0,0
37600,lip_colour,0,0
37601,lip_colour,0,0
40934,foundation,0,0
40935,foundation,0,1
40936,foundation,0,0
40939,foundation,0,0
40940,foundation,0,0
40941,foundation,0,0
40942,foundation,0,1
40943,foundation,0,1
41309,foundation,0,3
41312,foundation,0,1
41313,foundation,0,0
41314,foundation,0,0
41315,foundation,0,0
41316,foundation,0,0
41318,foundation,0,0
41687,foundation,1,10
41688,foundation,0,0
41689,foundation,0,0
41690,foundation,0,0
41691,foundation,0,0
41692,foundation,0,0
41693,foundation,1,9
41694,foundation,0,0
41695,foundation,0,1
41696,foundation,1,10
41697,foundation,0,1
41698,foundation,0,0
41699,foundation,0,0
41700,foundation,0,0
41701,foundation,0,0
41702,foundation,1,8
41703,foundation,0,0
41704,foundation,0,0
41705,foundation,0,1
41706,foundation,0,0
510,emulsion,0,1
511,emulsion,0,0
512,emulsion,0,0
513,emulsion,0,1
514,emulsion,0,0
515,emulsion,0,1
516,emulsion,0,0
517,emulsion,0,0
518,emulsion,0,0
519,emulsion,0,0
520,emulsion,0,0
521,emulsion,0,2
522,emulsion,0,1
523,emulsion,1,10
524,emulsion,0,1
525,emulsion,0,1
526,emulsion,0,0
527,emulsion,0,1
528,emulsion,0,0
529,emulsion,0,0
530,emulsion,0,0
531,emulsion,1,9
532,emulsion,0,0
533,emulsion,0,0
534,emulsion,0,4
535,emulsion,0,0
537,emulsion,0,1
5824,face_cream,0,0
5825,face_cream,0,0
5826,face_cream,0,0
5827,face_cream,0,0
5828,face_cream,0,0
5829,face_cream,0,0
5831,face_cream,0,0
5832,face_cream,0,0
5833,face_cream,0,0
5834,face_cream,0,2
5835,face_cream,0,0
5836,face_cream,0,0
5837,face_cream,0,0
5838,face_cream,0,0
5839,face_cream,0,0
5840,face_cream,0,0
5841,face_cream,0,1
5842,face_cream,0,0
5843,face_cream,0,0
6036,face_cream,0,0
6037,face_cream,0,0
6038,face_cream,0,0
6039,face_cream,0,1
6040,face_cream,0,0
6042,face_cream,0,0
6043,face_cream,0,0
6044,face_cream,0,1
6045,face_cream,0,0
6322,face_cream,0,1
6323,face_cream,0,0
6324,face_cream,0,0
6325,face_cream,0,0
6326,face_cream,0,2
6328,face_cream,0,0
6329,face_cream,0,0
6330,face_cream,0,0
6331,face_cream,0,0
6761,face_cream,0,0
6762,face_cream,0,1
6763,face_cream,1,10
6764,face_cream,0,0
6765,face_cream,0,0
6766,face_cream,0,0
6767,face_cream,0,0
6769,face_cream,0,0
6770,face_cream,0,0
7148,face_cream,1,9
7149,face_cream,1,0
7150,face_cream,1,10
7151,face_cream,1,9
7152,face_cream,1,10
7154,face_cream,1,8
7155,face_cream,0,0
7156,face_cream,1,1
10355,serum_essence,0,0
10356,serum_essence,0,0
10357,serum_essence,0,0
10358,serum_essence,0,0
10359,serum_essence,0,1
10360,serum_essence,0,0
10361,serum_essence,0,1
10362,serum_essence,0,0
10363,serum_essence,0,2
10511,serum_essence,0,0
10512,serum_essence,0,0
10513,serum_essence,0,0
10514,serum_essence,0,0
10515,serum_essence,0,0
10517,serum_essence,0,0
10518,serum_essence,0,0
10519,serum_essence,0,0
10520,serum_essence,0,0
10865,serum_essence,0,0
10867,serum_essence,0,0
10868,serum_essence,0,0
10869,serum_essence,0,0
10870,serum_essence,0,0
10871,serum_essence,0,0
10872,serum_essence,0,0
10873,serum_essence,0,0
11216,serum_essence,0,0
11217,serum_essence,0,0
11218,serum_essence,0,0
11219,serum_essence,0,0
11220,serum_essence,0,0
11221,serum_essence,0,1
11222,serum_essence,0,0
11224,serum_essence,0,0
15258,sun_protection,0,0
15259,sun_protection,0,0
15260,sun_protection,0,1
15261,sun_protection,0,0
15262,sun_protection,0,0
15263,sun_protection,0,0
15264,sun_protection,0,0
15266,sun_protection,0,0
15267,sun_protection,0,2
15595,sun_protection,0,0
15597,sun_protection,0,0
15598,sun_protection,0,0
15599,sun_protection,0,0
15600,sun_protection,0,0
15601,sun_protection,0,0
15603,sun_protection,0,0
15604,sun_protection,0,0
15606,sun_protection,0,0
15607,sun_protection,0,0
15608,sun_protection,0,0
15609,sun_protection,0,0
15611,sun_protection,0,0
15612,sun_protection,0,0
15613,sun_protection,0,0
18738,face_wash,0,1
18739,face_wash,0,0
18740,face_wash,0,0
18741,face_wash,0,0
19686,face_wash,0,0
19687,face_wash,0,0
19688,face_wash,0,0
19689,face_wash,0,0
19690,face_wash,0,1
19691,face_wash,0,0
19692,face_wash,0,0
19693,face_wash,0,3
19694,face_wash,0,0
19695,face_wash,0,1
24595,cleansing,0,0
24596,cleansing,0,0
24597,cleansing,0,0
24598,cleansing,0,0
24599,cleansing,0,0
24600,cleansing,0,0
24601,cleansing,1,9
24602,cleansing,0,1
24606,cleansing,0,1
24607,cleansing,0,1
24608,cleansing,0,0
24609,cleansing,0,0
24610,cleansing,0,0
24611,cleansing,0,1
24612,cleansing,0,0
24613,cleansing,0,0
24614,cleansing,0,0
24893,cleansing,0,0
24894,cleansing,0,0
24895,cleansing,0,0
24897,cleansing,0,0
24899,cleansing,0,0
24900,cleansing,0,0
24901,cleansing,0,0
24902,cleansing,0,0
24903,cleansing,0,0
24905,cleansing,0,0
24906,cleansing,0,0
24908,cleansing,0,1
24909,cleansing,0,0
24910,cleansing,0,0
24911,cleansing,0,0
24912,cleansing,0,0
25224,cleansing,0,0
25225,cleansing,0,0
25226,cleansing,1,9
25227,cleansing,0,0
25228,cleansing,0,0
25229,cleansing,0,0
25230,cleansing,0,0
25231,cleansing,0,1
25233,cleansing,0,0
28439,toner_lotion,0,0
28441,toner_lotion,0,0
28442,toner_lotion,0,0
28443,toner_lotion,0,0
28444,toner_lotion,0,0
28445,toner_lotion,0,1
28446,toner_lotion,0,0
28447,toner_lotion,0,0
28448,toner_lotion,0,0
29211,toner_lotion,0,0
29212,toner_lotion,0,0
29213,toner_lotion,0,0
29214,toner_lotion,0,0
29215,toner_lotion,0,2
29216,toner_lotion,0,0
29217,toner_lotion,0,0
29218,toner_lotion,0,0
29219,toner_lotion,0,0
29220,toner_lotion,0,0
30751,eye_shadow,0,0
30752,eye_shadow,0,0
30753,eye_shadow,0,0
30754,eye_shadow,0,0
30755,eye_shadow,0,2
30756,eye_shadow,0,1
30757,eye_shadow,0,0
31399,eye_shadow,0,0
31400,eye_shadow,0,0
31401,eye_shadow,0,2
31402,eye_shadow,0,0
31403,eye_shadow,0,0
31404,eye_shadow,0,0
31405,eye_shadow,0,0
31406,eye_shadow,0,0
31407,eye_shadow,0,1
31408,eye_shadow,0,0
31799,eye_shadow,0,0
31800,eye_shadow,0,0
31802,eye_shadow,0,0
31803,eye_shadow,0,0
31805,eye_shadow,0,1
31806,eye_shadow,0,0
32184,eye_shadow,0,0
32185,eye_shadow,0,0
32186,eye_shadow,0,1
32187,eye_shadow,0,0
32188,eye_shadow,0,0
32190,eye_shadow,0,0
32191,eye_shadow,0,0
32192,eye_shadow,0,0
32193,eye_shadow,0,1
32572,eye_shadow,0,0
32573,eye_shadow,0,0
32893,eye_shadow,0,1
33203,eye_shadow,0,0
36121,lip_colour,0,0
36122,lip_colour,0,0
36123,lip_colour,0,0
36124,lip_colour,0,1
36125,lip_colour,0,0
36126,lip_colour,0,2
36531,lip_colour,0,0
36532,lip_colour,0,0
36533,lip_colour,0,0
36534,lip_colour,0,0
36535,lip_colour,0,1
36536,lip_colour,0,0
36538,lip_colour,0,0
36539,lip_colour,0,0
36540,lip_colour,0,0
36541,lip_colour,0,0
36542,lip_colour,0,0
36543,lip_colour,0,0
36544,lip_colour,0,2
36545,lip_colour,0,0
36546,lip_colour,0,0
36547,lip_colour,0,0
36548,lip_colour,0,0
36549,lip_colour,0,0
36550,lip_colour,0,1
36904,lip_colour,0,0
36905,lip_colour,0,0
36906,lip_colour,0,0
36907,lip_colour,0,0
36908,lip_colour,0,0
36909,lip_colour,0,1
36910,lip_colour,0,0
36911,lip_colour,0,0
36912,lip_colour,0,0
36913,lip_colour,0,0
37255,lip_colour,0,0
37256,lip_colour,0,1
37257,lip_colour,0,0
37258,lip_colour,0,0
37259,lip_colour,0,0
37260,lip_colour,0,0
37262,lip_colour,0,1
37263,lip_colour,0,0
37940,lip_colour,0,0
37941,lip_colour,0,0
37942,lip_colour,0,0
37943,lip_colour,0,1
37944,lip_colour,0,0
37945,lip_colour,0,1
37946,lip_colour,1,8
37947,lip_colour,0,0
37948,lip_colour,0,0
37949,lip_colour,1,8
37950,lip_colour,1,10
37951,lip_colour,1,0
37952,lip_colour,0,0
37953,lip_colour,0,0
37954,lip_colour,1,10
37955,lip_colour,0,0
37956,lip_colour,0,0
41299,foundation,0,0
41300,foundation,0,0
41301,foundation,0,0
41302,foundation,0,1
41303,foundation,0,0
41304,foundation,0,0
41305,foundation,0,0
41306,foundation,0,0
41307,foundation,1,10
41308,foundation,0,0
41677,foundation,0,0
41678,foundation,0,1
41679,foundation,0,0
41681,foundation,0,0
41682,foundation,0,0
41683,foundation,0,0
41684,foundation,0,0
41686,foundation,0,0
142,emulsion,0,0
143,emulsion,0,1
144,emulsion,0,0
145,emulsion,0,0
146,emulsion,0,0
147,emulsion,0,0
148,emulsion,0,0
149,emulsion,0,1
498,emulsion,1,10
499,emulsion,1,8
500,emulsion,1,10
501,emulsion,1,4
502,emulsion,1,7
503,emulsion,0,0
504,emulsion,1,10
506,emulsion,0,5
6312,face_cream,0,0
6314,face_cream,0,0
6315,face_cream,0,0
6316,face_cream,0,0
6317,face_cream,0,0
6318,face_cream,0,0
6320,face_cream,0,0
6321,face_cream,0,0
6751,face_cream,0,0
6752,face_cream,0,0
6753,face_cream,1,10
6754,face_cream,0,1
6755,face_cream,0,0
6756,face_cream,0,0
6757,face_cream,0,1
6759,face_cream,0,0
6760,face_cream,0,1
10345,serum_essence,0,0
10346,serum_essence,0,0
10347,serum_essence,0,0
10348,serum_essence,0,0
10349,serum_essence,0,0
10350,serum_essence,0,0
10351,serum_essence,0,1
10352,serum_essence,0,0
10353,serum_essence,0,1
10354,serum_essence,0,0
11206,serum_essence,0,0
11207,serum_essence,0,0
11208,serum_essence,0,8
11209,serum_essence,0,0
11210,serum_essence,0,0
11211,serum_essence,0,0
11212,serum_essence,0,0
11213,serum_essence,0,2
11214,serum_essence,1,7
11215,serum_essence,1,10
15248,sun_protection,0,0
15249,sun_protection,0,0
15250,sun_protection,0,0
15251,sun_protection,0,0
15255,sun_protection,0,0
15256,sun_protection,0,0
15584,sun_protection,0,0
15585,sun_protection,0,0
15586,sun_protection,0,0
15587,sun_protection,0,1
15588,sun_protection,0,0
15589,sun_protection,0,0
15590,sun_protection,0,0
15591,sun_protection,0,0
15592,sun_protection,0,0
15593,sun_protection,0,0
18732,face_wash,0,0
18733,face_wash,0,0
18734,face_wash,0,0
18736,face_wash,0,2
18737,face_wash,0,0
19090,face_wash,0,0
19091,face_wash,1,3
19092,face_wash,1,10
19093,face_wash,0,0
19094,face_wash,1,0
19095,face_wash,0,0
19098,face_wash,0,1
19099,face_wash,0,0
19365,face_wash,0,0
19366,face_wash,0,0
19367,face_wash,0,0
19368,face_wash,0,0
19369,face_wash,0,0
19370,face_wash,0,0
19371,face_wash,0,0
19372,face_wash,0,0
19373,face_wash,0,0
19374,face_wash,0,0
19680,face_wash,0,0
19681,face_wash,0,0
19682,face_wash,0,0
19683,face_wash,0,0
19684,face_wash,0,0
19685,face_wash,0,0
20206,face_wash,0,1
20207,face_wash,0,0
20208,face_wash,0,0
20209,face_wash,0,0
23857,cleansing,0,0
23858,cleansing,0,0
23859,cleansing,0,0
23860,cleansing,0,0
23862,cleansing,0,0
23863,cleansing,0,0
23865,cleansing,0,0
24219,cleansing,0,0
24220,cleansing,0,0
24221,cleansing,0,0
24222,cleansing,0,0
24223,cleansing,0,0
24224,cleansing,0,0
24225,cleansing,0,0
24226,cleansing,0,0
24227,cleansing,0,0
24228,cleansing,0,0
24892,cleansing,0,0
25215,cleansing,0,0
25216,cleansing,0,0
25217,cleansing,0,0
25218,cleansing,0,0
25219,cleansing,0,1
25220,cleansing,0,0
25221,cleansing,0,0
25222,cleansing,0,0
25223,cleansing,0,1
28106,cleansing,0,0
28107,cleansing,0,0
28108,cleansing,0,0
28110,cleansing,0,1
28111,cleansing,0,0
28112,cleansing,0,0
28113,cleansing,0,0
28114,cleansing,0,0
29201,toner_lotion,0,0
29203,toner_lotion,0,0
29205,toner_lotion,0,0
29206,toner_lotion,0,0
29208,toner_lotion,0,0
29209,toner_lotion,0,0
30749,eye_shadow,0,0
30750,eye_shadow,0,0
31122,eye_shadow,1,0
31123,eye_shadow,0,0
31124,eye_shadow,0,1
31126,eye_shadow,0,0
31127,eye_shadow,0,0
31128,eye_shadow,0,0
31129,eye_shadow,0,1
31130,eye_shadow,0,1
31389,eye_shadow,0,0
31390,eye_shadow,0,0
31392,eye_shadow,0,0
31393,eye_shadow,0,0
31395,eye_shadow,0,0
31396,eye_shadow,1,0
31397,eye_shadow,0,0
31398,eye_shadow,0,0
31788,eye_shadow,0,0
31789,eye_shadow,0,0
31790,eye_shadow,0,0
31791,eye_shadow,0,1
31792,eye_shadow,0,0
31794,eye_shadow,0,1
31795,eye_shadow,0,0
31796,eye_shadow,0,1
31797,eye_shadow,0,1
32568,eye_shadow,0,0
32569,eye_shadow,0,0
32570,eye_shadow,0,0
33200,eye_shadow,0,0
33201,eye_shadow,0,0
35752,lip_colour,0,0
35755,lip_colour,0,0
35756,lip_colour,0,0
35757,lip_colour,0,0
35758,lip_colour,0,0
35759,lip_colour,0,0
35760,lip_colour,0,0
36117,lip_colour,0,0
36118,lip_colour,0,0
36119,lip_colour,0,0
36120,lip_colour,0,0
36521,lip_colour,0,0
36523,lip_colour,0,0
36524,lip_colour,0,0
36525,lip_colour,0,0
36526,lip_colour,0,0
36527,lip_colour,0,0
36528,lip_colour,0,0
36529,lip_colour,0,0
36530,lip_colour,0,0
36902,lip_colour,0,0
36903,lip_colour,0,0
37920,lip_colour,1,8
37922,lip_colour,1,10
37924,lip_colour,1,7
37925,lip_colour,1,7
37926,lip_colour,1,0
37927,lip_colour,0,0
37928,lip_colour,0,0
37929,lip_colour,0,0
37930,lip_colour,1,9
37931,lip_colour,0,0
37932,lip_colour,0,0
37933,lip_colour,0,0
37934,lip_colour,0,0
37935,lip_colour,0,1
37936,lip_colour,1,10
37937,lip_colour,0,0
37938,lip_colour,0,1
40924,foundation,0,0
40925,foundation,0,0
40926,foundation,0,0
40927,foundation,0,1
40928,foundation,0,0
40929,foundation,0,1
40930,foundation,0,0
40933,foundation,0,0
41289,foundation,1,10
41290,foundation,0,0
41291,foundation,0,0
41292,foundation,0,0
41294,foundation,0,0
41295,foundation,0,0
41296,foundation,0,0
41297,foundation,0,0
41298,foundation,0,0
41667,foundation,0,10
41668,foundation,1,8
41669,foundation,0,0
41670,foundation,0,0
41671,foundation,1,10
41672,foundation,0,1
41673,foundation,1,8
41674,foundation,0,0
41675,foundation,0,0
41676,foundation,1,10
141,emulsion,0,1
488,emulsion,0,0
490,emulsion,0,0
491,emulsion,0,0
492,emulsion,0,0
493,emulsion,0,0
494,emulsion,1,9
495,emulsion,0,0
497,emulsion,0,0
989,emulsion,0,2
990,emulsion,1,10
6741,face_cream,1,1
6742,face_cream,0,0
6743,face_cream,0,0
6744,face_cream,0,0
6745,face_cream,0,1
6746,face_cream,0,2
6747,face_cream,0,2
6750,face_cream,0,0
7137,face_cream,0,0
7138,face_cream,0,0
7140,face_cream,0,0
7141,face_cream,0,0
7142,face_cream,0,0
7143,face_cream,0,0
7144,face_cream,0,1
7145,face_cream,1,1
7146,face_cream,0,0
7470,face_cream,1,10
7471,face_cream,1,1
7472,face_cream,0,5
7473,face_cream,0,8
7474,face_cream,0,0
7475,face_cream,0,3
7476,face_cream,0,0
7477,face_cream,1,8
7478,face_cream,1,2
7479,face_cream,0,0
7480,face_cream,1,9
7481,face_cream,0,0
7482,face_cream,1,7
7483,face_cream,1,9
10855,serum_essence,1,10
10856,serum_essence,0,0
10857,serum_essence,0,1
10858,serum_essence,0,0
10859,serum_essence,0,1
10860,serum_essence,0,0
10861,serum_essence,0,1
10862,serum_essence,0,0
10863,serum_essence,0,0
10864,serum_essence,0,0
11196,serum_essence,0,0
11197,serum_essence,0,0
11198,serum_essence,0,0
11199,serum_essence,0,0
11200,serum_essence,0,0
11201,serum_essence,1,2
11202,serum_essence,0,0
11203,serum_essence,1,10
11205,serum_essence,0,0
11646,serum_essence,0,8
11647,serum_essence,0,1
11648,serum_essence,0,0
11649,serum_essence,0,0
11650,serum_essence,1,7
11652,serum_essence,1,10
11653,serum_essence,0,2
11655,serum_essence,1,10
11656,serum_essence,0,0
11657,serum_essence,1,10
11658,serum_essence,1,6
11659,serum_essence,1,10
11660,serum_essence,1,0
11661,serum_essence,0,5
11662,serum_essence,0,2
11663,serum_essence,0,0
11664,serum_essence,0,0
11665,serum_essence,1,10
11666,serum_essence,0,0
11667,serum_essence,0,0
11668,serum_essence,0,0
11669,serum_essence,0,0
19676,face_wash,0,0
19678,face_wash,0,0
19679,face_wash,0,0
20196,face_wash,0,0
20197,face_wash,0,0
20198,face_wash,0,0
20199,face_wash,0,0
20200,face_wash,0,0
20201,face_wash,0,0
20202,face_wash,0,0
20203,face_wash,0,0
20204,face_wash,0,0
20205,face_wash,0,0
24214,cleansing,0,0
24215,cleansing,0,0
24217,cleansing,0,0
24218,cleansing,0,1
24585,cleansing,0,0
24586,cleansing,0,1
24587,cleansing,0,0
24588,cleansing,0,0
24589,cleansing,0,1
24590,cleansing,0,0
24591,cleansing,0,1
24592,cleansing,0,2
24593,cleansing,0,0
24594,cleansing,0,1
24883,cleansing,0,1
24884,cleansing,0,0
24885,cleansing,1,10
24886,cleansing,0,0
24887,cleansing,0,1
24888,cleansing,0,1
24890,cleansing,0,0
25205,cleansing,1,7
25206,cleansing,0,1
25207,cleansing,0,1
25208,cleansing,0,0
25209,cleansing,0,0
25211,cleansing,0,0
25213,cleansing,0,0
29181,toner_lotion,0,1
29182,toner_lotion,0,0
29183,toner_lotion,0,0
29184,toner_lotion,0,0
29185,toner_lotion,0,0
29186,toner_lotion,0,0
29187,toner_lotion,0,0
29188,toner_lotion,0,0
29189,toner_lotion,0,0
29190,toner_lotion,0,0
29191,toner_lotion,0,1
29192,toner_lotion,0,0
29193,toner_lotion,0,0
29194,toner_lotion,0,0
29195,toner_lotion,0,0
29196,toner_lotion,0,0
29197,toner_lotion,0,0
29198,toner_lotion,0,0
29199,toner_lotion,0,0
29200,toner_lotion,0,0
31379,eye_shadow,0,0
31380,eye_shadow,0,0
31381,eye_shadow,0,0
31382,eye_shadow,0,0
31383,eye_shadow,0,0
31384,eye_shadow,0,0
31385,eye_shadow,0,0
31386,eye_shadow,0,0
31387,eye_shadow,0,0
31388,eye_shadow,0,0
32174,eye_shadow,0,0
32175,eye_shadow,0,1
32176,eye_shadow,0,0
32177,eye_shadow,0,0
32178,eye_shadow,0,1
32179,eye_shadow,0,0
32180,eye_shadow,0,0
32181,eye_shadow,0,0
32182,eye_shadow,0,0
32183,eye_shadow,0,0
32559,eye_shadow,0,0
32560,eye_shadow,0,0
32561,eye_shadow,0,0
32562,eye_shadow,0,0
32563,eye_shadow,0,1
32564,eye_shadow,0,0
32566,eye_shadow,0,0
32567,eye_shadow,0,0
32870,eye_shadow,0,0
32871,eye_shadow,0,0
32872,eye_shadow,0,1
32873,eye_shadow,0,0
32874,eye_shadow,0,0
32875,eye_shadow,0,1
32876,eye_shadow,0,0
32877,eye_shadow,0,0
32878,eye_shadow,0,0
32879,eye_shadow,0,0
32880,eye_shadow,0,0
32881,eye_shadow,0,1
32882,eye_shadow,0,0
32883,eye_shadow,0,1
32884,eye_shadow,0,0
32885,eye_shadow,0,0
32886,eye_shadow,0,0
32888,eye_shadow,0,0
32889,eye_shadow,0,0
32891,eye_shadow,0,0
32892,eye_shadow,0,0
33198,eye_shadow,0,0
33199,eye_shadow,0,0
36501,lip_colour,1,0
36502,lip_colour,0,0
36503,lip_colour,0,0
36504,lip_colour,0,0
36505,lip_colour,0,0
36506,lip_colour,0,0
36507,lip_colour,0,0
36508,lip_colour,0,1
36509,lip_colour,0,1
36510,lip_colour,0,1
36511,lip_colour,0,0
36512,lip_colour,0,0
36513,lip_colour,0,2
36514,lip_colour,0,0
36515,lip_colour,0,0
36516,lip_colour,0,0
36517,lip_colour,0,0
36518,lip_colour,0,0
36519,lip_colour,0,0
36520,lip_colour,0,0
36891,lip_colour,0,0
36892,lip_colour,0,0
36893,lip_colour,0,0
36894,lip_colour,0,0
36895,lip_colour,0,1
36896,lip_colour,0,0
36897,lip_colour,0,0
36899,lip_colour,0,0
36900,lip_colour,0,1
36901,lip_colour,0,0
37589,lip_colour,0,0
37590,lip_colour,0,0
37591,lip_colour,0,0
37592,lip_colour,0,0
37593,lip_colour,0,0
37596,lip_colour,0,0
37597,lip_colour,0,0
37598,lip_colour,0,0
37896,lip_colour,1,9
37897,lip_colour,0,0
37898,lip_colour,1,9
37899,lip_colour,1,9
37900,lip_colour,0,0
37901,lip_colour,0,0
37902,lip_colour,0,0
37903,lip_colour,1,10
37904,lip_colour,1,10
37905,lip_colour,0,0
37906,lip_colour,0,0
37907,lip_colour,0,0
37908,lip_colour,1,10
37909,lip_colour,0,0
37910,lip_colour,0,0
37911,lip_colour,1,10
37912,lip_colour,1,10
37913,lip_colour,0,0
37914,lip_colour,0,0
37915,lip_colour,0,0
37916,lip_colour,1,10
37917,lip_colour,0,1
37918,lip_colour,0,0
37919,lip_colour,0,0
40920,foundation,1,4
40921,foundation,0,5
40922,foundation,1,2
40923,foundation,0,0
41279,foundation,0,1
41280,foundation,0,0
41281,foundation,0,0
41282,foundation,0,0
41283,foundation,0,0
41284,foundation,0,0
41285,foundation,0,0
41287,foundation,0,8
41288,foundation,0,0
41657,foundation,1,9
41658,foundation,0,0
41659,foundation,0,0
41660,foundation,0,1
41661,foundation,0,0
41662,foundation,0,9
41663,foundation,0,0
41664,foundation,1,9
41665,foundation,0,0
41666,foundation,0,0
478,emulsion,0,1
479,emulsion,0,0
480,emulsion,0,0
482,emulsion,0,0
483,emulsion,0,0
484,emulsion,0,1
485,emulsion,0,0
486,emulsion,0,1
487,emulsion,0,0
969,emulsion,0,0
970,emulsion,0,1
971,emulsion,1,10
972,emulsion,0,0
973,emulsion,0,7
974,emulsion,0,4
975,emulsion,0,0
976,emulsion,0,1
977,emulsion,1,10
978,emulsion,0,0
979,emulsion,1,10
980,emulsion,1,8
981,emulsion,1,6
982,emulsion,1,10
983,emulsion,0,4
984,emulsion,0,1
985,emulsion,1,1
986,emulsion,0,5
987,emulsion,0,0
988,emulsion,1,9
5814,face_cream,1,8
5815,face_cream,1,2
5816,face_cream,1,9
5817,face_cream,0,0
5818,face_cream,1,10
5819,face_cream,1,9
5820,face_cream,0,0
5821,face_cream,1,6
5822,face_cream,0,1
5823,face_cream,0,3
6731,face_cream,0,0
6732,face_cream,0,0
6733,face_cream,0,6
6735,face_cream,0,0
6737,face_cream,0,0
6738,face_cream,1,5
6739,face_cream,0,1
6740,face_cream,0,2
7794,face_cream,0,0
10295,serum_essence,0,0
10296,serum_essence,0,0
10297,serum_essence,0,0
10298,serum_essence,0,0
10299,serum_essence,0,0
10300,serum_essence,0,0
10301,serum_essence,0,1
10302,serum_essence,0,1
10303,serum_essence,0,0
10304,serum_essence,0,0
10305,serum_essence,0,0
10306,serum_essence,0,0
10307,serum_essence,0,0
10309,serum_essence,0,0
10310,serum_essence,0,0
10311,serum_essence,0,1
10312,serum_essence,1,0
10313,serum_essence,0,0
10314,serum_essence,0,1
10315,serum_essence,0,0
10316,serum_essence,0,0
10317,serum_essence,0,1
10318,serum_essence,0,0
10319,serum_essence,0,0
10320,serum_essence,0,0
10321,serum_essence,0,1
10322,serum_essence,0,1
10323,serum_essence,0,0
10324,serum_essence,0,1
10325,serum_essence,0,0
10326,serum_essence,0,0
10327,serum_essence,0,0
10328,serum_essence,0,0
10329,serum_essence,0,0
10330,serum_essence,0,0
10331,serum_essence,0,0
10332,serum_essence,0,0
10333,serum_essence,0,2
10334,serum_essence,0,0
10335,serum_essence,0,0
10336,serum_essence,0,0
10337,serum_essence,0,0
10338,serum_essence,0,1
10339,serum_essence,0,1
10340,serum_essence,0,1
10341,serum_essence,0,0
10342,serum_essence,0,0
10343,serum_essence,0,0
10344,serum_essence,0,0
11616,serum_essence,0,0
11617,serum_essence,0,0
11618,serum_essence,0,6
11619,serum_essence,1,8
11620,serum_essence,1,10
11621,serum_essence,1,8
11622,serum_essence,0,1
11623,serum_essence,0,0
11624,serum_essence,0,0
11625,serum_essence,1,7
11626,serum_essence,0,1
11628,serum_essence,0,3
11629,serum_essence,1,10
11630,serum_essence,0,1
11631,serum_essence,0,0
11633,serum_essence,0,0
11634,serum_essence,0,0
11635,serum_essence,0,0
11636,serum_essence,1,0
11637,serum_essence,0,0
11638,serum_essence,1,10
11639,serum_essence,0,1
11640,serum_essence,0,9
11641,serum_essence,1,9
11642,serum_essence,0,0
11643,serum_essence,1,8
11644,serum_essence,1,10
11645,serum_essence,0,0
15238,sun_protection,0,0
15239,sun_protection,0,0
15240,sun_protection,0,2
15241,sun_protection,0,0
15242,sun_protection,0,0
15243,sun_protection,0,0
15244,sun_protection,0,0
15245,sun_protection,0,0
15247,sun_protection,0,0
15574,sun_protection,0,0
15575,sun_protection,0,0
15576,sun_protection,0,0
15577,sun_protection,0,0
15578,sun_protection,0,1
15580,sun_protection,0,1
15581,sun_protection,0,0
15582,sun_protection,0,0
15583,sun_protection,0,0
18722,face_wash,0,0
18723,face_wash,0,0
18724,face_wash,0,1
18725,face_wash,0,0
18726,face_wash,0,0
18727,face_wash,0,0
18728,face_wash,0,0
18729,face_wash,0,0
18730,face_wash,0,0
18731,face_wash,0,0
19080,face_wash,0,0
19081,face_wash,0,0
19082,face_wash,1,1
19084,face_wash,0,0
19085,face_wash,0,0
19086,face_wash,0,1
19087,face_wash,0,0
19088,face_wash,0,0
19089,face_wash,1,10
19355,face_wash,0,0
19356,face_wash,0,0
19357,face_wash,0,0
19359,face_wash,0,0
19360,face_wash,0,0
19361,face_wash,0,0
19362,face_wash,0,0
19363,face_wash,0,0
19364,face_wash,1,0
20187,face_wash,0,0
20188,face_wash,0,1
20189,face_wash,0,0
20190,face_wash,0,0
20191,face_wash,0,0
20192,face_wash,0,0
20193,face_wash,0,0
20194,face_wash,0,0
20195,face_wash,0,0
24209,cleansing,0,0
24210,cleansing,0,0
24211,cleansing,0,0
24212,cleansing,0,0
24213,cleansing,0,0
24575,cleansing,0,0
24576,cleansing,0,0
24577,cleansing,0,0
24578,cleansing,0,0
24579,cleansing,0,0
24580,cleansing,0,0
24581,cleansing,0,0
24582,cleansing,0,0
24583,cleansing,0,0
24584,cleansing,0,0
24875,cleansing,0,2
24876,cleansing,0,0
24877,cleansing,0,0
24879,cleansing,0,0
24880,cleansing,0,0
24881,cleansing,0,0
24882,cleansing,0,0
25194,cleansing,0,0
25195,cleansing,0,0
25196,cleansing,0,0
25197,cleansing,0,0
25198,cleansing,0,0
25200,cleansing,0,0
25201,cleansing,0,0
25202,cleansing,0,0
25203,cleansing,0,2
27742,cleansing,0,0
27743,cleansing,0,0
27744,cleansing,0,0
27745,cleansing,0,0
27746,cleansing,0,0
27749,cleansing,0,0
27750,cleansing,0,0
27751,cleansing,0,0
28432,toner_lotion,0,0
28433,toner_lotion,0,0
28434,toner_lotion,0,0
28435,toner_lotion,0,0
28436,toner_lotion,0,1
28437,toner_lotion,0,0
28438,toner_lotion,0,0
28789,toner_lotion,0,0
28790,toner_lotion,0,0
28791,toner_lotion,0,2
28792,toner_lotion,0,0
28793,toner_lotion,0,0
28794,toner_lotion,0,0
28795,toner_lotion,0,0
30742,eye_shadow,0,0
30743,eye_shadow,0,1
30744,eye_shadow,0,0
30745,eye_shadow,0,0
30746,eye_shadow,0,0
30747,eye_shadow,0,0
31111,eye_shadow,0,1
31112,eye_shadow,0,0
31113,eye_shadow,0,0
31114,eye_shadow,0,0
31115,eye_shadow,0,0
31116,eye_shadow,0,0
31117,eye_shadow,0,0
31118,eye_shadow,0,1
31119,eye_shadow,0,0
31369,eye_shadow,1,0
31371,eye_shadow,0,0
31372,eye_shadow,0,0
31373,eye_shadow,0,0
31374,eye_shadow,0,0
31375,eye_shadow,0,0
31376,eye_shadow,0,0
31377,eye_shadow,0,0
31378,eye_shadow,0,2
31778,eye_shadow,0,0
31779,eye_shadow,0,1
31780,eye_shadow,0,0
31781,eye_shadow,0,0
31782,eye_shadow,0,1
31783,eye_shadow,0,0
31784,eye_shadow,1,1
31785,eye_shadow,0,0
31786,eye_shadow,0,0
31787,eye_shadow,0,0
32548,eye_shadow,0,0
32549,eye_shadow,0,0
32550,eye_shadow,0,0
32551,eye_shadow,0,0
32552,eye_shadow,0,0
32554,eye_shadow,0,0
32555,eye_shadow,0,0
32557,eye_shadow,0,0
32854,eye_shadow,0,0
32855,eye_shadow,0,2
32856,eye_shadow,0,1
32857,eye_shadow,0,0
32858,eye_shadow,0,0
32859,eye_shadow,0,0
32861,eye_shadow,0,0
32862,eye_shadow,0,0
32863,eye_shadow,0,0
32864,eye_shadow,0,0
32865,eye_shadow,1,1
32866,eye_shadow,0,1
32867,eye_shadow,0,0
32868,eye_shadow,0,0
32869,eye_shadow,0,0
33194,eye_shadow,0,0
33195,eye_shadow,0,0
33196,eye_shadow,0,0
33197,eye_shadow,0,0
36108,lip_colour,0,0
36109,lip_colour,0,0
36110,lip_colour,0,0
36111,lip_colour,0,0
36112,lip_colour,0,0
36113,lip_colour,0,0
36114,lip_colour,0,0
36115,lip_colour,0,0
36116,lip_colour,0,0
36491,lip_colour,0,0
36492,lip_colour,1,0
36493,lip_colour,0,0
36494,lip_colour,0,0
36495,lip_colour,0,0
36496,lip_colour,0,0
36497,lip_colour,0,0
36498,lip_colour,0,0
36499,lip_colour,0,0
36500,lip_colour,0,2
36883,lip_colour,0,0
36884,lip_colour,0,0
36885,lip_colour,0,0
36887,lip_colour,0,0
36888,lip_colour,0,0
36889,lip_colour,1,0
36890,lip_colour,0,0
37244,lip_colour,0,1
37245,lip_colour,0,0
37246,lip_colour,0,0
37247,lip_colour,0,1
37248,lip_colour,0,0
37249,lip_colour,0,0
37250,lip_colour,0,0
37251,lip_colour,0,0
37252,lip_colour,0,0
37253,lip_colour,0,0
37579,lip_colour,0,1
37580,lip_colour,0,0
37581,lip_colour,0,0
37582,lip_colour,0,0
37583,lip_colour,0,0
37584,lip_colour,0,0
37585,lip_colour,0,0
37586,lip_colour,0,0
37587,lip_colour,0,0
37588,lip_colour,0,0
37870,lip_colour,0,0
37871,lip_colour,0,0
37872,lip_colour,0,5
37873,lip_colour,0,0
37874,lip_colour,0,0
37875,lip_colour,0,0
37876,lip_colour,0,9
37877,lip_colour,1,9
37878,lip_colour,0,2
37879,lip_colour,1,10
37880,lip_colour,0,0
37881,lip_colour,1,4
37882,lip_colour,0,1
37883,lip_colour,0,0
37884,lip_colour,1,7
37885,lip_colour,0,0
37886,lip_colour,0,0
37887,lip_colour,1,10
37888,lip_colour,1,8
37889,lip_colour,1,10
37890,lip_colour,1,10
37891,lip_colour,1,0
37892,lip_colour,1,10
37893,lip_colour,1,7
37894,lip_colour,0,0
37895,lip_colour,0,0
38277,lip_colour,0,0
38278,lip_colour,0,1
38279,lip_colour,0,0
40904,foundation,1,7
40905,foundation,0,0
40908,foundation,0,6
40909,foundation,0,0
40910,foundation,0,0
40911,foundation,0,0
40912,foundation,0,0
40913,foundation,0,0
40914,foundation,0,1
40917,foundation,0,3
40918,foundation,0,0
40919,foundation,0,0
41269,foundation,0,0
41271,foundation,0,0
41272,foundation,0,0
41273,foundation,0,1
41274,foundation,0,1
41275,foundation,1,10
41276,foundation,0,3
41277,foundation,0,2
131,emulsion,0,1
132,emulsion,0,1
133,emulsion,0,0
135,emulsion,0,0
136,emulsion,0,0
137,emulsion,0,2
140,emulsion,0,0
469,emulsion,1,9
471,emulsion,0,0
472,emulsion,0,1
473,emulsion,0,0
474,emulsion,0,0
475,emulsion,0,3
476,emulsion,0,0
477,emulsion,1,10
959,emulsion,0,1
960,emulsion,0,0
961,emulsion,0,0
962,emulsion,0,3
963,emulsion,0,0
964,emulsion,0,1
965,emulsion,0,0
966,emulsion,0,0
967,emulsion,0,0
968,emulsion,0,0
5805,face_cream,1,10
5806,face_cream,0,1
5807,face_cream,0,0
5808,face_cream,0,0
5809,face_cream,0,0
5810,face_cream,0,1
5811,face_cream,0,0
5812,face_cream,0,0
5813,face_cream,0,0
6727,face_cream,0,0
6728,face_cream,0,0
6729,face_cream,0,0
6730,face_cream,0,1
7128,face_cream,0,0
7129,face_cream,0,0
7130,face_cream,0,1
7131,face_cream,0,0
7132,face_cream,0,0
7133,face_cream,1,10
7134,face_cream,0,0
7135,face_cream,0,0
7136,face_cream,0,0
7460,face_cream,0,0
7461,face_cream,0,0
7462,face_cream,0,1
7463,face_cream,0,0
7464,face_cream,0,0
7465,face_cream,0,0
7466,face_cream,0,0
7467,face_cream,0,0
7468,face_cream,0,0
7469,face_cream,0,0
7774,face_cream,0,1
7776,face_cream,0,0
7777,face_cream,1,10
7779,face_cream,0,0
7780,face_cream,1,10
7781,face_cream,0,1
7782,face_cream,0,0
7783,face_cream,0,0
7784,face_cream,0,0
7785,face_cream,0,4
7786,face_cream,1,10
7787,face_cream,0,1
7789,face_cream,0,1
7790,face_cream,0,0
7791,face_cream,1,8
7792,face_cream,0,0
7793,face_cream,0,0
10285,serum_essence,0,1
10286,serum_essence,0,0
10287,serum_essence,0,0
10288,serum_essence,1,0
10289,serum_essence,0,0
10290,serum_essence,0,0
10291,serum_essence,0,0
10292,serum_essence,0,0
10293,serum_essence,0,0
10294,serum_essence,0,0
10501,serum_essence,0,0
10502,serum_essence,0,0
10503,serum_essence,0,1
10504,serum_essence,0,0
10505,serum_essence,0,0
10506,serum_essence,0,0
10507,serum_essence,0,0
10509,serum_essence,0,0
10510,serum_essence,0,0
11186,serum_essence,0,0
11187,serum_essence,0,0
11188,serum_essence,0,0
11189,serum_essence,1,10
11190,serum_essence,1,10
11193,serum_essence,0,0
11194,serum_essence,0,0
11586,serum_essence,0,0
11587,serum_essence,0,0
11589,serum_essence,0,0
11590,serum_essence,1,10
11591,serum_essence,0,6
11592,serum_essence,0,0
11594,serum_essence,1,9
11595,serum_essence,0,0
11596,serum_essence,1,8
11597,serum_essence,1,10
11598,serum_essence,1,7
11599,serum_essence,1,5
11600,serum_essence,1,8
11601,serum_essence,0,0
11602,serum_essence,1,9
11603,serum_essence,1,8
11604,serum_essence,0,0
11605,serum_essence,1,8
11606,serum_essence,1,10
11607,serum_essence,1,6
11608,serum_essence,1,7
11609,serum_essence,1,10
11610,serum_essence,0,0
11611,serum_essence,1,10
11613,serum_essence,0,1
11614,serum_essence,1,10
11980,serum_essence,0,0
11981,serum_essence,0,0
11982,serum_essence,1,8
11983,serum_essence,0,0
11984,serum_essence,0,0
11985,serum_essence,0,0
11986,serum_essence,0,1
11987,serum_essence,1,10
19667,face_wash,0,0
19668,face_wash,0,0
19669,face_wash,0,1
19671,face_wash,0,0
19672,face_wash,0,1
19673,face_wash,0,0
19674,face_wash,0,0
19675,face_wash,0,1
20167,face_wash,0,0
20168,face_wash,0,0
20170,face_wash,0,1
20171,face_wash,1,10
20172,face_wash,1,10
20173,face_wash,1,2
20175,face_wash,1,10
20176,face_wash,0,0
20177,face_wash,0,0
20178,face_wash,0,0
20179,face_wash,0,0
20181,face_wash,0,0
20182,face_wash,0,0
20183,face_wash,0,0
20184,face_wash,0,0
20185,face_wash,0,0
20530,face_wash,0,0
20532,face_wash,0,1
20533,face_wash,0,0
20535,face_wash,0,0
20536,face_wash,0,0
20537,face_wash,0,0
20538,face_wash,0,1
20539,face_wash,0,0
20540,face_wash,0,0
20541,face_wash,0,0
20542,face_wash,0,1
20543,face_wash,0,0
20544,face_wash,0,0
20545,face_wash,0,0
20546,face_wash,0,0
23847,cleansing,0,0
23848,cleansing,0,0
23849,cleansing,0,0
23850,cleansing,0,0
23852,cleansing,0,5
23853,cleansing,0,0
23854,cleansing,0,0
23855,cleansing,0,0
24565,cleansing,0,0
24566,cleansing,0,0
24568,cleansing,0,0
24569,cleansing,0,0
24570,cleansing,0,0
24571,cleansing,0,0
24572,cleansing,0,0
24573,cleansing,0,0
24574,cleansing,0,0
24863,cleansing,0,0
24864,cleansing,0,0
24865,cleansing,0,1
24866,cleansing,0,0
24867,cleansing,0,0
24868,cleansing,0,0
24869,cleansing,0,0
24870,cleansing,0,0
24871,cleansing,0,0
24873,cleansing,0,0
24874,cleansing,0,0
25184,cleansing,0,0
25185,cleansing,0,0
25186,cleansing,0,0
25187,cleansing,0,0
25188,cleansing,0,0
25189,cleansing,0,0
25190,cleansing,0,0
25191,cleansing,0,0
25192,cleansing,1,1
25193,cleansing,0,0
25658,cleansing,0,0
25660,cleansing,0,0
25661,cleansing,0,0
28095,cleansing,0,1
28096,cleansing,0,0
28098,cleansing,0,0
28099,cleansing,0,0
28100,cleansing,0,0
28101,cleansing,0,0
28102,cleansing,0,0
28103,cleansing,0,0
28104,cleansing,0,0
28429,toner_lotion,0,1
28430,toner_lotion,0,0
28431,toner_lotion,0,0
28786,toner_lotion,0,0
28788,toner_lotion,0,0
29172,toner_lotion,0,1
29173,toner_lotion,0,0
29175,toner_lotion,0,0
29176,toner_lotion,0,0
29177,toner_lotion,0,0
29180,toner_lotion,0,0
30738,eye_shadow,0,0
30739,eye_shadow,0,0
31768,eye_shadow,0,0
31770,eye_shadow,0,0
31773,eye_shadow,0,0
31774,eye_shadow,0,1
31775,eye_shadow,0,0
31776,eye_shadow,0,0
31777,eye_shadow,0,0
32164,eye_shadow,0,0
32165,eye_shadow,0,0
32166,eye_shadow,0,0
32167,eye_shadow,0,0
32168,eye_shadow,0,0
32169,eye_shadow,0,0
32170,eye_shadow,0,1
32171,eye_shadow,0,0
32172,eye_shadow,0,0
32173,eye_shadow,0,0
32844,eye_shadow,0,0
32845,eye_shadow,0,0
32846,eye_shadow,0,0
32847,eye_shadow,0,0
32848,eye_shadow,0,0
32849,eye_shadow,0,0
32850,eye_shadow,0,0
32851,eye_shadow,0,0
32852,eye_shadow,0,0
32853,eye_shadow,0,0
35741,lip_colour,0,0
35742,lip_colour,0,0
35743,lip_colour,0,0
35744,lip_colour,0,0
35746,lip_colour,0,0
35747,lip_colour,0,0
35749,lip_colour,0,1
35750,lip_colour,0,1
36471,lip_colour,0,0
36472,lip_colour,0,0
36473,lip_colour,0,0
36474,lip_colour,0,0
36475,lip_colour,0,0
36476,lip_colour,0,0
36477,lip_colour,0,0
36478,lip_colour,0,0
36479,lip_colour,0,0
36480,lip_colour,0,0
36481,lip_colour,0,0
36482,lip_colour,0,0
36483,lip_colour,0,0
36484,lip_colour,0,0
36485,lip_colour,0,0
36486,lip_colour,0,0
36488,lip_colour,0,0
36489,lip_colour,0,1
36490,lip_colour,0,0
36874,lip_colour,0,0
36875,lip_colour,0,0
36876,lip_colour,0,0
36877,lip_colour,0,0
36878,lip_colour,0,1
36879,lip_colour,0,0
36880,lip_colour,0,0
36881,lip_colour,0,0
37559,lip_colour,0,0
37560,lip_colour,0,0
37561,lip_colour,0,1
37562,lip_colour,0,0
37563,lip_colour,0,1
37564,lip_colour,0,0
37565,lip_colour,0,0
37566,lip_colour,0,1
37567,lip_colour,0,0
37568,lip_colour,0,0
37569,lip_colour,0,1
37570,lip_colour,0,0
37571,lip_colour,0,0
37572,lip_colour,0,0
37573,lip_colour,0,0
37574,lip_colour,0,0
37575,lip_colour,0,0
37576,lip_colour,0,0
37577,lip_colour,0,1
37578,lip_colour,0,0
37830,lip_colour,1,9
37831,lip_colour,1,9
37832,lip_colour,0,0
37833,lip_colour,0,0
37834,lip_colour,0,1
37835,lip_colour,1,7
37836,lip_colour,0,0
37837,lip_colour,0,0
37838,lip_colour,0,0
37839,lip_colour,1,10
37840,lip_colour,0,0
37841,lip_colour,0,0
37842,lip_colour,0,0
37843,lip_colour,1,8
37844,lip_colour,1,9
37845,lip_colour,1,9
37846,lip_colour,1,10
37847,lip_colour,1,10
37848,lip_colour,0,0
37849,lip_colour,1,10
37851,lip_colour,1,8
37852,lip_colour,0,1
37853,lip_colour,0,0
37854,lip_colour,0,9
37855,lip_colour,1,9
37856,lip_colour,0,9
37857,lip_colour,1,10
37858,lip_colour,0,0
37859,lip_colour,0,1
37860,lip_colour,0,0
37861,lip_colour,0,0
37863,lip_colour,0,0
37864,lip_colour,0,0
37865,lip_colour,0,0
37866,lip_colour,0,0
37867,lip_colour,1,8
37868,lip_colour,0,0
37869,lip_colour,0,1
38257,lip_colour,0,0
38258,lip_colour,0,0
38259,lip_colour,0,0
38260,lip_colour,0,0
38261,lip_colour,0,0
38262,lip_colour,0,0
38264,lip_colour,0,0
38265,lip_colour,0,0
38266,lip_colour,0,0
38267,lip_colour,0,0
38268,lip_colour,0,0
38269,lip_colour,0,0
38271,lip_colour,0,0
38272,lip_colour,0,0
38273,lip_colour,0,1
38274,lip_colour,0,0
38276,lip_colour,0,1
41259,foundation,0,0
41260,foundation,0,1
41261,foundation,0,0
41262,foundation,0,1
41263,foundation,0,3
41265,foundation,0,1
41266,foundation,0,0
41267,foundation,0,0
41268,foundation,0,1
41648,foundation,0,2
41649,foundation,0,0
41650,foundation,0,0
41652,foundation,0,0
41653,foundation,1,0
41654,foundation,0,0
41655,foundation,0,0
41656,foundation,0,0
458,emulsion,0,2
459,emulsion,0,0
460,emulsion,0,0
461,emulsion,0,0
462,emulsion,0,7
463,emulsion,0,1
464,emulsion,0,1
465,emulsion,0,0
466,emulsion,0,0
467,emulsion,0,0
950,emulsion,0,1
951,emulsion,0,1
952,emulsion,0,0
953,emulsion,0,2
954,emulsion,0,0
955,emulsion,0,0
956,emulsion,0,0
957,emulsion,0,0
958,emulsion,0,0
6017,face_cream,0,2
6018,face_cream,0,0
6019,face_cream,0,0
6021,face_cream,0,0
6022,face_cream,0,1
6023,face_cream,0,10
6024,face_cream,1,10
6025,face_cream,0,0
6026,face_cream,0,1
6027,face_cream,0,0
6029,face_cream,0,1
6030,face_cream,0,0
6031,face_cream,0,0
6032,face_cream,0,0
6033,face_cream,0,0
6034,face_cream,0,0
6035,face_cream,0,0
6302,face_cream,0,2
6303,face_cream,0,0
6304,face_cream,0,0
6305,face_cream,0,0
6306,face_cream,0,0
6307,face_cream,0,0
6308,face_cream,0,1
6309,face_cream,0,1
6310,face_cream,0,0
6311,face_cream,0,0
6721,face_cream,0,0
6722,face_cream,0,0
6723,face_cream,0,0
6724,face_cream,0,0
6725,face_cream,0,0
6726,face_cream,0,1
7117,face_cream,1,10
7118,face_cream,0,1
7119,face_cream,0,0
7120,face_cream,0,1
7121,face_cream,0,0
7122,face_cream,0,1
7123,face_cream,1,7
7124,face_cream,1,8
7125,face_cream,0,0
7126,face_cream,1,8
7127,face_cream,0,0
7452,face_cream,0,1
7453,face_cream,0,0
7454,face_cream,0,0
7455,face_cream,0,1
7457,face_cream,0,0
7458,face_cream,0,0
7459,face_cream,0,0
7764,face_cream,0,1
7765,face_cream,0,0
7766,face_cream,0,1
7767,face_cream,0,0
7768,face_cream,0,0
7770,face_cream,0,0
7771,face_cream,0,0
7772,face_cream,0,0
7773,face_cream,0,0
9848,face_cream,0,0
9849,face_cream,0,0
9850,face_cream,0,1
9851,face_cream,0,0
9852,face_cream,0,0
9853,face_cream,0,1
9854,face_cream,0,0
9855,face_cream,0,0
9856,face_cream,0,0
9857,face_cream,0,0
10275,serum_essence,0,0
10276,serum_essence,0,0
10277,serum_essence,0,0
10278,serum_essence,0,0
10280,serum_essence,0,0
10281,serum_essence,0,0
10282,serum_essence,0,0
10283,serum_essence,0,0
10284,serum_essence,0,0
11576,serum_essence,1,0
11577,serum_essence,0,0
11578,serum_essence,0,0
11579,serum_essence,1,10
11580,serum_essence,1,9
11582,serum_essence,0,0
11583,serum_essence,1,10
11584,serum_essence,0,0
11585,serum_essence,0,0
15564,sun_protection,0,0
15565,sun_protection,0,0
15566,sun_protection,0,0
15568,sun_protection,0,0
15569,sun_protection,0,0
15570,sun_protection,0,0
15572,sun_protection,0,0
18715,face_wash,0,0
18716,face_wash,0,0
18717,face_wash,0,0
18718,face_wash,0,0
18719,face_wash,0,0
18720,face_wash,0,0
18721,face_wash,0,0
19345,face_wash,0,0
19346,face_wash,0,0
19347,face_wash,0,0
19348,face_wash,0,0
19349,face_wash,0,0
19350,face_wash,0,0
19352,face_wash,0,6
19353,face_wash,0,1
19354,face_wash,0,0
20156,face_wash,0,0
20157,face_wash,0,1
20159,face_wash,1,10
20160,face_wash,1,8
20161,face_wash,0,0
20162,face_wash,0,0
20163,face_wash,1,10
20164,face_wash,0,0
20165,face_wash,1,10
20520,face_wash,0,1
20521,face_wash,0,0
20522,face_wash,0,0
20523,face_wash,0,0
20524,face_wash,0,1
20525,face_wash,0,0
20526,face_wash,0,0
20528,face_wash,0,0
20529,face_wash,0,0
23467,cleansing,0,0
23469,cleansing,0,0
23470,cleansing,0,0
23471,cleansing,0,0
23473,cleansing,0,0
23474,cleansing,0,0
23475,cleansing,0,0
23476,cleansing,0,0
24199,cleansing,0,0
24200,cleansing,0,0
24201,cleansing,0,0
24202,cleansing,0,0
24203,cleansing,0,0
24204,cleansing,0,0
24205,cleansing,0,0
24206,cleansing,0,0
24207,cleansing,0,0
24208,cleansing,0,0
24555,cleansing,0,0
24556,cleansing,0,0
24558,cleansing,1,1
24559,cleansing,0,1
24560,cleansing,0,0
24561,cleansing,0,1
24562,cleansing,0,1
24563,cleansing,0,0
24564,cleansing,0,1
24853,cleansing,0,0
24854,cleansing,0,0
24855,cleansing,0,0
24856,cleansing,0,0
24857,cleansing,0,0
24858,cleansing,0,0
24859,cleansing,0,0
24860,cleansing,1,0
24861,cleansing,0,0
24862,cleansing,0,1
25174,cleansing,1,5
25175,cleansing,0,0
25176,cleansing,1,10
25177,cleansing,1,10
25178,cleansing,0,0
25179,cleansing,0,1
25180,cleansing,0,0
25181,cleansing,0,0
25182,cleansing,0,1
25183,cleansing,0,1
25647,cleansing,0,0
25648,cleansing,0,0
25649,cleansing,0,0
25650,cleansing,0,0
25651,cleansing,0,0
25652,cleansing,0,0
25653,cleansing,0,0
25654,cleansing,0,0
25655,cleansing,0,0
25656,cleansing,0,0
29170,toner_lotion,0,0
30346,toner_lotion,0,0
30347,toner_lotion,0,0
30348,toner_lotion,1,9
30349,toner_lotion,0,0
30350,toner_lotion,0,0
30351,toner_lotion,0,0
30353,toner_lotion,1,9
30354,toner_lotion,0,1
30355,toner_lotion,1,10
31359,eye_shadow,0,0
31360,eye_shadow,0,0
31361,eye_shadow,0,0
31362,eye_shadow,0,0
31363,eye_shadow,0,1
31364,eye_shadow,0,0
31365,eye_shadow,0,0
31366,eye_shadow,0,0
31367,eye_shadow,0,1
31368,eye_shadow,0,0
31758,eye_shadow,0,0
31759,eye_shadow,0,0
31760,eye_shadow,0,0
31761,eye_shadow,0,0
31762,eye_shadow,0,0
31763,eye_shadow,0,0
31765,eye_shadow,0,0
31766,eye_shadow,0,0
31767,eye_shadow,0,0
32155,eye_shadow,0,0
32156,eye_shadow,0,1
32157,eye_shadow,0,0
32158,eye_shadow,0,0
32159,eye_shadow,0,0
32160,eye_shadow,0,0
32161,eye_shadow,0,0
32162,eye_shadow,0,0
32163,eye_shadow,0,0
32538,eye_shadow,0,0
32539,eye_shadow,0,0
32540,eye_shadow,0,0
32541,eye_shadow,0,0
32542,eye_shadow,0,0
32543,eye_shadow,0,0
32544,eye_shadow,0,0
32545,eye_shadow,0,0
32546,eye_shadow,1,0
32547,eye_shadow,0,0
32834,eye_shadow,0,0
32835,eye_shadow,0,0
32836,eye_shadow,0,1
32837,eye_shadow,0,0
32838,eye_shadow,0,0
32839,eye_shadow,0,0
32840,eye_shadow,0,0
32841,eye_shadow,0,0
32842,eye_shadow,0,0
32843,eye_shadow,0,0
36097,lip_colour,0,1
36098,lip_colour,0,0
36099,lip_colour,0,0
36100,lip_colour,0,0
36101,lip_colour,0,0
36102,lip_colour,0,0
36104,lip_colour,0,0
36105,lip_colour,0,1
36465,lip_colour,0,0
36466,lip_colour,0,0
36467,lip_colour,0,0
36468,lip_colour,0,0
36469,lip_colour,0,1
36470,lip_colour,0,0
36854,lip_colour,0,0
36855,lip_colour,0,0
36857,lip_colour,0,0
36858,lip_colour,0,0
36860,lip_colour,0,0
36861,lip_colour,0,0
36862,lip_colour,0,0
36863,lip_colour,0,0
36864,lip_colour,0,1
36865,lip_colour,0,0
36866,lip_colour,0,1
36867,lip_colour,0,0
36869,lip_colour,0,0
36870,lip_colour,0,0
36872,lip_colour,0,0
36873,lip_colour,0,0
37549,lip_colour,0,0
37550,lip_colour,0,0
37551,lip_colour,0,0
37552,lip_colour,0,0
37553,lip_colour,0,0
37554,lip_colour,0,0
37555,lip_colour,0,0
37556,lip_colour,0,0
37557,lip_colour,0,0
37558,lip_colour,0,0
37820,lip_colour,0,4
37823,lip_colour,0,2
37824,lip_colour,1,9
37825,lip_colour,0,1
37826,lip_colour,0,0
37828,lip_colour,0,1
37829,lip_colour,1,10
38248,lip_colour,0,1
38249,lip_colour,0,0
38250,lip_colour,0,0
38251,lip_colour,0,0
38252,lip_colour,0,0
38253,lip_colour,0,0
38254,lip_colour,0,0
38255,lip_colour,0,0
38256,lip_colour,0,0
38610,lip_colour,0,1
40894,foundation,0,0
40895,foundation,0,0
40896,foundation,0,0
40897,foundation,0,0
40898,foundation,0,0
40899,foundation,0,1
40903,foundation,0,0
41250,foundation,0,0
41252,foundation,0,0
41253,foundation,0,1
41254,foundation,0,2
41256,foundation,0,0
41257,foundation,0,1
41258,foundation,0,0
122,emulsion,0,0
123,emulsion,0,0
124,emulsion,0,3
125,emulsion,0,1
127,emulsion,0,0
128,emulsion,0,0
129,emulsion,0,0
448,emulsion,0,0
449,emulsion,0,1
450,emulsion,0,0
452,emulsion,0,1
454,emulsion,0,1
455,emulsion,0,0
456,emulsion,0,0
457,emulsion,0,0
926,emulsion,0,1
927,emulsion,0,0
928,emulsion,0,0
929,emulsion,0,0
932,emulsion,0,0
934,emulsion,0,0
935,emulsion,0,0
936,emulsion,0,0
937,emulsion,0,0
938,emulsion,0,1
941,emulsion,0,0
942,emulsion,0,0
943,emulsion,0,0
944,emulsion,0,0
946,emulsion,0,0
947,emulsion,0,1
948,emulsion,0,0
1328,emulsion,0,0
1329,emulsion,1,10
1330,emulsion,0,1
5794,face_cream,0,0
5795,face_cream,0,0
5796,face_cream,0,0
5797,face_cream,0,0
5798,face_cream,0,0
5799,face_cream,0,0
5800,face_cream,0,0
5801,face_cream,0,0
5802,face_cream,0,2
5803,face_cream,0,0
6007,face_cream,0,0
6008,face_cream,0,0
6009,face_cream,0,1
6010,face_cream,1,8
6011,face_cream,0,0
6012,face_cream,0,0
6013,face_cream,0,1
6014,face_cream,0,5
6015,face_cream,0,1
6016,face_cream,0,0
6292,face_cream,0,1
6293,face_cream,0,0
6294,face_cream,0,0
6295,face_cream,0,0
6296,face_cream,0,0
6297,face_cream,0,0
6299,face_cream,0,0
6300,face_cream,0,0
6301,face_cream,0,1
6711,face_cream,1,1
6713,face_cream,0,0
6714,face_cream,0,1
6715,face_cream,0,0
6716,face_cream,0,0
6717,face_cream,0,1
6718,face_cream,0,0
6720,face_cream,0,0
7097,face_cream,0,1
7098,face_cream,0,0
7099,face_cream,0,0
7100,face_cream,1,7
7101,face_cream,0,0
7103,face_cream,0,0
7104,face_cream,0,0
7105,face_cream,0,0
7106,face_cream,0,0
7107,face_cream,1,10
7108,face_cream,0,2
7109,face_cream,1,0
7110,face_cream,0,0
7111,face_cream,0,0
7112,face_cream,0,0
7113,face_cream,0,0
7114,face_cream,0,0
7116,face_cream,0,0
7440,face_cream,0,2
7441,face_cream,0,0
7442,face_cream,0,0
7443,face_cream,1,8
7444,face_cream,1,8
7445,face_cream,0,0
7446,face_cream,0,0
7447,face_cream,0,0
7448,face_cream,0,1
7449,face_cream,1,7
7450,face_cream,0,0
7451,face_cream,0,0
7754,face_cream,0,0
7756,face_cream,0,0
7757,face_cream,0,0
7758,face_cream,0,0
7759,face_cream,0,0
7760,face_cream,0,0
7761,face_cream,0,1
7762,face_cream,0,0
7763,face_cream,0,1
10255,serum_essence,0,1
10256,serum_essence,0,0
10257,serum_essence,1,1
10258,serum_essence,0,0
10259,serum_essence,0,0
10260,serum_essence,0,0
10261,serum_essence,0,0
10262,serum_essence,0,0
10264,serum_essence,0,0
10265,serum_essence,0,0
10266,serum_essence,0,0
10267,serum_essence,0,0
10268,serum_essence,0,0
10269,serum_essence,0,0
10270,serum_essence,1,6
10271,serum_essence,0,0
10273,serum_essence,0,0
10492,serum_essence,0,0
10494,serum_essence,0,0
10495,serum_essence,0,0
10496,serum_essence,0,0
10497,serum_essence,0,0
10500,serum_essence,0,0
11176,serum_essence,0,0
11177,serum_essence,0,0
11178,serum_essence,0,0
11179,serum_essence,0,0
11180,serum_essence,0,0
11181,serum_essence,0,0
11182,serum_essence,0,0
11183,serum_essence,0,0
11184,serum_essence,0,0
11185,serum_essence,0,1
11556,serum_essence,0,1
11557,serum_essence,1,10
11558,serum_essence,0,0
11559,serum_essence,0,0
11561,serum_essence,1,10
11562,serum_essence,0,0
11563,serum_essence,0,1
11564,serum_essence,0,0
11565,serum_essence,0,1
11566,serum_essence,0,0
11567,serum_essence,1,10
11568,serum_essence,0,1
11569,serum_essence,0,0
11570,serum_essence,0,0
11571,serum_essence,0,0
11572,serum_essence,0,1
12288,serum_essence,0,2
12289,serum_essence,0,0
12290,serum_essence,0,0
12291,serum_essence,0,0
12292,serum_essence,0,0
12293,serum_essence,0,0
12294,serum_essence,0,0
12295,serum_essence,0,0
12296,serum_essence,0,2
12297,serum_essence,0,0
12298,serum_essence,0,0
12299,serum_essence,0,0
12300,serum_essence,0,0
12301,serum_essence,0,1
12602,serum_essence,1,4
12603,serum_essence,1,0
12605,serum_essence,0,1
12606,serum_essence,0,1
12607,serum_essence,0,0
12608,serum_essence,0,0
12609,serum_essence,1,2
12610,serum_essence,0,1
12611,serum_essence,1,9
12612,serum_essence,1,10
12613,serum_essence,1,0
12614,serum_essence,0,0
12615,serum_essence,0,0
12616,serum_essence,0,2
12617,serum_essence,1,9
12618,serum_essence,0,2
12619,serum_essence,0,1
15554,sun_protection,1,0
15555,sun_protection,0,0
15556,sun_protection,0,0
15557,sun_protection,0,0
15558,sun_protection,0,0
15559,sun_protection,0,0
15560,sun_protection,0,0
15562,sun_protection,0,0
15563,sun_protection,0,0
18702,face_wash,0,0
18703,face_wash,0,0
18704,face_wash,0,0
18706,face_wash,0,0
18707,face_wash,0,1
18708,face_wash,0,0
18709,face_wash,0,1
18710,face_wash,0,0
18711,face_wash,0,0
18713,face_wash,0,0
18714,face_wash,0,1
19070,face_wash,1,10
19071,face_wash,0,0
19072,face_wash,0,1
19073,face_wash,0,0
19074,face_wash,0,0
19075,face_wash,0,0
19076,face_wash,0,0
19079,face_wash,0,0
19335,face_wash,0,0
19337,face_wash,0,0
19338,face_wash,0,0
19340,face_wash,0,0
19341,face_wash,0,0
19342,face_wash,0,0
19343,face_wash,0,9
19344,face_wash,0,0
19656,face_wash,0,0
19657,face_wash,0,0
19658,face_wash,0,0
19659,face_wash,0,0
19660,face_wash,0,0
19661,face_wash,0,0
19662,face_wash,0,1
19663,face_wash,0,0
19664,face_wash,0,0
19665,face_wash,0,0
20134,face_wash,0,0
20135,face_wash,1,10
20136,face_wash,0,0
20137,face_wash,1,0
20138,face_wash,0,1
20139,face_wash,0,0
20140,face_wash,0,0
20141,face_wash,0,0
20142,face_wash,0,0
20143,face_wash,0,0
20145,face_wash,1,7
20146,face_wash,0,0
20147,face_wash,0,0
20148,face_wash,0,0
20149,face_wash,0,0
20150,face_wash,0,0
20151,face_wash,0,0
20152,face_wash,0,0
20153,face_wash,0,0
20155,face_wash,0,0
20482,face_wash,0,0
20483,face_wash,0,0
20484,face_wash,0,1
20485,face_wash,0,1
20486,face_wash,1,0
20487,face_wash,0,0
20488,face_wash,1,10
20489,face_wash,0,0
20490,face_wash,0,0
20491,face_wash,0,0
20492,face_wash,0,0
20493,face_wash,0,0
20494,face_wash,0,0
20495,face_wash,0,0
20496,face_wash,0,0
20497,face_wash,0,0
20498,face_wash,0,0
20500,face_wash,0,0
20501,face_wash,0,0
20502,face_wash,0,0
20503,face_wash,0,0
20504,face_wash,0,0
20505,face_wash,0,0
20506,face_wash,0,0
20507,face_wash,0,1
20508,face_wash,0,0
20509,face_wash,0,0
20510,face_wash,0,1
20511,face_wash,0,0
20512,face_wash,0,0
20513,face_wash,0,0
20514,face_wash,0,0
20515,face_wash,0,1
20516,face_wash,0,0
20517,face_wash,0,0
20518,face_wash,0,0
20519,face_wash,0,0
23836,cleansing,0,0
23837,cleansing,0,0
23838,cleansing,0,1
23840,cleansing,0,0
23841,cleansing,0,0
23843,cleansing,0,0
23845,cleansing,0,1
24189,cleansing,0,0
24190,cleansing,0,0
24191,cleansing,0,0
24192,cleansing,0,0
24193,cleansing,0,0
24194,cleansing,0,0
24195,cleansing,0,0
24197,cleansing,0,0
24198,cleansing,0,0
24545,cleansing,0,0
24546,cleansing,0,0
24547,cleansing,0,0
24548,cleansing,0,0
24549,cleansing,0,1
24550,cleansing,0,1
24552,cleansing,0,0
24553,cleansing,0,0
24833,cleansing,0,0
24834,cleansing,0,6
24835,cleansing,0,0
24836,cleansing,0,0
24837,cleansing,0,0
24838,cleansing,1,9
24839,cleansing,0,0
24840,cleansing,0,0
24841,cleansing,0,1
24842,cleansing,0,1
24843,cleansing,0,1
24844,cleansing,0,1
24845,cleansing,0,0
24846,cleansing,0,0
24847,cleansing,0,0
24848,cleansing,0,0
24849,cleansing,0,0
24850,cleansing,0,0
24851,cleansing,0,0
24852,cleansing,0,0
25154,cleansing,0,0
25155,cleansing,0,0
25156,cleansing,0,0
25158,cleansing,0,0
25160,cleansing,0,0
25161,cleansing,0,0
25162,cleansing,0,1
25163,cleansing,0,0
25164,cleansing,0,0
25165,cleansing,0,0
25166,cleansing,0,0
25167,cleansing,0,0
25168,cleansing,0,0
25169,cleansing,0,0
25170,cleansing,0,0
25171,cleansing,0,0
25172,cleansing,1,0
25173,cleansing,0,0
25605,cleansing,0,0
25607,cleansing,0,1
25608,cleansing,0,0
25610,cleansing,0,0
25611,cleansing,0,0
25612,cleansing,0,0
25613,cleansing,0,2
25614,cleansing,0,0
25615,cleansing,0,0
25616,cleansing,0,1
25617,cleansing,0,0
25619,cleansing,0,0
25620,cleansing,0,0
25621,cleansing,0,0
25622,cleansing,0,0
25623,cleansing,0,0
25624,cleansing,0,1
25625,cleansing,0,0
25626,cleansing,0,0
25627,cleansing,0,0
25628,cleansing,0,0
25629,cleansing,0,0
25630,cleansing,0,0
25631,cleansing,0,0
25632,cleansing,0,1
25633,cleansing,0,0
25634,cleansing,0,0
25635,cleansing,0,0
25636,cleansing,0,0
25637,cleansing,0,1
25638,cleansing,0,0
25639,cleansing,0,1
25640,cleansing,0,0
25641,cleansing,0,1
25642,cleansing,0,0
25643,cleansing,0,1
25644,cleansing,0,0
25645,cleansing,0,1
25646,cleansing,0,2
28085,cleansing,0,0
28086,cleansing,0,0
28087,cleansing,0,1
28088,cleansing,0,1
28089,cleansing,0,0
28090,cleansing,0,0
28091,cleansing,0,0
28092,cleansing,0,0
28093,cleansing,0,0
28094,cleansing,0,1
28419,toner_lotion,0,0
28420,toner_lotion,0,0
28422,toner_lotion,0,0
28424,toner_lotion,0,0
28425,toner_lotion,0,0
28426,toner_lotion,0,0
28427,toner_lotion,0,0
28428,toner_lotion,0,0
29151,toner_lotion,0,0
29152,toner_lotion,0,0
29153,toner_lotion,0,0
29154,toner_lotion,0,0
29155,toner_lotion,0,0
29156,toner_lotion,0,0
29157,toner_lotion,0,0
29161,toner_lotion,0,0
29162,toner_lotion,0,0
29163,toner_lotion,0,0
29164,toner_lotion,0,0
29165,toner_lotion,0,0
29166,toner_lotion,0,0
29167,toner_lotion,0,0
29168,toner_lotion,0,0
29169,toner_lotion,0,0
30728,eye_shadow,0,0
30729,eye_shadow,0,0
30731,eye_shadow,0,0
30732,eye_shadow,0,0
30733,eye_shadow,0,0
30734,eye_shadow,0,0
30735,eye_shadow,0,0
30736,eye_shadow,0,0
30737,eye_shadow,0,0
31102,eye_shadow,0,1
31103,eye_shadow,0,1
31104,eye_shadow,0,0
31105,eye_shadow,0,0
31106,eye_shadow,0,0
31109,eye_shadow,0,0
31110,eye_shadow,0,2
31349,eye_shadow,0,0
31350,eye_shadow,0,0
31351,eye_shadow,0,0
31352,eye_shadow,0,0
31353,eye_shadow,0,0
31354,eye_shadow,0,0
31356,eye_shadow,0,0
31357,eye_shadow,0,0
31358,eye_shadow,0,0
31748,eye_shadow,0,0
31749,eye_shadow,0,0
31750,eye_shadow,0,0
31753,eye_shadow,0,0
31754,eye_shadow,0,0
31755,eye_shadow,0,0
31757,eye_shadow,0,0
32144,eye_shadow,0,0
32145,eye_shadow,0,0
32146,eye_shadow,0,0
32147,eye_shadow,0,0
32148,eye_shadow,0,0
32149,eye_shadow,0,0
32150,eye_shadow,0,0
32151,eye_shadow,0,0
32152,eye_shadow,0,0
32153,eye_shadow,0,0
32518,eye_shadow,0,0
32519,eye_shadow,0,0
32520,eye_shadow,0,0
32521,eye_shadow,0,0
32522,eye_shadow,0,0
32523,eye_shadow,0,0
32524,eye_shadow,0,0
32525,eye_shadow,0,0
32526,eye_shadow,0,0
32527,eye_shadow,0,0
32528,eye_shadow,0,0
32529,eye_shadow,0,0
32530,eye_shadow,0,0
32531,eye_shadow,0,0
32532,eye_shadow,0,0
32533,eye_shadow,0,0
32534,eye_shadow,0,0
32535,eye_shadow,0,0
32537,eye_shadow,0,0
32804,eye_shadow,0,0
32805,eye_shadow,0,0
32806,eye_shadow,0,0
32807,eye_shadow,0,0
32808,eye_shadow,0,0
32809,eye_shadow,0,0
32810,eye_shadow,0,0
32811,eye_shadow,0,0
32812,eye_shadow,0,0
32813,eye_shadow,0,0
32814,eye_shadow,0,0
32816,eye_shadow,0,0
32817,eye_shadow,0,1
32818,eye_shadow,0,0
32819,eye_shadow,0,0
32820,eye_shadow,0,0
32821,eye_shadow,0,0
32822,eye_shadow,0,0
32823,eye_shadow,0,1
32824,eye_shadow,0,0
32825,eye_shadow,0,0
32826,eye_shadow,0,0
32827,eye_shadow,0,0
32828,eye_shadow,0,0
32829,eye_shadow,0,1
32830,eye_shadow,0,0
32831,eye_shadow,0,0
32832,eye_shadow,0,0
32833,eye_shadow,0,0
33184,eye_shadow,0,0
33185,eye_shadow,0,0
33186,eye_shadow,0,1
33187,eye_shadow,0,0
33188,eye_shadow,0,0
33189,eye_shadow,0,0
33190,eye_shadow,0,0
33191,eye_shadow,0,0
33192,eye_shadow,0,0
33193,eye_shadow,0,0
35738,lip_colour,0,0
35739,lip_colour,0,1
35740,lip_colour,0,1
36089,lip_colour,0,0
36090,lip_colour,0,0
36091,lip_colour,0,1
36092,lip_colour,1,8
36093,lip_colour,0,0
36094,lip_colour,0,0
36095,lip_colour,0,0
36096,lip_colour,0,0
36451,lip_colour,0,0
36452,lip_colour,0,0
36453,lip_colour,0,0
36454,lip_colour,0,0
36456,lip_colour,0,0
36457,lip_colour,0,0
36458,lip_colour,0,0
36459,lip_colour,0,0
36460,lip_colour,0,0
36461,lip_colour,0,0
36462,lip_colour,0,0
36463,lip_colour,0,0
36464,lip_colour,0,0
36834,lip_colour,0,0
36836,lip_colour,0,0
36837,lip_colour,0,0
36838,lip_colour,0,0
36840,lip_colour,0,0
36842,lip_colour,0,1
36843,lip_colour,0,0
36844,lip_colour,0,0
36845,lip_colour,0,0
36846,lip_colour,0,0
36848,lip_colour,0,0
36849,lip_colour,0,0
36850,lip_colour,0,0
36851,lip_colour,0,0
36852,lip_colour,0,1
36853,lip_colour,0,0
37234,lip_colour,0,0
37235,lip_colour,0,0
37236,lip_colour,0,0
37237,lip_colour,0,0
37238,lip_colour,0,0
37239,lip_colour,0,0
37240,lip_colour,0,0
37241,lip_colour,0,0
37242,lip_colour,0,0
37243,lip_colour,0,0
37529,lip_colour,0,0
37530,lip_colour,0,0
37531,lip_colour,0,0
37533,lip_colour,0,0
37534,lip_colour,0,0
37535,lip_colour,0,0
37536,lip_colour,0,0
37537,lip_colour,0,0
37538,lip_colour,0,0
37540,lip_colour,0,0
37541,lip_colour,0,0
37542,lip_colour,0,0
37543,lip_colour,0,1
37545,lip_colour,0,0
37546,lip_colour,0,0
37548,lip_colour,0,0
37800,lip_colour,0,0
37801,lip_colour,1,9
37802,lip_colour,0,0
37803,lip_colour,0,0
37804,lip_colour,0,0
37805,lip_colour,0,0
37806,lip_colour,0,0
37807,lip_colour,0,0
37808,lip_colour,0,0
37809,lip_colour,0,0
37810,lip_colour,0,0
37811,lip_colour,0,0
37812,lip_colour,0,0
37813,lip_colour,0,0
37814,lip_colour,0,0
37815,lip_colour,0,1
37816,lip_colour,0,0
37817,lip_colour,0,0
37818,lip_colour,0,0
37819,lip_colour,0,1
38237,lip_colour,0,1
38238,lip_colour,0,0
38240,lip_colour,0,0
38241,lip_colour,0,0
38242,lip_colour,0,0
38243,lip_colour,0,0
38244,lip_colour,0,0
38245,lip_colour,0,0
38246,lip_colour,0,0
38973,lip_colour,0,1
38974,lip_colour,0,0
38975,lip_colour,0,0
40889,foundation,0,0
40890,foundation,0,0
40891,foundation,0,0
40892,foundation,0,1
40893,foundation,0,1
41239,foundation,0,0
41240,foundation,0,0
41241,foundation,0,1
41242,foundation,0,0
41245,foundation,0,0
41246,foundation,0,0
41247,foundation,0,0
41248,foundation,0,1
41637,foundation,0,0
41638,foundation,0,0
41639,foundation,0,0
41640,foundation,0,3
41641,foundation,0,0
41643,foundation,0,1
41644,foundation,0,0
41645,foundation,0,0
41646,foundation,0,0
42098,foundation,0,0
101,emulsion,0,0
103,emulsion,0,0
104,emulsion,1,8
105,emulsion,1,10
106,emulsion,0,0
107,emulsion,0,0
108,emulsion,0,6
109,emulsion,0,0
110,emulsion,0,0
111,emulsion,0,0
112,emulsion,0,2
113,emulsion,0,0
114,emulsion,0,4
115,emulsion,0,0
116,emulsion,0,0
117,emulsion,0,0
118,emulsion,0,0
119,emulsion,0,0
120,emulsion,0,0
438,emulsion,0,0
439,emulsion,0,0
440,emulsion,1,9
441,emulsion,0,0
442,emulsion,0,7
443,emulsion,0,1
444,emulsion,1,0
445,emulsion,0,0
446,emulsion,0,0
447,emulsion,0,0
899,emulsion,0,1
901,emulsion,0,0
902,emulsion,0,1
903,emulsion,0,0
904,emulsion,0,0
906,emulsion,0,1
907,emulsion,0,0
908,emulsion,0,0
909,emulsion,0,0
910,emulsion,0,2
911,emulsion,0,0
912,emulsion,0,0
913,emulsion,0,0
914,emulsion,0,0
915,emulsion,0,0
916,emulsion,0,0
917,emulsion,0,0
918,emulsion,0,0
919,emulsion,0,1
920,emulsion,0,0
921,emulsion,0,2
924,emulsion,0,1
925,emulsion,0,0
1301,emulsion,0,10
1302,emulsion,1,9
1303,emulsion,0,4
1304,emulsion,1,9
1305,emulsion,1,10
1306,emulsion,1,10
1307,emulsion,1,10
1309,emulsion,1,9
1310,emulsion,0,1
1311,emulsion,1,9
1312,emulsion,1,9
1313,emulsion,1,10
1314,emulsion,0,0
1315,emulsion,1,5
1316,emulsion,1,9
1317,emulsion,1,8
1318,emulsion,0,0
1319,emulsion,1,6
1320,emulsion,1,8
1321,emulsion,1,10
1322,emulsion,0,1
1323,emulsion,0,0
1324,emulsion,0,0
1325,emulsion,0,0
1326,emulsion,0,1
1327,emulsion,0,0
5784,face_cream,0,0
5785,face_cream,0,0
5786,face_cream,0,0
5787,face_cream,0,1
5788,face_cream,0,0
5789,face_cream,0,0
5790,face_cream,0,0
5791,face_cream,0,0
5792,face_cream,0,0
5987,face_cream,0,0
5988,face_cream,0,10
5990,face_cream,1,10
5992,face_cream,1,10
5993,face_cream,0,4
5996,face_cream,0,0
5997,face_cream,1,10
5998,face_cream,0,0
5999,face_cream,0,0
6000,face_cream,1,1
6001,face_cream,1,10
6002,face_cream,1,9
6003,face_cream,0,0
6004,face_cream,0,1
6005,face_cream,0,0
6282,face_cream,0,0
6283,face_cream,0,0
6284,face_cream,0,0
6286,face_cream,0,0
6287,face_cream,0,1
6288,face_cream,0,0
6289,face_cream,0,1
6291,face_cream,0,1
6701,face_cream,0,0
6702,face_cream,0,0
6704,face_cream,0,0
6705,face_cream,0,0
6706,face_cream,0,0
6707,face_cream,0,1
6708,face_cream,0,1
6709,face_cream,0,0
6710,face_cream,0,0
7077,face_cream,0,0
7078,face_cream,0,0
7079,face_cream,0,0
7080,face_cream,0,1
7081,face_cream,1,7
7082,face_cream,0,1
7083,face_cream,0,6
7084,face_cream,0,0
7085,face_cream,0,0
7087,face_cream,1,10
7089,face_cream,0,0
7090,face_cream,1,10
7091,face_cream,0,5
7093,face_cream,1,10
7094,face_cream,0,8
7096,face_cream,1,3
7421,face_cream,0,5
7422,face_cream,0,0
7423,face_cream,1,10
7424,face_cream,0,0
7425,face_cream,0,0
7427,face_cream,1,10
7428,face_cream,0,0
7430,face_cream,1,2
7431,face_cream,1,9
7432,face_cream,0,0
7433,face_cream,0,1
7435,face_cream,0,0
7438,face_cream,1,7
7439,face_cream,0,0
7744,face_cream,0,1
7745,face_cream,0,0
7746,face_cream,1,4
7747,face_cream,0,0
7748,face_cream,0,0
7750,face_cream,0,1
7751,face_cream,1,10
7753,face_cream,0,0
9838,face_cream,0,0
9840,face_cream,0,1
9841,face_cream,0,0
9842,face_cream,0,0
9843,face_cream,0,0
9844,face_cream,0,1
9846,face_cream,0,0
9847,face_cream,0,0
10245,serum_essence,0,0
10246,serum_essence,0,0
10247,serum_essence,0,1
10248,serum_essence,0,1
10249,serum_essence,0,0
10250,serum_essence,0,10
10251,serum_essence,0,0
10252,serum_essence,0,0
10253,serum_essence,0,0
10482,serum_essence,1,0
10483,serum_essence,0,0
10484,serum_essence,0,0
10485,serum_essence,0,0
10486,serum_essence,0,0
10487,serum_essence,0,0
10488,serum_essence,0,2
10489,serum_essence,0,0
10490,serum_essence,0,0
10845,serum_essence,0,1
10846,serum_essence,0,1
10847,serum_essence,0,3
10848,serum_essence,0,0
10849,serum_essence,0,0
10850,serum_essence,0,0
10851,serum_essence,0,0
10852,serum_essence,0,0
10853,serum_essence,0,0
10854,serum_essence,0,0
11166,serum_essence,0,0
11167,serum_essence,0,0
11168,serum_essence,0,0
11169,serum_essence,0,0
11172,serum_essence,0,1
11173,serum_essence,0,2
11174,serum_essence,0,0
11175,serum_essence,0,0
11960,serum_essence,0,1
11961,serum_essence,0,0
11962,serum_essence,0,0
11963,serum_essence,0,0
11964,serum_essence,0,0
11965,serum_essence,0,1
11966,serum_essence,0,0
11967,serum_essence,0,0
11968,serum_essence,0,1
11969,serum_essence,1,10
11970,serum_essence,1,9
11971,serum_essence,0,1
11972,serum_essence,0,0
11974,serum_essence,0,0
11975,serum_essence,0,0
11976,serum_essence,0,0
11977,serum_essence,0,0
11978,serum_essence,0,0
11979,serum_essence,0,0
12278,serum_essence,1,9
12279,serum_essence,0,2
12280,serum_essence,1,8
12281,serum_essence,1,10
12282,serum_essence,0,1
12283,serum_essence,0,0
12284,serum_essence,0,0
12285,serum_essence,1,10
12286,serum_essence,1,10
12287,serum_essence,0,0
12592,serum_essence,0,0
12593,serum_essence,0,0
12594,serum_essence,1,10
12595,serum_essence,0,1
12596,serum_essence,1,7
12598,serum_essence,0,2
12599,serum_essence,0,0
12600,serum_essence,0,0
12601,serum_essence,1,4
12940,serum_essence,0,0
13267,serum_essence,0,1
13268,serum_essence,0,0
13269,serum_essence,0,2
16094,sun_protection,0,0
16411,sun_protection,1,10
16412,sun_protection,0,0
16413,sun_protection,0,1
16414,sun_protection,0,0
19060,face_wash,0,1
19062,face_wash,1,0
19063,face_wash,1,9
19064,face_wash,1,10
19065,face_wash,1,0
19066,face_wash,1,10
19067,face_wash,0,2
19068,face_wash,1,10
19069,face_wash,0,4
19325,face_wash,0,0
19326,face_wash,0,1
19327,face_wash,0,0
19328,face_wash,0,0
19329,face_wash,0,0
19330,face_wash,0,2
19331,face_wash,0,0
19332,face_wash,0,1
19333,face_wash,0,1
19334,face_wash,0,0
19646,face_wash,0,0
19647,face_wash,0,0
19648,face_wash,0,0
19649,face_wash,0,0
19650,face_wash,0,1
19651,face_wash,0,0
19652,face_wash,0,0
19653,face_wash,0,1
19654,face_wash,0,0
19655,face_wash,0,0
20106,face_wash,0,0
20107,face_wash,0,0
20108,face_wash,1,10
20109,face_wash,0,1
20110,face_wash,0,0
20111,face_wash,0,0
20112,face_wash,1,0
20113,face_wash,0,0
20114,face_wash,0,0
20115,face_wash,0,0
20116,face_wash,1,10
20117,face_wash,1,10
20118,face_wash,1,10
20119,face_wash,0,0
20120,face_wash,0,0
20121,face_wash,1,10
20122,face_wash,0,0
20123,face_wash,0,0
20124,face_wash,0,1
20125,face_wash,1,10
20126,face_wash,0,0
20127,face_wash,1,10
20128,face_wash,1,9
20129,face_wash,1,10
20130,face_wash,0,1
20132,face_wash,0,0
20133,face_wash,0,0
20462,face_wash,0,0
20463,face_wash,0,0
20464,face_wash,0,0
20465,face_wash,0,0
20466,face_wash,0,0
20467,face_wash,0,1
20468,face_wash,0,0
20469,face_wash,0,0
20470,face_wash,0,0
20471,face_wash,0,0
20472,face_wash,0,1
20473,face_wash,0,0
20475,face_wash,0,1
20478,face_wash,0,0
20480,face_wash,0,0
20481,face_wash,0,0
20896,face_wash,0,2
20897,face_wash,0,0
20898,face_wash,0,0
20899,face_wash,0,0
23826,cleansing,0,0
23827,cleansing,0,0
23828,cleansing,0,0
23829,cleansing,0,0
23831,cleansing,0,0
23832,cleansing,0,0
23833,cleansing,0,0
23834,cleansing,0,0
23835,cleansing,0,0
24179,cleansing,0,0
24180,cleansing,0,0
24181,cleansing,0,0
24183,cleansing,0,0
24185,cleansing,0,0
24186,cleansing,0,0
24187,cleansing,0,0
24188,cleansing,0,0
24823,cleansing,0,1
24824,cleansing,0,0
24825,cleansing,0,0
24826,cleansing,0,0
24827,cleansing,0,1
24828,cleansing,0,0
24829,cleansing,0,0
24830,cleansing,0,0
24831,cleansing,0,0
24832,cleansing,0,0
25148,cleansing,0,0
25149,cleansing,0,0
25150,cleansing,0,0
25151,cleansing,0,0
25152,cleansing,0,0
25153,cleansing,0,1
25577,cleansing,0,0
25578,cleansing,0,1
25579,cleansing,0,0
25580,cleansing,0,0
25582,cleansing,0,0
25583,cleansing,0,0
25584,cleansing,0,0
25585,cleansing,0,0
25586,cleansing,0,0
25587,cleansing,0,2
25588,cleansing,0,0
25589,cleansing,0,1
25590,cleansing,0,0
25591,cleansing,0,2
25592,cleansing,0,0
25594,cleansing,0,0
25595,cleansing,0,0
25596,cleansing,0,0
25597,cleansing,0,0
25599,cleansing,0,0
25600,cleansing,0,0
25602,cleansing,0,0
25603,cleansing,0,0
25604,cleansing,0,0
28776,toner_lotion,0,0
28777,toner_lotion,0,0
28778,toner_lotion,0,0
28779,toner_lotion,0,0
28780,toner_lotion,0,0
28781,toner_lotion,0,0
28782,toner_lotion,0,0
28783,toner_lotion,0,0
28784,toner_lotion,0,0
28785,toner_lotion,0,0
31091,eye_shadow,0,0
31092,eye_shadow,0,0
31093,eye_shadow,0,1
31094,eye_shadow,0,0
31095,eye_shadow,0,0
31096,eye_shadow,0,0
31097,eye_shadow,0,0
31098,eye_shadow,0,0
31099,eye_shadow,0,0
31100,eye_shadow,1,1
31339,eye_shadow,0,1
31340,eye_shadow,0,0
31341,eye_shadow,0,0
31342,eye_shadow,0,0
31343,eye_shadow,0,0
31344,eye_shadow,0,0
31345,eye_shadow,0,0
31346,eye_shadow,0,0
31347,eye_shadow,0,0
31728,eye_shadow,0,1
31729,eye_shadow,0,0
31730,eye_shadow,0,2
31732,eye_shadow,0,0
31733,eye_shadow,0,0
31734,eye_shadow,0,0
31735,eye_shadow,0,0
31736,eye_shadow,0,0
31738,eye_shadow,0,0
31739,eye_shadow,0,0
31740,eye_shadow,0,0
31741,eye_shadow,0,0
31743,eye_shadow,0,0
31744,eye_shadow,0,0
31745,eye_shadow,0,1
31746,eye_shadow,0,0
31747,eye_shadow,0,0
32135,eye_shadow,0,0
32136,eye_shadow,0,0
32137,eye_shadow,0,0
32138,eye_shadow,0,0
32139,eye_shadow,0,0
32140,eye_shadow,0,0
32142,eye_shadow,0,0
32143,eye_shadow,0,1
32508,eye_shadow,0,0
32509,eye_shadow,0,0
32510,eye_shadow,0,0
32511,eye_shadow,0,0
32512,eye_shadow,0,0
32513,eye_shadow,0,0
32515,eye_shadow,0,0
32516,eye_shadow,0,0
32517,eye_shadow,0,0
32784,eye_shadow,0,0
32785,eye_shadow,0,1
32786,eye_shadow,0,0
32787,eye_shadow,0,0
32788,eye_shadow,0,1
32789,eye_shadow,0,0
32790,eye_shadow,0,0
32791,eye_shadow,0,0
32792,eye_shadow,0,0
32793,eye_shadow,0,0
32794,eye_shadow,0,1
32795,eye_shadow,0,0
32796,eye_shadow,0,0
32797,eye_shadow,0,0
32799,eye_shadow,0,0
32800,eye_shadow,0,1
32801,eye_shadow,0,0
32802,eye_shadow,0,1
32803,eye_shadow,0,0
33174,eye_shadow,0,0
33175,eye_shadow,0,0
33176,eye_shadow,0,0
33177,eye_shadow,0,1
33178,eye_shadow,0,2
33179,eye_shadow,0,1
33181,eye_shadow,0,0
33183,eye_shadow,0,0
35731,lip_colour,0,0
35732,lip_colour,0,0
35734,lip_colour,0,0
35735,lip_colour,0,0
35736,lip_colour,0,0
35737,lip_colour,0,0
36087,lip_colour,0,0
36441,lip_colour,0,0
36442,lip_colour,0,0
36443,lip_colour,0,0
36444,lip_colour,0,0
36446,lip_colour,0,0
36447,lip_colour,0,1
36448,lip_colour,0,0
36449,lip_colour,0,1
36450,lip_colour,0,0
36824,lip_colour,0,0
36825,lip_colour,0,0
36826,lip_colour,0,0
36827,lip_colour,0,0
36828,lip_colour,0,1
36829,lip_colour,0,0
36830,lip_colour,0,0
36831,lip_colour,0,0
36833,lip_colour,0,0
37224,lip_colour,0,0
37225,lip_colour,0,0
37226,lip_colour,0,0
37227,lip_colour,0,0
37228,lip_colour,0,0
37229,lip_colour,0,1
37230,lip_colour,0,0
37231,lip_colour,0,0
37232,lip_colour,0,0
37233,lip_colour,0,1
37509,lip_colour,0,0
37512,lip_colour,0,0
37513,lip_colour,0,2
37514,lip_colour,0,0
37516,lip_colour,0,0
37517,lip_colour,0,0
37518,lip_colour,0,0
37519,lip_colour,0,0
37520,lip_colour,0,1
37521,lip_colour,0,0
37522,lip_colour,0,0
37523,lip_colour,0,0
37526,lip_colour,0,1
37527,lip_colour,0,0
37528,lip_colour,0,0
38227,lip_colour,0,0
38228,lip_colour,0,0
38229,lip_colour,0,1
38230,lip_colour,0,0
38231,lip_colour,0,1
38232,lip_colour,0,0
38233,lip_colour,0,1
38234,lip_colour,0,0
38235,lip_colour,0,0
38236,lip_colour,0,0
38560,lip_colour,0,1
38561,lip_colour,0,0
38562,lip_colour,0,1
38564,lip_colour,0,0
38565,lip_colour,0,0
38566,lip_colour,0,0
38567,lip_colour,0,0
38568,lip_colour,0,0
38569,lip_colour,0,0
38570,lip_colour,0,0
38571,lip_colour,0,0
38573,lip_colour,0,0
38574,lip_colour,0,0
38575,lip_colour,0,0
38576,lip_colour,0,0
38577,lip_colour,0,0
38579,lip_colour,0,0
38580,lip_colour,0,0
38581,lip_colour,0,1
38582,lip_colour,0,0
38584,lip_colour,0,0
38585,lip_colour,0,0
38586,lip_colour,0,0
38587,lip_colour,0,0
38588,lip_colour,0,2
38589,lip_colour,0,0
38590,lip_colour,0,2
38591,lip_colour,0,0
38592,lip_colour,0,0
38593,lip_colour,0,0
38595,lip_colour,0,0
38597,lip_colour,0,1
38598,lip_colour,0,0
38599,lip_colour,0,0
38600,lip_colour,0,0
38601,lip_colour,0,0
38602,lip_colour,0,0
38603,lip_colour,0,0
38604,lip_colour,0,0
38605,lip_colour,0,0
38606,lip_colour,0,0
38607,lip_colour,0,0
38608,lip_colour,0,0
38609,lip_colour,0,0
38931,lip_colour,1,0
38934,lip_colour,0,0
38935,lip_colour,0,0
38936,lip_colour,0,0
38937,lip_colour,0,0
38938,lip_colour,0,0
38939,lip_colour,0,0
38940,lip_colour,0,0
38941,lip_colour,0,0
38942,lip_colour,0,0
38943,lip_colour,0,0
38944,lip_colour,0,1
38945,lip_colour,0,0
38946,lip_colour,0,0
38947,lip_colour,1,0
38949,lip_colour,0,0
38951,lip_colour,0,0
38952,lip_colour,0,0
38953,lip_colour,0,0
38954,lip_colour,0,1
38955,lip_colour,0,0
38957,lip_colour,0,0
38958,lip_colour,0,0
38959,lip_colour,0,0
38960,lip_colour,0,0
38961,lip_colour,0,0
38962,lip_colour,0,0
38963,lip_colour,0,0
38964,lip_colour,0,1
38965,lip_colour,0,0
38966,lip_colour,0,0
38967,lip_colour,0,2
38968,lip_colour,0,0
38969,lip_colour,0,0
38970,lip_colour,0,1
38971,lip_colour,0,0
38972,lip_colour,1,9
40884,foundation,0,0
40885,foundation,0,0
40886,foundation,0,1
40887,foundation,0,0
40888,foundation,0,0
41229,foundation,0,0
41231,foundation,0,1
41232,foundation,0,2
41233,foundation,0,1
41234,foundation,0,0
41235,foundation,0,0
41236,foundation,0,0
41237,foundation,0,0
41238,foundation,0,0
41631,foundation,0,0
41632,foundation,0,0
41633,foundation,0,0
41636,foundation,0,0
42065,foundation,0,0
42066,foundation,0,0
42067,foundation,0,0
42068,foundation,0,0
42070,foundation,0,0
42071,foundation,0,0
42072,foundation,0,0
42073,foundation,1,10
42074,foundation,1,9
42075,foundation,0,10
42076,foundation,1,9
42078,foundation,0,2
42080,foundation,1,8
42081,foundation,0,5
42082,foundation,0,4
42083,foundation,0,1
42084,foundation,0,3
42085,foundation,0,8
42086,foundation,0,0
42087,foundation,1,5
42088,foundation,1,9
42089,foundation,0,0
42090,foundation,0,1
42092,foundation,0,0
42093,foundation,0,1
42094,foundation,0,2
42095,foundation,1,10
42096,foundation,0,0
42097,foundation,1,9
42423,foundation,0,1
91,emulsion,0,1
92,emulsion,0,1
93,emulsion,0,0
94,emulsion,0,0
95,emulsion,0,0
96,emulsion,0,0
97,emulsion,0,0
98,emulsion,0,0
99,emulsion,0,1
100,emulsion,0,0
428,emulsion,0,0
429,emulsion,0,0
432,emulsion,0,0
434,emulsion,0,0
435,emulsion,0,0
436,emulsion,0,0
437,emulsion,0,0
889,emulsion,0,0
890,emulsion,0,0
891,emulsion,0,0
892,emulsion,0,0
893,emulsion,0,0
894,emulsion,0,0
895,emulsion,0,0
896,emulsion,0,0
897,emulsion,0,0
1291,emulsion,0,0
1292,emulsion,0,0
1293,emulsion,0,0
1294,emulsion,0,1
1295,emulsion,0,0
1296,emulsion,1,10
1297,emulsion,0,0
1298,emulsion,0,0
1300,emulsion,1,10
1651,emulsion,0,0
1652,emulsion,0,0
1653,emulsion,0,0
1654,emulsion,0,1
1655,emulsion,0,3
1657,emulsion,0,0
1658,emulsion,0,0
5774,face_cream,1,10
5775,face_cream,0,1
5776,face_cream,0,0
5777,face_cream,0,1
5778,face_cream,0,0
5779,face_cream,0,0
5780,face_cream,0,0
5782,face_cream,0,1
5783,face_cream,0,0
5976,face_cream,0,0
5977,face_cream,0,0
5978,face_cream,0,0
5979,face_cream,0,0
5980,face_cream,0,1
5981,face_cream,1,8
5982,face_cream,0,0
5983,face_cream,0,1
5984,face_cream,0,0
5985,face_cream,1,10
6691,face_cream,0,0
6695,face_cream,0,0
6696,face_cream,1,6
6697,face_cream,1,10
6698,face_cream,0,0
6699,face_cream,1,9
6700,face_cream,0,0
7067,face_cream,0,0
7068,face_cream,0,0
7069,face_cream,0,1
7070,face_cream,0,0
7071,face_cream,0,1
7072,face_cream,0,0
7073,face_cream,0,0
7074,face_cream,0,0
7075,face_cream,0,0
7400,face_cream,0,0
7401,face_cream,0,0
7402,face_cream,0,0
7403,face_cream,0,0
7404,face_cream,0,0
7405,face_cream,0,0
7406,face_cream,0,1
7407,face_cream,0,0
7408,face_cream,0,0
7409,face_cream,0,0
7410,face_cream,0,0
7411,face_cream,0,0
7412,face_cream,0,0
7413,face_cream,1,10
7414,face_cream,0,0
7415,face_cream,0,0
7416,face_cream,0,0
7417,face_cream,0,0
7418,face_cream,0,1
7419,face_cream,0,1
7734,face_cream,0,0
7735,face_cream,0,0
7736,face_cream,0,0
7737,face_cream,0,0
7738,face_cream,0,0
7739,face_cream,0,0
7740,face_cream,0,0
7741,face_cream,0,0
7742,face_cream,0,0
7743,face_cream,0,0
10235,serum_essence,1,9
10236,serum_essence,0,1
10237,serum_essence,1,10
10238,serum_essence,0,1
10239,serum_essence,0,0
10240,serum_essence,0,0
10241,serum_essence,0,0
10242,serum_essence,0,0
10243,serum_essence,0,0
10244,serum_essence,1,10
11536,serum_essence,0,0
11537,serum_essence,0,1
11538,serum_essence,0,10
11539,serum_essence,0,0
11540,serum_essence,0,0
11541,serum_essence,0,0
11542,serum_essence,0,1
11543,serum_essence,0,8
11544,serum_essence,0,0
11545,serum_essence,0,6
11546,serum_essence,0,1
11547,serum_essence,0,0
11548,serum_essence,0,1
11549,serum_essence,0,0
11550,serum_essence,1,10
11551,serum_essence,0,0
11552,serum_essence,0,0
11553,serum_essence,0,0
11554,serum_essence,0,1
11555,serum_essence,0,1
12248,serum_essence,0,3
12249,serum_essence,1,9
12250,serum_essence,0,0
12251,serum_essence,0,2
12252,serum_essence,0,0
12253,serum_essence,0,0
12254,serum_essence,0,0
12255,serum_essence,0,3
12256,serum_essence,1,7
12257,serum_essence,0,0
12258,serum_essence,0,1
12259,serum_essence,1,10
12260,serum_essence,1,10
12261,serum_essence,0,0
12262,serum_essence,1,10
12263,serum_essence,0,0
12264,serum_essence,0,0
12265,serum_essence,1,10
12266,serum_essence,0,0
12267,serum_essence,0,0
12268,serum_essence,1,9
12269,serum_essence,1,9
12270,serum_essence,1,10
12271,serum_essence,0,1
12272,serum_essence,1,7
12273,serum_essence,0,0
12274,serum_essence,0,1
12275,serum_essence,0,0
12276,serum_essence,1,10
12277,serum_essence,0,0
12572,serum_essence,1,0
12573,serum_essence,0,0
12574,serum_essence,0,1
12575,serum_essence,0,1
12576,serum_essence,1,6
12577,serum_essence,0,0
12578,serum_essence,1,10
12579,serum_essence,0,1
12580,serum_essence,0,0
12581,serum_essence,0,2
12582,serum_essence,0,0
12583,serum_essence,0,0
12584,serum_essence,0,3
12585,serum_essence,1,10
12586,serum_essence,0,0
12587,serum_essence,1,8
12588,serum_essence,0,1
12589,serum_essence,0,0
12590,serum_essence,0,1
12591,serum_essence,1,9
12920,serum_essence,0,0
12921,serum_essence,1,10
12922,serum_essence,1,8
12923,serum_essence,1,5
12924,serum_essence,1,8
12925,serum_essence,0,0
12926,serum_essence,1,10
12927,serum_essence,0,0
12928,serum_essence,0,0
12930,serum_essence,0,1
12931,serum_essence,1,9
12932,serum_essence,1,10
12933,serum_essence,1,1
12934,serum_essence,1,10
12935,serum_essence,1,10
12936,serum_essence,1,10
12937,serum_essence,0,4
12938,serum_essence,0,0
12939,serum_essence,1,10
13241,serum_essence,0,0
13242,serum_essence,0,1
13243,serum_essence,1,9
13244,serum_essence,0,0
13247,serum_essence,0,1
13248,serum_essence,0,1
13249,serum_essence,1,10
13250,serum_essence,0,0
13251,serum_essence,0,10
13252,serum_essence,1,10
13253,serum_essence,1,0
13255,serum_essence,1,10
13256,serum_essence,1,6
13258,serum_essence,0,0
13259,serum_essence,1,10
13260,serum_essence,1,10
13261,serum_essence,0,0
13262,serum_essence,0,2
13263,serum_essence,0,0
13264,serum_essence,0,0
13265,serum_essence,0,0
13266,serum_essence,0,0
15544,sun_protection,0,0
15546,sun_protection,0,0
15547,sun_protection,0,0
15548,sun_protection,0,0
15549,sun_protection,0,0
15550,sun_protection,0,0
15551,sun_protection,0,0
15552,sun_protection,0,1
16085,sun_protection,0,0
16086,sun_protection,0,0
16087,sun_protection,0,0
16088,sun_protection,0,0
16089,sun_protection,0,1
16090,sun_protection,0,0
16091,sun_protection,0,1
16092,sun_protection,0,0
16093,sun_protection,0,0
16395,sun_protection,0,3
16396,sun_protection,0,0
16397,sun_protection,0,1
16398,sun_protection,0,6
16399,sun_protection,0,0
16400,sun_protection,0,0
16401,sun_protection,1,4
16402,sun_protection,1,0
16403,sun_protection,0,1
16404,sun_protection,1,10
16405,sun_protection,1,9
16406,sun_protection,0,0
16407,sun_protection,0,0
16408,sun_protection,0,0
16409,sun_protection,0,0
16410,sun_protection,0,0
18692,face_wash,0,0
18693,face_wash,0,1
18695,face_wash,0,0
18696,face_wash,0,0
18697,face_wash,0,0
18698,face_wash,0,0
18699,face_wash,0,1
18700,face_wash,0,0
18701,face_wash,0,0
19050,face_wash,0,0
19051,face_wash,0,0
19052,face_wash,0,0
19054,face_wash,0,0
19055,face_wash,0,0
19056,face_wash,0,0
19057,face_wash,1,10
19058,face_wash,1,10
19059,face_wash,1,10
20086,face_wash,0,0
20088,face_wash,1,10
20090,face_wash,0,1
20091,face_wash,0,0
20092,face_wash,0,0
20093,face_wash,0,0
20094,face_wash,0,0
20095,face_wash,0,0
20096,face_wash,0,0
20097,face_wash,1,10
20098,face_wash,0,1
20099,face_wash,0,1
20100,face_wash,0,0
20101,face_wash,0,1
20102,face_wash,1,9
20104,face_wash,0,0
20105,face_wash,0,0
20440,face_wash,0,1
20441,face_wash,0,0
20442,face_wash,0,0
20444,face_wash,0,0
20445,face_wash,0,0
20446,face_wash,0,0
20447,face_wash,0,0
20449,face_wash,0,1
20450,face_wash,0,1
20451,face_wash,0,0
20452,face_wash,0,0
20453,face_wash,0,0
20454,face_wash,0,1
20456,face_wash,0,2
20457,face_wash,0,2
20458,face_wash,0,0
20459,face_wash,0,0
20877,face_wash,0,1
20878,face_wash,0,0
20879,face_wash,0,1
20880,face_wash,0,6
20881,face_wash,1,10
20882,face_wash,0,0
20883,face_wash,0,0
20884,face_wash,0,2
20885,face_wash,0,0
20886,face_wash,0,0
20887,face_wash,1,10
20888,face_wash,0,2
20889,face_wash,0,0
20890,face_wash,0,0
20891,face_wash,0,0
20892,face_wash,0,4
20893,face_wash,0,0
20894,face_wash,0,0
20895,face_wash,1,10
24535,cleansing,0,0
24537,cleansing,0,0
24538,cleansing,0,0
24539,cleansing,0,0
24541,cleansing,0,1
24542,cleansing,0,0
24543,cleansing,0,0
24544,cleansing,0,0
24814,cleansing,0,0
24815,cleansing,0,1
24816,cleansing,0,0
24817,cleansing,0,1
24818,cleansing,0,0
24819,cleansing,0,0
24820,cleansing,0,0
24822,cleansing,0,0
25144,cleansing,0,0
25145,cleansing,1,10
25146,cleansing,0,0
25558,cleansing,0,0
25559,cleansing,0,1
25560,cleansing,0,0
25561,cleansing,0,0
25562,cleansing,0,0
25563,cleansing,0,0
25564,cleansing,0,0
25565,cleansing,0,0
25566,cleansing,0,0
25567,cleansing,0,0
25569,cleansing,0,0
25570,cleansing,0,1
25571,cleansing,0,0
25572,cleansing,0,0
25573,cleansing,0,0
25574,cleansing,0,0
25963,cleansing,1,10
25964,cleansing,0,0
25965,cleansing,0,0
25966,cleansing,0,2
25967,cleansing,0,1
25968,cleansing,0,0
25969,cleansing,0,0
28075,cleansing,0,0
28076,cleansing,0,0
28077,cleansing,0,0
28078,cleansing,0,0
28079,cleansing,0,0
28080,cleansing,0,0
28081,cleansing,0,0
28082,cleansing,0,0
28083,cleansing,0,0
28084,cleansing,0,1
28409,toner_lotion,0,0
28410,toner_lotion,1,9
28411,toner_lotion,0,0
28412,toner_lotion,0,0
28413,toner_lotion,1,9
28415,toner_lotion,0,4
28416,toner_lotion,0,0
28417,toner_lotion,0,0
28418,toner_lotion,1,8
28756,toner_lotion,0,0
28757,toner_lotion,0,0
28758,toner_lotion,0,0
28759,toner_lotion,1,7
28760,toner_lotion,0,0
28761,toner_lotion,0,1
28762,toner_lotion,0,0
28763,toner_lotion,0,0
28764,toner_lotion,0,0
28765,toner_lotion,0,0
28766,toner_lotion,1,0
28767,toner_lotion,0,0
28768,toner_lotion,1,6
28769,toner_lotion,1,8
28770,toner_lotion,1,10
28772,toner_lotion,0,0
28773,toner_lotion,0,0
28774,toner_lotion,1,10
29141,toner_lotion,0,0
29142,toner_lotion,0,0
29143,toner_lotion,0,0
29144,toner_lotion,0,1
29146,toner_lotion,0,0
29147,toner_lotion,0,0
29150,toner_lotion,0,1
30718,eye_shadow,0,0
30720,eye_shadow,0,0
30721,eye_shadow,0,1
30722,eye_shadow,0,0
30724,eye_shadow,0,0
30725,eye_shadow,0,0
30726,eye_shadow,0,0
30727,eye_shadow,0,0
31081,eye_shadow,0,0
31082,eye_shadow,0,0
31083,eye_shadow,0,0
31084,eye_shadow,0,0
31085,eye_shadow,0,0
31086,eye_shadow,0,0
31087,eye_shadow,0,0
31088,eye_shadow,0,0
31089,eye_shadow,0,0
31090,eye_shadow,0,0
31718,eye_shadow,0,0
31719,eye_shadow,0,0
31720,eye_shadow,0,2
31721,eye_shadow,0,0
31722,eye_shadow,0,0
31723,eye_shadow,0,0
31724,eye_shadow,0,0
31725,eye_shadow,0,0
31726,eye_shadow,0,0
31727,eye_shadow,0,0
32124,eye_shadow,0,0
32125,eye_shadow,0,0
32126,eye_shadow,0,0
32127,eye_shadow,0,0
32128,eye_shadow,0,0
32129,eye_shadow,0,0
32130,eye_shadow,0,0
32131,eye_shadow,0,0
32132,eye_shadow,0,0
32133,eye_shadow,0,0
32488,eye_shadow,0,0
32489,eye_shadow,0,0
32490,eye_shadow,0,0
32491,eye_shadow,0,0
32493,eye_shadow,0,0
32494,eye_shadow,0,0
32495,eye_shadow,0,0
32496,eye_shadow,0,0
32497,eye_shadow,0,0
32499,eye_shadow,0,0
32501,eye_shadow,0,1
32502,eye_shadow,0,0
32503,eye_shadow,0,0
32504,eye_shadow,0,2
32505,eye_shadow,0,0
32506,eye_shadow,0,0
32507,eye_shadow,0,0
32764,eye_shadow,0,1
32766,eye_shadow,0,0
32768,eye_shadow,0,1
32769,eye_shadow,0,0
32770,eye_shadow,0,0
32771,eye_shadow,0,1
32772,eye_shadow,1,0
32773,eye_shadow,0,0
32774,eye_shadow,0,0
32775,eye_shadow,0,0
32777,eye_shadow,0,0
32778,eye_shadow,0,0
32779,eye_shadow,0,0
32780,eye_shadow,0,0
32781,eye_shadow,0,0
32782,eye_shadow,0,0
32783,eye_shadow,0,0
33156,eye_shadow,0,0
33157,eye_shadow,0,0
33158,eye_shadow,1,10
33159,eye_shadow,1,6
33160,eye_shadow,1,10
33161,eye_shadow,0,0
33162,eye_shadow,1,10
33163,eye_shadow,1,10
33165,eye_shadow,0,0
33167,eye_shadow,0,0
33168,eye_shadow,0,1
33169,eye_shadow,0,1
33170,eye_shadow,0,0
33171,eye_shadow,0,0
33172,eye_shadow,0,0
33173,eye_shadow,0,0
33598,eye_shadow,0,0
33599,eye_shadow,0,0
36077,lip_colour,0,0
36079,lip_colour,1,1
36080,lip_colour,0,1
36081,lip_colour,0,0
36082,lip_colour,0,0
36083,lip_colour,0,1
36084,lip_colour,0,0
36085,lip_colour,0,0
36086,lip_colour,1,0
36431,lip_colour,0,0
36432,lip_colour,0,0
36433,lip_colour,0,1
36434,lip_colour,0,0
36435,lip_colour,0,0
36436,lip_colour,0,0
36437,lip_colour,0,0
36438,lip_colour,0,0
36439,lip_colour,0,1
36440,lip_colour,0,1
36814,lip_colour,0,0
36815,lip_colour,0,0
36816,lip_colour,0,0
36817,lip_colour,0,0
36818,lip_colour,0,0
36819,lip_colour,0,0
36820,lip_colour,0,0
36823,lip_colour,0,0
37214,lip_colour,0,0
37215,lip_colour,0,0
37216,lip_colour,0,0
37217,lip_colour,0,1
37218,lip_colour,0,0
37219,lip_colour,0,0
37220,lip_colour,0,0
37221,lip_colour,0,0
37222,lip_colour,0,1
37223,lip_colour,0,0
37489,lip_colour,0,0
37490,lip_colour,0,0
37492,lip_colour,0,0
37493,lip_colour,0,0
37494,lip_colour,0,0
37495,lip_colour,0,0
37496,lip_colour,0,0
37497,lip_colour,0,0
37498,lip_colour,0,0
37499,lip_colour,0,0
37500,lip_colour,0,0
37501,lip_colour,0,0
37503,lip_colour,0,0
37504,lip_colour,0,0
37506,lip_colour,0,0
37507,lip_colour,0,0
37508,lip_colour,0,0
38217,lip_colour,0,0
38218,lip_colour,0,0
38219,lip_colour,0,0
38220,lip_colour,0,1
38221,lip_colour,0,0
38223,lip_colour,0,0
38225,lip_colour,0,0
38226,lip_colour,0,1
38481,lip_colour,0,0
38482,lip_colour,1,9
38483,lip_colour,0,0
38484,lip_colour,0,0
38485,lip_colour,0,0
38486,lip_colour,0,0
38487,lip_colour,1,10
38488,lip_colour,0,0
38489,lip_colour,0,0
38490,lip_colour,0,0
38491,lip_colour,0,0
38492,lip_colour,0,0
38493,lip_colour,0,0
38494,lip_colour,0,0
38495,lip_colour,1,9
38496,lip_colour,0,0
38497,lip_colour,1,9
38498,lip_colour,1,4
38499,lip_colour,0,0
38500,lip_colour,1,10
38501,lip_colour,0,0
38502,lip_colour,0,0
38503,lip_colour,1,9
38504,lip_colour,1,7
38505,lip_colour,0,0
38506,lip_colour,1,10
38507,lip_colour,0,4
38508,lip_colour,0,0
38509,lip_colour,0,0
38510,lip_colour,1,8
38511,lip_colour,0,0
38512,lip_colour,0,0
38514,lip_colour,0,0
38515,lip_colour,0,2
38516,lip_colour,1,8
38517,lip_colour,0,2
38518,lip_colour,0,0
38519,lip_colour,0,9
38520,lip_colour,0,0
38521,lip_colour,0,0
38522,lip_colour,0,0
38523,lip_colour,0,0
38524,lip_colour,0,0
38525,lip_colour,0,1
38526,lip_colour,0,0
38527,lip_colour,0,0
38528,lip_colour,0,0
38529,lip_colour,0,0
38530,lip_colour,0,1
38531,lip_colour,0,0
38533,lip_colour,0,0
38534,lip_colour,0,0
38535,lip_colour,0,0
38536,lip_colour,0,0
38537,lip_colour,0,0
38538,lip_colour,0,0
38540,lip_colour,0,0
38543,lip_colour,0,0
38544,lip_colour,0,0
38545,lip_colour,0,0
38547,lip_colour,0,0
38548,lip_colour,0,1
38549,lip_colour,0,0
38550,lip_colour,0,1
38551,lip_colour,0,0
38552,lip_colour,0,1
38553,lip_colour,0,0
38554,lip_colour,0,0
38555,lip_colour,0,0
38556,lip_colour,0,0
38557,lip_colour,0,1
38558,lip_colour,0,0
38559,lip_colour,0,0
38911,lip_colour,0,0
38912,lip_colour,0,0
38914,lip_colour,0,0
38917,lip_colour,0,0
38918,lip_colour,0,0
38919,lip_colour,0,2
38920,lip_colour,0,1
38921,lip_colour,0,0
38922,lip_colour,0,1
38923,lip_colour,0,0
38925,lip_colour,0,0
38926,lip_colour,0,0
38927,lip_colour,0,0
38928,lip_colour,0,0
38929,lip_colour,0,0
38930,lip_colour,0,0
40874,foundation,0,0
40875,foundation,0,0
40876,foundation,0,0
40877,foundation,0,2
40878,foundation,0,0
40879,foundation,0,0
40880,foundation,0,0
40881,foundation,0,0
40882,foundation,0,0
40883,foundation,0,0
41222,foundation,0,0
41223,foundation,0,0
41224,foundation,0,0
41225,foundation,0,0
41226,foundation,1,7
41227,foundation,0,2
41228,foundation,0,1
41627,foundation,0,0
41628,foundation,0,0
41629,foundation,0,0
41630,foundation,0,7
42050,foundation,0,0
42051,foundation,0,0
42052,foundation,0,0
42053,foundation,0,0
42054,foundation,0,0
42055,foundation,0,0
42056,foundation,0,0
42057,foundation,0,0
42058,foundation,0,0
42059,foundation,0,0
42060,foundation,0,0
42062,foundation,0,0
42063,foundation,0,0
42399,foundation,0,0
42400,foundation,0,0
42401,foundation,1,10
42402,foundation,0,0
42403,foundation,0,0
42404,foundation,0,1
42405,foundation,0,0
42406,foundation,0,0
42407,foundation,0,3
42408,foundation,0,0
42409,foundation,1,1
42410,foundation,0,0
42411,foundation,1,10
42412,foundation,1,10
42413,foundation,0,0
42414,foundation,0,4
42415,foundation,1,5
42416,foundation,0,1
42417,foundation,0,0
42418,foundation,0,0
42419,foundation,1,10
42420,foundation,1,10
42421,foundation,0,0
42422,foundation,1,10
81,emulsion,0,0
82,emulsion,0,0
83,emulsion,1,9
84,emulsion,0,1
85,emulsion,0,0
86,emulsion,0,1
87,emulsion,0,1
88,emulsion,0,0
89,emulsion,0,0
90,emulsion,1,8
418,emulsion,0,0
419,emulsion,0,0
420,emulsion,0,3
421,emulsion,0,1
422,emulsion,0,0
423,emulsion,0,0
426,emulsion,0,1
427,emulsion,0,1
869,emulsion,0,0
870,emulsion,0,0
871,emulsion,0,0
872,emulsion,0,1
873,emulsion,0,0
874,emulsion,0,0
875,emulsion,0,0
876,emulsion,0,0
877,emulsion,0,0
879,emulsion,0,0
881,emulsion,0,1
882,emulsion,0,0
883,emulsion,0,1
884,emulsion,0,0
885,emulsion,0,0
886,emulsion,0,0
887,emulsion,0,0
888,emulsion,0,0
1282,emulsion,0,0
1283,emulsion,0,0
1284,emulsion,0,2
1285,emulsion,0,0
1286,emulsion,0,0
1287,emulsion,0,0
1288,emulsion,0,0
1289,emulsion,0,1
1290,emulsion,0,0
1611,emulsion,1,3
1612,emulsion,0,1
1613,emulsion,0,0
1614,emulsion,0,0
1615,emulsion,0,0
1616,emulsion,0,2
1617,emulsion,1,10
1618,emulsion,1,10
1619,emulsion,1,10
1620,emulsion,1,10
1621,emulsion,0,1
1622,emulsion,0,0
1624,emulsion,1,10
1626,emulsion,0,0
1627,emulsion,1,9
1628,emulsion,1,8
1629,emulsion,1,7
1631,emulsion,1,7
1632,emulsion,0,0
1633,emulsion,1,1
1634,emulsion,0,0
1635,emulsion,0,6
1636,emulsion,1,10
1637,emulsion,0,8
1638,emulsion,1,10
1639,emulsion,0,0
1640,emulsion,0,1
1641,emulsion,1,10
1642,emulsion,1,10
1643,emulsion,1,8
1644,emulsion,0,0
1645,emulsion,1,4
1646,emulsion,0,0
1647,emulsion,1,10
1648,emulsion,1,9
1649,emulsion,1,9
1650,emulsion,0,6
5764,face_cream,0,0
5765,face_cream,0,0
5766,face_cream,0,0
5767,face_cream,0,0
5769,face_cream,0,0
5770,face_cream,1,10
5771,face_cream,0,0
5772,face_cream,0,0
5773,face_cream,0,0
5967,face_cream,0,0
5968,face_cream,0,0
5969,face_cream,0,4
5970,face_cream,0,0
5971,face_cream,0,1
5972,face_cream,1,9
5973,face_cream,0,0
5974,face_cream,0,1
5975,face_cream,0,0
6273,face_cream,0,0
6275,face_cream,0,0
6277,face_cream,0,0
6278,face_cream,0,0
6279,face_cream,0,0
6280,face_cream,0,0
6281,face_cream,0,0
6681,face_cream,0,0
6682,face_cream,0,0
6683,face_cream,0,0
6684,face_cream,0,1
6685,face_cream,0,0
6686,face_cream,0,0
6687,face_cream,0,0
6688,face_cream,0,0
6689,face_cream,0,0
6690,face_cream,0,1
7058,face_cream,0,0
7059,face_cream,0,0
7060,face_cream,0,1
7061,face_cream,1,10
7062,face_cream,0,0
7063,face_cream,0,9
7064,face_cream,0,0
7065,face_cream,0,0
7066,face_cream,0,0
7390,face_cream,0,0
7392,face_cream,0,0
7393,face_cream,0,1
7394,face_cream,1,10
7395,face_cream,0,0
7397,face_cream,0,1
7398,face_cream,0,2
7399,face_cream,0,1
7724,face_cream,0,0
7725,face_cream,0,0
7726,face_cream,0,0
7727,face_cream,0,1
7728,face_cream,0,0
7729,face_cream,0,0
7730,face_cream,0,0
7731,face_cream,0,0
7732,face_cream,0,1
7733,face_cream,0,0
8145,face_cream,0,0
8146,face_cream,0,0
8147,face_cream,0,0
8148,face_cream,0,0
8149,face_cream,0,0
8150,face_cream,0,0
8151,face_cream,0,0
8152,face_cream,0,0
8155,face_cream,0,0
8156,face_cream,0,0
8157,face_cream,0,0
8159,face_cream,0,0
8160,face_cream,0,0
8161,face_cream,0,1
8162,face_cream,0,0
8507,face_cream,0,1
8508,face_cream,0,0
8509,face_cream,0,1
8510,face_cream,0,2
8511,face_cream,0,0
10225,serum_essence,0,0
10226,serum_essence,0,0
10227,serum_essence,0,0
10228,serum_essence,0,1
10229,serum_essence,0,0
10230,serum_essence,0,1
10231,serum_essence,0,0
10232,serum_essence,0,0
10234,serum_essence,0,0
11156,serum_essence,0,0
11157,serum_essence,0,0
11158,serum_essence,0,3
11159,serum_essence,0,0
11160,serum_essence,0,0
11161,serum_essence,0,1
11162,serum_essence,0,0
11163,serum_essence,0,0
11164,serum_essence,0,0
11165,serum_essence,0,2
11526,serum_essence,0,0
11527,serum_essence,0,0
11528,serum_essence,0,0
11529,serum_essence,1,10
11530,serum_essence,0,0
11531,serum_essence,1,5
11532,serum_essence,0,0
11533,serum_essence,0,0
11534,serum_essence,0,0
11535,serum_essence,1,0
11941,serum_essence,0,0
11942,serum_essence,0,0
11943,serum_essence,0,0
11944,serum_essence,0,0
11945,serum_essence,0,0
11946,serum_essence,0,1
11948,serum_essence,0,0
11949,serum_essence,0,0
11950,serum_essence,0,0
11951,serum_essence,1,10
11952,serum_essence,0,0
11953,serum_essence,0,1
11954,serum_essence,1,0
11955,serum_essence,0,0
11956,serum_essence,0,0
11957,serum_essence,0,0
11958,serum_essence,0,0
11959,serum_essence,0,0
12228,serum_essence,1,1
12229,serum_essence,0,1
12232,serum_essence,0,7
12233,serum_essence,0,3
12234,serum_essence,0,0
12235,serum_essence,0,0
12238,serum_essence,0,0
12239,serum_essence,1,10
12240,serum_essence,0,0
12241,serum_essence,0,5
12242,serum_essence,0,0
12243,serum_essence,0,0
12244,serum_essence,1,10
12245,serum_essence,0,0
12246,serum_essence,0,0
12247,serum_essence,0,0
12542,serum_essence,0,1
12543,serum_essence,0,1
12544,serum_essence,0,0
12545,serum_essence,0,0
12546,serum_essence,0,0
12548,serum_essence,1,10
12550,serum_essence,0,2
12551,serum_essence,0,0
12552,serum_essence,0,3
12553,serum_essence,0,2
12555,serum_essence,1,1
12556,serum_essence,1,8
12557,serum_essence,1,10
12558,serum_essence,0,2
12559,serum_essence,0,0
12560,serum_essence,0,1
12561,serum_essence,0,5
12562,serum_essence,0,0
12563,serum_essence,0,1
12564,serum_essence,1,1
12565,serum_essence,1,10
12566,serum_essence,0,0
12567,serum_essence,0,1
12568,serum_essence,1,2
12569,serum_essence,1,2
12570,serum_essence,0,1
12571,serum_essence,0,0
12910,serum_essence,0,1
12911,serum_essence,0,1
12914,serum_essence,0,0
12915,serum_essence,0,0
12916,serum_essence,0,1
12917,serum_essence,1,9
12918,serum_essence,0,0
12919,serum_essence,0,1
13214,serum_essence,0,0
13215,serum_essence,0,0
13216,serum_essence,1,10
13217,serum_essence,0,0
13218,serum_essence,0,0
13219,serum_essence,0,0
13220,serum_essence,0,0
13221,serum_essence,0,0
13222,serum_essence,1,0
13225,serum_essence,0,0
13226,serum_essence,0,1
13227,serum_essence,0,0
13228,serum_essence,0,0
13229,serum_essence,0,0
13230,serum_essence,0,0
13232,serum_essence,0,0
13233,serum_essence,0,0
13235,serum_essence,0,1
13236,serum_essence,1,10
13237,serum_essence,0,0
13238,serum_essence,0,0
13239,serum_essence,0,4
13240,serum_essence,0,3
13550,serum_essence,0,0
13551,serum_essence,0,0
13552,serum_essence,0,0
13553,serum_essence,0,2
13554,serum_essence,0,0
13555,serum_essence,0,0
13556,serum_essence,0,0
13557,serum_essence,0,1
13559,serum_essence,1,10
13560,serum_essence,0,2
13561,serum_essence,1,5
13562,serum_essence,1,2
13563,serum_essence,1,8
13564,serum_essence,0,0
13565,serum_essence,0,1
13566,serum_essence,0,0
13567,serum_essence,1,10
13568,serum_essence,0,0
13569,serum_essence,0,1
13570,serum_essence,0,0
13571,serum_essence,1,8
13572,serum_essence,0,3
13573,serum_essence,0,0
13574,serum_essence,0,1
13575,serum_essence,0,0
13576,serum_essence,0,0
13577,serum_essence,1,7
13578,serum_essence,0,9
13579,serum_essence,0,0
15229,sun_protection,0,0
15230,sun_protection,0,0
15231,sun_protection,0,0
15232,sun_protection,0,1
15233,sun_protection,0,0
15234,sun_protection,0,0
15236,sun_protection,0,0
15237,sun_protection,0,0
16045,sun_protection,1,9
16046,sun_protection,0,0
16047,sun_protection,0,0
16048,sun_protection,0,0
16049,sun_protection,1,10
16050,sun_protection,0,0
16051,sun_protection,0,0
16052,sun_protection,0,0
16053,sun_protection,0,1
16054,sun_protection,0,0
16055,sun_protection,1,7
16056,sun_protection,0,0
16057,sun_protection,1,9
16058,sun_protection,1,10
16059,sun_protection,0,0
16060,sun_protection,1,6
16061,sun_protection,1,10
16063,sun_protection,0,0
16064,sun_protection,1,0
16066,sun_protection,1,2
16067,sun_protection,0,1
16068,sun_protection,0,1
16069,sun_protection,0,0
16070,sun_protection,0,0
16071,sun_protection,0,8
16072,sun_protection,0,0
16073,sun_protection,1,7
16074,sun_protection,0,0
16075,sun_protection,0,0
16076,sun_protection,0,0
16077,sun_protection,0,0
16078,sun_protection,0,0
16079,sun_protection,0,1
16082,sun_protection,0,1
16084,sun_protection,0,0
16375,sun_protection,0,0
16376,sun_protection,0,1
16377,sun_protection,0,0
16378,sun_protection,1,0
16379,sun_protection,0,0
16380,sun_protection,0,0
16381,sun_protection,0,0
16382,sun_protection,1,10
16383,sun_protection,0,1
16384,sun_protection,0,0
16385,sun_protection,0,0
16386,sun_protection,0,0
16387,sun_protection,0,0
16388,sun_protection,0,0
16389,sun_protection,1,0
16391,sun_protection,0,0
16392,sun_protection,0,0
16393,sun_protection,0,1
16394,sun_protection,0,0
16725,sun_protection,0,0
16726,sun_protection,0,1
16728,sun_protection,0,0
16729,sun_protection,0,0
16730,sun_protection,0,0
16731,sun_protection,0,1
16732,sun_protection,0,0
16733,sun_protection,0,0
16734,sun_protection,0,0
16735,sun_protection,0,0
16736,sun_protection,0,0
16737,sun_protection,0,0
16738,sun_protection,0,0
19040,face_wash,0,0
19041,face_wash,0,0
19042,face_wash,0,0
19043,face_wash,0,1
19044,face_wash,1,10
19045,face_wash,0,0
19046,face_wash,1,9
19047,face_wash,0,0
19048,face_wash,1,10
19049,face_wash,0,5
19315,face_wash,0,1
19316,face_wash,0,0
19317,face_wash,0,0
19318,face_wash,0,0
19319,face_wash,0,2
19320,face_wash,0,0
19321,face_wash,0,0
19322,face_wash,0,1
19323,face_wash,0,0
19324,face_wash,0,1
20076,face_wash,0,0
20078,face_wash,0,0
20080,face_wash,0,0
20081,face_wash,0,0
20082,face_wash,0,0
20083,face_wash,0,1
20084,face_wash,0,0
20085,face_wash,0,0
20417,face_wash,0,2
20418,face_wash,0,0
20419,face_wash,0,0
20420,face_wash,0,1
20421,face_wash,0,0
20422,face_wash,0,1
20423,face_wash,0,1
20424,face_wash,0,0
20425,face_wash,0,0
20426,face_wash,0,1
20427,face_wash,0,0
20428,face_wash,0,2
20429,face_wash,0,0
20430,face_wash,0,1
20431,face_wash,0,1
20434,face_wash,0,1
20435,face_wash,0,0
20436,face_wash,0,0
20438,face_wash,0,0
20439,face_wash,0,1
20847,face_wash,0,1
20848,face_wash,0,1
20849,face_wash,0,0
20850,face_wash,0,0
20851,face_wash,0,1
20852,face_wash,0,0
20853,face_wash,0,1
20854,face_wash,0,0
20855,face_wash,0,0
20856,face_wash,0,0
20857,face_wash,0,0
20858,face_wash,0,0
20859,face_wash,0,0
20860,face_wash,0,0
20861,face_wash,0,0
20862,face_wash,0,0
20863,face_wash,0,0
20864,face_wash,0,0
20865,face_wash,0,1
20867,face_wash,0,0
20868,face_wash,0,0
20869,face_wash,0,2
20870,face_wash,0,0
20871,face_wash,0,0
20872,face_wash,0,0
20873,face_wash,0,0
20874,face_wash,0,0
20875,face_wash,0,0
20876,face_wash,0,0
23816,cleansing,0,0
23817,cleansing,0,0
23819,cleansing,0,0
23820,cleansing,0,0
23821,cleansing,0,1
23822,cleansing,0,1
23823,cleansing,0,0
23825,cleansing,0,0
24169,cleansing,0,1
24170,cleansing,0,0
24171,cleansing,0,0
24172,cleansing,0,0
24173,cleansing,0,0
24174,cleansing,0,0
24175,cleansing,0,0
24176,cleansing,0,0
24178,cleansing,0,0
24526,cleansing,0,0
24527,cleansing,0,0
24528,cleansing,0,0
24530,cleansing,0,0
24531,cleansing,0,0
24532,cleansing,0,0
24534,cleansing,0,0
24804,cleansing,0,0
24805,cleansing,0,1
24806,cleansing,0,0
24807,cleansing,0,1
24808,cleansing,0,0
24809,cleansing,0,0
24810,cleansing,0,0
24811,cleansing,0,0
24812,cleansing,0,1
25134,cleansing,0,0
25135,cleansing,0,1
25136,cleansing,0,0
25137,cleansing,0,0
25138,cleansing,0,1
25139,cleansing,0,0
25140,cleansing,0,0
25141,cleansing,0,1
25142,cleansing,0,0
25143,cleansing,0,0
25527,cleansing,0,1
25529,cleansing,0,1
25530,cleansing,0,0
25531,cleansing,0,1
25532,cleansing,0,0
25533,cleansing,0,0
25534,cleansing,0,1
25535,cleansing,0,0
25536,cleansing,0,0
25537,cleansing,0,0
25538,cleansing,0,0
25539,cleansing,0,0
25540,cleansing,0,0
25541,cleansing,0,0
25542,cleansing,0,0
25543,cleansing,0,0
25544,cleansing,0,0
25545,cleansing,0,0
25546,cleansing,0,0
25547,cleansing,0,0
25548,cleansing,0,0
25549,cleansing,0,0
25550,cleansing,0,0
25551,cleansing,0,0
25552,cleansing,0,0
25553,cleansing,0,1
25555,cleansing,0,0
25556,cleansing,0,0
25952,cleansing,0,0
25953,cleansing,0,2
25954,cleansing,1,10
25955,cleansing,0,0
25956,cleansing,1,10
25957,cleansing,1,7
25959,cleansing,0,7
25960,cleansing,0,0
27732,cleansing,0,0
27733,cleansing,0,0
27734,cleansing,0,0
27735,cleansing,0,0
27736,cleansing,0,0
27737,cleansing,0,1
27738,cleansing,0,0
27739,cleansing,0,0
27740,cleansing,0,0
27741,cleansing,0,0
28405,toner_lotion,0,0
28406,toner_lotion,0,0
28407,toner_lotion,0,0
28408,toner_lotion,0,0
28728,toner_lotion,0,0
28729,toner_lotion,0,0
28730,toner_lotion,0,1
28732,toner_lotion,0,1
28733,toner_lotion,0,1
28734,toner_lotion,1,9
28735,toner_lotion,1,10
28736,toner_lotion,0,0
28737,toner_lotion,0,0
28738,toner_lotion,0,0
28739,toner_lotion,0,0
28740,toner_lotion,0,1
28741,toner_lotion,0,0
28742,toner_lotion,0,0
28743,toner_lotion,0,0
28744,toner_lotion,0,0
28745,toner_lotion,0,0
28746,toner_lotion,1,8
28747,toner_lotion,0,0
28748,toner_lotion,1,10
28749,toner_lotion,0,1
28750,toner_lotion,0,0
28751,toner_lotion,0,6
28752,toner_lotion,0,0
28753,toner_lotion,0,0
28754,toner_lotion,0,0
28755,toner_lotion,1,10
29131,toner_lotion,0,0
29132,toner_lotion,0,0
29133,toner_lotion,0,1
29134,toner_lotion,0,0
29135,toner_lotion,0,0
29137,toner_lotion,0,0
29138,toner_lotion,0,0
29139,toner_lotion,0,0
29140,toner_lotion,0,0
30336,toner_lotion,1,10
30337,toner_lotion,0,0
30338,toner_lotion,0,0
30339,toner_lotion,0,0
30340,toner_lotion,0,2
30341,toner_lotion,1,10
30342,toner_lotion,1,10
30343,toner_lotion,0,0
30344,toner_lotion,0,0
30345,toner_lotion,1,8
30708,eye_shadow,0,0
30709,eye_shadow,0,1
30710,eye_shadow,0,0
30711,eye_shadow,1,0
30712,eye_shadow,0,0
30714,eye_shadow,0,0
30715,eye_shadow,0,0
30716,eye_shadow,0,0
31071,eye_shadow,0,1
31072,eye_shadow,0,0
31073,eye_shadow,0,0
31075,eye_shadow,0,0
31076,eye_shadow,0,0
31077,eye_shadow,0,0
31078,eye_shadow,0,0
31079,eye_shadow,0,0
31080,eye_shadow,1,0
31329,eye_shadow,0,0
31330,eye_shadow,0,0
31331,eye_shadow,0,0
31332,eye_shadow,0,0
31333,eye_shadow,0,1
31334,eye_shadow,0,0
31335,eye_shadow,0,0
31336,eye_shadow,0,0
31337,eye_shadow,0,2
31338,eye_shadow,0,0
32114,eye_shadow,0,0
32115,eye_shadow,0,0
32116,eye_shadow,0,0
32117,eye_shadow,0,0
32118,eye_shadow,0,0
32120,eye_shadow,0,1
32121,eye_shadow,0,0
32123,eye_shadow,0,1
32478,eye_shadow,0,0
32479,eye_shadow,0,0
32480,eye_shadow,0,0
32481,eye_shadow,0,1
32482,eye_shadow,0,0
32483,eye_shadow,0,1
32484,eye_shadow,0,0
32485,eye_shadow,0,1
32486,eye_shadow,0,0
32754,eye_shadow,0,0
32755,eye_shadow,0,0
32756,eye_shadow,0,0
32757,eye_shadow,0,0
32758,eye_shadow,0,0
32759,eye_shadow,0,0
32760,eye_shadow,0,0
32761,eye_shadow,0,0
32762,eye_shadow,0,0
32763,eye_shadow,0,0
33124,eye_shadow,0,0
33125,eye_shadow,0,0
33126,eye_shadow,0,0
33127,eye_shadow,0,0
33129,eye_shadow,0,0
33131,eye_shadow,0,0
33133,eye_shadow,0,0
33134,eye_shadow,0,0
33135,eye_shadow,0,0
33136,eye_shadow,1,10
33138,eye_shadow,0,0
33139,eye_shadow,0,0
33141,eye_shadow,0,0
33142,eye_shadow,0,0
33143,eye_shadow,0,0
33144,eye_shadow,0,0
33145,eye_shadow,1,10
33146,eye_shadow,1,8
33147,eye_shadow,1,10
33148,eye_shadow,0,0
33149,eye_shadow,0,1
33150,eye_shadow,0,0
33151,eye_shadow,0,0
33152,eye_shadow,0,7
33153,eye_shadow,1,9
33154,eye_shadow,0,0
33155,eye_shadow,0,0
33591,eye_shadow,0,0
33592,eye_shadow,0,0
33593,eye_shadow,0,0
33594,eye_shadow,0,0
33595,eye_shadow,0,0
33596,eye_shadow,0,0
33597,eye_shadow,0,2
35721,lip_colour,0,0
35722,lip_colour,0,0
35723,lip_colour,0,0
35724,lip_colour,0,0
35725,lip_colour,0,0
35726,lip_colour,0,0
35727,lip_colour,0,1
35728,lip_colour,0,0
35729,lip_colour,0,0
35730,lip_colour,0,0
36421,lip_colour,0,0
36422,lip_colour,0,0
36423,lip_colour,0,1
36424,lip_colour,0,0
36425,lip_colour,0,0
36426,lip_colour,0,0
36427,lip_colour,0,0
36428,lip_colour,0,0
36429,lip_colour,0,1
36430,lip_colour,0,0
36804,lip_colour,0,0
36805,lip_colour,0,0
36806,lip_colour,0,0
36807,lip_colour,0,0
36808,lip_colour,0,0
36809,lip_colour,0,0
36810,lip_colour,0,0
36811,lip_colour,0,0
36812,lip_colour,0,0
36813,lip_colour,0,1
37212,lip_colour,0,0
37213,lip_colour,0,0
37469,lip_colour,0,0
37470,lip_colour,0,0
37471,lip_colour,0,2
37472,lip_colour,0,0
37473,lip_colour,0,0
37474,lip_colour,0,0
37475,lip_colour,0,0
37476,lip_colour,0,0
37477,lip_colour,0,0
37478,lip_colour,0,0
37479,lip_colour,0,1
37480,lip_colour,0,0
37481,lip_colour,0,0
37482,lip_colour,0,0
37483,lip_colour,0,0
37484,lip_colour,0,0
37485,lip_colour,0,0
37486,lip_colour,0,0
37487,lip_colour,0,0
37488,lip_colour,0,0
37770,lip_colour,0,0
37771,lip_colour,0,1
37772,lip_colour,0,0
37773,lip_colour,0,0
37774,lip_colour,0,0
37775,lip_colour,0,0
37776,lip_colour,0,2
37778,lip_colour,0,0
37779,lip_colour,0,0
37780,lip_colour,0,1
37781,lip_colour,0,0
37782,lip_colour,0,0
37783,lip_colour,0,1
37784,lip_colour,1,0
37785,lip_colour,0,0
37786,lip_colour,0,0
37787,lip_colour,0,0
37788,lip_colour,0,0
37789,lip_colour,0,0
37790,lip_colour,0,1
37791,lip_colour,0,0
37792,lip_colour,0,0
37793,lip_colour,0,1
37794,lip_colour,0,0
37795,lip_colour,0,0
37796,lip_colour,0,0
37797,lip_colour,0,1
37798,lip_colour,0,1
37799,lip_colour,0,0
38197,lip_colour,0,0
38199,lip_colour,0,0
38200,lip_colour,0,0
38201,lip_colour,0,0
38203,lip_colour,0,0
38204,lip_colour,0,0
38205,lip_colour,0,0
38206,lip_colour,0,0
38207,lip_colour,0,0
38208,lip_colour,0,0
38209,lip_colour,0,1
38210,lip_colour,0,0
38211,lip_colour,0,0
38212,lip_colour,0,0
38214,lip_colour,0,0
38215,lip_colour,0,0
38430,lip_colour,0,0
38432,lip_colour,0,0
38433,lip_colour,0,0
38434,lip_colour,0,0
38435,lip_colour,0,0
38436,lip_colour,0,0
38437,lip_colour,1,10
38438,lip_colour,0,1
38439,lip_colour,0,0
38440,lip_colour,0,0
38441,lip_colour,0,0
38442,lip_colour,0,1
38444,lip_colour,1,9
38445,lip_colour,0,0
38447,lip_colour,0,0
38448,lip_colour,1,8
38449,lip_colour,0,0
38452,lip_colour,0,0
38453,lip_colour,0,1
38454,lip_colour,1,9
38455,lip_colour,0,0
38456,lip_colour,1,10
38457,lip_colour,0,1
38458,lip_colour,1,10
38459,lip_colour,0,0
38460,lip_colour,0,0
38461,lip_colour,0,0
38462,lip_colour,0,0
38463,lip_colour,0,0
38464,lip_colour,0,0
38465,lip_colour,1,0
38466,lip_colour,0,0
38467,lip_colour,0,7
38468,lip_colour,0,1
38469,lip_colour,0,0
38470,lip_colour,0,0
38471,lip_colour,0,2
38472,lip_colour,0,0
38474,lip_colour,0,0
38475,lip_colour,1,8
38476,lip_colour,0,0
38477,lip_colour,0,0
38478,lip_colour,0,0
38479,lip_colour,0,0
38891,lip_colour,0,0
38892,lip_colour,0,0
38894,lip_colour,0,1
38895,lip_colour,0,0
38897,lip_colour,0,1
38898,lip_colour,0,0
38900,lip_colour,0,0
38901,lip_colour,0,0
38902,lip_colour,0,0
38903,lip_colour,0,5
38906,lip_colour,0,0
38907,lip_colour,0,0
38908,lip_colour,0,0
38909,lip_colour,1,0
38910,lip_colour,0,0
40864,foundation,0,0
40865,foundation,0,0
40866,foundation,0,1
40867,foundation,0,0
40868,foundation,0,0
40869,foundation,0,0
40870,foundation,0,0
40871,foundation,0,0
40872,foundation,0,0
40873,foundation,0,0
41210,foundation,0,1
41211,foundation,0,0
41212,foundation,0,0
41213,foundation,0,0
41214,foundation,0,1
41215,foundation,0,0
41216,foundation,0,1
41217,foundation,0,0
41218,foundation,0,0
41597,foundation,1,9
41598,foundation,0,0
41599,foundation,0,0
41600,foundation,0,0
41601,foundation,1,8
41602,foundation,1,6
41603,foundation,1,0
41604,foundation,0,1
41605,foundation,1,6
41606,foundation,0,0
41608,foundation,1,10
41609,foundation,0,0
41610,foundation,1,6
41611,foundation,0,0
41612,foundation,0,1
41613,foundation,0,1
41614,foundation,0,0
41615,foundation,0,0
41616,foundation,0,3
41617,foundation,0,0
41618,foundation,0,9
41619,foundation,0,0
41620,foundation,0,0
41621,foundation,0,0
41622,foundation,0,0
41623,foundation,0,0
41625,foundation,1,9
41626,foundation,0,7
42040,foundation,0,0
42041,foundation,1,3
42042,foundation,0,0
42043,foundation,0,0
42044,foundation,0,0
42045,foundation,0,0
42046,foundation,0,0
42047,foundation,0,0
42048,foundation,0,0
42049,foundation,0,0
42377,foundation,0,0
42379,foundation,0,0
42380,foundation,0,0
42381,foundation,0,1
42383,foundation,0,0
42384,foundation,0,0
42385,foundation,0,0
42386,foundation,0,1
42387,foundation,0,0
42388,foundation,0,0
42389,foundation,0,1
42390,foundation,0,0
42391,foundation,0,0
42393,foundation,0,0
42395,foundation,0,0
42396,foundation,0,0
42397,foundation,0,0
42398,foundation,0,0
408,emulsion,0,0
409,emulsion,0,1
410,emulsion,0,0
412,emulsion,0,0
413,emulsion,1,1
414,emulsion,1,9
415,emulsion,0,0
417,emulsion,0,2
849,emulsion,0,0
851,emulsion,0,0
852,emulsion,0,0
853,emulsion,0,0
854,emulsion,0,4
855,emulsion,0,1
856,emulsion,0,0
857,emulsion,0,0
858,emulsion,0,0
861,emulsion,0,0
862,emulsion,0,0
865,emulsion,0,0
867,emulsion,0,0
868,emulsion,0,0
1245,emulsion,0,0
1246,emulsion,0,0
1247,emulsion,0,0
1248,emulsion,0,0
1249,emulsion,0,0
1250,emulsion,1,9
1251,emulsion,0,0
1252,emulsion,0,0
1253,emulsion,0,0
1255,emulsion,0,1
1256,emulsion,1,0
1257,emulsion,1,10
1258,emulsion,0,0
1259,emulsion,0,0
1261,emulsion,1,8
1262,emulsion,1,10
1263,emulsion,1,8
1264,emulsion,1,10
1265,emulsion,1,7
1266,emulsion,0,0
1267,emulsion,0,3
1268,emulsion,0,2
1269,emulsion,0,2
1270,emulsion,0,1
1271,emulsion,0,0
1272,emulsion,0,0
1273,emulsion,0,0
1276,emulsion,0,1
1277,emulsion,0,0
1278,emulsion,1,10
1279,emulsion,0,0
1280,emulsion,0,0
1569,emulsion,0,4
1570,emulsion,1,10
1572,emulsion,1,10
1573,emulsion,0,0
1574,emulsion,0,0
1576,emulsion,0,0
1577,emulsion,0,0
1578,emulsion,0,0
1579,emulsion,0,0
1580,emulsion,0,8
1581,emulsion,0,0
1582,emulsion,0,0
1583,emulsion,0,5
1585,emulsion,0,0
1586,emulsion,0,0
1588,emulsion,1,10
1589,emulsion,1,10
1590,emulsion,0,0
1591,emulsion,1,10
1592,emulsion,0,1
1593,emulsion,0,0
1594,emulsion,0,1
1595,emulsion,1,10
1596,emulsion,0,0
1597,emulsion,1,8
1598,emulsion,0,0
1599,emulsion,0,0
1600,emulsion,0,0
1601,emulsion,1,10
1602,emulsion,1,10
1603,emulsion,0,6
1604,emulsion,0,0
1605,emulsion,1,6
1606,emulsion,0,0
1607,emulsion,0,1
1608,emulsion,1,4
1609,emulsion,0,0
1610,emulsion,1,9
5966,face_cream,0,0
6671,face_cream,0,0
6672,face_cream,0,2
6673,face_cream,0,0
6674,face_cream,0,0
6675,face_cream,0,0
6676,face_cream,0,0
6677,face_cream,0,0
6678,face_cream,0,0
6679,face_cream,0,1
6680,face_cream,0,0
7057,face_cream,0,0
7380,face_cream,0,0
7381,face_cream,0,0
7382,face_cream,0,0
7383,face_cream,1,10
7384,face_cream,1,10
7386,face_cream,0,0
7387,face_cream,0,0
7388,face_cream,0,0
7389,face_cream,0,0
8136,face_cream,0,0
8137,face_cream,0,0
8139,face_cream,0,0
8140,face_cream,0,0
8142,face_cream,0,0
8143,face_cream,0,9
8144,face_cream,0,1
8503,face_cream,0,0
8504,face_cream,0,1
8505,face_cream,0,0
8506,face_cream,0,0
9828,face_cream,0,0
9829,face_cream,0,0
9831,face_cream,0,0
9832,face_cream,0,0
9833,face_cream,0,1
9834,face_cream,0,0
9835,face_cream,0,1
9836,face_cream,0,0
9837,face_cream,0,0
10215,serum_essence,0,0
10216,serum_essence,0,0
10218,serum_essence,0,0
10219,serum_essence,1,10
10220,serum_essence,0,0
10221,serum_essence,0,0
10222,serum_essence,0,0
10223,serum_essence,0,0
10224,serum_essence,0,0
10471,serum_essence,0,2
10472,serum_essence,0,0
10473,serum_essence,0,0
10474,serum_essence,0,0
10476,serum_essence,0,0
10477,serum_essence,0,0
10479,serum_essence,0,0
11147,serum_essence,0,0
11148,serum_essence,0,0
11149,serum_essence,0,0
11150,serum_essence,0,0
11152,serum_essence,0,0
11153,serum_essence,0,0
11154,serum_essence,0,0
11155,serum_essence,0,0
11516,serum_essence,0,0
11518,serum_essence,1,6
11520,serum_essence,0,0
11521,serum_essence,1,10
11522,serum_essence,0,0
11523,serum_essence,0,0
11524,serum_essence,0,0
11525,serum_essence,0,0
11920,serum_essence,0,0
11921,serum_essence,0,0
11922,serum_essence,0,0
11923,serum_essence,1,10
11924,serum_essence,0,0
11925,serum_essence,0,0
11926,serum_essence,0,0
11927,serum_essence,0,0
11928,serum_essence,1,9
11929,serum_essence,0,0
11930,serum_essence,0,1
11931,serum_essence,0,1
11933,serum_essence,0,0
11934,serum_essence,1,8
11935,serum_essence,0,0
11936,serum_essence,0,0
11937,serum_essence,0,0
11938,serum_essence,0,0
11939,serum_essence,0,0
12198,serum_essence,0,0
12199,serum_essence,0,3
12200,serum_essence,1,10
12201,serum_essence,1,10
12203,serum_essence,0,6
12204,serum_essence,0,0
12205,serum_essence,0,1
12206,serum_essence,0,1
12207,serum_essence,0,6
12208,serum_essence,1,4
12209,serum_essence,0,0
12210,serum_essence,0,8
12211,serum_essence,0,0
12213,serum_essence,1,10
12214,serum_essence,0,0
12215,serum_essence,1,10
12217,serum_essence,1,10
12218,serum_essence,1,10
12219,serum_essence,1,10
12220,serum_essence,1,10
12221,serum_essence,1,10
12224,serum_essence,0,0
12225,serum_essence,0,0
12226,serum_essence,0,0
12227,serum_essence,1,10
12492,serum_essence,1,9
12493,serum_essence,0,0
12494,serum_essence,0,0
12495,serum_essence,0,4
12496,serum_essence,0,0
12497,serum_essence,1,1
12498,serum_essence,0,1
12499,serum_essence,0,0
12500,serum_essence,1,2
12501,serum_essence,0,0
12502,serum_essence,1,1
12503,serum_essence,0,4
12504,serum_essence,0,0
12505,serum_essence,0,3
12506,serum_essence,0,1
12507,serum_essence,1,10
12508,serum_essence,0,1
12509,serum_essence,1,10
12510,serum_essence,0,1
12511,serum_essence,1,8
12512,serum_essence,1,9
12513,serum_essence,0,2
12514,serum_essence,1,3
12515,serum_essence,0,1
12516,serum_essence,1,10
12517,serum_essence,0,0
12518,serum_essence,1,10
12519,serum_essence,0,0
12520,serum_essence,0,0
12521,serum_essence,0,0
12522,serum_essence,1,9
12523,serum_essence,0,0
12524,serum_essence,0,1
12525,serum_essence,1,6
12526,serum_essence,0,2
12527,serum_essence,0,0
12528,serum_essence,0,0
12529,serum_essence,1,10
12530,serum_essence,1,6
12531,serum_essence,0,0
12532,serum_essence,1,8
12533,serum_essence,1,0
12534,serum_essence,0,0
12535,serum_essence,0,1
12536,serum_essence,0,0
12537,serum_essence,1,10
12538,serum_essence,0,0
12539,serum_essence,0,1
12540,serum_essence,0,0
12541,serum_essence,1,10
12900,serum_essence,1,10
12901,serum_essence,0,1
12902,serum_essence,0,5
12903,serum_essence,1,10
12904,serum_essence,0,0
12905,serum_essence,0,0
12906,serum_essence,0,0
12907,serum_essence,0,1
12908,serum_essence,0,1
12909,serum_essence,1,10
13193,serum_essence,0,0
13194,serum_essence,1,10
13195,serum_essence,0,3
13196,serum_essence,0,0
13197,serum_essence,0,0
13198,serum_essence,0,0
13199,serum_essence,0,0
13200,serum_essence,0,0
13201,serum_essence,0,0
13202,serum_essence,1,7
13203,serum_essence,1,5
13204,serum_essence,0,1
13205,serum_essence,0,0
13206,serum_essence,0,7
13207,serum_essence,0,0
13209,serum_essence,0,0
13210,serum_essence,0,2
13211,serum_essence,0,0
13212,serum_essence,0,1
13213,serum_essence,0,0
13510,serum_essence,0,0
13511,serum_essence,0,0
13512,serum_essence,0,0
13513,serum_essence,0,0
13514,serum_essence,0,5
13515,serum_essence,1,10
13516,serum_essence,0,0
13517,serum_essence,0,0
13518,serum_essence,1,8
13519,serum_essence,0,0
13520,serum_essence,0,1
13521,serum_essence,0,0
13522,serum_essence,1,10
13523,serum_essence,0,0
13524,serum_essence,0,1
13526,serum_essence,0,1
13527,serum_essence,1,10
13528,serum_essence,0,0
13529,serum_essence,1,4
13530,serum_essence,0,0
13531,serum_essence,0,0
13532,serum_essence,0,0
13533,serum_essence,0,0
13534,serum_essence,0,9
13535,serum_essence,0,1
13536,serum_essence,0,0
13537,serum_essence,0,0
13538,serum_essence,0,0
13539,serum_essence,0,0
13540,serum_essence,0,0
13541,serum_essence,0,1
13542,serum_essence,1,10
13544,serum_essence,0,0
13545,serum_essence,1,5
13546,serum_essence,0,0
13547,serum_essence,1,10
13548,serum_essence,0,0
13549,serum_essence,0,0
15218,sun_protection,0,0
15219,sun_protection,0,1
15220,sun_protection,0,0
15221,sun_protection,0,0
15222,sun_protection,0,0
15223,sun_protection,0,1
15224,sun_protection,0,0
15225,sun_protection,0,0
15226,sun_protection,0,0
15227,sun_protection,0,1
15535,sun_protection,0,0
15536,sun_protection,0,0
15537,sun_protection,0,0
15538,sun_protection,0,0
15539,sun_protection,0,0
15540,sun_protection,0,0
15541,sun_protection,0,0
15542,sun_protection,0,1
16015,sun_protection,0,0
16016,sun_protection,0,0
16017,sun_protection,0,0
16018,sun_protection,0,0
16019,sun_protection,1,10
16020,sun_protection,0,0
16021,sun_protection,0,0
16022,sun_protection,0,2
16024,sun_protection,0,0
16026,sun_protection,1,8
16027,sun_protection,0,0
16028,sun_protection,0,0
16030,sun_protection,0,0
16031,sun_protection,0,0
16032,sun_protection,0,0
16033,sun_protection,0,1
16034,sun_protection,0,0
16035,sun_protection,0,0
16036,sun_protection,0,0
16037,sun_protection,0,0
16039,sun_protection,1,9
16040,sun_protection,0,0
16041,sun_protection,1,10
16042,sun_protection,1,10
16043,sun_protection,0,0
16044,sun_protection,0,3
16325,sun_protection,0,9
16326,sun_protection,0,0
16327,sun_protection,0,0
16328,sun_protection,0,0
16329,sun_protection,0,0
16330,sun_protection,0,1
16331,sun_protection,0,0
16332,sun_protection,0,1
16333,sun_protection,1,10
16334,sun_protection,1,0
16335,sun_protection,1,10
16336,sun_protection,0,0
16337,sun_protection,0,0
16338,sun_protection,1,10
16339,sun_protection,1,5
16341,sun_protection,0,1
16343,sun_protection,0,0
16344,sun_protection,0,0
16345,sun_protection,0,0
16346,sun_protection,0,0
16347,sun_protection,1,10
16348,sun_protection,0,0
16349,sun_protection,0,0
16350,sun_protection,0,0
16351,sun_protection,0,0
16352,sun_protection,1,4
16353,sun_protection,0,2
16355,sun_protection,0,0
16356,sun_protection,0,3
16357,sun_protection,1,8
16358,sun_protection,0,1
16359,sun_protection,0,9
16360,sun_protection,1,7
16361,sun_protection,0,0
16362,sun_protection,0,1
16363,sun_protection,1,7
16364,sun_protection,1,10
16365,sun_protection,0,0
16366,sun_protection,1,9
16367,sun_protection,1,5
16368,sun_protection,0,0
16369,sun_protection,0,1
16370,sun_protection,0,0
16371,sun_protection,0,6
16373,sun_protection,1,10
16374,sun_protection,0,0
16715,sun_protection,0,0
16716,sun_protection,0,0
16717,sun_protection,0,0
16718,sun_protection,0,0
16719,sun_protection,0,0
16720,sun_protection,0,0
16721,sun_protection,0,0
16722,sun_protection,0,0
16723,sun_protection,0,0
18682,face_wash,0,0
18684,face_wash,0,0
18685,face_wash,0,0
18686,face_wash,0,0
18687,face_wash,0,0
18688,face_wash,0,0
18689,face_wash,0,0
18690,face_wash,0,0
18691,face_wash,0,0
19030,face_wash,0,2
19031,face_wash,0,0
19032,face_wash,1,10
19033,face_wash,0,0
19034,face_wash,0,1
19035,face_wash,1,8
19036,face_wash,0,0
19038,face_wash,0,0
19039,face_wash,1,10
20066,face_wash,0,0
20067,face_wash,1,7
20068,face_wash,0,1
20069,face_wash,0,0
20070,face_wash,0,0
20071,face_wash,0,0
20072,face_wash,0,0
20073,face_wash,0,0
20074,face_wash,1,7
20075,face_wash,0,0
20400,face_wash,0,1
20402,face_wash,0,0
20403,face_wash,0,0
20404,face_wash,0,0
20405,face_wash,0,0
20406,face_wash,0,0
20407,face_wash,0,0
20408,face_wash,0,0
20409,face_wash,0,0
20410,face_wash,0,0
20411,face_wash,0,0
20412,face_wash,0,0
20413,face_wash,0,0
20414,face_wash,0,0
20416,face_wash,0,0
20807,face_wash,0,0
20808,face_wash,0,0
20809,face_wash,1,10
20810,face_wash,0,1
20811,face_wash,0,0
20813,face_wash,0,0
20815,face_wash,1,8
20816,face_wash,1,10
20817,face_wash,0,0
20818,face_wash,0,0
20819,face_wash,0,0
20820,face_wash,1,10
20821,face_wash,1,9
20822,face_wash,0,0
20823,face_wash,1,10
20824,face_wash,0,0
20825,face_wash,1,10
20826,face_wash,0,0
20827,face_wash,1,0
20828,face_wash,0,0
20830,face_wash,0,0
20831,face_wash,0,0
20832,face_wash,0,0
20833,face_wash,0,0
20834,face_wash,0,0
20835,face_wash,0,2
20836,face_wash,1,10
20837,face_wash,0,0
20838,face_wash,0,0
20839,face_wash,0,2
20840,face_wash,1,0
20841,face_wash,1,10
20844,face_wash,0,0
20846,face_wash,0,0
21181,face_wash,0,0
21182,face_wash,0,0
21183,face_wash,0,0
21185,face_wash,0,0
21186,face_wash,0,0
21187,face_wash,0,0
21188,face_wash,0,0
21190,face_wash,0,0
21191,face_wash,0,0
21192,face_wash,0,0
21193,face_wash,0,0
21194,face_wash,0,0
21195,face_wash,0,0
21196,face_wash,0,0
21197,face_wash,0,0
21198,face_wash,0,0
21199,face_wash,0,0
21200,face_wash,0,0
21201,face_wash,0,0
21202,face_wash,0,0
21204,face_wash,0,0
21205,face_wash,0,0
21209,face_wash,0,0
21210,face_wash,0,0
21211,face_wash,0,0
21514,face_wash,0,1
21515,face_wash,0,0
21516,face_wash,0,0
21517,face_wash,0,0
21518,face_wash,0,0
21519,face_wash,0,1
21521,face_wash,0,0
24159,cleansing,0,0
24160,cleansing,0,0
24161,cleansing,0,0
24163,cleansing,0,0
24164,cleansing,0,0
24165,cleansing,0,1
24166,cleansing,0,0
24167,cleansing,0,1
24168,cleansing,0,0
24803,cleansing,0,0
25124,cleansing,0,1
25125,cleansing,0,1
25126,cleansing,0,0
25127,cleansing,0,0
25128,cleansing,0,0
25129,cleansing,0,0
25130,cleansing,0,0
25131,cleansing,0,0
25132,cleansing,0,0
25133,cleansing,0,0
25507,cleansing,0,0
25508,cleansing,0,0
25509,cleansing,0,0
25510,cleansing,0,0
25511,cleansing,0,1
25512,cleansing,0,0
25515,cleansing,0,0
25519,cleansing,0,1
25520,cleansing,0,0
25521,cleansing,0,0
25522,cleansing,0,0
25523,cleansing,0,0
25524,cleansing,0,0
25526,cleansing,0,1
25912,cleansing,1,8
25913,cleansing,1,0
25914,cleansing,1,9
25915,cleansing,0,4
25916,cleansing,1,9
25917,cleansing,1,10
25918,cleansing,1,7
25919,cleansing,0,0
25920,cleansing,1,10
25921,cleansing,0,0
25922,cleansing,1,7
25923,cleansing,0,0
25924,cleansing,0,0
25925,cleansing,0,0
25926,cleansing,0,0
25927,cleansing,0,0
25928,cleansing,0,0
25929,cleansing,1,10
25930,cleansing,1,10
25931,cleansing,1,10
25932,cleansing,0,7
25933,cleansing,0,0
25934,cleansing,0,4
25935,cleansing,0,1
25936,cleansing,0,0
25937,cleansing,1,10
25938,cleansing,0,0
25939,cleansing,1,5
25940,cleansing,0,0
25941,cleansing,1,10
25943,cleansing,0,0
25944,cleansing,0,0
25945,cleansing,0,8
25946,cleansing,1,9
25947,cleansing,1,10
25948,cleansing,1,4
25949,cleansing,0,6
25950,cleansing,1,9
26281,cleansing,0,0
28399,toner_lotion,0,1
28400,toner_lotion,0,0
28401,toner_lotion,0,0
28402,toner_lotion,0,0
28403,toner_lotion,0,1
28404,toner_lotion,0,1
28706,toner_lotion,0,0
28708,toner_lotion,0,8
28709,toner_lotion,0,0
28710,toner_lotion,0,0
28711,toner_lotion,0,0
28712,toner_lotion,0,2
28713,toner_lotion,0,0
28714,toner_lotion,0,0
28715,toner_lotion,0,0
28716,toner_lotion,1,0
28717,toner_lotion,0,0
28718,toner_lotion,0,1
28719,toner_lotion,0,0
28720,toner_lotion,0,1
28721,toner_lotion,1,3
28722,toner_lotion,1,7
28723,toner_lotion,0,0
28724,toner_lotion,1,9
28726,toner_lotion,0,0
28727,toner_lotion,1,7
29122,toner_lotion,0,0
29123,toner_lotion,0,0
29124,toner_lotion,0,0
29127,toner_lotion,0,0
29128,toner_lotion,0,0
29129,toner_lotion,0,0
29130,toner_lotion,0,0
31319,eye_shadow,0,0
31320,eye_shadow,0,0
31321,eye_shadow,0,0
31322,eye_shadow,0,0
31323,eye_shadow,0,0
31324,eye_shadow,0,1
31325,eye_shadow,0,0
31327,eye_shadow,0,0
31328,eye_shadow,0,0
31709,eye_shadow,0,0
31710,eye_shadow,0,1
31712,eye_shadow,0,0
31713,eye_shadow,0,0
31714,eye_shadow,0,1
31715,eye_shadow,0,0
31716,eye_shadow,0,1
31717,eye_shadow,0,0
32104,eye_shadow,0,0
32105,eye_shadow,0,0
32106,eye_shadow,0,0
32107,eye_shadow,0,0
32108,eye_shadow,0,0
32109,eye_shadow,0,0
32110,eye_shadow,0,0
32111,eye_shadow,0,0
32113,eye_shadow,0,0
32468,eye_shadow,0,1
32469,eye_shadow,0,1
32470,eye_shadow,0,0
32471,eye_shadow,0,1
32472,eye_shadow,0,0
32474,eye_shadow,0,1
32475,eye_shadow,0,0
32476,eye_shadow,0,0
32477,eye_shadow,0,1
32744,eye_shadow,0,0
32747,eye_shadow,0,0
32748,eye_shadow,0,0
32749,eye_shadow,0,1
32750,eye_shadow,0,0
32752,eye_shadow,0,1
32753,eye_shadow,0,0
33104,eye_shadow,0,0
33106,eye_shadow,0,0
33107,eye_shadow,0,0
33108,eye_shadow,0,0
33110,eye_shadow,0,0
33111,eye_shadow,0,0
33112,eye_shadow,1,9
33113,eye_shadow,0,0
33114,eye_shadow,0,0
33115,eye_shadow,0,0
33116,eye_shadow,0,0
33118,eye_shadow,0,0
33119,eye_shadow,0,1
33120,eye_shadow,0,0
33122,eye_shadow,0,0
33123,eye_shadow,0,0
33574,eye_shadow,0,0
33575,eye_shadow,0,1
33576,eye_shadow,0,0
33577,eye_shadow,0,0
33578,eye_shadow,0,0
33579,eye_shadow,0,0
33580,eye_shadow,0,0
33581,eye_shadow,0,0
33582,eye_shadow,0,0
33583,eye_shadow,0,1
33584,eye_shadow,0,0
33585,eye_shadow,0,0
33586,eye_shadow,0,0
33587,eye_shadow,0,0
33588,eye_shadow,0,0
33589,eye_shadow,0,2
36067,lip_colour,0,1
36068,lip_colour,0,0
36071,lip_colour,0,0
36072,lip_colour,0,0
36073,lip_colour,0,0
36074,lip_colour,0,1
36076,lip_colour,0,0
36411,lip_colour,0,0
36412,lip_colour,0,0
36413,lip_colour,0,0
36414,lip_colour,0,0
36415,lip_colour,1,0
36417,lip_colour,0,0
36418,lip_colour,0,0
36419,lip_colour,0,0
36420,lip_colour,0,0
36794,lip_colour,0,1
36795,lip_colour,0,0
36796,lip_colour,0,0
36798,lip_colour,0,0
36799,lip_colour,0,0
36800,lip_colour,0,1
36802,lip_colour,0,1
36803,lip_colour,0,0
37204,lip_colour,0,1
37206,lip_colour,0,0
37207,lip_colour,0,0
37209,lip_colour,0,0
37210,lip_colour,0,0
37211,lip_colour,0,0
37459,lip_colour,0,0
37460,lip_colour,0,0
37461,lip_colour,0,0
37462,lip_colour,0,0
37464,lip_colour,0,0
37465,lip_colour,0,0
37466,lip_colour,0,1
37467,lip_colour,0,0
37468,lip_colour,0,0
37760,lip_colour,0,0
37761,lip_colour,0,2
37763,lip_colour,0,0
37764,lip_colour,0,0
37765,lip_colour,0,0
37766,lip_colour,0,0
37767,lip_colour,1,10
37768,lip_colour,0,0
37769,lip_colour,0,0
38188,lip_colour,0,0
38189,lip_colour,0,0
38190,lip_colour,0,0
38192,lip_colour,0,0
38193,lip_colour,0,0
38195,lip_colour,0,0
38196,lip_colour,0,0
38420,lip_colour,0,1
38421,lip_colour,0,0
38422,lip_colour,0,0
38423,lip_colour,0,1
38424,lip_colour,0,1
38425,lip_colour,1,10
38426,lip_colour,0,1
38427,lip_colour,0,0
38428,lip_colour,0,0
38429,lip_colour,0,0
38871,lip_colour,0,0
38872,lip_colour,0,0
38873,lip_colour,0,0
38874,lip_colour,0,0
38875,lip_colour,0,0
38876,lip_colour,0,0
38877,lip_colour,0,0
38878,lip_colour,0,0
38879,lip_colour,0,0
38880,lip_colour,0,0
38881,lip_colour,0,0
38883,lip_colour,0,0
38884,lip_colour,0,0
38885,lip_colour,0,0
38886,lip_colour,0,0
38887,lip_colour,1,0
38888,lip_colour,0,0
38889,lip_colour,0,0
38890,lip_colour,0,0
40854,foundation,0,1
40855,foundation,0,0
40856,foundation,0,0
40857,foundation,0,0
40858,foundation,0,0
40859,foundation,0,0
40860,foundation,0,0
40861,foundation,0,0
40863,foundation,0,0
41200,foundation,0,1
41202,foundation,0,0
41203,foundation,0,0
41204,foundation,1,0
41205,foundation,0,1
41206,foundation,0,1
41207,foundation,0,0
41208,foundation,0,0
41587,foundation,0,0
41588,foundation,0,0
41589,foundation,0,0
41590,foundation,0,0
41591,foundation,1,9
41592,foundation,0,0
41593,foundation,0,0
41594,foundation,0,0
41595,foundation,0,1
41596,foundation,1,0
42014,foundation,1,9
42015,foundation,1,10
42016,foundation,0,0
42017,foundation,0,0
42018,foundation,0,0
42019,foundation,0,8
42020,foundation,1,9
42021,foundation,0,1
42022,foundation,1,10
42023,foundation,1,9
42024,foundation,0,6
42025,foundation,0,9
42026,foundation,0,7
42028,foundation,1,8
42029,foundation,0,8
42030,foundation,0,0
42031,foundation,1,2
42033,foundation,0,0
42035,foundation,1,10
42036,foundation,0,0
42037,foundation,1,10
42038,foundation,0,0
42039,foundation,0,0
42359,foundation,0,0
42360,foundation,0,0
42361,foundation,0,0
42362,foundation,0,0
42363,foundation,0,0
42365,foundation,0,0
42366,foundation,0,1
42367,foundation,0,0
42370,foundation,0,2
42371,foundation,0,0
42373,foundation,0,1
42374,foundation,0,1
42375,foundation,0,0
42376,foundation,0,0
71,emulsion,0,0
72,emulsion,0,0
73,emulsion,0,0
74,emulsion,0,0
75,emulsion,0,0
77,emulsion,0,0
78,emulsion,0,0
79,emulsion,0,0
80,emulsion,0,0
398,emulsion,0,1
399,emulsion,0,0
400,emulsion,0,0
401,emulsion,0,0
402,emulsion,0,0
403,emulsion,0,1
404,emulsion,0,1
405,emulsion,0,1
406,emulsion,0,0
407,emulsion,0,0
839,emulsion,0,0
840,emulsion,0,0
841,emulsion,0,0
842,emulsion,0,0
843,emulsion,0,0
844,emulsion,0,0
845,emulsion,0,0
846,emulsion,0,0
847,emulsion,0,0
848,emulsion,0,0
1231,emulsion,0,0
1232,emulsion,0,8
1233,emulsion,0,0
1234,emulsion,0,0
1236,emulsion,0,1
1238,emulsion,0,0
1239,emulsion,0,0
1241,emulsion,0,1
1242,emulsion,0,0
1243,emulsion,0,0
1244,emulsion,0,0
1541,emulsion,0,0
1542,emulsion,1,9
1543,emulsion,0,0
1544,emulsion,0,0
1545,emulsion,0,0
1546,emulsion,0,1
1547,emulsion,0,0
1548,emulsion,0,1
1550,emulsion,0,0
1551,emulsion,0,0
1552,emulsion,1,10
1553,emulsion,0,0
1554,emulsion,0,0
1555,emulsion,1,10
1556,emulsion,0,5
1557,emulsion,0,0
1558,emulsion,1,7
1559,emulsion,0,1
1560,emulsion,0,0
1561,emulsion,0,0
1562,emulsion,0,1
1563,emulsion,0,8
1564,emulsion,0,0
1565,emulsion,0,0
1566,emulsion,1,8
1567,emulsion,0,0
1568,emulsion,0,0
5745,face_cream,0,0
5746,face_cream,0,0
5747,face_cream,1,9
5748,face_cream,0,0
5749,face_cream,0,1
5750,face_cream,0,1
5751,face_cream,0,2
5752,face_cream,0,1
5754,face_cream,0,7
5755,face_cream,0,0
5756,face_cream,0,0
5757,face_cream,1,7
5758,face_cream,1,6
5759,face_cream,1,4
5760,face_cream,0,0
5761,face_cream,0,1
5762,face_cream,0,0
5763,face_cream,1,7
6661,face_cream,0,1
6662,face_cream,0,0
6663,face_cream,0,0
6664,face_cream,1,10
6666,face_cream,0,0
6667,face_cream,1,10
6668,face_cream,0,0
6669,face_cream,0,0
6670,face_cream,0,0
7037,face_cream,0,0
7038,face_cream,1,6
7039,face_cream,0,1
7040,face_cream,0,0
7041,face_cream,0,0
7042,face_cream,0,0
7043,face_cream,0,0
7044,face_cream,0,7
7045,face_cream,0,0
7046,face_cream,0,0
7047,face_cream,0,0
7048,face_cream,1,10
7050,face_cream,0,1
7051,face_cream,0,0
7052,face_cream,0,0
7053,face_cream,0,0
7054,face_cream,0,3
7055,face_cream,0,0
7056,face_cream,0,1
7714,face_cream,0,0
7715,face_cream,0,0
7716,face_cream,0,0
7718,face_cream,0,0
7719,face_cream,0,2
7720,face_cream,0,0
7722,face_cream,0,0
7723,face_cream,0,0
8126,face_cream,0,0
8127,face_cream,0,1
8128,face_cream,0,0
8129,face_cream,0,0
8130,face_cream,0,0
8131,face_cream,0,0
8132,face_cream,0,0
8133,face_cream,0,0
8134,face_cream,0,0
8135,face_cream,0,0
8500,face_cream,0,0
8501,face_cream,0,0
8502,face_cream,0,0
10844,serum_essence,0,6
11506,serum_essence,1,10
11507,serum_essence,0,1
11509,serum_essence,1,0
11510,serum_essence,1,8
11511,serum_essence,0,0
11512,serum_essence,0,0
11513,serum_essence,1,10
11514,serum_essence,0,0
11515,serum_essence,1,10
11900,serum_essence,1,7
11901,serum_essence,1,10
11902,serum_essence,0,0
11903,serum_essence,1,7
11904,serum_essence,0,0
11905,serum_essence,0,1
11906,serum_essence,1,7
11907,serum_essence,1,8
11908,serum_essence,0,0
11909,serum_essence,0,0
11910,serum_essence,0,1
11911,serum_essence,0,1
11912,serum_essence,0,0
11913,serum_essence,0,4
11914,serum_essence,0,0
11915,serum_essence,1,10
11916,serum_essence,0,0
11917,serum_essence,0,4
11918,serum_essence,0,0
12158,serum_essence,0,0
12159,serum_essence,0,1
12160,serum_essence,1,10
12161,serum_essence,1,0
12162,serum_essence,1,7
12163,serum_essence,1,1
12164,serum_essence,0,0
12165,serum_essence,0,1
12166,serum_essence,0,0
12167,serum_essence,0,0
12168,serum_essence,0,1
12169,serum_essence,0,0
12170,serum_essence,0,7
12171,serum_essence,1,8
12172,serum_essence,0,0
12174,serum_essence,1,10
12175,serum_essence,1,9
12176,serum_essence,0,1
12177,serum_essence,1,7
12178,serum_essence,1,10
12179,serum_essence,0,0
12180,serum_essence,0,2
12181,serum_essence,0,1
12182,serum_essence,0,0
12184,serum_essence,0,0
12185,serum_essence,1,10
12186,serum_essence,0,0
12187,serum_essence,1,7
12188,serum_essence,0,0
12189,serum_essence,1,10
12190,serum_essence,0,1
12191,serum_essence,0,0
12192,serum_essence,1,9
12193,serum_essence,0,0
12194,serum_essence,0,0
12195,serum_essence,0,4
12196,serum_essence,0,0
12197,serum_essence,1,7
12472,serum_essence,1,10
12473,serum_essence,0,2
12474,serum_essence,0,0
12475,serum_essence,1,10
12476,serum_essence,0,0
12477,serum_essence,0,1
12478,serum_essence,1,10
12479,serum_essence,0,0
12480,serum_essence,1,9
12481,serum_essence,0,0
12482,serum_essence,1,7
12484,serum_essence,0,0
12486,serum_essence,0,0
12487,serum_essence,0,0
12488,serum_essence,1,7
12489,serum_essence,1,10
12490,serum_essence,0,1
12890,serum_essence,0,0
12891,serum_essence,1,10
12896,serum_essence,0,0
12897,serum_essence,0,0
12898,serum_essence,0,1
12899,serum_essence,1,8
13181,serum_essence,1,10
13182,serum_essence,0,0
13183,serum_essence,0,0
13184,serum_essence,0,1
13185,serum_essence,0,0
13186,serum_essence,0,1
13187,serum_essence,0,0
13188,serum_essence,1,10
13189,serum_essence,0,1
13490,serum_essence,0,0
13491,serum_essence,0,2
13492,serum_essence,0,0
13493,serum_essence,0,0
13494,serum_essence,0,1
13495,serum_essence,0,0
13496,serum_essence,0,0
13497,serum_essence,0,0
13498,serum_essence,0,0
13499,serum_essence,0,0
13500,serum_essence,0,0
13501,serum_essence,0,2
13502,serum_essence,0,0
13503,serum_essence,0,0
13504,serum_essence,0,1
13506,serum_essence,0,0
13507,serum_essence,0,0
13508,serum_essence,0,8
13509,serum_essence,0,0
15208,sun_protection,0,0
15209,sun_protection,0,0
15210,sun_protection,0,0
15211,sun_protection,0,0
15212,sun_protection,0,0
15213,sun_protection,0,0
15215,sun_protection,0,1
15524,sun_protection,0,0
15525,sun_protection,0,0
15526,sun_protection,0,0
15527,sun_protection,0,0
15528,sun_protection,0,0
15529,sun_protection,0,0
15530,sun_protection,0,0
15531,sun_protection,0,0
15532,sun_protection,0,0
15987,sun_protection,0,0
15988,sun_protection,0,0
15989,sun_protection,0,0
15990,sun_protection,0,0
15991,sun_protection,0,0
15992,sun_protection,0,1
15993,sun_protection,1,9
15994,sun_protection,0,1
15995,sun_protection,0,0
15996,sun_protection,0,0
15997,sun_protection,0,1
15998,sun_protection,0,1
16000,sun_protection,0,0
16001,sun_protection,0,0
16002,sun_protection,0,0
16003,sun_protection,0,0
16004,sun_protection,0,1
16005,sun_protection,0,0
16006,sun_protection,0,0
16008,sun_protection,0,0
16009,sun_protection,0,0
16010,sun_protection,0,0
16011,sun_protection,1,10
16012,sun_protection,0,0
16013,sun_protection,0,0
16305,sun_protection,0,0
16306,sun_protection,0,0
16307,sun_protection,0,0
16308,sun_protection,0,0
16309,sun_protection,0,0
16310,sun_protection,0,0
16311,sun_protection,0,0
16312,sun_protection,0,0
16313,sun_protection,0,0
16315,sun_protection,0,0
16316,sun_protection,0,0
16317,sun_protection,0,0
16318,sun_protection,0,0
16319,sun_protection,1,0
16320,sun_protection,0,3
16321,sun_protection,1,10
16322,sun_protection,0,0
16323,sun_protection,0,1
16324,sun_protection,0,0
16699,sun_protection,0,1
16700,sun_protection,0,0
16701,sun_protection,0,0
16702,sun_protection,0,0
16704,sun_protection,0,0
16705,sun_protection,0,0
16706,sun_protection,0,0
16707,sun_protection,0,0
16708,sun_protection,0,0
16709,sun_protection,0,0
16710,sun_protection,0,0
16711,sun_protection,0,0
16712,sun_protection,0,2
16713,sun_protection,0,0
16714,sun_protection,0,0
19311,face_wash,0,0
19312,face_wash,0,0
19313,face_wash,0,1
19314,face_wash,0,1
19641,face_wash,0,0
19642,face_wash,0,1
19643,face_wash,0,0
19644,face_wash,0,0
19645,face_wash,0,0
20056,face_wash,0,0
20057,face_wash,0,0
20058,face_wash,0,0
20059,face_wash,0,3
20060,face_wash,0,0
20061,face_wash,0,0
20062,face_wash,0,0
20063,face_wash,0,0
20064,face_wash,0,0
20065,face_wash,0,0
20390,face_wash,0,1
20391,face_wash,0,0
20392,face_wash,0,0
20393,face_wash,0,0
20394,face_wash,0,2
20395,face_wash,0,1
20397,face_wash,0,0
20398,face_wash,0,1
20767,face_wash,0,1
20769,face_wash,0,0
20770,face_wash,0,3
20771,face_wash,1,3
20772,face_wash,1,9
20773,face_wash,1,8
20774,face_wash,1,10
20775,face_wash,1,10
20776,face_wash,1,1
20777,face_wash,1,0
20778,face_wash,0,0
20779,face_wash,0,2
20780,face_wash,1,10
20781,face_wash,1,10
20782,face_wash,0,0
20783,face_wash,0,1
20784,face_wash,0,0
20785,face_wash,0,0
20786,face_wash,0,1
20787,face_wash,0,0
20788,face_wash,1,5
20789,face_wash,0,0
20790,face_wash,1,2
20791,face_wash,0,0
20792,face_wash,0,1
20793,face_wash,0,1
20794,face_wash,1,6
20795,face_wash,0,1
20796,face_wash,1,1
20797,face_wash,0,0
20798,face_wash,0,0
20799,face_wash,0,1
20800,face_wash,0,0
20801,face_wash,0,1
20802,face_wash,0,1
20803,face_wash,0,0
20804,face_wash,1,10
20805,face_wash,1,10
20806,face_wash,0,0
21161,face_wash,1,10
21162,face_wash,0,0
21163,face_wash,0,0
21164,face_wash,0,0
21165,face_wash,0,1
21166,face_wash,0,0
21168,face_wash,0,0
21169,face_wash,0,0
21170,face_wash,0,0
21174,face_wash,0,1
21175,face_wash,0,0
21176,face_wash,0,0
21177,face_wash,0,0
21178,face_wash,0,0
21179,face_wash,0,0
21180,face_wash,0,0
21492,face_wash,0,0
21493,face_wash,0,0
21494,face_wash,0,0
21495,face_wash,0,1
21496,face_wash,0,1
21497,face_wash,0,0
21498,face_wash,0,0
21499,face_wash,0,0
21500,face_wash,0,0
21501,face_wash,0,0
21502,face_wash,0,0
21503,face_wash,0,1
21504,face_wash,0,1
21505,face_wash,0,0
21506,face_wash,0,0
21507,face_wash,0,1
21508,face_wash,0,0
21509,face_wash,0,0
21510,face_wash,0,0
21512,face_wash,0,0
21513,face_wash,0,0
23457,cleansing,0,0
23458,cleansing,0,0
23459,cleansing,0,0
23460,cleansing,0,0
23461,cleansing,0,0
23462,cleansing,0,0
23463,cleansing,0,1
23464,cleansing,0,0
23465,cleansing,0,1
23466,cleansing,0,0
23806,cleansing,0,0
23807,cleansing,0,0
23808,cleansing,0,0
23809,cleansing,0,0
23810,cleansing,0,0
23811,cleansing,0,0
23813,cleansing,0,0
23814,cleansing,0,0
23815,cleansing,0,0
24505,cleansing,0,0
24506,cleansing,0,0
24507,cleansing,0,0
24508,cleansing,0,0
24509,cleansing,0,0
24510,cleansing,0,0
24511,cleansing,0,0
24512,cleansing,1,10
24513,cleansing,0,0
24514,cleansing,0,0
24515,cleansing,0,0
24516,cleansing,0,9
24517,cleansing,0,2
24518,cleansing,0,0
24519,cleansing,0,0
24520,cleansing,0,0
24521,cleansing,0,1
24523,cleansing,0,1
24524,cleansing,0,1
25487,cleansing,0,0
25489,cleansing,0,0
25490,cleansing,0,0
25491,cleansing,0,0
25493,cleansing,0,0
25494,cleansing,0,0
25495,cleansing,0,0
25497,cleansing,0,0
25498,cleansing,0,0
25499,cleansing,0,0
25500,cleansing,0,0
25501,cleansing,0,0
25502,cleansing,0,0
25503,cleansing,0,1
25504,cleansing,0,0
25505,cleansing,0,0
25506,cleansing,0,0
25882,cleansing,1,9
25883,cleansing,0,0
25884,cleansing,0,4
25885,cleansing,0,0
25887,cleansing,0,0
25888,cleansing,1,10
25889,cleansing,0,0
25890,cleansing,0,0
25891,cleansing,0,0
25892,cleansing,0,8
25893,cleansing,0,1
25894,cleansing,0,2
25895,cleansing,1,10
25896,cleansing,0,1
25897,cleansing,0,0
25898,cleansing,0,0
25899,cleansing,1,10
25900,cleansing,0,0
25901,cleansing,1,10
25902,cleansing,0,5
25903,cleansing,1,10
25904,cleansing,0,0
25905,cleansing,0,0
25906,cleansing,1,10
25907,cleansing,0,2
25908,cleansing,0,1
25909,cleansing,0,0
25910,cleansing,1,10
25911,cleansing,0,0
26269,cleansing,0,0
26270,cleansing,0,0
26271,cleansing,0,0
26272,cleansing,0,0
26273,cleansing,0,0
26274,cleansing,0,0
26276,cleansing,0,0
26277,cleansing,0,0
26278,cleansing,0,0
26279,cleansing,0,1
26280,cleansing,0,0
26607,cleansing,0,1
26608,cleansing,0,0
28065,cleansing,0,0
28066,cleansing,0,1
28067,cleansing,0,0
28068,cleansing,0,1
28069,cleansing,0,0
28070,cleansing,0,0
28071,cleansing,0,0
28073,cleansing,0,0
28074,cleansing,0,0
29111,toner_lotion,0,1
29112,toner_lotion,0,0
29113,toner_lotion,0,0
29114,toner_lotion,0,1
29115,toner_lotion,0,3
29116,toner_lotion,1,9
29117,toner_lotion,0,0
29119,toner_lotion,0,0
29120,toner_lotion,0,1
30698,eye_shadow,0,0
30699,eye_shadow,0,0
30700,eye_shadow,0,0
30701,eye_shadow,0,0
30702,eye_shadow,0,1
30704,eye_shadow,0,0
30705,eye_shadow,0,1
30706,eye_shadow,0,1
30707,eye_shadow,0,0
31061,eye_shadow,0,1
31062,eye_shadow,0,0
31063,eye_shadow,0,0
31064,eye_shadow,0,0
31065,eye_shadow,0,0
31066,eye_shadow,0,0
31067,eye_shadow,0,0
31068,eye_shadow,0,0
31069,eye_shadow,0,0
31070,eye_shadow,0,0
31700,eye_shadow,0,0
31701,eye_shadow,0,0
31702,eye_shadow,0,0
31703,eye_shadow,0,1
31704,eye_shadow,0,0
31705,eye_shadow,0,0
31706,eye_shadow,0,0
31707,eye_shadow,0,0
32085,eye_shadow,0,0
32087,eye_shadow,0,0
32088,eye_shadow,0,0
32089,eye_shadow,0,0
32090,eye_shadow,0,1
32091,eye_shadow,0,0
32095,eye_shadow,0,0
32097,eye_shadow,0,0
32098,eye_shadow,0,0
32100,eye_shadow,0,0
32101,eye_shadow,0,0
32102,eye_shadow,0,0
32103,eye_shadow,0,0
32454,eye_shadow,0,0
32455,eye_shadow,0,1
32456,eye_shadow,0,0
32457,eye_shadow,0,0
32458,eye_shadow,0,1
32459,eye_shadow,0,0
32460,eye_shadow,0,0
32461,eye_shadow,0,0
32462,eye_shadow,0,0
32463,eye_shadow,0,0
32464,eye_shadow,0,0
32465,eye_shadow,0,0
32466,eye_shadow,0,0
32467,eye_shadow,0,0
32734,eye_shadow,0,1
32735,eye_shadow,0,0
32736,eye_shadow,0,0
32738,eye_shadow,0,0
32739,eye_shadow,0,0
32740,eye_shadow,0,0
32741,eye_shadow,0,0
32743,eye_shadow,0,0
33094,eye_shadow,0,0
33095,eye_shadow,0,0
33096,eye_shadow,0,0
33097,eye_shadow,0,1
33099,eye_shadow,0,0
33100,eye_shadow,0,0
33102,eye_shadow,0,2
33103,eye_shadow,0,0
33564,eye_shadow,0,0
33565,eye_shadow,0,0
33566,eye_shadow,0,0
33568,eye_shadow,0,0
33569,eye_shadow,0,1
33570,eye_shadow,0,0
33571,eye_shadow,0,0
33572,eye_shadow,0,0
33573,eye_shadow,0,0
36401,lip_colour,0,0
36403,lip_colour,0,0
36404,lip_colour,0,0
36405,lip_colour,0,0
36406,lip_colour,1,0
36407,lip_colour,0,0
36408,lip_colour,0,0
36409,lip_colour,0,0
36410,lip_colour,1,0
36785,lip_colour,0,0
36786,lip_colour,0,0
36787,lip_colour,0,0
36788,lip_colour,0,0
36789,lip_colour,0,1
36790,lip_colour,0,0
36791,lip_colour,0,0
36792,lip_colour,0,0
36793,lip_colour,0,0
37194,lip_colour,0,0
37195,lip_colour,0,0
37196,lip_colour,0,0
37197,lip_colour,0,2
37198,lip_colour,0,0
37199,lip_colour,0,0
37200,lip_colour,0,0
37201,lip_colour,0,0
37202,lip_colour,0,1
37203,lip_colour,0,0
37439,lip_colour,0,0
37440,lip_colour,0,0
37441,lip_colour,0,0
37442,lip_colour,0,1
37443,lip_colour,0,0
37444,lip_colour,0,0
37445,lip_colour,0,0
37446,lip_colour,0,0
37447,lip_colour,0,1
37448,lip_colour,0,0
37449,lip_colour,0,0
37451,lip_colour,0,0
37452,lip_colour,0,0
37453,lip_colour,0,0
37454,lip_colour,0,0
37455,lip_colour,0,1
37457,lip_colour,0,0
37458,lip_colour,0,0
37750,lip_colour,0,0
37751,lip_colour,0,0
37752,lip_colour,0,1
37753,lip_colour,0,0
37755,lip_colour,0,1
37756,lip_colour,1,9
37757,lip_colour,0,0
37758,lip_colour,0,0
37759,lip_colour,0,0
38177,lip_colour,0,1
38178,lip_colour,0,0
38179,lip_colour,0,2
38180,lip_colour,0,1
38181,lip_colour,0,0
38182,lip_colour,0,1
38183,lip_colour,0,0
38184,lip_colour,0,0
38186,lip_colour,0,0
38400,lip_colour,0,1
38401,lip_colour,0,0
38403,lip_colour,0,0
38404,lip_colour,0,4
38405,lip_colour,0,0
38406,lip_colour,0,0
38407,lip_colour,1,10
38409,lip_colour,0,0
38410,lip_colour,0,0
38411,lip_colour,0,1
38413,lip_colour,0,0
38414,lip_colour,0,0
38415,lip_colour,0,0
38416,lip_colour,1,0
38417,lip_colour,0,0
38418,lip_colour,0,0
38419,lip_colour,0,0
38862,lip_colour,0,0
38863,lip_colour,0,1
38864,lip_colour,0,1
38865,lip_colour,0,0
38866,lip_colour,1,0
38867,lip_colour,0,0
38868,lip_colour,0,0
38869,lip_colour,0,0
38870,lip_colour,0,0
41557,foundation,0,0
41558,foundation,1,9
41559,foundation,1,8
41560,foundation,1,10
41561,foundation,0,0
41562,foundation,1,10
41563,foundation,0,0
41564,foundation,0,7
41565,foundation,0,1
41566,foundation,0,0
41567,foundation,0,6
41568,foundation,0,0
41569,foundation,0,1
41570,foundation,1,10
41571,foundation,0,0
41572,foundation,1,10
41573,foundation,0,0
41574,foundation,0,0
41575,foundation,0,0
41576,foundation,1,10
41577,foundation,0,0
41578,foundation,0,0
41579,foundation,1,0
41580,foundation,1,1
41581,foundation,1,0
41582,foundation,0,1
41583,foundation,1,4
41584,foundation,0,0
41585,foundation,0,0
41586,foundation,0,0
42000,foundation,0,0
42001,foundation,0,0
42002,foundation,0,0
42003,foundation,0,0
42004,foundation,1,9
42006,foundation,0,0
42007,foundation,0,0
42008,foundation,0,0
42009,foundation,0,1
42010,foundation,0,0
42012,foundation,0,0
42013,foundation,0,0
42340,foundation,0,1
42341,foundation,0,0
42342,foundation,0,0
42343,foundation,0,0
42344,foundation,0,0
42345,foundation,0,0
42346,foundation,1,7
42348,foundation,0,0
42349,foundation,0,1
42351,foundation,0,0
42352,foundation,0,0
42353,foundation,0,0
42354,foundation,0,0
42355,foundation,0,0
42356,foundation,0,0
42357,foundation,0,0
42358,foundation,0,1
388,emulsion,0,0
389,emulsion,0,0
390,emulsion,0,0
391,emulsion,0,1
392,emulsion,0,0
393,emulsion,0,1
394,emulsion,1,10
395,emulsion,0,1
396,emulsion,0,1
397,emulsion,0,0
829,emulsion,0,0
831,emulsion,0,0
832,emulsion,0,0
833,emulsion,0,1
836,emulsion,0,0
837,emulsion,0,0
838,emulsion,0,1
1191,emulsion,0,0
1192,emulsion,0,0
1193,emulsion,0,0
1194,emulsion,0,0
1195,emulsion,0,0
1196,emulsion,0,0
1197,emulsion,0,0
1198,emulsion,0,0
1200,emulsion,0,1
1201,emulsion,1,10
1202,emulsion,0,1
1204,emulsion,0,1
1207,emulsion,0,0
1208,emulsion,0,0
1209,emulsion,0,0
1210,emulsion,0,0
1211,emulsion,0,1
1212,emulsion,0,0
1214,emulsion,0,1
1215,emulsion,0,0
1216,emulsion,0,0
1217,emulsion,0,1
1218,emulsion,0,0
1220,emulsion,0,0
1221,emulsion,0,0
1222,emulsion,0,0
1223,emulsion,0,0
1224,emulsion,0,1
1225,emulsion,0,0
1226,emulsion,0,1
1227,emulsion,0,0
1229,emulsion,0,0
1230,emulsion,0,0
1522,emulsion,0,0
1523,emulsion,0,0
1525,emulsion,0,7
1526,emulsion,0,0
1527,emulsion,0,0
1528,emulsion,0,1
1529,emulsion,0,0
1533,emulsion,0,0
1535,emulsion,0,0
1536,emulsion,0,0
1537,emulsion,0,0
1538,emulsion,0,0
1539,emulsion,0,0
1540,emulsion,0,0
5724,face_cream,0,0
5725,face_cream,0,1
5726,face_cream,0,0
5727,face_cream,0,0
5728,face_cream,0,1
5729,face_cream,0,0
5730,face_cream,0,0
5731,face_cream,0,0
5733,face_cream,0,0
5734,face_cream,0,0
5735,face_cream,0,0
5736,face_cream,0,0
5737,face_cream,1,10
5738,face_cream,0,0
5739,face_cream,0,0
5740,face_cream,0,0
5741,face_cream,0,0
5742,face_cream,1,9
5743,face_cream,1,9
5957,face_cream,0,1
5958,face_cream,0,1
5959,face_cream,0,0
5960,face_cream,0,1
5962,face_cream,1,10
6263,face_cream,0,0
6264,face_cream,0,0
6265,face_cream,0,0
6266,face_cream,1,0
6267,face_cream,0,1
6268,face_cream,0,0
6269,face_cream,0,0
6641,face_cream,0,0
6644,face_cream,0,0
6645,face_cream,1,10
6646,face_cream,1,5
6647,face_cream,1,1
6648,face_cream,1,8
6649,face_cream,1,10
6650,face_cream,0,9
6651,face_cream,0,0
6652,face_cream,0,0
6653,face_cream,0,0
6654,face_cream,0,0
6656,face_cream,1,10
6657,face_cream,1,8
6658,face_cream,1,8
6659,face_cream,1,0
6660,face_cream,0,0
7031,face_cream,1,6
7032,face_cream,0,0
7033,face_cream,0,0
7034,face_cream,0,0
7035,face_cream,0,0
7036,face_cream,0,0
7366,face_cream,0,0
7367,face_cream,0,0
7369,face_cream,0,0
7370,face_cream,0,0
7371,face_cream,0,0
7372,face_cream,0,0
7373,face_cream,0,0
7374,face_cream,0,0
7375,face_cream,0,0
7376,face_cream,0,0
7377,face_cream,0,0
7378,face_cream,0,0
7379,face_cream,0,0
7704,face_cream,0,0
7705,face_cream,0,0
7706,face_cream,0,0
7708,face_cream,0,0
7709,face_cream,0,0
7710,face_cream,0,0
7711,face_cream,0,0
7712,face_cream,0,1
7713,face_cream,0,0
8115,face_cream,0,2
8116,face_cream,0,0
8117,face_cream,0,0
8118,face_cream,0,0
8119,face_cream,0,0
8120,face_cream,0,0
8121,face_cream,0,2
8122,face_cream,0,0
8124,face_cream,0,0
8473,face_cream,0,0
8474,face_cream,1,10
8475,face_cream,0,1
8478,face_cream,0,0
8479,face_cream,0,0
8480,face_cream,0,0
8481,face_cream,0,0
8482,face_cream,0,0
8483,face_cream,0,1
8484,face_cream,0,9
8485,face_cream,0,0
8486,face_cream,0,1
8487,face_cream,0,0
8488,face_cream,0,0
8489,face_cream,0,0
8490,face_cream,0,0
8492,face_cream,0,0
8493,face_cream,0,0
8494,face_cream,0,1
8495,face_cream,0,0
8496,face_cream,0,1
8497,face_cream,0,0
8498,face_cream,0,1
8499,face_cream,0,0
10205,serum_essence,0,0
10206,serum_essence,0,0
10207,serum_essence,0,0
10208,serum_essence,0,0
10209,serum_essence,0,0
10210,serum_essence,0,0
10211,serum_essence,0,0
10212,serum_essence,0,0
10213,serum_essence,0,0
10214,serum_essence,0,0
10835,serum_essence,0,0
10836,serum_essence,0,0
10837,serum_essence,0,3
10838,serum_essence,0,0
10839,serum_essence,0,2
10840,serum_essence,0,0
10841,serum_essence,0,1
10842,serum_essence,0,0
10843,serum_essence,0,0
11136,serum_essence,0,0
11137,serum_essence,0,1
11138,serum_essence,0,0
11139,serum_essence,0,0
11140,serum_essence,0,0
11141,serum_essence,0,0
11142,serum_essence,0,0
11143,serum_essence,0,0
11144,serum_essence,0,0
11486,serum_essence,0,0
11487,serum_essence,1,0
11488,serum_essence,0,0
11489,serum_essence,0,0
11490,serum_essence,1,7
11491,serum_essence,0,0
11492,serum_essence,0,0
11493,serum_essence,0,0
11494,serum_essence,1,4
11495,serum_essence,0,0
11496,serum_essence,1,10
11497,serum_essence,0,0
11498,serum_essence,0,0
11499,serum_essence,0,0
11500,serum_essence,0,2
11501,serum_essence,0,0
11502,serum_essence,0,0
11504,serum_essence,1,10
11505,serum_essence,0,0
11882,serum_essence,1,10
11883,serum_essence,0,0
11884,serum_essence,0,0
11885,serum_essence,0,0
11886,serum_essence,0,0
11887,serum_essence,0,1
11888,serum_essence,0,0
11889,serum_essence,0,0
11890,serum_essence,1,7
11891,serum_essence,0,0
11893,serum_essence,0,0
11894,serum_essence,0,0
11897,serum_essence,1,10
11898,serum_essence,0,1
11899,serum_essence,0,0
12128,serum_essence,0,0
12129,serum_essence,0,0
12130,serum_essence,0,0
12131,serum_essence,0,0
12132,serum_essence,0,0
12133,serum_essence,0,0
12134,serum_essence,0,0
12135,serum_essence,1,10
12136,serum_essence,0,0
12138,serum_essence,0,1
12141,serum_essence,0,0
12142,serum_essence,1,7
12143,serum_essence,1,9
12144,serum_essence,0,0
12145,serum_essence,0,0
12146,serum_essence,0,0
12147,serum_essence,0,0
12148,serum_essence,0,0
12149,serum_essence,1,8
12150,serum_essence,0,0
12151,serum_essence,1,8
12152,serum_essence,1,9
12153,serum_essence,0,0
12154,serum_essence,0,10
12156,serum_essence,0,0
12157,serum_essence,0,1
12462,serum_essence,0,2
12463,serum_essence,0,0
12465,serum_essence,0,0
12466,serum_essence,0,0
12467,serum_essence,0,0
12468,serum_essence,0,0
12469,serum_essence,0,0
12470,serum_essence,0,0
12471,serum_essence,0,0
12880,serum_essence,0,0
12881,serum_essence,1,10
12882,serum_essence,0,0
12883,serum_essence,0,0
12884,serum_essence,0,0
12886,serum_essence,0,0
12888,serum_essence,0,0
12889,serum_essence,0,0
13151,serum_essence,0,0
13153,serum_essence,0,0
13154,serum_essence,0,0
13155,serum_essence,0,0
13156,serum_essence,0,0
13157,serum_essence,0,1
13158,serum_essence,0,0
13159,serum_essence,0,0
13160,serum_essence,0,0
13161,serum_essence,0,0
13162,serum_essence,0,1
13164,serum_essence,0,0
13165,serum_essence,0,0
13166,serum_essence,0,0
13167,serum_essence,0,0
13168,serum_essence,0,1
13169,serum_essence,0,2
13170,serum_essence,0,0
13171,serum_essence,0,0
13172,serum_essence,0,0
13173,serum_essence,0,0
13174,serum_essence,0,0
13175,serum_essence,0,1
13176,serum_essence,0,0
13177,serum_essence,0,0
13178,serum_essence,0,0
13179,serum_essence,0,0
13180,serum_essence,0,0
13470,serum_essence,0,1
13471,serum_essence,0,0
13473,serum_essence,0,0
13474,serum_essence,0,0
13475,serum_essence,0,0
13476,serum_essence,0,1
13477,serum_essence,0,0
13478,serum_essence,0,0
13479,serum_essence,1,10
13480,serum_essence,0,0
13481,serum_essence,0,0
13482,serum_essence,0,0
13483,serum_essence,0,0
13484,serum_essence,0,0
13485,serum_essence,0,0
13487,serum_essence,0,0
13488,serum_essence,0,0
13489,serum_essence,0,0
15198,sun_protection,0,1
15199,sun_protection,0,0
15200,sun_protection,0,1
15201,sun_protection,0,0
15202,sun_protection,0,0
15203,sun_protection,0,0
15204,sun_protection,0,0
15205,sun_protection,0,0
15207,sun_protection,0,0
15514,sun_protection,0,0
15515,sun_protection,0,0
15516,sun_protection,0,0
15517,sun_protection,0,0
15518,sun_protection,0,0
15519,sun_protection,0,2
15520,sun_protection,0,0
15521,sun_protection,0,0
15522,sun_protection,0,1
15523,sun_protection,0,0
15935,sun_protection,0,0
15936,sun_protection,0,0
15937,sun_protection,0,0
15938,sun_protection,0,1
15939,sun_protection,0,0
15941,sun_protection,0,0
15942,sun_protection,0,0
15943,sun_protection,0,0
15944,sun_protection,1,7
15945,sun_protection,0,0
15947,sun_protection,0,0
15948,sun_protection,0,1
15949,sun_protection,0,0
15950,sun_protection,0,0
15951,sun_protection,0,0
15952,sun_protection,0,1
15954,sun_protection,0,0
15955,sun_protection,0,0
15956,sun_protection,0,0
15957,sun_protection,0,0
15958,sun_protection,0,0
15959,sun_protection,0,0
15960,sun_protection,0,0
15961,sun_protection,0,0
15962,sun_protection,0,0
15963,sun_protection,0,0
15964,sun_protection,0,0
15965,sun_protection,0,0
15966,sun_protection,0,0
15967,sun_protection,0,0
15968,sun_protection,0,0
15969,sun_protection,0,0
15970,sun_protection,0,1
15971,sun_protection,0,0
15972,sun_protection,0,0
15973,sun_protection,0,0
15974,sun_protection,0,0
15975,sun_protection,0,0
15977,sun_protection,0,0
15978,sun_protection,0,0
15979,sun_protection,0,0
15981,sun_protection,0,0
15982,sun_protection,0,2
15983,sun_protection,0,0
15984,sun_protection,0,0
16246,sun_protection,1,8
16247,sun_protection,0,0
16248,sun_protection,1,7
16249,sun_protection,1,9
16250,sun_protection,1,8
16251,sun_protection,0,0
16253,sun_protection,1,10
16254,sun_protection,1,0
16255,sun_protection,1,8
16256,sun_protection,0,0
16257,sun_protection,1,7
16258,sun_protection,1,4
16259,sun_protection,1,10
16261,sun_protection,0,0
16262,sun_protection,0,0
16263,sun_protection,1,10
16264,sun_protection,0,1
16265,sun_protection,0,0
16266,sun_protection,0,0
16267,sun_protection,0,0
16268,sun_protection,0,2
16269,sun_protection,0,10
16270,sun_protection,0,1
16271,sun_protection,0,0
16272,sun_protection,1,7
16273,sun_protection,1,10
16274,sun_protection,0,1
16275,sun_protection,0,0
16276,sun_protection,0,0
16277,sun_protection,0,1
16278,sun_protection,0,0
16279,sun_protection,0,0
16280,sun_protection,0,0
16281,sun_protection,1,0
16282,sun_protection,1,10
16283,sun_protection,0,0
16284,sun_protection,0,1
16285,sun_protection,0,0
16286,sun_protection,0,0
16287,sun_protection,0,0
16288,sun_protection,0,0
16289,sun_protection,0,0
16290,sun_protection,0,0
16291,sun_protection,0,0
16292,sun_protection,0,0
16293,sun_protection,0,0
16294,sun_protection,0,0
16295,sun_protection,0,1
16296,sun_protection,0,0
16297,sun_protection,0,0
16299,sun_protection,0,0
16300,sun_protection,0,0
16301,sun_protection,0,0
16302,sun_protection,0,0
16303,sun_protection,0,0
16304,sun_protection,0,0
16615,sun_protection,0,0
16616,sun_protection,0,0
16617,sun_protection,0,0
16618,sun_protection,0,0
16619,sun_protection,0,0
16621,sun_protection,0,0
16622,sun_protection,0,1
16623,sun_protection,0,0
16624,sun_protection,0,0
16625,sun_protection,0,0
16626,sun_protection,0,0
16627,sun_protection,0,0
16628,sun_protection,0,2
16629,sun_protection,0,0
16630,sun_protection,0,1
16631,sun_protection,0,1
16632,sun_protection,0,1
16633,sun_protection,0,0
16634,sun_protection,0,0
16635,sun_protection,0,0
16636,sun_protection,0,0
16637,sun_protection,0,0
16638,sun_protection,0,0
16639,sun_protection,0,0
16640,sun_protection,0,0
16641,sun_protection,0,0
16642,sun_protection,0,0
16643,sun_protection,0,0
16644,sun_protection,0,1
16645,sun_protection,0,1
16646,sun_protection,0,0
16647,sun_protection,0,0
16648,sun_protection,0,0
16649,sun_protection,0,0
16650,sun_protection,0,0
16651,sun_protection,0,0
16652,sun_protection,0,0
16653,sun_protection,0,0
16654,sun_protection,0,0
16655,sun_protection,0,0
16656,sun_protection,0,0
16657,sun_protection,0,0
16658,sun_protection,0,0
16659,sun_protection,0,0
16660,sun_protection,0,1
16661,sun_protection,0,0
16662,sun_protection,0,0
16663,sun_protection,0,0
16664,sun_protection,0,1
16665,sun_protection,0,0
16666,sun_protection,0,0
16667,sun_protection,0,1
16668,sun_protection,0,0
16669,sun_protection,0,2
16670,sun_protection,0,0
16671,sun_protection,0,0
16672,sun_protection,0,0
16673,sun_protection,0,0
16675,sun_protection,0,1
16676,sun_protection,0,0
16677,sun_protection,0,0
16678,sun_protection,0,1
16679,sun_protection,0,0
16680,sun_protection,0,0
16681,sun_protection,0,0
16682,sun_protection,0,0
16683,sun_protection,0,0
16684,sun_protection,0,1
16685,sun_protection,0,0
16686,sun_protection,0,3
16687,sun_protection,0,0
16688,sun_protection,0,0
16691,sun_protection,0,0
16692,sun_protection,0,0
16693,sun_protection,0,0
16694,sun_protection,0,2
16695,sun_protection,0,0
16696,sun_protection,0,0
16697,sun_protection,0,0
16698,sun_protection,0,0
18672,face_wash,0,1
18673,face_wash,0,0
18674,face_wash,0,0
18675,face_wash,0,0
18676,face_wash,0,1
18678,face_wash,0,0
18679,face_wash,0,0
18680,face_wash,0,1
18681,face_wash,0,0
19020,face_wash,0,0
19021,face_wash,1,10
19022,face_wash,0,1
19023,face_wash,1,6
19024,face_wash,0,0
19025,face_wash,0,0
19026,face_wash,0,0
19027,face_wash,1,7
19028,face_wash,1,0
19029,face_wash,1,9
19305,face_wash,0,0
19306,face_wash,0,0
19307,face_wash,0,0
19308,face_wash,0,0
19309,face_wash,0,0
19310,face_wash,0,0
19636,face_wash,0,0
19637,face_wash,0,0
19638,face_wash,0,0
19639,face_wash,0,1
19640,face_wash,0,0
20036,face_wash,0,0
20037,face_wash,0,0
20039,face_wash,0,0
20040,face_wash,0,0
20041,face_wash,0,0
20042,face_wash,0,1
20043,face_wash,0,0
20044,face_wash,0,0
20045,face_wash,0,0
20046,face_wash,0,0
20047,face_wash,0,0
20048,face_wash,0,0
20049,face_wash,0,0
20050,face_wash,0,1
20051,face_wash,0,0
20052,face_wash,0,0
20053,face_wash,0,0
20054,face_wash,0,0
20055,face_wash,0,0
20360,face_wash,0,1
20361,face_wash,0,0
20362,face_wash,0,2
20363,face_wash,0,0
20364,face_wash,0,0
20365,face_wash,0,1
20366,face_wash,0,0
20367,face_wash,0,0
20368,face_wash,0,1
20369,face_wash,0,0
20370,face_wash,0,0
20371,face_wash,0,0
20373,face_wash,0,0
20374,face_wash,0,0
20375,face_wash,0,0
20376,face_wash,0,0
20377,face_wash,0,0
20378,face_wash,0,0
20379,face_wash,0,2
20380,face_wash,0,0
20382,face_wash,0,1
20383,face_wash,0,0
20384,face_wash,0,0
20385,face_wash,0,0
20386,face_wash,0,2
20387,face_wash,0,0
20388,face_wash,0,0
20389,face_wash,0,2
20738,face_wash,0,0
20739,face_wash,0,1
20740,face_wash,0,0
20741,face_wash,1,5
20742,face_wash,0,0
20743,face_wash,0,0
20744,face_wash,0,0
20745,face_wash,0,0
20746,face_wash,1,10
20747,face_wash,1,1
20748,face_wash,0,0
20749,face_wash,1,10
20750,face_wash,0,0
20751,face_wash,0,1
20752,face_wash,1,9
20753,face_wash,0,0
20754,face_wash,0,0
20756,face_wash,1,7
20757,face_wash,0,0
20758,face_wash,0,0
20759,face_wash,0,3
20760,face_wash,0,0
20761,face_wash,0,0
20762,face_wash,0,0
20763,face_wash,0,1
20764,face_wash,0,0
20765,face_wash,0,0
20766,face_wash,0,0
21121,face_wash,0,1
21122,face_wash,0,0
21123,face_wash,0,0
21124,face_wash,0,0
21125,face_wash,0,0
21126,face_wash,0,0
21127,face_wash,0,0
21128,face_wash,0,0
21129,face_wash,0,0
21130,face_wash,0,0
21131,face_wash,0,0
21132,face_wash,0,0
21133,face_wash,0,0
21134,face_wash,0,0
21135,face_wash,0,0
21136,face_wash,0,0
21137,face_wash,0,0
21138,face_wash,0,0
21139,face_wash,0,2
21140,face_wash,0,0
21141,face_wash,0,0
21142,face_wash,1,4
21143,face_wash,1,10
21144,face_wash,0,0
21145,face_wash,0,1
21146,face_wash,0,0
21147,face_wash,0,0
21148,face_wash,1,8
21149,face_wash,1,7
21150,face_wash,0,0
21151,face_wash,0,0
21152,face_wash,0,0
21153,face_wash,0,0
21154,face_wash,0,6
21155,face_wash,0,0
21156,face_wash,0,0
21157,face_wash,0,0
21158,face_wash,0,0
21159,face_wash,0,0
21160,face_wash,0,0
21412,face_wash,0,2
21414,face_wash,0,0
21415,face_wash,0,9
21416,face_wash,0,0
21417,face_wash,0,1
21418,face_wash,0,0
21419,face_wash,0,0
21420,face_wash,0,0
21421,face_wash,0,0
21422,face_wash,0,1
21423,face_wash,0,0
21425,face_wash,0,1
21426,face_wash,0,1
21427,face_wash,0,0
21428,face_wash,0,0
21429,face_wash,0,0
21430,face_wash,0,0
21431,face_wash,0,1
21432,face_wash,0,0
21433,face_wash,0,0
21434,face_wash,1,8
21435,face_wash,0,0
21436,face_wash,0,0
21438,face_wash,0,0
21439,face_wash,0,0
21440,face_wash,0,0
21441,face_wash,0,0
21442,face_wash,0,1
21443,face_wash,0,1
21444,face_wash,0,0
21445,face_wash,0,0
21446,face_wash,0,0
21447,face_wash,0,0
21448,face_wash,0,0
21449,face_wash,0,0
21450,face_wash,0,0
21451,face_wash,0,0
21452,face_wash,0,0
21453,face_wash,0,0
21454,face_wash,0,0
21455,face_wash,0,0
21456,face_wash,0,1
21457,face_wash,0,0
21458,face_wash,0,0
21459,face_wash,0,1
21460,face_wash,0,0
21461,face_wash,0,0
21462,face_wash,0,0
21463,face_wash,0,0
21464,face_wash,0,0
21465,face_wash,0,0
21466,face_wash,0,1
21467,face_wash,0,0
21468,face_wash,0,0
21469,face_wash,0,0
21470,face_wash,0,0
21471,face_wash,0,0
21472,face_wash,0,0
21473,face_wash,0,0
21474,face_wash,0,1
21475,face_wash,0,0
21476,face_wash,0,1
21477,face_wash,0,0
21478,face_wash,0,0
21479,face_wash,0,0
21480,face_wash,0,0
21481,face_wash,0,1
21482,face_wash,0,0
21483,face_wash,0,1
21484,face_wash,0,0
21485,face_wash,0,0
21486,face_wash,0,0
21487,face_wash,0,1
21488,face_wash,0,0
21489,face_wash,0,0
21490,face_wash,0,1
21491,face_wash,0,1
24150,cleansing,0,0
24151,cleansing,0,1
24152,cleansing,0,1
24153,cleansing,0,1
24154,cleansing,0,0
24155,cleansing,0,0
24156,cleansing,0,0
24157,cleansing,0,0
24158,cleansing,0,0
24495,cleansing,0,0
24496,cleansing,0,0
24497,cleansing,0,1
24498,cleansing,0,0
24499,cleansing,0,1
24500,cleansing,0,0
24503,cleansing,0,0
24504,cleansing,0,1
24783,cleansing,0,1
24784,cleansing,1,1
24785,cleansing,0,0
24786,cleansing,0,0
24787,cleansing,0,0
24788,cleansing,0,0
24790,cleansing,0,0
24791,cleansing,0,0
24792,cleansing,0,0
24793,cleansing,0,0
24794,cleansing,0,0
24795,cleansing,0,0
24796,cleansing,0,0
24797,cleansing,0,0
24798,cleansing,0,0
24799,cleansing,0,0
24800,cleansing,0,0
24801,cleansing,0,0
24802,cleansing,0,0
25104,cleansing,0,1
25105,cleansing,0,0
25106,cleansing,0,0
25107,cleansing,0,0
25108,cleansing,0,0
25109,cleansing,0,2
25110,cleansing,0,1
25111,cleansing,1,10
25114,cleansing,0,3
25115,cleansing,0,0
25116,cleansing,0,0
25117,cleansing,0,1
25118,cleansing,0,0
25120,cleansing,0,1
25121,cleansing,0,0
25123,cleansing,0,0
25467,cleansing,0,1
25468,cleansing,0,0
25469,cleansing,0,0
25470,cleansing,0,0
25471,cleansing,0,0
25472,cleansing,0,0
25473,cleansing,0,0
25474,cleansing,0,0
25475,cleansing,0,0
25476,cleansing,0,0
25477,cleansing,0,0
25478,cleansing,0,0
25479,cleansing,0,0
25480,cleansing,0,0
25481,cleansing,0,0
25482,cleansing,0,1
25483,cleansing,0,0
25484,cleansing,0,0
25486,cleansing,0,0
25842,cleansing,1,10
25843,cleansing,1,10
25844,cleansing,1,10
25845,cleansing,0,1
25846,cleansing,0,0
25847,cleansing,0,0
25848,cleansing,1,1
25849,cleansing,0,0
25850,cleansing,0,0
25851,cleansing,0,0
25852,cleansing,1,0
25854,cleansing,1,7
25855,cleansing,1,9
25856,cleansing,0,0
25857,cleansing,0,0
25858,cleansing,1,8
25859,cleansing,1,9
25860,cleansing,1,10
25861,cleansing,1,0
25862,cleansing,1,10
25863,cleansing,1,10
25864,cleansing,0,0
25866,cleansing,0,0
25867,cleansing,0,9
25868,cleansing,0,0
25869,cleansing,1,8
25870,cleansing,1,9
25871,cleansing,0,0
25872,cleansing,0,1
25873,cleansing,0,0
25874,cleansing,0,0
25876,cleansing,0,0
25878,cleansing,0,0
25879,cleansing,1,9
25880,cleansing,0,0
26231,cleansing,0,0
26232,cleansing,0,0
26233,cleansing,0,0
26234,cleansing,0,0
26235,cleansing,0,0
26236,cleansing,0,0
26237,cleansing,0,0
26238,cleansing,0,1
26239,cleansing,0,1
26241,cleansing,0,0
26242,cleansing,0,0
26243,cleansing,0,0
26244,cleansing,0,0
26245,cleansing,0,0
26246,cleansing,0,0
26247,cleansing,0,0
26248,cleansing,0,1
26250,cleansing,0,0
26251,cleansing,0,0
26253,cleansing,0,0
26254,cleansing,0,0
26255,cleansing,0,0
26256,cleansing,0,0
26257,cleansing,0,1
26258,cleansing,0,0
26259,cleansing,0,1
26260,cleansing,0,0
26261,cleansing,0,0
26262,cleansing,0,0
26263,cleansing,0,0
26264,cleansing,0,0
26266,cleansing,0,0
26267,cleansing,0,0
26268,cleansing,0,1
26562,cleansing,0,0
26563,cleansing,0,0
26564,cleansing,0,0
26565,cleansing,0,0
26566,cleansing,0,0
26567,cleansing,0,0
26568,cleansing,0,0
26569,cleansing,0,0
26570,cleansing,0,0
26571,cleansing,0,0
26572,cleansing,0,0
26573,cleansing,0,0
26575,cleansing,0,0
26577,cleansing,0,0
26580,cleansing,0,0
26581,cleansing,0,0
26582,cleansing,0,0
26583,cleansing,0,0
26584,cleansing,0,0
26585,cleansing,0,0
26586,cleansing,0,0
26587,cleansing,0,0
26595,cleansing,0,0
26596,cleansing,0,0
26597,cleansing,0,0
26598,cleansing,0,0
26599,cleansing,0,0
26600,cleansing,0,0
26601,cleansing,0,0
26602,cleansing,0,0
26603,cleansing,0,0
26604,cleansing,0,0
26605,cleansing,0,0
26606,cleansing,0,0
28389,toner_lotion,0,0
28390,toner_lotion,0,1
28391,toner_lotion,0,0
28392,toner_lotion,0,0
28393,toner_lotion,0,1
28394,toner_lotion,0,0
28395,toner_lotion,0,0
28396,toner_lotion,0,0
28397,toner_lotion,0,0
28398,toner_lotion,0,1
28696,toner_lotion,0,0
28697,toner_lotion,1,9
28698,toner_lotion,0,0
28699,toner_lotion,0,0
28700,toner_lotion,0,0
28701,toner_lotion,1,4
28702,toner_lotion,0,0
28704,toner_lotion,0,1
28705,toner_lotion,0,0
29091,toner_lotion,0,0
29092,toner_lotion,0,0
29093,toner_lotion,0,0
29094,toner_lotion,0,0
29095,toner_lotion,0,0
29096,toner_lotion,0,0
29097,toner_lotion,0,0
29099,toner_lotion,0,0
29100,toner_lotion,0,0
29101,toner_lotion,0,0
29102,toner_lotion,0,0
29103,toner_lotion,0,0
29104,toner_lotion,0,0
29105,toner_lotion,0,0
29106,toner_lotion,0,0
29107,toner_lotion,0,0
29108,toner_lotion,0,0
29109,toner_lotion,0,0
30696,eye_shadow,0,0
30697,eye_shadow,0,0
31309,eye_shadow,0,0
31310,eye_shadow,0,0
31311,eye_shadow,0,0
31312,eye_shadow,0,0
31313,eye_shadow,0,0
31314,eye_shadow,1,0
31315,eye_shadow,0,0
31317,eye_shadow,0,0
31318,eye_shadow,0,0
31684,eye_shadow,0,0
31685,eye_shadow,0,0
31686,eye_shadow,0,0
31687,eye_shadow,0,0
31688,eye_shadow,0,0
31690,eye_shadow,0,0
31691,eye_shadow,0,0
31692,eye_shadow,0,0
31693,eye_shadow,0,0
31694,eye_shadow,0,0
31695,eye_shadow,0,0
31696,eye_shadow,0,0
31697,eye_shadow,0,0
31698,eye_shadow,0,0
31699,eye_shadow,0,0
32064,eye_shadow,0,0
32065,eye_shadow,0,0
32066,eye_shadow,0,0
32067,eye_shadow,0,0
32068,eye_shadow,0,0
32069,eye_shadow,0,0
32070,eye_shadow,0,0
32071,eye_shadow,0,0
32072,eye_shadow,0,0
32075,eye_shadow,0,0
32076,eye_shadow,0,0
32077,eye_shadow,0,0
32078,eye_shadow,0,1
32079,eye_shadow,0,1
32080,eye_shadow,0,0
32081,eye_shadow,0,1
32082,eye_shadow,0,0
32083,eye_shadow,0,0
32435,eye_shadow,0,0
32436,eye_shadow,0,0
32437,eye_shadow,0,0
32438,eye_shadow,0,1
32440,eye_shadow,0,0
32441,eye_shadow,0,0
32442,eye_shadow,1,0
32443,eye_shadow,0,0
32444,eye_shadow,0,0
32445,eye_shadow,0,0
32447,eye_shadow,0,0
32448,eye_shadow,0,0
32449,eye_shadow,0,0
32450,eye_shadow,0,0
32452,eye_shadow,0,1
32453,eye_shadow,0,2
32714,eye_shadow,0,0
32716,eye_shadow,0,1
32719,eye_shadow,0,0
32720,eye_shadow,0,0
32721,eye_shadow,0,0
32722,eye_shadow,0,0
32723,eye_shadow,0,0
32725,eye_shadow,0,0
32726,eye_shadow,0,0
32727,eye_shadow,0,0
32728,eye_shadow,0,0
32729,eye_shadow,0,1
32730,eye_shadow,0,0
32731,eye_shadow,0,1
32733,eye_shadow,0,1
33075,eye_shadow,0,0
33076,eye_shadow,0,0
33077,eye_shadow,0,1
33078,eye_shadow,0,0
33079,eye_shadow,0,0
33080,eye_shadow,0,0
33081,eye_shadow,0,0
33083,eye_shadow,0,0
33084,eye_shadow,1,10
33086,eye_shadow,0,1
33088,eye_shadow,0,0
33089,eye_shadow,0,0
33090,eye_shadow,0,1
33091,eye_shadow,0,0
33092,eye_shadow,0,2
33093,eye_shadow,0,0
33534,eye_shadow,0,0
33535,eye_shadow,1,0
33536,eye_shadow,0,0
33537,eye_shadow,0,0
33538,eye_shadow,0,0
33539,eye_shadow,0,0
33540,eye_shadow,0,0
33541,eye_shadow,0,0
33542,eye_shadow,0,0
33543,eye_shadow,0,0
33544,eye_shadow,0,0
33545,eye_shadow,0,0
33546,eye_shadow,0,0
33547,eye_shadow,0,0
33548,eye_shadow,0,0
33549,eye_shadow,0,0
33551,eye_shadow,0,0
33552,eye_shadow,0,0
33553,eye_shadow,1,0
33554,eye_shadow,0,0
33556,eye_shadow,0,0
33557,eye_shadow,0,1
33558,eye_shadow,0,0
33559,eye_shadow,0,0
33560,eye_shadow,0,1
33561,eye_shadow,0,0
33562,eye_shadow,0,0
33563,eye_shadow,0,1
34078,eye_shadow,0,0
34079,eye_shadow,0,0
34080,eye_shadow,0,0
34081,eye_shadow,0,0
34082,eye_shadow,0,0
34084,eye_shadow,0,0
34085,eye_shadow,0,0
34086,eye_shadow,0,0
34087,eye_shadow,0,0
34088,eye_shadow,0,0
34089,eye_shadow,0,1
34090,eye_shadow,0,0
34091,eye_shadow,0,1
34092,eye_shadow,0,1
34093,eye_shadow,0,0
34094,eye_shadow,0,0
34095,eye_shadow,0,1
34096,eye_shadow,0,0
34097,eye_shadow,0,0
34099,eye_shadow,0,0
34100,eye_shadow,0,0
34101,eye_shadow,0,0
34102,eye_shadow,0,0
34103,eye_shadow,0,0
34105,eye_shadow,0,0
34106,eye_shadow,0,1
34107,eye_shadow,0,0
34109,eye_shadow,0,0
34110,eye_shadow,0,0
34111,eye_shadow,0,1
34112,eye_shadow,0,0
34113,eye_shadow,0,0
34114,eye_shadow,0,0
34115,eye_shadow,0,0
34116,eye_shadow,0,0
34117,eye_shadow,0,0
34118,eye_shadow,0,0
34120,eye_shadow,0,0
34121,eye_shadow,0,0
34122,eye_shadow,0,0
34123,eye_shadow,0,0
34124,eye_shadow,0,0
34125,eye_shadow,0,0
34126,eye_shadow,0,0
34127,eye_shadow,0,0
34128,eye_shadow,0,0
34129,eye_shadow,0,0
34130,eye_shadow,0,1
34459,eye_shadow,0,0
34460,eye_shadow,0,1
36057,lip_colour,0,0
36058,lip_colour,0,1
36059,lip_colour,0,0
36060,lip_colour,1,0
36061,lip_colour,0,0
36062,lip_colour,0,0
36063,lip_colour,0,1
36064,lip_colour,0,0
36065,lip_colour,0,0
36066,lip_colour,0,0
36391,lip_colour,0,0
36392,lip_colour,0,0
36394,lip_colour,0,0
36395,lip_colour,0,0
36396,lip_colour,0,0
36397,lip_colour,0,1
36398,lip_colour,0,0
36399,lip_colour,0,0
36400,lip_colour,0,1
36774,lip_colour,0,0
36775,lip_colour,0,0
36776,lip_colour,0,1
36777,lip_colour,0,0
36779,lip_colour,0,0
36780,lip_colour,0,0
36781,lip_colour,0,0
36782,lip_colour,0,0
36783,lip_colour,0,0
37174,lip_colour,0,0
37175,lip_colour,0,0
37176,lip_colour,0,0
37177,lip_colour,0,0
37178,lip_colour,0,1
37179,lip_colour,0,0
37180,lip_colour,0,0
37181,lip_colour,0,0
37182,lip_colour,0,0
37183,lip_colour,0,0
37184,lip_colour,0,0
37185,lip_colour,0,0
37186,lip_colour,0,0
37187,lip_colour,0,0
37188,lip_colour,0,1
37189,lip_colour,0,0
37191,lip_colour,0,0
37192,lip_colour,0,0
37193,lip_colour,0,0
37420,lip_colour,0,0
37421,lip_colour,0,2
37422,lip_colour,0,0
37423,lip_colour,0,0
37424,lip_colour,0,0
37425,lip_colour,0,0
37426,lip_colour,0,1
37427,lip_colour,0,0
37428,lip_colour,0,1
37429,lip_colour,0,0
37430,lip_colour,0,1
37431,lip_colour,0,0
37432,lip_colour,0,1
37433,lip_colour,0,0
37434,lip_colour,0,0
37435,lip_colour,0,0
37436,lip_colour,0,0
37437,lip_colour,0,0
37438,lip_colour,0,2
37740,lip_colour,0,1
37741,lip_colour,1,8
37742,lip_colour,0,0
37744,lip_colour,0,0
37745,lip_colour,0,0
37747,lip_colour,0,0
37748,lip_colour,0,0
37749,lip_colour,0,0
38158,lip_colour,0,0
38159,lip_colour,0,0
38160,lip_colour,0,0
38161,lip_colour,0,1
38162,lip_colour,0,0
38163,lip_colour,0,0
38165,lip_colour,0,0
38166,lip_colour,0,0
38167,lip_colour,0,0
38168,lip_colour,0,0
38169,lip_colour,0,0
38170,lip_colour,0,0
38171,lip_colour,0,0
38172,lip_colour,0,0
38173,lip_colour,0,0
38174,lip_colour,0,0
38380,lip_colour,0,0
38381,lip_colour,0,0
38382,lip_colour,0,0
38384,lip_colour,0,0
38385,lip_colour,0,0
38386,lip_colour,0,1
38387,lip_colour,0,0
38388,lip_colour,0,0
38389,lip_colour,0,0
38390,lip_colour,0,0
38392,lip_colour,0,1
38393,lip_colour,0,0
38394,lip_colour,0,0
38395,lip_colour,0,0
38396,lip_colour,0,0
38397,lip_colour,0,1
38399,lip_colour,0,0
38824,lip_colour,0,0
38825,lip_colour,0,1
38826,lip_colour,0,0
38827,lip_colour,1,0
38828,lip_colour,0,0
38829,lip_colour,0,0
38830,lip_colour,0,0
38832,lip_colour,0,0
38833,lip_colour,0,1
38834,lip_colour,0,0
38835,lip_colour,0,0
38836,lip_colour,0,0
38837,lip_colour,0,0
38839,lip_colour,0,0
38840,lip_colour,0,1
38841,lip_colour,0,0
38842,lip_colour,0,0
38843,lip_colour,0,0
38844,lip_colour,0,0
38845,lip_colour,0,0
38847,lip_colour,0,0
38848,lip_colour,0,0
38849,lip_colour,0,0
38851,lip_colour,0,1
38852,lip_colour,0,0
38853,lip_colour,0,0
38855,lip_colour,0,1
38856,lip_colour,0,1
38857,lip_colour,0,0
38858,lip_colour,0,0
38859,lip_colour,0,0
38860,lip_colour,0,0
39312,lip_colour,0,0
40844,foundation,0,1
40845,foundation,0,0
40846,foundation,0,0
40847,foundation,0,0
40848,foundation,0,0
40849,foundation,0,0
40850,foundation,0,0
40851,foundation,0,0
40852,foundation,0,0
40853,foundation,0,0
41189,foundation,0,0
41190,foundation,0,0
41191,foundation,0,0
41192,foundation,0,1
41193,foundation,0,0
41194,foundation,0,0
41195,foundation,0,1
41196,foundation,0,0
41197,foundation,0,0
41527,foundation,1,10
41528,foundation,0,0
41529,foundation,1,7
41530,foundation,1,0
41532,foundation,1,9
41533,foundation,0,0
41534,foundation,0,1
41535,foundation,0,0
41536,foundation,0,0
41537,foundation,0,0
41538,foundation,0,0
41539,foundation,0,0
41540,foundation,0,0
41541,foundation,0,0
41542,foundation,0,0
41543,foundation,0,0
41544,foundation,0,2
41545,foundation,0,0
41546,foundation,0,0
41547,foundation,1,7
41548,foundation,0,8
41549,foundation,0,7
41550,foundation,0,0
41551,foundation,0,0
41554,foundation,0,0
41555,foundation,0,0
41990,foundation,0,0
41991,foundation,0,0
41992,foundation,0,1
41993,foundation,0,0
41995,foundation,0,0
41996,foundation,0,2
41997,foundation,0,0
41998,foundation,0,0
41999,foundation,0,0
42319,foundation,0,0
42320,foundation,0,1
42321,foundation,0,0
42322,foundation,0,1
42323,foundation,0,0
42324,foundation,0,0
42325,foundation,0,0
42326,foundation,0,0
42327,foundation,0,1
42328,foundation,0,1
42329,foundation,0,1
42330,foundation,0,0
42331,foundation,0,1
42333,foundation,0,0
42334,foundation,0,0
42335,foundation,0,0
42337,foundation,0,1
42338,foundation,1,10
64,emulsion,0,0
65,emulsion,0,0
66,emulsion,0,0
67,emulsion,0,0
68,emulsion,0,1
69,emulsion,0,0
70,emulsion,0,0
819,emulsion,0,1
820,emulsion,0,0
821,emulsion,0,1
822,emulsion,0,0
823,emulsion,0,0
824,emulsion,0,0
825,emulsion,0,0
826,emulsion,0,0
827,emulsion,0,0
828,emulsion,0,0
1169,emulsion,0,0
1170,emulsion,0,1
1171,emulsion,0,0
1172,emulsion,0,0
1173,emulsion,0,0
1174,emulsion,0,1
1175,emulsion,0,0
1178,emulsion,0,0
1179,emulsion,0,0
1180,emulsion,0,0
1181,emulsion,0,2
1182,emulsion,0,0
1183,emulsion,0,0
1184,emulsion,0,0
1186,emulsion,0,1
1187,emulsion,0,0
1188,emulsion,0,0
1189,emulsion,0,0
1190,emulsion,0,0
1471,emulsion,1,10
1472,emulsion,1,8
1473,emulsion,0,8
1474,emulsion,1,9
1475,emulsion,0,1
1476,emulsion,0,0
1477,emulsion,0,3
1478,emulsion,0,1
1479,emulsion,0,0
1480,emulsion,0,0
1481,emulsion,0,0
1482,emulsion,1,10
1483,emulsion,0,0
1484,emulsion,0,0
1485,emulsion,0,1
1486,emulsion,0,0
1487,emulsion,1,10
1488,emulsion,0,1
1489,emulsion,0,0
1492,emulsion,1,9
1493,emulsion,0,1
1494,emulsion,1,7
1495,emulsion,0,0
1496,emulsion,0,0
1497,emulsion,0,0
1498,emulsion,0,1
1499,emulsion,0,0
1500,emulsion,0,0
1502,emulsion,0,0
1503,emulsion,0,0
1504,emulsion,0,1
1505,emulsion,0,0
1506,emulsion,0,0
1508,emulsion,0,0
1509,emulsion,0,0
1510,emulsion,1,7
1511,emulsion,0,0
1512,emulsion,1,0
1514,emulsion,0,0
1515,emulsion,1,10
1516,emulsion,1,10
1517,emulsion,1,10
1518,emulsion,0,0
1519,emulsion,0,1
1520,emulsion,1,10
1969,emulsion,0,0
1970,emulsion,0,0
1971,emulsion,0,0
2412,emulsion,0,0
2413,emulsion,0,1
2744,emulsion,0,0
2745,emulsion,0,0
2746,emulsion,0,0
2747,emulsion,0,0
2748,emulsion,0,0
2749,emulsion,0,0
5714,face_cream,0,2
5715,face_cream,0,0
5716,face_cream,0,0
5717,face_cream,0,0
5719,face_cream,0,0
5720,face_cream,0,0
5721,face_cream,1,9
5722,face_cream,0,0
5723,face_cream,0,0
5956,face_cream,0,0
6631,face_cream,0,0
6632,face_cream,1,10
6633,face_cream,1,8
6634,face_cream,0,1
6635,face_cream,1,10
6636,face_cream,0,0
6637,face_cream,1,10
6638,face_cream,0,7
6639,face_cream,0,0
6640,face_cream,0,0
7027,face_cream,0,0
7028,face_cream,0,0
7029,face_cream,0,0
7030,face_cream,0,0
7340,face_cream,0,0
7341,face_cream,0,8
7343,face_cream,1,9
7344,face_cream,0,0
7345,face_cream,1,3
7346,face_cream,0,0
7347,face_cream,0,0
7348,face_cream,0,1
7350,face_cream,1,10
7352,face_cream,1,7
7353,face_cream,0,1
7354,face_cream,0,0
7355,face_cream,0,0
7356,face_cream,0,0
7357,face_cream,0,0
7358,face_cream,0,2
7359,face_cream,0,0
7360,face_cream,0,0
7361,face_cream,0,0
7362,face_cream,0,1
7363,face_cream,0,1
7365,face_cream,0,0
7694,face_cream,0,0
7695,face_cream,0,0
7696,face_cream,0,0
7697,face_cream,0,0
7698,face_cream,0,1
7699,face_cream,0,0
7700,face_cream,0,0
7701,face_cream,0,0
7702,face_cream,0,0
7703,face_cream,0,0
8075,face_cream,0,0
8077,face_cream,0,0
8078,face_cream,0,0
8079,face_cream,0,0
8080,face_cream,0,2
8081,face_cream,0,0
8082,face_cream,0,0
8083,face_cream,0,0
8084,face_cream,0,0
8085,face_cream,1,9
8086,face_cream,0,0
8087,face_cream,1,10
8088,face_cream,1,9
8089,face_cream,0,0
8090,face_cream,0,0
8091,face_cream,1,10
8092,face_cream,0,1
8093,face_cream,0,0
8094,face_cream,0,1
8095,face_cream,0,1
8096,face_cream,1,7
8097,face_cream,1,10
8098,face_cream,0,0
8099,face_cream,0,0
8100,face_cream,0,0
8102,face_cream,0,1
8103,face_cream,0,0
8105,face_cream,0,0
8106,face_cream,0,0
8107,face_cream,0,0
8108,face_cream,0,0
8109,face_cream,0,0
8110,face_cream,0,1
8111,face_cream,0,0
8112,face_cream,0,0
8113,face_cream,0,0
8114,face_cream,0,1
8454,face_cream,0,0
8455,face_cream,0,0
8456,face_cream,0,0
8457,face_cream,0,0
8459,face_cream,0,0
8461,face_cream,0,1
8462,face_cream,0,0
8463,face_cream,0,0
8464,face_cream,0,0
8465,face_cream,0,1
8466,face_cream,0,0
8467,face_cream,0,0
8468,face_cream,0,0
8470,face_cream,0,1
8472,face_cream,0,0
8832,face_cream,0,2
8833,face_cream,0,1
8834,face_cream,0,0
9225,face_cream,0,1
9226,face_cream,1,8
9228,face_cream,0,3
9229,face_cream,0,0
9230,face_cream,0,1
9818,face_cream,0,1
9819,face_cream,0,0
9820,face_cream,0,0
9821,face_cream,0,0
9822,face_cream,0,1
9824,face_cream,0,0
9825,face_cream,0,0
9826,face_cream,0,0
9827,face_cream,0,0
10195,serum_essence,0,1
10196,serum_essence,0,1
10198,serum_essence,0,0
10199,serum_essence,0,0
10200,serum_essence,0,0
10201,serum_essence,0,2
10202,serum_essence,0,0
10203,serum_essence,0,0
10204,serum_essence,0,0
10461,serum_essence,0,0
10463,serum_essence,0,0
10464,serum_essence,0,0
10465,serum_essence,0,1
10467,serum_essence,1,0
10468,serum_essence,0,1
10470,serum_essence,0,1
11467,serum_essence,1,6
11468,serum_essence,0,0
11469,serum_essence,1,8
11470,serum_essence,0,0
11471,serum_essence,0,0
11473,serum_essence,0,0
11474,serum_essence,0,6
11475,serum_essence,0,0
11476,serum_essence,1,10
11477,serum_essence,1,9
11478,serum_essence,1,10
11479,serum_essence,0,0
11480,serum_essence,0,3
11481,serum_essence,1,9
11482,serum_essence,0,0
11484,serum_essence,1,10
11485,serum_essence,0,0
11860,serum_essence,0,0
11861,serum_essence,1,7
11862,serum_essence,1,10
11863,serum_essence,1,10
11864,serum_essence,1,10
11865,serum_essence,0,0
11866,serum_essence,0,0
11867,serum_essence,0,0
11868,serum_essence,1,10
11869,serum_essence,0,1
11870,serum_essence,0,0
11871,serum_essence,0,0
11872,serum_essence,1,10
11873,serum_essence,1,10
11874,serum_essence,1,7
11875,serum_essence,0,0
11876,serum_essence,0,1
11877,serum_essence,1,10
11878,serum_essence,0,0
11879,serum_essence,1,10
12108,serum_essence,0,0
12109,serum_essence,0,0
12110,serum_essence,1,10
12111,serum_essence,0,5
12112,serum_essence,0,0
12113,serum_essence,1,10
12115,serum_essence,1,10
12116,serum_essence,1,6
12117,serum_essence,0,0
12118,serum_essence,1,10
12119,serum_essence,1,1
12120,serum_essence,0,1
12121,serum_essence,0,2
12122,serum_essence,1,10
12123,serum_essence,0,0
12124,serum_essence,0,0
12125,serum_essence,0,0
12126,serum_essence,1,10
12127,serum_essence,0,0
13142,serum_essence,0,1
13144,serum_essence,0,0
13146,serum_essence,0,0
13148,serum_essence,0,0
13149,serum_essence,1,0
13150,serum_essence,0,0
13450,serum_essence,0,0
13451,serum_essence,0,1
13452,serum_essence,0,0
13453,serum_essence,1,8
13455,serum_essence,0,0
13456,serum_essence,0,0
13457,serum_essence,0,0
13458,serum_essence,0,0
13459,serum_essence,0,0
13463,serum_essence,0,0
13464,serum_essence,0,0
13465,serum_essence,0,0
13466,serum_essence,0,0
13467,serum_essence,0,0
13468,serum_essence,0,1
13469,serum_essence,0,1
13934,serum_essence,0,0
13935,serum_essence,0,0
13936,serum_essence,0,0
13937,serum_essence,0,0
15188,sun_protection,1,10
15189,sun_protection,0,0
15190,sun_protection,0,0
15191,sun_protection,0,0
15192,sun_protection,0,0
15194,sun_protection,0,0
15196,sun_protection,1,7
15197,sun_protection,0,1
15504,sun_protection,0,0
15505,sun_protection,0,0
15506,sun_protection,0,0
15507,sun_protection,0,0
15508,sun_protection,0,0
15509,sun_protection,0,2
15510,sun_protection,0,0
15511,sun_protection,0,0
15512,sun_protection,0,1
15513,sun_protection,0,0
15925,sun_protection,0,0
15926,sun_protection,0,2
15927,sun_protection,0,4
15928,sun_protection,0,1
15929,sun_protection,0,0
15930,sun_protection,0,1
15931,sun_protection,0,0
15933,sun_protection,0,0
15934,sun_protection,0,0
16215,sun_protection,1,10
16216,sun_protection,0,1
16217,sun_protection,0,1
16218,sun_protection,0,0
16219,sun_protection,0,0
16221,sun_protection,0,0
16222,sun_protection,0,0
16223,sun_protection,0,1
16224,sun_protection,0,0
16227,sun_protection,0,0
16228,sun_protection,0,2
16229,sun_protection,1,10
16230,sun_protection,0,0
16231,sun_protection,0,0
16232,sun_protection,0,1
16233,sun_protection,0,0
16234,sun_protection,0,0
16235,sun_protection,0,0
16236,sun_protection,0,0
16237,sun_protection,0,0
16238,sun_protection,0,0
16239,sun_protection,0,0
16240,sun_protection,0,0
16241,sun_protection,0,0
16242,sun_protection,0,0
16243,sun_protection,0,1
16245,sun_protection,0,0
16565,sun_protection,0,0
16566,sun_protection,0,1
16567,sun_protection,0,0
16568,sun_protection,0,0
16569,sun_protection,0,1
16570,sun_protection,0,0
16572,sun_protection,0,0
16573,sun_protection,0,1
16574,sun_protection,0,0
16575,sun_protection,0,0
16576,sun_protection,0,2
16577,sun_protection,0,0
16578,sun_protection,0,0
16579,sun_protection,0,0
16580,sun_protection,0,0
16581,sun_protection,0,0
16582,sun_protection,0,0
16583,sun_protection,0,0
16584,sun_protection,0,1
16585,sun_protection,0,0
16587,sun_protection,0,0
16588,sun_protection,0,0
16589,sun_protection,0,0
16590,sun_protection,0,0
16591,sun_protection,0,0
16592,sun_protection,0,0
16593,sun_protection,0,0
16594,sun_protection,0,0
16595,sun_protection,0,0
16596,sun_protection,0,0
16597,sun_protection,0,0
16598,sun_protection,0,0
16600,sun_protection,0,0
16601,sun_protection,0,0
16602,sun_protection,0,0
16603,sun_protection,0,0
16604,sun_protection,0,0
16606,sun_protection,0,0
16607,sun_protection,0,0
16608,sun_protection,0,0
16609,sun_protection,0,0
16610,sun_protection,0,0
16612,sun_protection,0,1
16614,sun_protection,0,1
19010,face_wash,0,9
19011,face_wash,0,0
19012,face_wash,1,1
19015,face_wash,0,0
19016,face_wash,1,10
19017,face_wash,0,0
19018,face_wash,0,0
19019,face_wash,0,0
19295,face_wash,0,0
19296,face_wash,0,0
19297,face_wash,0,0
19299,face_wash,1,10
19300,face_wash,0,0
19301,face_wash,0,1
19302,face_wash,0,0
19304,face_wash,0,0
19626,face_wash,0,0
19627,face_wash,0,1
19628,face_wash,0,0
19629,face_wash,0,0
19630,face_wash,0,1
19631,face_wash,0,0
19632,face_wash,0,0
19633,face_wash,0,0
19634,face_wash,0,0
19635,face_wash,0,0
20340,face_wash,0,0
20341,face_wash,0,0
20342,face_wash,0,0
20343,face_wash,0,0
20344,face_wash,0,1
20345,face_wash,0,0
20346,face_wash,0,0
20347,face_wash,0,1
20349,face_wash,0,1
20350,face_wash,0,0
20351,face_wash,0,0
20352,face_wash,0,1
20353,face_wash,0,0
20354,face_wash,0,0
20355,face_wash,0,0
20357,face_wash,0,2
20358,face_wash,0,2
20359,face_wash,0,0
20727,face_wash,0,0
20728,face_wash,0,1
20730,face_wash,0,0
20731,face_wash,0,0
20732,face_wash,0,0
20733,face_wash,0,0
20734,face_wash,0,4
20735,face_wash,0,0
20736,face_wash,0,0
21091,face_wash,0,0
21092,face_wash,0,0
21093,face_wash,0,0
21094,face_wash,0,2
21095,face_wash,0,0
21096,face_wash,0,0
21097,face_wash,0,1
21098,face_wash,0,0
21099,face_wash,0,2
21100,face_wash,0,0
21101,face_wash,0,0
21102,face_wash,0,0
21103,face_wash,0,1
21104,face_wash,0,0
21105,face_wash,0,0
21106,face_wash,0,0
21107,face_wash,0,0
21109,face_wash,0,1
21110,face_wash,0,0
21112,face_wash,0,2
21113,face_wash,0,1
21114,face_wash,0,0
21115,face_wash,0,1
21116,face_wash,0,0
21118,face_wash,0,0
21119,face_wash,0,0
21120,face_wash,0,0
21382,face_wash,0,0
21383,face_wash,0,0
21384,face_wash,0,0
21385,face_wash,1,9
21386,face_wash,0,0
21387,face_wash,0,1
21388,face_wash,0,0
21390,face_wash,0,0
21391,face_wash,0,0
21392,face_wash,0,0
21393,face_wash,0,1
21394,face_wash,0,0
21395,face_wash,0,0
21396,face_wash,0,0
21397,face_wash,0,0
21399,face_wash,0,0
21400,face_wash,0,0
21401,face_wash,0,0
21402,face_wash,0,0
21403,face_wash,0,0
21404,face_wash,0,0
21405,face_wash,0,0
21406,face_wash,0,0
21407,face_wash,0,0
21408,face_wash,0,1
21409,face_wash,0,8
21410,face_wash,1,10
21411,face_wash,0,1
23796,cleansing,0,0
23797,cleansing,0,0
23798,cleansing,0,0
23799,cleansing,0,0
23800,cleansing,0,0
23802,cleansing,0,0
23803,cleansing,0,0
23804,cleansing,0,0
24485,cleansing,0,0
24486,cleansing,0,1
24487,cleansing,0,0
24488,cleansing,0,0
24489,cleansing,0,0
24490,cleansing,0,0
24491,cleansing,0,0
24492,cleansing,0,0
24493,cleansing,0,0
24494,cleansing,0,0
24773,cleansing,0,0
24774,cleansing,0,0
24775,cleansing,0,0
24776,cleansing,0,0
24777,cleansing,0,0
24778,cleansing,0,0
24779,cleansing,0,0
24780,cleansing,0,1
24781,cleansing,0,0
25457,cleansing,0,0
25458,cleansing,0,1
25459,cleansing,0,0
25461,cleansing,0,0
25462,cleansing,0,1
25463,cleansing,0,0
25464,cleansing,0,0
25465,cleansing,0,1
25466,cleansing,0,0
25812,cleansing,1,10
25813,cleansing,1,10
25814,cleansing,1,10
25815,cleansing,0,0
25817,cleansing,0,0
25818,cleansing,0,0
25819,cleansing,0,0
25820,cleansing,1,7
25822,cleansing,0,0
25823,cleansing,1,7
25824,cleansing,0,0
25825,cleansing,1,10
25826,cleansing,1,1
25827,cleansing,0,1
25828,cleansing,0,0
25829,cleansing,0,7
25830,cleansing,1,8
25831,cleansing,0,0
25832,cleansing,0,1
25833,cleansing,1,1
25834,cleansing,0,1
25835,cleansing,1,10
25836,cleansing,0,0
25837,cleansing,0,0
25838,cleansing,1,9
25839,cleansing,0,0
25840,cleansing,0,0
25841,cleansing,0,0
26201,cleansing,0,0
26202,cleansing,0,0
26203,cleansing,0,0
26204,cleansing,0,0
26205,cleansing,0,1
26206,cleansing,0,0
26207,cleansing,0,1
26208,cleansing,0,0
26209,cleansing,0,0
26210,cleansing,0,0
26211,cleansing,0,0
26212,cleansing,0,0
26213,cleansing,0,0
26214,cleansing,0,1
26216,cleansing,0,0
26217,cleansing,0,1
26218,cleansing,0,0
26219,cleansing,0,1
26220,cleansing,0,1
26222,cleansing,0,0
26223,cleansing,0,0
26224,cleansing,0,1
26225,cleansing,0,0
26226,cleansing,0,0
26227,cleansing,0,0
26228,cleansing,0,0
26229,cleansing,0,0
26230,cleansing,0,0
26549,cleansing,0,0
26550,cleansing,0,0
26551,cleansing,0,1
26552,cleansing,0,1
26553,cleansing,0,1
26554,cleansing,0,0
26555,cleansing,0,0
26556,cleansing,0,0
26557,cleansing,0,0
26558,cleansing,0,0
26559,cleansing,0,1
26560,cleansing,0,0
26561,cleansing,0,0
28055,cleansing,0,0
28056,cleansing,0,0
28057,cleansing,0,0
28058,cleansing,0,0
28059,cleansing,0,0
28060,cleansing,0,0
28061,cleansing,0,0
28062,cleansing,0,1
28063,cleansing,0,0
28064,cleansing,0,0
29081,toner_lotion,0,0
29082,toner_lotion,0,0
29083,toner_lotion,0,0
29085,toner_lotion,0,0
29087,toner_lotion,0,1
29088,toner_lotion,0,0
29089,toner_lotion,0,0
29090,toner_lotion,0,0
30327,toner_lotion,0,0
30328,toner_lotion,0,1
30331,toner_lotion,0,0
30333,toner_lotion,0,1
30334,toner_lotion,0,0
30335,toner_lotion,0,4
30688,eye_shadow,0,0
30689,eye_shadow,0,0
30690,eye_shadow,0,0
30691,eye_shadow,0,0
30692,eye_shadow,0,0
30693,eye_shadow,0,2
30694,eye_shadow,0,0
31051,eye_shadow,0,0
31052,eye_shadow,0,0
31053,eye_shadow,0,0
31054,eye_shadow,0,0
31055,eye_shadow,0,0
31057,eye_shadow,0,1
31058,eye_shadow,0,0
31060,eye_shadow,0,0
31668,eye_shadow,0,0
31669,eye_shadow,0,0
31670,eye_shadow,0,0
31671,eye_shadow,0,0
31672,eye_shadow,0,1
31674,eye_shadow,0,0
31675,eye_shadow,0,0
31676,eye_shadow,0,0
31677,eye_shadow,1,0
31678,eye_shadow,0,0
31679,eye_shadow,0,0
31680,eye_shadow,0,0
31682,eye_shadow,0,0
31683,eye_shadow,0,0
32055,eye_shadow,0,0
32056,eye_shadow,0,0
32057,eye_shadow,0,0
32058,eye_shadow,0,1
32060,eye_shadow,0,0
32061,eye_shadow,0,0
32062,eye_shadow,0,0
32063,eye_shadow,0,1
32428,eye_shadow,0,0
32429,eye_shadow,0,0
32430,eye_shadow,0,0
32431,eye_shadow,0,0
32432,eye_shadow,0,1
32433,eye_shadow,0,0
32434,eye_shadow,0,0
32694,eye_shadow,0,0
32695,eye_shadow,0,0
32696,eye_shadow,0,0
32697,eye_shadow,0,0
32698,eye_shadow,0,0
32700,eye_shadow,1,0
32701,eye_shadow,0,0
32702,eye_shadow,0,0
32703,eye_shadow,0,0
32704,eye_shadow,0,0
32706,eye_shadow,0,1
32707,eye_shadow,0,0
32708,eye_shadow,0,0
32709,eye_shadow,0,1
32710,eye_shadow,0,0
32712,eye_shadow,0,1
32713,eye_shadow,0,0
33054,eye_shadow,0,0
33056,eye_shadow,0,0
33057,eye_shadow,0,0
33058,eye_shadow,0,1
33059,eye_shadow,0,0
33061,eye_shadow,0,0
33062,eye_shadow,0,0
33063,eye_shadow,0,0
33064,eye_shadow,0,0
33065,eye_shadow,0,0
33066,eye_shadow,0,0
33067,eye_shadow,0,0
33068,eye_shadow,0,0
33069,eye_shadow,0,0
33070,eye_shadow,0,0
33071,eye_shadow,0,0
33072,eye_shadow,0,0
33073,eye_shadow,0,0
33508,eye_shadow,0,0
33510,eye_shadow,0,0
33511,eye_shadow,0,2
33512,eye_shadow,0,0
33513,eye_shadow,0,0
33514,eye_shadow,0,0
33515,eye_shadow,0,1
33516,eye_shadow,0,1
33517,eye_shadow,0,0
33518,eye_shadow,0,0
33519,eye_shadow,0,0
33520,eye_shadow,0,0
33523,eye_shadow,1,1
33524,eye_shadow,0,0
33525,eye_shadow,0,0
33526,eye_shadow,0,0
33527,eye_shadow,0,0
33528,eye_shadow,0,0
33529,eye_shadow,0,0
33530,eye_shadow,0,0
33531,eye_shadow,0,0
33532,eye_shadow,0,0
33533,eye_shadow,0,0
34002,eye_shadow,0,0
34003,eye_shadow,0,0
34004,eye_shadow,0,0
34005,eye_shadow,0,0
34006,eye_shadow,0,0
34007,eye_shadow,0,0
34008,eye_shadow,0,0
34010,eye_shadow,0,0
34012,eye_shadow,0,0
34013,eye_shadow,0,0
34014,eye_shadow,0,0
34015,eye_shadow,0,0
34016,eye_shadow,0,1
34017,eye_shadow,0,0
34018,eye_shadow,0,0
34019,eye_shadow,0,0
34020,eye_shadow,0,0
34022,eye_shadow,0,0
34023,eye_shadow,0,1
34024,eye_shadow,0,0
34025,eye_shadow,0,1
34026,eye_shadow,0,0
34028,eye_shadow,0,0
34029,eye_shadow,1,1
34030,eye_shadow,0,0
34031,eye_shadow,0,0
34032,eye_shadow,0,0
34033,eye_shadow,0,0
34034,eye_shadow,0,0
34035,eye_shadow,1,0
34036,eye_shadow,0,0
34037,eye_shadow,0,0
34038,eye_shadow,0,0
34039,eye_shadow,0,0
34040,eye_shadow,0,0
34041,eye_shadow,0,0
34042,eye_shadow,0,0
34043,eye_shadow,0,0
34044,eye_shadow,0,0
34045,eye_shadow,0,0
34046,eye_shadow,0,0
34048,eye_shadow,0,0
34049,eye_shadow,0,0
34051,eye_shadow,0,0
34052,eye_shadow,0,0
34053,eye_shadow,0,0
34054,eye_shadow,0,0
34055,eye_shadow,0,0
34056,eye_shadow,0,0
34057,eye_shadow,0,0
34058,eye_shadow,0,1
34059,eye_shadow,0,0
34060,eye_shadow,0,0
34062,eye_shadow,0,0
34063,eye_shadow,0,0
34064,eye_shadow,0,0
34065,eye_shadow,0,0
34066,eye_shadow,0,0
34068,eye_shadow,0,0
34070,eye_shadow,0,0
34071,eye_shadow,0,0
34072,eye_shadow,0,0
34073,eye_shadow,0,0
34074,eye_shadow,0,1
34075,eye_shadow,0,0
34076,eye_shadow,0,0
34431,eye_shadow,0,0
34432,eye_shadow,0,1
34433,eye_shadow,0,0
34434,eye_shadow,0,0
34435,eye_shadow,0,0
34436,eye_shadow,0,0
34437,eye_shadow,0,0
34438,eye_shadow,0,0
34439,eye_shadow,0,0
34440,eye_shadow,0,0
34441,eye_shadow,0,0
34442,eye_shadow,0,0
34443,eye_shadow,0,0
34444,eye_shadow,0,2
34445,eye_shadow,0,0
34446,eye_shadow,0,0
34447,eye_shadow,0,0
34448,eye_shadow,0,0
34449,eye_shadow,0,1
34450,eye_shadow,0,1
34451,eye_shadow,0,0
34452,eye_shadow,0,0
34453,eye_shadow,0,0
34454,eye_shadow,0,0
34455,eye_shadow,0,0
34456,eye_shadow,0,1
34457,eye_shadow,0,0
34761,eye_shadow,0,0
34764,eye_shadow,0,1
34765,eye_shadow,0,0
34766,eye_shadow,0,0
34768,eye_shadow,0,0
34769,eye_shadow,0,0
34770,eye_shadow,0,0
34771,eye_shadow,0,0
34772,eye_shadow,0,0
34773,eye_shadow,0,0
34774,eye_shadow,0,0
34775,eye_shadow,0,0
34776,eye_shadow,0,0
34777,eye_shadow,0,0
34778,eye_shadow,0,0
34779,eye_shadow,0,0
34780,eye_shadow,0,1
34781,eye_shadow,0,0
34782,eye_shadow,0,0
34784,eye_shadow,0,1
34785,eye_shadow,0,0
34786,eye_shadow,0,0
34787,eye_shadow,0,0
34788,eye_shadow,0,0
34789,eye_shadow,0,0
35711,lip_colour,0,0
35712,lip_colour,0,0
35713,lip_colour,0,0
35714,lip_colour,0,0
35715,lip_colour,0,1
35716,lip_colour,0,0
35717,lip_colour,0,1
35718,lip_colour,0,0
35719,lip_colour,0,1
36047,lip_colour,1,0
36048,lip_colour,0,0
36049,lip_colour,0,0
36050,lip_colour,0,0
36051,lip_colour,0,0
36052,lip_colour,0,0
36054,lip_colour,0,0
36055,lip_colour,0,0
36056,lip_colour,0,0
36764,lip_colour,0,0
36765,lip_colour,0,0
36766,lip_colour,0,0
36767,lip_colour,0,0
36768,lip_colour,0,0
36769,lip_colour,0,0
36770,lip_colour,0,0
36771,lip_colour,0,0
36772,lip_colour,0,0
36773,lip_colour,0,0
37154,lip_colour,0,0
37155,lip_colour,0,0
37156,lip_colour,0,0
37157,lip_colour,0,0
37158,lip_colour,0,0
37160,lip_colour,0,0
37161,lip_colour,0,0
37162,lip_colour,0,1
37163,lip_colour,0,0
37164,lip_colour,0,0
37165,lip_colour,0,0
37167,lip_colour,0,0
37168,lip_colour,0,0
37169,lip_colour,0,0
37170,lip_colour,0,0
37171,lip_colour,0,1
37172,lip_colour,0,0
37173,lip_colour,0,0
37400,lip_colour,0,0
37402,lip_colour,0,0
37403,lip_colour,0,0
37405,lip_colour,0,0
37407,lip_colour,0,0
37408,lip_colour,0,0
37409,lip_colour,0,0
37410,lip_colour,0,0
37411,lip_colour,0,0
37412,lip_colour,0,1
37413,lip_colour,0,0
37414,lip_colour,0,0
37415,lip_colour,0,1
37416,lip_colour,0,1
37417,lip_colour,0,0
37730,lip_colour,0,0
37731,lip_colour,0,0
37733,lip_colour,0,0
37734,lip_colour,0,1
37735,lip_colour,0,0
37736,lip_colour,0,0
37737,lip_colour,0,0
37738,lip_colour,0,0
37739,lip_colour,0,1
38147,lip_colour,0,0
38148,lip_colour,0,0
38149,lip_colour,0,1
38150,lip_colour,0,0
38152,lip_colour,0,0
38153,lip_colour,0,0
38154,lip_colour,0,0
38155,lip_colour,0,0
38156,lip_colour,0,1
38370,lip_colour,0,0
38371,lip_colour,0,0
38372,lip_colour,0,1
38373,lip_colour,0,0
38374,lip_colour,0,0
38375,lip_colour,0,0
38376,lip_colour,0,0
38377,lip_colour,0,0
38378,lip_colour,0,1
38379,lip_colour,0,0
38801,lip_colour,0,0
38802,lip_colour,1,0
38803,lip_colour,0,0
38804,lip_colour,0,0
38805,lip_colour,0,0
38806,lip_colour,0,0
38807,lip_colour,1,1
38810,lip_colour,0,0
38811,lip_colour,0,0
38812,lip_colour,0,1
38813,lip_colour,0,0
38814,lip_colour,0,0
38815,lip_colour,0,0
38816,lip_colour,0,0
38817,lip_colour,1,0
38818,lip_colour,1,0
38819,lip_colour,0,0
38820,lip_colour,0,0
38821,lip_colour,0,0
38822,lip_colour,0,0
39279,lip_colour,0,0
39280,lip_colour,0,0
39281,lip_colour,0,1
39282,lip_colour,0,1
39283,lip_colour,0,1
39284,lip_colour,0,0
39285,lip_colour,0,0
39286,lip_colour,0,0
39287,lip_colour,0,0
39288,lip_colour,0,0
39289,lip_colour,0,0
39290,lip_colour,0,0
39291,lip_colour,0,0
39292,lip_colour,0,0
39293,lip_colour,0,0
39294,lip_colour,0,0
39295,lip_colour,0,0
39296,lip_colour,0,0
39297,lip_colour,0,0
39298,lip_colour,0,0
39299,lip_colour,0,0
39300,lip_colour,0,0
39301,lip_colour,0,0
39302,lip_colour,0,0
39303,lip_colour,0,0
39304,lip_colour,0,0
39305,lip_colour,0,0
39308,lip_colour,0,0
39309,lip_colour,0,0
39310,lip_colour,0,0
39311,lip_colour,0,0
41487,foundation,0,0
41488,foundation,0,0
41489,foundation,0,1
41490,foundation,0,1
41491,foundation,0,0
41492,foundation,0,0
41493,foundation,1,0
41495,foundation,0,1
41496,foundation,0,0
41497,foundation,0,3
41498,foundation,1,7
41499,foundation,0,5
41502,foundation,0,0
41503,foundation,1,10
41504,foundation,1,10
41505,foundation,0,0
41506,foundation,0,0
41507,foundation,0,0
41508,foundation,0,0
41509,foundation,0,0
41510,foundation,0,0
41511,foundation,1,10
41512,foundation,1,9
41513,foundation,0,0
41514,foundation,1,10
41515,foundation,0,0
41516,foundation,1,10
41517,foundation,0,1
41519,foundation,1,10
41520,foundation,0,6
41521,foundation,0,0
41522,foundation,0,1
41524,foundation,1,6
41525,foundation,0,0
41526,foundation,0,0
41971,foundation,0,0
41973,foundation,0,0
41974,foundation,0,1
41975,foundation,0,0
41976,foundation,0,0
41977,foundation,0,0
41978,foundation,0,0
41979,foundation,0,0
41980,foundation,0,0
41981,foundation,0,0
41982,foundation,0,0
41983,foundation,0,0
41984,foundation,0,0
41985,foundation,0,1
41986,foundation,0,0
41987,foundation,0,0
41988,foundation,0,0
41989,foundation,0,1
42289,foundation,0,0
42291,foundation,0,0
42292,foundation,0,0
42293,foundation,1,9
42294,foundation,0,0
42295,foundation,0,0
42296,foundation,0,0
42297,foundation,0,0
42298,foundation,0,0
42299,foundation,1,9
42300,foundation,0,0
42301,foundation,0,9
42302,foundation,1,10
42303,foundation,0,9
42304,foundation,0,0
42305,foundation,0,9
42306,foundation,1,8
42307,foundation,0,6
42308,foundation,1,10
42309,foundation,0,0
42311,foundation,0,1
42313,foundation,0,0
42314,foundation,0,0
42315,foundation,0,0
42317,foundation,0,0
42318,foundation,0,0
61,emulsion,0,0
62,emulsion,0,0
63,emulsion,0,0
378,emulsion,0,0
380,emulsion,0,1
381,emulsion,0,1
382,emulsion,0,1
383,emulsion,0,0
384,emulsion,0,0
385,emulsion,0,1
386,emulsion,0,5
387,emulsion,0,0
799,emulsion,0,1
800,emulsion,1,10
801,emulsion,1,0
802,emulsion,0,0
805,emulsion,0,1
806,emulsion,0,0
807,emulsion,0,0
808,emulsion,0,1
809,emulsion,0,0
810,emulsion,0,0
811,emulsion,1,10
812,emulsion,1,10
813,emulsion,1,0
814,emulsion,0,0
815,emulsion,1,10
816,emulsion,1,10
817,emulsion,0,1
818,emulsion,0,1
1151,emulsion,0,0
1152,emulsion,0,0
1153,emulsion,1,10
1154,emulsion,0,0
1155,emulsion,1,10
1157,emulsion,1,7
1158,emulsion,0,0
1159,emulsion,0,0
1160,emulsion,0,0
1161,emulsion,0,7
1162,emulsion,0,0
1163,emulsion,0,0
1164,emulsion,0,0
1165,emulsion,0,0
1166,emulsion,0,0
1167,emulsion,0,0
1168,emulsion,0,0
1452,emulsion,0,7
1454,emulsion,0,0
1455,emulsion,0,0
1457,emulsion,1,6
1458,emulsion,0,0
1459,emulsion,0,2
1460,emulsion,0,1
1461,emulsion,0,0
1462,emulsion,0,1
1463,emulsion,0,0
1464,emulsion,0,0
1465,emulsion,1,7
1466,emulsion,0,0
1467,emulsion,1,9
1468,emulsion,0,3
1469,emulsion,0,0
1470,emulsion,1,10
1939,emulsion,0,0
1940,emulsion,0,1
1941,emulsion,1,9
1942,emulsion,0,0
1943,emulsion,0,7
1944,emulsion,0,2
1945,emulsion,1,6
1946,emulsion,0,0
1947,emulsion,0,0
1949,emulsion,1,8
1950,emulsion,1,10
1951,emulsion,0,0
1952,emulsion,0,0
1953,emulsion,0,0
1954,emulsion,0,0
1955,emulsion,1,10
1956,emulsion,1,10
1957,emulsion,1,9
1958,emulsion,1,10
1959,emulsion,1,8
1960,emulsion,1,10
1961,emulsion,1,10
1962,emulsion,0,0
1963,emulsion,1,10
1964,emulsion,0,1
1965,emulsion,0,1
1966,emulsion,1,10
1967,emulsion,1,10
1968,emulsion,0,3
2363,emulsion,0,0
2364,emulsion,1,0
2365,emulsion,0,0
2366,emulsion,0,1
2367,emulsion,0,0
2368,emulsion,0,0
2369,emulsion,1,0
2370,emulsion,1,5
2371,emulsion,0,0
2373,emulsion,1,0
2374,emulsion,1,0
2375,emulsion,1,10
2376,emulsion,0,0
2377,emulsion,1,6
2378,emulsion,0,0
2379,emulsion,0,1
2380,emulsion,0,0
2381,emulsion,0,0
2382,emulsion,1,10
2383,emulsion,1,9
2384,emulsion,0,0
2385,emulsion,0,1
2386,emulsion,1,7
2387,emulsion,1,9
2388,emulsion,0,0
2389,emulsion,0,0
2390,emulsion,0,0
2392,emulsion,0,0
2393,emulsion,1,0
2394,emulsion,1,10
2395,emulsion,0,1
2397,emulsion,1,10
2398,emulsion,1,10
2399,emulsion,0,1
2400,emulsion,0,0
2401,emulsion,0,0
2402,emulsion,0,0
2403,emulsion,0,3
2404,emulsion,0,0
2405,emulsion,0,1
2406,emulsion,1,10
2408,emulsion,0,0
2409,emulsion,0,0
2410,emulsion,0,2
2411,emulsion,0,1
2704,emulsion,1,10
2705,emulsion,1,10
2707,emulsion,1,10
2708,emulsion,0,9
2709,emulsion,1,7
2710,emulsion,1,9
2711,emulsion,0,0
2712,emulsion,0,0
2713,emulsion,0,1
2714,emulsion,1,10
2715,emulsion,0,4
2716,emulsion,1,10
2717,emulsion,1,6
2718,emulsion,1,10
2719,emulsion,1,10
2720,emulsion,1,10
2721,emulsion,0,3
2723,emulsion,0,1
2724,emulsion,1,10
2725,emulsion,0,0
2726,emulsion,0,0
2727,emulsion,0,2
2728,emulsion,0,0
2729,emulsion,0,0
2730,emulsion,0,2
2732,emulsion,0,2
2733,emulsion,0,1
2735,emulsion,1,5
2736,emulsion,1,10
2738,emulsion,1,5
2739,emulsion,1,10
2740,emulsion,0,0
2741,emulsion,0,1
2742,emulsion,0,0
2743,emulsion,0,2
5706,face_cream,0,0
5708,face_cream,0,0
5709,face_cream,0,0
5710,face_cream,0,0
5711,face_cream,0,0
5712,face_cream,0,0
5713,face_cream,0,0
7017,face_cream,0,0
7018,face_cream,1,8
7019,face_cream,1,8
7020,face_cream,0,0
7021,face_cream,0,0
7022,face_cream,1,0
7023,face_cream,1,10
7024,face_cream,0,0
7025,face_cream,0,0
7026,face_cream,0,0
7330,face_cream,0,0
7331,face_cream,0,0
7332,face_cream,0,0
7333,face_cream,0,0
7334,face_cream,0,0
7335,face_cream,0,1
7336,face_cream,0,0
7337,face_cream,1,2
7338,face_cream,0,3
7339,face_cream,0,0
8035,face_cream,1,4
8036,face_cream,0,7
8038,face_cream,0,0
8039,face_cream,1,10
8040,face_cream,1,7
8041,face_cream,0,3
8042,face_cream,0,0
8043,face_cream,0,0
8044,face_cream,0,0
8045,face_cream,0,8
8046,face_cream,0,0
8047,face_cream,0,0
8048,face_cream,0,0
8049,face_cream,0,1
8050,face_cream,0,0
8052,face_cream,0,1
8053,face_cream,0,0
8054,face_cream,0,0
8055,face_cream,0,0
8056,face_cream,0,1
8057,face_cream,0,1
8058,face_cream,0,0
8059,face_cream,0,1
8060,face_cream,0,0
8061,face_cream,0,0
8062,face_cream,0,2
8063,face_cream,0,0
8065,face_cream,0,0
8066,face_cream,0,1
8067,face_cream,1,10
8068,face_cream,0,1
8069,face_cream,0,0
8071,face_cream,0,0
8072,face_cream,0,4
8073,face_cream,0,1
8074,face_cream,0,1
8437,face_cream,0,2
8438,face_cream,0,1
8439,face_cream,0,1
8440,face_cream,0,0
8442,face_cream,0,0
8443,face_cream,0,0
8444,face_cream,0,0
8445,face_cream,0,0
8446,face_cream,0,0
8447,face_cream,0,1
8448,face_cream,0,0
8450,face_cream,0,0
8451,face_cream,0,0
8452,face_cream,0,0
8822,face_cream,0,0
8823,face_cream,1,10
8824,face_cream,0,0
8826,face_cream,0,0
8828,face_cream,1,10
8829,face_cream,0,0
8830,face_cream,0,0
8831,face_cream,0,1
9195,face_cream,0,2
9197,face_cream,1,10
9198,face_cream,1,7
9199,face_cream,0,1
9200,face_cream,0,0
9201,face_cream,0,0
9202,face_cream,0,0
9204,face_cream,0,0
9205,face_cream,0,0
9206,face_cream,0,1
9207,face_cream,0,3
9208,face_cream,0,0
9209,face_cream,0,0
9210,face_cream,1,10
9211,face_cream,0,2
9212,face_cream,0,0
9213,face_cream,0,0
9214,face_cream,0,8
9215,face_cream,0,0
9216,face_cream,0,0
9217,face_cream,0,2
9218,face_cream,0,0
9219,face_cream,0,1
9220,face_cream,1,7
9221,face_cream,0,8
9222,face_cream,0,0
9223,face_cream,0,0
9224,face_cream,0,0
9541,face_cream,0,1
11127,serum_essence,0,0
11128,serum_essence,0,1
11129,serum_essence,0,0
11130,serum_essence,0,1
11131,serum_essence,0,0
11132,serum_essence,0,0
11133,serum_essence,0,0
11134,serum_essence,0,2
11457,serum_essence,1,10
11458,serum_essence,0,2
11459,serum_essence,0,1
11460,serum_essence,1,10
11462,serum_essence,1,10
11463,serum_essence,0,0
11464,serum_essence,1,8
11465,serum_essence,0,0
11840,serum_essence,0,0
11841,serum_essence,0,0
11842,serum_essence,0,0
11843,serum_essence,1,10
11844,serum_essence,0,0
11845,serum_essence,0,4
11846,serum_essence,1,9
11847,serum_essence,1,10
11848,serum_essence,1,0
11849,serum_essence,1,9
11850,serum_essence,0,0
11851,serum_essence,0,0
11852,serum_essence,0,0
11853,serum_essence,0,0
11854,serum_essence,0,0
11855,serum_essence,0,0
11856,serum_essence,1,10
11858,serum_essence,0,1
11859,serum_essence,1,10
12098,serum_essence,0,0
12099,serum_essence,0,0
12100,serum_essence,0,1
12101,serum_essence,1,0
12102,serum_essence,0,0
12103,serum_essence,0,1
12104,serum_essence,1,10
12105,serum_essence,0,0
12106,serum_essence,0,0
12107,serum_essence,0,0
12840,serum_essence,0,0
12841,serum_essence,1,10
12842,serum_essence,1,6
12843,serum_essence,1,3
12844,serum_essence,1,0
12847,serum_essence,0,5
12848,serum_essence,0,6
12850,serum_essence,0,0
12851,serum_essence,0,0
12852,serum_essence,1,10
12853,serum_essence,0,0
12854,serum_essence,1,9
12855,serum_essence,1,10
12856,serum_essence,1,8
12857,serum_essence,1,2
12858,serum_essence,0,0
12859,serum_essence,0,0
12860,serum_essence,0,0
12861,serum_essence,0,0
12862,serum_essence,1,10
12863,serum_essence,0,0
12864,serum_essence,1,10
12865,serum_essence,1,10
12866,serum_essence,1,10
12867,serum_essence,0,7
12868,serum_essence,0,0
12869,serum_essence,1,6
12870,serum_essence,1,5
12871,serum_essence,1,10
12872,serum_essence,1,8
12873,serum_essence,0,0
12874,serum_essence,1,7
12876,serum_essence,1,10
12877,serum_essence,0,0
12878,serum_essence,0,0
12879,serum_essence,1,9
13101,serum_essence,0,7
13103,serum_essence,0,0
13104,serum_essence,0,2
13105,serum_essence,0,0
13106,serum_essence,1,10
13107,serum_essence,0,0
13108,serum_essence,1,10
13109,serum_essence,0,3
13110,serum_essence,0,8
13112,serum_essence,0,0
13113,serum_essence,1,7
13114,serum_essence,0,1
13115,serum_essence,0,0
13116,serum_essence,1,10
13117,serum_essence,0,0
13118,serum_essence,0,1
13121,serum_essence,0,0
13122,serum_essence,0,1
13123,serum_essence,0,1
13124,serum_essence,0,0
13126,serum_essence,0,1
13127,serum_essence,1,10
13128,serum_essence,0,0
13129,serum_essence,0,0
13130,serum_essence,0,10
13131,serum_essence,0,0
13132,serum_essence,0,1
13133,serum_essence,0,0
13134,serum_essence,0,1
13135,serum_essence,0,0
13136,serum_essence,0,1
13137,serum_essence,0,0
13138,serum_essence,0,0
13139,serum_essence,0,0
13140,serum_essence,0,1
13430,serum_essence,0,2
13431,serum_essence,0,8
13432,serum_essence,0,0
13433,serum_essence,0,0
13434,serum_essence,1,10
13435,serum_essence,0,0
13436,serum_essence,1,10
13437,serum_essence,1,10
13438,serum_essence,1,10
13439,serum_essence,1,10
13441,serum_essence,0,0
13442,serum_essence,0,0
13443,serum_essence,1,8
13444,serum_essence,0,1
13445,serum_essence,0,0
13446,serum_essence,0,0
13447,serum_essence,0,0
13448,serum_essence,0,0
13931,serum_essence,0,0
13932,serum_essence,0,0
13933,serum_essence,0,0
15182,sun_protection,0,0
15183,sun_protection,0,2
15184,sun_protection,0,0
15185,sun_protection,0,1
15186,sun_protection,0,1
15905,sun_protection,0,0
15906,sun_protection,0,0
15907,sun_protection,0,0
15908,sun_protection,0,0
15909,sun_protection,0,0
15910,sun_protection,0,0
15911,sun_protection,0,1
15912,sun_protection,0,2
15913,sun_protection,0,0
15914,sun_protection,0,0
15916,sun_protection,0,0
15918,sun_protection,0,1
15919,sun_protection,0,0
15920,sun_protection,0,0
15921,sun_protection,0,1
15922,sun_protection,0,1
15923,sun_protection,0,2
16197,sun_protection,0,2
16198,sun_protection,0,9
16199,sun_protection,0,0
16200,sun_protection,1,9
16201,sun_protection,0,0
16202,sun_protection,0,0
16203,sun_protection,0,0
16204,sun_protection,1,10
16206,sun_protection,1,10
16207,sun_protection,0,0
16208,sun_protection,0,1
16209,sun_protection,0,0
16210,sun_protection,0,0
16211,sun_protection,0,0
16212,sun_protection,0,0
16213,sun_protection,0,9
16214,sun_protection,0,1
16545,sun_protection,0,1
16546,sun_protection,0,0
16547,sun_protection,0,0
16548,sun_protection,0,0
16549,sun_protection,0,0
16550,sun_protection,0,1
16551,sun_protection,0,1
16552,sun_protection,0,0
16553,sun_protection,0,0
16554,sun_protection,0,0
16555,sun_protection,0,0
16556,sun_protection,0,0
16557,sun_protection,0,2
16558,sun_protection,0,1
16559,sun_protection,0,0
16560,sun_protection,0,0
16561,sun_protection,0,0
16562,sun_protection,0,0
16563,sun_protection,0,0
16564,sun_protection,0,0
19000,face_wash,0,0
19001,face_wash,0,0
19002,face_wash,0,0
19003,face_wash,0,0
19004,face_wash,0,0
19006,face_wash,0,0
19007,face_wash,0,0
19008,face_wash,0,0
19009,face_wash,0,0
20026,face_wash,0,0
20027,face_wash,0,0
20028,face_wash,0,1
20029,face_wash,0,0
20030,face_wash,0,0
20031,face_wash,0,0
20032,face_wash,0,0
20033,face_wash,0,0
20034,face_wash,0,0
20035,face_wash,0,0
20330,face_wash,0,0
20331,face_wash,0,0
20332,face_wash,0,0
20333,face_wash,0,0
20335,face_wash,0,0
20336,face_wash,0,0
20337,face_wash,0,0
20338,face_wash,0,1
20339,face_wash,0,0
20707,face_wash,0,0
20708,face_wash,0,0
20709,face_wash,0,0
20711,face_wash,0,0
20712,face_wash,1,10
20713,face_wash,0,0
20714,face_wash,0,1
20715,face_wash,0,0
20716,face_wash,0,1
20717,face_wash,0,0
20718,face_wash,0,0
20719,face_wash,0,7
20720,face_wash,0,0
20721,face_wash,1,5
20722,face_wash,0,0
20723,face_wash,0,1
20725,face_wash,0,0
20726,face_wash,0,0
21061,face_wash,0,0
21062,face_wash,0,0
21063,face_wash,0,0
21064,face_wash,0,0
21065,face_wash,0,0
21066,face_wash,0,0
21068,face_wash,1,8
21070,face_wash,0,0
21071,face_wash,0,4
21072,face_wash,0,0
21073,face_wash,0,0
21074,face_wash,0,1
21075,face_wash,0,0
21076,face_wash,0,0
21077,face_wash,0,0
21078,face_wash,0,0
21079,face_wash,0,2
21080,face_wash,0,0
21081,face_wash,0,0
21082,face_wash,0,0
21083,face_wash,0,2
21084,face_wash,0,0
21085,face_wash,0,0
21086,face_wash,0,0
21087,face_wash,0,0
21088,face_wash,0,1
21089,face_wash,0,0
21090,face_wash,0,1
21352,face_wash,0,0
21353,face_wash,0,0
21354,face_wash,0,1
21355,face_wash,0,0
21358,face_wash,0,1
21359,face_wash,0,0
21360,face_wash,0,1
21361,face_wash,0,0
21362,face_wash,0,0
21364,face_wash,0,0
21365,face_wash,0,0
21366,face_wash,0,1
21367,face_wash,0,0
21368,face_wash,0,0
21369,face_wash,0,0
21370,face_wash,0,0
21371,face_wash,0,0
21372,face_wash,0,1
21373,face_wash,0,0
21374,face_wash,0,0
21375,face_wash,0,2
21376,face_wash,0,0
21377,face_wash,0,0
21378,face_wash,0,0
21379,face_wash,0,0
21380,face_wash,0,0
21381,face_wash,0,0
21883,face_wash,1,0
22204,face_wash,0,0
22205,face_wash,0,0
22206,face_wash,1,10
22207,face_wash,0,0
22208,face_wash,1,10
22209,face_wash,0,8
22210,face_wash,1,10
22211,face_wash,1,7
22212,face_wash,0,0
22213,face_wash,0,0
22214,face_wash,0,0
22215,face_wash,0,0
22216,face_wash,0,0
22217,face_wash,0,3
22218,face_wash,1,10
24139,cleansing,0,0
24140,cleansing,0,0
24142,cleansing,0,0
24143,cleansing,0,0
24144,cleansing,0,0
24145,cleansing,0,0
24146,cleansing,0,0
24147,cleansing,0,0
24148,cleansing,0,0
24475,cleansing,0,1
24476,cleansing,0,0
24477,cleansing,0,0
24478,cleansing,0,0
24479,cleansing,0,0
24480,cleansing,0,0
24483,cleansing,0,0
24484,cleansing,0,0
25095,cleansing,0,0
25096,cleansing,0,0
25097,cleansing,0,0
25098,cleansing,0,0
25099,cleansing,0,0
25100,cleansing,0,0
25101,cleansing,0,0
25102,cleansing,0,0
25447,cleansing,0,0
25448,cleansing,0,0
25449,cleansing,0,1
25451,cleansing,0,0
25452,cleansing,0,0
25453,cleansing,0,0
25454,cleansing,0,0
25455,cleansing,0,0
25456,cleansing,0,0
25782,cleansing,0,0
25783,cleansing,0,0
25784,cleansing,0,0
25785,cleansing,0,0
25786,cleansing,0,0
25787,cleansing,1,9
25789,cleansing,1,10
25790,cleansing,0,0
25791,cleansing,0,0
25792,cleansing,0,0
25793,cleansing,0,0
25794,cleansing,0,0
25795,cleansing,1,10
25796,cleansing,1,0
25797,cleansing,0,2
25798,cleansing,0,1
25799,cleansing,1,10
25800,cleansing,1,7
25801,cleansing,0,0
25802,cleansing,0,0
25803,cleansing,0,0
25804,cleansing,1,10
25805,cleansing,1,10
25806,cleansing,1,0
25807,cleansing,0,0
25808,cleansing,0,0
25809,cleansing,0,3
25810,cleansing,0,0
25811,cleansing,0,0
26181,cleansing,0,0
26182,cleansing,0,1
26183,cleansing,0,0
26184,cleansing,0,0
26185,cleansing,0,0
26186,cleansing,0,1
26188,cleansing,0,1
26189,cleansing,0,0
26190,cleansing,0,0
26191,cleansing,0,0
26192,cleansing,0,0
26193,cleansing,0,0
26194,cleansing,0,0
26195,cleansing,0,0
26196,cleansing,0,0
26197,cleansing,0,0
26198,cleansing,0,0
26200,cleansing,0,2
26542,cleansing,0,0
26544,cleansing,0,0
26545,cleansing,1,6
26546,cleansing,0,0
26547,cleansing,1,8
26548,cleansing,0,2
27722,cleansing,0,0
27723,cleansing,0,0
27724,cleansing,0,0
27725,cleansing,0,0
27726,cleansing,0,0
27727,cleansing,0,0
27728,cleansing,0,0
27730,cleansing,0,0
29061,toner_lotion,0,0
29062,toner_lotion,0,0
29063,toner_lotion,0,0
29065,toner_lotion,0,0
29066,toner_lotion,0,0
29067,toner_lotion,0,0
29068,toner_lotion,0,0
29069,toner_lotion,0,0
29070,toner_lotion,0,0
29072,toner_lotion,0,0
29073,toner_lotion,0,0
29074,toner_lotion,0,0
29075,toner_lotion,0,1
29076,toner_lotion,0,0
29077,toner_lotion,0,0
29079,toner_lotion,0,1
29080,toner_lotion,0,0
31041,eye_shadow,0,0
31042,eye_shadow,0,0
31043,eye_shadow,0,0
31044,eye_shadow,0,0
31045,eye_shadow,0,0
31046,eye_shadow,0,0
31047,eye_shadow,0,0
31048,eye_shadow,0,0
31049,eye_shadow,0,0
31050,eye_shadow,0,0
31300,eye_shadow,0,0
31301,eye_shadow,1,0
31303,eye_shadow,0,0
31304,eye_shadow,0,0
31305,eye_shadow,0,0
31306,eye_shadow,0,0
31307,eye_shadow,0,0
31308,eye_shadow,0,0
31664,eye_shadow,0,0
31665,eye_shadow,1,1
31666,eye_shadow,0,0
31667,eye_shadow,0,0
32044,eye_shadow,0,0
32045,eye_shadow,0,0
32046,eye_shadow,0,0
32047,eye_shadow,0,0
32048,eye_shadow,0,0
32049,eye_shadow,0,0
32050,eye_shadow,0,0
32051,eye_shadow,0,0
32052,eye_shadow,0,0
32053,eye_shadow,0,0
32418,eye_shadow,0,0
32419,eye_shadow,0,0
32420,eye_shadow,0,0
32421,eye_shadow,0,0
32422,eye_shadow,0,0
32424,eye_shadow,0,0
32425,eye_shadow,0,0
32426,eye_shadow,0,0
32427,eye_shadow,0,1
32684,eye_shadow,0,0
32685,eye_shadow,0,0
32686,eye_shadow,0,0
32687,eye_shadow,0,0
32688,eye_shadow,0,0
32689,eye_shadow,0,0
32690,eye_shadow,0,0
32691,eye_shadow,0,0
32692,eye_shadow,0,0
32693,eye_shadow,0,0
33035,eye_shadow,0,0
33036,eye_shadow,0,1
33037,eye_shadow,0,0
33038,eye_shadow,0,0
33039,eye_shadow,0,0
33040,eye_shadow,0,1
33042,eye_shadow,0,0
33043,eye_shadow,0,0
33045,eye_shadow,0,0
33046,eye_shadow,0,1
33047,eye_shadow,0,0
33048,eye_shadow,0,0
33049,eye_shadow,0,2
33050,eye_shadow,0,1
33051,eye_shadow,0,0
33052,eye_shadow,0,1
33053,eye_shadow,0,0
33464,eye_shadow,0,0
33465,eye_shadow,0,1
33466,eye_shadow,0,0
33467,eye_shadow,0,0
33468,eye_shadow,0,0
33469,eye_shadow,0,0
33470,eye_shadow,0,0
33471,eye_shadow,0,0
33472,eye_shadow,0,2
33473,eye_shadow,0,0
33474,eye_shadow,0,0
33475,eye_shadow,0,0
33476,eye_shadow,0,1
33477,eye_shadow,0,0
33478,eye_shadow,0,1
33480,eye_shadow,0,0
33481,eye_shadow,0,0
33482,eye_shadow,0,0
33484,eye_shadow,0,1
33485,eye_shadow,0,1
33486,eye_shadow,0,0
33487,eye_shadow,0,0
33488,eye_shadow,0,0
33489,eye_shadow,0,0
33490,eye_shadow,0,0
33491,eye_shadow,0,0
33492,eye_shadow,0,0
33493,eye_shadow,0,0
33494,eye_shadow,0,0
33495,eye_shadow,0,1
33496,eye_shadow,0,0
33498,eye_shadow,0,0
33499,eye_shadow,0,1
33500,eye_shadow,0,0
33501,eye_shadow,0,0
33502,eye_shadow,0,1
33503,eye_shadow,0,0
33504,eye_shadow,0,0
33505,eye_shadow,0,0
33506,eye_shadow,0,1
33507,eye_shadow,0,0
33974,eye_shadow,1,9
33976,eye_shadow,0,0
33977,eye_shadow,0,0
33978,eye_shadow,0,0
33981,eye_shadow,0,1
33982,eye_shadow,0,0
33983,eye_shadow,0,0
33985,eye_shadow,0,0
33987,eye_shadow,0,0
33988,eye_shadow,0,0
33989,eye_shadow,0,0
33990,eye_shadow,0,0
33991,eye_shadow,0,0
33992,eye_shadow,0,0
33993,eye_shadow,0,0
33994,eye_shadow,0,0
33995,eye_shadow,0,0
33996,eye_shadow,0,0
33997,eye_shadow,0,0
33998,eye_shadow,0,0
33999,eye_shadow,0,0
34000,eye_shadow,0,0
34001,eye_shadow,0,0
34399,eye_shadow,1,10
34400,eye_shadow,0,0
34401,eye_shadow,0,0
34402,eye_shadow,1,0
34403,eye_shadow,1,7
34404,eye_shadow,1,10
34405,eye_shadow,0,0
34406,eye_shadow,1,10
34407,eye_shadow,1,5
34408,eye_shadow,0,0
34409,eye_shadow,0,9
34410,eye_shadow,1,10
34411,eye_shadow,0,1
34412,eye_shadow,0,0
34413,eye_shadow,0,0
34415,eye_shadow,0,0
34416,eye_shadow,0,0
34417,eye_shadow,0,1
34418,eye_shadow,0,0
34419,eye_shadow,0,0
34420,eye_shadow,0,0
34421,eye_shadow,0,0
34422,eye_shadow,0,0
34423,eye_shadow,0,0
34424,eye_shadow,0,0
34425,eye_shadow,0,0
34426,eye_shadow,0,0
34427,eye_shadow,0,0
34428,eye_shadow,0,0
34429,eye_shadow,0,0
34430,eye_shadow,0,0
34691,eye_shadow,1,1
34692,eye_shadow,0,0
34693,eye_shadow,0,0
34694,eye_shadow,0,0
34695,eye_shadow,0,0
34696,eye_shadow,0,0
34697,eye_shadow,0,0
34698,eye_shadow,0,0
34699,eye_shadow,0,1
34700,eye_shadow,0,3
34701,eye_shadow,0,0
34702,eye_shadow,0,1
34703,eye_shadow,0,0
34704,eye_shadow,0,1
34705,eye_shadow,0,1
34706,eye_shadow,0,0
34707,eye_shadow,0,0
34708,eye_shadow,1,0
34709,eye_shadow,0,0
34710,eye_shadow,0,0
34711,eye_shadow,0,0
34712,eye_shadow,0,1
34713,eye_shadow,0,0
34714,eye_shadow,0,0
34715,eye_shadow,0,1
34716,eye_shadow,0,0
34717,eye_shadow,0,0
34718,eye_shadow,0,0
34719,eye_shadow,0,0
34720,eye_shadow,0,0
34721,eye_shadow,0,0
34722,eye_shadow,0,0
34723,eye_shadow,0,1
34724,eye_shadow,0,0
34725,eye_shadow,0,0
34727,eye_shadow,0,0
34728,eye_shadow,0,0
34729,eye_shadow,0,0
34731,eye_shadow,0,0
34732,eye_shadow,0,0
34734,eye_shadow,0,0
34735,eye_shadow,0,0
34736,eye_shadow,0,0
34737,eye_shadow,0,0
34738,eye_shadow,0,1
34740,eye_shadow,0,0
34742,eye_shadow,0,2
34744,eye_shadow,0,2
34745,eye_shadow,0,0
34746,eye_shadow,0,0
34747,eye_shadow,0,0
34749,eye_shadow,0,2
34750,eye_shadow,0,0
34751,eye_shadow,0,0
34752,eye_shadow,0,0
34753,eye_shadow,0,0
34754,eye_shadow,0,1
34755,eye_shadow,0,0
34756,eye_shadow,0,0
34757,eye_shadow,0,1
34758,eye_shadow,0,0
34759,eye_shadow,0,0
34760,eye_shadow,0,0
36381,lip_colour,0,1
36383,lip_colour,0,0
36384,lip_colour,0,0
36385,lip_colour,0,0
36387,lip_colour,0,0
36388,lip_colour,0,0
36389,lip_colour,0,0
36390,lip_colour,0,0
36754,lip_colour,0,0
36755,lip_colour,0,0
36756,lip_colour,0,0
36757,lip_colour,0,0
36758,lip_colour,0,1
36760,lip_colour,0,0
36761,lip_colour,0,0
36762,lip_colour,0,0
36763,lip_colour,0,0
37134,lip_colour,0,1
37135,lip_colour,0,0
37136,lip_colour,0,0
37137,lip_colour,0,0
37138,lip_colour,0,0
37139,lip_colour,0,0
37140,lip_colour,0,0
37141,lip_colour,0,0
37142,lip_colour,0,0
37143,lip_colour,0,0
37144,lip_colour,0,0
37145,lip_colour,0,0
37146,lip_colour,0,1
37147,lip_colour,0,0
37148,lip_colour,0,0
37150,lip_colour,0,0
37151,lip_colour,0,0
37152,lip_colour,0,0
37153,lip_colour,0,0
37389,lip_colour,0,0
37390,lip_colour,0,0
37391,lip_colour,0,0
37392,lip_colour,0,0
37393,lip_colour,0,0
37395,lip_colour,0,2
37396,lip_colour,0,0
37397,lip_colour,0,0
37398,lip_colour,0,0
37399,lip_colour,0,0
37710,lip_colour,0,0
37711,lip_colour,1,0
37712,lip_colour,0,1
37713,lip_colour,0,0
37714,lip_colour,0,0
37716,lip_colour,0,0
37717,lip_colour,0,1
37718,lip_colour,0,0
37719,lip_colour,0,0
37720,lip_colour,0,0
37721,lip_colour,0,0
37722,lip_colour,0,0
37723,lip_colour,0,0
37724,lip_colour,0,0
37725,lip_colour,0,0
37726,lip_colour,0,0
37727,lip_colour,0,1
37728,lip_colour,0,1
37729,lip_colour,0,0
38137,lip_colour,0,0
38138,lip_colour,0,0
38139,lip_colour,0,1
38140,lip_colour,0,0
38141,lip_colour,0,0
38142,lip_colour,0,0
38143,lip_colour,0,0
38144,lip_colour,0,0
38145,lip_colour,0,0
38146,lip_colour,0,0
38360,lip_colour,0,0
38361,lip_colour,0,3
38362,lip_colour,0,0
38363,lip_colour,0,0
38364,lip_colour,0,1
38365,lip_colour,0,0
38366,lip_colour,0,0
38367,lip_colour,0,0
38368,lip_colour,0,0
38369,lip_colour,0,0
38786,lip_colour,0,0
38787,lip_colour,0,1
38788,lip_colour,0,1
38789,lip_colour,0,0
38791,lip_colour,0,0
38792,lip_colour,0,0
38793,lip_colour,0,0
38794,lip_colour,1,0
38795,lip_colour,0,1
38796,lip_colour,0,0
38797,lip_colour,0,0
38798,lip_colour,0,0
38799,lip_colour,0,0
38800,lip_colour,0,0
39244,lip_colour,0,0
39245,lip_colour,1,9
39247,lip_colour,0,0
39248,lip_colour,0,0
39249,lip_colour,0,0
39250,lip_colour,0,1
39251,lip_colour,0,0
39252,lip_colour,0,1
39254,lip_colour,0,0
39255,lip_colour,0,0
39256,lip_colour,0,0
39257,lip_colour,0,1
39258,lip_colour,0,1
39259,lip_colour,0,0
39260,lip_colour,0,0
39261,lip_colour,0,1
39262,lip_colour,0,0
39263,lip_colour,0,0
39264,lip_colour,0,0
39265,lip_colour,0,0
39266,lip_colour,0,5
39269,lip_colour,0,1
39270,lip_colour,0,3
39271,lip_colour,0,0
39272,lip_colour,1,10
39273,lip_colour,0,0
39275,lip_colour,0,2
39276,lip_colour,0,0
39277,lip_colour,0,1
39278,lip_colour,0,0
41180,foundation,0,1
41181,foundation,0,0
41182,foundation,0,0
41183,foundation,0,0
41184,foundation,0,0
41185,foundation,0,0
41186,foundation,0,0
41187,foundation,0,0
41188,foundation,0,0
41960,foundation,0,1
41961,foundation,0,8
41962,foundation,0,0
41963,foundation,0,0
41964,foundation,0,0
41965,foundation,0,0
41966,foundation,0,0
41967,foundation,0,0
41968,foundation,0,0
41970,foundation,0,0
42279,foundation,0,0
42280,foundation,0,1
42281,foundation,0,0
42282,foundation,0,0
42283,foundation,0,0
42284,foundation,1,8
42285,foundation,0,0
42286,foundation,0,0
42287,foundation,0,0
42288,foundation,0,0
51,emulsion,0,0
52,emulsion,0,0
53,emulsion,0,0
54,emulsion,0,0
55,emulsion,0,0
56,emulsion,0,0
57,emulsion,0,0
58,emulsion,0,0
59,emulsion,0,0
60,emulsion,0,1
368,emulsion,0,0
369,emulsion,1,7
370,emulsion,0,1
371,emulsion,0,0
372,emulsion,0,0
373,emulsion,0,0
374,emulsion,0,0
375,emulsion,0,0
376,emulsion,0,0
377,emulsion,0,0
789,emulsion,0,0
790,emulsion,0,0
791,emulsion,0,1
792,emulsion,0,0
793,emulsion,0,0
794,emulsion,0,0
797,emulsion,0,0
798,emulsion,0,0
1121,emulsion,1,0
1123,emulsion,0,0
1124,emulsion,0,1
1125,emulsion,0,0
1126,emulsion,0,10
1127,emulsion,0,0
1128,emulsion,0,0
1129,emulsion,0,0
1130,emulsion,0,0
1131,emulsion,0,1
1132,emulsion,0,0
1133,emulsion,0,1
1134,emulsion,0,1
1135,emulsion,1,10
1136,emulsion,0,0
1137,emulsion,0,1
1138,emulsion,0,0
1139,emulsion,0,0
1140,emulsion,0,0
1141,emulsion,0,0
1142,emulsion,0,0
1143,emulsion,0,0
1144,emulsion,0,0
1145,emulsion,1,10
1146,emulsion,1,10
1147,emulsion,0,0
1149,emulsion,1,9
1150,emulsion,1,1
1422,emulsion,0,0
1423,emulsion,0,2
1424,emulsion,0,0
1425,emulsion,1,10
1426,emulsion,0,0
1427,emulsion,0,0
1428,emulsion,0,0
1429,emulsion,1,7
1430,emulsion,1,10
1431,emulsion,0,0
1432,emulsion,0,0
1433,emulsion,0,0
1434,emulsion,0,1
1435,emulsion,0,0
1436,emulsion,0,8
1437,emulsion,0,0
1438,emulsion,0,3
1439,emulsion,0,0
1440,emulsion,0,8
1442,emulsion,0,0
1443,emulsion,0,0
1444,emulsion,0,1
1445,emulsion,0,1
1446,emulsion,1,10
1447,emulsion,1,8
1448,emulsion,1,10
1450,emulsion,0,0
1890,emulsion,0,1
1891,emulsion,0,0
1892,emulsion,1,0
1893,emulsion,0,1
1894,emulsion,0,0
1895,emulsion,0,0
1896,emulsion,0,0
1897,emulsion,1,5
1898,emulsion,0,1
1899,emulsion,0,0
1900,emulsion,0,0
1901,emulsion,0,0
1902,emulsion,1,10
1903,emulsion,0,0
1904,emulsion,1,7
1905,emulsion,1,0
1906,emulsion,0,0
1907,emulsion,0,1
1908,emulsion,1,9
1909,emulsion,1,1
1910,emulsion,1,10
1911,emulsion,1,8
1912,emulsion,1,10
1913,emulsion,1,7
1914,emulsion,0,0
1915,emulsion,1,10
1916,emulsion,0,0
1917,emulsion,0,2
1918,emulsion,1,10
1919,emulsion,1,10
1920,emulsion,0,2
1921,emulsion,0,0
1922,emulsion,0,0
1923,emulsion,1,10
1924,emulsion,0,0
1926,emulsion,0,0
1927,emulsion,0,2
1928,emulsion,0,2
1929,emulsion,0,1
1931,emulsion,0,0
1933,emulsion,1,10
1935,emulsion,0,0
1936,emulsion,1,9
1938,emulsion,1,4
2242,emulsion,0,0
2243,emulsion,0,0
2244,emulsion,0,1
2245,emulsion,0,0
2246,emulsion,0,0
2247,emulsion,0,1
2249,emulsion,0,0
2250,emulsion,1,10
2252,emulsion,0,0
2253,emulsion,0,0
2254,emulsion,0,3
2255,emulsion,1,9
2256,emulsion,0,1
2257,emulsion,0,0
2258,emulsion,0,0
2259,emulsion,1,10
2260,emulsion,0,1
2261,emulsion,0,0
2262,emulsion,0,0
2263,emulsion,0,0
2265,emulsion,0,0
2266,emulsion,0,0
2267,emulsion,0,0
2268,emulsion,0,0
2269,emulsion,1,0
2270,emulsion,0,0
2271,emulsion,0,4
2272,emulsion,1,0
2273,emulsion,0,0
2274,emulsion,0,0
2275,emulsion,0,1
2276,emulsion,1,0
2277,emulsion,0,0
2279,emulsion,1,10
2280,emulsion,0,0
2281,emulsion,0,3
2282,emulsion,0,0
2283,emulsion,0,1
2284,emulsion,0,0
2285,emulsion,0,0
2288,emulsion,1,7
2289,emulsion,0,1
2291,emulsion,0,6
2292,emulsion,0,1
2294,emulsion,1,0
2295,emulsion,0,0
2296,emulsion,0,1
2297,emulsion,1,10
2298,emulsion,1,0
2299,emulsion,0,0
2300,emulsion,0,1
2301,emulsion,1,10
2302,emulsion,0,0
2303,emulsion,0,0
2304,emulsion,0,0
2305,emulsion,0,1
2306,emulsion,0,0
2307,emulsion,0,0
2308,emulsion,1,9
2309,emulsion,0,0
2310,emulsion,0,0
2311,emulsion,1,0
2312,emulsion,0,0
2314,emulsion,0,0
2315,emulsion,1,10
2316,emulsion,0,0
2317,emulsion,1,10
2318,emulsion,1,7
2319,emulsion,0,0
2320,emulsion,1,9
2321,emulsion,1,10
2322,emulsion,1,10
2323,emulsion,0,0
2324,emulsion,0,0
2325,emulsion,0,0
2326,emulsion,1,10
2327,emulsion,0,0
2328,emulsion,0,0
2329,emulsion,1,10
2330,emulsion,1,10
2331,emulsion,1,10
2332,emulsion,0,8
2333,emulsion,0,0
2334,emulsion,0,0
2335,emulsion,0,1
2336,emulsion,0,0
2338,emulsion,0,1
2339,emulsion,1,10
2340,emulsion,1,8
2342,emulsion,1,10
2343,emulsion,0,0
2344,emulsion,0,0
2345,emulsion,1,10
2346,emulsion,1,10
2347,emulsion,0,1
2348,emulsion,1,10
2349,emulsion,0,0
2350,emulsion,1,1
2351,emulsion,0,0
2352,emulsion,1,10
2353,emulsion,0,0
2354,emulsion,1,10
2355,emulsion,1,10
2357,emulsion,1,10
2358,emulsion,0,0
2359,emulsion,0,0
2360,emulsion,0,0
2361,emulsion,1,10
2362,emulsion,0,0
2674,emulsion,0,0
2675,emulsion,0,1
2676,emulsion,0,1
2678,emulsion,1,9
2680,emulsion,1,10
2681,emulsion,0,0
2683,emulsion,0,0
2684,emulsion,0,0
2685,emulsion,0,0
2686,emulsion,0,0
2687,emulsion,0,0
2689,emulsion,0,0
2690,emulsion,0,0
2691,emulsion,0,8
2692,emulsion,0,2
2693,emulsion,1,10
2694,emulsion,1,0
2695,emulsion,0,0
2696,emulsion,0,0
2697,emulsion,0,0
2699,emulsion,0,3
2700,emulsion,1,10
2701,emulsion,0,9
2702,emulsion,0,0
2703,emulsion,1,10
3273,emulsion,0,0
3274,emulsion,0,0
3275,emulsion,0,1
6621,face_cream,0,0
6622,face_cream,0,0
6623,face_cream,0,0
6624,face_cream,0,0
6625,face_cream,0,0
6626,face_cream,1,8
6628,face_cream,0,0
6629,face_cream,1,8
6630,face_cream,1,10
7007,face_cream,0,1
7008,face_cream,0,0
7010,face_cream,1,10
7011,face_cream,0,0
7012,face_cream,0,0
7013,face_cream,0,0
7014,face_cream,0,0
7015,face_cream,0,0
7016,face_cream,0,0
7300,face_cream,0,0
7301,face_cream,1,7
7302,face_cream,0,0
7304,face_cream,0,0
7305,face_cream,0,0
7306,face_cream,0,0
7307,face_cream,0,1
7308,face_cream,1,9
7309,face_cream,1,9
7310,face_cream,0,8
7311,face_cream,0,0
7312,face_cream,0,2
7314,face_cream,1,9
7316,face_cream,1,10
7317,face_cream,1,10
7318,face_cream,1,9
7319,face_cream,0,1
7320,face_cream,1,10
7321,face_cream,0,0
7322,face_cream,0,0
7323,face_cream,1,10
7324,face_cream,1,9
7325,face_cream,0,1
7326,face_cream,0,0
7327,face_cream,0,1
7328,face_cream,0,1
7329,face_cream,1,10
7684,face_cream,0,1
7685,face_cream,0,0
7686,face_cream,0,1
7687,face_cream,0,0
7689,face_cream,0,0
7691,face_cream,0,0
7692,face_cream,0,0
7693,face_cream,0,0
8002,face_cream,0,0
8003,face_cream,0,0
8004,face_cream,0,0
8005,face_cream,0,1
8006,face_cream,0,1
8007,face_cream,0,0
8008,face_cream,0,0
8010,face_cream,0,0
8011,face_cream,0,0
8012,face_cream,0,0
8013,face_cream,0,0
8015,face_cream,1,9
8016,face_cream,1,9
8017,face_cream,1,7
8018,face_cream,0,0
8019,face_cream,0,1
8020,face_cream,0,0
8021,face_cream,0,0
8022,face_cream,0,0
8023,face_cream,0,0
8024,face_cream,0,1
8025,face_cream,0,0
8027,face_cream,0,2
8028,face_cream,1,10
8029,face_cream,0,1
8030,face_cream,1,10
8031,face_cream,0,0
8032,face_cream,1,1
8033,face_cream,0,0
8034,face_cream,1,2
8423,face_cream,0,0
8424,face_cream,0,0
8425,face_cream,0,0
8426,face_cream,0,0
8427,face_cream,0,1
8428,face_cream,1,1
8429,face_cream,0,0
8430,face_cream,0,0
8431,face_cream,0,1
8433,face_cream,0,0
8434,face_cream,0,0
8435,face_cream,0,0
8436,face_cream,0,1
8802,face_cream,0,0
8803,face_cream,0,0
8805,face_cream,0,0
8806,face_cream,0,1
8807,face_cream,0,0
8808,face_cream,0,0
8809,face_cream,0,0
8810,face_cream,0,0
8811,face_cream,0,1
8812,face_cream,1,10
8813,face_cream,0,0
8814,face_cream,0,0
8815,face_cream,0,0
8816,face_cream,0,1
8817,face_cream,0,0
8818,face_cream,0,0
8819,face_cream,0,0
8820,face_cream,0,0
8821,face_cream,0,0
9147,face_cream,0,0
9148,face_cream,0,1
9149,face_cream,0,0
9150,face_cream,0,0
9152,face_cream,0,0
9153,face_cream,0,0
9155,face_cream,0,1
9156,face_cream,0,0
9157,face_cream,0,0
9158,face_cream,0,0
9159,face_cream,0,0
9160,face_cream,0,0
9161,face_cream,0,0
9162,face_cream,0,0
9163,face_cream,0,0
9164,face_cream,0,0
9165,face_cream,0,0
9166,face_cream,0,0
9167,face_cream,0,0
9168,face_cream,0,0
9169,face_cream,0,1
9170,face_cream,0,0
9171,face_cream,0,0
9172,face_cream,0,0
9173,face_cream,0,0
9174,face_cream,0,0
9175,face_cream,0,0
9176,face_cream,0,0
9177,face_cream,0,0
9179,face_cream,0,0
9180,face_cream,0,2
9181,face_cream,0,1
9182,face_cream,0,1
9183,face_cream,0,0
9184,face_cream,0,0
9185,face_cream,0,0
9186,face_cream,0,2
9188,face_cream,0,0
9190,face_cream,1,9
9191,face_cream,0,0
9192,face_cream,0,1
9193,face_cream,0,0
9194,face_cream,1,7
9521,face_cream,0,1
9522,face_cream,1,9
9523,face_cream,1,9
9525,face_cream,0,0
9526,face_cream,1,10
9527,face_cream,0,0
9528,face_cream,0,0
9529,face_cream,0,1
9530,face_cream,0,0
9531,face_cream,1,10
9532,face_cream,1,8
9533,face_cream,1,10
9534,face_cream,1,0
9535,face_cream,0,0
9536,face_cream,0,0
9537,face_cream,0,1
9538,face_cream,0,0
9539,face_cream,0,1
9540,face_cream,0,0
10185,serum_essence,0,1
10186,serum_essence,0,1
10187,serum_essence,0,0
10188,serum_essence,0,9
10189,serum_essence,0,0
10190,serum_essence,0,1
10191,serum_essence,1,10
10192,serum_essence,0,0
10193,serum_essence,0,0
10194,serum_essence,0,0
11116,serum_essence,0,0
11117,serum_essence,0,0
11118,serum_essence,0,0
11119,serum_essence,1,10
11120,serum_essence,0,0
11121,serum_essence,0,0
11122,serum_essence,0,1
11123,serum_essence,1,4
11124,serum_essence,1,10
11125,serum_essence,1,10
11436,serum_essence,1,8
11437,serum_essence,1,10
11438,serum_essence,0,0
11439,serum_essence,0,0
11440,serum_essence,0,0
11441,serum_essence,0,0
11442,serum_essence,0,0
11443,serum_essence,1,10
11444,serum_essence,0,1
11445,serum_essence,0,1
11446,serum_essence,0,0
11447,serum_essence,0,0
11448,serum_essence,0,1
11449,serum_essence,0,0
11450,serum_essence,0,0
11451,serum_essence,0,1
11452,serum_essence,0,0
11453,serum_essence,0,0
11454,serum_essence,0,0
11455,serum_essence,0,1
11810,serum_essence,1,10
11811,serum_essence,1,8
11812,serum_essence,1,1
11813,serum_essence,1,10
11814,serum_essence,0,1
11815,serum_essence,0,1
11817,serum_essence,0,0
11818,serum_essence,1,0
11819,serum_essence,1,0
11820,serum_essence,0,1
11821,serum_essence,1,7
11822,serum_essence,0,0
11823,serum_essence,0,0
11824,serum_essence,0,0
11825,serum_essence,0,0
11826,serum_essence,0,0
11827,serum_essence,0,1
11828,serum_essence,0,0
11829,serum_essence,1,3
11830,serum_essence,0,0
11832,serum_essence,0,1
11833,serum_essence,0,0
11834,serum_essence,1,10
11835,serum_essence,1,10
11836,serum_essence,1,9
11837,serum_essence,1,7
11838,serum_essence,0,1
11839,serum_essence,0,0
12452,serum_essence,1,10
12453,serum_essence,1,9
12454,serum_essence,0,0
12455,serum_essence,1,7
12456,serum_essence,1,8
12457,serum_essence,1,8
12458,serum_essence,1,0
12459,serum_essence,0,0
12460,serum_essence,0,0
12461,serum_essence,0,0
12810,serum_essence,0,1
12812,serum_essence,0,0
12813,serum_essence,0,6
12814,serum_essence,1,9
12815,serum_essence,0,1
12816,serum_essence,0,0
12817,serum_essence,1,8
12818,serum_essence,1,8
12819,serum_essence,0,0
12820,serum_essence,1,10
12821,serum_essence,0,0
12822,serum_essence,0,0
12823,serum_essence,0,0
12825,serum_essence,1,10
12826,serum_essence,1,0
12827,serum_essence,0,0
12828,serum_essence,1,10
12829,serum_essence,0,0
12830,serum_essence,1,10
12831,serum_essence,1,0
12832,serum_essence,0,0
12833,serum_essence,1,10
12834,serum_essence,1,10
12835,serum_essence,1,8
12836,serum_essence,1,10
12837,serum_essence,1,9
12838,serum_essence,0,1
12839,serum_essence,0,0
13085,serum_essence,0,0
13086,serum_essence,0,0
13087,serum_essence,0,0
13088,serum_essence,1,0
13090,serum_essence,0,0
13091,serum_essence,0,1
13092,serum_essence,0,0
13093,serum_essence,0,0
13094,serum_essence,0,0
13095,serum_essence,1,10
13096,serum_essence,0,0
13097,serum_essence,0,0
13098,serum_essence,0,7
13099,serum_essence,0,1
13100,serum_essence,0,0
13410,serum_essence,0,0
13411,serum_essence,0,0
13412,serum_essence,0,1
13413,serum_essence,0,0
13414,serum_essence,0,0
13415,serum_essence,1,0
13416,serum_essence,0,0
13417,serum_essence,0,0
13418,serum_essence,0,0
13419,serum_essence,0,1
13421,serum_essence,0,0
13422,serum_essence,0,1
13423,serum_essence,0,0
13424,serum_essence,0,0
13425,serum_essence,1,4
13426,serum_essence,1,10
13427,serum_essence,0,1
13428,serum_essence,0,1
13429,serum_essence,0,0
13921,serum_essence,0,2
13922,serum_essence,0,0
13923,serum_essence,0,0
13924,serum_essence,0,0
13925,serum_essence,0,0
13927,serum_essence,0,1
13928,serum_essence,0,1
13929,serum_essence,0,0
13930,serum_essence,0,0
15178,sun_protection,0,1
15179,sun_protection,1,1
15180,sun_protection,0,0
15181,sun_protection,0,1
15494,sun_protection,0,1
15495,sun_protection,0,0
15496,sun_protection,0,0
15497,sun_protection,0,0
15499,sun_protection,0,0
15500,sun_protection,0,0
15501,sun_protection,0,0
15895,sun_protection,0,1
15896,sun_protection,0,0
15897,sun_protection,0,0
15898,sun_protection,0,0
15899,sun_protection,0,0
15900,sun_protection,0,0
15901,sun_protection,0,0
15903,sun_protection,0,0
16185,sun_protection,0,0
16186,sun_protection,0,1
16187,sun_protection,0,0
16189,sun_protection,0,0
16190,sun_protection,0,0
16192,sun_protection,0,1
16194,sun_protection,0,0
16195,sun_protection,0,0
16196,sun_protection,1,10
16525,sun_protection,0,0
16526,sun_protection,0,0
16527,sun_protection,0,0
16528,sun_protection,0,0
16530,sun_protection,0,0
16532,sun_protection,0,0
16533,sun_protection,0,0
16534,sun_protection,0,0
16535,sun_protection,0,0
16536,sun_protection,0,0
16537,sun_protection,0,0
16539,sun_protection,0,1
16540,sun_protection,0,0
16541,sun_protection,0,0
16542,sun_protection,1,0
16543,sun_protection,1,0
16544,sun_protection,0,0
18662,face_wash,0,0
18663,face_wash,0,0
18664,face_wash,0,0
18665,face_wash,0,0
18666,face_wash,0,0
18667,face_wash,0,0
18668,face_wash,0,2
18669,face_wash,0,0
18670,face_wash,0,0
18671,face_wash,0,0
19616,face_wash,0,0
19617,face_wash,0,0
19618,face_wash,0,0
19619,face_wash,0,0
19620,face_wash,0,0
19621,face_wash,0,0
19622,face_wash,0,0
19623,face_wash,0,0
19624,face_wash,1,1
19625,face_wash,0,0
20006,face_wash,0,0
20007,face_wash,0,0
20008,face_wash,0,0
20009,face_wash,0,0
20010,face_wash,1,10
20011,face_wash,0,0
20012,face_wash,0,1
20013,face_wash,1,9
20014,face_wash,0,0
20015,face_wash,0,0
20016,face_wash,1,10
20017,face_wash,0,0
20018,face_wash,1,0
20019,face_wash,0,0
20020,face_wash,1,0
20021,face_wash,1,9
20022,face_wash,0,0
20024,face_wash,0,10
20025,face_wash,0,0
20320,face_wash,0,2
20321,face_wash,0,3
20322,face_wash,1,10
20323,face_wash,0,0
20324,face_wash,0,0
20325,face_wash,0,0
20326,face_wash,0,0
20327,face_wash,0,0
20328,face_wash,0,0
20329,face_wash,0,0
20697,face_wash,0,0
20699,face_wash,0,0
20701,face_wash,0,0
20702,face_wash,0,0
20703,face_wash,0,0
20704,face_wash,0,1
20705,face_wash,0,0
20706,face_wash,0,1
21041,face_wash,0,1
21042,face_wash,0,0
21043,face_wash,0,0
21044,face_wash,0,0
21045,face_wash,0,0
21046,face_wash,0,0
21049,face_wash,0,0
21051,face_wash,0,0
21052,face_wash,0,0
21053,face_wash,0,0
21054,face_wash,0,0
21055,face_wash,0,0
21056,face_wash,0,0
21057,face_wash,0,0
21058,face_wash,0,0
21060,face_wash,0,0
21322,face_wash,0,0
21323,face_wash,1,1
21324,face_wash,0,1
21325,face_wash,0,0
21326,face_wash,0,0
21327,face_wash,0,0
21329,face_wash,0,0
21330,face_wash,0,0
21331,face_wash,0,0
21332,face_wash,0,0
21334,face_wash,0,0
21335,face_wash,0,0
21336,face_wash,0,0
21337,face_wash,0,0
21338,face_wash,0,0
21339,face_wash,0,1
21340,face_wash,0,0
21341,face_wash,0,0
21342,face_wash,0,3
21344,face_wash,0,0
21345,face_wash,0,0
21346,face_wash,0,0
21347,face_wash,0,0
21348,face_wash,0,0
21349,face_wash,0,1
21350,face_wash,0,0
21351,face_wash,0,0
21852,face_wash,0,0
21853,face_wash,0,0
21854,face_wash,0,0
21855,face_wash,0,0
21856,face_wash,0,0
21858,face_wash,0,0
21859,face_wash,0,0
21860,face_wash,0,0
21861,face_wash,0,0
21862,face_wash,0,0
21863,face_wash,0,0
21865,face_wash,0,1
21866,face_wash,0,0
21867,face_wash,0,0
21868,face_wash,0,2
21869,face_wash,0,0
21870,face_wash,0,0
21871,face_wash,0,0
21872,face_wash,0,0
21873,face_wash,0,0
21874,face_wash,0,0
21875,face_wash,0,0
21876,face_wash,0,1
21877,face_wash,0,0
21878,face_wash,0,1
21880,face_wash,0,0
21881,face_wash,0,0
21882,face_wash,0,0
22124,face_wash,0,0
22127,face_wash,0,0
22128,face_wash,0,1
22129,face_wash,0,0
22130,face_wash,0,0
22132,face_wash,0,0
22133,face_wash,0,0
22134,face_wash,0,0
22135,face_wash,0,0
22136,face_wash,0,0
22137,face_wash,0,0
22138,face_wash,0,0
22139,face_wash,0,9
22140,face_wash,0,1
22141,face_wash,0,0
22142,face_wash,0,0
22143,face_wash,0,1
22144,face_wash,0,0
22145,face_wash,0,0
22146,face_wash,0,0
22147,face_wash,0,0
22148,face_wash,0,0
22149,face_wash,0,0
22150,face_wash,1,10
22151,face_wash,1,10
22152,face_wash,0,0
22153,face_wash,0,0
22154,face_wash,0,0
22156,face_wash,0,0
22157,face_wash,0,0
22158,face_wash,0,0
22159,face_wash,0,0
22160,face_wash,0,0
22161,face_wash,0,0
22162,face_wash,0,1
22163,face_wash,0,0
22164,face_wash,0,0
22166,face_wash,0,0
22167,face_wash,0,5
22168,face_wash,0,1
22169,face_wash,0,0
22170,face_wash,0,0
22171,face_wash,0,0
22172,face_wash,0,0
22173,face_wash,0,1
22174,face_wash,1,9
22175,face_wash,0,0
22176,face_wash,0,0
22177,face_wash,0,0
22178,face_wash,1,10
22179,face_wash,1,8
22180,face_wash,0,0
22181,face_wash,0,0
22183,face_wash,0,1
22184,face_wash,0,0
22187,face_wash,1,8
22188,face_wash,1,9
22189,face_wash,1,10
22190,face_wash,0,0
22191,face_wash,0,8
22192,face_wash,0,1
22193,face_wash,1,10
22194,face_wash,0,1
22195,face_wash,0,1
22196,face_wash,0,0
22198,face_wash,1,10
22199,face_wash,0,0
22200,face_wash,1,0
22201,face_wash,0,0
22202,face_wash,0,0
22203,face_wash,0,0
23447,cleansing,0,0
23448,cleansing,0,0
23449,cleansing,0,0
23450,cleansing,0,0
23451,cleansing,0,0
23452,cleansing,0,1
23453,cleansing,0,0
23454,cleansing,0,0
23455,cleansing,0,1
23456,cleansing,0,0
23786,cleansing,0,0
23787,cleansing,0,0
23788,cleansing,0,0
23789,cleansing,0,0
23790,cleansing,0,0
23791,cleansing,0,0
23792,cleansing,0,0
23793,cleansing,0,0
23794,cleansing,0,0
23795,cleansing,0,0
24130,cleansing,0,0
24132,cleansing,0,0
24133,cleansing,0,0
24135,cleansing,0,0
24137,cleansing,0,0
24465,cleansing,0,0
24466,cleansing,0,0
24467,cleansing,0,0
24468,cleansing,0,0
24469,cleansing,0,0
24470,cleansing,0,0
24471,cleansing,0,0
24472,cleansing,0,0
24473,cleansing,0,0
24474,cleansing,0,0
24763,cleansing,0,0
24764,cleansing,0,0
24765,cleansing,0,0
24766,cleansing,1,10
24767,cleansing,0,0
24768,cleansing,0,0
24769,cleansing,0,0
24771,cleansing,0,0
24772,cleansing,0,0
25075,cleansing,0,0
25076,cleansing,0,0
25077,cleansing,0,1
25078,cleansing,0,0
25080,cleansing,0,0
25081,cleansing,0,0
25082,cleansing,0,0
25085,cleansing,0,0
25086,cleansing,0,0
25087,cleansing,1,1
25088,cleansing,0,0
25089,cleansing,0,0
25092,cleansing,0,0
25437,cleansing,0,0
25438,cleansing,0,0
25439,cleansing,0,0
25440,cleansing,0,0
25442,cleansing,0,0
25443,cleansing,0,0
25444,cleansing,0,0
25445,cleansing,0,0
25446,cleansing,0,0
25762,cleansing,1,10
25763,cleansing,1,10
25764,cleansing,1,5
25765,cleansing,1,10
25766,cleansing,0,0
25767,cleansing,1,10
25768,cleansing,1,10
25769,cleansing,1,0
25770,cleansing,1,7
25771,cleansing,0,0
25772,cleansing,0,1
25774,cleansing,1,0
25775,cleansing,0,3
25776,cleansing,0,0
25777,cleansing,0,0
25778,cleansing,0,0
25779,cleansing,1,0
25780,cleansing,1,10
25781,cleansing,0,0
26161,cleansing,0,0
26163,cleansing,0,0
26164,cleansing,0,0
26165,cleansing,0,0
26166,cleansing,0,0
26167,cleansing,0,0
26168,cleansing,0,0
26169,cleansing,0,0
26170,cleansing,0,0
26171,cleansing,0,0
26172,cleansing,0,0
26174,cleansing,0,0
26175,cleansing,0,0
26176,cleansing,0,0
26177,cleansing,0,0
26178,cleansing,0,0
26179,cleansing,0,0
26180,cleansing,0,0
26532,cleansing,0,0
26533,cleansing,0,0
26534,cleansing,0,0
26535,cleansing,0,0
26536,cleansing,1,5
26537,cleansing,0,1
26538,cleansing,0,0
26539,cleansing,1,8
26540,cleansing,0,0
26541,cleansing,1,10
28045,cleansing,0,1
28046,cleansing,0,1
28047,cleansing,0,1
28048,cleansing,0,0
28049,cleansing,0,0
28050,cleansing,0,1
28051,cleansing,0,0
28052,cleansing,0,0
28053,cleansing,0,0
28054,cleansing,0,0
28379,toner_lotion,0,0
28381,toner_lotion,0,1
28382,toner_lotion,0,0
28383,toner_lotion,0,0
28384,toner_lotion,0,0
28386,toner_lotion,0,0
28387,toner_lotion,1,0
28388,toner_lotion,0,1
29041,toner_lotion,0,0
29042,toner_lotion,0,0
29043,toner_lotion,0,0
29044,toner_lotion,0,0
29045,toner_lotion,0,1
29046,toner_lotion,0,0
29047,toner_lotion,0,0
29048,toner_lotion,0,1
29050,toner_lotion,0,0
29051,toner_lotion,0,0
29052,toner_lotion,0,0
29053,toner_lotion,0,0
29054,toner_lotion,0,0
29055,toner_lotion,0,0
29056,toner_lotion,0,0
29057,toner_lotion,0,0
29058,toner_lotion,0,0
29059,toner_lotion,0,0
29060,toner_lotion,0,0
29589,toner_lotion,1,10
29590,toner_lotion,0,0
29591,toner_lotion,0,0
29592,toner_lotion,0,0
29593,toner_lotion,0,0
29594,toner_lotion,0,2
29595,toner_lotion,0,1
30686,eye_shadow,0,0
30687,eye_shadow,0,0
31031,eye_shadow,0,0
31032,eye_shadow,0,0
31034,eye_shadow,0,0
31035,eye_shadow,0,1
31036,eye_shadow,0,0
31038,eye_shadow,0,0
31039,eye_shadow,0,0
31040,eye_shadow,0,0
31658,eye_shadow,0,0
31661,eye_shadow,0,0
31662,eye_shadow,0,0
31663,eye_shadow,1,0
32024,eye_shadow,0,0
32025,eye_shadow,0,1
32026,eye_shadow,0,0
32027,eye_shadow,0,1
32028,eye_shadow,0,0
32029,eye_shadow,0,0
32030,eye_shadow,0,1
32031,eye_shadow,0,0
32032,eye_shadow,0,0
32034,eye_shadow,0,0
32036,eye_shadow,0,0
32038,eye_shadow,0,0
32039,eye_shadow,0,0
32040,eye_shadow,0,0
32042,eye_shadow,0,0
32043,eye_shadow,0,0
32409,eye_shadow,0,0
32410,eye_shadow,0,0
32412,eye_shadow,0,0
32413,eye_shadow,0,0
32414,eye_shadow,0,0
32415,eye_shadow,0,0
32416,eye_shadow,0,0
32417,eye_shadow,0,0
32674,eye_shadow,0,0
32675,eye_shadow,0,1
32676,eye_shadow,0,0
32677,eye_shadow,0,0
32678,eye_shadow,0,1
32679,eye_shadow,0,0
32681,eye_shadow,0,0
32682,eye_shadow,1,0
32683,eye_shadow,0,0
33024,eye_shadow,0,0
33025,eye_shadow,0,0
33026,eye_shadow,0,1
33027,eye_shadow,0,0
33028,eye_shadow,0,0
33029,eye_shadow,0,0
33030,eye_shadow,0,0
33031,eye_shadow,0,0
33032,eye_shadow,0,0
33033,eye_shadow,0,0
33034,eye_shadow,0,0
33424,eye_shadow,0,0
33425,eye_shadow,0,1
33426,eye_shadow,0,0
33427,eye_shadow,0,0
33429,eye_shadow,0,0
33430,eye_shadow,0,0
33431,eye_shadow,0,0
33432,eye_shadow,0,2
33433,eye_shadow,0,1
33434,eye_shadow,0,0
33435,eye_shadow,0,0
33436,eye_shadow,0,0
33437,eye_shadow,0,0
33438,eye_shadow,0,0
33440,eye_shadow,0,0
33441,eye_shadow,0,0
33442,eye_shadow,0,0
33443,eye_shadow,0,1
33444,eye_shadow,0,0
33445,eye_shadow,0,0
33446,eye_shadow,0,1
33447,eye_shadow,0,0
33448,eye_shadow,0,0
33449,eye_shadow,0,0
33450,eye_shadow,0,0
33451,eye_shadow,0,0
33453,eye_shadow,0,0
33454,eye_shadow,0,0
33455,eye_shadow,0,0
33457,eye_shadow,0,0
33458,eye_shadow,0,0
33459,eye_shadow,0,0
33460,eye_shadow,0,1
33461,eye_shadow,0,0
33462,eye_shadow,0,0
33463,eye_shadow,0,2
33939,eye_shadow,0,0
33942,eye_shadow,0,0
33943,eye_shadow,0,0
33944,eye_shadow,0,0
33945,eye_shadow,0,0
33946,eye_shadow,0,1
33947,eye_shadow,0,0
33948,eye_shadow,0,0
33949,eye_shadow,0,2
33950,eye_shadow,0,0
33951,eye_shadow,0,0
33952,eye_shadow,0,0
33953,eye_shadow,0,0
33955,eye_shadow,0,0
33958,eye_shadow,0,0
33959,eye_shadow,0,0
33960,eye_shadow,0,1
33962,eye_shadow,0,0
33963,eye_shadow,0,0
33964,eye_shadow,0,0
33965,eye_shadow,0,0
33966,eye_shadow,0,0
33967,eye_shadow,0,0
33968,eye_shadow,0,0
33969,eye_shadow,0,0
33970,eye_shadow,0,0
33972,eye_shadow,0,0
33973,eye_shadow,0,0
34360,eye_shadow,0,0
34361,eye_shadow,0,0
34362,eye_shadow,0,0
34363,eye_shadow,0,0
34364,eye_shadow,0,0
34365,eye_shadow,0,0
34366,eye_shadow,0,0
34367,eye_shadow,0,0
34368,eye_shadow,0,0
34369,eye_shadow,0,1
34370,eye_shadow,0,0
34371,eye_shadow,1,10
34372,eye_shadow,1,10
34373,eye_shadow,0,0
34374,eye_shadow,0,1
34376,eye_shadow,1,10
34378,eye_shadow,0,0
34380,eye_shadow,0,0
34381,eye_shadow,0,0
34382,eye_shadow,0,9
34383,eye_shadow,0,1
34384,eye_shadow,0,2
34385,eye_shadow,0,0
34386,eye_shadow,1,10
34387,eye_shadow,1,10
34389,eye_shadow,0,0
34390,eye_shadow,1,10
34391,eye_shadow,1,6
34392,eye_shadow,0,1
34393,eye_shadow,0,3
34394,eye_shadow,0,1
34395,eye_shadow,1,0
34396,eye_shadow,1,10
34397,eye_shadow,1,10
34651,eye_shadow,0,0
34652,eye_shadow,0,0
34653,eye_shadow,0,0
34655,eye_shadow,0,0
34656,eye_shadow,0,0
34657,eye_shadow,0,0
34659,eye_shadow,0,0
34660,eye_shadow,0,0
34662,eye_shadow,0,0
34663,eye_shadow,0,1
34664,eye_shadow,0,0
34665,eye_shadow,0,0
34666,eye_shadow,0,0
34667,eye_shadow,0,0
34668,eye_shadow,0,0
34669,eye_shadow,0,0
34670,eye_shadow,0,1
34671,eye_shadow,0,0
34672,eye_shadow,0,0
34673,eye_shadow,0,0
34674,eye_shadow,0,0
34675,eye_shadow,0,0
34676,eye_shadow,0,0
34677,eye_shadow,0,0
34679,eye_shadow,0,0
34683,eye_shadow,0,1
34684,eye_shadow,0,0
34685,eye_shadow,0,0
34686,eye_shadow,0,0
34688,eye_shadow,0,0
34689,eye_shadow,0,0
36744,lip_colour,0,1
36745,lip_colour,0,0
36746,lip_colour,0,0
36747,lip_colour,0,0
36748,lip_colour,0,0
36750,lip_colour,0,0
36752,lip_colour,0,0
36753,lip_colour,0,0
37124,lip_colour,0,0
37125,lip_colour,0,0
37126,lip_colour,0,0
37127,lip_colour,0,0
37128,lip_colour,0,0
37129,lip_colour,0,0
37131,lip_colour,0,0
37132,lip_colour,0,0
37133,lip_colour,0,0
37379,lip_colour,0,0
37381,lip_colour,0,0
37382,lip_colour,0,0
37383,lip_colour,0,0
37384,lip_colour,0,2
37385,lip_colour,0,1
37386,lip_colour,0,0
37387,lip_colour,0,0
37700,lip_colour,0,0
37701,lip_colour,0,1
37702,lip_colour,0,0
37703,lip_colour,0,0
37704,lip_colour,0,0
37705,lip_colour,0,0
37706,lip_colour,0,0
37707,lip_colour,0,0
37708,lip_colour,0,0
38117,lip_colour,0,0
38118,lip_colour,0,0
38119,lip_colour,0,0
38120,lip_colour,0,1
38121,lip_colour,0,0
38122,lip_colour,0,1
38123,lip_colour,0,0
38124,lip_colour,0,0
38126,lip_colour,0,0
38127,lip_colour,0,0
38128,lip_colour,0,0
38129,lip_colour,0,0
38131,lip_colour,0,0
38132,lip_colour,0,0
38133,lip_colour,0,0
38134,lip_colour,0,0
38135,lip_colour,0,0
38136,lip_colour,0,0
38340,lip_colour,0,0
38341,lip_colour,0,2
38342,lip_colour,0,0
38343,lip_colour,0,1
38344,lip_colour,0,0
38345,lip_colour,0,1
38346,lip_colour,0,0
38347,lip_colour,0,0
38348,lip_colour,0,1
38349,lip_colour,0,0
38352,lip_colour,0,0
38353,lip_colour,0,0
38356,lip_colour,0,0
38357,lip_colour,0,0
38358,lip_colour,0,0
38359,lip_colour,0,0
38771,lip_colour,0,0
38772,lip_colour,0,0
38773,lip_colour,0,0
38774,lip_colour,0,0
38775,lip_colour,0,1
38776,lip_colour,0,0
38777,lip_colour,0,1
38778,lip_colour,0,0
38779,lip_colour,0,0
38780,lip_colour,0,0
38781,lip_colour,0,0
38782,lip_colour,0,0
38783,lip_colour,0,0
38784,lip_colour,0,0
39206,lip_colour,0,0
39207,lip_colour,0,0
39208,lip_colour,0,0
39209,lip_colour,0,0
39210,lip_colour,0,0
39211,lip_colour,0,0
39212,lip_colour,1,8
39213,lip_colour,0,0
39214,lip_colour,0,0
39215,lip_colour,0,0
39216,lip_colour,0,0
39217,lip_colour,0,0
39218,lip_colour,0,0
39219,lip_colour,0,0
39220,lip_colour,0,0
39221,lip_colour,0,0
39222,lip_colour,1,10
39223,lip_colour,0,0
39224,lip_colour,0,0
39225,lip_colour,0,0
39226,lip_colour,0,0
39227,lip_colour,0,0
39228,lip_colour,0,0
39229,lip_colour,0,0
39230,lip_colour,0,0
39231,lip_colour,0,0
39233,lip_colour,0,0
39234,lip_colour,0,0
39235,lip_colour,0,0
39236,lip_colour,0,0
39237,lip_colour,0,0
39238,lip_colour,0,0
39240,lip_colour,0,0
39241,lip_colour,0,0
39242,lip_colour,0,0
39243,lip_colour,0,0
40834,foundation,0,0
40835,foundation,1,0
40836,foundation,0,0
40837,foundation,0,1
40838,foundation,0,0
40839,foundation,0,0
40840,foundation,0,0
40841,foundation,0,0
40842,foundation,0,0
40843,foundation,0,0
41467,foundation,0,0
41469,foundation,0,0
41470,foundation,0,1
41471,foundation,0,0
41472,foundation,0,0
41473,foundation,0,0
41474,foundation,0,0
41475,foundation,0,0
41476,foundation,0,0
41478,foundation,1,10
41480,foundation,0,1
41482,foundation,0,0
41483,foundation,0,0
41484,foundation,0,1
41485,foundation,0,0
41486,foundation,1,10
41931,foundation,0,0
41933,foundation,1,7
41934,foundation,0,0
41935,foundation,0,0
41936,foundation,1,9
41937,foundation,0,0
41938,foundation,0,0
41939,foundation,0,0
41940,foundation,0,0
41941,foundation,0,1
41942,foundation,0,0
41944,foundation,0,0
41945,foundation,0,0
41946,foundation,0,0
41947,foundation,1,10
41948,foundation,0,0
41949,foundation,1,10
41950,foundation,0,9
41951,foundation,0,0
41952,foundation,1,3
41953,foundation,0,0
41954,foundation,1,9
41955,foundation,1,1
41956,foundation,0,3
41957,foundation,1,10
41958,foundation,1,7
41959,foundation,0,0
42259,foundation,0,0
42260,foundation,0,0
42261,foundation,0,0
42262,foundation,0,0
42263,foundation,0,0
42264,foundation,0,0
42265,foundation,0,0
42266,foundation,0,0
42267,foundation,0,0
42268,foundation,0,0
42269,foundation,0,0
42270,foundation,0,0
42272,foundation,0,0
42273,foundation,0,8
42274,foundation,1,10
42275,foundation,0,0
42276,foundation,0,0
42277,foundation,0,0
42278,foundation,0,0
779,emulsion,0,0
780,emulsion,0,1
782,emulsion,0,0
783,emulsion,0,0
784,emulsion,0,0
785,emulsion,0,0
786,emulsion,0,0
787,emulsion,0,1
788,emulsion,0,0
1111,emulsion,0,1
1112,emulsion,0,0
1113,emulsion,0,0
1114,emulsion,0,0
1115,emulsion,0,4
1116,emulsion,0,0
1117,emulsion,0,2
1118,emulsion,0,0
1119,emulsion,0,0
1120,emulsion,0,0
1411,emulsion,0,0
1412,emulsion,0,1
1413,emulsion,0,0
1414,emulsion,0,0
1415,emulsion,0,0
1416,emulsion,0,1
1417,emulsion,0,0
1418,emulsion,0,0
1419,emulsion,0,0
1420,emulsion,1,10
1840,emulsion,1,8
1841,emulsion,0,0
1842,emulsion,0,9
1843,emulsion,0,0
1844,emulsion,1,10
1845,emulsion,1,9
1846,emulsion,1,10
1848,emulsion,1,9
1849,emulsion,0,0
1850,emulsion,1,10
1851,emulsion,0,0
1852,emulsion,0,4
1853,emulsion,1,9
1855,emulsion,0,0
1856,emulsion,1,10
1857,emulsion,1,10
1858,emulsion,0,1
1859,emulsion,1,9
1860,emulsion,1,10
1862,emulsion,0,1
1863,emulsion,0,0
1864,emulsion,1,7
1865,emulsion,0,0
1866,emulsion,0,10
1867,emulsion,0,0
1868,emulsion,0,0
1869,emulsion,0,0
1870,emulsion,1,3
1871,emulsion,1,10
1872,emulsion,0,0
1873,emulsion,0,0
1874,emulsion,0,1
1875,emulsion,0,0
1876,emulsion,0,0
1877,emulsion,0,0
1878,emulsion,0,1
1879,emulsion,0,0
1880,emulsion,1,9
1881,emulsion,1,10
1882,emulsion,0,1
1883,emulsion,0,0
1884,emulsion,1,1
1885,emulsion,1,8
1887,emulsion,1,10
1888,emulsion,1,6
2182,emulsion,0,0
2183,emulsion,0,0
2184,emulsion,0,0
2185,emulsion,0,0
2186,emulsion,0,0
2187,emulsion,0,1
2188,emulsion,0,0
2189,emulsion,0,0
2190,emulsion,0,0
2191,emulsion,0,0
2192,emulsion,1,10
2193,emulsion,0,0
2194,emulsion,0,0
2195,emulsion,1,10
2196,emulsion,0,0
2197,emulsion,0,0
2198,emulsion,1,10
2199,emulsion,0,0
2200,emulsion,0,0
2201,emulsion,0,2
2202,emulsion,0,0
2203,emulsion,0,0
2204,emulsion,0,0
2205,emulsion,0,1
2206,emulsion,0,0
2209,emulsion,0,0
2210,emulsion,0,0
2211,emulsion,0,0
2213,emulsion,0,1
2214,emulsion,0,1
2215,emulsion,0,0
2216,emulsion,0,1
2217,emulsion,0,0
2219,emulsion,1,2
2220,emulsion,0,0
2221,emulsion,0,0
2222,emulsion,0,0
2223,emulsion,0,1
2226,emulsion,0,0
2227,emulsion,0,0
2228,emulsion,1,10
2229,emulsion,0,0
2230,emulsion,0,0
2232,emulsion,0,0
2233,emulsion,0,1
2234,emulsion,0,8
2237,emulsion,0,0
2238,emulsion,0,1
2240,emulsion,0,1
2241,emulsion,0,0
2624,emulsion,0,0
2625,emulsion,1,10
2626,emulsion,1,7
2627,emulsion,1,6
2628,emulsion,1,10
2630,emulsion,0,0
2631,emulsion,0,3
2632,emulsion,0,1
2633,emulsion,1,10
2634,emulsion,0,0
2636,emulsion,0,1
2637,emulsion,0,0
2638,emulsion,0,3
2639,emulsion,1,5
2640,emulsion,1,9
2642,emulsion,1,9
2643,emulsion,1,8
2644,emulsion,0,0
2645,emulsion,0,10
2646,emulsion,1,10
2647,emulsion,0,1
2648,emulsion,1,10
2649,emulsion,1,8
2651,emulsion,1,8
2652,emulsion,0,1
2653,emulsion,0,10
2654,emulsion,1,9
2655,emulsion,0,0
2656,emulsion,0,1
2657,emulsion,0,2
2658,emulsion,1,0
2659,emulsion,1,9
2660,emulsion,1,6
2661,emulsion,1,7
2662,emulsion,1,10
2663,emulsion,0,1
2664,emulsion,1,3
2665,emulsion,1,10
2666,emulsion,1,10
2668,emulsion,0,0
2669,emulsion,1,10
2670,emulsion,1,8
2671,emulsion,1,10
2672,emulsion,1,10
2673,emulsion,0,0
3228,emulsion,0,0
3229,emulsion,0,0
3230,emulsion,0,1
3231,emulsion,0,0
3232,emulsion,0,0
3233,emulsion,0,0
3235,emulsion,0,0
3236,emulsion,0,0
3237,emulsion,0,0
3238,emulsion,0,1
3239,emulsion,0,1
3241,emulsion,0,0
3242,emulsion,0,1
3243,emulsion,0,0
3244,emulsion,0,0
3245,emulsion,0,0
3246,emulsion,0,0
3247,emulsion,0,0
3248,emulsion,0,1
3249,emulsion,0,0
3250,emulsion,0,1
3251,emulsion,0,1
3253,emulsion,0,0
3254,emulsion,0,1
3256,emulsion,0,0
3257,emulsion,0,4
3258,emulsion,0,0
3260,emulsion,0,0
3262,emulsion,0,0
3263,emulsion,0,0
3264,emulsion,0,0
3265,emulsion,1,10
3266,emulsion,0,2
3267,emulsion,0,0
3268,emulsion,0,0
3269,emulsion,0,1
3270,emulsion,0,0
3271,emulsion,0,0
3272,emulsion,1,0
5684,face_cream,0,0
5685,face_cream,0,0
5687,face_cream,0,0
5688,face_cream,0,2
5689,face_cream,0,0
5690,face_cream,0,0
5691,face_cream,0,1
5692,face_cream,0,0
5693,face_cream,0,2
5695,face_cream,0,0
5697,face_cream,0,0
5699,face_cream,0,9
5700,face_cream,0,1
5701,face_cream,0,0
5703,face_cream,0,0
6252,face_cream,0,0
6253,face_cream,0,0
6254,face_cream,0,0
6256,face_cream,0,0
6257,face_cream,0,0
6258,face_cream,0,0
6259,face_cream,0,0
6261,face_cream,0,0
6997,face_cream,0,0
6998,face_cream,0,0
6999,face_cream,0,0
7000,face_cream,0,0
7001,face_cream,0,0
7003,face_cream,0,0
7004,face_cream,0,0
7005,face_cream,0,0
7006,face_cream,0,0
7290,face_cream,0,0
7291,face_cream,0,1
7292,face_cream,0,0
7294,face_cream,1,5
7295,face_cream,0,0
7296,face_cream,0,0
7297,face_cream,0,0
7298,face_cream,1,10
7299,face_cream,0,0
7674,face_cream,0,0
7675,face_cream,0,1
7676,face_cream,0,0
7677,face_cream,0,0
7678,face_cream,0,0
7679,face_cream,0,1
7680,face_cream,0,0
7682,face_cream,0,0
7683,face_cream,0,1
7985,face_cream,0,0
7987,face_cream,0,0
7988,face_cream,0,0
7989,face_cream,0,0
7990,face_cream,1,0
7992,face_cream,0,0
7993,face_cream,0,0
7994,face_cream,0,0
7995,face_cream,0,0
7996,face_cream,0,0
7997,face_cream,0,0
7998,face_cream,0,1
7999,face_cream,0,0
8000,face_cream,0,0
8001,face_cream,1,10
8413,face_cream,0,0
8414,face_cream,0,0
8415,face_cream,0,0
8416,face_cream,0,0
8420,face_cream,0,0
8422,face_cream,0,1
8782,face_cream,0,0
8783,face_cream,0,0
8784,face_cream,0,0
8785,face_cream,0,0
8786,face_cream,0,0
8787,face_cream,0,0
8788,face_cream,0,0
8789,face_cream,0,0
8790,face_cream,0,0
8791,face_cream,0,2
8792,face_cream,1,3
8793,face_cream,1,10
8794,face_cream,0,9
8795,face_cream,0,0
8796,face_cream,0,0
8797,face_cream,0,0
8798,face_cream,1,10
8799,face_cream,1,0
8800,face_cream,0,0
8801,face_cream,1,10
9095,face_cream,0,0
9096,face_cream,0,0
9097,face_cream,0,0
9098,face_cream,1,0
9099,face_cream,0,0
9101,face_cream,0,0
9102,face_cream,1,10
9103,face_cream,0,0
9105,face_cream,0,0
9106,face_cream,0,0
9107,face_cream,0,0
9108,face_cream,0,2
9109,face_cream,0,0
9110,face_cream,0,0
9111,face_cream,0,0
9112,face_cream,0,1
9113,face_cream,1,0
9114,face_cream,1,10
9115,face_cream,0,2
9116,face_cream,0,2
9117,face_cream,0,0
9118,face_cream,0,2
9119,face_cream,0,0
9120,face_cream,0,1
9121,face_cream,0,0
9123,face_cream,1,2
9124,face_cream,0,0
9125,face_cream,0,2
9126,face_cream,0,0
9127,face_cream,0,0
9128,face_cream,1,1
9129,face_cream,1,5
9130,face_cream,0,0
9132,face_cream,0,1
9133,face_cream,1,5
9134,face_cream,0,1
9135,face_cream,0,0
9136,face_cream,0,0
9137,face_cream,0,0
9138,face_cream,0,0
9139,face_cream,0,0
9140,face_cream,0,2
9141,face_cream,1,10
9142,face_cream,0,0
9143,face_cream,0,0
9144,face_cream,1,10
9145,face_cream,1,8
9146,face_cream,0,0
9501,face_cream,0,1
9502,face_cream,0,1
9503,face_cream,0,8
9504,face_cream,0,0
9506,face_cream,1,10
9508,face_cream,0,0
9511,face_cream,1,5
9512,face_cream,0,0
9513,face_cream,1,10
9514,face_cream,0,0
9515,face_cream,0,0
9516,face_cream,0,0
9517,face_cream,1,6
9519,face_cream,0,1
9808,face_cream,0,0
9809,face_cream,0,0
9810,face_cream,0,0
9811,face_cream,0,0
9812,face_cream,0,0
9813,face_cream,0,0
9814,face_cream,0,0
9816,face_cream,0,0
10175,serum_essence,0,1
10179,serum_essence,0,0
10180,serum_essence,0,1
10181,serum_essence,0,0
10182,serum_essence,0,0
10183,serum_essence,0,0
10184,serum_essence,0,1
10451,serum_essence,0,0
10452,serum_essence,0,0
10453,serum_essence,0,1
10454,serum_essence,0,1
10455,serum_essence,0,0
10456,serum_essence,0,0
10458,serum_essence,0,1
10459,serum_essence,0,1
10460,serum_essence,0,0
10825,serum_essence,0,1
10827,serum_essence,0,5
10830,serum_essence,0,6
10831,serum_essence,0,0
10832,serum_essence,1,10
10833,serum_essence,0,0
10834,serum_essence,0,0
11107,serum_essence,0,0
11108,serum_essence,0,0
11109,serum_essence,1,9
11110,serum_essence,1,10
11111,serum_essence,0,0
11113,serum_essence,0,0
11114,serum_essence,0,0
11115,serum_essence,1,10
11428,serum_essence,0,0
11429,serum_essence,0,0
11430,serum_essence,0,3
11431,serum_essence,1,10
11433,serum_essence,1,10
11434,serum_essence,0,3
11790,serum_essence,0,0
11791,serum_essence,0,0
11792,serum_essence,0,0
11793,serum_essence,0,0
11794,serum_essence,0,0
11795,serum_essence,1,8
11796,serum_essence,0,0
11797,serum_essence,1,7
11798,serum_essence,1,6
11799,serum_essence,1,10
11800,serum_essence,0,0
11801,serum_essence,1,10
11802,serum_essence,0,0
11803,serum_essence,1,5
11805,serum_essence,0,6
11806,serum_essence,1,7
11807,serum_essence,1,10
11808,serum_essence,0,1
11809,serum_essence,0,0
12088,serum_essence,0,1
12089,serum_essence,0,0
12090,serum_essence,1,5
12091,serum_essence,0,0
12092,serum_essence,1,10
12093,serum_essence,0,0
12094,serum_essence,0,0
12095,serum_essence,0,0
12096,serum_essence,0,0
12097,serum_essence,0,0
12442,serum_essence,1,5
12443,serum_essence,1,0
12444,serum_essence,0,1
12445,serum_essence,0,0
12446,serum_essence,1,6
12447,serum_essence,1,10
12449,serum_essence,0,10
12450,serum_essence,0,0
12451,serum_essence,1,10
12800,serum_essence,0,0
12801,serum_essence,1,6
12802,serum_essence,0,0
12803,serum_essence,1,9
12804,serum_essence,0,0
12805,serum_essence,0,1
12806,serum_essence,1,9
12807,serum_essence,0,0
12808,serum_essence,1,10
12809,serum_essence,0,0
13071,serum_essence,0,0
13072,serum_essence,0,0
13073,serum_essence,0,0
13074,serum_essence,0,2
13075,serum_essence,0,0
13076,serum_essence,0,0
13077,serum_essence,0,0
13078,serum_essence,0,0
13079,serum_essence,0,0
13080,serum_essence,0,0
13081,serum_essence,0,0
13082,serum_essence,0,0
13083,serum_essence,0,1
13400,serum_essence,0,1
13401,serum_essence,0,0
13402,serum_essence,0,0
13403,serum_essence,0,1
13404,serum_essence,0,0
13405,serum_essence,0,0
13406,serum_essence,1,10
13407,serum_essence,0,0
13408,serum_essence,0,0
13409,serum_essence,0,0
13911,serum_essence,0,0
13912,serum_essence,0,0
13913,serum_essence,0,5
13916,serum_essence,0,0
13917,serum_essence,0,2
13918,serum_essence,1,10
13919,serum_essence,0,0
13920,serum_essence,0,1
16175,sun_protection,0,0
16176,sun_protection,0,0
16178,sun_protection,0,0
16179,sun_protection,1,8
16180,sun_protection,0,0
16181,sun_protection,0,1
16182,sun_protection,1,7
16183,sun_protection,0,0
16184,sun_protection,0,0
16515,sun_protection,0,0
16516,sun_protection,0,0
16517,sun_protection,0,0
16518,sun_protection,0,0
16519,sun_protection,0,0
16520,sun_protection,0,0
16521,sun_protection,0,0
16522,sun_protection,0,0
16524,sun_protection,0,0
18990,face_wash,1,9
18991,face_wash,0,0
18992,face_wash,0,0
18993,face_wash,0,1
18994,face_wash,0,0
18995,face_wash,0,0
18997,face_wash,0,0
18998,face_wash,0,0
18999,face_wash,0,0
19285,face_wash,0,0
19286,face_wash,0,0
19287,face_wash,0,0
19288,face_wash,0,0
19289,face_wash,0,0
19290,face_wash,0,0
19291,face_wash,0,0
19292,face_wash,0,0
19293,face_wash,0,0
19294,face_wash,0,0
19607,face_wash,0,0
19608,face_wash,0,1
19610,face_wash,0,0
19611,face_wash,0,0
19612,face_wash,0,0
19613,face_wash,0,0
19614,face_wash,0,0
19615,face_wash,0,2
19996,face_wash,0,0
19997,face_wash,0,0
19998,face_wash,0,0
19999,face_wash,0,0
20000,face_wash,1,10
20001,face_wash,1,10
20002,face_wash,0,0
20005,face_wash,0,0
20310,face_wash,0,1
20311,face_wash,0,1
20312,face_wash,0,1
20313,face_wash,0,0
20314,face_wash,0,1
20315,face_wash,0,1
20316,face_wash,1,1
20317,face_wash,0,0
20319,face_wash,0,0
20687,face_wash,0,0
20688,face_wash,0,0
20689,face_wash,0,0
20690,face_wash,0,0
20691,face_wash,0,0
20692,face_wash,0,0
20693,face_wash,0,1
20694,face_wash,0,0
20695,face_wash,0,0
21021,face_wash,0,0
21023,face_wash,0,0
21024,face_wash,0,0
21025,face_wash,0,0
21026,face_wash,0,0
21027,face_wash,0,0
21028,face_wash,0,0
21029,face_wash,0,0
21030,face_wash,0,0
21031,face_wash,0,0
21032,face_wash,0,0
21033,face_wash,0,0
21034,face_wash,0,0
21035,face_wash,0,0
21036,face_wash,0,0
21037,face_wash,0,1
21038,face_wash,0,0
21312,face_wash,0,0
21313,face_wash,0,1
21314,face_wash,0,2
21315,face_wash,0,0
21316,face_wash,0,0
21317,face_wash,0,1
21318,face_wash,0,0
21319,face_wash,0,0
21320,face_wash,0,1
21321,face_wash,0,0
21812,face_wash,0,0
21813,face_wash,0,0
21814,face_wash,0,0
21816,face_wash,0,0
21817,face_wash,0,0
21818,face_wash,0,0
21819,face_wash,0,0
21820,face_wash,0,0
21821,face_wash,0,1
21822,face_wash,0,0
21823,face_wash,0,0
21824,face_wash,0,1
21825,face_wash,0,0
21826,face_wash,0,0
21827,face_wash,0,1
21828,face_wash,0,0
21829,face_wash,0,0
21830,face_wash,0,0
21831,face_wash,0,0
21833,face_wash,0,0
21834,face_wash,0,0
21835,face_wash,0,0
21836,face_wash,0,0
21837,face_wash,0,0
21838,face_wash,0,0
21839,face_wash,0,0
21840,face_wash,0,0
21841,face_wash,0,1
21842,face_wash,0,0
21843,face_wash,0,0
21844,face_wash,0,0
21845,face_wash,0,1
21846,face_wash,0,0
21847,face_wash,0,0
21848,face_wash,0,0
21849,face_wash,0,0
21850,face_wash,0,0
21851,face_wash,0,0
22084,face_wash,0,0
22085,face_wash,0,0
22086,face_wash,0,0
22087,face_wash,0,0
22088,face_wash,0,0
22089,face_wash,0,0
22090,face_wash,0,0
22091,face_wash,0,0
22092,face_wash,0,0
22094,face_wash,0,0
22095,face_wash,0,0
22096,face_wash,0,1
22097,face_wash,0,0
22098,face_wash,0,0
22099,face_wash,0,10
22100,face_wash,0,0
22101,face_wash,0,0
22103,face_wash,0,0
22104,face_wash,0,0
22105,face_wash,0,0
22106,face_wash,0,0
22107,face_wash,0,0
22108,face_wash,0,0
22110,face_wash,0,1
22111,face_wash,1,3
22114,face_wash,0,0
22115,face_wash,0,1
22116,face_wash,0,0
22117,face_wash,0,0
22118,face_wash,0,0
22119,face_wash,0,0
22121,face_wash,0,0
22123,face_wash,0,0
24455,cleansing,0,0
24456,cleansing,0,0
24457,cleansing,0,0
24458,cleansing,0,1
24459,cleansing,0,0
24460,cleansing,0,0
24461,cleansing,0,0
24462,cleansing,0,0
24463,cleansing,0,0
24464,cleansing,0,0
24753,cleansing,1,8
24754,cleansing,0,2
24755,cleansing,0,0
24756,cleansing,0,2
24757,cleansing,0,0
24759,cleansing,0,0
24760,cleansing,0,0
24761,cleansing,0,1
24762,cleansing,0,0
25064,cleansing,0,0
25065,cleansing,0,0
25066,cleansing,0,0
25067,cleansing,0,2
25068,cleansing,1,7
25069,cleansing,0,1
25070,cleansing,0,1
25071,cleansing,1,2
25072,cleansing,1,1
25073,cleansing,0,0
25427,cleansing,0,0
25428,cleansing,0,0
25429,cleansing,0,0
25430,cleansing,0,0
25431,cleansing,0,0
25432,cleansing,0,0
25435,cleansing,0,0
25436,cleansing,0,0
25742,cleansing,0,0
25744,cleansing,0,1
25745,cleansing,0,0
25746,cleansing,1,10
25747,cleansing,1,10
25748,cleansing,1,4
25749,cleansing,0,0
25750,cleansing,0,0
25751,cleansing,0,1
25752,cleansing,0,0
25753,cleansing,1,10
25754,cleansing,1,10
25755,cleansing,1,10
25756,cleansing,1,10
25757,cleansing,1,10
25758,cleansing,0,1
25760,cleansing,1,10
25761,cleansing,0,2
26141,cleansing,0,0
26142,cleansing,0,0
26143,cleansing,0,0
26145,cleansing,0,0
26146,cleansing,0,0
26147,cleansing,0,0
26148,cleansing,0,1
26150,cleansing,0,0
26151,cleansing,0,0
26152,cleansing,0,1
26153,cleansing,0,0
26154,cleansing,0,0
26155,cleansing,0,0
26157,cleansing,0,0
26159,cleansing,0,0
26160,cleansing,0,0
26522,cleansing,0,0
26523,cleansing,0,0
26524,cleansing,0,0
26525,cleansing,0,0
26526,cleansing,0,0
26527,cleansing,0,0
26528,cleansing,0,1
26529,cleansing,0,1
26530,cleansing,0,0
26531,cleansing,0,0
29031,toner_lotion,0,0
29032,toner_lotion,0,1
29033,toner_lotion,0,0
29036,toner_lotion,0,0
29037,toner_lotion,0,0
29038,toner_lotion,0,1
29039,toner_lotion,0,0
29040,toner_lotion,0,0
29549,toner_lotion,1,9
29550,toner_lotion,1,9
29551,toner_lotion,0,8
29552,toner_lotion,0,0
29554,toner_lotion,0,0
29555,toner_lotion,0,0
29556,toner_lotion,0,0
29557,toner_lotion,1,10
29559,toner_lotion,0,0
29560,toner_lotion,0,0
29561,toner_lotion,0,0
29562,toner_lotion,0,0
29563,toner_lotion,0,0
29564,toner_lotion,1,9
29565,toner_lotion,1,10
29566,toner_lotion,1,10
29569,toner_lotion,0,1
29570,toner_lotion,0,0
29571,toner_lotion,1,10
29573,toner_lotion,0,0
29575,toner_lotion,1,5
29576,toner_lotion,0,0
29577,toner_lotion,0,0
29578,toner_lotion,1,0
29579,toner_lotion,1,7
29580,toner_lotion,1,10
29581,toner_lotion,1,10
29582,toner_lotion,1,0
29584,toner_lotion,1,8
29585,toner_lotion,1,10
29586,toner_lotion,1,10
29587,toner_lotion,1,9
29588,toner_lotion,0,0
30316,toner_lotion,0,0
30318,toner_lotion,1,0
30320,toner_lotion,0,0
30323,toner_lotion,0,2
30325,toner_lotion,0,0
30678,eye_shadow,0,0
30679,eye_shadow,0,0
30680,eye_shadow,0,0
30681,eye_shadow,0,0
30682,eye_shadow,0,0
30683,eye_shadow,0,1
31022,eye_shadow,0,0
31023,eye_shadow,0,0
31025,eye_shadow,0,0
31026,eye_shadow,0,0
31027,eye_shadow,0,0
31028,eye_shadow,0,1
31029,eye_shadow,0,0
31293,eye_shadow,0,0
31295,eye_shadow,0,0
31296,eye_shadow,0,1
31297,eye_shadow,0,2
31648,eye_shadow,0,0
31650,eye_shadow,0,0
31651,eye_shadow,0,0
31652,eye_shadow,1,0
31653,eye_shadow,0,0
31654,eye_shadow,0,0
31655,eye_shadow,0,1
31656,eye_shadow,0,0
31657,eye_shadow,0,0
32004,eye_shadow,0,1
32005,eye_shadow,0,0
32006,eye_shadow,0,0
32007,eye_shadow,0,0
32008,eye_shadow,0,0
32009,eye_shadow,0,0
32010,eye_shadow,0,0
32011,eye_shadow,0,1
32012,eye_shadow,0,0
32013,eye_shadow,0,0
32014,eye_shadow,0,0
32015,eye_shadow,0,1
32016,eye_shadow,0,0
32017,eye_shadow,0,0
32018,eye_shadow,0,0
32019,eye_shadow,0,0
32020,eye_shadow,0,0
32021,eye_shadow,0,0
32023,eye_shadow,0,0
32397,eye_shadow,0,1
32398,eye_shadow,0,0
32399,eye_shadow,0,1
32400,eye_shadow,0,0
32401,eye_shadow,0,0
32402,eye_shadow,0,0
32403,eye_shadow,0,0
32404,eye_shadow,0,0
32405,eye_shadow,0,0
32406,eye_shadow,0,0
32407,eye_shadow,0,0
32666,eye_shadow,0,0
32667,eye_shadow,0,0
32668,eye_shadow,0,1
32669,eye_shadow,0,0
32670,eye_shadow,0,0
32671,eye_shadow,0,0
32672,eye_shadow,0,0
32673,eye_shadow,0,0
33004,eye_shadow,0,0
33005,eye_shadow,0,0
33006,eye_shadow,0,0
33009,eye_shadow,0,0
33010,eye_shadow,1,10
33011,eye_shadow,0,0
33012,eye_shadow,0,0
33015,eye_shadow,0,0
33016,eye_shadow,0,2
33017,eye_shadow,0,0
33018,eye_shadow,0,0
33019,eye_shadow,0,0
33020,eye_shadow,0,0
33021,eye_shadow,0,0
33022,eye_shadow,0,0
33023,eye_shadow,0,0
33404,eye_shadow,0,0
33405,eye_shadow,1,0
33406,eye_shadow,0,0
33407,eye_shadow,0,0
33408,eye_shadow,0,0
33410,eye_shadow,0,0
33411,eye_shadow,0,0
33412,eye_shadow,0,0
33413,eye_shadow,0,1
33414,eye_shadow,0,0
33416,eye_shadow,0,0
33417,eye_shadow,0,0
33418,eye_shadow,0,0
33419,eye_shadow,0,1
33420,eye_shadow,0,0
33421,eye_shadow,0,0
33422,eye_shadow,0,0
33423,eye_shadow,0,0
33899,eye_shadow,0,0
33900,eye_shadow,0,0
33901,eye_shadow,0,0
33902,eye_shadow,0,0
33903,eye_shadow,0,0
33904,eye_shadow,0,0
33905,eye_shadow,0,0
33906,eye_shadow,0,0
33907,eye_shadow,0,0
33908,eye_shadow,0,0
33909,eye_shadow,0,0
33910,eye_shadow,0,0
33911,eye_shadow,0,0
33912,eye_shadow,0,0
33913,eye_shadow,0,0
33914,eye_shadow,0,0
33915,eye_shadow,0,0
33916,eye_shadow,0,0
33917,eye_shadow,0,0
33918,eye_shadow,0,0
33919,eye_shadow,0,0
33920,eye_shadow,0,0
33921,eye_shadow,0,1
33922,eye_shadow,0,0
33923,eye_shadow,0,0
33924,eye_shadow,0,0
33925,eye_shadow,0,0
33926,eye_shadow,0,0
33927,eye_shadow,0,0
33928,eye_shadow,0,0
33929,eye_shadow,0,0
33930,eye_shadow,0,0
33931,eye_shadow,0,0
33934,eye_shadow,0,0
33936,eye_shadow,0,0
33937,eye_shadow,0,0
33938,eye_shadow,0,0
34341,eye_shadow,0,0
34342,eye_shadow,0,0
34343,eye_shadow,0,0
34344,eye_shadow,0,2
34345,eye_shadow,0,0
34346,eye_shadow,0,0
34347,eye_shadow,0,1
34348,eye_shadow,0,0
34349,eye_shadow,0,0
34350,eye_shadow,0,0
34352,eye_shadow,0,0
34353,eye_shadow,1,9
34354,eye_shadow,0,0
34355,eye_shadow,0,0
34638,eye_shadow,0,0
34639,eye_shadow,0,0
34640,eye_shadow,0,0
34641,eye_shadow,0,0
34642,eye_shadow,0,0
34643,eye_shadow,0,0
34645,eye_shadow,0,0
34646,eye_shadow,1,0
34647,eye_shadow,0,0
34648,eye_shadow,0,0
34649,eye_shadow,0,0
34650,eye_shadow,0,1
35702,lip_colour,0,0
35703,lip_colour,0,0
35704,lip_colour,0,0
35705,lip_colour,0,0
35708,lip_colour,0,0
35709,lip_colour,0,0
35710,lip_colour,0,0
36037,lip_colour,0,0
36038,lip_colour,0,1
36039,lip_colour,0,1
36040,lip_colour,1,4
36041,lip_colour,0,0
36042,lip_colour,0,0
36043,lip_colour,0,0
36045,lip_colour,0,0
36371,lip_colour,0,0
36373,lip_colour,1,9
36374,lip_colour,0,3
36375,lip_colour,0,0
36376,lip_colour,0,0
36377,lip_colour,0,0
36378,lip_colour,0,0
36379,lip_colour,0,1
36380,lip_colour,0,0
36734,lip_colour,0,0
36736,lip_colour,0,0
36737,lip_colour,0,0
36738,lip_colour,0,0
36739,lip_colour,0,0
36740,lip_colour,0,0
36741,lip_colour,0,0
36742,lip_colour,0,0
36743,lip_colour,0,0
37104,lip_colour,0,0
37105,lip_colour,0,0
37106,lip_colour,0,0
37107,lip_colour,0,1
37108,lip_colour,0,0
37109,lip_colour,0,0
37110,lip_colour,0,0
37111,lip_colour,0,0
37112,lip_colour,0,0
37113,lip_colour,0,1
37114,lip_colour,0,0
37115,lip_colour,0,0
37116,lip_colour,0,0
37117,lip_colour,0,0
37118,lip_colour,0,0
37119,lip_colour,0,0
37121,lip_colour,0,0
37122,lip_colour,0,0
37123,lip_colour,0,0
37369,lip_colour,0,0
37372,lip_colour,0,0
37373,lip_colour,0,0
37376,lip_colour,0,0
37378,lip_colour,0,0
38097,lip_colour,0,0
38098,lip_colour,0,0
38099,lip_colour,0,0
38101,lip_colour,0,0
38102,lip_colour,0,0
38103,lip_colour,0,0
38104,lip_colour,0,0
38105,lip_colour,0,0
38107,lip_colour,0,0
38108,lip_colour,0,1
38109,lip_colour,0,0
38110,lip_colour,0,0
38111,lip_colour,0,0
38112,lip_colour,0,0
38113,lip_colour,0,0
38114,lip_colour,0,1
38115,lip_colour,0,0
38116,lip_colour,0,1
38761,lip_colour,0,0
38762,lip_colour,0,2
38763,lip_colour,0,0
38764,lip_colour,0,0
38765,lip_colour,0,0
38766,lip_colour,0,0
38768,lip_colour,0,0
38769,lip_colour,0,0
38770,lip_colour,0,0
39181,lip_colour,0,1
39182,lip_colour,0,0
39183,lip_colour,0,0
39184,lip_colour,0,0
39186,lip_colour,0,0
39187,lip_colour,0,0
39188,lip_colour,0,0
39189,lip_colour,0,0
39190,lip_colour,1,0
39191,lip_colour,0,0
39192,lip_colour,0,1
39193,lip_colour,0,1
39194,lip_colour,0,0
39195,lip_colour,0,0
39196,lip_colour,0,0
39197,lip_colour,0,1
39198,lip_colour,1,1
39199,lip_colour,0,1
39200,lip_colour,0,0
39201,lip_colour,0,0
39202,lip_colour,0,0
39203,lip_colour,0,0
39204,lip_colour,0,0
39205,lip_colour,0,0
41169,foundation,0,0
41170,foundation,0,1
41172,foundation,0,0
41173,foundation,0,0
41174,foundation,0,0
41175,foundation,0,0
41176,foundation,0,0
41177,foundation,0,0
41178,foundation,0,0
41930,foundation,0,1
42229,foundation,1,10
42230,foundation,0,0
42231,foundation,0,0
42232,foundation,1,10
42233,foundation,0,0
42234,foundation,0,1
42235,foundation,1,7
42236,foundation,0,2
42237,foundation,0,0
42239,foundation,0,0
42240,foundation,0,0
42241,foundation,0,0
42242,foundation,1,10
42243,foundation,1,10
42244,foundation,1,8
42245,foundation,0,0
42248,foundation,0,0
42249,foundation,0,1
42250,foundation,0,0
42252,foundation,0,0
42253,foundation,0,1
42254,foundation,0,0
42255,foundation,0,0
42256,foundation,0,1
42257,foundation,0,0
42258,foundation,0,0
41,emulsion,0,0
43,emulsion,0,0
44,emulsion,0,0
45,emulsion,0,0
46,emulsion,0,0
47,emulsion,0,0
50,emulsion,0,1
359,emulsion,0,0
360,emulsion,0,0
361,emulsion,0,0
364,emulsion,1,9
365,emulsion,0,0
366,emulsion,0,0
367,emulsion,0,0
765,emulsion,0,0
766,emulsion,0,0
767,emulsion,0,1
768,emulsion,0,0
769,emulsion,0,0
770,emulsion,0,0
771,emulsion,0,0
772,emulsion,0,0
773,emulsion,0,0
774,emulsion,0,0
775,emulsion,0,0
776,emulsion,0,0
777,emulsion,0,0
778,emulsion,0,0
1101,emulsion,0,0
1102,emulsion,0,0
1103,emulsion,1,2
1104,emulsion,1,10
1105,emulsion,0,0
1106,emulsion,0,0
1107,emulsion,0,0
1108,emulsion,0,0
1109,emulsion,0,0
1110,emulsion,0,0
1402,emulsion,1,0
1403,emulsion,0,0
1404,emulsion,0,0
1405,emulsion,0,0
1406,emulsion,0,0
1407,emulsion,0,1
1409,emulsion,1,10
1410,emulsion,0,0
1789,emulsion,1,10
1790,emulsion,0,0
1791,emulsion,0,0
1792,emulsion,1,9
1793,emulsion,0,0
1794,emulsion,1,10
1795,emulsion,0,1
1796,emulsion,0,10
1798,emulsion,1,9
1799,emulsion,0,0
1800,emulsion,0,0
1801,emulsion,1,10
1802,emulsion,1,10
1803,emulsion,1,8
1804,emulsion,1,10
1805,emulsion,1,10
1806,emulsion,0,0
1807,emulsion,1,10
1808,emulsion,0,2
1809,emulsion,1,10
1810,emulsion,0,5
1811,emulsion,0,0
1812,emulsion,0,0
1813,emulsion,1,0
1814,emulsion,1,10
1815,emulsion,0,0
1816,emulsion,1,10
1817,emulsion,0,6
1818,emulsion,1,7
1819,emulsion,0,0
1820,emulsion,0,0
1821,emulsion,1,1
1823,emulsion,1,10
1824,emulsion,0,7
1825,emulsion,0,0
1826,emulsion,0,0
1827,emulsion,0,0
1828,emulsion,0,0
1829,emulsion,1,10
1830,emulsion,1,9
1831,emulsion,1,10
1832,emulsion,0,1
1833,emulsion,1,9
1835,emulsion,1,8
1838,emulsion,0,1
2132,emulsion,0,0
2133,emulsion,0,0
2134,emulsion,0,1
2135,emulsion,0,0
2136,emulsion,0,0
2137,emulsion,0,1
2138,emulsion,0,0
2139,emulsion,0,0
2140,emulsion,0,0
2141,emulsion,1,10
2142,emulsion,0,0
2143,emulsion,0,0
2144,emulsion,0,0
2145,emulsion,0,1
2146,emulsion,0,1
2147,emulsion,0,0
2149,emulsion,0,0
2150,emulsion,0,0
2153,emulsion,0,1
2154,emulsion,0,0
2155,emulsion,0,0
2156,emulsion,0,0
2157,emulsion,0,1
2158,emulsion,0,1
2159,emulsion,0,1
2160,emulsion,0,0
2161,emulsion,0,0
2162,emulsion,0,0
2163,emulsion,0,0
2164,emulsion,0,0
2165,emulsion,0,1
2166,emulsion,0,3
2167,emulsion,0,0
2168,emulsion,0,0
2169,emulsion,0,0
2170,emulsion,0,0
2172,emulsion,0,2
2173,emulsion,0,3
2174,emulsion,0,0
2175,emulsion,0,1
2177,emulsion,0,0
2178,emulsion,0,0
2179,emulsion,0,0
2180,emulsion,0,1
2181,emulsion,0,0
2574,emulsion,0,1
2575,emulsion,0,0
2576,emulsion,1,10
2577,emulsion,0,0
2578,emulsion,0,1
2579,emulsion,1,10
2580,emulsion,0,0
2581,emulsion,0,0
2583,emulsion,0,0
2584,emulsion,0,0
2585,emulsion,1,10
2586,emulsion,1,10
2587,emulsion,0,1
2588,emulsion,1,10
2589,emulsion,0,8
2590,emulsion,0,0
2591,emulsion,0,0
2592,emulsion,0,0
2593,emulsion,1,10
2594,emulsion,1,10
2595,emulsion,0,0
2596,emulsion,1,9
2597,emulsion,0,0
2599,emulsion,1,10
2600,emulsion,0,0
2601,emulsion,0,4
2602,emulsion,1,8
2603,emulsion,0,0
2604,emulsion,1,9
2606,emulsion,1,9
2607,emulsion,1,9
2608,emulsion,0,0
2609,emulsion,0,5
2610,emulsion,0,0
2611,emulsion,0,0
2612,emulsion,1,9
2613,emulsion,0,0
2614,emulsion,0,0
2615,emulsion,0,7
2616,emulsion,0,0
2617,emulsion,0,0
2618,emulsion,0,0
2619,emulsion,1,6
2620,emulsion,0,0
2621,emulsion,0,0
2623,emulsion,0,0
3119,emulsion,0,0
3120,emulsion,0,0
3121,emulsion,0,0
3122,emulsion,0,0
3123,emulsion,0,0
3124,emulsion,0,1
3125,emulsion,0,0
3126,emulsion,0,0
3127,emulsion,0,0
3128,emulsion,0,0
3129,emulsion,0,0
3130,emulsion,0,0
3131,emulsion,0,1
3132,emulsion,0,1
3133,emulsion,0,0
3134,emulsion,0,1
3135,emulsion,0,0
3137,emulsion,0,1
3138,emulsion,0,0
3139,emulsion,0,0
3140,emulsion,1,9
3142,emulsion,0,0
3143,emulsion,0,0
3144,emulsion,0,2
3145,emulsion,0,0
3146,emulsion,0,0
3149,emulsion,0,1
3150,emulsion,0,0
3151,emulsion,0,0
3152,emulsion,0,0
3153,emulsion,0,0
3154,emulsion,0,0
3155,emulsion,0,0
3157,emulsion,0,0
3158,emulsion,0,0
3159,emulsion,0,0
3160,emulsion,1,1
3162,emulsion,0,0
3163,emulsion,0,2
3164,emulsion,0,1
3166,emulsion,0,0
3167,emulsion,0,0
3168,emulsion,0,0
3169,emulsion,0,0
3170,emulsion,0,1
3171,emulsion,0,0
3172,emulsion,0,0
3174,emulsion,0,0
3175,emulsion,0,0
3176,emulsion,0,0
3178,emulsion,0,0
3179,emulsion,0,0
3180,emulsion,1,7
3181,emulsion,0,0
3182,emulsion,0,0
3183,emulsion,0,0
3184,emulsion,0,0
3185,emulsion,0,0
3187,emulsion,0,0
3188,emulsion,0,0
3189,emulsion,0,0
3190,emulsion,0,0
3192,emulsion,0,0
3193,emulsion,0,0
3194,emulsion,0,0
3195,emulsion,0,0
3196,emulsion,0,0
3197,emulsion,0,0
3198,emulsion,0,0
3199,emulsion,0,0
3200,emulsion,0,0
3201,emulsion,0,0
3202,emulsion,0,1
3203,emulsion,0,0
3204,emulsion,0,1
3205,emulsion,0,0
3206,emulsion,0,0
3207,emulsion,0,0
3208,emulsion,0,0
3209,emulsion,0,0
3211,emulsion,0,0
3212,emulsion,0,5
3213,emulsion,0,1
3214,emulsion,0,2
3215,emulsion,0,0
3217,emulsion,0,0
3218,emulsion,0,0
3219,emulsion,0,0
3220,emulsion,0,0
3221,emulsion,0,1
3222,emulsion,0,0
3223,emulsion,0,0
3226,emulsion,0,0
3227,emulsion,1,10
5664,face_cream,0,0
5665,face_cream,0,0
5666,face_cream,0,0
5667,face_cream,0,0
5668,face_cream,0,2
5669,face_cream,0,0
5670,face_cream,0,0
5671,face_cream,0,0
5672,face_cream,0,0
5673,face_cream,0,0
5674,face_cream,0,0
5675,face_cream,0,0
5676,face_cream,0,0
5677,face_cream,0,0
5678,face_cream,0,0
5679,face_cream,0,0
5680,face_cream,0,0
5681,face_cream,0,1
5682,face_cream,0,0
5683,face_cream,0,1
6601,face_cream,0,0
6602,face_cream,1,10
6603,face_cream,0,0
6604,face_cream,0,0
6605,face_cream,0,5
6606,face_cream,0,0
6607,face_cream,0,0
6608,face_cream,0,0
6609,face_cream,0,0
6610,face_cream,0,1
6611,face_cream,1,9
6612,face_cream,0,0
6613,face_cream,0,1
6614,face_cream,0,0
6615,face_cream,0,0
6616,face_cream,0,1
6619,face_cream,0,5
6967,face_cream,0,0
6968,face_cream,1,10
6969,face_cream,0,0
6970,face_cream,0,0
6971,face_cream,0,0
6973,face_cream,0,0
6974,face_cream,0,0
6977,face_cream,0,8
6978,face_cream,1,3
6979,face_cream,0,2
6980,face_cream,0,0
6981,face_cream,0,0
6982,face_cream,1,7
6983,face_cream,0,1
6984,face_cream,0,0
6985,face_cream,0,0
6986,face_cream,0,0
6987,face_cream,1,1
6988,face_cream,0,0
6989,face_cream,1,10
6990,face_cream,0,0
6991,face_cream,1,7
6992,face_cream,0,1
6994,face_cream,0,0
6995,face_cream,1,5
6996,face_cream,1,7
7260,face_cream,0,6
7261,face_cream,0,0
7262,face_cream,0,0
7263,face_cream,1,8
7264,face_cream,0,0
7265,face_cream,1,10
7266,face_cream,0,0
7267,face_cream,0,0
7268,face_cream,0,0
7269,face_cream,0,0
7270,face_cream,0,0
7271,face_cream,0,0
7272,face_cream,0,0
7273,face_cream,1,7
7274,face_cream,0,2
7275,face_cream,0,0
7276,face_cream,0,0
7277,face_cream,1,10
7278,face_cream,0,0
7280,face_cream,0,0
7281,face_cream,0,0
7282,face_cream,0,0
7283,face_cream,0,0
7285,face_cream,1,3
7286,face_cream,0,0
7287,face_cream,0,0
7288,face_cream,0,0
7289,face_cream,0,0
7644,face_cream,0,0
7645,face_cream,0,0
7646,face_cream,0,0
7647,face_cream,0,0
7648,face_cream,0,0
7649,face_cream,0,0
7650,face_cream,0,0
7651,face_cream,0,0
7653,face_cream,0,0
7654,face_cream,0,1
7657,face_cream,0,1
7658,face_cream,0,0
7659,face_cream,0,0
7660,face_cream,0,0
7661,face_cream,0,1
7663,face_cream,0,0
7664,face_cream,0,0
7665,face_cream,0,0
7666,face_cream,0,0
7667,face_cream,0,1
7668,face_cream,0,0
7669,face_cream,0,0
7670,face_cream,0,1
7671,face_cream,0,0
7672,face_cream,0,0
7965,face_cream,0,0
7966,face_cream,0,0
7967,face_cream,1,7
7968,face_cream,0,0
7969,face_cream,0,1
7970,face_cream,0,0
7971,face_cream,0,0
7972,face_cream,0,0
7973,face_cream,0,0
7975,face_cream,0,0
7976,face_cream,1,10
7977,face_cream,0,0
7978,face_cream,0,0
7979,face_cream,0,0
7980,face_cream,0,0
7981,face_cream,0,0
7983,face_cream,0,1
7984,face_cream,1,9
8396,face_cream,0,0
8397,face_cream,0,0
8398,face_cream,0,0
8399,face_cream,0,0
8400,face_cream,0,0
8401,face_cream,0,0
8402,face_cream,0,0
8403,face_cream,0,0
8405,face_cream,0,0
8406,face_cream,0,1
8407,face_cream,0,0
8408,face_cream,0,1
8409,face_cream,0,0
8410,face_cream,0,0
8411,face_cream,0,0
8412,face_cream,0,0
8742,face_cream,0,0
8743,face_cream,0,0
8744,face_cream,0,10
8745,face_cream,0,0
8746,face_cream,0,0
8747,face_cream,0,0
8748,face_cream,0,0
8749,face_cream,0,0
8750,face_cream,0,0
8751,face_cream,0,1
8752,face_cream,0,0
8754,face_cream,0,1
8755,face_cream,0,0
8756,face_cream,0,1
8757,face_cream,0,0
8758,face_cream,0,0
8759,face_cream,0,1
8760,face_cream,0,0
8762,face_cream,0,0
8763,face_cream,0,0
8764,face_cream,0,0
8766,face_cream,0,1
8768,face_cream,0,0
8769,face_cream,0,0
8770,face_cream,0,1
8771,face_cream,0,0
8772,face_cream,0,0
8773,face_cream,0,0
8774,face_cream,0,0
8775,face_cream,0,0
8776,face_cream,0,0
8777,face_cream,0,0
8778,face_cream,0,0
8779,face_cream,0,0
8780,face_cream,0,0
8781,face_cream,0,0
9055,face_cream,0,0
9056,face_cream,0,0
9058,face_cream,0,0
9059,face_cream,0,0
9060,face_cream,0,1
9063,face_cream,0,0
9064,face_cream,0,2
9065,face_cream,1,10
9066,face_cream,0,1
9068,face_cream,0,1
9069,face_cream,0,0
9070,face_cream,0,1
9071,face_cream,0,1
9072,face_cream,0,0
9073,face_cream,0,1
9074,face_cream,0,1
9075,face_cream,0,0
9076,face_cream,0,0
9078,face_cream,0,0
9079,face_cream,0,0
9080,face_cream,0,0
9081,face_cream,0,0
9082,face_cream,0,0
9083,face_cream,0,1
9084,face_cream,0,0
9085,face_cream,0,0
9086,face_cream,0,0
9087,face_cream,0,0
9088,face_cream,0,0
9093,face_cream,0,0
9094,face_cream,0,0
9462,face_cream,1,0
9464,face_cream,0,0
9465,face_cream,1,8
9466,face_cream,0,1
9467,face_cream,0,0
9468,face_cream,0,0
9469,face_cream,1,10
9470,face_cream,0,0
9471,face_cream,0,0
9473,face_cream,0,0
9474,face_cream,0,0
9475,face_cream,0,1
9476,face_cream,0,0
9477,face_cream,1,10
9479,face_cream,0,0
9480,face_cream,0,0
9481,face_cream,0,0
9482,face_cream,1,10
9483,face_cream,0,0
9484,face_cream,1,9
9485,face_cream,0,0
9486,face_cream,1,9
9487,face_cream,0,0
9488,face_cream,1,10
9489,face_cream,1,8
9490,face_cream,1,1
9491,face_cream,0,0
9492,face_cream,1,10
9495,face_cream,0,0
9496,face_cream,0,0
9497,face_cream,0,0
9498,face_cream,0,0
9499,face_cream,1,10
10165,serum_essence,0,0
10166,serum_essence,0,0
10167,serum_essence,0,0
10168,serum_essence,0,1
10169,serum_essence,0,0
10170,serum_essence,0,0
10171,serum_essence,0,0
10173,serum_essence,0,1
10441,serum_essence,0,0
10442,serum_essence,0,0
10443,serum_essence,0,0
10444,serum_essence,0,0
10447,serum_essence,0,0
10448,serum_essence,0,0
10815,serum_essence,0,0
10816,serum_essence,0,5
10817,serum_essence,0,0
10818,serum_essence,0,0
10819,serum_essence,0,0
10820,serum_essence,1,6
10821,serum_essence,1,10
10822,serum_essence,0,0
10823,serum_essence,0,0
10824,serum_essence,1,10
11416,serum_essence,0,2
11417,serum_essence,0,0
11418,serum_essence,0,0
11419,serum_essence,1,7
11420,serum_essence,0,0
11421,serum_essence,1,8
11422,serum_essence,0,0
11423,serum_essence,0,0
11424,serum_essence,1,10
11425,serum_essence,0,0
11780,serum_essence,0,0
11782,serum_essence,0,0
11784,serum_essence,0,0
11786,serum_essence,0,5
11788,serum_essence,0,0
11789,serum_essence,1,6
12790,serum_essence,0,0
12791,serum_essence,0,0
12792,serum_essence,0,0
12793,serum_essence,0,0
12794,serum_essence,0,0
12795,serum_essence,0,0
12796,serum_essence,0,0
12797,serum_essence,0,0
12798,serum_essence,1,7
12799,serum_essence,1,1
13061,serum_essence,0,0
13062,serum_essence,0,0
13063,serum_essence,0,0
13064,serum_essence,0,0
13065,serum_essence,0,0
13066,serum_essence,0,0
13067,serum_essence,0,0
13069,serum_essence,0,0
13070,serum_essence,0,0
13382,serum_essence,0,0
13383,serum_essence,0,0
13384,serum_essence,0,1
13385,serum_essence,0,0
13386,serum_essence,0,4
13387,serum_essence,0,0
13388,serum_essence,0,0
13389,serum_essence,0,0
13390,serum_essence,0,0
13393,serum_essence,0,2
13394,serum_essence,0,0
13395,serum_essence,0,0
13396,serum_essence,0,0
13398,serum_essence,0,0
13871,serum_essence,0,0
13872,serum_essence,0,4
13873,serum_essence,0,1
13874,serum_essence,1,9
13875,serum_essence,1,5
13876,serum_essence,0,1
13877,serum_essence,0,10
13878,serum_essence,1,10
13879,serum_essence,1,10
13881,serum_essence,1,10
13882,serum_essence,0,0
13883,serum_essence,1,4
13884,serum_essence,0,1
13885,serum_essence,0,0
13886,serum_essence,0,0
13887,serum_essence,0,0
13888,serum_essence,1,4
13889,serum_essence,0,0
13890,serum_essence,0,4
13891,serum_essence,0,0
13892,serum_essence,1,10
13893,serum_essence,0,0
13894,serum_essence,0,1
13895,serum_essence,1,9
13896,serum_essence,1,10
13897,serum_essence,1,0
13898,serum_essence,1,10
13899,serum_essence,1,5
13900,serum_essence,1,1
13901,serum_essence,0,5
13902,serum_essence,1,10
13904,serum_essence,0,0
13905,serum_essence,0,0
13906,serum_essence,0,0
13907,serum_essence,1,0
13908,serum_essence,0,0
13909,serum_essence,0,7
13910,serum_essence,0,0
14261,serum_essence,0,2
14262,serum_essence,0,1
14263,serum_essence,0,0
14264,serum_essence,0,0
14265,serum_essence,0,1
15484,sun_protection,0,0
15487,sun_protection,0,0
15489,sun_protection,0,0
15490,sun_protection,0,0
15491,sun_protection,0,0
15885,sun_protection,0,0
15886,sun_protection,0,0
15887,sun_protection,0,0
15888,sun_protection,0,0
15889,sun_protection,0,1
15890,sun_protection,0,0
15891,sun_protection,0,0
15892,sun_protection,0,0
15893,sun_protection,0,0
15894,sun_protection,0,0
16506,sun_protection,0,0
16507,sun_protection,0,0
16508,sun_protection,0,1
16509,sun_protection,0,0
16510,sun_protection,0,0
16511,sun_protection,0,0
16512,sun_protection,0,1
16513,sun_protection,0,0
16514,sun_protection,0,0
18652,face_wash,0,0
18653,face_wash,0,0
18655,face_wash,0,0
18656,face_wash,0,1
18657,face_wash,0,0
18658,face_wash,0,0
18659,face_wash,0,1
18660,face_wash,0,1
19986,face_wash,0,0
19987,face_wash,0,0
19988,face_wash,1,6
19989,face_wash,0,1
19990,face_wash,0,0
19991,face_wash,0,2
19992,face_wash,0,0
19993,face_wash,0,0
19994,face_wash,0,0
19995,face_wash,0,0
20300,face_wash,0,1
20301,face_wash,0,0
20302,face_wash,0,0
20304,face_wash,0,1
20305,face_wash,0,0
20306,face_wash,0,0
20307,face_wash,0,1
20308,face_wash,0,0
20309,face_wash,0,0
20667,face_wash,0,0
20669,face_wash,0,1
20670,face_wash,0,0
20671,face_wash,0,0
20672,face_wash,0,0
20675,face_wash,0,0
20676,face_wash,0,0
20677,face_wash,0,0
20678,face_wash,0,0
20679,face_wash,0,0
20680,face_wash,0,0
20681,face_wash,0,1
20682,face_wash,0,0
20683,face_wash,0,0
20684,face_wash,0,1
20685,face_wash,0,0
20686,face_wash,0,0
21012,face_wash,0,0
21013,face_wash,0,1
21014,face_wash,0,2
21015,face_wash,0,0
21016,face_wash,0,1
21019,face_wash,0,0
21302,face_wash,0,0
21303,face_wash,0,0
21304,face_wash,0,1
21305,face_wash,0,0
21307,face_wash,0,0
21308,face_wash,0,0
21309,face_wash,0,0
21310,face_wash,0,1
21311,face_wash,0,0
21779,face_wash,0,1
21780,face_wash,0,0
21781,face_wash,0,0
21782,face_wash,0,0
21783,face_wash,0,0
21784,face_wash,0,0
21785,face_wash,0,0
21786,face_wash,0,0
21787,face_wash,0,0
21788,face_wash,0,0
21789,face_wash,0,0
21790,face_wash,0,0
21791,face_wash,0,0
21792,face_wash,0,0
21794,face_wash,0,0
21795,face_wash,0,0
21796,face_wash,0,0
21797,face_wash,0,2
21798,face_wash,0,0
21799,face_wash,0,0
21800,face_wash,0,0
21801,face_wash,0,0
21802,face_wash,0,0
21803,face_wash,0,1
21804,face_wash,0,0
21805,face_wash,0,0
21806,face_wash,0,0
21807,face_wash,0,0
21808,face_wash,0,0
21809,face_wash,0,0
21810,face_wash,0,0
21811,face_wash,0,1
22064,face_wash,0,0
22065,face_wash,0,0
22066,face_wash,0,0
22067,face_wash,0,1
22068,face_wash,0,0
22069,face_wash,0,0
22070,face_wash,0,0
22071,face_wash,0,0
22073,face_wash,0,0
22074,face_wash,0,0
22075,face_wash,0,0
22076,face_wash,0,0
22077,face_wash,0,0
22079,face_wash,0,0
22080,face_wash,0,0
22081,face_wash,0,0
22082,face_wash,0,0
22083,face_wash,0,0
22544,face_wash,0,0
24119,cleansing,0,0
24120,cleansing,0,0
24121,cleansing,0,0
24124,cleansing,0,0
24126,cleansing,0,0
24128,cleansing,0,0
24445,cleansing,0,1
24447,cleansing,0,0
24448,cleansing,0,0
24449,cleansing,0,0
24450,cleansing,0,0
24451,cleansing,0,0
24452,cleansing,0,0
24453,cleansing,0,0
24454,cleansing,0,0
25417,cleansing,0,0
25418,cleansing,0,0
25419,cleansing,0,1
25420,cleansing,0,0
25421,cleansing,0,0
25422,cleansing,0,0
25423,cleansing,0,0
25424,cleansing,0,0
25426,cleansing,0,1
25732,cleansing,0,0
25734,cleansing,0,0
25735,cleansing,1,10
25736,cleansing,0,1
25737,cleansing,1,8
25738,cleansing,1,7
25739,cleansing,1,0
25740,cleansing,0,0
26121,cleansing,0,0
26122,cleansing,0,0
26123,cleansing,0,0
26124,cleansing,0,0
26125,cleansing,0,0
26126,cleansing,0,0
26127,cleansing,0,0
26128,cleansing,0,0
26129,cleansing,0,0
26130,cleansing,0,0
26131,cleansing,0,0
26133,cleansing,0,1
26134,cleansing,0,0
26135,cleansing,0,1
26136,cleansing,0,1
26137,cleansing,0,0
26138,cleansing,0,0
26140,cleansing,0,0
26502,cleansing,0,0
26503,cleansing,1,8
26504,cleansing,0,0
26506,cleansing,1,10
26507,cleansing,1,9
26508,cleansing,0,0
26510,cleansing,0,1
26511,cleansing,1,6
26512,cleansing,1,10
26514,cleansing,0,0
26515,cleansing,0,0
26516,cleansing,0,0
26517,cleansing,0,0
26518,cleansing,0,0
26519,cleansing,0,0
26520,cleansing,0,0
26521,cleansing,0,0
26942,cleansing,0,0
27333,cleansing,0,1
27334,cleansing,0,1
27335,cleansing,0,0
28035,cleansing,0,0
28036,cleansing,0,0
28037,cleansing,0,0
28038,cleansing,0,1
28039,cleansing,0,0
28040,cleansing,0,0
28041,cleansing,0,0
28042,cleansing,0,0
28043,cleansing,0,0
28370,toner_lotion,0,0
28371,toner_lotion,0,0
28372,toner_lotion,0,0
28373,toner_lotion,0,0
28375,toner_lotion,0,0
28376,toner_lotion,0,0
28377,toner_lotion,0,0
28378,toner_lotion,0,0
28686,toner_lotion,0,1
28688,toner_lotion,0,0
28689,toner_lotion,0,0
28690,toner_lotion,0,0
28691,toner_lotion,0,0
28692,toner_lotion,0,0
28693,toner_lotion,0,0
28694,toner_lotion,0,0
28695,toner_lotion,0,1
29022,toner_lotion,0,1
29023,toner_lotion,0,1
29024,toner_lotion,0,1
29025,toner_lotion,0,0
29026,toner_lotion,0,0
29027,toner_lotion,0,0
29029,toner_lotion,0,0
29030,toner_lotion,0,0
29489,toner_lotion,0,0
29490,toner_lotion,0,0
29492,toner_lotion,0,0
29493,toner_lotion,0,0
29495,toner_lotion,1,9
29496,toner_lotion,0,0
29497,toner_lotion,0,0
29498,toner_lotion,0,1
29499,toner_lotion,0,0
29500,toner_lotion,0,0
29502,toner_lotion,0,2
29503,toner_lotion,0,0
29504,toner_lotion,1,7
29505,toner_lotion,1,7
29506,toner_lotion,0,1
29508,toner_lotion,0,0
29509,toner_lotion,0,0
29510,toner_lotion,0,0
29511,toner_lotion,0,0
29513,toner_lotion,0,0
29514,toner_lotion,0,0
29515,toner_lotion,0,0
29516,toner_lotion,0,0
29517,toner_lotion,0,1
29518,toner_lotion,0,0
29519,toner_lotion,0,1
29520,toner_lotion,0,0
29521,toner_lotion,0,1
29522,toner_lotion,0,0
29523,toner_lotion,0,0
29524,toner_lotion,1,8
29525,toner_lotion,0,0
29527,toner_lotion,0,0
29528,toner_lotion,0,0
29530,toner_lotion,1,8
29531,toner_lotion,1,10
29532,toner_lotion,1,9
29533,toner_lotion,1,9
29534,toner_lotion,1,1
29535,toner_lotion,1,7
29536,toner_lotion,1,9
29537,toner_lotion,1,10
29538,toner_lotion,0,0
29539,toner_lotion,0,0
29540,toner_lotion,0,1
29541,toner_lotion,1,10
29542,toner_lotion,1,10
29543,toner_lotion,0,0
29544,toner_lotion,1,9
29545,toner_lotion,0,9
29546,toner_lotion,0,0
29547,toner_lotion,0,1
29548,toner_lotion,1,10
30675,eye_shadow,0,0
30676,eye_shadow,0,0
30677,eye_shadow,0,0
31012,eye_shadow,0,0
31013,eye_shadow,0,0
31014,eye_shadow,0,0
31015,eye_shadow,0,1
31016,eye_shadow,0,0
31017,eye_shadow,0,0
31018,eye_shadow,0,0
31020,eye_shadow,0,0
31289,eye_shadow,0,0
31290,eye_shadow,0,0
31291,eye_shadow,0,1
31292,eye_shadow,0,0
31638,eye_shadow,0,1
31639,eye_shadow,0,0
31640,eye_shadow,0,0
31642,eye_shadow,0,0
31643,eye_shadow,0,0
31645,eye_shadow,0,1
31646,eye_shadow,0,1
31647,eye_shadow,0,1
31994,eye_shadow,0,0
31995,eye_shadow,0,0
31996,eye_shadow,0,0
31997,eye_shadow,0,0
31998,eye_shadow,0,1
31999,eye_shadow,0,0
32001,eye_shadow,0,0
32002,eye_shadow,0,0
32003,eye_shadow,0,0
32385,eye_shadow,1,0
32386,eye_shadow,0,0
32388,eye_shadow,0,0
32389,eye_shadow,0,1
32390,eye_shadow,0,0
32391,eye_shadow,0,0
32392,eye_shadow,0,0
32393,eye_shadow,0,0
32394,eye_shadow,0,0
32395,eye_shadow,0,1
32396,eye_shadow,0,0
32664,eye_shadow,0,0
32665,eye_shadow,0,0
32994,eye_shadow,0,0
32996,eye_shadow,0,0
32997,eye_shadow,0,1
32998,eye_shadow,0,0
32999,eye_shadow,0,0
33000,eye_shadow,0,2
33001,eye_shadow,0,0
33002,eye_shadow,0,1
33003,eye_shadow,0,0
33384,eye_shadow,0,0
33385,eye_shadow,0,0
33386,eye_shadow,0,0
33387,eye_shadow,0,0
33388,eye_shadow,0,0
33390,eye_shadow,0,0
33391,eye_shadow,0,0
33392,eye_shadow,0,1
33393,eye_shadow,0,1
33394,eye_shadow,0,0
33395,eye_shadow,0,0
33396,eye_shadow,0,1
33397,eye_shadow,0,0
33398,eye_shadow,0,0
33399,eye_shadow,0,0
33400,eye_shadow,0,0
33401,eye_shadow,0,0
33402,eye_shadow,0,0
33403,eye_shadow,0,0
33870,eye_shadow,0,0
33871,eye_shadow,0,0
33872,eye_shadow,0,0
33873,eye_shadow,0,0
33874,eye_shadow,0,0
33875,eye_shadow,0,0
33876,eye_shadow,0,0
33877,eye_shadow,0,0
33878,eye_shadow,0,0
33879,eye_shadow,0,0
33880,eye_shadow,0,0
33881,eye_shadow,0,0
33882,eye_shadow,0,0
33883,eye_shadow,0,0
33884,eye_shadow,0,0
33885,eye_shadow,0,1
33886,eye_shadow,0,0
33887,eye_shadow,0,0
33889,eye_shadow,0,0
33890,eye_shadow,0,0
33891,eye_shadow,0,0
33892,eye_shadow,0,0
33893,eye_shadow,0,0
33894,eye_shadow,0,0
33895,eye_shadow,0,0
33896,eye_shadow,0,0
33897,eye_shadow,0,1
33898,eye_shadow,0,0
34331,eye_shadow,0,0
34332,eye_shadow,0,0
34334,eye_shadow,0,0
34335,eye_shadow,0,0
34337,eye_shadow,0,0
34338,eye_shadow,0,0
34340,eye_shadow,0,0
34613,eye_shadow,0,0
34615,eye_shadow,0,0
34616,eye_shadow,0,0
34617,eye_shadow,0,1
34618,eye_shadow,0,0
34619,eye_shadow,0,0
34620,eye_shadow,0,0
34621,eye_shadow,0,1
34623,eye_shadow,0,0
34624,eye_shadow,0,0
34625,eye_shadow,0,0
34627,eye_shadow,1,10
34628,eye_shadow,0,0
34629,eye_shadow,0,0
34630,eye_shadow,0,0
34631,eye_shadow,0,0
34632,eye_shadow,0,0
34633,eye_shadow,0,0
34634,eye_shadow,0,1
36361,lip_colour,0,0
36362,lip_colour,0,1
36363,lip_colour,0,0
36364,lip_colour,0,0
36366,lip_colour,0,0
36368,lip_colour,0,0
36369,lip_colour,0,0
36714,lip_colour,0,0
36715,lip_colour,0,1
36716,lip_colour,0,0
36718,lip_colour,0,0
36719,lip_colour,0,0
36720,lip_colour,0,0
36721,lip_colour,0,0
36722,lip_colour,0,0
36723,lip_colour,0,0
36724,lip_colour,0,0
36726,lip_colour,0,0
36727,lip_colour,0,0
36728,lip_colour,0,0
36729,lip_colour,0,1
36731,lip_colour,0,0
36732,lip_colour,0,0
37085,lip_colour,0,0
37087,lip_colour,1,0
37089,lip_colour,0,0
37090,lip_colour,0,0
37091,lip_colour,0,0
37092,lip_colour,0,0
37093,lip_colour,0,0
37094,lip_colour,0,0
37095,lip_colour,0,0
37096,lip_colour,0,0
37097,lip_colour,0,0
37098,lip_colour,0,0
37099,lip_colour,0,1
37100,lip_colour,0,1
37101,lip_colour,0,0
37102,lip_colour,0,1
37103,lip_colour,0,0
37359,lip_colour,0,0
37360,lip_colour,0,0
37361,lip_colour,0,0
37362,lip_colour,0,0
37363,lip_colour,0,0
37365,lip_colour,0,0
37366,lip_colour,0,0
37367,lip_colour,0,0
37368,lip_colour,0,0
37690,lip_colour,0,0
37692,lip_colour,0,0
37693,lip_colour,0,1
37694,lip_colour,0,0
37695,lip_colour,0,0
37697,lip_colour,0,0
37698,lip_colour,0,1
37699,lip_colour,0,1
38087,lip_colour,0,0
38088,lip_colour,0,1
38089,lip_colour,0,0
38090,lip_colour,0,1
38092,lip_colour,0,0
38093,lip_colour,0,0
38094,lip_colour,0,0
38095,lip_colour,0,0
38096,lip_colour,0,0
38330,lip_colour,0,0
38332,lip_colour,0,0
38333,lip_colour,0,0
38334,lip_colour,0,0
38335,lip_colour,0,0
38336,lip_colour,0,0
38339,lip_colour,0,0
38751,lip_colour,0,0
38752,lip_colour,0,0
38753,lip_colour,1,0
38754,lip_colour,0,0
38755,lip_colour,0,0
38756,lip_colour,1,0
38757,lip_colour,0,0
38758,lip_colour,0,2
38759,lip_colour,0,0
38760,lip_colour,0,0
39157,lip_colour,0,0
39158,lip_colour,0,0
39159,lip_colour,0,0
39160,lip_colour,0,0
39161,lip_colour,0,0
39162,lip_colour,0,0
39163,lip_colour,0,0
39164,lip_colour,0,0
39165,lip_colour,0,0
39166,lip_colour,0,0
39167,lip_colour,0,0
39168,lip_colour,0,0
39169,lip_colour,0,0
39170,lip_colour,0,0
39171,lip_colour,0,0
39172,lip_colour,0,0
39173,lip_colour,0,0
39174,lip_colour,0,0
39175,lip_colour,0,0
39177,lip_colour,0,0
39178,lip_colour,0,0
39179,lip_colour,0,0
39180,lip_colour,0,0
41920,foundation,0,0
41921,foundation,0,0
41922,foundation,0,0
41923,foundation,0,0
41924,foundation,0,2
41925,foundation,0,0
41926,foundation,0,0
41927,foundation,0,2
41928,foundation,0,1
41929,foundation,0,0
42209,foundation,0,0
42210,foundation,0,0
42211,foundation,0,0
42212,foundation,0,0
42213,foundation,0,0
42214,foundation,0,0
42215,foundation,0,0
42216,foundation,0,0
42217,foundation,0,0
42218,foundation,0,0
42219,foundation,1,10
42220,foundation,0,0
42223,foundation,0,0
42225,foundation,0,2
42226,foundation,0,0
42227,foundation,0,1
31,emulsion,0,2
32,emulsion,0,0
36,emulsion,0,1
40,emulsion,0,0
348,emulsion,0,0
349,emulsion,0,0
350,emulsion,0,0
351,emulsion,0,0
352,emulsion,0,5
353,emulsion,0,0
354,emulsion,0,0
355,emulsion,0,1
356,emulsion,0,0
357,emulsion,1,10
358,emulsion,0,2
741,emulsion,0,0
742,emulsion,0,0
743,emulsion,0,0
744,emulsion,0,0
745,emulsion,0,0
746,emulsion,0,0
747,emulsion,0,1
748,emulsion,0,0
749,emulsion,0,0
750,emulsion,0,0
751,emulsion,0,0
752,emulsion,0,0
753,emulsion,0,1
755,emulsion,0,0
756,emulsion,0,0
757,emulsion,0,0
758,emulsion,0,1
759,emulsion,0,0
760,emulsion,0,0
761,emulsion,0,0
762,emulsion,0,0
764,emulsion,0,0
1080,emulsion,0,0
1081,emulsion,0,1
1082,emulsion,0,0
1084,emulsion,0,0
1087,emulsion,0,0
1088,emulsion,0,0
1089,emulsion,0,0
1090,emulsion,0,0
1091,emulsion,0,0
1093,emulsion,0,0
1094,emulsion,0,0
1095,emulsion,0,0
1096,emulsion,0,0
1097,emulsion,0,0
1098,emulsion,0,0
1099,emulsion,0,0
1100,emulsion,0,1
1381,emulsion,0,1
1382,emulsion,0,0
1383,emulsion,0,1
1384,emulsion,0,0
1385,emulsion,0,1
1386,emulsion,0,1
1387,emulsion,0,0
1388,emulsion,0,0
1389,emulsion,0,0
1390,emulsion,0,0
1391,emulsion,0,0
1393,emulsion,0,0
1394,emulsion,0,0
1395,emulsion,0,0
1396,emulsion,0,0
1397,emulsion,0,0
1399,emulsion,0,0
1400,emulsion,0,0
1728,emulsion,1,1
1729,emulsion,1,10
1730,emulsion,0,0
1731,emulsion,1,9
1732,emulsion,0,0
1733,emulsion,0,0
1734,emulsion,0,0
1735,emulsion,1,10
1736,emulsion,0,0
1737,emulsion,1,7
1738,emulsion,1,6
1739,emulsion,0,1
1740,emulsion,1,10
1741,emulsion,0,0
1742,emulsion,0,1
1743,emulsion,0,0
1744,emulsion,0,0
1745,emulsion,1,10
1746,emulsion,0,0
1747,emulsion,0,6
1748,emulsion,1,6
1749,emulsion,1,9
1750,emulsion,0,1
1751,emulsion,1,10
1752,emulsion,1,9
1753,emulsion,0,0
1754,emulsion,1,10
1755,emulsion,0,0
1756,emulsion,0,1
1757,emulsion,0,1
1758,emulsion,0,4
1759,emulsion,1,8
1761,emulsion,0,0
1762,emulsion,0,0
1763,emulsion,0,0
1764,emulsion,1,10
1765,emulsion,0,0
1766,emulsion,1,10
1767,emulsion,0,0
1768,emulsion,1,10
1769,emulsion,0,0
1770,emulsion,1,8
1771,emulsion,1,10
1773,emulsion,0,0
1774,emulsion,0,0
1775,emulsion,0,0
1776,emulsion,1,10
1777,emulsion,0,0
1778,emulsion,0,0
1779,emulsion,0,8
1780,emulsion,1,10
1781,emulsion,0,0
1782,emulsion,0,0
1783,emulsion,0,1
1784,emulsion,0,0
1785,emulsion,0,0
1786,emulsion,0,0
1787,emulsion,0,0
1788,emulsion,0,7
2082,emulsion,0,0
2083,emulsion,0,0
2084,emulsion,0,0
2085,emulsion,0,0
2086,emulsion,0,0
2087,emulsion,0,0
2088,emulsion,0,3
2089,emulsion,0,1
2090,emulsion,0,1
2091,emulsion,0,0
2092,emulsion,0,10
2093,emulsion,0,0
2094,emulsion,0,0
2095,emulsion,0,0
2096,emulsion,0,0
2097,emulsion,0,0
2098,emulsion,0,1
2099,emulsion,0,0
2100,emulsion,0,0
2101,emulsion,0,0
2102,emulsion,0,0
2103,emulsion,0,0
2104,emulsion,0,0
2105,emulsion,0,1
2106,emulsion,0,0
2107,emulsion,0,0
2108,emulsion,0,0
2109,emulsion,0,0
2110,emulsion,0,1
2111,emulsion,1,0
2112,emulsion,0,0
2113,emulsion,0,0
2114,emulsion,0,0
2115,emulsion,0,0
2116,emulsion,0,0
2117,emulsion,0,0
2118,emulsion,0,0
2119,emulsion,0,0
2120,emulsion,0,0
2121,emulsion,0,1
2122,emulsion,0,0
2123,emulsion,0,0
2124,emulsion,0,0
2125,emulsion,0,1
2126,emulsion,0,0
2127,emulsion,0,0
2129,emulsion,1,0
2131,emulsion,0,0
2498,emulsion,1,8
2499,emulsion,0,0
2500,emulsion,1,10
2501,emulsion,0,1
2502,emulsion,1,10
2504,emulsion,0,1
2505,emulsion,0,0
2506,emulsion,0,0
2507,emulsion,0,0
2508,emulsion,1,6
2509,emulsion,0,7
2510,emulsion,0,1
2512,emulsion,0,0
2513,emulsion,0,0
2514,emulsion,0,0
2515,emulsion,0,6
2516,emulsion,1,6
2517,emulsion,0,1
2518,emulsion,0,0
2519,emulsion,0,0
2520,emulsion,0,0
2521,emulsion,0,1
2522,emulsion,0,1
2523,emulsion,0,1
2524,emulsion,1,10
2525,emulsion,1,7
2526,emulsion,0,0
2527,emulsion,0,0
2528,emulsion,0,0
2530,emulsion,0,0
2531,emulsion,1,10
2532,emulsion,1,8
2533,emulsion,1,10
2535,emulsion,0,1
2537,emulsion,1,10
2538,emulsion,0,0
2539,emulsion,0,6
2540,emulsion,1,10
2541,emulsion,0,4
2542,emulsion,1,1
2543,emulsion,0,1
2544,emulsion,0,0
2545,emulsion,0,0
2546,emulsion,0,0
2547,emulsion,0,0
2548,emulsion,0,0
2549,emulsion,0,2
2550,emulsion,0,1
2551,emulsion,0,4
2552,emulsion,0,1
2553,emulsion,0,1
2554,emulsion,0,0
2555,emulsion,0,0
2556,emulsion,0,0
2557,emulsion,1,9
2558,emulsion,0,0
2559,emulsion,0,1
2560,emulsion,0,0
2562,emulsion,0,0
2563,emulsion,0,0
2564,emulsion,0,0
2565,emulsion,0,0
2566,emulsion,0,1
2567,emulsion,0,0
2569,emulsion,0,0
2570,emulsion,0,1
2571,emulsion,0,2
2572,emulsion,0,0
2573,emulsion,0,0
3001,emulsion,0,0
3002,emulsion,0,0
3003,emulsion,0,0
3004,emulsion,0,0
3005,emulsion,0,0
3006,emulsion,0,0
3007,emulsion,0,1
3009,emulsion,0,0
3010,emulsion,0,0
3011,emulsion,0,0
3012,emulsion,0,0
3013,emulsion,0,0
3015,emulsion,0,0
3016,emulsion,0,1
3017,emulsion,0,0
3018,emulsion,0,0
3020,emulsion,0,0
3021,emulsion,0,0
3022,emulsion,0,0
3023,emulsion,0,0
3024,emulsion,0,0
3025,emulsion,0,1
3026,emulsion,0,0
3027,emulsion,0,1
3028,emulsion,0,0
3029,emulsion,0,0
3030,emulsion,0,0
3031,emulsion,0,0
3032,emulsion,0,0
3033,emulsion,0,0
3034,emulsion,0,0
3035,emulsion,0,1
3036,emulsion,0,0
3037,emulsion,0,0
3038,emulsion,0,0
3040,emulsion,0,0
3041,emulsion,0,0
3042,emulsion,0,0
3043,emulsion,0,0
3045,emulsion,0,0
3046,emulsion,0,0
3047,emulsion,0,0
3048,emulsion,0,0
3049,emulsion,0,0
3050,emulsion,0,0
3051,emulsion,0,0
3053,emulsion,0,0
3054,emulsion,0,0
3055,emulsion,0,0
3056,emulsion,0,0
3057,emulsion,0,0
3058,emulsion,0,0
3059,emulsion,1,10
3060,emulsion,0,2
3061,emulsion,0,0
3062,emulsion,0,0
3063,emulsion,0,0
3064,emulsion,0,1
3065,emulsion,0,0
3067,emulsion,0,0
3068,emulsion,1,10
3069,emulsion,0,0
3072,emulsion,0,0
3073,emulsion,0,0
3074,emulsion,0,0
3075,emulsion,0,0
3076,emulsion,0,0
3077,emulsion,0,0
3078,emulsion,0,0
3079,emulsion,0,0
3081,emulsion,0,0
3082,emulsion,0,0
3084,emulsion,0,0
3086,emulsion,0,0
3087,emulsion,0,2
3088,emulsion,0,1
3089,emulsion,0,0
3090,emulsion,0,1
3091,emulsion,0,0
3092,emulsion,0,0
3094,emulsion,0,1
3096,emulsion,0,0
3097,emulsion,0,0
3098,emulsion,0,0
3099,emulsion,0,1
3100,emulsion,0,0
3101,emulsion,0,0
3102,emulsion,0,0
3103,emulsion,0,0
3104,emulsion,0,0
3105,emulsion,0,1
3106,emulsion,0,0
3107,emulsion,1,10
3108,emulsion,0,1
3111,emulsion,0,0
3112,emulsion,0,0
3113,emulsion,0,0
3114,emulsion,0,0
3115,emulsion,0,0
3117,emulsion,0,0
3118,emulsion,0,1
5644,face_cream,0,0
5645,face_cream,0,0
5647,face_cream,0,0
5648,face_cream,0,0
5649,face_cream,0,0
5650,face_cream,0,0
5651,face_cream,0,0
5652,face_cream,0,0
5653,face_cream,0,0
5654,face_cream,0,0
5655,face_cream,0,0
5657,face_cream,0,1
5658,face_cream,0,0
5659,face_cream,0,0
5660,face_cream,0,0
5661,face_cream,0,0
5662,face_cream,0,0
5663,face_cream,0,2
5946,face_cream,0,0
5947,face_cream,0,0
5948,face_cream,0,0
5949,face_cream,0,4
5950,face_cream,0,0
5951,face_cream,0,0
5952,face_cream,0,0
5953,face_cream,0,0
5954,face_cream,0,0
5955,face_cream,0,0
6242,face_cream,0,1
6243,face_cream,0,1
6244,face_cream,0,0
6246,face_cream,0,0
6247,face_cream,0,0
6248,face_cream,0,0
6250,face_cream,0,0
6251,face_cream,0,0
6581,face_cream,0,3
6582,face_cream,0,0
6583,face_cream,0,0
6584,face_cream,1,9
6586,face_cream,0,3
6587,face_cream,0,2
6588,face_cream,0,0
6589,face_cream,1,8
6590,face_cream,0,0
6591,face_cream,0,0
6592,face_cream,0,0
6593,face_cream,0,0
6594,face_cream,0,0
6595,face_cream,0,1
6597,face_cream,0,0
6598,face_cream,0,0
6599,face_cream,0,0
6600,face_cream,1,10
6937,face_cream,0,0
6938,face_cream,1,8
6939,face_cream,0,0
6940,face_cream,1,10
6941,face_cream,0,0
6942,face_cream,0,1
6943,face_cream,0,0
6944,face_cream,0,0
6945,face_cream,1,0
6946,face_cream,0,0
6947,face_cream,0,1
6949,face_cream,0,0
6950,face_cream,1,3
6952,face_cream,0,0
6953,face_cream,1,1
6954,face_cream,0,0
6955,face_cream,1,10
6956,face_cream,1,10
6957,face_cream,0,0
6958,face_cream,1,0
6959,face_cream,1,10
6960,face_cream,0,0
6961,face_cream,0,0
6962,face_cream,0,0
6964,face_cream,0,0
6965,face_cream,0,0
6966,face_cream,0,0
7240,face_cream,0,1
7241,face_cream,0,0
7242,face_cream,0,0
7243,face_cream,0,0
7244,face_cream,0,1
7245,face_cream,0,4
7246,face_cream,0,0
7247,face_cream,0,0
7248,face_cream,0,0
7249,face_cream,0,0
7250,face_cream,0,1
7251,face_cream,0,0
7252,face_cream,0,0
7253,face_cream,0,0
7254,face_cream,0,0
7255,face_cream,1,10
7256,face_cream,0,0
7257,face_cream,0,0
7258,face_cream,0,0
7259,face_cream,1,8
7614,face_cream,0,0
7615,face_cream,0,0
7616,face_cream,1,10
7618,face_cream,0,0
7619,face_cream,0,1
7620,face_cream,0,10
7622,face_cream,0,0
7623,face_cream,0,0
7624,face_cream,0,3
7625,face_cream,0,0
7627,face_cream,0,0
7628,face_cream,0,0
7630,face_cream,0,0
7632,face_cream,0,0
7633,face_cream,0,0
7635,face_cream,0,0
7636,face_cream,0,0
7637,face_cream,0,0
7638,face_cream,0,0
7639,face_cream,0,1
7640,face_cream,0,0
7641,face_cream,0,0
7642,face_cream,0,0
7895,face_cream,0,0
7896,face_cream,0,0
7897,face_cream,0,1
7899,face_cream,0,0
7901,face_cream,0,1
7902,face_cream,1,10
7903,face_cream,0,0
7904,face_cream,0,0
7905,face_cream,0,0
7906,face_cream,0,0
7907,face_cream,1,10
7908,face_cream,1,0
7910,face_cream,0,0
7911,face_cream,1,10
7912,face_cream,0,0
7913,face_cream,0,1
7914,face_cream,1,10
7916,face_cream,1,10
7917,face_cream,0,0
7919,face_cream,0,0
7920,face_cream,0,0
7921,face_cream,1,4
7922,face_cream,1,7
7923,face_cream,1,10
7924,face_cream,0,3
7925,face_cream,0,0
7926,face_cream,1,9
7927,face_cream,0,0
7928,face_cream,0,4
7929,face_cream,0,7
7930,face_cream,1,10
7931,face_cream,0,0
7932,face_cream,0,0
7933,face_cream,0,0
7934,face_cream,0,0
7935,face_cream,0,0
7936,face_cream,1,7
7937,face_cream,0,1
7938,face_cream,0,0
7939,face_cream,1,1
7940,face_cream,0,0
7941,face_cream,0,1
7942,face_cream,0,0
7943,face_cream,0,1
7944,face_cream,1,10
7945,face_cream,0,0
7946,face_cream,0,0
7947,face_cream,0,0
7948,face_cream,1,10
7949,face_cream,0,0
7950,face_cream,1,7
7951,face_cream,1,10
7952,face_cream,0,8
7954,face_cream,1,10
7956,face_cream,0,1
7957,face_cream,0,1
7958,face_cream,0,0
7960,face_cream,0,5
7961,face_cream,1,0
7962,face_cream,1,9
7963,face_cream,1,4
8374,face_cream,0,0
8375,face_cream,0,0
8376,face_cream,0,1
8377,face_cream,0,0
8378,face_cream,0,1
8379,face_cream,0,0
8380,face_cream,0,0
8381,face_cream,0,0
8382,face_cream,0,0
8383,face_cream,0,2
8384,face_cream,0,0
8385,face_cream,0,0
8387,face_cream,0,0
8388,face_cream,0,0
8389,face_cream,0,0
8390,face_cream,0,1
8391,face_cream,0,0
8392,face_cream,0,0
8393,face_cream,0,0
8394,face_cream,0,0
8652,face_cream,0,0
8653,face_cream,0,0
8654,face_cream,0,0
8655,face_cream,0,0
8656,face_cream,0,0
8657,face_cream,0,0
8658,face_cream,0,1
8659,face_cream,0,0
8660,face_cream,0,2
8661,face_cream,0,1
8663,face_cream,0,0
8664,face_cream,0,0
8665,face_cream,0,0
8666,face_cream,0,1
8667,face_cream,0,0
8668,face_cream,0,0
8669,face_cream,0,0
8670,face_cream,0,0
8671,face_cream,0,0
8673,face_cream,0,0
8674,face_cream,0,0
8675,face_cream,0,0
8676,face_cream,0,0
8677,face_cream,0,0
8678,face_cream,0,0
8679,face_cream,0,0
8680,face_cream,0,0
8681,face_cream,0,0
8682,face_cream,0,0
8683,face_cream,0,0
8684,face_cream,0,1
8685,face_cream,0,0
8686,face_cream,0,1
8687,face_cream,0,0
8688,face_cream,0,1
8689,face_cream,0,1
8690,face_cream,0,0
8691,face_cream,0,1
8692,face_cream,0,0
8693,face_cream,0,0
8694,face_cream,0,0
8695,face_cream,0,0
8696,face_cream,0,0
8697,face_cream,0,0
8698,face_cream,0,0
8699,face_cream,0,0
8700,face_cream,0,0
8701,face_cream,0,0
8702,face_cream,0,0
8703,face_cream,0,1
8705,face_cream,0,1
8706,face_cream,0,0
8707,face_cream,0,0
8708,face_cream,0,0
8709,face_cream,0,1
8710,face_cream,0,0
8711,face_cream,0,0
8712,face_cream,0,0
8713,face_cream,0,2
8714,face_cream,0,0
8715,face_cream,0,0
8716,face_cream,0,0
8717,face_cream,0,0
8718,face_cream,0,0
8719,face_cream,0,0
8720,face_cream,0,1
8722,face_cream,0,1
8723,face_cream,0,0
8724,face_cream,0,1
8725,face_cream,0,0
8726,face_cream,0,0
8727,face_cream,0,1
8728,face_cream,0,0
8729,face_cream,0,0
8730,face_cream,0,4
8731,face_cream,0,0
8732,face_cream,0,0
8733,face_cream,1,10
8734,face_cream,0,0
8735,face_cream,0,0
8736,face_cream,0,0
8737,face_cream,0,0
8738,face_cream,0,2
8739,face_cream,0,0
8740,face_cream,0,1
8741,face_cream,0,0
8975,face_cream,0,1
8976,face_cream,0,0
8978,face_cream,0,0
8979,face_cream,0,0
8980,face_cream,0,0
8981,face_cream,0,0
8982,face_cream,0,0
8984,face_cream,0,1
8986,face_cream,0,0
8988,face_cream,0,1
8989,face_cream,0,0
8990,face_cream,0,0
8991,face_cream,1,10
8992,face_cream,0,0
8993,face_cream,1,1
8995,face_cream,0,0
8996,face_cream,0,0
8997,face_cream,0,0
8999,face_cream,0,0
9000,face_cream,0,0
9001,face_cream,0,0
9002,face_cream,1,9
9003,face_cream,0,1
9005,face_cream,0,1
9006,face_cream,0,0
9007,face_cream,0,0
9008,face_cream,0,0
9009,face_cream,0,0
9010,face_cream,0,0
9011,face_cream,0,0
9012,face_cream,0,0
9013,face_cream,0,2
9014,face_cream,0,0
9015,face_cream,0,1
9016,face_cream,0,0
9017,face_cream,0,0
9018,face_cream,0,0
9019,face_cream,0,0
9020,face_cream,0,1
9022,face_cream,0,0
9023,face_cream,0,0
9024,face_cream,0,0
9025,face_cream,0,0
9026,face_cream,0,0
9027,face_cream,0,0
9028,face_cream,0,0
9029,face_cream,0,0
9030,face_cream,0,0
9031,face_cream,0,0
9033,face_cream,0,0
9034,face_cream,0,0
9035,face_cream,0,0
9036,face_cream,0,3
9037,face_cream,0,1
9038,face_cream,0,0
9039,face_cream,0,0
9040,face_cream,0,0
9041,face_cream,0,1
9042,face_cream,0,0
9043,face_cream,0,0
9044,face_cream,0,0
9047,face_cream,0,1
9048,face_cream,0,0
9049,face_cream,0,0
9050,face_cream,0,0
9051,face_cream,0,0
9052,face_cream,1,10
9053,face_cream,0,0
9054,face_cream,0,0
9387,face_cream,0,1
9388,face_cream,0,0
9389,face_cream,0,0
9390,face_cream,0,0
9391,face_cream,0,0
9392,face_cream,0,0
9394,face_cream,0,0
9395,face_cream,1,10
9396,face_cream,0,0
9398,face_cream,0,0
9399,face_cream,0,0
9400,face_cream,0,0
9401,face_cream,0,0
9402,face_cream,0,0
9403,face_cream,0,0
9404,face_cream,0,0
9405,face_cream,0,0
9406,face_cream,0,0
9408,face_cream,0,0
9409,face_cream,0,0
9411,face_cream,0,0
9412,face_cream,0,0
9413,face_cream,0,0
9414,face_cream,0,0
9415,face_cream,0,0
9416,face_cream,0,0
9417,face_cream,0,0
9418,face_cream,0,0
9419,face_cream,0,0
9420,face_cream,0,0
9422,face_cream,0,0
9423,face_cream,1,10
9424,face_cream,0,0
9425,face_cream,0,0
9426,face_cream,0,0
9427,face_cream,0,9
9428,face_cream,0,0
9429,face_cream,0,2
9430,face_cream,0,1
9431,face_cream,0,0
9432,face_cream,0,1
9434,face_cream,0,0
9435,face_cream,0,0
9436,face_cream,0,1
9437,face_cream,0,0
9438,face_cream,0,0
9439,face_cream,0,0
9440,face_cream,0,0
9441,face_cream,0,0
9442,face_cream,0,1
9443,face_cream,0,0
9444,face_cream,0,0
9445,face_cream,0,0
9446,face_cream,0,0
9447,face_cream,0,0
9451,face_cream,1,9
9453,face_cream,0,0
9454,face_cream,0,0
9456,face_cream,0,0
9458,face_cream,0,2
9459,face_cream,0,0
9460,face_cream,0,1
9798,face_cream,0,0
9800,face_cream,0,0
9801,face_cream,0,1
9802,face_cream,0,0
9803,face_cream,1,1
9806,face_cream,0,1
9807,face_cream,0,1
10145,serum_essence,0,3
10146,serum_essence,0,0
10147,serum_essence,0,0
10148,serum_essence,1,7
10149,serum_essence,0,8
10150,serum_essence,1,0
10151,serum_essence,0,0
10152,serum_essence,0,0
10153,serum_essence,0,5
10154,serum_essence,0,0
10155,serum_essence,0,0
10156,serum_essence,0,0
10157,serum_essence,0,1
10158,serum_essence,0,0
10159,serum_essence,0,1
10160,serum_essence,0,0
10161,serum_essence,1,8
10162,serum_essence,0,0
10163,serum_essence,0,1
10164,serum_essence,0,0
10431,serum_essence,0,0
10433,serum_essence,0,3
10434,serum_essence,0,2
10435,serum_essence,0,1
10436,serum_essence,0,0
10437,serum_essence,0,1
10438,serum_essence,0,0
10439,serum_essence,0,0
11096,serum_essence,0,0
11097,serum_essence,0,0
11098,serum_essence,0,0
11099,serum_essence,0,0
11101,serum_essence,0,1
11102,serum_essence,0,1
11103,serum_essence,0,0
11105,serum_essence,0,0
11396,serum_essence,0,1
11397,serum_essence,1,8
11398,serum_essence,0,3
11399,serum_essence,0,1
11400,serum_essence,1,10
11401,serum_essence,0,0
11402,serum_essence,1,9
11403,serum_essence,0,0
11405,serum_essence,0,0
11407,serum_essence,0,1
11408,serum_essence,0,0
11409,serum_essence,0,0
11410,serum_essence,1,10
11411,serum_essence,0,0
11412,serum_essence,0,0
11413,serum_essence,0,0
11414,serum_essence,0,8
11415,serum_essence,1,9
11750,serum_essence,0,0
11751,serum_essence,0,0
11752,serum_essence,0,0
11753,serum_essence,0,0
11754,serum_essence,1,1
11755,serum_essence,0,0
11756,serum_essence,1,10
11757,serum_essence,0,0
11759,serum_essence,0,0
11760,serum_essence,0,0
11762,serum_essence,0,0
11763,serum_essence,0,1
11764,serum_essence,0,0
11766,serum_essence,0,1
11767,serum_essence,0,0
11768,serum_essence,0,0
11769,serum_essence,0,0
11770,serum_essence,0,0
11771,serum_essence,0,0
11772,serum_essence,0,2
11774,serum_essence,1,10
11775,serum_essence,1,6
11776,serum_essence,1,10
11777,serum_essence,0,0
11778,serum_essence,1,9
11779,serum_essence,0,0
12078,serum_essence,0,1
12079,serum_essence,0,0
12080,serum_essence,0,0
12081,serum_essence,0,0
12082,serum_essence,0,2
12083,serum_essence,0,0
12084,serum_essence,0,1
12085,serum_essence,0,0
12432,serum_essence,0,1
12433,serum_essence,0,0
12434,serum_essence,0,0
12435,serum_essence,1,10
12436,serum_essence,0,0
12437,serum_essence,0,2
12438,serum_essence,0,0
12439,serum_essence,1,0
12440,serum_essence,0,0
12441,serum_essence,0,0
12770,serum_essence,0,0
12771,serum_essence,0,0
12772,serum_essence,0,0
12773,serum_essence,1,8
12776,serum_essence,0,0
12777,serum_essence,0,0
12778,serum_essence,0,0
12779,serum_essence,0,0
12780,serum_essence,1,10
12782,serum_essence,0,0
12783,serum_essence,0,0
12784,serum_essence,0,0
12785,serum_essence,0,0
12786,serum_essence,0,0
12787,serum_essence,0,0
12788,serum_essence,0,0
12789,serum_essence,0,0
13021,serum_essence,0,1
13022,serum_essence,0,0
13023,serum_essence,0,0
13024,serum_essence,0,1
13026,serum_essence,0,0
13027,serum_essence,0,0
13028,serum_essence,0,1
13029,serum_essence,0,0
13030,serum_essence,0,0
13031,serum_essence,0,1
13033,serum_essence,1,1
13034,serum_essence,0,0
13035,serum_essence,0,0
13036,serum_essence,0,0
13037,serum_essence,0,1
13039,serum_essence,0,1
13040,serum_essence,0,0
13041,serum_essence,0,1
13042,serum_essence,0,0
13045,serum_essence,0,0
13047,serum_essence,0,0
13048,serum_essence,0,0
13049,serum_essence,0,0
13052,serum_essence,0,0
13053,serum_essence,0,1
13054,serum_essence,0,0
13055,serum_essence,0,2
13057,serum_essence,0,0
13058,serum_essence,0,0
13059,serum_essence,0,0
13060,serum_essence,0,0
13355,serum_essence,0,0
13357,serum_essence,0,0
13358,serum_essence,0,1
13359,serum_essence,0,0
13360,serum_essence,0,0
13361,serum_essence,0,0
13362,serum_essence,0,0
13363,serum_essence,0,2
13364,serum_essence,0,0
13365,serum_essence,0,1
13366,serum_essence,0,0
13367,serum_essence,0,0
13368,serum_essence,0,0
13369,serum_essence,0,0
13371,serum_essence,0,0
13372,serum_essence,0,7
13373,serum_essence,0,0
13374,serum_essence,0,0
13375,serum_essence,0,0
13376,serum_essence,0,0
13377,serum_essence,0,1
13378,serum_essence,0,0
13379,serum_essence,0,0
13801,serum_essence,0,1
13802,serum_essence,0,0
13803,serum_essence,1,6
13804,serum_essence,0,0
13805,serum_essence,0,1
13806,serum_essence,0,0
13807,serum_essence,0,0
13809,serum_essence,0,0
13810,serum_essence,0,1
13811,serum_essence,1,9
13812,serum_essence,0,0
13813,serum_essence,0,0
13814,serum_essence,0,8
13816,serum_essence,1,10
13817,serum_essence,0,0
13818,serum_essence,1,9
13819,serum_essence,1,8
13821,serum_essence,0,5
13822,serum_essence,1,10
13823,serum_essence,1,8
13825,serum_essence,0,0
13827,serum_essence,0,0
13828,serum_essence,0,0
13830,serum_essence,0,0
13831,serum_essence,1,9
13832,serum_essence,0,0
13833,serum_essence,1,9
13834,serum_essence,0,4
13835,serum_essence,1,10
13836,serum_essence,1,7
13837,serum_essence,1,10
13838,serum_essence,0,0
13839,serum_essence,0,0
13840,serum_essence,1,10
13843,serum_essence,1,10
13844,serum_essence,1,7
13845,serum_essence,1,10
13847,serum_essence,1,10
13849,serum_essence,0,1
13850,serum_essence,1,8
13851,serum_essence,0,0
13852,serum_essence,0,1
13853,serum_essence,1,10
13854,serum_essence,0,0
13855,serum_essence,0,0
13857,serum_essence,0,0
13858,serum_essence,0,0
13859,serum_essence,1,10
13860,serum_essence,0,0
13861,serum_essence,0,0
13863,serum_essence,1,10
13864,serum_essence,0,0
13865,serum_essence,0,10
13866,serum_essence,0,0
13867,serum_essence,0,0
13868,serum_essence,0,0
13869,serum_essence,0,0
13870,serum_essence,0,0
14218,serum_essence,0,1
14219,serum_essence,1,7
14220,serum_essence,0,0
14221,serum_essence,0,0
14222,serum_essence,1,9
14223,serum_essence,0,1
14224,serum_essence,0,0
14225,serum_essence,0,1
14226,serum_essence,0,1
14227,serum_essence,0,0
14228,serum_essence,0,0
14229,serum_essence,0,0
14230,serum_essence,0,1
14231,serum_essence,0,0
14232,serum_essence,0,1
14233,serum_essence,0,9
14234,serum_essence,1,10
14235,serum_essence,0,0
14237,serum_essence,1,8
14238,serum_essence,1,10
14239,serum_essence,0,0
14240,serum_essence,1,10
14242,serum_essence,0,0
14243,serum_essence,0,0
14244,serum_essence,0,0
14245,serum_essence,0,0
14246,serum_essence,0,0
14247,serum_essence,0,0
14248,serum_essence,0,0
14249,serum_essence,0,1
14250,serum_essence,0,0
14251,serum_essence,0,0
14252,serum_essence,0,0
14253,serum_essence,0,0
14254,serum_essence,0,0
14255,serum_essence,0,1
14256,serum_essence,0,1
14257,serum_essence,0,0
14259,serum_essence,0,0
14260,serum_essence,0,0
14817,serum_essence,1,10
14818,serum_essence,1,7
14819,serum_essence,0,1
14820,serum_essence,1,10
14821,serum_essence,0,8
14822,serum_essence,0,0
14823,serum_essence,1,10
14824,serum_essence,1,10
14825,serum_essence,1,10
14826,serum_essence,1,10
14827,serum_essence,1,10
14828,serum_essence,0,0
15835,sun_protection,0,0
15836,sun_protection,0,0
15837,sun_protection,0,2
15838,sun_protection,0,0
15839,sun_protection,0,0
15840,sun_protection,0,0
15841,sun_protection,0,0
15842,sun_protection,0,0
15843,sun_protection,0,1
15844,sun_protection,0,0
15845,sun_protection,0,0
15846,sun_protection,0,0
15847,sun_protection,0,0
15848,sun_protection,0,0
15851,sun_protection,0,0
15852,sun_protection,0,0
15853,sun_protection,0,1
15854,sun_protection,0,0
15855,sun_protection,0,2
15856,sun_protection,0,0
15857,sun_protection,0,0
15858,sun_protection,0,0
15859,sun_protection,0,0
15860,sun_protection,0,0
15861,sun_protection,0,2
15862,sun_protection,0,0
15863,sun_protection,0,1
15864,sun_protection,0,0
15865,sun_protection,0,0
15866,sun_protection,0,1
15867,sun_protection,0,0
15868,sun_protection,0,0
15869,sun_protection,0,0
15870,sun_protection,0,0
15871,sun_protection,0,0
15872,sun_protection,0,0
15873,sun_protection,0,0
15874,sun_protection,0,1
15875,sun_protection,0,0
15876,sun_protection,0,0
15877,sun_protection,0,0
15878,sun_protection,0,0
15879,sun_protection,0,0
15880,sun_protection,0,0
15881,sun_protection,0,0
15882,sun_protection,0,0
15883,sun_protection,0,0
15884,sun_protection,0,0
16155,sun_protection,0,0
16156,sun_protection,0,0
16157,sun_protection,0,0
16158,sun_protection,0,0
16159,sun_protection,0,0
16160,sun_protection,0,0
16161,sun_protection,0,0
16162,sun_protection,0,2
16164,sun_protection,0,0
16165,sun_protection,0,0
16166,sun_protection,0,0
16167,sun_protection,0,0
16168,sun_protection,0,0
16170,sun_protection,0,0
16171,sun_protection,0,0
16172,sun_protection,0,2
16173,sun_protection,0,0
16174,sun_protection,0,0
16495,sun_protection,0,0
16496,sun_protection,0,0
16497,sun_protection,0,0
16498,sun_protection,0,0
16499,sun_protection,0,0
16500,sun_protection,0,0
16501,sun_protection,0,0
16502,sun_protection,0,0
16503,sun_protection,0,0
16504,sun_protection,0,0
18642,face_wash,0,0
18644,face_wash,0,0
18645,face_wash,0,0
18647,face_wash,0,0
18648,face_wash,0,0
18649,face_wash,0,1
18650,face_wash,0,0
18651,face_wash,0,1
18971,face_wash,0,0
18972,face_wash,1,0
18973,face_wash,0,0
18974,face_wash,1,8
18975,face_wash,0,0
18976,face_wash,0,0
18977,face_wash,0,0
18978,face_wash,0,0
18979,face_wash,0,8
18980,face_wash,1,10
18981,face_wash,0,0
18982,face_wash,0,0
18983,face_wash,0,0
18984,face_wash,1,10
18985,face_wash,0,0
18986,face_wash,0,1
18987,face_wash,1,10
18988,face_wash,0,1
19277,face_wash,0,0
19278,face_wash,0,0
19280,face_wash,0,0
19281,face_wash,0,1
19283,face_wash,0,0
19596,face_wash,0,0
19597,face_wash,0,0
19598,face_wash,0,0
19599,face_wash,0,0
19600,face_wash,0,0
19601,face_wash,0,0
19602,face_wash,0,0
19603,face_wash,0,0
19604,face_wash,0,0
19956,face_wash,0,0
19957,face_wash,0,0
19958,face_wash,0,1
19959,face_wash,0,0
19960,face_wash,1,9
19961,face_wash,0,1
19962,face_wash,1,10
19963,face_wash,0,0
19964,face_wash,0,0
19965,face_wash,1,7
19966,face_wash,0,0
19968,face_wash,0,0
19969,face_wash,0,0
19970,face_wash,0,0
19971,face_wash,0,0
19972,face_wash,0,0
19973,face_wash,0,1
19974,face_wash,0,1
19975,face_wash,0,0
19977,face_wash,0,0
19983,face_wash,0,0
19984,face_wash,0,0
19985,face_wash,0,0
20270,face_wash,0,0
20271,face_wash,0,0
20272,face_wash,0,0
20273,face_wash,0,1
20274,face_wash,0,0
20275,face_wash,0,0
20277,face_wash,0,0
20278,face_wash,0,0
20280,face_wash,0,0
20281,face_wash,0,0
20282,face_wash,0,0
20283,face_wash,0,0
20285,face_wash,0,0
20286,face_wash,0,0
20288,face_wash,0,0
20289,face_wash,0,0
20290,face_wash,0,0
20291,face_wash,0,0
20292,face_wash,0,1
20293,face_wash,0,0
20294,face_wash,0,0
20295,face_wash,0,0
20296,face_wash,0,1
20298,face_wash,0,0
20299,face_wash,0,0
20637,face_wash,0,0
20638,face_wash,0,0
20639,face_wash,0,0
20640,face_wash,0,0
20641,face_wash,0,1
20642,face_wash,0,0
20643,face_wash,0,1
20644,face_wash,0,2
20645,face_wash,0,0
20646,face_wash,0,0
20647,face_wash,0,1
20648,face_wash,0,0
20649,face_wash,0,0
20650,face_wash,0,0
20651,face_wash,0,0
20652,face_wash,0,0
20653,face_wash,0,0
20654,face_wash,0,1
20655,face_wash,0,0
20657,face_wash,0,0
20658,face_wash,0,1
20659,face_wash,0,0
20660,face_wash,0,0
20661,face_wash,0,0
20662,face_wash,0,0
20663,face_wash,0,0
20665,face_wash,0,0
20981,face_wash,0,0
20982,face_wash,0,0
20983,face_wash,0,0
20984,face_wash,0,0
20985,face_wash,0,0
20986,face_wash,0,0
20987,face_wash,0,0
20988,face_wash,0,0
20989,face_wash,0,0
20990,face_wash,0,0
20991,face_wash,0,0
20992,face_wash,0,0
20993,face_wash,0,0
20995,face_wash,0,0
20996,face_wash,0,0
20997,face_wash,0,0
20998,face_wash,0,0
20999,face_wash,0,0
21000,face_wash,0,0
21001,face_wash,0,0
21002,face_wash,0,0
21004,face_wash,0,0
21006,face_wash,0,0
21008,face_wash,0,2
21009,face_wash,0,0
21010,face_wash,0,0
21253,face_wash,0,2
21254,face_wash,0,0
21255,face_wash,0,2
21256,face_wash,0,0
21257,face_wash,0,0
21258,face_wash,0,0
21259,face_wash,0,0
21260,face_wash,0,0
21261,face_wash,0,0
21262,face_wash,0,0
21263,face_wash,0,0
21264,face_wash,0,1
21266,face_wash,0,0
21267,face_wash,0,0
21268,face_wash,0,0
21269,face_wash,0,0
21270,face_wash,0,0
21271,face_wash,0,0
21272,face_wash,0,0
21273,face_wash,0,0
21274,face_wash,0,0
21275,face_wash,0,0
21276,face_wash,0,0
21277,face_wash,0,0
21278,face_wash,0,0
21279,face_wash,0,0
21280,face_wash,0,0
21281,face_wash,0,0
21282,face_wash,0,0
21283,face_wash,0,0
21284,face_wash,0,1
21286,face_wash,0,0
21287,face_wash,0,0
21288,face_wash,0,0
21289,face_wash,0,0
21290,face_wash,0,1
21291,face_wash,0,0
21292,face_wash,0,0
21293,face_wash,0,0
21294,face_wash,0,0
21295,face_wash,0,0
21296,face_wash,0,0
21298,face_wash,0,0
21299,face_wash,0,0
21300,face_wash,0,0
21301,face_wash,0,0
21672,face_wash,0,0
21673,face_wash,0,0
21674,face_wash,0,1
21675,face_wash,0,1
21676,face_wash,0,1
21677,face_wash,0,0
21678,face_wash,0,0
21679,face_wash,0,0
21680,face_wash,0,1
21681,face_wash,0,1
21683,face_wash,0,0
21684,face_wash,0,1
21685,face_wash,0,0
21686,face_wash,0,0
21687,face_wash,0,0
21688,face_wash,0,0
21689,face_wash,0,0
21690,face_wash,0,0
21691,face_wash,0,0
21692,face_wash,0,0
21693,face_wash,0,1
21694,face_wash,0,1
21695,face_wash,0,0
21696,face_wash,0,0
21697,face_wash,0,0
21698,face_wash,0,0
21699,face_wash,0,0
21700,face_wash,0,0
21701,face_wash,0,0
21702,face_wash,0,0
21703,face_wash,0,0
21704,face_wash,0,0
21705,face_wash,0,0
21706,face_wash,0,0
21707,face_wash,0,0
21708,face_wash,0,0
21709,face_wash,0,0
21710,face_wash,0,0
21711,face_wash,0,1
21712,face_wash,0,0
21714,face_wash,0,0
21715,face_wash,0,1
21716,face_wash,0,0
21717,face_wash,0,0
21718,face_wash,0,0
21719,face_wash,0,0
21720,face_wash,0,0
21721,face_wash,0,0
21723,face_wash,0,0
21726,face_wash,0,0
21727,face_wash,0,0
21728,face_wash,0,0
21729,face_wash,0,0
21730,face_wash,0,0
21732,face_wash,0,0
21733,face_wash,0,0
21734,face_wash,0,0
21735,face_wash,0,0
21736,face_wash,0,0
21737,face_wash,0,0
21738,face_wash,0,0
21739,face_wash,0,0
21740,face_wash,0,0
21741,face_wash,0,0
21743,face_wash,0,0
21744,face_wash,0,1
21745,face_wash,0,0
21747,face_wash,0,1
21748,face_wash,0,0
21749,face_wash,0,0
21750,face_wash,0,0
21751,face_wash,0,0
21752,face_wash,0,0
21753,face_wash,0,0
21754,face_wash,0,0
21755,face_wash,0,0
21756,face_wash,0,0
21757,face_wash,0,0
21759,face_wash,0,0
21761,face_wash,0,1
21762,face_wash,0,0
21763,face_wash,0,0
21764,face_wash,0,0
21766,face_wash,0,0
21767,face_wash,0,0
21768,face_wash,0,0
21769,face_wash,0,0
21770,face_wash,0,0
21771,face_wash,0,0
21772,face_wash,0,0
21774,face_wash,0,0
21775,face_wash,0,0
21776,face_wash,0,1
21777,face_wash,0,0
21778,face_wash,0,0
22014,face_wash,0,1
22015,face_wash,0,0
22016,face_wash,0,0
22017,face_wash,0,0
22018,face_wash,0,1
22019,face_wash,0,0
22021,face_wash,0,0
22022,face_wash,0,0
22023,face_wash,0,0
22025,face_wash,0,0
22026,face_wash,0,0
22027,face_wash,1,0
22028,face_wash,0,1
22029,face_wash,0,0
22030,face_wash,0,0
22031,face_wash,0,0
22032,face_wash,0,0
22033,face_wash,0,1
22034,face_wash,0,0
22035,face_wash,0,1
22036,face_wash,0,0
22037,face_wash,0,1
22039,face_wash,0,0
22040,face_wash,0,0
22041,face_wash,0,0
22043,face_wash,0,0
22044,face_wash,0,0
22045,face_wash,0,0
22046,face_wash,0,0
22047,face_wash,0,0
22048,face_wash,0,0
22049,face_wash,0,2
22050,face_wash,0,0
22051,face_wash,0,1
22054,face_wash,0,0
22055,face_wash,0,0
22056,face_wash,0,0
22057,face_wash,0,0
22058,face_wash,0,0
22059,face_wash,0,0
22060,face_wash,0,0
22061,face_wash,1,10
22062,face_wash,0,0
22063,face_wash,0,0
22537,face_wash,0,0
22538,face_wash,0,0
22539,face_wash,0,0
22540,face_wash,0,9
22542,face_wash,0,0
22543,face_wash,0,0
23439,cleansing,0,0
23440,cleansing,0,0
23441,cleansing,0,0
23442,cleansing,0,0
23443,cleansing,0,0
23445,cleansing,0,0
23446,cleansing,0,0
23776,cleansing,0,0
23777,cleansing,0,0
23778,cleansing,0,0
23779,cleansing,0,0
23780,cleansing,0,0
23781,cleansing,0,0
23782,cleansing,0,0
23783,cleansing,0,0
23784,cleansing,0,0
23785,cleansing,0,0
24099,cleansing,0,0
24100,cleansing,0,0
24101,cleansing,0,0
24103,cleansing,0,0
24104,cleansing,0,0
24105,cleansing,0,0
24106,cleansing,0,0
24107,cleansing,0,0
24108,cleansing,0,0
24109,cleansing,0,0
24111,cleansing,0,0
24112,cleansing,0,0
24113,cleansing,0,0
24114,cleansing,0,1
24115,cleansing,0,0
24116,cleansing,0,0
24117,cleansing,0,1
24425,cleansing,0,0
24426,cleansing,0,0
24428,cleansing,0,0
24429,cleansing,0,0
24430,cleansing,0,0
24431,cleansing,0,0
24432,cleansing,0,0
24433,cleansing,0,1
24434,cleansing,0,0
24435,cleansing,0,0
24436,cleansing,0,0
24437,cleansing,0,0
24438,cleansing,0,2
24439,cleansing,0,0
24440,cleansing,0,8
24441,cleansing,0,0
24442,cleansing,0,0
24443,cleansing,0,0
24444,cleansing,0,0
24727,cleansing,0,0
24729,cleansing,0,0
24730,cleansing,0,1
24731,cleansing,0,0
24732,cleansing,0,1
24733,cleansing,0,0
24734,cleansing,0,0
24737,cleansing,0,0
24738,cleansing,0,2
24739,cleansing,1,10
24740,cleansing,0,0
24741,cleansing,0,0
24742,cleansing,0,0
24743,cleansing,0,0
24744,cleansing,0,0
24745,cleansing,0,0
24746,cleansing,0,0
24747,cleansing,0,0
24748,cleansing,0,2
24749,cleansing,0,1
24750,cleansing,0,0
24751,cleansing,0,1
24752,cleansing,0,1
25044,cleansing,0,0
25047,cleansing,0,0
25048,cleansing,0,0
25049,cleansing,0,1
25050,cleansing,0,0
25051,cleansing,0,0
25052,cleansing,0,1
25053,cleansing,1,10
25054,cleansing,0,0
25055,cleansing,0,0
25056,cleansing,0,0
25057,cleansing,0,0
25058,cleansing,0,0
25059,cleansing,0,0
25061,cleansing,0,1
25062,cleansing,0,0
25397,cleansing,0,1
25398,cleansing,0,0
25399,cleansing,0,1
25400,cleansing,0,1
25401,cleansing,0,0
25402,cleansing,0,0
25403,cleansing,0,0
25404,cleansing,0,1
25405,cleansing,0,0
25406,cleansing,0,1
25408,cleansing,0,0
25409,cleansing,0,0
25410,cleansing,0,0
25411,cleansing,0,0
25412,cleansing,0,0
25413,cleansing,0,0
25414,cleansing,0,0
25415,cleansing,0,0
25416,cleansing,0,0
25712,cleansing,0,0
25714,cleansing,0,4
25715,cleansing,0,3
25716,cleansing,1,8
25717,cleansing,1,6
25718,cleansing,0,0
25719,cleansing,0,1
25720,cleansing,0,0
25721,cleansing,0,0
25722,cleansing,0,0
25724,cleansing,1,7
25725,cleansing,0,0
25727,cleansing,0,0
25729,cleansing,0,0
25730,cleansing,0,0
26061,cleansing,0,1
26062,cleansing,0,0
26063,cleansing,0,2
26064,cleansing,0,0
26065,cleansing,0,0
26066,cleansing,0,0
26067,cleansing,0,0
26068,cleansing,0,0
26069,cleansing,0,1
26070,cleansing,0,1
26071,cleansing,0,0
26072,cleansing,0,1
26073,cleansing,0,0
26074,cleansing,0,0
26075,cleansing,0,0
26076,cleansing,0,0
26077,cleansing,0,0
26078,cleansing,0,1
26079,cleansing,0,0
26080,cleansing,0,0
26081,cleansing,0,0
26083,cleansing,0,0
26084,cleansing,0,1
26085,cleansing,0,0
26086,cleansing,0,0
26087,cleansing,0,0
26088,cleansing,0,0
26089,cleansing,0,2
26090,cleansing,0,0
26091,cleansing,0,0
26092,cleansing,0,2
26093,cleansing,0,0
26094,cleansing,0,0
26095,cleansing,0,0
26096,cleansing,0,1
26097,cleansing,0,0
26098,cleansing,0,0
26099,cleansing,0,0
26100,cleansing,0,0
26101,cleansing,0,0
26102,cleansing,1,10
26103,cleansing,0,0
26104,cleansing,0,0
26105,cleansing,0,0
26106,cleansing,0,0
26107,cleansing,0,0
26108,cleansing,0,0
26109,cleansing,0,0
26111,cleansing,0,1
26112,cleansing,0,0
26113,cleansing,0,0
26114,cleansing,0,0
26115,cleansing,0,9
26116,cleansing,0,0
26117,cleansing,0,3
26118,cleansing,0,0
26119,cleansing,0,2
26120,cleansing,1,0
26442,cleansing,0,1
26443,cleansing,0,0
26444,cleansing,0,0
26445,cleansing,0,3
26446,cleansing,0,0
26447,cleansing,0,0
26448,cleansing,0,1
26449,cleansing,0,1
26450,cleansing,0,0
26451,cleansing,0,0
26452,cleansing,0,1
26453,cleansing,0,0
26454,cleansing,0,0
26456,cleansing,0,0
26457,cleansing,0,1
26458,cleansing,0,0
26459,cleansing,0,0
26460,cleansing,0,0
26462,cleansing,0,0
26463,cleansing,0,0
26464,cleansing,0,0
26465,cleansing,0,0
26466,cleansing,0,1
26468,cleansing,0,0
26469,cleansing,0,0
26470,cleansing,0,0
26471,cleansing,0,0
26472,cleansing,0,0
26475,cleansing,0,0
26476,cleansing,0,0
26477,cleansing,0,0
26478,cleansing,0,3
26481,cleansing,0,0
26484,cleansing,0,0
26485,cleansing,0,0
26486,cleansing,0,0
26487,cleansing,0,0
26489,cleansing,0,0
26490,cleansing,0,0
26492,cleansing,0,0
26493,cleansing,0,0
26494,cleansing,0,0
26495,cleansing,0,0
26496,cleansing,0,0
26497,cleansing,0,0
26498,cleansing,0,0
26499,cleansing,0,0
26500,cleansing,0,0
26501,cleansing,0,1
26889,cleansing,0,1
26890,cleansing,0,0
26891,cleansing,0,0
26892,cleansing,0,1
26893,cleansing,0,0
26894,cleansing,0,5
26895,cleansing,0,0
26896,cleansing,0,0
26897,cleansing,0,0
26898,cleansing,0,0
26899,cleansing,0,0
26900,cleansing,0,1
26901,cleansing,0,0
26902,cleansing,0,0
26903,cleansing,0,0
26904,cleansing,0,0
26905,cleansing,0,0
26906,cleansing,0,0
26907,cleansing,0,1
26908,cleansing,0,1
26909,cleansing,0,0
26911,cleansing,0,0
26912,cleansing,0,0
26913,cleansing,0,0
26914,cleansing,0,1
26915,cleansing,0,0
26916,cleansing,0,1
26917,cleansing,0,0
26918,cleansing,0,0
26919,cleansing,0,0
26921,cleansing,0,0
26922,cleansing,0,0
26923,cleansing,0,0
26924,cleansing,0,0
26925,cleansing,0,2
26926,cleansing,0,0
26927,cleansing,0,0
26928,cleansing,0,0
26929,cleansing,0,0
26930,cleansing,0,0
26931,cleansing,0,0
26932,cleansing,0,0
26933,cleansing,0,0
26935,cleansing,0,0
26937,cleansing,0,2
26938,cleansing,0,0
26939,cleansing,0,0
26940,cleansing,0,0
26941,cleansing,0,0
27317,cleansing,0,0
27318,cleansing,0,0
27319,cleansing,0,0
27320,cleansing,0,0
27321,cleansing,0,0
27322,cleansing,0,0
27323,cleansing,0,0
27324,cleansing,0,0
27325,cleansing,0,0
27327,cleansing,0,0
27328,cleansing,0,2
27329,cleansing,0,0
27331,cleansing,0,0
27332,cleansing,0,0
27712,cleansing,0,0
27713,cleansing,0,0
27714,cleansing,0,0
27715,cleansing,0,0
27716,cleansing,0,0
27717,cleansing,0,0
27718,cleansing,0,0
27719,cleansing,0,0
27720,cleansing,0,1
27721,cleansing,0,0
28359,toner_lotion,0,0
28360,toner_lotion,0,0
28361,toner_lotion,0,0
28363,toner_lotion,0,0
28364,toner_lotion,0,0
28365,toner_lotion,0,0
28366,toner_lotion,0,0
28367,toner_lotion,0,0
28368,toner_lotion,0,1
29003,toner_lotion,0,1
29004,toner_lotion,0,0
29005,toner_lotion,0,0
29006,toner_lotion,0,0
29007,toner_lotion,0,0
29008,toner_lotion,0,1
29009,toner_lotion,0,0
29010,toner_lotion,0,1
29011,toner_lotion,0,0
29013,toner_lotion,0,0
29014,toner_lotion,0,0
29015,toner_lotion,0,0
29017,toner_lotion,0,0
29018,toner_lotion,0,0
29019,toner_lotion,0,0
29020,toner_lotion,0,1
29419,toner_lotion,1,8
29420,toner_lotion,0,0
29421,toner_lotion,0,1
29422,toner_lotion,0,0
29423,toner_lotion,0,0
29424,toner_lotion,0,0
29425,toner_lotion,0,0
29426,toner_lotion,0,0
29427,toner_lotion,0,0
29428,toner_lotion,1,8
29429,toner_lotion,0,0
29430,toner_lotion,0,0
29431,toner_lotion,0,0
29432,toner_lotion,0,0
29433,toner_lotion,1,10
29434,toner_lotion,0,0
29435,toner_lotion,0,0
29436,toner_lotion,1,10
29437,toner_lotion,0,0
29438,toner_lotion,0,0
29439,toner_lotion,0,0
29440,toner_lotion,1,8
29441,toner_lotion,0,1
29442,toner_lotion,0,0
29443,toner_lotion,1,10
29444,toner_lotion,0,0
29446,toner_lotion,0,0
29448,toner_lotion,0,0
29449,toner_lotion,1,10
29450,toner_lotion,0,0
29451,toner_lotion,0,0
29452,toner_lotion,0,0
29453,toner_lotion,0,0
29455,toner_lotion,1,4
29456,toner_lotion,0,0
29457,toner_lotion,0,0
29458,toner_lotion,1,9
29459,toner_lotion,0,0
29460,toner_lotion,0,1
29461,toner_lotion,0,0
29462,toner_lotion,0,0
29463,toner_lotion,1,10
29464,toner_lotion,0,0
29465,toner_lotion,0,0
29466,toner_lotion,1,10
29467,toner_lotion,0,0
29468,toner_lotion,1,10
29469,toner_lotion,0,0
29470,toner_lotion,0,0
29471,toner_lotion,0,0
29472,toner_lotion,0,0
29474,toner_lotion,0,0
29475,toner_lotion,0,1
29476,toner_lotion,0,0
29477,toner_lotion,0,1
29478,toner_lotion,0,0
29479,toner_lotion,0,7
29480,toner_lotion,0,0
29481,toner_lotion,0,0
29482,toner_lotion,1,9
29483,toner_lotion,0,9
29484,toner_lotion,0,0
29485,toner_lotion,0,0
29488,toner_lotion,0,1
30658,eye_shadow,0,0
30659,eye_shadow,0,0
30661,eye_shadow,0,1
30662,eye_shadow,0,0
30663,eye_shadow,0,0
30664,eye_shadow,0,0
30665,eye_shadow,0,1
30666,eye_shadow,0,0
30667,eye_shadow,0,0
30668,eye_shadow,0,0
30669,eye_shadow,0,0
30671,eye_shadow,0,1
30672,eye_shadow,0,0
30674,eye_shadow,0,0
30991,eye_shadow,0,0
30992,eye_shadow,0,0
30993,eye_shadow,0,0
30994,eye_shadow,0,0
30995,eye_shadow,0,0
30996,eye_shadow,0,0
30997,eye_shadow,0,0
30998,eye_shadow,0,0
30999,eye_shadow,0,0
31000,eye_shadow,0,0
31001,eye_shadow,0,0
31002,eye_shadow,0,1
31003,eye_shadow,0,0
31004,eye_shadow,0,0
31005,eye_shadow,0,0
31006,eye_shadow,0,0
31007,eye_shadow,0,0
31008,eye_shadow,0,0
31009,eye_shadow,0,0
31010,eye_shadow,0,0
31637,eye_shadow,0,0
31974,eye_shadow,0,0
31977,eye_shadow,0,0
31979,eye_shadow,0,0
31980,eye_shadow,0,0
31982,eye_shadow,0,0
31983,eye_shadow,0,0
31984,eye_shadow,0,0
31985,eye_shadow,0,0
31986,eye_shadow,0,0
31987,eye_shadow,0,0
31988,eye_shadow,0,0
31989,eye_shadow,0,1
31990,eye_shadow,0,0
31991,eye_shadow,0,0
31992,eye_shadow,0,0
31993,eye_shadow,0,0
32348,eye_shadow,0,0
32349,eye_shadow,0,0
32350,eye_shadow,0,0
32351,eye_shadow,0,0
32352,eye_shadow,0,1
32353,eye_shadow,0,1
32354,eye_shadow,0,1
32355,eye_shadow,0,0
32356,eye_shadow,0,0
32357,eye_shadow,0,0
32358,eye_shadow,0,0
32359,eye_shadow,0,1
32360,eye_shadow,0,0
32361,eye_shadow,0,1
32362,eye_shadow,1,0
32363,eye_shadow,0,0
32364,eye_shadow,0,0
32365,eye_shadow,0,0
32366,eye_shadow,0,0
32367,eye_shadow,0,0
32368,eye_shadow,0,0
32369,eye_shadow,0,0
32370,eye_shadow,0,0
32371,eye_shadow,0,0
32372,eye_shadow,0,0
32373,eye_shadow,0,1
32374,eye_shadow,0,1
32375,eye_shadow,1,1
32377,eye_shadow,0,0
32379,eye_shadow,0,0
32380,eye_shadow,0,0
32381,eye_shadow,0,0
32382,eye_shadow,0,0
32383,eye_shadow,0,0
32384,eye_shadow,0,1
32633,eye_shadow,0,0
32634,eye_shadow,0,1
32635,eye_shadow,0,0
32636,eye_shadow,0,0
32637,eye_shadow,0,1
32638,eye_shadow,0,0
32639,eye_shadow,0,0
32640,eye_shadow,0,2
32641,eye_shadow,0,1
32642,eye_shadow,0,0
32643,eye_shadow,1,1
32644,eye_shadow,0,0
32645,eye_shadow,0,0
32646,eye_shadow,0,0
32647,eye_shadow,0,0
32648,eye_shadow,0,0
32649,eye_shadow,0,0
32650,eye_shadow,0,0
32651,eye_shadow,0,0
32653,eye_shadow,0,0
32654,eye_shadow,0,0
32655,eye_shadow,0,1
32656,eye_shadow,0,0
32657,eye_shadow,0,0
32658,eye_shadow,0,0
32659,eye_shadow,0,0
32660,eye_shadow,0,0
32661,eye_shadow,0,0
32662,eye_shadow,0,0
32663,eye_shadow,0,0
32974,eye_shadow,0,0
32975,eye_shadow,0,0
32976,eye_shadow,0,0
32977,eye_shadow,0,0
32978,eye_shadow,0,0
32979,eye_shadow,0,0
32980,eye_shadow,0,0
32981,eye_shadow,0,0
32982,eye_shadow,0,0
32983,eye_shadow,0,0
32984,eye_shadow,0,0
32985,eye_shadow,0,0
32987,eye_shadow,0,0
32988,eye_shadow,0,0
32989,eye_shadow,0,0
32990,eye_shadow,0,0
32991,eye_shadow,0,2
32993,eye_shadow,0,0
33340,eye_shadow,0,0
33341,eye_shadow,0,0
33342,eye_shadow,0,0
33343,eye_shadow,0,0
33344,eye_shadow,0,1
33345,eye_shadow,0,1
33346,eye_shadow,1,0
33347,eye_shadow,0,0
33348,eye_shadow,0,1
33349,eye_shadow,0,0
33350,eye_shadow,0,0
33351,eye_shadow,0,0
33352,eye_shadow,0,0
33353,eye_shadow,0,0
33354,eye_shadow,0,0
33355,eye_shadow,0,0
33357,eye_shadow,0,0
33358,eye_shadow,0,0
33360,eye_shadow,0,0
33361,eye_shadow,0,1
33362,eye_shadow,0,0
33363,eye_shadow,0,0
33364,eye_shadow,0,0
33365,eye_shadow,0,0
33366,eye_shadow,0,0
33367,eye_shadow,0,0
33369,eye_shadow,0,0
33370,eye_shadow,0,0
33371,eye_shadow,0,0
33372,eye_shadow,0,1
33374,eye_shadow,0,0
33375,eye_shadow,0,0
33376,eye_shadow,0,0
33377,eye_shadow,0,0
33378,eye_shadow,0,0
33379,eye_shadow,0,0
33380,eye_shadow,0,0
33381,eye_shadow,0,0
33382,eye_shadow,0,0
33383,eye_shadow,0,0
33831,eye_shadow,0,0
33832,eye_shadow,0,0
33833,eye_shadow,0,0
33834,eye_shadow,0,0
33835,eye_shadow,0,0
33837,eye_shadow,0,0
33838,eye_shadow,0,0
33840,eye_shadow,0,0
33841,eye_shadow,0,0
33842,eye_shadow,0,0
33843,eye_shadow,0,1
33844,eye_shadow,0,2
33845,eye_shadow,0,0
33846,eye_shadow,0,0
33848,eye_shadow,0,0
33850,eye_shadow,0,0
33851,eye_shadow,0,0
33852,eye_shadow,0,0
33853,eye_shadow,0,0
33854,eye_shadow,0,1
33855,eye_shadow,0,1
33856,eye_shadow,0,0
33857,eye_shadow,0,0
33859,eye_shadow,0,0
33860,eye_shadow,0,1
33861,eye_shadow,0,0
33862,eye_shadow,0,0
33863,eye_shadow,0,0
33864,eye_shadow,0,0
33865,eye_shadow,0,0
33866,eye_shadow,0,0
33867,eye_shadow,0,0
33868,eye_shadow,0,0
33869,eye_shadow,0,1
34301,eye_shadow,0,0
34302,eye_shadow,0,0
34303,eye_shadow,0,0
34304,eye_shadow,0,0
34305,eye_shadow,0,0
34306,eye_shadow,0,0
34307,eye_shadow,0,0
34308,eye_shadow,0,0
34309,eye_shadow,0,0
34310,eye_shadow,0,0
34311,eye_shadow,0,0
34312,eye_shadow,0,0
34313,eye_shadow,0,0
34314,eye_shadow,0,0
34315,eye_shadow,0,0
34316,eye_shadow,0,0
34317,eye_shadow,0,0
34318,eye_shadow,0,0
34320,eye_shadow,0,0
34321,eye_shadow,0,0
34322,eye_shadow,0,0
34323,eye_shadow,0,0
34324,eye_shadow,0,0
34325,eye_shadow,0,0
34326,eye_shadow,0,0
34327,eye_shadow,1,1
34328,eye_shadow,0,0
34329,eye_shadow,0,0
34330,eye_shadow,0,0
34551,eye_shadow,0,0
34552,eye_shadow,0,0
34553,eye_shadow,0,0
34554,eye_shadow,0,0
34555,eye_shadow,0,0
34557,eye_shadow,0,1
34558,eye_shadow,0,0
34559,eye_shadow,0,0
34560,eye_shadow,0,0
34561,eye_shadow,0,0
34562,eye_shadow,0,1
34563,eye_shadow,0,0
34564,eye_shadow,0,1
34565,eye_shadow,0,0
34566,eye_shadow,0,0
34567,eye_shadow,0,0
34570,eye_shadow,0,0
34571,eye_shadow,0,0
34572,eye_shadow,0,0
34573,eye_shadow,0,1
34574,eye_shadow,0,0
34576,eye_shadow,0,0
34577,eye_shadow,0,0
34578,eye_shadow,0,0
34579,eye_shadow,0,0
34580,eye_shadow,0,1
34581,eye_shadow,0,0
34582,eye_shadow,0,0
34583,eye_shadow,0,0
34584,eye_shadow,0,0
34585,eye_shadow,0,0
34586,eye_shadow,0,1
34587,eye_shadow,0,0
34588,eye_shadow,0,0
34589,eye_shadow,0,1
34590,eye_shadow,0,0
34591,eye_shadow,0,2
34592,eye_shadow,0,0
34593,eye_shadow,0,0
34594,eye_shadow,0,0
34595,eye_shadow,0,0
34597,eye_shadow,0,0
34598,eye_shadow,0,0
34599,eye_shadow,0,0
34600,eye_shadow,0,0
34601,eye_shadow,0,0
34603,eye_shadow,0,3
34604,eye_shadow,0,0
34605,eye_shadow,0,0
34607,eye_shadow,0,0
34608,eye_shadow,0,0
34609,eye_shadow,0,0
34610,eye_shadow,0,0
34611,eye_shadow,0,0
36027,lip_colour,0,0
36028,lip_colour,0,0
36029,lip_colour,0,0
36031,lip_colour,0,0
36032,lip_colour,1,10
36033,lip_colour,0,0
36034,lip_colour,0,0
36035,lip_colour,0,0
36036,lip_colour,0,0
36686,lip_colour,0,0
36688,lip_colour,0,0
36689,lip_colour,0,0
36690,lip_colour,0,0
36691,lip_colour,0,0
36692,lip_colour,0,0
36693,lip_colour,0,0
36694,lip_colour,0,0
36696,lip_colour,0,0
36697,lip_colour,0,0
36698,lip_colour,0,0
36699,lip_colour,0,0
36700,lip_colour,0,0
36701,lip_colour,0,0
36702,lip_colour,0,0
36703,lip_colour,0,0
36704,lip_colour,0,0
36705,lip_colour,0,0
36707,lip_colour,0,0
36708,lip_colour,0,0
36709,lip_colour,0,0
36710,lip_colour,0,0
36712,lip_colour,0,0
36713,lip_colour,0,0
37055,lip_colour,0,0
37056,lip_colour,0,0
37057,lip_colour,0,0
37058,lip_colour,0,0
37059,lip_colour,0,0
37060,lip_colour,0,0
37061,lip_colour,0,0
37064,lip_colour,0,0
37066,lip_colour,0,0
37067,lip_colour,0,0
37068,lip_colour,0,0
37070,lip_colour,0,0
37071,lip_colour,0,0
37072,lip_colour,0,0
37073,lip_colour,0,0
37074,lip_colour,0,1
37075,lip_colour,0,0
37076,lip_colour,0,0
37077,lip_colour,0,0
37078,lip_colour,0,1
37079,lip_colour,0,0
37080,lip_colour,0,0
37083,lip_colour,0,0
37339,lip_colour,0,0
37341,lip_colour,0,0
37342,lip_colour,0,1
37344,lip_colour,0,0
37345,lip_colour,0,0
37346,lip_colour,0,1
37347,lip_colour,0,1
37348,lip_colour,0,0
37349,lip_colour,0,0
37351,lip_colour,0,0
37352,lip_colour,0,0
37353,lip_colour,0,0
37354,lip_colour,0,0
37355,lip_colour,0,0
37356,lip_colour,0,0
37357,lip_colour,0,0
37358,lip_colour,0,0
37670,lip_colour,0,0
37671,lip_colour,0,0
37672,lip_colour,0,0
37673,lip_colour,0,0
37674,lip_colour,0,0
37675,lip_colour,0,0
37676,lip_colour,0,0
37677,lip_colour,0,0
37678,lip_colour,0,0
37680,lip_colour,0,0
37681,lip_colour,0,0
37682,lip_colour,0,0
37683,lip_colour,0,0
37684,lip_colour,0,0
37685,lip_colour,0,0
37686,lip_colour,0,0
37688,lip_colour,0,0
38058,lip_colour,0,0
38059,lip_colour,0,1
38060,lip_colour,0,0
38061,lip_colour,0,0
38062,lip_colour,0,0
38063,lip_colour,0,0
38064,lip_colour,0,0
38065,lip_colour,0,0
38066,lip_colour,0,0
38067,lip_colour,0,0
38068,lip_colour,0,0
38069,lip_colour,0,0
38070,lip_colour,0,0
38071,lip_colour,0,0
38072,lip_colour,0,0
38073,lip_colour,0,0
38075,lip_colour,0,0
38076,lip_colour,0,0
38077,lip_colour,0,0
38078,lip_colour,0,1
38079,lip_colour,0,0
38080,lip_colour,0,0
38081,lip_colour,0,0
38082,lip_colour,0,0
38083,lip_colour,0,0
38084,lip_colour,0,0
38085,lip_colour,0,0
38086,lip_colour,0,0
38321,lip_colour,0,0
38322,lip_colour,1,0
38323,lip_colour,0,0
38324,lip_colour,0,0
38325,lip_colour,0,1
38326,lip_colour,0,0
38327,lip_colour,0,0
38328,lip_colour,0,0
38329,lip_colour,0,1
38721,lip_colour,0,0
38722,lip_colour,0,0
38723,lip_colour,0,0
38724,lip_colour,0,0
38725,lip_colour,0,0
38726,lip_colour,0,0
38727,lip_colour,0,0
38728,lip_colour,1,0
38731,lip_colour,0,0
38732,lip_colour,0,0
38733,lip_colour,0,1
38734,lip_colour,0,0
38735,lip_colour,1,1
38737,lip_colour,0,1
38738,lip_colour,0,0
38739,lip_colour,0,0
38740,lip_colour,0,0
38741,lip_colour,0,1
38742,lip_colour,0,1
38743,lip_colour,0,0
38745,lip_colour,0,1
38746,lip_colour,0,0
38747,lip_colour,0,0
38748,lip_colour,0,0
38749,lip_colour,0,0
38750,lip_colour,0,2
39106,lip_colour,0,0
39107,lip_colour,0,0
39108,lip_colour,0,1
39109,lip_colour,0,0
39110,lip_colour,0,0
39111,lip_colour,0,0
39112,lip_colour,0,0
39113,lip_colour,0,1
39114,lip_colour,0,0
39115,lip_colour,0,0
39116,lip_colour,0,0
39117,lip_colour,0,0
39118,lip_colour,0,0
39119,lip_colour,0,0
39120,lip_colour,1,0
39121,lip_colour,0,1
39122,lip_colour,1,0
39123,lip_colour,0,0
39124,lip_colour,0,1
39125,lip_colour,0,0
39126,lip_colour,0,0
39127,lip_colour,0,0
39128,lip_colour,0,0
39129,lip_colour,0,0
39130,lip_colour,0,0
39131,lip_colour,0,1
39132,lip_colour,0,0
39134,lip_colour,0,0
39135,lip_colour,0,0
39137,lip_colour,0,0
39138,lip_colour,0,1
39139,lip_colour,0,2
39141,lip_colour,0,0
39142,lip_colour,0,0
39143,lip_colour,0,0
39144,lip_colour,0,1
39145,lip_colour,0,0
39146,lip_colour,0,2
39147,lip_colour,0,0
39148,lip_colour,0,0
39150,lip_colour,0,0
39151,lip_colour,0,0
39153,lip_colour,0,0
39154,lip_colour,1,0
39155,lip_colour,0,1
39659,lip_colour,0,0
39660,lip_colour,0,0
39661,lip_colour,0,0
39662,lip_colour,0,0
39663,lip_colour,0,0
39664,lip_colour,0,0
39665,lip_colour,0,0
39997,lip_colour,0,0
39998,lip_colour,0,0
39999,lip_colour,0,0
40000,lip_colour,0,0
40001,lip_colour,0,0
40824,foundation,0,0
40825,foundation,0,0
40826,foundation,0,1
40827,foundation,0,0
40828,foundation,0,0
40830,foundation,0,0
40831,foundation,0,0
40832,foundation,0,0
40833,foundation,0,0
41159,foundation,0,0
41160,foundation,0,0
41161,foundation,0,0
41162,foundation,0,0
41165,foundation,0,0
41166,foundation,0,1
41168,foundation,0,0
41458,foundation,0,0
41459,foundation,0,0
41460,foundation,0,0
41461,foundation,0,1
41462,foundation,0,0
41463,foundation,0,0
41910,foundation,0,0
41911,foundation,0,0
41912,foundation,0,0
41913,foundation,0,1
41914,foundation,0,0
41915,foundation,0,0
41916,foundation,0,0
41917,foundation,0,0
41918,foundation,0,1
41919,foundation,1,7
42179,foundation,0,0
42180,foundation,0,0
42181,foundation,0,0
42182,foundation,0,1
42183,foundation,0,0
42184,foundation,0,0
42185,foundation,0,0
42186,foundation,0,0
42187,foundation,0,0
42188,foundation,0,0
42189,foundation,0,0
42190,foundation,0,0
42191,foundation,0,0
42192,foundation,0,0
42193,foundation,0,0
42194,foundation,0,0
42195,foundation,0,0
42196,foundation,0,0
42197,foundation,0,0
42198,foundation,0,0
42199,foundation,0,0
42200,foundation,0,0
42201,foundation,0,0
42202,foundation,0,2
42203,foundation,0,0
42204,foundation,0,0
42205,foundation,0,0
42206,foundation,0,0
42207,foundation,0,0
42208,foundation,0,0
43312,foundation,0,0
43313,foundation,0,0
43315,foundation,0,0
43316,foundation,0,0
43317,foundation,0,3
43318,foundation,0,0
43322,foundation,0,0
43323,foundation,0,0
43324,foundation,0,1
28,emulsion,0,0
30,emulsion,0,0
709,emulsion,0,0
711,emulsion,0,0
712,emulsion,0,0
713,emulsion,0,0
714,emulsion,0,0
715,emulsion,0,0
716,emulsion,0,1
717,emulsion,0,0
719,emulsion,0,0
720,emulsion,0,0
721,emulsion,0,0
722,emulsion,0,0
723,emulsion,0,2
724,emulsion,0,0
725,emulsion,0,0
726,emulsion,0,0
728,emulsion,0,0
729,emulsion,1,8
730,emulsion,0,0
731,emulsion,0,0
732,emulsion,0,0
735,emulsion,0,0
736,emulsion,0,1
737,emulsion,0,0
738,emulsion,0,0
1061,emulsion,1,10
1064,emulsion,1,8
1065,emulsion,0,0
1066,emulsion,0,3
1067,emulsion,0,3
1068,emulsion,0,0
1069,emulsion,0,0
1070,emulsion,1,7
1071,emulsion,0,0
1072,emulsion,0,0
1073,emulsion,0,1
1074,emulsion,0,1
1075,emulsion,0,0
1076,emulsion,0,0
1077,emulsion,0,0
1078,emulsion,0,0
1079,emulsion,0,0
1362,emulsion,1,10
1363,emulsion,1,9
1364,emulsion,0,0
1366,emulsion,0,0
1367,emulsion,0,0
1368,emulsion,0,0
1369,emulsion,0,0
1370,emulsion,0,0
1371,emulsion,0,1
1372,emulsion,0,1
1373,emulsion,0,0
1375,emulsion,0,0
1376,emulsion,0,0
1377,emulsion,1,10
1378,emulsion,0,0
1379,emulsion,0,0
1380,emulsion,0,0
1699,emulsion,0,0
1700,emulsion,0,1
1701,emulsion,0,0
1703,emulsion,1,6
1704,emulsion,0,0
1705,emulsion,0,0
1706,emulsion,0,2
1708,emulsion,0,6
1709,emulsion,0,1
1710,emulsion,1,9
1711,emulsion,0,8
1713,emulsion,0,0
1714,emulsion,1,1
1715,emulsion,0,4
1716,emulsion,0,0
1717,emulsion,0,1
1718,emulsion,1,8
1719,emulsion,1,10
1720,emulsion,0,0
1721,emulsion,0,0
1722,emulsion,0,1
1723,emulsion,0,0
1724,emulsion,0,1
1725,emulsion,0,0
1726,emulsion,0,0
1727,emulsion,0,0
2042,emulsion,0,0
2043,emulsion,0,1
2044,emulsion,0,0
2045,emulsion,0,0
2046,emulsion,0,1
2047,emulsion,0,1
2048,emulsion,0,0
2049,emulsion,0,0
2050,emulsion,0,0
2051,emulsion,0,0
2052,emulsion,0,0
2053,emulsion,0,0
2054,emulsion,0,0
2055,emulsion,0,1
2056,emulsion,0,1
2057,emulsion,0,0
2059,emulsion,0,0
2060,emulsion,0,1
2061,emulsion,0,0
2062,emulsion,0,0
2063,emulsion,0,1
2064,emulsion,0,0
2065,emulsion,0,0
2066,emulsion,0,0
2067,emulsion,0,0
2069,emulsion,0,0
2070,emulsion,0,0
2071,emulsion,0,0
2072,emulsion,0,0
2073,emulsion,0,0
2075,emulsion,0,0
2077,emulsion,0,0
2078,emulsion,0,0
2079,emulsion,0,0
2080,emulsion,1,0
2464,emulsion,0,0
2465,emulsion,0,0
2466,emulsion,0,0
2467,emulsion,0,0
2468,emulsion,0,1
2469,emulsion,1,9
2470,emulsion,0,0
2471,emulsion,0,0
2472,emulsion,1,10
2473,emulsion,0,1
2475,emulsion,0,0
2476,emulsion,0,0
2477,emulsion,1,10
2478,emulsion,0,0
2480,emulsion,0,0
2481,emulsion,0,0
2482,emulsion,1,10
2483,emulsion,0,0
2484,emulsion,0,1
2485,emulsion,0,0
2486,emulsion,0,0
2487,emulsion,0,0
2489,emulsion,0,0
2490,emulsion,0,0
2491,emulsion,0,0
2492,emulsion,1,9
2495,emulsion,0,0
2496,emulsion,0,0
2497,emulsion,1,7
2918,emulsion,0,1
2919,emulsion,0,0
2920,emulsion,0,0
2922,emulsion,0,0
2923,emulsion,0,0
2925,emulsion,0,0
2926,emulsion,0,0
2927,emulsion,0,0
2928,emulsion,0,0
2929,emulsion,0,1
2930,emulsion,0,0
2931,emulsion,0,0
2932,emulsion,0,0
2933,emulsion,0,0
2934,emulsion,0,0
2937,emulsion,0,0
2938,emulsion,0,0
2939,emulsion,0,0
2941,emulsion,0,0
2942,emulsion,0,0
2943,emulsion,0,0
2944,emulsion,0,0
2945,emulsion,0,0
2947,emulsion,1,2
2948,emulsion,0,0
2950,emulsion,0,0
2951,emulsion,0,1
2954,emulsion,0,0
2955,emulsion,0,0
2956,emulsion,0,0
2957,emulsion,0,0
2958,emulsion,0,1
2961,emulsion,0,1
2962,emulsion,0,1
2963,emulsion,0,0
2964,emulsion,0,0
2965,emulsion,0,0
2966,emulsion,0,0
2967,emulsion,0,1
2968,emulsion,0,0
2969,emulsion,0,0
2970,emulsion,0,1
2971,emulsion,0,2
2972,emulsion,0,0
2973,emulsion,0,0
2974,emulsion,0,1
2975,emulsion,0,1
2976,emulsion,0,0
2977,emulsion,0,0
2979,emulsion,0,0
2980,emulsion,0,0
2981,emulsion,0,0
2982,emulsion,0,0
2983,emulsion,1,9
2984,emulsion,0,1
2985,emulsion,0,0
2986,emulsion,0,0
2987,emulsion,0,0
2988,emulsion,0,1
2989,emulsion,0,0
2990,emulsion,0,0
2991,emulsion,0,0
2992,emulsion,0,1
2993,emulsion,0,1
2994,emulsion,0,0
2995,emulsion,0,0
2996,emulsion,0,0
2997,emulsion,0,1
2998,emulsion,0,0
4593,emulsion,0,0
5634,face_cream,0,1
5635,face_cream,0,0
5636,face_cream,0,0
5637,face_cream,0,0
5638,face_cream,0,1
5639,face_cream,0,0
5640,face_cream,0,0
5641,face_cream,0,1
5642,face_cream,0,0
5643,face_cream,0,0
6232,face_cream,0,0
6233,face_cream,0,0
6234,face_cream,0,0
6235,face_cream,0,0
6236,face_cream,0,0
6237,face_cream,0,0
6238,face_cream,0,0
6239,face_cream,0,0
6241,face_cream,0,0
6571,face_cream,0,0
6572,face_cream,1,8
6573,face_cream,0,0
6574,face_cream,0,1
6575,face_cream,1,1
6576,face_cream,1,10
6578,face_cream,1,7
6579,face_cream,0,0
6580,face_cream,0,0
6907,face_cream,0,1
6908,face_cream,0,0
6909,face_cream,1,6
6910,face_cream,1,10
6911,face_cream,0,1
6912,face_cream,0,1
6913,face_cream,0,0
6914,face_cream,1,8
6915,face_cream,0,0
6916,face_cream,0,0
6917,face_cream,0,0
6918,face_cream,0,1
6919,face_cream,0,2
6920,face_cream,0,0
6921,face_cream,0,0
6922,face_cream,0,0
6923,face_cream,0,0
6924,face_cream,0,0
6926,face_cream,0,0
6927,face_cream,1,9
6928,face_cream,0,0
6929,face_cream,0,1
6930,face_cream,0,0
6931,face_cream,0,0
6933,face_cream,0,0
6935,face_cream,0,0
6936,face_cream,0,0
7220,face_cream,0,1
7222,face_cream,0,0
7223,face_cream,0,0
7224,face_cream,1,10
7225,face_cream,1,3
7226,face_cream,1,10
7230,face_cream,0,0
7231,face_cream,0,2
7232,face_cream,1,10
7233,face_cream,0,0
7234,face_cream,1,6
7235,face_cream,0,9
7236,face_cream,0,0
7237,face_cream,0,0
7238,face_cream,1,10
7239,face_cream,1,5
7574,face_cream,1,10
7575,face_cream,0,0
7577,face_cream,0,1
7578,face_cream,0,1
7579,face_cream,0,0
7580,face_cream,0,0
7581,face_cream,0,0
7582,face_cream,0,0
7583,face_cream,0,1
7585,face_cream,0,0
7586,face_cream,0,1
7587,face_cream,0,0
7588,face_cream,0,0
7589,face_cream,0,0
7590,face_cream,0,0
7591,face_cream,0,0
7592,face_cream,0,0
7594,face_cream,0,0
7595,face_cream,0,0
7596,face_cream,0,0
7597,face_cream,0,0
7598,face_cream,0,1
7599,face_cream,0,0
7600,face_cream,1,10
7601,face_cream,0,0
7602,face_cream,0,0
7603,face_cream,0,0
7604,face_cream,0,0
7605,face_cream,0,1
7606,face_cream,0,0
7607,face_cream,0,0
7608,face_cream,0,0
7609,face_cream,0,0
7610,face_cream,0,0
7611,face_cream,0,0
7612,face_cream,0,0
7613,face_cream,0,0
7885,face_cream,0,0
7886,face_cream,0,0
7887,face_cream,0,0
7888,face_cream,0,0
7889,face_cream,0,0
7890,face_cream,0,9
7891,face_cream,0,0
7892,face_cream,1,9
7893,face_cream,0,0
7894,face_cream,1,10
8354,face_cream,0,0
8355,face_cream,0,0
8356,face_cream,0,0
8357,face_cream,0,1
8359,face_cream,0,0
8360,face_cream,0,0
8361,face_cream,0,1
8362,face_cream,0,0
8363,face_cream,0,8
8364,face_cream,0,1
8365,face_cream,0,0
8366,face_cream,0,0
8367,face_cream,0,0
8368,face_cream,0,0
8370,face_cream,0,0
8371,face_cream,0,0
8602,face_cream,0,0
8603,face_cream,0,0
8604,face_cream,0,1
8605,face_cream,0,0
8606,face_cream,0,0
8607,face_cream,0,0
8608,face_cream,0,0
8609,face_cream,0,0
8610,face_cream,0,0
8611,face_cream,0,0
8612,face_cream,0,1
8613,face_cream,0,0
8614,face_cream,0,1
8615,face_cream,1,0
8616,face_cream,0,0
8617,face_cream,0,0
8618,face_cream,0,0
8619,face_cream,0,0
8620,face_cream,0,0
8622,face_cream,0,0
8623,face_cream,0,0
8624,face_cream,0,0
8625,face_cream,0,0
8626,face_cream,0,0
8627,face_cream,0,0
8628,face_cream,0,0
8629,face_cream,0,0
8630,face_cream,0,0
8631,face_cream,0,0
8632,face_cream,0,0
8633,face_cream,0,0
8634,face_cream,0,0
8635,face_cream,0,0
8636,face_cream,0,0
8637,face_cream,0,0
8638,face_cream,0,1
8639,face_cream,0,0
8640,face_cream,0,1
8641,face_cream,0,0
8642,face_cream,0,0
8643,face_cream,0,0
8644,face_cream,0,0
8645,face_cream,0,0
8646,face_cream,0,0
8647,face_cream,0,0
8648,face_cream,0,0
8649,face_cream,0,1
8650,face_cream,0,2
8651,face_cream,0,1
8935,face_cream,0,0
8936,face_cream,0,0
8937,face_cream,0,0
8938,face_cream,0,1
8939,face_cream,1,10
8940,face_cream,0,0
8941,face_cream,0,0
8942,face_cream,0,0
8943,face_cream,0,1
8944,face_cream,0,1
8945,face_cream,0,1
8946,face_cream,0,0
8947,face_cream,1,8
8948,face_cream,0,1
8949,face_cream,0,0
8951,face_cream,0,0
8953,face_cream,1,10
8955,face_cream,0,1
8956,face_cream,0,0
8957,face_cream,0,0
8958,face_cream,0,0
8959,face_cream,0,0
8960,face_cream,0,1
8961,face_cream,0,0
8962,face_cream,0,0
8963,face_cream,1,8
8964,face_cream,0,0
8965,face_cream,0,0
8966,face_cream,1,10
8967,face_cream,1,9
8968,face_cream,0,1
8969,face_cream,0,0
8970,face_cream,0,0
8971,face_cream,0,0
8972,face_cream,0,0
8973,face_cream,0,0
9342,face_cream,0,0
9343,face_cream,0,0
9344,face_cream,1,8
9345,face_cream,0,1
9346,face_cream,0,0
9347,face_cream,0,0
9348,face_cream,0,0
9349,face_cream,0,0
9350,face_cream,0,0
9351,face_cream,1,10
9353,face_cream,0,0
9354,face_cream,0,1
9355,face_cream,0,0
9356,face_cream,0,0
9357,face_cream,0,0
9358,face_cream,0,0
9359,face_cream,0,0
9360,face_cream,1,2
9361,face_cream,0,0
9362,face_cream,0,0
9363,face_cream,0,0
9364,face_cream,0,0
9365,face_cream,0,0
9366,face_cream,0,1
9367,face_cream,0,1
9368,face_cream,0,0
9369,face_cream,0,10
9370,face_cream,0,0
9371,face_cream,0,0
9372,face_cream,1,8
9373,face_cream,1,10
9374,face_cream,0,0
9375,face_cream,1,10
9376,face_cream,1,10
9377,face_cream,0,1
9378,face_cream,1,10
9379,face_cream,1,8
9380,face_cream,0,0
9381,face_cream,0,0
9382,face_cream,0,3
9383,face_cream,0,1
9384,face_cream,0,0
9385,face_cream,0,1
9386,face_cream,0,0
9773,face_cream,0,0
9774,face_cream,0,1
9775,face_cream,0,1
9776,face_cream,0,0
9777,face_cream,0,0
10125,serum_essence,0,0
10126,serum_essence,0,0
10127,serum_essence,0,0
10128,serum_essence,0,0
10129,serum_essence,1,10
10130,serum_essence,0,1
10131,serum_essence,0,0
10132,serum_essence,0,0
10133,serum_essence,0,1
10134,serum_essence,0,1
10135,serum_essence,0,0
10136,serum_essence,0,0
10139,serum_essence,0,0
10140,serum_essence,0,0
10141,serum_essence,0,0
10142,serum_essence,0,1
10143,serum_essence,0,0
10144,serum_essence,0,0
10805,serum_essence,1,10
10806,serum_essence,1,10
10807,serum_essence,1,0
10808,serum_essence,0,0
10809,serum_essence,0,9
10810,serum_essence,0,0
10811,serum_essence,1,9
10812,serum_essence,1,4
10813,serum_essence,1,9
10814,serum_essence,0,0
11079,serum_essence,0,0
11080,serum_essence,0,0
11081,serum_essence,1,6
11082,serum_essence,0,1
11083,serum_essence,1,6
11084,serum_essence,0,0
11085,serum_essence,0,0
11086,serum_essence,1,9
11087,serum_essence,1,6
11088,serum_essence,1,10
11089,serum_essence,1,10
11090,serum_essence,0,0
11091,serum_essence,0,0
11092,serum_essence,0,0
11093,serum_essence,0,1
11094,serum_essence,0,1
11095,serum_essence,0,0
11386,serum_essence,0,0
11387,serum_essence,1,10
11388,serum_essence,1,2
11389,serum_essence,0,0
11390,serum_essence,0,6
11391,serum_essence,0,0
11392,serum_essence,1,5
11393,serum_essence,0,1
11394,serum_essence,0,0
11395,serum_essence,0,1
11730,serum_essence,0,0
11731,serum_essence,1,10
11732,serum_essence,1,8
11733,serum_essence,0,0
11734,serum_essence,0,4
11735,serum_essence,1,10
11736,serum_essence,0,0
11737,serum_essence,0,1
11738,serum_essence,0,0
11739,serum_essence,1,9
11741,serum_essence,0,0
11743,serum_essence,0,0
11745,serum_essence,0,0
11747,serum_essence,0,0
11748,serum_essence,0,1
11749,serum_essence,0,0
12068,serum_essence,1,9
12069,serum_essence,0,0
12070,serum_essence,0,0
12071,serum_essence,1,10
12072,serum_essence,0,0
12073,serum_essence,1,7
12074,serum_essence,0,9
12075,serum_essence,0,7
12076,serum_essence,1,8
12077,serum_essence,1,10
12402,serum_essence,0,0
12403,serum_essence,0,1
12404,serum_essence,1,10
12405,serum_essence,0,0
12406,serum_essence,1,0
12407,serum_essence,0,0
12409,serum_essence,1,10
12411,serum_essence,0,2
12412,serum_essence,0,0
12413,serum_essence,1,8
12414,serum_essence,1,10
12415,serum_essence,0,2
12416,serum_essence,0,0
12417,serum_essence,0,0
12418,serum_essence,0,1
12419,serum_essence,0,0
12420,serum_essence,0,0
12421,serum_essence,0,0
12422,serum_essence,0,9
12423,serum_essence,0,0
12424,serum_essence,1,8
12425,serum_essence,1,10
12426,serum_essence,0,1
12427,serum_essence,0,0
12428,serum_essence,0,0
12429,serum_essence,0,0
12430,serum_essence,1,10
12431,serum_essence,0,0
12760,serum_essence,0,0
12761,serum_essence,1,10
12762,serum_essence,0,0
12763,serum_essence,0,0
12764,serum_essence,0,0
12765,serum_essence,0,0
12766,serum_essence,1,10
12767,serum_essence,0,8
13001,serum_essence,0,0
13003,serum_essence,0,0
13004,serum_essence,0,0
13005,serum_essence,0,1
13006,serum_essence,0,0
13007,serum_essence,0,0
13009,serum_essence,0,0
13010,serum_essence,0,0
13011,serum_essence,0,0
13012,serum_essence,0,0
13013,serum_essence,0,1
13014,serum_essence,0,0
13015,serum_essence,0,0
13016,serum_essence,0,0
13017,serum_essence,0,0
13018,serum_essence,0,0
13019,serum_essence,0,0
13020,serum_essence,0,0
13340,serum_essence,1,10
13341,serum_essence,0,0
13342,serum_essence,1,10
13343,serum_essence,0,0
13344,serum_essence,0,0
13346,serum_essence,0,1
13348,serum_essence,0,0
13350,serum_essence,0,1
13351,serum_essence,0,0
13354,serum_essence,0,0
13741,serum_essence,0,0
13742,serum_essence,0,0
13743,serum_essence,0,0
13744,serum_essence,0,1
13745,serum_essence,0,0
13747,serum_essence,1,10
13748,serum_essence,1,10
13749,serum_essence,0,1
13750,serum_essence,0,0
13751,serum_essence,1,10
13752,serum_essence,1,9
13753,serum_essence,1,10
13754,serum_essence,1,10
13758,serum_essence,0,0
13759,serum_essence,0,1
13760,serum_essence,1,10
13761,serum_essence,1,8
13762,serum_essence,0,6
13763,serum_essence,1,6
13764,serum_essence,1,9
13765,serum_essence,0,8
13766,serum_essence,1,8
13767,serum_essence,0,0
13768,serum_essence,1,7
13769,serum_essence,1,9
13770,serum_essence,0,0
13771,serum_essence,0,0
13772,serum_essence,0,0
13773,serum_essence,0,0
13775,serum_essence,1,10
13776,serum_essence,1,9
13777,serum_essence,0,0
13778,serum_essence,0,0
13779,serum_essence,0,1
13780,serum_essence,0,0
13782,serum_essence,0,0
13783,serum_essence,0,3
13784,serum_essence,0,6
13786,serum_essence,0,0
13787,serum_essence,0,0
13788,serum_essence,0,0
13789,serum_essence,0,0
13790,serum_essence,0,0
13791,serum_essence,0,0
13792,serum_essence,0,0
13793,serum_essence,0,0
13794,serum_essence,0,0
13795,serum_essence,0,0
13796,serum_essence,0,0
13797,serum_essence,0,0
13798,serum_essence,0,0
13799,serum_essence,0,0
13800,serum_essence,0,0
14148,serum_essence,1,8
14149,serum_essence,1,10
14150,serum_essence,0,0
14151,serum_essence,0,0
14153,serum_essence,1,10
14154,serum_essence,0,0
14155,serum_essence,0,0
14156,serum_essence,0,0
14157,serum_essence,1,10
14158,serum_essence,0,0
14159,serum_essence,0,0
14160,serum_essence,1,10
14161,serum_essence,0,1
14162,serum_essence,0,7
14163,serum_essence,0,8
14164,serum_essence,1,10
14165,serum_essence,1,10
14166,serum_essence,1,8
14167,serum_essence,1,10
14168,serum_essence,1,0
14169,serum_essence,0,0
14170,serum_essence,1,9
14171,serum_essence,0,0
14172,serum_essence,0,0
14173,serum_essence,0,0
14174,serum_essence,1,10
14176,serum_essence,0,0
14177,serum_essence,1,5
14178,serum_essence,0,0
14179,serum_essence,0,0
14180,serum_essence,0,1
14181,serum_essence,0,0
14182,serum_essence,0,0
14183,serum_essence,0,0
14184,serum_essence,1,10
14185,serum_essence,0,0
14186,serum_essence,0,0
14187,serum_essence,0,0
14188,serum_essence,0,0
14189,serum_essence,0,0
14190,serum_essence,0,0
14191,serum_essence,0,0
14192,serum_essence,0,0
14194,serum_essence,1,9
14196,serum_essence,0,1
14197,serum_essence,1,3
14198,serum_essence,0,0
14199,serum_essence,0,0
14201,serum_essence,0,0
14202,serum_essence,0,0
14203,serum_essence,1,9
14204,serum_essence,0,0
14205,serum_essence,0,0
14206,serum_essence,1,10
14207,serum_essence,0,1
14208,serum_essence,1,10
14209,serum_essence,0,0
14210,serum_essence,0,0
14211,serum_essence,0,0
14212,serum_essence,1,10
14213,serum_essence,1,10
14214,serum_essence,0,0
14215,serum_essence,0,5
14216,serum_essence,0,0
14217,serum_essence,0,1
14756,serum_essence,1,10
14757,serum_essence,0,0
14758,serum_essence,1,9
14759,serum_essence,0,0
14760,serum_essence,1,8
14761,serum_essence,1,10
14762,serum_essence,0,6
14763,serum_essence,0,0
14764,serum_essence,1,7
14765,serum_essence,0,3
14766,serum_essence,0,0
14767,serum_essence,1,10
14768,serum_essence,1,10
14769,serum_essence,1,10
14770,serum_essence,1,10
14771,serum_essence,1,10
14772,serum_essence,1,10
14773,serum_essence,0,9
14774,serum_essence,1,10
14775,serum_essence,1,5
14776,serum_essence,1,8
14777,serum_essence,1,6
14778,serum_essence,0,1
14779,serum_essence,1,10
14780,serum_essence,0,6
14781,serum_essence,1,9
14782,serum_essence,1,8
14783,serum_essence,1,7
14784,serum_essence,1,7
14786,serum_essence,1,10
14787,serum_essence,1,10
14788,serum_essence,0,0
14789,serum_essence,1,10
14790,serum_essence,1,9
14792,serum_essence,1,10
14793,serum_essence,1,7
14794,serum_essence,1,8
14795,serum_essence,0,6
14796,serum_essence,1,0
14797,serum_essence,1,9
14798,serum_essence,1,4
14799,serum_essence,1,10
14800,serum_essence,0,0
14801,serum_essence,1,7
14802,serum_essence,1,10
14803,serum_essence,1,7
14804,serum_essence,1,10
14805,serum_essence,1,10
14806,serum_essence,1,9
14807,serum_essence,1,1
14808,serum_essence,1,10
14809,serum_essence,1,10
14810,serum_essence,1,10
14811,serum_essence,0,0
14813,serum_essence,1,10
14814,serum_essence,1,10
14815,serum_essence,0,0
15105,serum_essence,1,9
15106,serum_essence,1,8
15107,serum_essence,0,0
15108,serum_essence,0,3
15109,serum_essence,1,10
15110,serum_essence,1,7
15111,serum_essence,1,10
15112,serum_essence,0,4
15113,serum_essence,1,8
15114,serum_essence,0,2
15115,serum_essence,0,0
15116,serum_essence,0,3
15117,serum_essence,1,7
15118,serum_essence,1,10
15119,serum_essence,0,0
15120,serum_essence,0,9
15121,serum_essence,1,9
15122,serum_essence,0,0
15123,serum_essence,1,10
15124,serum_essence,1,9
15125,serum_essence,1,10
15126,serum_essence,1,8
15127,serum_essence,0,4
15128,serum_essence,1,7
15129,serum_essence,0,3
15130,serum_essence,1,9
15131,serum_essence,1,10
15132,serum_essence,1,10
15133,serum_essence,1,10
15134,serum_essence,0,4
15135,serum_essence,0,0
15137,serum_essence,1,6
15138,serum_essence,1,10
15139,serum_essence,1,10
15140,serum_essence,1,10
15141,serum_essence,1,6
15142,serum_essence,1,9
15143,serum_essence,0,1
15144,serum_essence,1,7
15145,serum_essence,1,10
15146,serum_essence,0,0
15147,serum_essence,0,0
15475,sun_protection,0,0
15476,sun_protection,0,1
15477,sun_protection,0,0
15479,sun_protection,0,0
15480,sun_protection,0,0
15481,sun_protection,0,0
15482,sun_protection,0,0
15483,sun_protection,0,0
15825,sun_protection,0,0
15826,sun_protection,0,1
15827,sun_protection,0,0
15828,sun_protection,0,0
15829,sun_protection,0,1
15830,sun_protection,0,0
15832,sun_protection,0,0
15833,sun_protection,0,1
15834,sun_protection,0,0
16135,sun_protection,0,0
16136,sun_protection,1,7
16137,sun_protection,0,0
16138,sun_protection,0,0
16139,sun_protection,0,0
16140,sun_protection,0,0
16141,sun_protection,0,0
16142,sun_protection,0,0
16143,sun_protection,1,10
16144,sun_protection,0,1
16145,sun_protection,0,0
16147,sun_protection,0,0
16148,sun_protection,0,0
16149,sun_protection,0,0
16150,sun_protection,0,0
16151,sun_protection,0,0
16152,sun_protection,0,0
16153,sun_protection,0,1
16154,sun_protection,0,0
16475,sun_protection,0,0
16476,sun_protection,0,0
16478,sun_protection,0,0
16479,sun_protection,0,1
16480,sun_protection,0,0
16481,sun_protection,0,0
16483,sun_protection,0,1
16484,sun_protection,0,0
16485,sun_protection,0,0
16486,sun_protection,0,0
16487,sun_protection,0,0
16489,sun_protection,0,0
16491,sun_protection,0,0
16492,sun_protection,0,0
16493,sun_protection,0,0
16494,sun_protection,0,0
17505,sun_protection,1,10
17506,sun_protection,1,10
17507,sun_protection,1,10
17508,sun_protection,1,9
17509,sun_protection,0,0
17510,sun_protection,0,1
17511,sun_protection,1,0
17512,sun_protection,0,0
17513,sun_protection,1,0
17514,sun_protection,1,7
17515,sun_protection,0,0
17516,sun_protection,1,9
17517,sun_protection,0,1
17518,sun_protection,1,5
17519,sun_protection,0,1
17520,sun_protection,0,0
17521,sun_protection,0,1
17522,sun_protection,1,10
17523,sun_protection,1,6
17524,sun_protection,1,5
17525,sun_protection,0,0
17526,sun_protection,1,3
17527,sun_protection,1,10
17528,sun_protection,0,2
17529,sun_protection,0,4
17530,sun_protection,1,8
17531,sun_protection,0,1
17532,sun_protection,1,1
17534,sun_protection,0,0
19587,face_wash,0,0
19588,face_wash,0,0
19589,face_wash,0,0
19591,face_wash,0,1
19592,face_wash,0,1
19593,face_wash,0,0
19594,face_wash,0,1
19595,face_wash,0,2
19936,face_wash,0,1
19938,face_wash,0,0
19939,face_wash,0,0
19940,face_wash,1,0
19941,face_wash,0,0
19942,face_wash,0,1
19943,face_wash,0,0
19944,face_wash,0,1
19945,face_wash,0,0
19946,face_wash,0,0
19947,face_wash,0,0
19948,face_wash,0,0
19949,face_wash,0,0
19951,face_wash,0,0
19952,face_wash,0,0
19953,face_wash,0,0
19955,face_wash,1,1
20254,face_wash,0,1
20255,face_wash,0,1
20256,face_wash,0,1
20258,face_wash,0,0
20259,face_wash,0,0
20260,face_wash,0,0
20261,face_wash,0,0
20263,face_wash,0,0
20264,face_wash,0,0
20265,face_wash,1,7
20266,face_wash,0,0
20267,face_wash,0,0
20268,face_wash,0,0
20269,face_wash,0,0
20607,face_wash,0,0
20608,face_wash,0,0
20609,face_wash,0,1
20610,face_wash,0,0
20611,face_wash,0,0
20612,face_wash,0,0
20613,face_wash,0,0
20614,face_wash,0,0
20615,face_wash,0,0
20616,face_wash,0,0
20617,face_wash,0,0
20618,face_wash,0,0
20619,face_wash,0,1
20621,face_wash,0,1
20622,face_wash,0,0
20623,face_wash,0,0
20624,face_wash,0,0
20625,face_wash,0,0
20626,face_wash,0,0
20627,face_wash,1,0
20628,face_wash,0,0
20629,face_wash,0,0
20630,face_wash,0,0
20631,face_wash,0,1
20632,face_wash,0,1
20633,face_wash,0,1
20634,face_wash,0,0
20635,face_wash,0,0
20636,face_wash,0,0
20951,face_wash,1,8
20952,face_wash,0,0
20953,face_wash,1,10
20954,face_wash,0,0
20955,face_wash,0,0
20956,face_wash,0,0
20958,face_wash,0,0
20959,face_wash,0,9
20961,face_wash,0,0
20962,face_wash,0,0
20963,face_wash,0,1
20964,face_wash,0,0
20965,face_wash,0,0
20966,face_wash,0,1
20967,face_wash,0,2
20968,face_wash,0,0
20969,face_wash,0,0
20970,face_wash,1,10
20971,face_wash,0,0
20972,face_wash,0,0
20973,face_wash,0,0
20974,face_wash,0,0
20975,face_wash,0,1
20977,face_wash,0,0
20978,face_wash,0,0
20979,face_wash,0,2
20980,face_wash,1,10
21232,face_wash,0,1
21233,face_wash,0,0
21235,face_wash,0,0
21236,face_wash,0,1
21237,face_wash,0,1
21238,face_wash,0,0
21239,face_wash,0,0
21240,face_wash,0,1
21241,face_wash,0,1
21242,face_wash,0,0
21243,face_wash,0,0
21244,face_wash,0,0
21246,face_wash,0,0
21247,face_wash,0,0
21248,face_wash,0,0
21249,face_wash,0,0
21250,face_wash,0,0
21606,face_wash,0,0
21607,face_wash,0,0
21608,face_wash,0,0
21609,face_wash,0,0
21610,face_wash,0,0
21611,face_wash,0,0
21612,face_wash,0,0
21613,face_wash,0,0
21614,face_wash,0,0
21615,face_wash,0,0
21616,face_wash,0,1
21617,face_wash,0,0
21618,face_wash,0,0
21619,face_wash,0,1
21620,face_wash,0,0
21621,face_wash,0,0
21622,face_wash,0,0
21623,face_wash,0,0
21624,face_wash,0,0
21625,face_wash,0,1
21626,face_wash,0,0
21627,face_wash,0,0
21628,face_wash,0,0
21630,face_wash,0,0
21631,face_wash,0,0
21632,face_wash,0,0
21633,face_wash,0,0
21634,face_wash,0,0
21635,face_wash,0,0
21636,face_wash,0,1
21637,face_wash,0,0
21638,face_wash,0,0
21639,face_wash,0,0
21640,face_wash,0,0
21641,face_wash,0,0
21642,face_wash,0,0
21643,face_wash,0,0
21644,face_wash,0,0
21645,face_wash,0,1
21646,face_wash,0,0
21647,face_wash,0,0
21648,face_wash,0,0
21649,face_wash,0,0
21650,face_wash,0,0
21651,face_wash,0,0
21652,face_wash,0,0
21653,face_wash,0,0
21654,face_wash,0,0
21655,face_wash,0,0
21656,face_wash,0,0
21657,face_wash,0,0
21658,face_wash,0,2
21659,face_wash,0,0
21660,face_wash,0,0
21661,face_wash,0,0
21662,face_wash,0,0
21663,face_wash,0,1
21664,face_wash,0,0
21665,face_wash,0,0
21666,face_wash,0,0
21667,face_wash,0,1
21668,face_wash,0,0
21669,face_wash,0,0
21670,face_wash,0,1
21671,face_wash,0,2
21994,face_wash,0,0
21995,face_wash,0,0
21996,face_wash,0,0
21997,face_wash,0,0
21998,face_wash,0,1
21999,face_wash,0,0
22000,face_wash,0,0
22001,face_wash,0,0
22004,face_wash,0,1
22005,face_wash,0,0
22006,face_wash,0,0
22007,face_wash,0,1
22008,face_wash,0,0
22009,face_wash,0,1
22010,face_wash,0,1
22011,face_wash,0,0
22012,face_wash,0,0
22470,face_wash,1,10
22471,face_wash,1,10
22473,face_wash,1,0
22474,face_wash,0,0
22475,face_wash,1,10
22476,face_wash,0,0
22477,face_wash,0,0
22478,face_wash,1,10
22479,face_wash,0,0
22480,face_wash,1,10
22481,face_wash,1,10
22482,face_wash,1,10
22483,face_wash,0,4
22484,face_wash,1,10
22487,face_wash,1,10
22489,face_wash,0,1
22490,face_wash,0,0
22491,face_wash,0,0
22492,face_wash,0,1
22493,face_wash,0,0
22495,face_wash,0,2
22496,face_wash,0,0
22497,face_wash,0,0
22498,face_wash,0,0
22499,face_wash,0,0
22500,face_wash,0,0
22501,face_wash,0,0
22502,face_wash,0,0
22503,face_wash,0,0
22504,face_wash,0,1
22505,face_wash,0,0
22506,face_wash,0,0
22507,face_wash,0,0
22508,face_wash,0,0
22510,face_wash,1,5
22512,face_wash,1,0
22514,face_wash,0,1
22515,face_wash,0,0
22516,face_wash,0,1
22517,face_wash,0,0
22518,face_wash,0,2
22519,face_wash,0,8
22520,face_wash,0,0
22522,face_wash,0,0
22523,face_wash,0,0
22524,face_wash,0,1
22526,face_wash,0,0
22527,face_wash,0,0
22528,face_wash,0,0
22531,face_wash,0,1
22532,face_wash,0,0
22533,face_wash,0,0
22534,face_wash,0,0
22535,face_wash,0,0
22536,face_wash,0,0
23437,cleansing,0,0
23438,cleansing,0,0
23766,cleansing,0,0
23767,cleansing,0,0
23768,cleansing,0,0
23771,cleansing,0,0
23772,cleansing,0,0
23773,cleansing,0,0
23774,cleansing,0,0
23775,cleansing,0,0
24089,cleansing,0,0
24090,cleansing,0,0
24092,cleansing,0,0
24093,cleansing,0,0
24094,cleansing,0,0
24096,cleansing,0,0
24098,cleansing,0,0
24415,cleansing,0,1
24416,cleansing,0,0
24417,cleansing,0,0
24418,cleansing,0,0
24419,cleansing,0,0
24420,cleansing,0,0
24421,cleansing,0,0
24422,cleansing,0,0
24423,cleansing,0,0
24424,cleansing,0,0
24723,cleansing,0,0
24724,cleansing,0,2
24725,cleansing,0,0
24726,cleansing,0,0
25378,cleansing,0,0
25379,cleansing,0,0
25380,cleansing,0,1
25381,cleansing,0,1
25383,cleansing,0,0
25384,cleansing,0,1
25385,cleansing,0,0
25386,cleansing,0,0
25387,cleansing,0,0
25388,cleansing,0,0
25389,cleansing,0,0
25390,cleansing,0,0
25391,cleansing,0,0
25392,cleansing,0,0
25393,cleansing,0,0
25394,cleansing,0,1
25395,cleansing,0,0
25702,cleansing,0,0
25703,cleansing,0,0
25704,cleansing,0,0
25706,cleansing,0,0
25707,cleansing,0,0
25708,cleansing,1,2
25709,cleansing,1,8
25710,cleansing,1,7
25711,cleansing,0,0
26031,cleansing,0,0
26033,cleansing,0,0
26034,cleansing,0,0
26035,cleansing,0,0
26036,cleansing,0,0
26037,cleansing,0,0
26038,cleansing,0,0
26039,cleansing,0,0
26041,cleansing,0,0
26043,cleansing,0,0
26044,cleansing,0,0
26046,cleansing,0,0
26047,cleansing,0,0
26049,cleansing,0,0
26050,cleansing,0,0
26051,cleansing,0,0
26052,cleansing,0,0
26053,cleansing,0,0
26054,cleansing,0,0
26055,cleansing,0,0
26056,cleansing,0,0
26058,cleansing,0,0
26059,cleansing,0,0
26060,cleansing,0,1
26432,cleansing,1,10
26433,cleansing,0,0
26434,cleansing,0,0
26436,cleansing,0,0
26437,cleansing,0,0
26438,cleansing,0,0
26440,cleansing,0,0
26441,cleansing,0,0
26769,cleansing,1,7
26770,cleansing,0,0
26771,cleansing,0,0
26772,cleansing,0,1
26774,cleansing,0,0
26775,cleansing,0,0
26776,cleansing,0,0
26777,cleansing,0,0
26778,cleansing,0,0
26779,cleansing,0,0
26780,cleansing,0,1
26781,cleansing,0,2
26782,cleansing,0,0
26783,cleansing,0,2
26784,cleansing,0,1
26785,cleansing,1,10
26786,cleansing,1,9
26787,cleansing,0,0
26788,cleansing,0,0
26789,cleansing,1,8
26790,cleansing,0,0
26791,cleansing,0,0
26793,cleansing,0,1
26794,cleansing,0,0
26795,cleansing,0,0
26796,cleansing,1,10
26797,cleansing,0,1
26798,cleansing,1,10
26799,cleansing,0,0
26800,cleansing,0,0
26801,cleansing,0,0
26802,cleansing,0,0
26804,cleansing,0,0
26806,cleansing,1,10
26807,cleansing,0,3
26808,cleansing,0,0
26809,cleansing,0,0
26810,cleansing,0,0
26811,cleansing,0,9
26812,cleansing,1,4
26813,cleansing,0,0
26815,cleansing,1,3
26817,cleansing,1,10
26818,cleansing,0,0
26819,cleansing,0,0
26820,cleansing,0,2
26821,cleansing,0,0
26822,cleansing,0,0
26823,cleansing,0,0
26824,cleansing,0,0
26825,cleansing,0,1
26826,cleansing,0,0
26827,cleansing,0,0
26828,cleansing,0,0
26829,cleansing,0,1
26830,cleansing,0,0
26831,cleansing,1,10
26832,cleansing,0,0
26833,cleansing,1,10
26834,cleansing,1,10
26835,cleansing,0,0
26836,cleansing,0,0
26837,cleansing,1,10
26838,cleansing,0,0
26839,cleansing,0,0
26840,cleansing,1,10
26841,cleansing,0,0
26842,cleansing,1,10
26844,cleansing,0,0
26845,cleansing,1,10
26847,cleansing,0,0
26848,cleansing,0,0
26849,cleansing,1,10
26850,cleansing,1,0
26851,cleansing,0,0
26852,cleansing,0,0
26853,cleansing,0,1
26854,cleansing,0,0
26855,cleansing,1,0
26856,cleansing,0,1
26857,cleansing,0,0
26858,cleansing,0,0
26859,cleansing,0,0
26860,cleansing,0,0
26861,cleansing,0,0
26862,cleansing,0,0
26863,cleansing,0,0
26864,cleansing,0,1
26865,cleansing,0,0
26866,cleansing,0,0
26867,cleansing,0,0
26868,cleansing,0,0
26869,cleansing,0,0
26870,cleansing,0,0
26871,cleansing,0,1
26872,cleansing,0,0
26873,cleansing,0,0
26874,cleansing,0,0
26875,cleansing,0,0
26876,cleansing,0,0
26877,cleansing,0,0
26878,cleansing,0,1
26880,cleansing,0,1
26881,cleansing,0,0
26882,cleansing,0,1
26885,cleansing,0,0
26886,cleansing,0,0
26887,cleansing,0,0
26888,cleansing,0,0
27253,cleansing,0,0
27254,cleansing,1,2
27255,cleansing,0,0
27256,cleansing,0,0
27257,cleansing,0,0
27258,cleansing,0,0
27259,cleansing,0,1
27260,cleansing,0,1
27261,cleansing,1,9
27262,cleansing,1,5
27264,cleansing,0,0
27266,cleansing,0,0
27267,cleansing,0,1
27268,cleansing,0,0
27269,cleansing,0,0
27270,cleansing,0,0
27271,cleansing,0,0
27272,cleansing,0,1
27273,cleansing,0,0
27274,cleansing,1,8
27275,cleansing,0,1
27276,cleansing,1,8
27277,cleansing,1,10
27278,cleansing,1,9
27279,cleansing,0,0
27280,cleansing,1,10
27281,cleansing,1,0
27282,cleansing,1,8
27283,cleansing,1,10
27284,cleansing,0,0
27285,cleansing,1,10
27286,cleansing,0,0
27287,cleansing,1,9
27288,cleansing,1,0
27289,cleansing,0,6
27290,cleansing,0,0
27292,cleansing,1,0
27293,cleansing,1,8
27294,cleansing,0,1
27295,cleansing,0,1
27296,cleansing,0,1
27297,cleansing,1,10
27298,cleansing,1,10
27300,cleansing,0,0
27301,cleansing,1,7
27302,cleansing,0,0
27303,cleansing,1,10
27304,cleansing,1,0
27305,cleansing,1,1
27306,cleansing,1,8
27307,cleansing,0,1
27308,cleansing,1,10
27309,cleansing,1,8
27310,cleansing,0,1
27311,cleansing,0,0
27312,cleansing,0,7
27313,cleansing,0,0
27314,cleansing,0,0
27315,cleansing,0,0
27316,cleansing,0,0
27699,cleansing,0,0
27700,cleansing,0,2
27701,cleansing,0,0
28350,toner_lotion,0,0
28351,toner_lotion,0,0
28353,toner_lotion,0,0
28354,toner_lotion,0,0
28355,toner_lotion,0,0
28356,toner_lotion,0,0
28357,toner_lotion,0,1
28676,toner_lotion,0,2
28677,toner_lotion,0,1
28678,toner_lotion,1,8
28679,toner_lotion,0,0
28680,toner_lotion,1,10
28681,toner_lotion,0,0
28682,toner_lotion,0,0
28683,toner_lotion,0,0
28684,toner_lotion,0,0
28685,toner_lotion,0,0
28991,toner_lotion,0,0
28992,toner_lotion,0,0
28993,toner_lotion,0,0
28994,toner_lotion,0,0
28996,toner_lotion,0,0
28997,toner_lotion,0,0
28998,toner_lotion,0,0
28999,toner_lotion,0,0
29000,toner_lotion,0,0
29389,toner_lotion,0,0
29390,toner_lotion,0,0
29391,toner_lotion,0,1
29392,toner_lotion,1,10
29393,toner_lotion,0,0
29394,toner_lotion,0,1
29395,toner_lotion,0,0
29396,toner_lotion,0,0
29397,toner_lotion,0,0
29398,toner_lotion,0,3
29399,toner_lotion,0,0
29400,toner_lotion,0,0
29401,toner_lotion,0,0
29402,toner_lotion,0,0
29404,toner_lotion,0,0
29405,toner_lotion,0,0
29407,toner_lotion,1,10
29408,toner_lotion,0,0
29409,toner_lotion,1,7
29410,toner_lotion,0,0
29411,toner_lotion,1,10
29412,toner_lotion,1,10
29413,toner_lotion,0,0
29414,toner_lotion,1,10
29415,toner_lotion,1,10
29416,toner_lotion,0,0
29417,toner_lotion,1,1
29418,toner_lotion,1,10
29926,toner_lotion,0,0
29927,toner_lotion,0,0
30295,toner_lotion,0,0
30648,eye_shadow,0,0
30649,eye_shadow,0,0
30650,eye_shadow,0,0
30651,eye_shadow,0,0
30652,eye_shadow,0,0
30653,eye_shadow,0,0
30654,eye_shadow,0,0
30655,eye_shadow,0,0
30656,eye_shadow,0,0
30657,eye_shadow,0,0
30981,eye_shadow,0,0
30982,eye_shadow,0,0
30984,eye_shadow,0,0
30985,eye_shadow,1,9
30987,eye_shadow,0,1
30988,eye_shadow,0,0
30989,eye_shadow,0,0
30990,eye_shadow,0,0
31279,eye_shadow,0,0
31280,eye_shadow,0,0
31281,eye_shadow,0,0
31282,eye_shadow,0,0
31284,eye_shadow,0,0
31285,eye_shadow,0,0
31286,eye_shadow,0,0
31287,eye_shadow,0,0
31288,eye_shadow,0,0
31619,eye_shadow,0,0
31621,eye_shadow,0,0
31623,eye_shadow,0,1
31624,eye_shadow,0,1
31625,eye_shadow,0,0
31626,eye_shadow,0,0
31627,eye_shadow,0,0
31628,eye_shadow,0,0
31629,eye_shadow,0,0
31630,eye_shadow,0,0
31631,eye_shadow,0,0
31632,eye_shadow,0,0
31633,eye_shadow,0,1
31634,eye_shadow,0,0
31635,eye_shadow,0,0
31636,eye_shadow,0,0
31955,eye_shadow,0,0
31956,eye_shadow,0,1
31959,eye_shadow,0,0
31960,eye_shadow,0,0
31961,eye_shadow,0,0
31962,eye_shadow,0,0
31963,eye_shadow,0,0
31964,eye_shadow,0,0
31965,eye_shadow,0,0
31966,eye_shadow,0,0
31967,eye_shadow,0,1
31969,eye_shadow,0,0
31971,eye_shadow,0,0
31973,eye_shadow,0,0
32318,eye_shadow,0,0
32319,eye_shadow,0,0
32320,eye_shadow,0,0
32321,eye_shadow,0,0
32322,eye_shadow,0,0
32323,eye_shadow,0,1
32324,eye_shadow,0,0
32325,eye_shadow,0,0
32326,eye_shadow,0,0
32327,eye_shadow,0,0
32328,eye_shadow,0,0
32329,eye_shadow,0,0
32330,eye_shadow,0,1
32331,eye_shadow,0,1
32332,eye_shadow,0,1
32333,eye_shadow,0,0
32334,eye_shadow,0,2
32335,eye_shadow,0,0
32336,eye_shadow,0,0
32337,eye_shadow,0,0
32338,eye_shadow,0,0
32339,eye_shadow,0,1
32340,eye_shadow,0,0
32341,eye_shadow,0,0
32342,eye_shadow,0,0
32343,eye_shadow,0,0
32344,eye_shadow,0,0
32345,eye_shadow,0,0
32346,eye_shadow,0,0
32347,eye_shadow,0,0
32614,eye_shadow,0,0
32615,eye_shadow,0,0
32616,eye_shadow,0,2
32617,eye_shadow,0,0
32618,eye_shadow,0,1
32619,eye_shadow,0,0
32620,eye_shadow,0,0
32621,eye_shadow,0,1
32622,eye_shadow,0,0
32623,eye_shadow,0,0
32624,eye_shadow,0,0
32626,eye_shadow,0,0
32627,eye_shadow,0,0
32628,eye_shadow,0,0
32629,eye_shadow,0,0
32630,eye_shadow,0,1
32632,eye_shadow,0,0
32954,eye_shadow,0,1
32955,eye_shadow,0,0
32957,eye_shadow,0,0
32958,eye_shadow,0,0
32959,eye_shadow,0,0
32961,eye_shadow,0,0
32962,eye_shadow,0,0
32963,eye_shadow,0,0
32964,eye_shadow,0,1
32965,eye_shadow,0,0
32966,eye_shadow,0,0
32967,eye_shadow,0,0
32968,eye_shadow,0,0
32969,eye_shadow,0,0
32970,eye_shadow,0,0
32971,eye_shadow,0,1
32972,eye_shadow,0,0
32973,eye_shadow,0,0
33299,eye_shadow,0,1
33300,eye_shadow,0,0
33301,eye_shadow,0,0
33302,eye_shadow,0,0
33303,eye_shadow,0,0
33304,eye_shadow,0,0
33305,eye_shadow,0,0
33306,eye_shadow,0,0
33307,eye_shadow,0,0
33308,eye_shadow,0,0
33309,eye_shadow,0,0
33310,eye_shadow,0,0
33311,eye_shadow,0,1
33312,eye_shadow,0,0
33313,eye_shadow,0,0
33314,eye_shadow,0,1
33315,eye_shadow,0,0
33316,eye_shadow,0,0
33317,eye_shadow,0,0
33318,eye_shadow,0,0
33319,eye_shadow,0,0
33322,eye_shadow,0,0
33323,eye_shadow,0,1
33324,eye_shadow,0,0
33325,eye_shadow,0,0
33326,eye_shadow,0,0
33328,eye_shadow,0,0
33329,eye_shadow,0,0
33330,eye_shadow,0,0
33331,eye_shadow,0,0
33332,eye_shadow,0,0
33335,eye_shadow,0,0
33336,eye_shadow,0,0
33337,eye_shadow,0,0
33338,eye_shadow,0,0
33339,eye_shadow,0,0
33799,eye_shadow,0,0
33800,eye_shadow,0,0
33801,eye_shadow,0,0
33802,eye_shadow,0,0
33803,eye_shadow,0,0
33804,eye_shadow,0,0
33805,eye_shadow,0,0
33806,eye_shadow,0,1
33807,eye_shadow,0,0
33808,eye_shadow,0,1
33809,eye_shadow,0,0
33810,eye_shadow,0,0
33811,eye_shadow,0,0
33813,eye_shadow,0,1
33814,eye_shadow,0,0
33815,eye_shadow,0,1
33817,eye_shadow,0,0
33818,eye_shadow,0,0
33819,eye_shadow,0,0
33820,eye_shadow,0,0
33821,eye_shadow,0,0
33822,eye_shadow,0,0
33823,eye_shadow,0,0
33824,eye_shadow,0,0
33825,eye_shadow,0,0
33826,eye_shadow,0,0
33827,eye_shadow,0,0
33828,eye_shadow,0,0
33829,eye_shadow,0,1
33830,eye_shadow,0,0
34261,eye_shadow,0,0
34262,eye_shadow,0,0
34263,eye_shadow,0,0
34264,eye_shadow,0,0
34265,eye_shadow,0,0
34266,eye_shadow,0,0
34267,eye_shadow,0,0
34268,eye_shadow,0,0
34269,eye_shadow,0,1
34271,eye_shadow,0,0
34272,eye_shadow,0,0
34273,eye_shadow,0,1
34275,eye_shadow,0,0
34276,eye_shadow,0,2
34277,eye_shadow,0,0
34278,eye_shadow,0,0
34280,eye_shadow,0,0
34281,eye_shadow,0,0
34282,eye_shadow,0,0
34283,eye_shadow,0,1
34284,eye_shadow,0,0
34285,eye_shadow,0,0
34286,eye_shadow,0,1
34287,eye_shadow,0,0
34288,eye_shadow,0,0
34289,eye_shadow,0,0
34290,eye_shadow,0,0
34292,eye_shadow,0,0
34293,eye_shadow,0,0
34294,eye_shadow,0,0
34296,eye_shadow,0,0
34297,eye_shadow,0,0
34298,eye_shadow,0,0
34299,eye_shadow,0,0
34300,eye_shadow,0,0
34521,eye_shadow,0,0
34522,eye_shadow,0,1
34523,eye_shadow,0,0
34525,eye_shadow,0,0
34526,eye_shadow,0,0
34528,eye_shadow,0,0
34529,eye_shadow,0,1
34530,eye_shadow,0,1
34531,eye_shadow,0,0
34532,eye_shadow,0,0
34533,eye_shadow,0,0
34534,eye_shadow,1,0
34535,eye_shadow,0,0
34536,eye_shadow,0,0
34537,eye_shadow,0,1
34538,eye_shadow,0,0
34539,eye_shadow,0,0
34540,eye_shadow,0,0
34541,eye_shadow,0,0
34542,eye_shadow,0,0
34543,eye_shadow,0,0
34544,eye_shadow,0,0
34545,eye_shadow,0,0
34546,eye_shadow,0,0
34547,eye_shadow,0,1
34548,eye_shadow,0,1
34549,eye_shadow,0,2
34550,eye_shadow,0,0
35691,lip_colour,0,0
35692,lip_colour,0,0
35693,lip_colour,0,0
35694,lip_colour,0,0
35695,lip_colour,1,10
35696,lip_colour,0,2
35697,lip_colour,0,0
35698,lip_colour,0,1
35700,lip_colour,0,0
36017,lip_colour,0,0
36018,lip_colour,0,0
36019,lip_colour,1,10
36021,lip_colour,0,0
36022,lip_colour,0,0
36023,lip_colour,0,0
36024,lip_colour,0,0
36025,lip_colour,0,0
36026,lip_colour,1,9
36351,lip_colour,0,0
36352,lip_colour,0,0
36353,lip_colour,0,0
36354,lip_colour,0,1
36355,lip_colour,1,0
36357,lip_colour,0,0
36358,lip_colour,1,0
36359,lip_colour,0,1
36360,lip_colour,0,0
36664,lip_colour,0,1
36665,lip_colour,0,0
36666,lip_colour,0,0
36667,lip_colour,0,0
36668,lip_colour,0,0
36669,lip_colour,0,0
36670,lip_colour,0,0
36671,lip_colour,0,0
36672,lip_colour,0,0
36673,lip_colour,0,0
36674,lip_colour,0,0
36675,lip_colour,0,1
36676,lip_colour,0,0
36677,lip_colour,0,1
36678,lip_colour,0,0
36679,lip_colour,0,0
36680,lip_colour,0,0
36681,lip_colour,0,0
36682,lip_colour,0,2
36683,lip_colour,0,0
36684,lip_colour,0,0
36685,lip_colour,0,0
37024,lip_colour,0,0
37025,lip_colour,0,0
37026,lip_colour,0,0
37027,lip_colour,0,0
37028,lip_colour,0,0
37029,lip_colour,0,0
37030,lip_colour,0,0
37031,lip_colour,0,0
37032,lip_colour,0,1
37033,lip_colour,0,1
37034,lip_colour,0,0
37035,lip_colour,0,1
37036,lip_colour,0,1
37037,lip_colour,0,0
37038,lip_colour,0,1
37039,lip_colour,0,2
37040,lip_colour,0,0
37041,lip_colour,0,0
37042,lip_colour,0,0
37043,lip_colour,0,0
37044,lip_colour,0,0
37045,lip_colour,0,0
37046,lip_colour,0,0
37047,lip_colour,0,0
37048,lip_colour,0,0
37049,lip_colour,0,0
37050,lip_colour,0,0
37052,lip_colour,0,0
37053,lip_colour,0,0
37329,lip_colour,0,0
37330,lip_colour,0,0
37331,lip_colour,0,1
37332,lip_colour,0,0
37334,lip_colour,0,1
37335,lip_colour,0,0
37337,lip_colour,0,0
37338,lip_colour,0,0
37657,lip_colour,0,1
37658,lip_colour,0,1
37659,lip_colour,0,0
37660,lip_colour,0,0
37661,lip_colour,0,0
37662,lip_colour,0,0
37663,lip_colour,0,1
37664,lip_colour,0,0
37665,lip_colour,0,0
37666,lip_colour,0,0
37668,lip_colour,0,0
37669,lip_colour,0,0
38027,lip_colour,0,2
38028,lip_colour,0,0
38029,lip_colour,0,1
38030,lip_colour,0,0
38033,lip_colour,0,0
38034,lip_colour,0,0
38036,lip_colour,0,0
38037,lip_colour,0,0
38038,lip_colour,0,0
38039,lip_colour,0,0
38040,lip_colour,0,1
38041,lip_colour,0,0
38044,lip_colour,0,0
38046,lip_colour,0,0
38047,lip_colour,0,1
38048,lip_colour,0,0
38049,lip_colour,0,2
38050,lip_colour,0,0
38051,lip_colour,0,1
38052,lip_colour,0,0
38053,lip_colour,0,0
38054,lip_colour,0,0
38055,lip_colour,0,1
38056,lip_colour,0,0
38310,lip_colour,0,0
38311,lip_colour,0,1
38312,lip_colour,0,0
38313,lip_colour,0,0
38314,lip_colour,0,0
38315,lip_colour,0,0
38316,lip_colour,0,0
38317,lip_colour,0,0
38318,lip_colour,0,0
38319,lip_colour,0,0
38691,lip_colour,0,0
38693,lip_colour,0,0
38695,lip_colour,0,0
38696,lip_colour,0,0
38697,lip_colour,0,0
38698,lip_colour,0,0
38699,lip_colour,0,0
38700,lip_colour,0,0
38701,lip_colour,0,0
38702,lip_colour,0,0
38703,lip_colour,0,0
38704,lip_colour,0,0
38705,lip_colour,0,0
38706,lip_colour,0,0
38707,lip_colour,0,0
38708,lip_colour,0,0
38709,lip_colour,0,0
38711,lip_colour,0,0
38712,lip_colour,0,0
38713,lip_colour,0,0
38714,lip_colour,0,0
38715,lip_colour,0,0
38716,lip_colour,0,0
38717,lip_colour,0,0
38718,lip_colour,0,0
38719,lip_colour,0,0
38720,lip_colour,0,2
39056,lip_colour,0,0
39057,lip_colour,0,0
39058,lip_colour,0,0
39059,lip_colour,0,0
39060,lip_colour,0,0
39061,lip_colour,0,0
39062,lip_colour,0,0
39063,lip_colour,0,0
39064,lip_colour,0,0
39066,lip_colour,0,0
39067,lip_colour,0,0
39068,lip_colour,0,0
39069,lip_colour,0,0
39070,lip_colour,0,0
39071,lip_colour,0,0
39072,lip_colour,0,0
39073,lip_colour,0,0
39074,lip_colour,0,2
39076,lip_colour,0,0
39077,lip_colour,0,0
39078,lip_colour,0,1
39079,lip_colour,0,0
39080,lip_colour,0,0
39081,lip_colour,0,0
39082,lip_colour,0,0
39083,lip_colour,0,0
39084,lip_colour,1,0
39085,lip_colour,0,2
39087,lip_colour,0,0
39088,lip_colour,0,0
39089,lip_colour,0,0
39090,lip_colour,1,0
39091,lip_colour,0,0
39092,lip_colour,0,0
39093,lip_colour,0,1
39094,lip_colour,0,1
39095,lip_colour,0,1
39096,lip_colour,0,0
39097,lip_colour,0,0
39098,lip_colour,0,0
39099,lip_colour,0,0
39100,lip_colour,0,0
39101,lip_colour,0,0
39103,lip_colour,0,0
39104,lip_colour,0,0
39105,lip_colour,0,1
39586,lip_colour,0,0
39587,lip_colour,0,0
39588,lip_colour,0,0
39589,lip_colour,0,0
39590,lip_colour,0,0
39591,lip_colour,0,0
39592,lip_colour,0,0
39593,lip_colour,0,0
39595,lip_colour,0,0
39596,lip_colour,0,0
39597,lip_colour,0,0
39599,lip_colour,0,0
39600,lip_colour,0,0
39601,lip_colour,0,0
39602,lip_colour,0,0
39603,lip_colour,0,0
39604,lip_colour,0,0
39605,lip_colour,0,0
39606,lip_colour,0,1
39607,lip_colour,0,0
39608,lip_colour,0,0
39609,lip_colour,0,0
39612,lip_colour,0,0
39613,lip_colour,0,1
39614,lip_colour,0,0
39615,lip_colour,0,0
39616,lip_colour,0,0
39617,lip_colour,0,0
39618,lip_colour,0,1
39619,lip_colour,0,0
39620,lip_colour,0,0
39622,lip_colour,0,0
39623,lip_colour,0,0
39625,lip_colour,0,0
39626,lip_colour,0,1
39627,lip_colour,0,0
39628,lip_colour,0,0
39629,lip_colour,0,0
39630,lip_colour,0,0
39631,lip_colour,0,0
39632,lip_colour,0,0
39633,lip_colour,0,0
39634,lip_colour,0,0
39635,lip_colour,0,0
39636,lip_colour,0,0
39637,lip_colour,0,0
39638,lip_colour,0,0
39640,lip_colour,0,0
39641,lip_colour,0,0
39642,lip_colour,0,0
39643,lip_colour,0,0
39644,lip_colour,0,0
39645,lip_colour,0,0
39646,lip_colour,0,0
39648,lip_colour,0,0
39649,lip_colour,0,0
39650,lip_colour,0,0
39651,lip_colour,0,0
39652,lip_colour,0,0
39653,lip_colour,0,0
39654,lip_colour,0,0
39655,lip_colour,0,0
39656,lip_colour,0,1
39657,lip_colour,0,0
39658,lip_colour,0,0
39921,lip_colour,0,0
39922,lip_colour,0,0
39923,lip_colour,0,0
39924,lip_colour,0,1
39925,lip_colour,0,0
39926,lip_colour,1,9
39927,lip_colour,0,0
39928,lip_colour,0,2
39929,lip_colour,0,0
39930,lip_colour,0,0
39931,lip_colour,0,0
39932,lip_colour,0,0
39933,lip_colour,0,0
39934,lip_colour,0,0
39935,lip_colour,0,0
39936,lip_colour,0,0
39937,lip_colour,0,0
39938,lip_colour,0,0
39939,lip_colour,0,0
39940,lip_colour,0,0
39941,lip_colour,0,0
39942,lip_colour,0,0
39943,lip_colour,0,0
39944,lip_colour,0,0
39945,lip_colour,0,1
39946,lip_colour,0,0
39947,lip_colour,0,0
39948,lip_colour,0,0
39949,lip_colour,0,0
39950,lip_colour,0,0
39951,lip_colour,0,0
39952,lip_colour,0,0
39954,lip_colour,0,0
39955,lip_colour,0,0
39956,lip_colour,0,1
39957,lip_colour,0,0
39958,lip_colour,0,0
39959,lip_colour,0,0
39960,lip_colour,0,0
39961,lip_colour,0,0
39962,lip_colour,0,0
39963,lip_colour,0,1
39964,lip_colour,0,0
39965,lip_colour,0,0
39966,lip_colour,0,0
39968,lip_colour,0,0
39969,lip_colour,0,0
39970,lip_colour,0,0
39971,lip_colour,0,0
39972,lip_colour,0,0
39973,lip_colour,0,0
39974,lip_colour,0,1
39975,lip_colour,0,2
39976,lip_colour,0,0
39977,lip_colour,0,0
39978,lip_colour,0,0
39979,lip_colour,0,0
39980,lip_colour,0,0
39981,lip_colour,0,1
39982,lip_colour,0,0
39983,lip_colour,0,0
39984,lip_colour,0,0
39985,lip_colour,0,0
39986,lip_colour,0,0
39987,lip_colour,0,0
39988,lip_colour,0,0
39989,lip_colour,0,1
39990,lip_colour,0,0
39992,lip_colour,0,0
39993,lip_colour,0,0
39994,lip_colour,0,1
39995,lip_colour,0,0
39996,lip_colour,0,0
40395,lip_colour,0,0
40396,lip_colour,0,0
40397,lip_colour,0,0
40658,lip_colour,0,0
40659,lip_colour,0,1
40660,lip_colour,0,0
40661,lip_colour,0,0
40662,lip_colour,0,0
40663,lip_colour,0,0
40664,lip_colour,0,0
40665,lip_colour,0,0
40666,lip_colour,0,0
40667,lip_colour,0,0
40668,lip_colour,0,0
40669,lip_colour,0,1
40671,lip_colour,0,0
40672,lip_colour,0,0
40673,lip_colour,0,0
40674,lip_colour,0,0
40677,lip_colour,0,0
40678,lip_colour,0,0
40679,lip_colour,0,0
40680,lip_colour,0,1
40682,lip_colour,0,0
40683,lip_colour,0,0
40684,lip_colour,0,0
40685,lip_colour,0,0
40686,lip_colour,0,0
40687,lip_colour,0,0
40688,lip_colour,0,0
40689,lip_colour,0,2
40690,lip_colour,0,0
40691,lip_colour,0,0
40692,lip_colour,0,0
40693,lip_colour,0,0
40694,lip_colour,0,1
40695,lip_colour,0,0
40696,lip_colour,0,2
40697,lip_colour,0,0
40698,lip_colour,0,0
40699,lip_colour,1,0
40700,lip_colour,0,0
40701,lip_colour,0,0
40703,lip_colour,0,1
40704,lip_colour,0,0
40706,lip_colour,0,0
40707,lip_colour,0,0
40708,lip_colour,0,0
40709,lip_colour,0,0
40710,lip_colour,0,0
40711,lip_colour,0,0
40712,lip_colour,0,0
40713,lip_colour,0,0
40714,lip_colour,0,0
40715,lip_colour,0,0
40716,lip_colour,0,0
40717,lip_colour,0,1
40718,lip_colour,0,0
40719,lip_colour,0,0
40720,lip_colour,0,0
40722,lip_colour,0,0
40723,lip_colour,0,0
40725,lip_colour,0,0
40726,lip_colour,0,0
40727,lip_colour,1,0
40728,lip_colour,0,1
40729,lip_colour,0,0
40730,lip_colour,0,0
40731,lip_colour,0,0
40732,lip_colour,0,0
40733,lip_colour,0,0
40734,lip_colour,0,0
40735,lip_colour,0,0
40736,lip_colour,0,0
40737,lip_colour,0,0
40738,lip_colour,0,0
40739,lip_colour,0,0
40740,lip_colour,0,0
40741,lip_colour,0,0
40744,lip_colour,0,0
40745,lip_colour,1,1
40746,lip_colour,0,0
40747,lip_colour,0,0
40748,lip_colour,0,1
40749,lip_colour,0,0
40750,lip_colour,0,1
40751,lip_colour,0,0
40752,lip_colour,0,0
40753,lip_colour,0,0
40754,lip_colour,0,0
40755,lip_colour,0,0
40756,lip_colour,0,0
40757,lip_colour,0,0
40758,lip_colour,0,0
40759,lip_colour,0,1
40760,lip_colour,1,0
40761,lip_colour,0,0
40762,lip_colour,0,0
40763,lip_colour,0,0
40764,lip_colour,0,0
40765,lip_colour,0,1
40766,lip_colour,0,0
40767,lip_colour,0,0
40768,lip_colour,0,0
40769,lip_colour,0,0
40770,lip_colour,0,0
40771,lip_colour,0,0
40772,lip_colour,0,0
40774,lip_colour,0,0
40776,lip_colour,0,0
40777,lip_colour,0,0
40778,lip_colour,0,0
40779,lip_colour,0,0
40780,lip_colour,0,0
40781,lip_colour,0,0
40782,lip_colour,0,0
40783,lip_colour,0,0
40784,lip_colour,0,0
40785,lip_colour,0,0
40786,lip_colour,0,0
40787,lip_colour,0,0
40788,lip_colour,0,0
40789,lip_colour,0,1
40790,lip_colour,0,1
40791,lip_colour,0,0
40792,lip_colour,0,0
40793,lip_colour,0,0
40814,foundation,0,0
40815,foundation,0,0
40816,foundation,0,2
40817,foundation,0,0
40818,foundation,0,0
40819,foundation,0,0
40820,foundation,0,0
40821,foundation,0,0
40822,foundation,0,0
40823,foundation,0,0
41149,foundation,0,0
41150,foundation,0,0
41151,foundation,0,1
41152,foundation,0,0
41153,foundation,0,0
41154,foundation,0,1
41155,foundation,0,0
41156,foundation,0,0
41157,foundation,0,0
41158,foundation,0,0
41872,foundation,0,0
41873,foundation,1,10
41874,foundation,0,0
41875,foundation,1,10
41876,foundation,1,9
41877,foundation,0,0
41878,foundation,1,10
41879,foundation,0,0
41880,foundation,1,9
41881,foundation,0,0
41882,foundation,0,1
41883,foundation,0,1
41884,foundation,0,0
41885,foundation,0,1
41886,foundation,1,10
41887,foundation,1,10
41888,foundation,0,0
41889,foundation,0,0
41890,foundation,0,0
41891,foundation,0,0
41892,foundation,0,0
41894,foundation,0,0
41895,foundation,0,0
41896,foundation,1,10
41898,foundation,1,10
41899,foundation,0,0
41900,foundation,0,0
41901,foundation,0,0
41902,foundation,0,0
41903,foundation,0,0
41905,foundation,0,0
41907,foundation,0,0
41908,foundation,0,0
42149,foundation,0,0
42150,foundation,0,0
42151,foundation,0,0
42152,foundation,0,0
42153,foundation,0,0
42154,foundation,0,0
42155,foundation,0,0
42156,foundation,0,0
42158,foundation,0,1
42159,foundation,0,0
42160,foundation,0,0
42161,foundation,0,0
42162,foundation,0,0
42163,foundation,0,2
42164,foundation,1,10
42165,foundation,0,0
42167,foundation,1,0
42168,foundation,0,1
42169,foundation,0,0
42170,foundation,0,1
42171,foundation,0,0
42172,foundation,0,0
42173,foundation,0,0
42174,foundation,0,0
42175,foundation,0,0
42176,foundation,0,0
42177,foundation,0,0
42178,foundation,0,0
42910,foundation,1,10
42911,foundation,1,9
42912,foundation,1,10
42913,foundation,0,1
42914,foundation,0,0
42915,foundation,0,0
42916,foundation,0,4
42918,foundation,1,10
42919,foundation,1,10
42920,foundation,1,10
42921,foundation,1,4
42922,foundation,0,0
42923,foundation,0,0
42924,foundation,1,5
42926,foundation,1,6
42927,foundation,0,0
42928,foundation,1,2
42929,foundation,1,10
42931,foundation,1,9
42932,foundation,1,7
42933,foundation,0,0
42934,foundation,0,1
42936,foundation,1,2
42937,foundation,0,9
42938,foundation,0,10
42939,foundation,0,2
42941,foundation,1,8
42942,foundation,1,10
42943,foundation,0,0
42944,foundation,1,9
42945,foundation,0,0
42946,foundation,0,1
42947,foundation,0,0
42948,foundation,1,10
42949,foundation,0,1
42950,foundation,0,1
42951,foundation,1,6
42952,foundation,1,9
42953,foundation,0,8
42954,foundation,1,10
42955,foundation,1,0
42956,foundation,1,10
42957,foundation,0,0
42958,foundation,0,0
42961,foundation,1,10
42962,foundation,0,0
42963,foundation,1,10
42964,foundation,0,0
42965,foundation,0,0
42966,foundation,0,0
42967,foundation,0,0
42968,foundation,0,0
42969,foundation,0,0
42970,foundation,1,10
42971,foundation,0,0
42972,foundation,1,10
42973,foundation,1,6
42974,foundation,0,0
42975,foundation,1,10
42976,foundation,0,1
42977,foundation,0,1
42978,foundation,0,1
42979,foundation,1,5
42980,foundation,1,10
42981,foundation,0,0
42982,foundation,1,10
42983,foundation,1,10
42984,foundation,0,0
42985,foundation,0,2
42986,foundation,1,8
42988,foundation,0,4
42989,foundation,1,10
42990,foundation,1,10
42991,foundation,1,10
42992,foundation,1,10
42993,foundation,1,4
42994,foundation,1,10
42995,foundation,1,0
42996,foundation,0,4
42997,foundation,0,0
42998,foundation,1,7
42999,foundation,1,10
43000,foundation,0,0
43281,foundation,0,0
43282,foundation,0,0
43283,foundation,0,0
43284,foundation,0,1
43285,foundation,0,0
43286,foundation,0,0
43287,foundation,0,1
43288,foundation,0,8
43289,foundation,0,0
43290,foundation,0,0
43291,foundation,0,0
43292,foundation,1,0
43293,foundation,1,10
43294,foundation,1,10
43295,foundation,0,0
43298,foundation,0,0
43300,foundation,0,0
43301,foundation,1,10
43302,foundation,0,0
43303,foundation,1,10
43304,foundation,0,0
43305,foundation,1,10
43306,foundation,0,2
43307,foundation,0,0
43308,foundation,1,10
43309,foundation,1,10
43310,foundation,1,3
43311,foundation,0,0
43675,foundation,0,0
43676,foundation,0,0
44376,foundation,0,2
21,emulsion,0,0
22,emulsion,0,1
23,emulsion,0,0
25,emulsion,0,0
26,emulsion,0,0
27,emulsion,0,1
681,emulsion,0,0
682,emulsion,0,0
683,emulsion,0,0
684,emulsion,0,0
686,emulsion,0,0
687,emulsion,0,0
688,emulsion,0,0
690,emulsion,0,0
691,emulsion,0,0
692,emulsion,0,0
693,emulsion,0,0
694,emulsion,0,0
695,emulsion,0,0
696,emulsion,0,0
697,emulsion,0,0
698,emulsion,0,0
700,emulsion,0,0
701,emulsion,0,0
702,emulsion,0,0
703,emulsion,0,0
704,emulsion,0,0
706,emulsion,0,0
707,emulsion,0,0
708,emulsion,0,0
1031,emulsion,0,1
1032,emulsion,0,1
1033,emulsion,0,1
1036,emulsion,0,0
1038,emulsion,0,0
1039,emulsion,1,10
1040,emulsion,0,0
1041,emulsion,1,4
1042,emulsion,1,0
1043,emulsion,0,1
1045,emulsion,1,9
1046,emulsion,0,0
1047,emulsion,0,0
1048,emulsion,0,0
1049,emulsion,0,0
1050,emulsion,1,10
1052,emulsion,0,8
1053,emulsion,0,1
1054,emulsion,0,0
1056,emulsion,0,0
1058,emulsion,1,6
1059,emulsion,0,0
1060,emulsion,0,0
1679,emulsion,1,10
1680,emulsion,1,9
1681,emulsion,0,0
1682,emulsion,1,8
1683,emulsion,1,9
1684,emulsion,1,9
1685,emulsion,1,7
1686,emulsion,0,1
1687,emulsion,1,9
1688,emulsion,0,1
1689,emulsion,1,9
1690,emulsion,1,7
1691,emulsion,0,0
1692,emulsion,1,10
1693,emulsion,0,3
1694,emulsion,0,0
1695,emulsion,1,8
1698,emulsion,1,10
2023,emulsion,0,0
2024,emulsion,0,0
2025,emulsion,0,0
2027,emulsion,0,1
2028,emulsion,0,0
2029,emulsion,0,2
2030,emulsion,0,0
2031,emulsion,0,0
2032,emulsion,0,0
2033,emulsion,0,1
2034,emulsion,0,1
2035,emulsion,0,0
2036,emulsion,0,0
2037,emulsion,0,0
2038,emulsion,0,0
2040,emulsion,0,1
2041,emulsion,0,2
2444,emulsion,0,0
2445,emulsion,0,0
2446,emulsion,0,0
2447,emulsion,0,1
2448,emulsion,0,0
2449,emulsion,0,0
2450,emulsion,0,0
2453,emulsion,0,0
2454,emulsion,0,0
2455,emulsion,0,0
2456,emulsion,0,0
2457,emulsion,0,0
2458,emulsion,0,0
2459,emulsion,0,0
2460,emulsion,0,1
2461,emulsion,0,0
2462,emulsion,0,0
2463,emulsion,0,3
2864,emulsion,0,0
2865,emulsion,0,0
2866,emulsion,0,0
2867,emulsion,0,0
2870,emulsion,0,0
2872,emulsion,0,1
2873,emulsion,0,0
2874,emulsion,0,0
2875,emulsion,1,6
2876,emulsion,0,0
2877,emulsion,0,0
2878,emulsion,0,0
2879,emulsion,0,0
2880,emulsion,0,0
2881,emulsion,0,0
2882,emulsion,0,0
2884,emulsion,0,0
2885,emulsion,0,0
2886,emulsion,0,0
2888,emulsion,0,0
2889,emulsion,0,0
2891,emulsion,0,0
2892,emulsion,0,0
2894,emulsion,0,0
2895,emulsion,0,0
2896,emulsion,0,0
2897,emulsion,0,0
2898,emulsion,0,0
2899,emulsion,0,0
2901,emulsion,0,0
2902,emulsion,0,1
2903,emulsion,0,2
2904,emulsion,0,1
2905,emulsion,0,0
2906,emulsion,0,0
2908,emulsion,0,0
2909,emulsion,0,0
2910,emulsion,0,0
2911,emulsion,0,0
2912,emulsion,0,0
2913,emulsion,0,0
2914,emulsion,0,0
2915,emulsion,0,0
2916,emulsion,0,0
2917,emulsion,0,0
3778,emulsion,0,0
3779,emulsion,1,10
3780,emulsion,0,2
3781,emulsion,0,0
3782,emulsion,0,2
3783,emulsion,0,4
3784,emulsion,0,0
3785,emulsion,0,0
3786,emulsion,1,10
3787,emulsion,0,1
3788,emulsion,0,2
3789,emulsion,0,0
3790,emulsion,0,0
3791,emulsion,0,2
3792,emulsion,0,0
3793,emulsion,0,0
3794,emulsion,0,1
3796,emulsion,0,1
3797,emulsion,0,0
3798,emulsion,1,10
3799,emulsion,0,0
3800,emulsion,0,8
4131,emulsion,0,0
4132,emulsion,1,8
4133,emulsion,0,0
4134,emulsion,1,7
4135,emulsion,0,0
4136,emulsion,1,8
4137,emulsion,1,10
4138,emulsion,1,0
4139,emulsion,0,1
4140,emulsion,1,10
4141,emulsion,1,0
4142,emulsion,1,10
4143,emulsion,0,0
4144,emulsion,1,0
4145,emulsion,0,6
4146,emulsion,1,10
4147,emulsion,0,0
4148,emulsion,0,0
4149,emulsion,0,0
4150,emulsion,0,0
4151,emulsion,0,0
4152,emulsion,0,1
4523,emulsion,0,0
4525,emulsion,1,10
4526,emulsion,1,10
4527,emulsion,0,0
4528,emulsion,1,2
4529,emulsion,0,1
4530,emulsion,1,10
4531,emulsion,0,7
4532,emulsion,1,8
4534,emulsion,0,0
4536,emulsion,0,8
4537,emulsion,0,0
4538,emulsion,0,0
4539,emulsion,1,10
4540,emulsion,1,10
4541,emulsion,1,10
4542,emulsion,1,10
4543,emulsion,0,0
4544,emulsion,1,10
4545,emulsion,0,9
4546,emulsion,0,1
4548,emulsion,1,7
4550,emulsion,0,0
4552,emulsion,1,6
4555,emulsion,0,0
4557,emulsion,1,8
4558,emulsion,0,0
4559,emulsion,0,0
4560,emulsion,1,0
4561,emulsion,1,9
4562,emulsion,1,9
4563,emulsion,0,0
4564,emulsion,1,10
4565,emulsion,1,0
4566,emulsion,0,2
4567,emulsion,1,10
4568,emulsion,1,10
4569,emulsion,1,10
4570,emulsion,0,1
4571,emulsion,1,10
4572,emulsion,1,10
4573,emulsion,1,10
4574,emulsion,0,9
4575,emulsion,1,3
4576,emulsion,1,10
4577,emulsion,1,10
4578,emulsion,1,10
4580,emulsion,1,10
4581,emulsion,0,0
4582,emulsion,1,10
4583,emulsion,0,0
4585,emulsion,0,2
4586,emulsion,1,10
4587,emulsion,1,10
4589,emulsion,0,0
4590,emulsion,0,0
4591,emulsion,0,0
4592,emulsion,1,10
5232,emulsion,0,0
5233,emulsion,0,2
5234,emulsion,0,0
5236,emulsion,0,0
5614,face_cream,0,0
5615,face_cream,0,0
5616,face_cream,0,1
5617,face_cream,0,0
5619,face_cream,0,0
5621,face_cream,0,0
5622,face_cream,0,0
5623,face_cream,0,0
5625,face_cream,0,0
5626,face_cream,0,0
5627,face_cream,0,0
5628,face_cream,0,0
5629,face_cream,0,0
5630,face_cream,0,1
5631,face_cream,0,0
5632,face_cream,0,0
5633,face_cream,0,0
5926,face_cream,0,0
5927,face_cream,0,0
5928,face_cream,0,0
5929,face_cream,0,0
5930,face_cream,0,0
5931,face_cream,0,0
5932,face_cream,1,9
5933,face_cream,0,0
5934,face_cream,0,0
5935,face_cream,0,2
5936,face_cream,0,0
5937,face_cream,0,1
5939,face_cream,0,0
5940,face_cream,0,0
5941,face_cream,0,0
5942,face_cream,0,0
5943,face_cream,0,0
5944,face_cream,0,0
5945,face_cream,0,0
6561,face_cream,0,0
6563,face_cream,0,0
6565,face_cream,0,0
6566,face_cream,0,1
6567,face_cream,0,0
6569,face_cream,0,0
6887,face_cream,0,0
6889,face_cream,0,0
6890,face_cream,0,1
6892,face_cream,0,0
6893,face_cream,0,0
6894,face_cream,0,1
6895,face_cream,0,0
6896,face_cream,1,10
6897,face_cream,0,0
6898,face_cream,1,10
6899,face_cream,0,1
6900,face_cream,1,10
6901,face_cream,1,6
6902,face_cream,0,0
6903,face_cream,1,0
6904,face_cream,1,10
6905,face_cream,0,1
6906,face_cream,0,4
7211,face_cream,0,0
7212,face_cream,0,0
7213,face_cream,0,0
7214,face_cream,0,0
7215,face_cream,1,1
7216,face_cream,0,1
7217,face_cream,0,0
7218,face_cream,1,6
7219,face_cream,0,0
7554,face_cream,0,1
7555,face_cream,0,7
7556,face_cream,0,0
7557,face_cream,0,0
7560,face_cream,0,0
7561,face_cream,0,0
7562,face_cream,0,0
7563,face_cream,0,0
7564,face_cream,0,0
7565,face_cream,0,0
7567,face_cream,0,1
7568,face_cream,0,0
7569,face_cream,0,0
7570,face_cream,0,0
7571,face_cream,0,0
7572,face_cream,0,1
7573,face_cream,0,0
7871,face_cream,0,0
7872,face_cream,0,1
7873,face_cream,0,0
7874,face_cream,0,1
7875,face_cream,1,9
7876,face_cream,0,2
7877,face_cream,0,1
7878,face_cream,0,1
7879,face_cream,0,0
7882,face_cream,0,0
7883,face_cream,1,10
8250,face_cream,0,0
8251,face_cream,0,0
8252,face_cream,0,0
8254,face_cream,1,10
8255,face_cream,0,0
8256,face_cream,1,10
8257,face_cream,0,0
8258,face_cream,0,0
8259,face_cream,0,8
8261,face_cream,1,10
8262,face_cream,0,10
8263,face_cream,0,0
8264,face_cream,0,0
8266,face_cream,1,10
8267,face_cream,0,8
8268,face_cream,0,5
8269,face_cream,0,0
8270,face_cream,0,0
8271,face_cream,0,1
8272,face_cream,0,3
8273,face_cream,0,0
8274,face_cream,0,0
8275,face_cream,0,0
8276,face_cream,1,0
8277,face_cream,1,8
8278,face_cream,1,10
8279,face_cream,1,10
8280,face_cream,0,0
8281,face_cream,0,0
8282,face_cream,0,2
8283,face_cream,1,9
8284,face_cream,1,7
8285,face_cream,0,2
8286,face_cream,0,6
8287,face_cream,1,9
8288,face_cream,0,0
8289,face_cream,1,10
8290,face_cream,1,8
8291,face_cream,0,0
8292,face_cream,1,7
8293,face_cream,1,9
8294,face_cream,0,0
8295,face_cream,0,0
8296,face_cream,1,10
8297,face_cream,0,0
8298,face_cream,1,10
8299,face_cream,1,9
8300,face_cream,1,10
8301,face_cream,1,7
8303,face_cream,1,10
8304,face_cream,0,0
8306,face_cream,0,0
8307,face_cream,0,0
8308,face_cream,0,0
8309,face_cream,1,8
8310,face_cream,0,0
8312,face_cream,0,0
8313,face_cream,1,10
8314,face_cream,0,0
8315,face_cream,1,5
8316,face_cream,1,10
8317,face_cream,0,3
8318,face_cream,0,0
8319,face_cream,1,10
8320,face_cream,0,0
8321,face_cream,0,0
8322,face_cream,0,0
8323,face_cream,1,6
8324,face_cream,0,0
8325,face_cream,0,1
8326,face_cream,1,10
8327,face_cream,0,0
8328,face_cream,1,10
8329,face_cream,0,0
8330,face_cream,1,8
8331,face_cream,0,0
8332,face_cream,1,10
8333,face_cream,0,0
8334,face_cream,0,0
8335,face_cream,1,10
8336,face_cream,0,0
8337,face_cream,0,1
8338,face_cream,1,8
8339,face_cream,0,0
8340,face_cream,1,10
8341,face_cream,0,5
8342,face_cream,1,10
8343,face_cream,1,10
8344,face_cream,1,10
8345,face_cream,1,9
8346,face_cream,0,0
8347,face_cream,0,5
8348,face_cream,1,1
8350,face_cream,0,6
8351,face_cream,0,0
8352,face_cream,1,7
8353,face_cream,0,0
8572,face_cream,0,0
8573,face_cream,0,2
8574,face_cream,0,0
8575,face_cream,0,0
8576,face_cream,0,0
8577,face_cream,0,0
8578,face_cream,0,0
8579,face_cream,0,0
8580,face_cream,0,0
8581,face_cream,0,0
8582,face_cream,0,0
8585,face_cream,0,0
8586,face_cream,0,0
8587,face_cream,0,1
8588,face_cream,0,1
8589,face_cream,0,0
8591,face_cream,0,0
8592,face_cream,0,0
8593,face_cream,0,1
8594,face_cream,0,0
8595,face_cream,0,0
8596,face_cream,0,0
8598,face_cream,0,0
8599,face_cream,0,0
8600,face_cream,0,0
8601,face_cream,0,0
8905,face_cream,0,0
8906,face_cream,0,0
8907,face_cream,0,0
8908,face_cream,0,1
8909,face_cream,0,0
8910,face_cream,0,0
8911,face_cream,0,0
8912,face_cream,0,0
8913,face_cream,0,0
8914,face_cream,0,0
8915,face_cream,0,1
8916,face_cream,0,0
8917,face_cream,1,1
8918,face_cream,0,0
8919,face_cream,0,0
8920,face_cream,0,0
8922,face_cream,0,0
8923,face_cream,0,0
8924,face_cream,0,0
8925,face_cream,0,0
8926,face_cream,0,0
8927,face_cream,0,0
8928,face_cream,0,1
8929,face_cream,0,1
8930,face_cream,0,0
8931,face_cream,0,0
8933,face_cream,0,0
9321,face_cream,0,1
9322,face_cream,0,0
9323,face_cream,0,0
9324,face_cream,0,0
9325,face_cream,0,0
9326,face_cream,0,0
9327,face_cream,0,0
9328,face_cream,0,0
9329,face_cream,0,0
9330,face_cream,0,0
9332,face_cream,0,0
9333,face_cream,0,0
9334,face_cream,0,0
9335,face_cream,0,0
9336,face_cream,0,0
9337,face_cream,1,0
9338,face_cream,0,0
9339,face_cream,0,0
9340,face_cream,0,1
9735,face_cream,0,0
9736,face_cream,0,1
9737,face_cream,0,0
9738,face_cream,0,0
9739,face_cream,0,0
9740,face_cream,0,0
9741,face_cream,0,1
9742,face_cream,0,1
9743,face_cream,0,2
9744,face_cream,0,0
9745,face_cream,0,0
9746,face_cream,0,0
9747,face_cream,0,0
9748,face_cream,0,0
9749,face_cream,0,1
9750,face_cream,0,1
9751,face_cream,0,0
9752,face_cream,0,0
9753,face_cream,0,3
9754,face_cream,0,1
9755,face_cream,0,0
9756,face_cream,0,0
9758,face_cream,0,1
9759,face_cream,0,0
9760,face_cream,0,0
9761,face_cream,0,0
9762,face_cream,0,0
9763,face_cream,0,0
9764,face_cream,0,1
9765,face_cream,0,0
9766,face_cream,0,0
9767,face_cream,0,1
9768,face_cream,0,0
9769,face_cream,0,1
9770,face_cream,0,0
9771,face_cream,0,1
9772,face_cream,0,0
9788,face_cream,0,0
9789,face_cream,0,0
9790,face_cream,0,1
9791,face_cream,0,1
9792,face_cream,0,0
9793,face_cream,0,0
9794,face_cream,0,0
9795,face_cream,0,0
9796,face_cream,0,0
10115,serum_essence,1,10
10116,serum_essence,1,5
10117,serum_essence,0,1
10118,serum_essence,0,0
10119,serum_essence,0,0
10122,serum_essence,0,0
10123,serum_essence,0,0
10124,serum_essence,0,1
10775,serum_essence,1,9
10776,serum_essence,1,6
10777,serum_essence,1,10
10778,serum_essence,1,10
10779,serum_essence,1,10
10780,serum_essence,0,0
10781,serum_essence,1,3
10782,serum_essence,1,10
10783,serum_essence,1,10
10784,serum_essence,1,10
10785,serum_essence,0,0
10786,serum_essence,1,0
10787,serum_essence,1,10
10788,serum_essence,0,0
10789,serum_essence,1,2
10790,serum_essence,0,0
10791,serum_essence,1,0
10792,serum_essence,0,1
10793,serum_essence,0,0
10794,serum_essence,0,0
10795,serum_essence,1,10
10797,serum_essence,0,2
10798,serum_essence,0,2
10799,serum_essence,0,0
10800,serum_essence,0,0
10801,serum_essence,0,1
10802,serum_essence,0,0
10803,serum_essence,1,10
10804,serum_essence,0,0
11066,serum_essence,0,0
11067,serum_essence,1,10
11068,serum_essence,0,0
11069,serum_essence,1,0
11070,serum_essence,0,0
11071,serum_essence,1,10
11072,serum_essence,1,0
11073,serum_essence,1,10
11074,serum_essence,0,0
11075,serum_essence,0,0
11076,serum_essence,1,10
11077,serum_essence,0,0
11078,serum_essence,0,0
11710,serum_essence,0,1
11711,serum_essence,0,0
11712,serum_essence,0,0
11713,serum_essence,0,0
11714,serum_essence,0,2
11715,serum_essence,0,0
11716,serum_essence,0,7
11717,serum_essence,1,5
11718,serum_essence,1,10
11719,serum_essence,0,0
11720,serum_essence,0,0
11722,serum_essence,1,10
11723,serum_essence,0,0
11724,serum_essence,1,10
11726,serum_essence,1,10
11727,serum_essence,1,9
11728,serum_essence,0,0
11729,serum_essence,0,0
12048,serum_essence,1,8
12049,serum_essence,1,6
12050,serum_essence,0,1
12052,serum_essence,0,0
12053,serum_essence,0,0
12054,serum_essence,1,8
12055,serum_essence,1,10
12056,serum_essence,0,0
12057,serum_essence,1,10
12058,serum_essence,1,10
12059,serum_essence,0,1
12060,serum_essence,0,1
12061,serum_essence,1,10
12062,serum_essence,1,10
12063,serum_essence,0,0
12064,serum_essence,0,2
12065,serum_essence,0,2
12066,serum_essence,0,0
12067,serum_essence,1,8
12392,serum_essence,0,0
12393,serum_essence,1,8
12394,serum_essence,1,10
12395,serum_essence,0,1
12396,serum_essence,0,0
12397,serum_essence,1,8
12398,serum_essence,0,0
12399,serum_essence,1,10
12400,serum_essence,1,0
12401,serum_essence,1,4
12720,serum_essence,1,10
12721,serum_essence,0,1
12722,serum_essence,1,9
12723,serum_essence,1,10
12724,serum_essence,0,0
12725,serum_essence,0,0
12726,serum_essence,0,0
12727,serum_essence,0,0
12728,serum_essence,1,8
12729,serum_essence,1,6
12730,serum_essence,1,1
12731,serum_essence,1,9
12732,serum_essence,0,0
12733,serum_essence,1,0
12734,serum_essence,1,10
12735,serum_essence,1,10
12736,serum_essence,1,10
12737,serum_essence,1,10
12738,serum_essence,1,10
12739,serum_essence,0,1
12740,serum_essence,1,6
12742,serum_essence,1,8
12743,serum_essence,1,8
12745,serum_essence,1,8
12746,serum_essence,0,0
12748,serum_essence,1,10
12750,serum_essence,0,6
12751,serum_essence,0,0
12752,serum_essence,1,10
12753,serum_essence,0,0
12754,serum_essence,0,4
12755,serum_essence,0,0
12756,serum_essence,0,0
12757,serum_essence,0,0
12758,serum_essence,0,0
12759,serum_essence,1,10
12992,serum_essence,1,10
12993,serum_essence,1,9
12994,serum_essence,1,10
12995,serum_essence,1,0
12996,serum_essence,0,0
12997,serum_essence,0,0
12998,serum_essence,0,1
12999,serum_essence,1,10
13000,serum_essence,0,0
13330,serum_essence,0,0
13331,serum_essence,0,0
13332,serum_essence,0,0
13333,serum_essence,0,1
13334,serum_essence,0,2
13335,serum_essence,0,0
13336,serum_essence,0,0
13337,serum_essence,0,0
13338,serum_essence,0,0
13339,serum_essence,0,1
13712,serum_essence,0,0
13713,serum_essence,0,0
13714,serum_essence,0,0
13715,serum_essence,0,0
13716,serum_essence,0,0
13717,serum_essence,1,9
13718,serum_essence,0,1
13720,serum_essence,0,1
13721,serum_essence,0,0
13723,serum_essence,0,0
13724,serum_essence,0,0
13725,serum_essence,0,0
13726,serum_essence,0,0
13727,serum_essence,0,1
13728,serum_essence,1,0
13730,serum_essence,1,8
13731,serum_essence,0,1
13732,serum_essence,0,9
13733,serum_essence,0,8
13734,serum_essence,1,10
13735,serum_essence,0,0
13736,serum_essence,1,2
13737,serum_essence,0,0
13738,serum_essence,0,0
13740,serum_essence,0,0
14078,serum_essence,0,0
14079,serum_essence,0,2
14081,serum_essence,1,10
14082,serum_essence,0,0
14083,serum_essence,0,0
14084,serum_essence,1,10
14085,serum_essence,0,0
14086,serum_essence,0,0
14087,serum_essence,1,5
14088,serum_essence,0,0
14089,serum_essence,1,9
14090,serum_essence,0,1
14091,serum_essence,0,0
14092,serum_essence,0,0
14094,serum_essence,0,0
14096,serum_essence,0,1
14097,serum_essence,0,8
14098,serum_essence,0,0
14099,serum_essence,0,0
14100,serum_essence,1,6
14101,serum_essence,0,0
14102,serum_essence,0,1
14103,serum_essence,0,0
14105,serum_essence,0,0
14106,serum_essence,0,0
14107,serum_essence,0,0
14108,serum_essence,0,0
14109,serum_essence,0,0
14111,serum_essence,0,0
14113,serum_essence,1,8
14115,serum_essence,0,0
14116,serum_essence,0,0
14117,serum_essence,1,10
14118,serum_essence,0,0
14120,serum_essence,0,5
14121,serum_essence,0,1
14122,serum_essence,0,0
14123,serum_essence,0,1
14124,serum_essence,1,10
14125,serum_essence,0,1
14126,serum_essence,0,0
14127,serum_essence,0,0
14128,serum_essence,0,0
14129,serum_essence,0,0
14130,serum_essence,0,0
14131,serum_essence,0,10
14132,serum_essence,0,0
14133,serum_essence,0,0
14134,serum_essence,1,8
14135,serum_essence,0,0
14136,serum_essence,0,1
14139,serum_essence,0,0
14140,serum_essence,0,0
14141,serum_essence,0,0
14142,serum_essence,0,0
14143,serum_essence,0,0
14144,serum_essence,0,1
14145,serum_essence,0,1
14146,serum_essence,0,0
14147,serum_essence,0,0
14603,serum_essence,0,0
14604,serum_essence,0,1
14605,serum_essence,0,0
14606,serum_essence,0,0
14607,serum_essence,0,0
14608,serum_essence,0,0
14609,serum_essence,0,0
14611,serum_essence,0,3
14612,serum_essence,0,0
14613,serum_essence,0,1
14614,serum_essence,0,0
14615,serum_essence,0,1
14616,serum_essence,0,0
14618,serum_essence,0,0
14619,serum_essence,0,0
14620,serum_essence,0,1
14621,serum_essence,0,0
14622,serum_essence,0,0
14624,serum_essence,0,0
14627,serum_essence,0,0
14628,serum_essence,0,0
14629,serum_essence,0,0
14630,serum_essence,0,0
14631,serum_essence,0,0
14632,serum_essence,0,0
14634,serum_essence,0,0
14635,serum_essence,0,0
14636,serum_essence,0,0
14637,serum_essence,0,0
14638,serum_essence,0,0
14639,serum_essence,0,0
14641,serum_essence,0,0
14642,serum_essence,0,0
14643,serum_essence,1,8
14645,serum_essence,0,0
14646,serum_essence,0,0
14647,serum_essence,0,0
14648,serum_essence,0,0
14649,serum_essence,0,1
14650,serum_essence,0,0
14651,serum_essence,0,0
14652,serum_essence,0,0
14653,serum_essence,0,0
14654,serum_essence,0,0
14655,serum_essence,0,0
14656,serum_essence,1,0
14657,serum_essence,0,0
14658,serum_essence,0,0
14659,serum_essence,0,0
14661,serum_essence,0,0
14664,serum_essence,0,0
14667,serum_essence,0,0
14668,serum_essence,0,0
14669,serum_essence,0,0
14670,serum_essence,0,1
14673,serum_essence,0,0
14674,serum_essence,0,0
14675,serum_essence,0,0
14677,serum_essence,0,0
14678,serum_essence,0,0
14679,serum_essence,0,1
14680,serum_essence,0,0
14681,serum_essence,0,0
14682,serum_essence,0,0
14683,serum_essence,0,0
14684,serum_essence,0,0
14688,serum_essence,0,0
14691,serum_essence,0,0
14692,serum_essence,0,0
14694,serum_essence,0,0
14695,serum_essence,0,1
14697,serum_essence,0,3
14698,serum_essence,0,0
14699,serum_essence,0,0
14701,serum_essence,0,0
14702,serum_essence,0,0
14703,serum_essence,0,0
14704,serum_essence,0,0
14705,serum_essence,0,0
14706,serum_essence,0,0
14707,serum_essence,0,0
14708,serum_essence,0,0
14711,serum_essence,0,0
14713,serum_essence,0,0
14714,serum_essence,0,0
14715,serum_essence,0,0
14716,serum_essence,0,0
14717,serum_essence,0,0
14719,serum_essence,0,0
14721,serum_essence,0,0
14722,serum_essence,0,0
14724,serum_essence,0,1
14725,serum_essence,0,0
14726,serum_essence,0,0
14727,serum_essence,0,0
14728,serum_essence,0,0
14730,serum_essence,0,0
14732,serum_essence,0,1
14733,serum_essence,0,0
14734,serum_essence,0,0
14735,serum_essence,0,0
14736,serum_essence,0,0
14737,serum_essence,0,0
14738,serum_essence,0,0
14739,serum_essence,0,0
14740,serum_essence,0,0
14742,serum_essence,0,0
14743,serum_essence,0,0
14745,serum_essence,0,0
14746,serum_essence,0,0
14749,serum_essence,0,0
14751,serum_essence,0,0
14752,serum_essence,0,0
14753,serum_essence,0,1
14754,serum_essence,1,9
14755,serum_essence,0,0
14970,serum_essence,1,8
14971,serum_essence,1,7
14972,serum_essence,1,0
14973,serum_essence,1,10
14974,serum_essence,0,0
14975,serum_essence,1,10
14976,serum_essence,0,9
14977,serum_essence,0,0
14978,serum_essence,1,6
14979,serum_essence,1,7
14980,serum_essence,0,0
14981,serum_essence,1,10
14982,serum_essence,0,0
14983,serum_essence,0,0
14984,serum_essence,0,0
14985,serum_essence,1,8
14986,serum_essence,1,10
14988,serum_essence,0,2
14989,serum_essence,0,0
14990,serum_essence,0,9
14991,serum_essence,0,4
14993,serum_essence,0,0
14994,serum_essence,0,0
14995,serum_essence,0,0
14996,serum_essence,0,2
14997,serum_essence,0,1
14998,serum_essence,0,1
14999,serum_essence,0,0
15000,serum_essence,0,2
15001,serum_essence,0,2
15003,serum_essence,0,0
15006,serum_essence,0,0
15007,serum_essence,0,0
15008,serum_essence,0,0
15009,serum_essence,0,0
15010,serum_essence,0,0
15011,serum_essence,0,1
15012,serum_essence,1,1
15013,serum_essence,1,10
15014,serum_essence,0,0
15015,serum_essence,0,0
15017,serum_essence,0,1
15018,serum_essence,1,10
15019,serum_essence,0,0
15021,serum_essence,0,2
15022,serum_essence,0,0
15023,serum_essence,0,0
15024,serum_essence,0,0
15025,serum_essence,0,0
15026,serum_essence,1,10
15027,serum_essence,0,0
15028,serum_essence,0,5
15030,serum_essence,0,0
15031,serum_essence,1,7
15032,serum_essence,0,0
15033,serum_essence,1,10
15034,serum_essence,0,9
15035,serum_essence,1,7
15036,serum_essence,1,9
15037,serum_essence,1,10
15038,serum_essence,1,8
15039,serum_essence,1,9
15041,serum_essence,1,9
15042,serum_essence,0,1
15043,serum_essence,0,0
15044,serum_essence,0,0
15045,serum_essence,0,3
15046,serum_essence,0,0
15047,serum_essence,0,0
15048,serum_essence,0,0
15049,serum_essence,1,10
15050,serum_essence,1,1
15052,serum_essence,0,9
15053,serum_essence,1,10
15054,serum_essence,0,0
15055,serum_essence,0,1
15056,serum_essence,0,0
15057,serum_essence,0,1
15058,serum_essence,1,10
15059,serum_essence,1,9
15061,serum_essence,0,5
15062,serum_essence,1,9
15063,serum_essence,0,3
15064,serum_essence,1,10
15065,serum_essence,0,1
15066,serum_essence,0,4
15067,serum_essence,0,0
15068,serum_essence,0,1
15070,serum_essence,1,10
15071,serum_essence,0,3
15072,serum_essence,0,0
15073,serum_essence,1,0
15074,serum_essence,1,9
15075,serum_essence,1,9
15076,serum_essence,0,0
15077,serum_essence,0,8
15078,serum_essence,0,0
15079,serum_essence,1,10
15080,serum_essence,1,9
15081,serum_essence,1,10
15082,serum_essence,0,0
15083,serum_essence,1,8
15084,serum_essence,1,7
15085,serum_essence,0,0
15086,serum_essence,1,9
15087,serum_essence,1,9
15088,serum_essence,0,9
15090,serum_essence,1,10
15091,serum_essence,0,7
15092,serum_essence,0,9
15093,serum_essence,1,10
15095,serum_essence,1,5
15096,serum_essence,0,1
15098,serum_essence,1,10
15099,serum_essence,0,0
15100,serum_essence,0,9
15101,serum_essence,1,9
15102,serum_essence,1,8
15103,serum_essence,0,0
15104,serum_essence,1,9
15171,sun_protection,0,1
15172,sun_protection,0,0
15173,sun_protection,0,0
15174,sun_protection,0,0
15176,sun_protection,0,0
15177,sun_protection,0,0
15812,sun_protection,0,0
15813,sun_protection,1,9
15814,sun_protection,0,0
15815,sun_protection,0,0
15816,sun_protection,0,0
15817,sun_protection,0,0
15818,sun_protection,0,0
15819,sun_protection,0,0
15820,sun_protection,0,0
15821,sun_protection,0,0
15822,sun_protection,0,0
15823,sun_protection,0,0
15824,sun_protection,0,0
16465,sun_protection,0,1
16466,sun_protection,0,0
16467,sun_protection,0,1
16468,sun_protection,0,0
16470,sun_protection,0,0
16471,sun_protection,0,0
16472,sun_protection,0,0
16473,sun_protection,0,0
16474,sun_protection,0,0
17149,sun_protection,0,1
17150,sun_protection,0,1
17151,sun_protection,0,5
17152,sun_protection,1,10
17153,sun_protection,0,0
17154,sun_protection,0,0
17155,sun_protection,0,0
17156,sun_protection,0,1
17157,sun_protection,0,0
17158,sun_protection,0,0
17159,sun_protection,0,0
17162,sun_protection,0,0
17164,sun_protection,0,0
17166,sun_protection,1,10
17167,sun_protection,1,9
17168,sun_protection,0,1
17169,sun_protection,0,0
17170,sun_protection,0,0
17171,sun_protection,0,2
17172,sun_protection,0,0
17174,sun_protection,0,1
17439,sun_protection,0,0
17440,sun_protection,1,5
17441,sun_protection,0,0
17442,sun_protection,1,10
17443,sun_protection,1,10
17444,sun_protection,0,3
17445,sun_protection,1,1
17446,sun_protection,0,0
17447,sun_protection,1,8
17448,sun_protection,0,0
17449,sun_protection,1,10
17450,sun_protection,0,8
17451,sun_protection,1,8
17452,sun_protection,0,9
17453,sun_protection,0,0
17454,sun_protection,0,0
17455,sun_protection,0,0
17456,sun_protection,0,0
17457,sun_protection,0,0
17458,sun_protection,0,0
17459,sun_protection,1,10
17461,sun_protection,1,10
17462,sun_protection,0,1
17463,sun_protection,1,8
17465,sun_protection,0,0
17466,sun_protection,0,0
17467,sun_protection,0,0
17468,sun_protection,0,1
17470,sun_protection,0,0
17471,sun_protection,0,0
17472,sun_protection,1,9
17473,sun_protection,0,0
17474,sun_protection,1,10
17475,sun_protection,0,0
17476,sun_protection,1,10
17477,sun_protection,1,10
17478,sun_protection,0,0
17479,sun_protection,0,0
17480,sun_protection,1,10
17481,sun_protection,1,10
17482,sun_protection,0,0
17483,sun_protection,0,2
17484,sun_protection,1,10
17485,sun_protection,0,1
17486,sun_protection,1,7
17487,sun_protection,0,0
17488,sun_protection,1,10
17489,sun_protection,1,0
17490,sun_protection,0,4
17491,sun_protection,1,0
17492,sun_protection,1,8
17493,sun_protection,1,9
17494,sun_protection,1,0
17495,sun_protection,0,1
17496,sun_protection,0,1
17497,sun_protection,0,8
17498,sun_protection,0,0
17499,sun_protection,0,0
17500,sun_protection,0,0
17501,sun_protection,0,0
17502,sun_protection,0,0
17503,sun_protection,1,7
17504,sun_protection,0,0
17835,sun_protection,0,1
17836,sun_protection,0,0
17837,sun_protection,0,0
17838,sun_protection,0,0
17839,sun_protection,0,0
17840,sun_protection,0,0
17841,sun_protection,0,0
17842,sun_protection,0,0
17843,sun_protection,0,0
17844,sun_protection,0,0
17845,sun_protection,0,2
17846,sun_protection,0,0
17847,sun_protection,0,0
17848,sun_protection,0,0
17849,sun_protection,0,0
17850,sun_protection,0,0
17851,sun_protection,0,1
17852,sun_protection,0,0
17853,sun_protection,0,0
17854,sun_protection,0,0
17855,sun_protection,0,1
17856,sun_protection,0,0
17857,sun_protection,0,0
17858,sun_protection,0,0
17859,sun_protection,0,0
17860,sun_protection,0,0
17861,sun_protection,0,0
17862,sun_protection,0,0
17863,sun_protection,0,8
17864,sun_protection,0,1
17865,sun_protection,0,2
17866,sun_protection,0,0
17867,sun_protection,0,0
17868,sun_protection,0,1
17869,sun_protection,0,0
17870,sun_protection,0,0
17871,sun_protection,0,0
18180,sun_protection,0,1
18181,sun_protection,0,0
18182,sun_protection,0,1
18183,sun_protection,0,0
18184,sun_protection,0,0
18185,sun_protection,0,0
18186,sun_protection,0,0
18187,sun_protection,0,0
18189,sun_protection,0,0
18190,sun_protection,0,1
18192,sun_protection,0,1
18194,sun_protection,0,2
18195,sun_protection,1,10
18196,sun_protection,1,10
18197,sun_protection,0,0
18198,sun_protection,0,0
18199,sun_protection,0,0
18200,sun_protection,0,0
18201,sun_protection,0,4
18202,sun_protection,0,0
18203,sun_protection,0,1
18204,sun_protection,0,0
18206,sun_protection,0,0
18207,sun_protection,0,2
18208,sun_protection,0,0
18209,sun_protection,0,0
18210,sun_protection,1,10
18211,sun_protection,0,1
18212,sun_protection,0,0
18214,sun_protection,0,0
18215,sun_protection,0,0
18216,sun_protection,0,0
18217,sun_protection,0,0
18218,sun_protection,0,0
18220,sun_protection,0,0
18221,sun_protection,0,0
18222,sun_protection,0,0
18223,sun_protection,0,0
18224,sun_protection,0,0
18226,sun_protection,0,0
18227,sun_protection,0,0
18228,sun_protection,0,0
18229,sun_protection,0,0
18230,sun_protection,0,0
18231,sun_protection,0,0
18232,sun_protection,0,0
18234,sun_protection,0,0
18236,sun_protection,0,7
18237,sun_protection,0,0
18238,sun_protection,0,1
18239,sun_protection,0,0
18241,sun_protection,0,0
18242,sun_protection,0,0
18243,sun_protection,0,0
18244,sun_protection,0,0
18245,sun_protection,0,0
18246,sun_protection,0,0
18247,sun_protection,0,0
18248,sun_protection,0,0
18249,sun_protection,0,0
18250,sun_protection,0,0
18251,sun_protection,0,0
18252,sun_protection,0,0
18253,sun_protection,0,0
18254,sun_protection,0,0
18255,sun_protection,0,0
18256,sun_protection,0,0
18257,sun_protection,0,0
18258,sun_protection,0,0
18259,sun_protection,0,0
18260,sun_protection,0,0
18261,sun_protection,0,0
18262,sun_protection,0,0
18263,sun_protection,0,0
18264,sun_protection,0,0
18265,sun_protection,0,0
18267,sun_protection,0,0
18268,sun_protection,0,0
18270,sun_protection,0,0
18272,sun_protection,0,9
18273,sun_protection,0,0
18274,sun_protection,0,0
18275,sun_protection,0,0
18277,sun_protection,0,0
18278,sun_protection,0,0
18279,sun_protection,0,0
18280,sun_protection,0,0
18281,sun_protection,0,0
18283,sun_protection,0,0
18284,sun_protection,0,0
18285,sun_protection,0,1
18286,sun_protection,0,0
18287,sun_protection,0,0
18288,sun_protection,0,0
18289,sun_protection,0,0
18290,sun_protection,0,0
18292,sun_protection,0,0
18293,sun_protection,0,0
18294,sun_protection,0,0
18297,sun_protection,0,0
18298,sun_protection,0,0
18299,sun_protection,0,0
18302,sun_protection,0,0
18304,sun_protection,0,0
18306,sun_protection,0,0
18307,sun_protection,0,0
18598,sun_protection,0,0
18599,sun_protection,0,0
18600,sun_protection,0,0
18601,sun_protection,0,0
18602,sun_protection,0,0
18603,sun_protection,0,1
18604,sun_protection,0,0
18605,sun_protection,0,0
18606,sun_protection,0,0
18607,sun_protection,0,0
18608,sun_protection,0,0
18609,sun_protection,0,2
18610,sun_protection,0,1
18611,sun_protection,0,0
18632,face_wash,0,0
18633,face_wash,0,0
18634,face_wash,0,0
18635,face_wash,0,0
18636,face_wash,0,0
18637,face_wash,0,0
18638,face_wash,0,1
18639,face_wash,0,0
18640,face_wash,0,0
18641,face_wash,0,1
18960,face_wash,0,0
18961,face_wash,0,0
18962,face_wash,1,8
18963,face_wash,0,0
18964,face_wash,0,0
18965,face_wash,1,0
18966,face_wash,0,0
18967,face_wash,0,1
18969,face_wash,0,0
19266,face_wash,0,0
19267,face_wash,0,0
19268,face_wash,0,0
19269,face_wash,0,1
19270,face_wash,0,0
19271,face_wash,0,1
19272,face_wash,0,1
19273,face_wash,0,1
19274,face_wash,0,0
19586,face_wash,0,0
19926,face_wash,0,0
19927,face_wash,0,0
19928,face_wash,0,0
19929,face_wash,0,0
19930,face_wash,0,0
19931,face_wash,0,0
19932,face_wash,0,0
19933,face_wash,0,0
19934,face_wash,0,1
19935,face_wash,0,0
20240,face_wash,0,0
20241,face_wash,1,10
20242,face_wash,0,1
20243,face_wash,0,0
20244,face_wash,0,0
20245,face_wash,0,0
20246,face_wash,0,0
20247,face_wash,0,0
20248,face_wash,0,0
20249,face_wash,0,1
20250,face_wash,0,0
20251,face_wash,0,0
20252,face_wash,0,1
20587,face_wash,0,0
20588,face_wash,0,0
20589,face_wash,0,0
20590,face_wash,1,0
20591,face_wash,0,0
20592,face_wash,0,3
20594,face_wash,0,0
20595,face_wash,0,0
20596,face_wash,0,1
20597,face_wash,0,1
20598,face_wash,0,0
20600,face_wash,0,0
20601,face_wash,0,0
20602,face_wash,0,0
20603,face_wash,0,0
20604,face_wash,0,0
20605,face_wash,0,0
20606,face_wash,0,0
20941,face_wash,0,0
20942,face_wash,0,0
20943,face_wash,0,0
20944,face_wash,0,0
20945,face_wash,0,0
20946,face_wash,0,0
20947,face_wash,0,0
20948,face_wash,1,0
20949,face_wash,0,0
21582,face_wash,0,0
21583,face_wash,0,0
21584,face_wash,0,0
21585,face_wash,0,0
21586,face_wash,0,1
21587,face_wash,0,0
21589,face_wash,0,0
21590,face_wash,0,1
21591,face_wash,0,0
21593,face_wash,0,0
21594,face_wash,0,0
21595,face_wash,0,0
21596,face_wash,0,0
21597,face_wash,0,0
21598,face_wash,0,1
21599,face_wash,0,0
21600,face_wash,0,0
21601,face_wash,0,0
21602,face_wash,0,0
21603,face_wash,0,1
21604,face_wash,0,0
21605,face_wash,0,0
21962,face_wash,0,0
21963,face_wash,0,0
21964,face_wash,1,10
21965,face_wash,0,1
21966,face_wash,0,0
21967,face_wash,0,0
21968,face_wash,1,9
21969,face_wash,0,0
21970,face_wash,1,10
21971,face_wash,0,0
21972,face_wash,0,1
21973,face_wash,1,10
21974,face_wash,0,0
21975,face_wash,1,10
21976,face_wash,1,10
21977,face_wash,0,7
21978,face_wash,0,3
21979,face_wash,1,10
21980,face_wash,1,10
21981,face_wash,0,0
21982,face_wash,0,0
21983,face_wash,1,0
21984,face_wash,0,1
21985,face_wash,0,0
21986,face_wash,0,0
21987,face_wash,0,0
21988,face_wash,0,0
21989,face_wash,0,0
21990,face_wash,0,0
21992,face_wash,0,1
21993,face_wash,0,1
22352,face_wash,0,0
22353,face_wash,0,0
22355,face_wash,0,0
22357,face_wash,0,0
22358,face_wash,0,1
22359,face_wash,0,0
22361,face_wash,0,0
22362,face_wash,0,0
22363,face_wash,0,0
22364,face_wash,0,0
22365,face_wash,0,0
22366,face_wash,0,0
22368,face_wash,0,1
22369,face_wash,0,0
22370,face_wash,0,0
22371,face_wash,0,0
22372,face_wash,0,0
22373,face_wash,0,1
22374,face_wash,0,0
22375,face_wash,0,1
22377,face_wash,0,0
22379,face_wash,0,0
22380,face_wash,0,0
22381,face_wash,0,0
22382,face_wash,0,0
22384,face_wash,0,0
22385,face_wash,0,1
22386,face_wash,0,0
22387,face_wash,0,1
22388,face_wash,0,0
22389,face_wash,0,0
22390,face_wash,0,0
22391,face_wash,0,0
22392,face_wash,0,0
22393,face_wash,0,1
22394,face_wash,0,0
22395,face_wash,0,2
22397,face_wash,0,1
22399,face_wash,0,0
22401,face_wash,0,0
22402,face_wash,0,0
22405,face_wash,0,0
22406,face_wash,0,0
22407,face_wash,0,0
22408,face_wash,0,0
22410,face_wash,0,0
22411,face_wash,0,0
22412,face_wash,0,0
22413,face_wash,0,0
22414,face_wash,0,0
22415,face_wash,0,0
22416,face_wash,0,0
22417,face_wash,0,0
22418,face_wash,0,0
22419,face_wash,0,0
22420,face_wash,0,0
22421,face_wash,0,0
22422,face_wash,0,0
22423,face_wash,0,0
22424,face_wash,0,0
22425,face_wash,0,0
22427,face_wash,0,1
22428,face_wash,0,0
22429,face_wash,0,0
22431,face_wash,0,0
22432,face_wash,0,0
22433,face_wash,0,0
22434,face_wash,0,0
22435,face_wash,0,0
22436,face_wash,0,0
22438,face_wash,0,0
22439,face_wash,0,0
22440,face_wash,0,0
22441,face_wash,0,0
22442,face_wash,0,0
22444,face_wash,0,0
22445,face_wash,0,0
22446,face_wash,0,0
22447,face_wash,0,0
22450,face_wash,0,2
22451,face_wash,0,0
22452,face_wash,0,0
22453,face_wash,0,1
22454,face_wash,0,0
22455,face_wash,0,0
22456,face_wash,0,0
22457,face_wash,0,0
22458,face_wash,0,0
22459,face_wash,0,1
22460,face_wash,0,0
22461,face_wash,0,0
22462,face_wash,0,0
22463,face_wash,0,3
22464,face_wash,0,0
22465,face_wash,0,0
22466,face_wash,0,0
22467,face_wash,0,1
22468,face_wash,1,10
22789,face_wash,0,0
22790,face_wash,0,0
22791,face_wash,0,2
22792,face_wash,0,1
22793,face_wash,0,1
22794,face_wash,0,0
22795,face_wash,1,10
22796,face_wash,0,0
22797,face_wash,0,0
22798,face_wash,0,0
22799,face_wash,1,10
22800,face_wash,1,9
22801,face_wash,0,0
22802,face_wash,0,0
22803,face_wash,0,0
22804,face_wash,0,0
22805,face_wash,0,1
22806,face_wash,0,0
22807,face_wash,0,0
22808,face_wash,0,0
22809,face_wash,0,0
24079,cleansing,0,0
24080,cleansing,0,0
24081,cleansing,0,0
24082,cleansing,0,1
24084,cleansing,0,0
24086,cleansing,0,0
24087,cleansing,0,0
24088,cleansing,0,0
24713,cleansing,0,0
24714,cleansing,0,0
24715,cleansing,0,0
24716,cleansing,0,0
24717,cleansing,0,1
24718,cleansing,0,0
24719,cleansing,0,0
24720,cleansing,0,0
24721,cleansing,0,0
24722,cleansing,1,1
25034,cleansing,0,0
25035,cleansing,0,0
25036,cleansing,0,0
25037,cleansing,0,0
25038,cleansing,0,1
25039,cleansing,0,0
25040,cleansing,0,0
25041,cleansing,0,2
25042,cleansing,0,1
25043,cleansing,0,0
25367,cleansing,0,0
25368,cleansing,0,0
25370,cleansing,0,0
25371,cleansing,0,0
25372,cleansing,0,0
25373,cleansing,0,0
25374,cleansing,0,0
25375,cleansing,0,0
25376,cleansing,0,0
25692,cleansing,0,0
25693,cleansing,0,0
25694,cleansing,0,0
25695,cleansing,0,0
25696,cleansing,1,4
25698,cleansing,0,0
25699,cleansing,0,0
25700,cleansing,0,0
26022,cleansing,0,0
26023,cleansing,0,1
26024,cleansing,0,0
26025,cleansing,0,0
26028,cleansing,0,0
26030,cleansing,0,0
26392,cleansing,0,0
26393,cleansing,0,0
26394,cleansing,0,1
26395,cleansing,1,10
26396,cleansing,1,8
26397,cleansing,0,1
26398,cleansing,1,5
26399,cleansing,0,0
26400,cleansing,0,1
26401,cleansing,0,0
26402,cleansing,0,0
26403,cleansing,1,10
26404,cleansing,0,3
26405,cleansing,0,0
26406,cleansing,1,8
26407,cleansing,0,0
26408,cleansing,0,0
26409,cleansing,1,0
26410,cleansing,0,0
26411,cleansing,0,0
26412,cleansing,0,7
26413,cleansing,0,0
26414,cleansing,1,10
26415,cleansing,0,0
26416,cleansing,1,8
26417,cleansing,1,10
26418,cleansing,1,9
26420,cleansing,0,0
26421,cleansing,0,2
26423,cleansing,0,0
26424,cleansing,0,0
26426,cleansing,0,0
26427,cleansing,0,0
26428,cleansing,0,0
26429,cleansing,0,0
26430,cleansing,0,0
26431,cleansing,0,1
26701,cleansing,1,1
26702,cleansing,0,0
26703,cleansing,1,2
26704,cleansing,0,0
26705,cleansing,0,0
26706,cleansing,0,0
26707,cleansing,0,0
26708,cleansing,0,0
26709,cleansing,0,0
26710,cleansing,1,10
26711,cleansing,0,0
26712,cleansing,0,0
26713,cleansing,0,1
26714,cleansing,0,0
26715,cleansing,0,0
26716,cleansing,0,0
26717,cleansing,0,2
26718,cleansing,0,0
26719,cleansing,0,0
26720,cleansing,0,0
26721,cleansing,0,1
26722,cleansing,0,0
26723,cleansing,0,0
26724,cleansing,0,0
26725,cleansing,0,0
26726,cleansing,0,0
26727,cleansing,0,0
26728,cleansing,0,0
26729,cleansing,0,2
26730,cleansing,0,0
26731,cleansing,0,0
26733,cleansing,0,0
26734,cleansing,0,1
26735,cleansing,0,0
26736,cleansing,0,0
26737,cleansing,0,0
26738,cleansing,0,0
26739,cleansing,0,0
26740,cleansing,0,0
26741,cleansing,0,1
26742,cleansing,0,1
26743,cleansing,0,0
26745,cleansing,0,1
26746,cleansing,0,0
26747,cleansing,0,1
26748,cleansing,0,0
26749,cleansing,0,0
26750,cleansing,0,0
26751,cleansing,0,0
26752,cleansing,0,0
26753,cleansing,0,0
26754,cleansing,0,1
26755,cleansing,0,0
26756,cleansing,0,0
26757,cleansing,0,0
26758,cleansing,0,1
26759,cleansing,0,1
26760,cleansing,0,0
26762,cleansing,1,9
26763,cleansing,0,0
26764,cleansing,1,10
26766,cleansing,0,0
26768,cleansing,0,0
27113,cleansing,0,0
27114,cleansing,0,10
27115,cleansing,1,2
27116,cleansing,1,5
27117,cleansing,0,0
27118,cleansing,0,0
27119,cleansing,0,0
27120,cleansing,0,0
27121,cleansing,0,8
27122,cleansing,1,0
27123,cleansing,0,9
27124,cleansing,1,10
27125,cleansing,0,0
27126,cleansing,0,0
27128,cleansing,1,9
27129,cleansing,1,9
27130,cleansing,0,0
27131,cleansing,1,1
27132,cleansing,1,10
27133,cleansing,0,0
27134,cleansing,1,10
27135,cleansing,0,0
27137,cleansing,1,10
27138,cleansing,0,0
27139,cleansing,0,0
27140,cleansing,0,0
27141,cleansing,1,7
27142,cleansing,0,1
27144,cleansing,0,1
27145,cleansing,0,4
27146,cleansing,0,0
27148,cleansing,1,9
27149,cleansing,0,0
27150,cleansing,1,2
27151,cleansing,0,0
27152,cleansing,0,1
27153,cleansing,0,0
27154,cleansing,0,0
27155,cleansing,0,1
27156,cleansing,0,0
27157,cleansing,0,0
27158,cleansing,1,7
27159,cleansing,0,0
27160,cleansing,1,10
27161,cleansing,0,1
27162,cleansing,1,8
27163,cleansing,1,9
27164,cleansing,1,10
27165,cleansing,1,6
27166,cleansing,0,0
27167,cleansing,0,0
27168,cleansing,1,8
27170,cleansing,1,10
27171,cleansing,1,10
27172,cleansing,0,0
27173,cleansing,0,0
27174,cleansing,0,0
27176,cleansing,0,0
27177,cleansing,0,0
27178,cleansing,0,1
27179,cleansing,1,9
27180,cleansing,1,10
27181,cleansing,1,10
27182,cleansing,1,10
27183,cleansing,1,10
27184,cleansing,0,0
27185,cleansing,1,1
27186,cleansing,0,0
27187,cleansing,0,0
27188,cleansing,0,2
27191,cleansing,1,0
27192,cleansing,1,10
27193,cleansing,1,9
27195,cleansing,1,9
27196,cleansing,0,0
27197,cleansing,1,9
27198,cleansing,0,0
27199,cleansing,0,0
27200,cleansing,0,3
27201,cleansing,1,10
27202,cleansing,1,10
27203,cleansing,0,0
27204,cleansing,0,4
27205,cleansing,0,0
27206,cleansing,0,0
27207,cleansing,0,0
27208,cleansing,0,6
27209,cleansing,0,0
27210,cleansing,0,0
27211,cleansing,1,9
27212,cleansing,0,1
27214,cleansing,0,0
27215,cleansing,0,3
27217,cleansing,0,0
27218,cleansing,0,0
27219,cleansing,0,10
27220,cleansing,1,10
27221,cleansing,1,10
27222,cleansing,0,0
27223,cleansing,0,2
27224,cleansing,0,0
27225,cleansing,1,10
27226,cleansing,0,1
27227,cleansing,1,10
27229,cleansing,0,0
27230,cleansing,1,6
27231,cleansing,0,1
27232,cleansing,0,0
27233,cleansing,0,0
27234,cleansing,1,10
27235,cleansing,1,10
27236,cleansing,1,7
27237,cleansing,1,10
27238,cleansing,1,7
27239,cleansing,1,10
27240,cleansing,0,0
27241,cleansing,0,0
27242,cleansing,0,0
27243,cleansing,1,10
27244,cleansing,1,0
27245,cleansing,0,0
27246,cleansing,0,0
27249,cleansing,0,1
27250,cleansing,1,10
27251,cleansing,0,0
27252,cleansing,0,0
27656,cleansing,1,10
27657,cleansing,1,6
27658,cleansing,0,1
27660,cleansing,0,1
27662,cleansing,0,0
27663,cleansing,0,0
27664,cleansing,1,0
27665,cleansing,0,1
27666,cleansing,0,0
27667,cleansing,1,8
27669,cleansing,0,0
27670,cleansing,0,10
27671,cleansing,0,0
27672,cleansing,0,3
27673,cleansing,0,0
27675,cleansing,1,9
27676,cleansing,0,0
27677,cleansing,0,1
27678,cleansing,1,10
27679,cleansing,1,8
27680,cleansing,0,8
27681,cleansing,1,6
27682,cleansing,0,1
27683,cleansing,1,10
27684,cleansing,0,9
27685,cleansing,0,0
27686,cleansing,0,0
27687,cleansing,1,9
27688,cleansing,0,0
27689,cleansing,0,0
27690,cleansing,1,10
27691,cleansing,1,8
27692,cleansing,1,10
27693,cleansing,1,10
27694,cleansing,0,0
27695,cleansing,0,0
27696,cleansing,0,0
27698,cleansing,1,0
28025,cleansing,0,0
28027,cleansing,0,0
28028,cleansing,0,0
28029,cleansing,0,0
28030,cleansing,0,1
28031,cleansing,0,1
28032,cleansing,0,0
28034,cleansing,0,0
29349,toner_lotion,0,0
29350,toner_lotion,0,0
29351,toner_lotion,1,10
29352,toner_lotion,1,9
29353,toner_lotion,0,0
29354,toner_lotion,0,0
29355,toner_lotion,0,1
29356,toner_lotion,0,0
29357,toner_lotion,0,0
29358,toner_lotion,0,0
29360,toner_lotion,1,10
29361,toner_lotion,0,0
29362,toner_lotion,0,0
29363,toner_lotion,1,8
29364,toner_lotion,0,0
29365,toner_lotion,1,10
29367,toner_lotion,0,0
29368,toner_lotion,1,10
29369,toner_lotion,0,0
29370,toner_lotion,0,0
29371,toner_lotion,1,0
29372,toner_lotion,0,0
29373,toner_lotion,0,0
29374,toner_lotion,0,2
29375,toner_lotion,1,9
29376,toner_lotion,1,4
29378,toner_lotion,0,7
29379,toner_lotion,0,1
29380,toner_lotion,0,0
29381,toner_lotion,0,1
29382,toner_lotion,0,0
29383,toner_lotion,0,0
29385,toner_lotion,0,0
29387,toner_lotion,1,10
29388,toner_lotion,0,0
29876,toner_lotion,0,1
29879,toner_lotion,0,0
29881,toner_lotion,0,0
29883,toner_lotion,0,0
29884,toner_lotion,1,10
29885,toner_lotion,1,10
29889,toner_lotion,1,8
29890,toner_lotion,0,0
29891,toner_lotion,0,0
29892,toner_lotion,0,7
29893,toner_lotion,1,10
29894,toner_lotion,1,10
29895,toner_lotion,0,0
29896,toner_lotion,1,9
29897,toner_lotion,1,5
29898,toner_lotion,0,7
29899,toner_lotion,1,0
29900,toner_lotion,0,0
29901,toner_lotion,1,10
29902,toner_lotion,1,0
29903,toner_lotion,1,8
29904,toner_lotion,1,10
29905,toner_lotion,0,1
29906,toner_lotion,1,10
29907,toner_lotion,1,10
29908,toner_lotion,1,10
29910,toner_lotion,0,1
29911,toner_lotion,1,10
29912,toner_lotion,1,10
29913,toner_lotion,0,0
29914,toner_lotion,0,4
29915,toner_lotion,1,10
29916,toner_lotion,1,7
29917,toner_lotion,0,0
29918,toner_lotion,0,1
29919,toner_lotion,0,0
29920,toner_lotion,0,0
29922,toner_lotion,0,0
29923,toner_lotion,0,1
29924,toner_lotion,1,1
29925,toner_lotion,1,10
30288,toner_lotion,0,0
30289,toner_lotion,0,1
30290,toner_lotion,0,0
30291,toner_lotion,0,0
30292,toner_lotion,0,0
30294,toner_lotion,0,0
30628,eye_shadow,0,0
30629,eye_shadow,0,0
30630,eye_shadow,0,0
30631,eye_shadow,0,0
30632,eye_shadow,0,0
30633,eye_shadow,0,0
30634,eye_shadow,0,1
30635,eye_shadow,0,0
30636,eye_shadow,0,0
30637,eye_shadow,0,0
30638,eye_shadow,0,0
30639,eye_shadow,0,1
30640,eye_shadow,0,0
30641,eye_shadow,0,0
30642,eye_shadow,0,0
30643,eye_shadow,0,0
30644,eye_shadow,0,0
30645,eye_shadow,0,0
30646,eye_shadow,0,0
30647,eye_shadow,0,0
30961,eye_shadow,0,0
30962,eye_shadow,0,0
30963,eye_shadow,0,0
30964,eye_shadow,1,0
30965,eye_shadow,0,0
30966,eye_shadow,0,0
30967,eye_shadow,0,1
30968,eye_shadow,0,1
30969,eye_shadow,0,0
30970,eye_shadow,0,0
30971,eye_shadow,0,0
30972,eye_shadow,0,1
30973,eye_shadow,0,0
30974,eye_shadow,0,0
30975,eye_shadow,0,0
30976,eye_shadow,0,0
30977,eye_shadow,0,0
30978,eye_shadow,0,0
30979,eye_shadow,0,0
30980,eye_shadow,0,0
31609,eye_shadow,0,0
31611,eye_shadow,0,0
31612,eye_shadow,0,0
31613,eye_shadow,0,0
31614,eye_shadow,0,0
31615,eye_shadow,0,0
31616,eye_shadow,0,0
31617,eye_shadow,0,0
31944,eye_shadow,0,0
31946,eye_shadow,0,0
31947,eye_shadow,0,0
31948,eye_shadow,0,0
31949,eye_shadow,0,0
31950,eye_shadow,0,0
31951,eye_shadow,0,0
31952,eye_shadow,0,0
31954,eye_shadow,0,0
32298,eye_shadow,0,0
32299,eye_shadow,0,0
32300,eye_shadow,0,1
32301,eye_shadow,0,0
32302,eye_shadow,0,0
32303,eye_shadow,0,0
32304,eye_shadow,0,0
32305,eye_shadow,0,0
32306,eye_shadow,0,0
32307,eye_shadow,0,0
32308,eye_shadow,0,0
32309,eye_shadow,0,1
32311,eye_shadow,0,0
32312,eye_shadow,0,1
32313,eye_shadow,0,0
32314,eye_shadow,0,0
32315,eye_shadow,0,0
32316,eye_shadow,0,0
32317,eye_shadow,0,0
32604,eye_shadow,0,0
32605,eye_shadow,0,0
32606,eye_shadow,0,0
32607,eye_shadow,0,0
32608,eye_shadow,0,0
32609,eye_shadow,0,0
32612,eye_shadow,0,0
32613,eye_shadow,0,1
32938,eye_shadow,0,1
32939,eye_shadow,0,1
32940,eye_shadow,0,0
32941,eye_shadow,0,0
32943,eye_shadow,0,0
32944,eye_shadow,0,1
32945,eye_shadow,0,0
32946,eye_shadow,0,0
32947,eye_shadow,0,0
32949,eye_shadow,0,0
32950,eye_shadow,0,0
32951,eye_shadow,0,1
32953,eye_shadow,0,1
33275,eye_shadow,0,0
33276,eye_shadow,0,0
33278,eye_shadow,0,0
33279,eye_shadow,0,0
33281,eye_shadow,0,1
33282,eye_shadow,0,0
33283,eye_shadow,0,0
33284,eye_shadow,0,0
33285,eye_shadow,0,0
33286,eye_shadow,0,0
33287,eye_shadow,0,0
33288,eye_shadow,0,0
33289,eye_shadow,0,0
33290,eye_shadow,0,1
33291,eye_shadow,0,0
33292,eye_shadow,0,0
33293,eye_shadow,0,0
33294,eye_shadow,0,0
33295,eye_shadow,0,1
33296,eye_shadow,0,0
33297,eye_shadow,0,0
33298,eye_shadow,0,0
33740,eye_shadow,0,1
33741,eye_shadow,0,0
33742,eye_shadow,0,0
33743,eye_shadow,0,0
33745,eye_shadow,0,0
33746,eye_shadow,0,0
33747,eye_shadow,0,0
33749,eye_shadow,0,0
33750,eye_shadow,0,0
33751,eye_shadow,0,1
33752,eye_shadow,0,0
33754,eye_shadow,0,0
33755,eye_shadow,0,1
33756,eye_shadow,0,0
33757,eye_shadow,0,0
33758,eye_shadow,0,0
33759,eye_shadow,0,1
33760,eye_shadow,0,0
33761,eye_shadow,0,0
33762,eye_shadow,0,0
33763,eye_shadow,0,0
33764,eye_shadow,0,0
33765,eye_shadow,0,0
33766,eye_shadow,0,0
33767,eye_shadow,0,0
33768,eye_shadow,0,0
33769,eye_shadow,0,0
33770,eye_shadow,0,0
33771,eye_shadow,0,0
33772,eye_shadow,0,0
33773,eye_shadow,0,0
33774,eye_shadow,0,0
33775,eye_shadow,0,1
33776,eye_shadow,0,0
33777,eye_shadow,0,0
33778,eye_shadow,0,0
33779,eye_shadow,0,0
33780,eye_shadow,0,0
33781,eye_shadow,0,0
33782,eye_shadow,0,0
33783,eye_shadow,0,0
33784,eye_shadow,0,0
33785,eye_shadow,0,0
33786,eye_shadow,0,0
33787,eye_shadow,0,0
33788,eye_shadow,0,0
33789,eye_shadow,0,0
33790,eye_shadow,0,0
33791,eye_shadow,0,0
33792,eye_shadow,0,0
33793,eye_shadow,0,0
33794,eye_shadow,0,0
33795,eye_shadow,0,0
33796,eye_shadow,0,0
33797,eye_shadow,0,0
33798,eye_shadow,0,0
34221,eye_shadow,0,0
34222,eye_shadow,0,1
34223,eye_shadow,0,0
34224,eye_shadow,0,0
34225,eye_shadow,0,0
34226,eye_shadow,0,0
34227,eye_shadow,0,0
34228,eye_shadow,0,0
34229,eye_shadow,0,0
34230,eye_shadow,0,1
34231,eye_shadow,0,1
34232,eye_shadow,0,1
34233,eye_shadow,0,1
34234,eye_shadow,0,0
34235,eye_shadow,0,0
34236,eye_shadow,0,0
34237,eye_shadow,0,0
34238,eye_shadow,0,0
34239,eye_shadow,0,0
34240,eye_shadow,0,0
34241,eye_shadow,0,0
34242,eye_shadow,0,0
34243,eye_shadow,0,0
34244,eye_shadow,0,0
34245,eye_shadow,0,0
34246,eye_shadow,0,0
34247,eye_shadow,0,0
34248,eye_shadow,0,0
34249,eye_shadow,0,1
34250,eye_shadow,0,0
34251,eye_shadow,0,0
34252,eye_shadow,0,1
34253,eye_shadow,0,0
34254,eye_shadow,0,0
34255,eye_shadow,0,0
34256,eye_shadow,0,0
34257,eye_shadow,0,1
34258,eye_shadow,0,0
34259,eye_shadow,0,1
34260,eye_shadow,0,0
34502,eye_shadow,0,2
34503,eye_shadow,1,0
34504,eye_shadow,0,1
34505,eye_shadow,0,0
34506,eye_shadow,0,0
34508,eye_shadow,0,0
34510,eye_shadow,0,1
34511,eye_shadow,0,0
34512,eye_shadow,0,1
34513,eye_shadow,0,0
34514,eye_shadow,0,0
34515,eye_shadow,0,0
34516,eye_shadow,0,1
34517,eye_shadow,0,0
34518,eye_shadow,1,0
34519,eye_shadow,0,0
34520,eye_shadow,1,0
35032,eye_shadow,0,0
35033,eye_shadow,0,0
35034,eye_shadow,0,0
35035,eye_shadow,1,10
35036,eye_shadow,0,0
35037,eye_shadow,0,1
35038,eye_shadow,0,1
35039,eye_shadow,0,1
35040,eye_shadow,0,0
35042,eye_shadow,0,0
35043,eye_shadow,0,0
35044,eye_shadow,0,0
35045,eye_shadow,0,0
35046,eye_shadow,0,1
35047,eye_shadow,0,0
35048,eye_shadow,0,0
35049,eye_shadow,0,1
35050,eye_shadow,0,0
35051,eye_shadow,0,0
35052,eye_shadow,0,0
35054,eye_shadow,0,0
35055,eye_shadow,0,0
35056,eye_shadow,0,0
35057,eye_shadow,0,0
35058,eye_shadow,0,0
35059,eye_shadow,0,0
35060,eye_shadow,0,0
35062,eye_shadow,0,0
35063,eye_shadow,0,0
35065,eye_shadow,0,0
35066,eye_shadow,0,4
35067,eye_shadow,0,0
35069,eye_shadow,0,0
35070,eye_shadow,0,0
35071,eye_shadow,0,0
35072,eye_shadow,0,0
35073,eye_shadow,0,0
35075,eye_shadow,0,0
35076,eye_shadow,0,0
35077,eye_shadow,0,0
35078,eye_shadow,0,0
35079,eye_shadow,0,0
35080,eye_shadow,0,0
35081,eye_shadow,0,0
35082,eye_shadow,0,0
35083,eye_shadow,0,0
35084,eye_shadow,0,1
35085,eye_shadow,0,0
35086,eye_shadow,0,0
35088,eye_shadow,0,0
35089,eye_shadow,0,0
35090,eye_shadow,0,0
35092,eye_shadow,0,0
35093,eye_shadow,0,0
35094,eye_shadow,0,0
35095,eye_shadow,0,0
35096,eye_shadow,0,0
35097,eye_shadow,0,0
35098,eye_shadow,0,0
35099,eye_shadow,0,1
35100,eye_shadow,0,0
35101,eye_shadow,0,0
35102,eye_shadow,0,0
35103,eye_shadow,0,1
35104,eye_shadow,0,1
35106,eye_shadow,0,1
35107,eye_shadow,0,0
35108,eye_shadow,1,10
35109,eye_shadow,0,0
35110,eye_shadow,0,0
35111,eye_shadow,0,0
35112,eye_shadow,0,0
35113,eye_shadow,0,0
35114,eye_shadow,0,0
35115,eye_shadow,0,0
35116,eye_shadow,0,0
35117,eye_shadow,0,0
35118,eye_shadow,0,0
35119,eye_shadow,0,0
35120,eye_shadow,0,1
35121,eye_shadow,0,0
35122,eye_shadow,0,0
35124,eye_shadow,0,0
35127,eye_shadow,0,0
35128,eye_shadow,0,0
35129,eye_shadow,0,0
35130,eye_shadow,0,0
35131,eye_shadow,0,0
35132,eye_shadow,0,0
35133,eye_shadow,0,0
35134,eye_shadow,0,0
35135,eye_shadow,0,0
35136,eye_shadow,0,0
35137,eye_shadow,0,0
35138,eye_shadow,0,0
35139,eye_shadow,0,0
35140,eye_shadow,0,0
35141,eye_shadow,0,0
35142,eye_shadow,0,0
35144,eye_shadow,0,0
35145,eye_shadow,0,0
35146,eye_shadow,0,0
35147,eye_shadow,0,0
35149,eye_shadow,0,0
35437,eye_shadow,1,5
35438,eye_shadow,1,7
35439,eye_shadow,1,9
35440,eye_shadow,1,10
35441,eye_shadow,1,8
35442,eye_shadow,1,10
35443,eye_shadow,1,7
35444,eye_shadow,1,9
35445,eye_shadow,1,0
35446,eye_shadow,0,0
35447,eye_shadow,1,10
35448,eye_shadow,0,0
35449,eye_shadow,1,10
35450,eye_shadow,1,10
35451,eye_shadow,1,10
35452,eye_shadow,1,10
35453,eye_shadow,0,0
35454,eye_shadow,0,2
35456,eye_shadow,1,10
35457,eye_shadow,0,7
35458,eye_shadow,0,0
35459,eye_shadow,0,0
35460,eye_shadow,0,0
35461,eye_shadow,0,1
35462,eye_shadow,0,0
35463,eye_shadow,0,0
35464,eye_shadow,1,10
35465,eye_shadow,0,1
35466,eye_shadow,0,0
35467,eye_shadow,0,0
35468,eye_shadow,0,0
35469,eye_shadow,0,1
35470,eye_shadow,0,0
36341,lip_colour,0,0
36342,lip_colour,0,0
36343,lip_colour,0,0
36344,lip_colour,0,0
36345,lip_colour,0,1
36346,lip_colour,0,0
36347,lip_colour,0,1
36348,lip_colour,0,2
36349,lip_colour,0,0
36350,lip_colour,0,0
36654,lip_colour,0,0
36655,lip_colour,0,0
36657,lip_colour,0,0
36658,lip_colour,0,0
36659,lip_colour,0,0
36660,lip_colour,0,0
36661,lip_colour,0,0
36662,lip_colour,0,0
36663,lip_colour,0,0
37006,lip_colour,0,0
37007,lip_colour,0,0
37008,lip_colour,0,0
37009,lip_colour,0,0
37010,lip_colour,0,0
37011,lip_colour,0,0
37013,lip_colour,0,0
37014,lip_colour,0,0
37015,lip_colour,0,1
37016,lip_colour,0,1
37017,lip_colour,0,0
37018,lip_colour,0,0
37019,lip_colour,0,0
37020,lip_colour,0,1
37021,lip_colour,0,0
37022,lip_colour,0,0
37023,lip_colour,0,0
37319,lip_colour,0,0
37320,lip_colour,0,0
37321,lip_colour,0,0
37322,lip_colour,0,1
37323,lip_colour,0,0
37324,lip_colour,0,0
37325,lip_colour,0,0
37326,lip_colour,0,0
37327,lip_colour,0,0
37328,lip_colour,0,0
37644,lip_colour,0,0
37645,lip_colour,0,0
37646,lip_colour,0,0
37647,lip_colour,0,0
37648,lip_colour,0,1
37649,lip_colour,0,1
37650,lip_colour,0,0
37651,lip_colour,0,1
37652,lip_colour,0,0
37653,lip_colour,0,0
37654,lip_colour,0,0
37655,lip_colour,0,0
37656,lip_colour,0,0
38007,lip_colour,0,0
38009,lip_colour,0,0
38010,lip_colour,0,0
38011,lip_colour,0,0
38012,lip_colour,0,0
38013,lip_colour,0,0
38014,lip_colour,0,0
38015,lip_colour,0,1
38016,lip_colour,0,0
38017,lip_colour,0,0
38019,lip_colour,0,0
38021,lip_colour,0,1
38022,lip_colour,0,0
38023,lip_colour,0,0
38024,lip_colour,0,0
38025,lip_colour,0,0
38026,lip_colour,0,0
38301,lip_colour,0,0
38302,lip_colour,0,0
38303,lip_colour,0,0
38304,lip_colour,0,0
38305,lip_colour,0,0
38306,lip_colour,0,0
38307,lip_colour,0,0
38308,lip_colour,0,0
38309,lip_colour,0,0
38671,lip_colour,0,0
38672,lip_colour,0,0
38673,lip_colour,0,0
38674,lip_colour,0,0
38675,lip_colour,0,0
38676,lip_colour,0,1
38677,lip_colour,0,0
38678,lip_colour,0,0
38679,lip_colour,0,0
38680,lip_colour,0,0
38681,lip_colour,0,1
38682,lip_colour,0,0
38683,lip_colour,0,0
38684,lip_colour,1,0
38685,lip_colour,1,0
38686,lip_colour,0,0
38687,lip_colour,0,0
38688,lip_colour,0,1
38689,lip_colour,0,0
39026,lip_colour,0,0
39027,lip_colour,0,0
39028,lip_colour,0,0
39029,lip_colour,0,0
39030,lip_colour,0,0
39032,lip_colour,0,0
39033,lip_colour,0,1
39034,lip_colour,0,0
39035,lip_colour,0,0
39036,lip_colour,0,0
39038,lip_colour,0,0
39039,lip_colour,0,0
39040,lip_colour,0,0
39041,lip_colour,0,0
39042,lip_colour,0,0
39043,lip_colour,0,0
39044,lip_colour,0,0
39045,lip_colour,1,0
39046,lip_colour,0,3
39047,lip_colour,0,0
39048,lip_colour,0,0
39049,lip_colour,0,0
39050,lip_colour,0,1
39051,lip_colour,0,0
39052,lip_colour,0,1
39053,lip_colour,0,1
39054,lip_colour,0,0
39495,lip_colour,0,1
39496,lip_colour,0,0
39497,lip_colour,0,0
39498,lip_colour,0,0
39499,lip_colour,0,0
39501,lip_colour,0,0
39502,lip_colour,0,0
39503,lip_colour,0,0
39504,lip_colour,0,0
39505,lip_colour,0,0
39506,lip_colour,0,1
39507,lip_colour,0,0
39508,lip_colour,0,0
39509,lip_colour,0,0
39511,lip_colour,0,0
39512,lip_colour,0,0
39513,lip_colour,0,0
39515,lip_colour,0,2
39516,lip_colour,0,0
39518,lip_colour,0,0
39519,lip_colour,0,0
39520,lip_colour,0,0
39522,lip_colour,0,0
39523,lip_colour,0,0
39524,lip_colour,0,0
39527,lip_colour,0,1
39528,lip_colour,0,0
39529,lip_colour,0,0
39530,lip_colour,0,1
39531,lip_colour,0,0
39532,lip_colour,0,0
39533,lip_colour,0,0
39534,lip_colour,0,0
39535,lip_colour,0,1
39536,lip_colour,0,0
39537,lip_colour,0,0
39539,lip_colour,0,0
39540,lip_colour,0,0
39541,lip_colour,0,0
39542,lip_colour,0,0
39543,lip_colour,0,0
39544,lip_colour,0,0
39545,lip_colour,0,1
39546,lip_colour,0,0
39547,lip_colour,0,0
39548,lip_colour,0,1
39549,lip_colour,0,0
39550,lip_colour,0,0
39551,lip_colour,0,0
39552,lip_colour,0,0
39553,lip_colour,0,8
39554,lip_colour,0,0
39555,lip_colour,0,0
39556,lip_colour,0,0
39557,lip_colour,0,0
39558,lip_colour,0,0
39559,lip_colour,0,0
39561,lip_colour,0,0
39562,lip_colour,0,0
39563,lip_colour,0,0
39564,lip_colour,0,0
39565,lip_colour,0,0
39566,lip_colour,0,2
39567,lip_colour,0,0
39568,lip_colour,0,1
39569,lip_colour,0,0
39570,lip_colour,0,1
39571,lip_colour,0,0
39572,lip_colour,0,0
39573,lip_colour,0,0
39575,lip_colour,0,0
39576,lip_colour,1,10
39577,lip_colour,0,0
39578,lip_colour,0,0
39579,lip_colour,0,0
39580,lip_colour,0,0
39581,lip_colour,0,0
39582,lip_colour,0,0
39583,lip_colour,0,0
39584,lip_colour,0,0
39585,lip_colour,0,1
39839,lip_colour,0,0
39840,lip_colour,0,0
39841,lip_colour,0,0
39842,lip_colour,0,0
39845,lip_colour,0,0
39846,lip_colour,0,0
39847,lip_colour,0,0
39848,lip_colour,0,0
39849,lip_colour,0,0
39850,lip_colour,0,3
39851,lip_colour,0,0
39852,lip_colour,0,0
39853,lip_colour,0,0
39854,lip_colour,0,0
39855,lip_colour,0,1
39856,lip_colour,0,0
39857,lip_colour,0,0
39858,lip_colour,0,1
39859,lip_colour,0,0
39860,lip_colour,0,0
39861,lip_colour,0,0
39862,lip_colour,0,0
39863,lip_colour,0,0
39864,lip_colour,0,0
39865,lip_colour,0,1
39866,lip_colour,0,0
39867,lip_colour,0,0
39868,lip_colour,0,0
39869,lip_colour,0,0
39870,lip_colour,0,0
39871,lip_colour,0,2
39872,lip_colour,0,0
39873,lip_colour,0,0
39874,lip_colour,0,0
39875,lip_colour,0,0
39876,lip_colour,0,0
39877,lip_colour,0,0
39878,lip_colour,0,0
39879,lip_colour,0,0
39880,lip_colour,0,0
39882,lip_colour,0,0
39883,lip_colour,0,0
39884,lip_colour,0,0
39885,lip_colour,0,0
39886,lip_colour,0,0
39887,lip_colour,0,0
39888,lip_colour,0,0
39889,lip_colour,0,1
39890,lip_colour,0,0
39891,lip_colour,0,0
39892,lip_colour,0,0
39893,lip_colour,0,0
39894,lip_colour,0,6
39895,lip_colour,0,0
39896,lip_colour,0,0
39897,lip_colour,0,0
39898,lip_colour,0,0
39900,lip_colour,0,0
39901,lip_colour,0,0
39902,lip_colour,0,0
39903,lip_colour,0,0
39904,lip_colour,0,0
39905,lip_colour,0,0
39906,lip_colour,0,0
39907,lip_colour,0,1
39908,lip_colour,0,0
39911,lip_colour,0,1
39912,lip_colour,0,0
39913,lip_colour,0,0
39914,lip_colour,0,0
39915,lip_colour,0,0
39916,lip_colour,0,1
39918,lip_colour,0,0
39919,lip_colour,0,0
40220,lip_colour,0,1
40221,lip_colour,0,0
40223,lip_colour,0,0
40224,lip_colour,0,0
40225,lip_colour,0,0
40226,lip_colour,0,0
40227,lip_colour,0,0
40228,lip_colour,0,0
40230,lip_colour,0,0
40231,lip_colour,0,1
40232,lip_colour,0,1
40233,lip_colour,0,0
40234,lip_colour,0,0
40235,lip_colour,0,0
40236,lip_colour,0,0
40237,lip_colour,0,0
40239,lip_colour,0,1
40240,lip_colour,0,0
40241,lip_colour,0,0
40242,lip_colour,0,0
40243,lip_colour,0,0
40244,lip_colour,0,0
40245,lip_colour,0,0
40246,lip_colour,0,0
40247,lip_colour,0,0
40248,lip_colour,0,0
40249,lip_colour,0,0
40251,lip_colour,0,0
40252,lip_colour,0,0
40253,lip_colour,0,0
40255,lip_colour,0,0
40257,lip_colour,0,1
40258,lip_colour,0,1
40260,lip_colour,0,0
40261,lip_colour,0,0
40262,lip_colour,0,0
40263,lip_colour,0,0
40264,lip_colour,0,0
40265,lip_colour,0,0
40266,lip_colour,0,0
40267,lip_colour,0,0
40268,lip_colour,0,0
40269,lip_colour,0,0
40270,lip_colour,0,0
40271,lip_colour,0,0
40272,lip_colour,0,0
40273,lip_colour,0,0
40274,lip_colour,0,0
40275,lip_colour,0,0
40276,lip_colour,0,0
40277,lip_colour,0,0
40278,lip_colour,0,0
40279,lip_colour,0,0
40280,lip_colour,0,0
40281,lip_colour,0,2
40282,lip_colour,0,0
40285,lip_colour,0,0
40286,lip_colour,0,0
40287,lip_colour,0,0
40288,lip_colour,0,0
40289,lip_colour,0,1
40290,lip_colour,0,0
40291,lip_colour,0,0
40292,lip_colour,0,0
40293,lip_colour,0,0
40294,lip_colour,0,0
40296,lip_colour,0,0
40297,lip_colour,0,0
40298,lip_colour,0,0
40299,lip_colour,0,0
40300,lip_colour,0,0
40301,lip_colour,0,0
40302,lip_colour,0,0
40303,lip_colour,0,0
40304,lip_colour,0,0
40305,lip_colour,0,0
40307,lip_colour,0,0
40308,lip_colour,0,1
40309,lip_colour,0,0
40312,lip_colour,0,0
40313,lip_colour,0,0
40314,lip_colour,0,0
40315,lip_colour,0,0
40316,lip_colour,0,0
40317,lip_colour,0,0
40318,lip_colour,0,0
40319,lip_colour,0,0
40320,lip_colour,0,0
40321,lip_colour,0,0
40323,lip_colour,0,0
40324,lip_colour,0,0
40326,lip_colour,0,0
40327,lip_colour,0,0
40328,lip_colour,0,0
40329,lip_colour,0,0
40331,lip_colour,0,2
40332,lip_colour,0,0
40333,lip_colour,0,0
40334,lip_colour,0,0
40335,lip_colour,0,0
40336,lip_colour,0,0
40337,lip_colour,0,0
40338,lip_colour,0,0
40339,lip_colour,0,0
40340,lip_colour,0,0
40341,lip_colour,0,0
40342,lip_colour,0,0
40343,lip_colour,0,0
40344,lip_colour,0,0
40345,lip_colour,0,0
40346,lip_colour,0,0
40348,lip_colour,0,0
40350,lip_colour,0,0
40351,lip_colour,0,0
40352,lip_colour,0,0
40353,lip_colour,0,0
40354,lip_colour,0,0
40356,lip_colour,0,0
40358,lip_colour,0,0
40360,lip_colour,0,0
40362,lip_colour,0,0
40363,lip_colour,0,0
40364,lip_colour,0,0
40366,lip_colour,0,0
40367,lip_colour,0,0
40368,lip_colour,0,0
40369,lip_colour,0,0
40370,lip_colour,0,0
40371,lip_colour,0,0
40372,lip_colour,0,0
40373,lip_colour,0,0
40374,lip_colour,0,0
40376,lip_colour,0,0
40377,lip_colour,0,0
40378,lip_colour,0,0
40379,lip_colour,0,0
40380,lip_colour,0,0
40381,lip_colour,0,0
40382,lip_colour,0,0
40383,lip_colour,0,0
40384,lip_colour,0,0
40386,lip_colour,0,0
40388,lip_colour,0,0
40390,lip_colour,0,0
40391,lip_colour,0,0
40392,lip_colour,0,0
40394,lip_colour,0,0
40578,lip_colour,0,0
40579,lip_colour,0,1
40580,lip_colour,0,0
40581,lip_colour,0,0
40582,lip_colour,0,0
40583,lip_colour,0,0
40585,lip_colour,0,0
40586,lip_colour,1,1
40587,lip_colour,0,0
40588,lip_colour,0,0
40589,lip_colour,0,0
40590,lip_colour,0,0
40591,lip_colour,1,0
40592,lip_colour,0,0
40593,lip_colour,0,0
40594,lip_colour,0,0
40595,lip_colour,0,1
40596,lip_colour,0,0
40597,lip_colour,0,0
40598,lip_colour,0,0
40600,lip_colour,0,0
40601,lip_colour,0,0
40603,lip_colour,0,0
40604,lip_colour,0,0
40605,lip_colour,0,0
40606,lip_colour,0,0
40607,lip_colour,0,0
40608,lip_colour,0,0
40609,lip_colour,0,0
40610,lip_colour,0,1
40611,lip_colour,0,0
40612,lip_colour,0,1
40614,lip_colour,0,0
40615,lip_colour,0,0
40616,lip_colour,0,0
40617,lip_colour,0,0
40618,lip_colour,0,0
40619,lip_colour,0,0
40620,lip_colour,0,0
40622,lip_colour,0,0
40623,lip_colour,0,0
40624,lip_colour,0,0
40625,lip_colour,0,1
40626,lip_colour,0,0
40627,lip_colour,1,0
40628,lip_colour,0,1
40629,lip_colour,0,3
40630,lip_colour,0,1
40631,lip_colour,0,0
40632,lip_colour,0,0
40633,lip_colour,0,1
40634,lip_colour,0,0
40636,lip_colour,0,0
40637,lip_colour,0,0
40639,lip_colour,0,0
40640,lip_colour,1,0
40641,lip_colour,0,0
40642,lip_colour,0,0
40643,lip_colour,0,1
40644,lip_colour,0,0
40645,lip_colour,0,0
40646,lip_colour,0,0
40647,lip_colour,0,0
40648,lip_colour,0,1
40649,lip_colour,0,0
40650,lip_colour,0,0
40651,lip_colour,0,1
40652,lip_colour,1,8
40653,lip_colour,0,0
40654,lip_colour,0,0
40655,lip_colour,0,0
40656,lip_colour,0,0
40812,foundation,0,0
40813,foundation,0,1
41139,foundation,0,0
41140,foundation,0,1
41141,foundation,0,0
41142,foundation,0,0
41143,foundation,0,0
41144,foundation,0,0
41145,foundation,1,10
41147,foundation,0,0
41148,foundation,0,1
41800,foundation,0,7
41801,foundation,1,7
41803,foundation,0,0
41804,foundation,0,0
41805,foundation,1,10
41806,foundation,1,9
41807,foundation,1,9
41808,foundation,1,5
41809,foundation,0,0
41810,foundation,0,0
41811,foundation,1,9
41812,foundation,1,8
41813,foundation,1,10
41814,foundation,0,1
41815,foundation,1,10
41816,foundation,1,10
41817,foundation,0,0
41818,foundation,0,10
41819,foundation,0,0
41820,foundation,0,0
41821,foundation,0,0
41822,foundation,0,0
41823,foundation,0,0
41824,foundation,1,10
41825,foundation,0,1
41826,foundation,1,9
41827,foundation,0,4
41828,foundation,1,10
41829,foundation,0,0
41830,foundation,1,7
41831,foundation,1,10
41832,foundation,0,3
41833,foundation,0,1
41834,foundation,0,0
41835,foundation,0,0
41836,foundation,0,2
41838,foundation,0,2
41839,foundation,0,4
41840,foundation,0,0
41841,foundation,1,10
41842,foundation,0,7
41843,foundation,1,9
41844,foundation,1,10
41845,foundation,1,3
41846,foundation,1,10
41847,foundation,0,1
41848,foundation,0,3
41849,foundation,0,0
41850,foundation,0,0
41851,foundation,1,10
41852,foundation,0,0
41853,foundation,0,0
41854,foundation,0,2
41856,foundation,1,10
41857,foundation,1,10
41858,foundation,1,10
41859,foundation,0,0
41860,foundation,0,0
41861,foundation,0,0
41862,foundation,1,10
41863,foundation,1,3
41864,foundation,0,9
41865,foundation,1,8
41866,foundation,0,2
41867,foundation,0,0
41868,foundation,1,9
41869,foundation,0,0
41870,foundation,0,0
41871,foundation,0,0
42139,foundation,0,1
42140,foundation,0,0
42141,foundation,0,0
42142,foundation,0,0
42143,foundation,0,1
42144,foundation,0,0
42145,foundation,0,0
42146,foundation,0,0
42147,foundation,0,0
42148,foundation,0,2
42707,foundation,0,0
42708,foundation,0,0
42709,foundation,0,1
42710,foundation,0,0
42711,foundation,0,0
42712,foundation,0,0
42713,foundation,0,1
42714,foundation,0,0
42715,foundation,0,1
42716,foundation,0,1
42717,foundation,0,0
42718,foundation,0,0
42719,foundation,0,0
42720,foundation,0,0
42721,foundation,0,0
42722,foundation,0,1
42723,foundation,0,0
42724,foundation,0,0
42725,foundation,1,5
42726,foundation,0,0
42727,foundation,1,10
42728,foundation,0,0
42729,foundation,0,0
42730,foundation,0,0
42731,foundation,0,0
42733,foundation,0,3
42734,foundation,0,0
42735,foundation,1,10
42736,foundation,1,0
42737,foundation,1,6
42738,foundation,0,0
42739,foundation,0,0
42740,foundation,0,0
42741,foundation,1,2
42742,foundation,0,1
42743,foundation,0,0
42744,foundation,0,1
42745,foundation,0,0
42746,foundation,0,0
42747,foundation,0,0
42748,foundation,0,0
42749,foundation,0,0
42750,foundation,0,0
42751,foundation,1,10
42752,foundation,0,0
42754,foundation,0,0
42755,foundation,0,0
42756,foundation,0,0
42757,foundation,0,0
42758,foundation,0,1
42759,foundation,0,0
42760,foundation,0,0
42761,foundation,0,1
42762,foundation,0,2
42763,foundation,0,0
42764,foundation,0,0
42765,foundation,1,5
42766,foundation,0,0
42767,foundation,0,0
42768,foundation,0,0
42769,foundation,1,7
42770,foundation,1,5
42771,foundation,0,1
42772,foundation,0,0
42773,foundation,0,0
42774,foundation,0,1
42775,foundation,0,3
42776,foundation,0,1
42777,foundation,0,1
42778,foundation,0,0
42779,foundation,0,0
42780,foundation,0,0
42781,foundation,0,1
42782,foundation,0,0
42783,foundation,0,1
42785,foundation,1,1
42786,foundation,1,10
42787,foundation,1,10
42788,foundation,1,10
42789,foundation,0,0
42790,foundation,0,0
42792,foundation,0,0
42793,foundation,0,0
42794,foundation,0,0
42795,foundation,0,0
42796,foundation,1,7
42797,foundation,0,0
42798,foundation,0,0
42799,foundation,0,0
42800,foundation,0,0
42801,foundation,0,0
42802,foundation,0,0
42803,foundation,0,0
42804,foundation,0,0
42805,foundation,0,0
42806,foundation,0,0
42807,foundation,0,0
42808,foundation,0,0
42809,foundation,1,3
42810,foundation,0,0
42811,foundation,0,7
42812,foundation,0,0
42813,foundation,0,0
42814,foundation,0,0
42815,foundation,0,0
42816,foundation,0,0
42817,foundation,0,0
42818,foundation,0,0
42819,foundation,0,1
42821,foundation,1,0
42822,foundation,1,9
42823,foundation,1,7
42824,foundation,0,0
42826,foundation,0,2
42827,foundation,0,0
42828,foundation,1,6
42829,foundation,0,0
42830,foundation,1,8
42831,foundation,1,10
42832,foundation,0,0
42833,foundation,0,0
42834,foundation,0,0
42835,foundation,0,1
42836,foundation,0,0
42837,foundation,0,1
42838,foundation,0,0
42839,foundation,0,1
42840,foundation,0,7
42841,foundation,0,0
42843,foundation,0,0
42844,foundation,0,0
42845,foundation,0,0
42846,foundation,0,1
42847,foundation,0,1
42848,foundation,0,0
42849,foundation,0,1
42850,foundation,0,0
42851,foundation,0,0
42852,foundation,0,0
42853,foundation,0,0
42854,foundation,0,1
42855,foundation,1,0
42856,foundation,0,0
42857,foundation,1,10
42858,foundation,1,10
42859,foundation,0,1
42860,foundation,1,3
42861,foundation,0,0
42863,foundation,0,1
42864,foundation,0,1
42865,foundation,0,0
42867,foundation,0,0
42868,foundation,0,2
42870,foundation,1,0
42871,foundation,1,7
42872,foundation,0,0
42873,foundation,0,0
42874,foundation,0,5
42875,foundation,1,10
42876,foundation,1,0
42877,foundation,0,0
42878,foundation,1,0
42879,foundation,0,2
42881,foundation,0,0
42882,foundation,1,9
42884,foundation,0,1
42885,foundation,0,0
42886,foundation,1,10
42887,foundation,1,10
42888,foundation,1,10
42889,foundation,1,10
42890,foundation,0,0
42891,foundation,0,0
42892,foundation,1,10
42894,foundation,1,10
42895,foundation,1,6
42896,foundation,1,10
42897,foundation,1,10
42898,foundation,1,10
42899,foundation,0,0
42900,foundation,0,0
42901,foundation,1,10
42902,foundation,1,6
42903,foundation,0,1
42904,foundation,1,8
42905,foundation,1,10
42906,foundation,1,10
42907,foundation,0,2
42908,foundation,1,10
42909,foundation,0,0
43237,foundation,0,0
43238,foundation,0,0
43239,foundation,0,0
43240,foundation,0,1
43241,foundation,0,0
43242,foundation,0,0
43243,foundation,0,0
43244,foundation,0,0
43245,foundation,0,0
43246,foundation,0,0
43247,foundation,0,0
43248,foundation,0,0
43249,foundation,0,0
43250,foundation,0,0
43252,foundation,0,0
43253,foundation,0,0
43254,foundation,0,0
43255,foundation,0,0
43256,foundation,0,0
43257,foundation,0,0
43258,foundation,0,1
43259,foundation,0,1
43260,foundation,0,0
43261,foundation,0,0
43262,foundation,0,0
43263,foundation,0,0
43264,foundation,0,0
43265,foundation,0,0
43266,foundation,0,0
43267,foundation,0,0
43268,foundation,0,0
43269,foundation,0,0
43270,foundation,0,0
43271,foundation,0,0
43272,foundation,0,0
43273,foundation,0,0
43274,foundation,0,0
43275,foundation,0,0
43276,foundation,0,0
43277,foundation,0,0
43278,foundation,0,0
43279,foundation,0,0
43280,foundation,0,0
43616,foundation,0,0
43617,foundation,0,0
43618,foundation,0,0
43619,foundation,0,0
43620,foundation,0,1
43621,foundation,0,0
43622,foundation,0,1
43623,foundation,0,0
43624,foundation,0,0
43626,foundation,0,0
43629,foundation,0,0
43630,foundation,0,0
43631,foundation,0,0
43632,foundation,0,2
43633,foundation,0,0
43634,foundation,0,0
43635,foundation,0,1
43636,foundation,0,0
43637,foundation,0,2
43638,foundation,0,0
43639,foundation,0,0
43640,foundation,0,1
43641,foundation,0,0
43642,foundation,0,0
43643,foundation,0,0
43644,foundation,0,0
43645,foundation,1,1
43647,foundation,0,0
43648,foundation,0,0
43649,foundation,0,0
43650,foundation,0,0
43651,foundation,0,0
43653,foundation,0,3
43654,foundation,0,0
43655,foundation,0,0
43656,foundation,0,0
43657,foundation,0,0
43659,foundation,0,9
43660,foundation,0,2
43661,foundation,0,0
43662,foundation,0,10
43663,foundation,0,0
43664,foundation,0,0
43665,foundation,0,2
43666,foundation,0,0
43667,foundation,0,0
43668,foundation,0,0
43669,foundation,0,0
43671,foundation,0,0
43672,foundation,0,0
43673,foundation,0,0
43998,foundation,1,9
43999,foundation,0,9
44000,foundation,0,0
44001,foundation,1,8
44002,foundation,0,0
44003,foundation,1,10
44004,foundation,1,10
44005,foundation,1,10
44006,foundation,0,0
44007,foundation,1,6
44008,foundation,1,0
44009,foundation,1,10
44010,foundation,0,0
44011,foundation,0,0
44012,foundation,1,10
44013,foundation,1,0
44014,foundation,0,0
44015,foundation,1,10
44016,foundation,1,5
44017,foundation,1,8
44018,foundation,0,0
44019,foundation,0,0
44020,foundation,0,0
44022,foundation,0,0
44023,foundation,0,0
44276,foundation,0,1
44277,foundation,0,0
44278,foundation,0,9
44279,foundation,0,9
44280,foundation,0,0
44281,foundation,0,0
44282,foundation,0,0
44283,foundation,0,3
44284,foundation,1,8
44285,foundation,0,0
44286,foundation,0,0
44287,foundation,0,0
44288,foundation,0,0
44289,foundation,0,0
44290,foundation,0,0
44292,foundation,0,0
44293,foundation,0,0
44294,foundation,0,0
44296,foundation,0,0
44297,foundation,0,7
44299,foundation,0,7
44300,foundation,0,0
44301,foundation,0,1
44302,foundation,0,0
44303,foundation,0,0
44304,foundation,0,10
44306,foundation,0,0
44307,foundation,0,8
44308,foundation,0,0
44309,foundation,0,3
44310,foundation,1,10
44311,foundation,0,0
44312,foundation,0,0
44313,foundation,0,0
44314,foundation,1,10
44316,foundation,0,0
44317,foundation,0,0
44319,foundation,0,9
44320,foundation,0,1
44321,foundation,0,0
44322,foundation,1,10
44323,foundation,0,0
44324,foundation,0,0
44325,foundation,0,0
44329,foundation,1,10
44330,foundation,0,0
44331,foundation,0,0
44332,foundation,0,0
44335,foundation,0,0
44336,foundation,1,10
44339,foundation,0,0
44340,foundation,1,8
44341,foundation,1,10
44342,foundation,1,7
44343,foundation,0,0
44344,foundation,0,0
44345,foundation,0,0
44346,foundation,0,0
44347,foundation,0,0
44348,foundation,0,0
44349,foundation,1,10
44350,foundation,1,10
44351,foundation,0,1
44352,foundation,0,1
44353,foundation,1,10
44354,foundation,0,0
44355,foundation,1,10
44356,foundation,1,10
44357,foundation,0,0
44358,foundation,0,0
44359,foundation,1,10
44361,foundation,0,0
44362,foundation,0,0
44363,foundation,1,9
44364,foundation,0,1
44365,foundation,0,0
44366,foundation,0,0
44367,foundation,0,0
44368,foundation,0,0
44369,foundation,0,0
44370,foundation,0,0
44371,foundation,0,0
44372,foundation,1,10
44374,foundation,1,10
44375,foundation,0,0
44587,foundation,0,0
44588,foundation,0,0
44589,foundation,0,0
44590,foundation,0,0
44591,foundation,1,10
44592,foundation,0,0
44594,foundation,0,9
44595,foundation,0,0
44596,foundation,0,0
44597,foundation,0,1
44598,foundation,0,0
44599,foundation,0,1
44601,foundation,0,0
44602,foundation,0,0
44603,foundation,0,0
44604,foundation,0,0
44605,foundation,1,8
44607,foundation,0,0
44608,foundation,0,0
44609,foundation,0,0
44610,foundation,0,0
44611,foundation,1,10
44612,foundation,0,0
44613,foundation,0,0
44614,foundation,0,0
44615,foundation,0,0
44616,foundation,0,0
44617,foundation,1,0
44618,foundation,0,0
44619,foundation,0,0
44620,foundation,1,9
44621,foundation,1,10
44622,foundation,0,1
44623,foundation,0,0
44624,foundation,0,0
44625,foundation,0,1
44626,foundation,0,0
44627,foundation,0,1
44629,foundation,1,9
44630,foundation,0,0
44631,foundation,0,0
44632,foundation,0,0
44633,foundation,0,0
44634,foundation,0,0
44636,foundation,1,8
44637,foundation,1,9
44638,foundation,0,1
44639,foundation,0,0
44640,foundation,0,0
44641,foundation,0,0
44642,foundation,0,0
44643,foundation,0,0
44644,foundation,0,6
44645,foundation,0,0
44646,foundation,0,0
44647,foundation,0,7
44648,foundation,0,0
44649,foundation,0,1
44650,foundation,0,0
44651,foundation,0,0
44652,foundation,0,0
44653,foundation,0,3
44654,foundation,0,0
44655,foundation,1,10
44656,foundation,0,0
44657,foundation,0,0
44658,foundation,1,7
44659,foundation,0,0
44660,foundation,1,10
44661,foundation,0,0
44662,foundation,0,0
44663,foundation,0,0
44664,foundation,0,0
44666,foundation,0,0
44667,foundation,0,6
44668,foundation,1,10
44669,foundation,0,1
44670,foundation,0,10
44671,foundation,0,0
44672,foundation,0,1
44673,foundation,1,10
44674,foundation,0,0
44675,foundation,1,9
44676,foundation,0,0
44678,foundation,0,9
44679,foundation,0,0
44680,foundation,0,0
44682,foundation,0,0
44683,foundation,0,1
44684,foundation,0,1
44685,foundation,0,8
44686,foundation,1,9
44687,foundation,1,10
44689,foundation,1,10
44690,foundation,0,0
44691,foundation,0,4
44692,foundation,1,10
44693,foundation,0,1
44694,foundation,1,10
44695,foundation,1,10
44696,foundation,1,7
44697,foundation,1,10
44698,foundation,0,0
44699,foundation,0,0
44701,foundation,0,0
45135,foundation,0,0
45137,foundation,0,0
45138,foundation,0,0
45139,foundation,0,0
45140,foundation,0,1
45143,foundation,0,0
45144,foundation,0,0
45145,foundation,0,0
45146,foundation,0,0
45147,foundation,0,0
45148,foundation,0,0
45149,foundation,0,0
45150,foundation,0,0
45151,foundation,0,0
45152,foundation,0,0
45154,foundation,0,0
45155,foundation,0,2
45156,foundation,0,1
45157,foundation,0,1
45158,foundation,0,1
45159,foundation,0,0
45160,foundation,0,0
45161,foundation,0,0
45162,foundation,0,0
45163,foundation,0,1
45164,foundation,0,0
45165,foundation,0,0
45166,foundation,0,1
45167,foundation,0,0
45168,foundation,0,0
45169,foundation,0,0
45170,foundation,0,0
45171,foundation,0,0
45172,foundation,0,1
45173,foundation,0,0
45174,foundation,0,0
45176,foundation,0,1
45177,foundation,0,0
45178,foundation,0,0
45495,foundation,1,10
45496,foundation,0,0
45497,foundation,0,10
45498,foundation,0,0
45499,foundation,0,0
45500,foundation,1,8
45501,foundation,1,7
45502,foundation,1,2
45503,foundation,0,0
45504,foundation,1,3
45505,foundation,1,8
45506,foundation,0,0
45507,foundation,0,2
45508,foundation,1,8
45509,foundation,0,0
45510,foundation,0,0
11,emulsion,0,0
13,emulsion,0,0
15,emulsion,0,1
16,emulsion,0,0
17,emulsion,0,0
19,emulsion,0,0
20,emulsion,0,0
338,emulsion,0,0
339,emulsion,0,1
340,emulsion,0,0
341,emulsion,0,0
342,emulsion,1,10
343,emulsion,0,0
344,emulsion,0,0
345,emulsion,0,0
347,emulsion,0,2
660,emulsion,0,0
661,emulsion,0,0
662,emulsion,0,1
663,emulsion,0,0
664,emulsion,0,0
665,emulsion,0,0
666,emulsion,0,0
667,emulsion,0,1
668,emulsion,0,0
669,emulsion,0,0
670,emulsion,0,0
672,emulsion,0,1
673,emulsion,0,2
674,emulsion,0,0
675,emulsion,0,0
677,emulsion,0,0
679,emulsion,0,0
680,emulsion,0,0
1011,emulsion,0,0
1012,emulsion,0,0
1014,emulsion,0,0
1015,emulsion,0,0
1016,emulsion,0,0
1017,emulsion,0,0
1018,emulsion,0,2
1019,emulsion,0,0
1021,emulsion,1,10
1022,emulsion,0,0
1024,emulsion,0,0
1026,emulsion,0,4
1027,emulsion,0,0
1028,emulsion,0,0
1029,emulsion,0,0
1351,emulsion,0,0
1352,emulsion,0,0
1354,emulsion,0,0
1357,emulsion,0,1
1358,emulsion,0,1
1359,emulsion,0,0
1360,emulsion,0,0
1669,emulsion,0,1
1670,emulsion,1,10
1671,emulsion,1,9
1672,emulsion,1,7
1673,emulsion,0,0
1674,emulsion,0,1
1675,emulsion,1,8
1676,emulsion,0,0
1677,emulsion,1,9
1678,emulsion,0,1
2002,emulsion,0,2
2003,emulsion,0,0
2004,emulsion,0,0
2005,emulsion,0,1
2006,emulsion,1,1
2007,emulsion,0,0
2008,emulsion,0,0
2009,emulsion,0,0
2010,emulsion,0,0
2011,emulsion,0,0
2012,emulsion,0,2
2013,emulsion,0,0
2014,emulsion,1,7
2015,emulsion,0,0
2019,emulsion,0,0
2020,emulsion,0,1
2021,emulsion,0,1
2434,emulsion,0,1
2435,emulsion,0,0
2436,emulsion,0,0
2437,emulsion,0,0
2438,emulsion,1,4
2439,emulsion,0,0
2440,emulsion,0,0
2442,emulsion,0,0
2800,emulsion,0,0
2801,emulsion,0,4
2802,emulsion,0,0
2803,emulsion,0,0
2804,emulsion,0,0
2805,emulsion,0,0
2806,emulsion,1,9
2807,emulsion,0,0
2809,emulsion,0,0
2810,emulsion,0,0
2811,emulsion,0,0
2812,emulsion,0,1
2813,emulsion,0,0
2814,emulsion,0,0
2815,emulsion,0,0
2817,emulsion,0,0
2818,emulsion,0,0
2819,emulsion,0,0
2820,emulsion,0,0
2821,emulsion,1,2
2822,emulsion,0,0
2823,emulsion,0,1
2824,emulsion,1,9
2825,emulsion,0,0
2826,emulsion,0,1
2829,emulsion,0,0
2831,emulsion,0,1
2832,emulsion,0,0
2833,emulsion,0,0
2834,emulsion,0,1
2835,emulsion,0,1
2836,emulsion,0,0
2837,emulsion,0,0
2838,emulsion,0,0
2839,emulsion,0,0
2840,emulsion,0,0
2841,emulsion,0,0
2842,emulsion,0,0
2843,emulsion,0,0
2844,emulsion,0,0
2845,emulsion,0,0
2848,emulsion,0,0
2849,emulsion,0,1
2851,emulsion,0,0
2852,emulsion,0,0
2854,emulsion,0,0
2855,emulsion,1,10
2856,emulsion,0,0
2858,emulsion,0,0
2859,emulsion,0,0
2860,emulsion,0,0
2861,emulsion,0,0
2862,emulsion,0,0
3689,emulsion,0,0
3690,emulsion,0,0
3691,emulsion,0,1
3692,emulsion,0,1
3693,emulsion,0,0
3694,emulsion,0,0
3695,emulsion,0,0
3696,emulsion,0,0
3697,emulsion,0,0
3698,emulsion,0,0
3699,emulsion,0,0
3700,emulsion,0,0
3701,emulsion,0,0
3703,emulsion,0,0
3704,emulsion,0,0
3705,emulsion,0,0
3706,emulsion,0,0
3707,emulsion,0,0
3708,emulsion,0,0
3709,emulsion,0,0
3710,emulsion,0,0
3711,emulsion,0,1
3712,emulsion,0,0
3713,emulsion,0,1
3714,emulsion,0,0
3715,emulsion,0,0
3716,emulsion,0,0
3717,emulsion,0,1
3718,emulsion,0,0
3719,emulsion,0,0
3720,emulsion,0,1
3721,emulsion,0,1
3723,emulsion,0,1
3724,emulsion,0,0
3725,emulsion,0,1
3726,emulsion,0,0
3727,emulsion,0,0
3728,emulsion,0,0
3729,emulsion,0,0
3730,emulsion,0,0
3731,emulsion,0,0
3732,emulsion,0,0
3733,emulsion,0,0
3734,emulsion,0,0
3735,emulsion,0,1
3736,emulsion,0,0
3737,emulsion,0,0
3738,emulsion,0,0
3739,emulsion,0,0
3740,emulsion,0,0
3741,emulsion,0,0
3742,emulsion,0,2
3743,emulsion,0,1
3744,emulsion,0,0
3745,emulsion,0,0
3746,emulsion,0,0
3748,emulsion,0,0
3749,emulsion,0,0
3750,emulsion,0,0
3751,emulsion,0,0
3752,emulsion,0,1
3753,emulsion,0,0
3754,emulsion,0,0
3755,emulsion,0,1
3756,emulsion,1,10
3757,emulsion,0,0
3758,emulsion,0,0
3759,emulsion,0,0
3760,emulsion,0,0
3761,emulsion,0,0
3762,emulsion,0,0
3763,emulsion,1,10
3764,emulsion,0,2
3765,emulsion,1,10
3766,emulsion,1,10
3767,emulsion,1,10
3768,emulsion,1,10
3769,emulsion,0,1
3770,emulsion,0,1
3771,emulsion,1,10
3772,emulsion,0,0
3773,emulsion,0,0
3774,emulsion,1,10
3775,emulsion,1,10
3776,emulsion,0,0
4001,emulsion,0,0
4003,emulsion,0,2
4004,emulsion,0,1
4005,emulsion,0,0
4006,emulsion,0,0
4008,emulsion,1,5
4009,emulsion,0,1
4010,emulsion,0,6
4011,emulsion,0,0
4012,emulsion,0,0
4013,emulsion,0,0
4014,emulsion,0,0
4015,emulsion,0,0
4016,emulsion,0,1
4017,emulsion,1,9
4018,emulsion,0,2
4019,emulsion,0,0
4021,emulsion,0,0
4022,emulsion,0,1
4023,emulsion,0,0
4025,emulsion,0,0
4026,emulsion,0,2
4027,emulsion,0,0
4028,emulsion,0,0
4030,emulsion,0,0
4031,emulsion,0,0
4033,emulsion,0,0
4034,emulsion,1,9
4035,emulsion,0,1
4036,emulsion,0,0
4037,emulsion,1,10
4038,emulsion,0,0
4040,emulsion,0,0
4041,emulsion,1,8
4042,emulsion,0,2
4043,emulsion,0,0
4044,emulsion,0,0
4046,emulsion,1,5
4047,emulsion,0,0
4048,emulsion,1,8
4049,emulsion,0,0
4050,emulsion,0,2
4051,emulsion,0,5
4052,emulsion,0,6
4053,emulsion,0,0
4054,emulsion,0,0
4055,emulsion,1,1
4056,emulsion,1,10
4057,emulsion,1,10
4058,emulsion,1,9
4059,emulsion,1,10
4060,emulsion,0,0
4062,emulsion,1,10
4063,emulsion,0,10
4065,emulsion,0,0
4066,emulsion,1,4
4067,emulsion,1,8
4068,emulsion,0,0
4069,emulsion,1,7
4070,emulsion,1,7
4071,emulsion,1,8
4072,emulsion,1,10
4073,emulsion,0,0
4074,emulsion,1,10
4075,emulsion,1,8
4076,emulsion,0,1
4077,emulsion,0,0
4078,emulsion,0,0
4079,emulsion,0,0
4080,emulsion,0,0
4081,emulsion,1,2
4082,emulsion,1,10
4083,emulsion,0,0
4084,emulsion,1,0
4085,emulsion,0,3
4086,emulsion,0,0
4087,emulsion,1,5
4088,emulsion,1,10
4089,emulsion,0,2
4090,emulsion,1,10
4091,emulsion,1,6
4092,emulsion,1,10
4093,emulsion,0,0
4095,emulsion,0,0
4096,emulsion,1,7
4097,emulsion,1,10
4098,emulsion,1,10
4099,emulsion,0,0
4100,emulsion,0,8
4101,emulsion,1,10
4102,emulsion,1,1
4103,emulsion,1,10
4105,emulsion,1,9
4106,emulsion,1,10
4107,emulsion,1,7
4108,emulsion,0,0
4109,emulsion,1,5
4110,emulsion,1,10
4111,emulsion,0,0
4112,emulsion,0,0
4113,emulsion,0,0
4114,emulsion,0,6
4116,emulsion,1,6
4117,emulsion,0,0
4118,emulsion,0,0
4119,emulsion,1,10
4120,emulsion,0,0
4121,emulsion,1,10
4122,emulsion,0,0
4123,emulsion,1,9
4124,emulsion,1,10
4126,emulsion,1,10
4127,emulsion,0,0
4128,emulsion,1,10
4129,emulsion,0,4
4130,emulsion,0,2
4386,emulsion,0,7
4387,emulsion,0,0
4388,emulsion,0,1
4389,emulsion,1,10
4390,emulsion,0,0
4391,emulsion,0,0
4392,emulsion,1,10
4393,emulsion,1,10
4394,emulsion,0,3
4395,emulsion,1,10
4397,emulsion,0,7
4398,emulsion,0,0
4399,emulsion,1,2
4400,emulsion,1,3
4401,emulsion,0,0
4402,emulsion,1,10
4403,emulsion,0,0
4404,emulsion,0,0
4405,emulsion,0,0
4406,emulsion,0,0
4407,emulsion,0,0
4408,emulsion,1,6
4409,emulsion,0,0
4410,emulsion,0,10
4412,emulsion,1,0
4413,emulsion,0,0
4414,emulsion,0,0
4415,emulsion,1,7
4416,emulsion,0,0
4417,emulsion,0,0
4418,emulsion,1,0
4419,emulsion,0,0
4420,emulsion,0,0
4421,emulsion,0,0
4422,emulsion,0,6
4423,emulsion,0,0
4425,emulsion,1,10
4426,emulsion,0,0
4428,emulsion,1,10
4429,emulsion,0,1
4430,emulsion,1,8
4431,emulsion,0,0
4432,emulsion,0,1
4434,emulsion,0,0
4435,emulsion,1,10
4436,emulsion,0,0
4437,emulsion,1,4
4438,emulsion,0,0
4439,emulsion,0,0
4440,emulsion,1,10
4441,emulsion,0,2
4442,emulsion,1,8
4443,emulsion,0,0
4444,emulsion,1,9
4445,emulsion,0,0
4446,emulsion,1,10
4447,emulsion,0,0
4448,emulsion,1,8
4449,emulsion,1,8
4450,emulsion,0,0
4451,emulsion,0,1
4452,emulsion,1,10
4453,emulsion,0,0
4454,emulsion,1,9
4455,emulsion,1,7
4456,emulsion,0,1
4457,emulsion,1,10
4458,emulsion,0,6
4459,emulsion,0,0
4460,emulsion,1,10
4461,emulsion,0,0
4462,emulsion,0,6
4463,emulsion,1,3
4464,emulsion,0,1
4466,emulsion,1,10
4468,emulsion,1,8
4469,emulsion,1,10
4470,emulsion,0,0
4471,emulsion,0,0
4472,emulsion,0,0
4473,emulsion,0,1
4474,emulsion,0,0
4475,emulsion,0,9
4476,emulsion,1,10
4477,emulsion,0,0
4478,emulsion,1,10
4479,emulsion,0,0
4480,emulsion,1,10
4481,emulsion,1,10
4482,emulsion,0,0
4483,emulsion,1,10
4484,emulsion,0,0
4485,emulsion,1,10
4486,emulsion,1,10
4487,emulsion,0,1
4489,emulsion,1,10
4490,emulsion,0,0
4491,emulsion,1,9
4492,emulsion,0,0
4493,emulsion,0,4
4494,emulsion,1,5
4495,emulsion,0,1
4496,emulsion,1,0
4497,emulsion,0,1
4498,emulsion,0,10
4500,emulsion,0,0
4501,emulsion,1,9
4503,emulsion,0,0
4505,emulsion,1,7
4506,emulsion,0,1
4507,emulsion,0,0
4508,emulsion,1,9
4509,emulsion,0,1
4510,emulsion,0,0
4511,emulsion,0,0
4512,emulsion,1,8
4514,emulsion,1,10
4515,emulsion,0,0
4517,emulsion,0,0
4518,emulsion,0,0
4520,emulsion,1,10
4521,emulsion,0,0
4522,emulsion,1,10
4925,emulsion,0,0
4926,emulsion,1,3
4927,emulsion,0,1
4928,emulsion,1,8
4929,emulsion,1,10
4930,emulsion,0,0
4931,emulsion,1,10
4932,emulsion,1,10
4934,emulsion,1,6
4935,emulsion,1,9
4937,emulsion,0,0
4938,emulsion,1,10
4939,emulsion,1,10
4940,emulsion,0,0
4941,emulsion,0,1
4942,emulsion,0,0
4943,emulsion,1,9
4944,emulsion,1,8
4945,emulsion,1,10
4946,emulsion,1,1
4947,emulsion,1,7
4948,emulsion,1,10
4950,emulsion,1,0
4951,emulsion,1,10
4952,emulsion,1,10
4953,emulsion,1,10
4954,emulsion,1,2
4955,emulsion,1,9
4957,emulsion,1,7
4958,emulsion,0,0
4959,emulsion,0,0
4960,emulsion,1,10
4962,emulsion,0,0
4963,emulsion,0,8
4964,emulsion,1,1
4965,emulsion,1,9
4966,emulsion,0,0
4967,emulsion,1,1
4968,emulsion,0,0
4969,emulsion,1,8
4970,emulsion,0,0
4971,emulsion,1,0
4972,emulsion,1,10
4973,emulsion,1,10
4974,emulsion,0,4
4975,emulsion,0,0
4976,emulsion,1,10
4977,emulsion,0,0
4978,emulsion,0,0
4979,emulsion,0,0
4980,emulsion,0,0
4981,emulsion,0,0
4982,emulsion,0,3
4983,emulsion,0,0
4984,emulsion,0,0
4985,emulsion,0,7
4986,emulsion,0,1
4987,emulsion,1,10
4988,emulsion,1,8
4989,emulsion,0,0
4990,emulsion,1,0
4991,emulsion,1,10
4992,emulsion,1,10
4993,emulsion,0,0
4995,emulsion,0,1
4996,emulsion,0,1
4997,emulsion,0,0
4998,emulsion,1,6
4999,emulsion,0,0
5000,emulsion,1,1
5001,emulsion,0,0
5002,emulsion,1,10
5003,emulsion,1,6
5004,emulsion,0,0
5005,emulsion,0,0
5006,emulsion,1,10
5007,emulsion,0,1
5008,emulsion,1,4
5009,emulsion,0,0
5011,emulsion,0,0
5012,emulsion,1,10
5013,emulsion,0,0
5014,emulsion,1,6
5015,emulsion,1,5
5016,emulsion,0,0
5018,emulsion,0,3
5019,emulsion,0,8
5020,emulsion,1,6
5021,emulsion,0,0
5022,emulsion,1,5
5023,emulsion,1,7
5024,emulsion,0,1
5025,emulsion,1,8
5026,emulsion,1,9
5027,emulsion,1,9
5028,emulsion,1,10
5029,emulsion,1,10
5030,emulsion,1,10
5032,emulsion,1,10
5033,emulsion,0,3
5034,emulsion,0,0
5035,emulsion,1,5
5036,emulsion,1,7
5037,emulsion,0,0
5038,emulsion,0,0
5039,emulsion,1,10
5041,emulsion,0,0
5042,emulsion,1,0
5043,emulsion,1,10
5044,emulsion,1,0
5045,emulsion,1,8
5046,emulsion,1,9
5048,emulsion,0,0
5049,emulsion,1,1
5050,emulsion,0,0
5051,emulsion,1,10
5052,emulsion,1,10
5053,emulsion,0,1
5055,emulsion,0,0
5056,emulsion,0,0
5057,emulsion,1,10
5058,emulsion,1,0
5059,emulsion,1,7
5060,emulsion,1,0
5061,emulsion,1,0
5062,emulsion,1,1
5063,emulsion,0,0
5064,emulsion,0,0
5065,emulsion,0,0
5179,emulsion,0,0
5180,emulsion,0,0
5182,emulsion,0,0
5183,emulsion,0,0
5184,emulsion,0,0
5185,emulsion,0,0
5186,emulsion,0,0
5187,emulsion,0,0
5188,emulsion,0,0
5189,emulsion,0,0
5190,emulsion,0,0
5191,emulsion,0,0
5192,emulsion,0,0
5193,emulsion,0,0
5194,emulsion,0,0
5195,emulsion,0,0
5196,emulsion,0,0
5198,emulsion,0,0
5200,emulsion,0,0
5203,emulsion,0,0
5204,emulsion,0,0
5205,emulsion,0,0
5206,emulsion,0,0
5207,emulsion,0,0
5208,emulsion,0,0
5209,emulsion,0,0
5210,emulsion,0,0
5211,emulsion,0,0
5212,emulsion,0,0
5213,emulsion,0,0
5214,emulsion,0,0
5215,emulsion,0,0
5216,emulsion,0,1
5218,emulsion,0,0
5219,emulsion,0,0
5220,emulsion,0,0
5221,emulsion,0,1
5223,emulsion,0,0
5224,emulsion,0,0
5225,emulsion,0,0
5226,emulsion,0,1
5227,emulsion,0,0
5228,emulsion,0,0
5229,emulsion,0,3
5230,emulsion,0,0
5231,emulsion,0,1
5467,emulsion,0,7
5468,emulsion,0,0
5469,emulsion,1,7
5470,emulsion,0,0
5471,emulsion,1,0
5472,emulsion,1,10
5473,emulsion,1,3
5474,emulsion,0,0
5475,emulsion,0,0
5476,emulsion,0,0
5477,emulsion,0,1
5478,emulsion,1,6
5481,emulsion,0,0
5482,emulsion,0,0
5483,emulsion,0,0
5484,emulsion,0,0
5485,emulsion,1,0
5486,emulsion,1,10
5487,emulsion,1,9
5488,emulsion,0,0
5489,emulsion,0,0
5490,emulsion,1,0
5491,emulsion,1,10
5492,emulsion,0,1
5493,emulsion,1,6
5494,emulsion,1,9
5495,emulsion,1,10
5496,emulsion,1,0
5497,emulsion,1,9
5499,emulsion,0,0
5500,emulsion,1,0
5501,emulsion,1,10
5503,emulsion,0,0
5504,emulsion,1,0
5505,emulsion,1,1
5506,emulsion,0,1
5507,emulsion,0,0
5508,emulsion,1,10
5509,emulsion,1,10
5510,emulsion,1,7
5511,emulsion,1,9
5512,emulsion,0,0
5513,emulsion,0,0
5514,emulsion,0,0
5515,emulsion,0,0
5516,emulsion,1,9
5517,emulsion,1,10
5518,emulsion,0,1
5519,emulsion,1,7
5520,emulsion,0,0
5521,emulsion,0,0
5522,emulsion,0,0
5523,emulsion,1,4
5524,emulsion,1,10
5525,emulsion,1,10
5527,emulsion,1,10
5528,emulsion,0,0
5529,emulsion,1,7
5530,emulsion,0,0
5531,emulsion,1,9
5532,emulsion,0,0
5533,emulsion,1,10
5534,emulsion,1,9
5535,emulsion,0,0
5536,emulsion,1,10
5537,emulsion,0,0
5538,emulsion,1,10
5539,emulsion,1,0
5540,emulsion,0,0
5541,emulsion,0,0
5542,emulsion,1,10
5543,emulsion,1,0
5544,emulsion,0,1
5545,emulsion,1,9
5546,emulsion,1,10
5547,emulsion,0,0
5548,emulsion,0,0
5549,emulsion,1,7
5550,emulsion,0,0
5551,emulsion,1,10
5552,emulsion,1,10
5553,emulsion,0,1
5554,emulsion,1,5
5555,emulsion,1,8
5556,emulsion,1,7
5557,emulsion,0,1
5558,emulsion,0,6
5559,emulsion,1,10
5560,emulsion,1,10
5561,emulsion,1,10
5562,emulsion,0,0
5564,emulsion,0,0
5565,emulsion,0,4
5566,emulsion,0,0
5567,emulsion,1,10
5568,emulsion,1,10
5569,emulsion,0,0
5570,emulsion,0,0
5572,emulsion,1,10
5573,emulsion,0,9
5594,face_cream,0,0
5595,face_cream,0,0
5597,face_cream,0,0
5598,face_cream,0,0
5599,face_cream,0,0
5600,face_cream,0,0
5601,face_cream,0,0
5602,face_cream,0,0
5603,face_cream,0,0
5604,face_cream,0,0
5605,face_cream,0,0
5606,face_cream,0,0
5607,face_cream,0,0
5610,face_cream,0,0
5613,face_cream,0,0
5906,face_cream,1,5
5907,face_cream,0,1
5908,face_cream,0,0
5909,face_cream,0,1
5910,face_cream,0,0
5911,face_cream,1,10
5912,face_cream,0,7
5913,face_cream,1,10
5914,face_cream,0,1
5915,face_cream,1,8
5916,face_cream,1,9
5917,face_cream,1,10
5918,face_cream,1,9
5919,face_cream,0,0
5920,face_cream,0,0
5922,face_cream,1,9
5923,face_cream,1,7
5924,face_cream,0,0
5925,face_cream,0,2
6551,face_cream,1,10
6552,face_cream,0,0
6553,face_cream,0,0
6554,face_cream,0,0
6555,face_cream,0,0
6556,face_cream,0,0
6557,face_cream,0,0
6559,face_cream,1,10
6560,face_cream,0,0
6871,face_cream,0,1
6872,face_cream,0,0
6873,face_cream,0,1
6874,face_cream,0,0
6875,face_cream,1,10
6876,face_cream,0,1
6877,face_cream,0,0
6878,face_cream,0,0
6879,face_cream,0,0
6880,face_cream,0,0
6881,face_cream,0,0
6883,face_cream,0,0
6885,face_cream,0,1
7180,face_cream,0,0
7181,face_cream,0,1
7182,face_cream,0,0
7183,face_cream,1,6
7184,face_cream,0,2
7185,face_cream,0,0
7186,face_cream,0,0
7187,face_cream,0,1
7188,face_cream,0,0
7189,face_cream,1,0
7190,face_cream,1,7
7191,face_cream,0,5
7192,face_cream,0,0
7193,face_cream,1,9
7194,face_cream,0,0
7195,face_cream,0,0
7196,face_cream,1,10
7197,face_cream,1,8
7198,face_cream,1,9
7199,face_cream,1,10
7200,face_cream,0,0
7201,face_cream,1,9
7202,face_cream,1,10
7203,face_cream,0,0
7204,face_cream,1,4
7205,face_cream,0,4
7206,face_cream,0,3
7207,face_cream,0,0
7208,face_cream,0,0
7209,face_cream,0,1
7514,face_cream,0,2
7515,face_cream,0,0
7516,face_cream,0,1
7517,face_cream,0,2
7518,face_cream,0,0
7519,face_cream,0,0
7520,face_cream,0,0
7521,face_cream,1,10
7522,face_cream,0,0
7524,face_cream,0,0
7526,face_cream,0,1
7527,face_cream,0,0
7528,face_cream,0,0
7530,face_cream,0,0
7531,face_cream,0,0
7532,face_cream,0,0
7533,face_cream,0,0
7534,face_cream,0,0
7535,face_cream,0,0
7536,face_cream,0,1
7537,face_cream,0,0
7538,face_cream,0,1
7541,face_cream,0,0
7542,face_cream,0,0
7543,face_cream,0,1
7544,face_cream,0,0
7545,face_cream,0,0
7547,face_cream,0,0
7548,face_cream,0,0
7549,face_cream,0,0
7550,face_cream,0,0
7551,face_cream,0,6
7552,face_cream,0,0
7553,face_cream,0,0
7825,face_cream,0,0
7826,face_cream,0,3
7827,face_cream,0,0
7828,face_cream,1,0
7829,face_cream,1,7
7830,face_cream,0,0
7831,face_cream,1,9
7832,face_cream,0,0
7834,face_cream,0,2
7835,face_cream,1,10
7836,face_cream,0,0
7837,face_cream,1,10
7838,face_cream,1,8
7839,face_cream,0,0
7840,face_cream,1,10
7841,face_cream,0,0
7842,face_cream,0,1
7843,face_cream,0,0
7844,face_cream,0,0
7846,face_cream,0,0
7847,face_cream,1,9
7848,face_cream,0,0
7849,face_cream,0,0
7850,face_cream,0,0
7851,face_cream,1,9
7852,face_cream,1,10
7853,face_cream,1,10
7854,face_cream,1,10
7855,face_cream,0,1
7856,face_cream,1,10
7857,face_cream,1,1
7859,face_cream,1,2
7860,face_cream,0,0
7861,face_cream,1,10
7863,face_cream,1,9
7864,face_cream,1,10
7865,face_cream,1,10
7866,face_cream,0,0
7867,face_cream,0,1
7869,face_cream,0,0
7870,face_cream,0,0
8197,face_cream,0,1
8198,face_cream,0,0
8199,face_cream,0,0
8200,face_cream,1,9
8203,face_cream,0,0
8206,face_cream,1,10
8208,face_cream,0,0
8209,face_cream,0,1
8211,face_cream,0,0
8212,face_cream,0,0
8213,face_cream,0,0
8214,face_cream,0,0
8216,face_cream,0,0
8217,face_cream,0,0
8218,face_cream,0,0
8219,face_cream,0,1
8221,face_cream,0,0
8222,face_cream,0,0
8223,face_cream,0,0
8224,face_cream,0,0
8225,face_cream,0,0
8226,face_cream,0,0
8227,face_cream,0,0
8228,face_cream,0,0
8230,face_cream,0,0
8231,face_cream,0,1
8232,face_cream,1,8
8233,face_cream,0,0
8234,face_cream,0,1
8235,face_cream,0,0
8236,face_cream,0,0
8237,face_cream,0,0
8238,face_cream,1,8
8239,face_cream,0,0
8240,face_cream,0,0
8241,face_cream,1,10
8242,face_cream,0,0
8243,face_cream,0,4
8246,face_cream,0,0
8247,face_cream,0,0
8249,face_cream,1,9
8543,face_cream,0,0
8544,face_cream,0,0
8545,face_cream,0,0
8546,face_cream,0,0
8547,face_cream,0,0
8548,face_cream,0,0
8549,face_cream,0,0
8550,face_cream,0,0
8551,face_cream,0,1
8552,face_cream,0,0
8553,face_cream,0,0
8554,face_cream,0,0
8555,face_cream,0,0
8556,face_cream,0,0
8557,face_cream,0,0
8558,face_cream,0,0
8559,face_cream,0,0
8560,face_cream,0,0
8561,face_cream,0,0
8562,face_cream,0,0
8563,face_cream,0,0
8564,face_cream,0,0
8565,face_cream,0,2
8566,face_cream,0,0
8567,face_cream,0,1
8568,face_cream,0,0
8569,face_cream,0,0
8570,face_cream,0,0
8571,face_cream,0,0
8869,face_cream,0,1
8870,face_cream,0,0
8871,face_cream,0,0
8872,face_cream,0,0
8873,face_cream,0,0
8874,face_cream,0,2
8875,face_cream,0,0
8876,face_cream,0,8
8877,face_cream,0,0
8878,face_cream,0,0
8879,face_cream,0,1
8880,face_cream,0,1
8881,face_cream,0,0
8882,face_cream,0,1
8883,face_cream,0,0
8885,face_cream,0,0
8886,face_cream,0,0
8887,face_cream,0,0
8888,face_cream,0,0
8889,face_cream,0,0
8890,face_cream,0,0
8891,face_cream,0,0
8892,face_cream,0,0
8893,face_cream,0,0
8894,face_cream,0,0
8896,face_cream,0,0
8897,face_cream,0,0
8898,face_cream,0,0
8899,face_cream,0,0
8900,face_cream,0,0
8902,face_cream,0,0
8903,face_cream,0,0
8904,face_cream,0,0
9281,face_cream,0,0
9282,face_cream,0,0
9283,face_cream,1,10
9284,face_cream,0,0
9285,face_cream,0,0
9286,face_cream,0,7
9287,face_cream,0,0
9288,face_cream,0,2
9289,face_cream,0,0
9290,face_cream,1,8
9291,face_cream,0,0
9292,face_cream,0,0
9293,face_cream,0,0
9295,face_cream,0,0
9296,face_cream,0,0
9297,face_cream,0,0
9298,face_cream,0,0
9299,face_cream,1,9
9300,face_cream,0,0
9301,face_cream,0,0
9302,face_cream,1,10
9303,face_cream,0,0
9304,face_cream,0,0
9305,face_cream,0,0
9306,face_cream,1,8
9307,face_cream,0,0
9308,face_cream,1,7
9312,face_cream,0,0
9313,face_cream,0,0
9314,face_cream,0,0
9315,face_cream,0,0
9316,face_cream,0,2
9317,face_cream,1,8
9318,face_cream,0,0
9319,face_cream,1,10
9320,face_cream,0,0
9657,face_cream,0,0
9658,face_cream,0,0
9659,face_cream,0,1
9660,face_cream,0,0
9661,face_cream,0,1
9662,face_cream,0,0
9663,face_cream,0,0
9664,face_cream,0,0
9665,face_cream,0,2
9666,face_cream,0,1
9667,face_cream,0,0
9668,face_cream,0,0
9669,face_cream,0,0
9670,face_cream,0,0
9671,face_cream,0,0
9673,face_cream,0,2
9674,face_cream,0,0
9675,face_cream,0,0
9676,face_cream,0,0
9677,face_cream,0,0
9678,face_cream,0,1
9679,face_cream,0,0
9680,face_cream,0,0
9681,face_cream,0,0
9682,face_cream,0,0
9683,face_cream,0,0
9684,face_cream,0,0
9685,face_cream,0,0
9686,face_cream,0,0
9687,face_cream,0,0
9688,face_cream,0,0
9689,face_cream,0,0
9690,face_cream,0,0
9692,face_cream,0,0
9693,face_cream,0,0
9694,face_cream,0,0
9695,face_cream,0,0
9696,face_cream,0,0
9697,face_cream,0,0
9698,face_cream,0,0
9699,face_cream,0,2
9701,face_cream,0,2
9702,face_cream,0,0
9703,face_cream,0,1
9704,face_cream,0,1
9705,face_cream,0,0
9706,face_cream,0,1
9707,face_cream,0,0
9708,face_cream,0,0
9709,face_cream,0,0
9710,face_cream,0,0
9711,face_cream,0,0
9712,face_cream,0,0
9713,face_cream,0,1
9714,face_cream,0,0
9715,face_cream,0,0
9716,face_cream,0,0
9718,face_cream,0,0
9719,face_cream,0,1
9720,face_cream,0,0
9721,face_cream,0,0
9722,face_cream,0,0
9723,face_cream,0,0
9724,face_cream,0,0
9725,face_cream,0,0
9726,face_cream,0,0
9727,face_cream,0,0
9728,face_cream,0,0
9729,face_cream,0,0
9730,face_cream,0,0
9731,face_cream,0,0
9732,face_cream,0,0
9733,face_cream,0,0
9734,face_cream,0,0
10105,serum_essence,0,0
10106,serum_essence,0,0
10107,serum_essence,0,0
10109,serum_essence,0,0
10110,serum_essence,0,1
10111,serum_essence,0,0
10112,serum_essence,1,8
10113,serum_essence,0,0
10421,serum_essence,0,1
10422,serum_essence,0,0
10423,serum_essence,0,1
10425,serum_essence,0,0
10426,serum_essence,0,0
10427,serum_essence,0,0
10428,serum_essence,0,0
10429,serum_essence,0,1
10430,serum_essence,0,0
10745,serum_essence,0,0
10746,serum_essence,1,8
10747,serum_essence,0,0
10748,serum_essence,0,5
10749,serum_essence,0,1
10750,serum_essence,1,8
10751,serum_essence,1,7
10752,serum_essence,1,9
10753,serum_essence,1,10
10755,serum_essence,1,10
10756,serum_essence,1,7
10757,serum_essence,0,0
10758,serum_essence,1,10
10759,serum_essence,1,2
10760,serum_essence,0,7
10761,serum_essence,1,10
10762,serum_essence,0,0
10763,serum_essence,1,10
10764,serum_essence,1,1
10765,serum_essence,0,0
10766,serum_essence,0,1
10767,serum_essence,0,4
10768,serum_essence,1,2
10769,serum_essence,0,1
10771,serum_essence,1,0
10772,serum_essence,0,0
10773,serum_essence,0,8
11046,serum_essence,0,0
11047,serum_essence,0,0
11048,serum_essence,0,1
11049,serum_essence,0,0
11051,serum_essence,0,0
11053,serum_essence,0,1
11054,serum_essence,0,0
11055,serum_essence,0,1
11056,serum_essence,1,8
11057,serum_essence,0,0
11058,serum_essence,0,0
11059,serum_essence,0,0
11060,serum_essence,0,0
11061,serum_essence,0,0
11062,serum_essence,0,0
11063,serum_essence,0,0
11064,serum_essence,0,3
11065,serum_essence,0,0
11376,serum_essence,1,10
11377,serum_essence,1,9
11378,serum_essence,1,10
11379,serum_essence,1,10
11380,serum_essence,0,5
11381,serum_essence,1,10
11384,serum_essence,1,0
11385,serum_essence,1,10
11690,serum_essence,1,9
11692,serum_essence,0,1
11693,serum_essence,1,10
11694,serum_essence,0,0
11695,serum_essence,0,0
11696,serum_essence,0,0
11697,serum_essence,0,0
11699,serum_essence,0,0
11700,serum_essence,1,9
11701,serum_essence,0,0
11703,serum_essence,0,0
11704,serum_essence,0,0
11705,serum_essence,0,0
11706,serum_essence,0,1
11709,serum_essence,1,5
12028,serum_essence,0,1
12029,serum_essence,0,0
12030,serum_essence,0,0
12031,serum_essence,0,0
12033,serum_essence,0,2
12034,serum_essence,0,0
12035,serum_essence,0,0
12036,serum_essence,0,0
12037,serum_essence,0,0
12038,serum_essence,1,10
12039,serum_essence,0,0
12040,serum_essence,1,10
12041,serum_essence,0,0
12042,serum_essence,0,1
12043,serum_essence,1,10
12044,serum_essence,0,1
12045,serum_essence,0,1
12046,serum_essence,0,0
12047,serum_essence,0,0
12352,serum_essence,1,9
12353,serum_essence,1,10
12354,serum_essence,0,0
12355,serum_essence,0,3
12356,serum_essence,0,0
12357,serum_essence,0,5
12358,serum_essence,0,0
12359,serum_essence,0,0
12360,serum_essence,0,0
12361,serum_essence,0,0
12362,serum_essence,1,10
12363,serum_essence,0,2
12364,serum_essence,1,10
12366,serum_essence,0,0
12367,serum_essence,0,2
12368,serum_essence,1,10
12369,serum_essence,1,8
12371,serum_essence,1,10
12372,serum_essence,0,1
12374,serum_essence,1,0
12375,serum_essence,1,7
12376,serum_essence,0,0
12377,serum_essence,1,9
12378,serum_essence,1,10
12380,serum_essence,1,10
12381,serum_essence,1,10
12382,serum_essence,1,8
12383,serum_essence,1,10
12384,serum_essence,1,10
12385,serum_essence,1,9
12386,serum_essence,1,8
12388,serum_essence,0,0
12389,serum_essence,1,10
12390,serum_essence,1,3
12391,serum_essence,0,0
12660,serum_essence,0,0
12661,serum_essence,0,1
12662,serum_essence,0,0
12663,serum_essence,0,1
12664,serum_essence,0,0
12665,serum_essence,0,3
12666,serum_essence,0,0
12667,serum_essence,0,0
12668,serum_essence,0,0
12669,serum_essence,0,1
12671,serum_essence,0,3
12672,serum_essence,0,0
12673,serum_essence,1,10
12674,serum_essence,1,10
12675,serum_essence,0,8
12676,serum_essence,1,10
12677,serum_essence,1,10
12678,serum_essence,1,6
12679,serum_essence,0,0
12680,serum_essence,1,4
12681,serum_essence,0,0
12682,serum_essence,1,10
12683,serum_essence,0,0
12684,serum_essence,1,7
12685,serum_essence,1,10
12686,serum_essence,0,0
12687,serum_essence,1,10
12688,serum_essence,0,0
12689,serum_essence,0,0
12691,serum_essence,1,10
12692,serum_essence,0,0
12693,serum_essence,1,9
12694,serum_essence,0,2
12695,serum_essence,1,10
12696,serum_essence,0,0
12697,serum_essence,0,0
12698,serum_essence,0,0
12699,serum_essence,1,9
12700,serum_essence,0,0
12701,serum_essence,0,0
12702,serum_essence,1,3
12703,serum_essence,0,1
12704,serum_essence,1,10
12705,serum_essence,1,8
12706,serum_essence,1,1
12707,serum_essence,1,10
12708,serum_essence,0,0
12709,serum_essence,1,10
12710,serum_essence,1,9
12711,serum_essence,0,0
12712,serum_essence,1,7
12713,serum_essence,0,0
12714,serum_essence,1,7
12715,serum_essence,1,7
12716,serum_essence,0,0
12717,serum_essence,1,9
12718,serum_essence,0,0
12719,serum_essence,1,0
12971,serum_essence,0,0
12972,serum_essence,0,1
12973,serum_essence,0,0
12974,serum_essence,0,0
12975,serum_essence,0,0
12976,serum_essence,0,0
12977,serum_essence,0,0
12978,serum_essence,0,0
12979,serum_essence,0,0
12980,serum_essence,0,0
12981,serum_essence,1,10
12983,serum_essence,1,2
12984,serum_essence,0,0
12985,serum_essence,0,0
12986,serum_essence,0,0
12987,serum_essence,0,0
12988,serum_essence,0,0
12989,serum_essence,0,0
12990,serum_essence,1,10
13301,serum_essence,0,0
13302,serum_essence,0,1
13303,serum_essence,0,0
13304,serum_essence,0,1
13305,serum_essence,1,8
13306,serum_essence,0,0
13307,serum_essence,0,0
13308,serum_essence,0,0
13309,serum_essence,0,1
13310,serum_essence,0,0
13311,serum_essence,0,0
13312,serum_essence,1,0
13314,serum_essence,0,0
13315,serum_essence,0,0
13316,serum_essence,0,0
13318,serum_essence,0,0
13319,serum_essence,0,0
13320,serum_essence,0,0
13321,serum_essence,0,0
13322,serum_essence,0,0
13323,serum_essence,0,0
13324,serum_essence,0,0
13325,serum_essence,0,2
13326,serum_essence,0,0
13327,serum_essence,0,0
13328,serum_essence,0,0
13329,serum_essence,0,0
13681,serum_essence,0,0
13682,serum_essence,1,5
13683,serum_essence,1,10
13684,serum_essence,0,0
13685,serum_essence,0,0
13689,serum_essence,1,10
13691,serum_essence,0,0
13693,serum_essence,0,1
13694,serum_essence,0,0
13695,serum_essence,0,0
13696,serum_essence,0,0
13697,serum_essence,0,0
13698,serum_essence,0,0
13699,serum_essence,0,0
13700,serum_essence,0,0
13701,serum_essence,0,0
13702,serum_essence,0,0
13704,serum_essence,0,0
13705,serum_essence,0,0
13706,serum_essence,0,1
13707,serum_essence,0,0
13708,serum_essence,0,0
13709,serum_essence,0,0
14008,serum_essence,0,0
14009,serum_essence,1,10
14010,serum_essence,0,0
14011,serum_essence,0,0
14012,serum_essence,1,10
14013,serum_essence,0,0
14014,serum_essence,0,0
14015,serum_essence,1,10
14016,serum_essence,0,0
14017,serum_essence,1,9
14018,serum_essence,0,1
14019,serum_essence,0,0
14020,serum_essence,1,10
14021,serum_essence,0,0
14022,serum_essence,1,10
14024,serum_essence,1,10
14025,serum_essence,0,0
14026,serum_essence,1,10
14027,serum_essence,1,10
14028,serum_essence,0,2
14029,serum_essence,0,0
14030,serum_essence,0,0
14031,serum_essence,0,0
14032,serum_essence,0,0
14033,serum_essence,1,10
14034,serum_essence,1,9
14035,serum_essence,0,5
14037,serum_essence,0,0
14038,serum_essence,0,0
14039,serum_essence,1,10
14040,serum_essence,0,0
14041,serum_essence,0,0
14042,serum_essence,0,0
14043,serum_essence,0,1
14044,serum_essence,1,10
14045,serum_essence,1,10
14046,serum_essence,0,0
14047,serum_essence,0,0
14048,serum_essence,1,9
14049,serum_essence,1,10
14050,serum_essence,0,0
14051,serum_essence,1,10
14052,serum_essence,1,10
14053,serum_essence,0,0
14054,serum_essence,0,1
14055,serum_essence,0,1
14056,serum_essence,1,9
14057,serum_essence,0,9
14058,serum_essence,1,6
14059,serum_essence,0,0
14060,serum_essence,0,0
14061,serum_essence,0,4
14062,serum_essence,0,0
14063,serum_essence,1,10
14064,serum_essence,0,0
14066,serum_essence,1,0
14067,serum_essence,0,0
14068,serum_essence,0,0
14069,serum_essence,0,0
14070,serum_essence,0,0
14072,serum_essence,0,0
14073,serum_essence,0,3
14074,serum_essence,0,0
14075,serum_essence,0,0
14076,serum_essence,0,0
14077,serum_essence,0,0
14418,serum_essence,0,0
14419,serum_essence,0,0
14420,serum_essence,0,0
14421,serum_essence,0,0
14422,serum_essence,0,0
14423,serum_essence,0,1
14424,serum_essence,0,0
14425,serum_essence,0,0
14426,serum_essence,0,0
14427,serum_essence,0,0
14428,serum_essence,0,0
14429,serum_essence,0,0
14430,serum_essence,0,1
14431,serum_essence,0,1
14432,serum_essence,0,0
14433,serum_essence,0,0
14434,serum_essence,0,0
14435,serum_essence,0,0
14436,serum_essence,0,0
14438,serum_essence,0,0
14439,serum_essence,0,0
14440,serum_essence,0,0
14441,serum_essence,0,0
14442,serum_essence,0,0
14443,serum_essence,0,0
14444,serum_essence,0,0
14445,serum_essence,0,0
14447,serum_essence,0,0
14448,serum_essence,0,0
14450,serum_essence,0,0
14451,serum_essence,0,0
14452,serum_essence,0,0
14453,serum_essence,0,0
14454,serum_essence,0,0
14455,serum_essence,0,0
14456,serum_essence,0,0
14457,serum_essence,0,1
14458,serum_essence,0,0
14459,serum_essence,0,1
14460,serum_essence,0,0
14461,serum_essence,0,0
14462,serum_essence,0,0
14463,serum_essence,0,1
14464,serum_essence,0,0
14465,serum_essence,0,0
14466,serum_essence,0,0
14467,serum_essence,0,0
14468,serum_essence,0,0
14470,serum_essence,0,1
14471,serum_essence,0,0
14472,serum_essence,1,0
14473,serum_essence,0,0
14474,serum_essence,0,1
14475,serum_essence,0,0
14476,serum_essence,0,0
14477,serum_essence,0,1
14478,serum_essence,0,0
14479,serum_essence,0,0
14480,serum_essence,0,0
14481,serum_essence,0,0
14482,serum_essence,0,0
14483,serum_essence,0,0
14484,serum_essence,0,0
14485,serum_essence,0,1
14486,serum_essence,0,1
14487,serum_essence,0,1
14488,serum_essence,0,0
14489,serum_essence,0,0
14491,serum_essence,0,1
14492,serum_essence,0,0
14493,serum_essence,0,1
14494,serum_essence,0,0
14495,serum_essence,0,0
14496,serum_essence,0,0
14497,serum_essence,0,0
14498,serum_essence,0,0
14499,serum_essence,0,0
14500,serum_essence,0,0
14501,serum_essence,0,0
14502,serum_essence,0,0
14503,serum_essence,0,0
14504,serum_essence,0,0
14505,serum_essence,0,0
14506,serum_essence,0,0
14507,serum_essence,0,1
14508,serum_essence,0,0
14509,serum_essence,0,0
14510,serum_essence,0,0
14511,serum_essence,0,0
14512,serum_essence,0,1
14513,serum_essence,1,6
14514,serum_essence,0,0
14515,serum_essence,0,0
14516,serum_essence,0,0
14517,serum_essence,0,0
14518,serum_essence,0,0
14519,serum_essence,0,1
14520,serum_essence,0,0
14522,serum_essence,0,0
14523,serum_essence,0,1
14524,serum_essence,0,0
14525,serum_essence,0,0
14526,serum_essence,0,1
14527,serum_essence,0,0
14528,serum_essence,0,0
14529,serum_essence,0,0
14531,serum_essence,0,0
14533,serum_essence,0,0
14534,serum_essence,0,0
14535,serum_essence,0,1
14536,serum_essence,0,0
14537,serum_essence,0,0
14538,serum_essence,0,0
14539,serum_essence,0,0
14540,serum_essence,0,0
14541,serum_essence,0,0
14542,serum_essence,0,0
14543,serum_essence,0,0
14544,serum_essence,0,0
14545,serum_essence,0,0
14546,serum_essence,0,0
14547,serum_essence,0,0
14548,serum_essence,0,0
14549,serum_essence,0,0
14550,serum_essence,0,0
14551,serum_essence,0,0
14552,serum_essence,0,0
14553,serum_essence,0,0
14554,serum_essence,0,0
14555,serum_essence,0,0
14556,serum_essence,0,0
14558,serum_essence,0,0
14560,serum_essence,0,0
14561,serum_essence,0,0
14562,serum_essence,0,1
14563,serum_essence,0,0
14564,serum_essence,0,1
14565,serum_essence,0,1
14566,serum_essence,0,0
14567,serum_essence,0,0
14569,serum_essence,0,0
14571,serum_essence,0,0
14572,serum_essence,0,0
14573,serum_essence,0,0
14574,serum_essence,0,1
14575,serum_essence,0,0
14576,serum_essence,0,0
14577,serum_essence,0,0
14578,serum_essence,0,0
14579,serum_essence,0,0
14580,serum_essence,0,0
14581,serum_essence,0,0
14583,serum_essence,0,0
14584,serum_essence,0,0
14585,serum_essence,0,0
14586,serum_essence,0,0
14587,serum_essence,0,1
14588,serum_essence,0,1
14589,serum_essence,0,0
14590,serum_essence,0,0
14591,serum_essence,0,0
14592,serum_essence,0,1
14593,serum_essence,0,0
14594,serum_essence,0,0
14595,serum_essence,0,0
14597,serum_essence,0,0
14598,serum_essence,0,0
14599,serum_essence,0,0
14600,serum_essence,0,0
14601,serum_essence,0,0
14602,serum_essence,0,0
14859,serum_essence,0,0
14860,serum_essence,1,7
14861,serum_essence,0,0
14862,serum_essence,1,10
14863,serum_essence,1,10
14864,serum_essence,1,10
14865,serum_essence,1,10
14866,serum_essence,0,0
14867,serum_essence,1,10
14868,serum_essence,1,8
14870,serum_essence,1,10
14871,serum_essence,0,0
14872,serum_essence,0,1
14873,serum_essence,1,9
14874,serum_essence,1,8
14875,serum_essence,1,7
14877,serum_essence,1,10
14878,serum_essence,0,0
14879,serum_essence,1,8
14880,serum_essence,0,0
14881,serum_essence,0,0
14882,serum_essence,1,10
14884,serum_essence,1,10
14885,serum_essence,0,6
14886,serum_essence,1,1
14887,serum_essence,0,0
14888,serum_essence,1,9
14889,serum_essence,1,10
14891,serum_essence,1,9
14893,serum_essence,1,2
14894,serum_essence,1,9
14895,serum_essence,1,10
14896,serum_essence,0,0
14897,serum_essence,0,1
14898,serum_essence,0,0
14899,serum_essence,1,10
14900,serum_essence,1,10
14901,serum_essence,1,9
14902,serum_essence,0,0
14903,serum_essence,1,8
14904,serum_essence,0,0
14905,serum_essence,0,0
14906,serum_essence,0,0
14907,serum_essence,0,2
14908,serum_essence,1,10
14909,serum_essence,1,10
14911,serum_essence,1,10
14912,serum_essence,0,0
14913,serum_essence,0,0
14914,serum_essence,0,0
14915,serum_essence,1,0
14916,serum_essence,1,7
14917,serum_essence,0,8
14918,serum_essence,0,1
14919,serum_essence,0,0
14920,serum_essence,0,0
14921,serum_essence,1,8
14922,serum_essence,0,3
14923,serum_essence,0,0
14924,serum_essence,1,9
14926,serum_essence,0,9
14927,serum_essence,1,6
14928,serum_essence,1,10
14929,serum_essence,1,8
14930,serum_essence,0,0
14931,serum_essence,1,10
14932,serum_essence,1,10
14933,serum_essence,0,0
14935,serum_essence,1,10
14936,serum_essence,1,9
14937,serum_essence,0,0
14938,serum_essence,1,8
14940,serum_essence,0,2
14941,serum_essence,0,0
14942,serum_essence,0,0
14943,serum_essence,0,0
14944,serum_essence,1,3
14946,serum_essence,0,0
14947,serum_essence,0,0
14948,serum_essence,1,8
14949,serum_essence,0,0
14950,serum_essence,1,10
14951,serum_essence,1,10
14952,serum_essence,1,8
14953,serum_essence,0,1
14954,serum_essence,1,10
14956,serum_essence,1,7
14957,serum_essence,0,2
14958,serum_essence,0,4
14959,serum_essence,0,2
14960,serum_essence,0,0
14961,serum_essence,1,10
14962,serum_essence,0,3
14964,serum_essence,1,8
14965,serum_essence,0,9
14966,serum_essence,0,2
14967,serum_essence,0,5
14968,serum_essence,0,7
15168,sun_protection,1,2
15170,sun_protection,0,1
15464,sun_protection,0,0
15465,sun_protection,0,0
15467,sun_protection,0,0
15468,sun_protection,0,0
15469,sun_protection,0,0
15470,sun_protection,0,0
15471,sun_protection,0,0
15472,sun_protection,0,0
15473,sun_protection,0,0
15791,sun_protection,0,0
15794,sun_protection,1,7
15795,sun_protection,0,0
15796,sun_protection,0,0
15797,sun_protection,0,0
15798,sun_protection,0,2
15799,sun_protection,0,0
15800,sun_protection,0,0
15801,sun_protection,0,0
15802,sun_protection,0,0
15803,sun_protection,0,1
15804,sun_protection,0,0
15805,sun_protection,0,0
15806,sun_protection,0,0
15807,sun_protection,0,0
15808,sun_protection,0,0
15809,sun_protection,0,0
15810,sun_protection,0,0
16115,sun_protection,0,0
16116,sun_protection,0,2
16117,sun_protection,0,0
16119,sun_protection,0,0
16121,sun_protection,0,0
16122,sun_protection,0,0
16123,sun_protection,0,0
16124,sun_protection,0,0
16125,sun_protection,1,8
16126,sun_protection,0,1
16127,sun_protection,0,0
16128,sun_protection,0,0
16129,sun_protection,0,1
16130,sun_protection,0,0
16131,sun_protection,0,0
16132,sun_protection,0,0
16133,sun_protection,0,0
16134,sun_protection,0,0
16445,sun_protection,0,0
16447,sun_protection,0,1
16448,sun_protection,0,0
16449,sun_protection,0,0
16450,sun_protection,0,0
16451,sun_protection,0,0
16452,sun_protection,0,0
16453,sun_protection,0,0
16454,sun_protection,0,0
16455,sun_protection,0,0
16456,sun_protection,0,0
16457,sun_protection,0,0
16458,sun_protection,0,1
16459,sun_protection,0,0
16460,sun_protection,0,0
16461,sun_protection,0,0
16462,sun_protection,0,0
16463,sun_protection,0,0
16464,sun_protection,0,0
16874,sun_protection,0,2
16875,sun_protection,0,0
16876,sun_protection,0,0
16878,sun_protection,0,0
16879,sun_protection,0,0
16880,sun_protection,0,0
16881,sun_protection,0,0
16882,sun_protection,0,0
16883,sun_protection,0,0
16885,sun_protection,0,0
16886,sun_protection,0,8
16887,sun_protection,1,4
16888,sun_protection,1,8
16890,sun_protection,0,0
16891,sun_protection,0,0
16892,sun_protection,1,7
16894,sun_protection,0,1
16895,sun_protection,0,0
16896,sun_protection,0,0
16898,sun_protection,0,0
16899,sun_protection,1,8
16900,sun_protection,0,5
16901,sun_protection,0,0
16902,sun_protection,0,3
16904,sun_protection,0,0
16905,sun_protection,0,1
16906,sun_protection,0,0
16907,sun_protection,0,1
16909,sun_protection,0,0
16910,sun_protection,0,1
16911,sun_protection,0,0
16912,sun_protection,0,0
16914,sun_protection,0,0
16915,sun_protection,1,8
16917,sun_protection,0,0
16918,sun_protection,0,0
16919,sun_protection,0,0
16920,sun_protection,0,5
16922,sun_protection,0,1
16923,sun_protection,0,1
16924,sun_protection,0,0
16925,sun_protection,0,0
16927,sun_protection,0,0
16928,sun_protection,0,0
16929,sun_protection,0,0
16930,sun_protection,1,10
16931,sun_protection,0,0
16932,sun_protection,0,6
16933,sun_protection,1,10
16934,sun_protection,0,2
16935,sun_protection,0,0
16936,sun_protection,0,0
16937,sun_protection,0,0
16938,sun_protection,0,1
16939,sun_protection,1,6
16940,sun_protection,1,10
16941,sun_protection,0,0
16942,sun_protection,1,8
16943,sun_protection,1,0
16945,sun_protection,0,0
16946,sun_protection,0,0
16947,sun_protection,1,10
16948,sun_protection,0,6
16949,sun_protection,0,0
16950,sun_protection,1,8
16951,sun_protection,0,0
16952,sun_protection,0,0
16953,sun_protection,0,0
16954,sun_protection,1,10
16955,sun_protection,0,0
16956,sun_protection,0,0
16957,sun_protection,0,0
16958,sun_protection,0,1
16959,sun_protection,1,6
16960,sun_protection,1,9
16961,sun_protection,1,10
16962,sun_protection,0,2
16964,sun_protection,1,8
16965,sun_protection,0,1
16966,sun_protection,0,0
16967,sun_protection,1,10
16968,sun_protection,1,0
16970,sun_protection,0,0
16971,sun_protection,0,0
16972,sun_protection,0,0
16973,sun_protection,0,0
16975,sun_protection,1,4
16976,sun_protection,1,7
16977,sun_protection,0,0
16978,sun_protection,0,0
16979,sun_protection,0,0
16980,sun_protection,0,5
16981,sun_protection,1,10
16982,sun_protection,0,1
16986,sun_protection,1,8
16987,sun_protection,0,0
16988,sun_protection,0,8
16989,sun_protection,0,1
16990,sun_protection,0,5
16993,sun_protection,0,0
16994,sun_protection,0,3
16995,sun_protection,1,10
16996,sun_protection,1,9
16998,sun_protection,0,0
16999,sun_protection,0,0
17000,sun_protection,0,9
17001,sun_protection,1,2
17002,sun_protection,1,10
17003,sun_protection,0,0
17004,sun_protection,0,0
17005,sun_protection,0,0
17006,sun_protection,0,0
17007,sun_protection,0,1
17008,sun_protection,0,1
17009,sun_protection,0,0
17010,sun_protection,0,0
17011,sun_protection,1,10
17012,sun_protection,0,0
17013,sun_protection,0,7
17014,sun_protection,0,0
17015,sun_protection,0,0
17016,sun_protection,0,2
17017,sun_protection,1,10
17018,sun_protection,0,0
17019,sun_protection,0,1
17020,sun_protection,0,0
17021,sun_protection,0,1
17023,sun_protection,1,9
17024,sun_protection,0,0
17025,sun_protection,0,7
17026,sun_protection,0,0
17029,sun_protection,1,9
17030,sun_protection,0,5
17032,sun_protection,0,0
17034,sun_protection,1,10
17035,sun_protection,0,0
17036,sun_protection,1,3
17037,sun_protection,1,10
17038,sun_protection,0,0
17039,sun_protection,0,0
17040,sun_protection,1,9
17041,sun_protection,0,7
17042,sun_protection,0,1
17043,sun_protection,1,8
17044,sun_protection,0,0
17045,sun_protection,0,0
17046,sun_protection,1,10
17047,sun_protection,0,0
17048,sun_protection,0,6
17049,sun_protection,0,0
17050,sun_protection,0,0
17053,sun_protection,1,7
17054,sun_protection,0,0
17055,sun_protection,0,1
17057,sun_protection,1,4
17058,sun_protection,0,0
17060,sun_protection,0,0
17061,sun_protection,0,0
17062,sun_protection,0,0
17063,sun_protection,0,2
17064,sun_protection,0,0
17065,sun_protection,1,0
17066,sun_protection,1,10
17067,sun_protection,0,1
17068,sun_protection,0,0
17069,sun_protection,0,0
17070,sun_protection,1,10
17072,sun_protection,1,9
17073,sun_protection,0,0
17074,sun_protection,1,7
17075,sun_protection,0,1
17076,sun_protection,1,10
17077,sun_protection,0,0
17078,sun_protection,0,0
17079,sun_protection,1,0
17081,sun_protection,0,0
17083,sun_protection,0,0
17084,sun_protection,0,0
17085,sun_protection,0,0
17087,sun_protection,0,0
17088,sun_protection,0,0
17089,sun_protection,0,0
17090,sun_protection,1,10
17091,sun_protection,0,1
17092,sun_protection,0,0
17093,sun_protection,1,8
17094,sun_protection,0,8
17095,sun_protection,0,1
17096,sun_protection,0,0
17097,sun_protection,1,8
17098,sun_protection,1,0
17099,sun_protection,0,10
17100,sun_protection,0,0
17101,sun_protection,0,8
17102,sun_protection,1,6
17103,sun_protection,0,0
17104,sun_protection,0,0
17105,sun_protection,0,2
17107,sun_protection,0,0
17110,sun_protection,1,10
17111,sun_protection,0,0
17112,sun_protection,1,10
17113,sun_protection,0,0
17114,sun_protection,1,7
17115,sun_protection,1,10
17116,sun_protection,0,0
17117,sun_protection,1,9
17118,sun_protection,1,7
17119,sun_protection,1,10
17120,sun_protection,0,1
17121,sun_protection,0,7
17123,sun_protection,0,0
17124,sun_protection,0,0
17125,sun_protection,0,0
17126,sun_protection,1,6
17127,sun_protection,0,0
17128,sun_protection,0,0
17129,sun_protection,0,0
17131,sun_protection,1,8
17132,sun_protection,1,10
17133,sun_protection,0,0
17134,sun_protection,1,1
17135,sun_protection,0,1
17136,sun_protection,0,8
17140,sun_protection,1,10
17141,sun_protection,0,0
17144,sun_protection,0,0
17145,sun_protection,0,0
17148,sun_protection,0,0
17315,sun_protection,0,0
17316,sun_protection,0,0
17317,sun_protection,1,10
17318,sun_protection,1,9
17319,sun_protection,1,10
17320,sun_protection,0,6
17321,sun_protection,0,0
17323,sun_protection,0,0
17324,sun_protection,0,0
17325,sun_protection,1,10
17326,sun_protection,0,0
17327,sun_protection,1,10
17328,sun_protection,0,1
17329,sun_protection,1,10
17330,sun_protection,0,0
17331,sun_protection,1,5
17332,sun_protection,1,2
17333,sun_protection,0,0
17334,sun_protection,1,5
17335,sun_protection,1,10
17336,sun_protection,1,1
17337,sun_protection,1,7
17338,sun_protection,0,1
17339,sun_protection,1,0
17340,sun_protection,1,10
17342,sun_protection,1,5
17343,sun_protection,0,0
17344,sun_protection,0,0
17345,sun_protection,0,6
17346,sun_protection,0,0
17347,sun_protection,1,9
17348,sun_protection,0,9
17349,sun_protection,1,10
17350,sun_protection,0,0
17351,sun_protection,0,0
17352,sun_protection,0,0
17353,sun_protection,1,0
17354,sun_protection,0,3
17355,sun_protection,0,1
17356,sun_protection,0,0
17357,sun_protection,0,0
17358,sun_protection,0,2
17359,sun_protection,1,3
17360,sun_protection,1,10
17361,sun_protection,1,5
17362,sun_protection,0,0
17363,sun_protection,0,0
17364,sun_protection,0,0
17365,sun_protection,1,10
17366,sun_protection,0,0
17367,sun_protection,0,0
17368,sun_protection,1,8
17369,sun_protection,0,0
17370,sun_protection,0,0
17372,sun_protection,1,10
17373,sun_protection,0,0
17374,sun_protection,1,7
17375,sun_protection,0,1
17376,sun_protection,0,0
17377,sun_protection,0,0
17378,sun_protection,0,0
17379,sun_protection,0,0
17380,sun_protection,0,1
17381,sun_protection,0,8
17382,sun_protection,0,5
17383,sun_protection,0,0
17384,sun_protection,0,1
17385,sun_protection,0,0
17386,sun_protection,0,0
17387,sun_protection,0,0
17388,sun_protection,1,9
17389,sun_protection,0,0
17390,sun_protection,1,10
17391,sun_protection,0,0
17392,sun_protection,0,1
17393,sun_protection,0,0
17394,sun_protection,0,1
17395,sun_protection,1,0
17396,sun_protection,0,1
17397,sun_protection,0,1
17398,sun_protection,0,0
17399,sun_protection,0,0
17400,sun_protection,0,0
17401,sun_protection,0,0
17402,sun_protection,0,0
17403,sun_protection,0,0
17404,sun_protection,0,1
17405,sun_protection,0,1
17406,sun_protection,0,0
17407,sun_protection,0,6
17409,sun_protection,1,6
17410,sun_protection,1,7
17411,sun_protection,0,1
17412,sun_protection,0,0
17413,sun_protection,0,1
17414,sun_protection,0,1
17415,sun_protection,0,2
17416,sun_protection,0,0
17417,sun_protection,1,7
17418,sun_protection,1,0
17419,sun_protection,0,0
17420,sun_protection,0,2
17421,sun_protection,0,0
17422,sun_protection,0,0
17423,sun_protection,0,1
17424,sun_protection,0,0
17425,sun_protection,1,10
17426,sun_protection,0,0
17427,sun_protection,0,0
17428,sun_protection,0,0
17429,sun_protection,0,1
17430,sun_protection,0,0
17431,sun_protection,0,0
17432,sun_protection,0,0
17433,sun_protection,0,1
17434,sun_protection,1,10
17435,sun_protection,0,0
17436,sun_protection,0,1
17437,sun_protection,1,7
17438,sun_protection,1,10
17675,sun_protection,0,0
17676,sun_protection,1,7
17677,sun_protection,0,3
17678,sun_protection,0,6
17679,sun_protection,0,0
17680,sun_protection,0,0
17681,sun_protection,0,1
17682,sun_protection,0,0
17683,sun_protection,0,0
17684,sun_protection,0,2
17685,sun_protection,0,0
17686,sun_protection,0,0
17687,sun_protection,0,0
17688,sun_protection,0,3
17689,sun_protection,1,10
17690,sun_protection,0,0
17691,sun_protection,1,10
17692,sun_protection,1,10
17693,sun_protection,0,0
17694,sun_protection,0,0
17695,sun_protection,1,10
17696,sun_protection,0,0
17697,sun_protection,1,9
17698,sun_protection,0,0
17699,sun_protection,0,0
17700,sun_protection,1,6
17701,sun_protection,1,10
17702,sun_protection,1,8
17703,sun_protection,0,0
17704,sun_protection,1,6
17705,sun_protection,0,0
17706,sun_protection,0,0
17707,sun_protection,1,9
17708,sun_protection,0,2
17709,sun_protection,0,4
17710,sun_protection,1,7
17711,sun_protection,0,1
17712,sun_protection,1,8
17713,sun_protection,1,10
17714,sun_protection,1,9
17715,sun_protection,0,0
17716,sun_protection,1,10
17717,sun_protection,0,0
17718,sun_protection,1,7
17719,sun_protection,1,8
17720,sun_protection,0,0
17721,sun_protection,0,0
17722,sun_protection,0,0
17723,sun_protection,0,0
17724,sun_protection,0,0
17725,sun_protection,0,0
17726,sun_protection,1,8
17727,sun_protection,0,0
17728,sun_protection,0,8
17730,sun_protection,0,0
17731,sun_protection,0,0
17732,sun_protection,0,0
17733,sun_protection,0,0
17734,sun_protection,0,0
17736,sun_protection,1,7
17737,sun_protection,0,0
17738,sun_protection,0,1
17739,sun_protection,0,0
17740,sun_protection,1,10
17741,sun_protection,0,0
17742,sun_protection,1,0
17743,sun_protection,0,8
17744,sun_protection,0,0
17745,sun_protection,1,10
17746,sun_protection,1,10
17747,sun_protection,0,0
17748,sun_protection,0,0
17749,sun_protection,1,10
17750,sun_protection,1,8
17751,sun_protection,1,7
17752,sun_protection,0,0
17753,sun_protection,1,8
17754,sun_protection,1,8
17755,sun_protection,1,9
17756,sun_protection,1,10
17757,sun_protection,0,0
17758,sun_protection,0,0
17759,sun_protection,0,1
17760,sun_protection,1,9
17761,sun_protection,0,2
17762,sun_protection,1,7
17763,sun_protection,0,0
17764,sun_protection,1,10
17765,sun_protection,1,8
17767,sun_protection,0,0
17768,sun_protection,1,7
17769,sun_protection,0,0
17770,sun_protection,1,9
17771,sun_protection,1,0
17773,sun_protection,0,0
17774,sun_protection,1,10
17775,sun_protection,0,1
17776,sun_protection,0,0
17778,sun_protection,1,10
17779,sun_protection,0,1
17781,sun_protection,0,2
17782,sun_protection,0,0
17783,sun_protection,0,0
17784,sun_protection,0,0
17785,sun_protection,0,0
17786,sun_protection,0,0
17787,sun_protection,0,1
17788,sun_protection,0,0
17789,sun_protection,0,0
17790,sun_protection,0,3
17792,sun_protection,0,0
17793,sun_protection,0,0
17794,sun_protection,0,7
17795,sun_protection,0,1
17796,sun_protection,0,1
17797,sun_protection,0,0
17798,sun_protection,0,0
17799,sun_protection,0,0
17800,sun_protection,0,0
17801,sun_protection,0,0
17802,sun_protection,0,1
17803,sun_protection,0,0
17804,sun_protection,1,0
17805,sun_protection,0,0
17806,sun_protection,0,0
17807,sun_protection,0,0
17808,sun_protection,0,0
17809,sun_protection,0,0
17810,sun_protection,0,0
17811,sun_protection,0,0
17812,sun_protection,0,0
17813,sun_protection,0,0
17814,sun_protection,0,3
17815,sun_protection,0,2
17816,sun_protection,0,0
17817,sun_protection,0,0
17818,sun_protection,0,6
17819,sun_protection,0,0
17820,sun_protection,0,0
17822,sun_protection,0,1
17823,sun_protection,0,0
17824,sun_protection,0,0
17826,sun_protection,0,1
17827,sun_protection,0,0
17828,sun_protection,0,0
17829,sun_protection,0,0
17830,sun_protection,0,1
17831,sun_protection,0,0
17832,sun_protection,0,1
18051,sun_protection,0,0
18054,sun_protection,0,0
18056,sun_protection,0,0
18057,sun_protection,0,0
18058,sun_protection,0,0
18059,sun_protection,0,3
18060,sun_protection,0,0
18061,sun_protection,0,2
18062,sun_protection,0,0
18064,sun_protection,0,0
18065,sun_protection,0,0
18066,sun_protection,0,0
18067,sun_protection,0,0
18068,sun_protection,0,1
18069,sun_protection,0,0
18070,sun_protection,0,0
18072,sun_protection,0,0
18073,sun_protection,0,0
18074,sun_protection,0,0
18075,sun_protection,0,0
18076,sun_protection,0,0
18077,sun_protection,0,0
18078,sun_protection,0,0
18079,sun_protection,0,1
18080,sun_protection,0,0
18081,sun_protection,0,0
18082,sun_protection,0,0
18083,sun_protection,0,0
18084,sun_protection,0,0
18085,sun_protection,0,0
18086,sun_protection,0,0
18087,sun_protection,0,0
18088,sun_protection,0,0
18090,sun_protection,0,0
18091,sun_protection,0,0
18092,sun_protection,0,0
18093,sun_protection,0,0
18094,sun_protection,0,0
18096,sun_protection,0,0
18097,sun_protection,0,0
18098,sun_protection,0,0
18099,sun_protection,0,0
18100,sun_protection,0,0
18102,sun_protection,0,0
18103,sun_protection,0,0
18104,sun_protection,0,4
18105,sun_protection,0,0
18106,sun_protection,0,0
18107,sun_protection,0,0
18108,sun_protection,0,0
18109,sun_protection,0,0
18110,sun_protection,0,0
18111,sun_protection,0,0
18112,sun_protection,0,0
18113,sun_protection,0,0
18114,sun_protection,0,0
18115,sun_protection,0,0
18116,sun_protection,1,10
18117,sun_protection,0,0
18118,sun_protection,0,0
18119,sun_protection,0,0
18120,sun_protection,0,3
18121,sun_protection,0,1
18122,sun_protection,0,0
18123,sun_protection,0,0
18124,sun_protection,0,0
18125,sun_protection,0,0
18126,sun_protection,0,1
18127,sun_protection,0,0
18128,sun_protection,0,0
18129,sun_protection,0,2
18131,sun_protection,0,0
18132,sun_protection,0,0
18133,sun_protection,0,0
18135,sun_protection,0,0
18136,sun_protection,0,0
18137,sun_protection,0,0
18138,sun_protection,0,0
18139,sun_protection,0,0
18140,sun_protection,0,1
18142,sun_protection,0,0
18143,sun_protection,0,1
18144,sun_protection,0,0
18145,sun_protection,0,1
18146,sun_protection,0,1
18147,sun_protection,0,0
18148,sun_protection,0,0
18149,sun_protection,0,0
18150,sun_protection,0,0
18151,sun_protection,0,0
18152,sun_protection,0,1
18153,sun_protection,0,0
18154,sun_protection,0,0
18155,sun_protection,0,0
18156,sun_protection,0,0
18157,sun_protection,0,0
18158,sun_protection,0,0
18160,sun_protection,0,0
18161,sun_protection,0,0
18163,sun_protection,0,0
18164,sun_protection,0,0
18165,sun_protection,0,0
18166,sun_protection,0,1
18167,sun_protection,0,0
18168,sun_protection,0,0
18169,sun_protection,0,0
18170,sun_protection,0,0
18171,sun_protection,0,1
18172,sun_protection,0,0
18173,sun_protection,0,0
18174,sun_protection,0,5
18175,sun_protection,0,0
18176,sun_protection,0,2
18177,sun_protection,0,0
18179,sun_protection,0,1
18488,sun_protection,1,7
18489,sun_protection,0,8
18490,sun_protection,1,10
18491,sun_protection,0,2
18492,sun_protection,0,1
18494,sun_protection,1,10
18495,sun_protection,0,0
18496,sun_protection,0,0
18497,sun_protection,0,0
18498,sun_protection,1,10
18499,sun_protection,0,0
18500,sun_protection,0,1
18501,sun_protection,1,10
18502,sun_protection,1,9
18503,sun_protection,0,4
18504,sun_protection,0,0
18505,sun_protection,0,0
18506,sun_protection,0,0
18507,sun_protection,1,6
18509,sun_protection,1,9
18510,sun_protection,0,0
18511,sun_protection,1,8
18512,sun_protection,0,0
18513,sun_protection,0,1
18514,sun_protection,1,6
18515,sun_protection,1,9
18516,sun_protection,1,10
18517,sun_protection,0,0
18518,sun_protection,1,9
18519,sun_protection,1,3
18520,sun_protection,1,10
18521,sun_protection,1,7
18523,sun_protection,1,10
18524,sun_protection,1,5
18525,sun_protection,1,6
18526,sun_protection,1,10
18527,sun_protection,0,0
18528,sun_protection,1,9
18529,sun_protection,1,10
18530,sun_protection,0,5
18531,sun_protection,1,10
18532,sun_protection,0,0
18533,sun_protection,0,1
18535,sun_protection,1,7
18536,sun_protection,1,7
18537,sun_protection,0,0
18539,sun_protection,0,0
18540,sun_protection,0,1
18541,sun_protection,0,0
18543,sun_protection,1,6
18544,sun_protection,1,10
18546,sun_protection,1,1
18547,sun_protection,0,0
18548,sun_protection,0,0
18549,sun_protection,1,8
18550,sun_protection,0,0
18552,sun_protection,0,0
18553,sun_protection,0,1
18554,sun_protection,1,8
18555,sun_protection,0,0
18556,sun_protection,1,10
18557,sun_protection,1,4
18558,sun_protection,0,8
18559,sun_protection,0,0
18560,sun_protection,0,0
18561,sun_protection,1,7
18562,sun_protection,1,10
18563,sun_protection,0,0
18565,sun_protection,0,8
18566,sun_protection,1,7
18567,sun_protection,1,10
18568,sun_protection,1,1
18569,sun_protection,0,0
18570,sun_protection,0,6
18571,sun_protection,0,0
18572,sun_protection,0,0
18573,sun_protection,1,1
18574,sun_protection,1,10
18575,sun_protection,1,10
18576,sun_protection,0,0
18577,sun_protection,1,10
18578,sun_protection,1,10
18580,sun_protection,1,10
18582,sun_protection,1,10
18583,sun_protection,0,0
18584,sun_protection,0,0
18585,sun_protection,1,10
18586,sun_protection,0,0
18587,sun_protection,0,0
18588,sun_protection,0,9
18589,sun_protection,0,0
18590,sun_protection,0,0
18591,sun_protection,1,10
18592,sun_protection,1,10
18593,sun_protection,0,0
18594,sun_protection,1,10
18595,sun_protection,1,8
18596,sun_protection,0,0
18597,sun_protection,0,0
18622,face_wash,0,0
18623,face_wash,0,0
18624,face_wash,0,0
18625,face_wash,0,0
18626,face_wash,0,0
18627,face_wash,0,0
18628,face_wash,0,1
18629,face_wash,0,0
18630,face_wash,0,0
18631,face_wash,0,3
18950,face_wash,1,9
18951,face_wash,0,0
18953,face_wash,0,1
18954,face_wash,0,0
18955,face_wash,0,8
18956,face_wash,0,3
18957,face_wash,0,1
18958,face_wash,1,10
18959,face_wash,0,0
19576,face_wash,0,0
19577,face_wash,0,0
19578,face_wash,0,0
19579,face_wash,0,0
19580,face_wash,0,1
19582,face_wash,0,0
19584,face_wash,0,0
19916,face_wash,0,0
19918,face_wash,0,0
19920,face_wash,0,0
19921,face_wash,0,0
19922,face_wash,0,0
19923,face_wash,0,0
19924,face_wash,0,0
19925,face_wash,0,0
20230,face_wash,0,1
20231,face_wash,0,0
20232,face_wash,0,0
20233,face_wash,0,0
20234,face_wash,0,0
20235,face_wash,0,1
20236,face_wash,0,2
20237,face_wash,0,0
20238,face_wash,0,0
20239,face_wash,0,0
20567,face_wash,0,0
20568,face_wash,0,0
20569,face_wash,0,0
20570,face_wash,0,0
20571,face_wash,0,0
20572,face_wash,0,0
20573,face_wash,0,0
20575,face_wash,0,0
20576,face_wash,0,0
20577,face_wash,0,0
20578,face_wash,0,0
20579,face_wash,0,1
20580,face_wash,0,1
20581,face_wash,0,0
20582,face_wash,0,0
20583,face_wash,0,0
20584,face_wash,0,0
20585,face_wash,0,0
20586,face_wash,0,0
20921,face_wash,0,1
20922,face_wash,0,0
20923,face_wash,0,0
20924,face_wash,0,1
20925,face_wash,0,0
20926,face_wash,0,0
20927,face_wash,0,1
20928,face_wash,0,3
20929,face_wash,0,0
20931,face_wash,0,0
20932,face_wash,0,0
20933,face_wash,0,0
20934,face_wash,0,0
20935,face_wash,0,0
20936,face_wash,0,0
20937,face_wash,0,0
20938,face_wash,0,0
20939,face_wash,0,1
20940,face_wash,0,0
21222,face_wash,0,0
21224,face_wash,0,0
21225,face_wash,0,0
21226,face_wash,0,0
21227,face_wash,0,0
21230,face_wash,0,0
21231,face_wash,0,3
21542,face_wash,0,0
21543,face_wash,0,0
21544,face_wash,0,0
21545,face_wash,0,1
21546,face_wash,0,0
21547,face_wash,0,0
21548,face_wash,0,0
21549,face_wash,0,0
21550,face_wash,0,0
21551,face_wash,0,2
21553,face_wash,0,0
21554,face_wash,0,1
21555,face_wash,0,0
21556,face_wash,0,0
21557,face_wash,0,0
21558,face_wash,0,0
21559,face_wash,0,0
21560,face_wash,0,0
21561,face_wash,0,0
21562,face_wash,0,0
21564,face_wash,0,0
21565,face_wash,0,0
21566,face_wash,0,0
21567,face_wash,0,0
21568,face_wash,0,0
21569,face_wash,0,0
21570,face_wash,0,0
21571,face_wash,0,1
21572,face_wash,0,1
21573,face_wash,0,0
21574,face_wash,0,0
21575,face_wash,0,0
21576,face_wash,0,0
21577,face_wash,0,1
21579,face_wash,0,0
21580,face_wash,0,0
21581,face_wash,0,0
21914,face_wash,0,0
21915,face_wash,0,1
21916,face_wash,0,1
21917,face_wash,0,0
21918,face_wash,0,0
21919,face_wash,0,0
21920,face_wash,0,0
21922,face_wash,0,0
21924,face_wash,0,0
21925,face_wash,0,0
21926,face_wash,0,0
21927,face_wash,0,0
21928,face_wash,0,0
21929,face_wash,0,1
21931,face_wash,0,0
21932,face_wash,0,0
21933,face_wash,0,0
21934,face_wash,0,0
21936,face_wash,0,0
21937,face_wash,0,1
21939,face_wash,0,0
21940,face_wash,0,1
21941,face_wash,0,1
21942,face_wash,0,0
21943,face_wash,0,0
21944,face_wash,1,7
21945,face_wash,0,0
21946,face_wash,0,0
21947,face_wash,0,0
21948,face_wash,0,1
21950,face_wash,0,0
21951,face_wash,0,0
21952,face_wash,0,1
21953,face_wash,0,1
21954,face_wash,1,9
21955,face_wash,0,0
21956,face_wash,0,0
21957,face_wash,0,0
21958,face_wash,0,0
21959,face_wash,0,0
21960,face_wash,0,0
22270,face_wash,0,0
22271,face_wash,0,1
22272,face_wash,0,0
22273,face_wash,0,0
22274,face_wash,0,2
22275,face_wash,0,1
22277,face_wash,0,0
22278,face_wash,0,0
22280,face_wash,0,0
22281,face_wash,0,0
22282,face_wash,1,9
22283,face_wash,0,0
22284,face_wash,0,0
22285,face_wash,0,0
22286,face_wash,0,1
22287,face_wash,0,0
22288,face_wash,0,0
22289,face_wash,0,0
22290,face_wash,1,8
22291,face_wash,0,0
22292,face_wash,0,1
22293,face_wash,0,0
22294,face_wash,0,0
22295,face_wash,0,0
22296,face_wash,1,10
22297,face_wash,0,0
22298,face_wash,0,1
22299,face_wash,0,0
22300,face_wash,0,0
22301,face_wash,0,0
22302,face_wash,0,0
22303,face_wash,0,0
22304,face_wash,0,0
22305,face_wash,0,0
22306,face_wash,0,0
22307,face_wash,0,2
22308,face_wash,0,7
22309,face_wash,0,0
22310,face_wash,0,0
22311,face_wash,0,0
22312,face_wash,0,0
22313,face_wash,0,0
22314,face_wash,0,0
22315,face_wash,0,1
22316,face_wash,0,1
22317,face_wash,0,1
22318,face_wash,0,0
22319,face_wash,0,0
22320,face_wash,0,0
22321,face_wash,0,0
22324,face_wash,1,0
22325,face_wash,0,0
22326,face_wash,0,0
22327,face_wash,0,0
22328,face_wash,0,0
22329,face_wash,0,0
22330,face_wash,0,0
22331,face_wash,0,0
22332,face_wash,0,0
22333,face_wash,0,0
22334,face_wash,0,0
22335,face_wash,0,1
22336,face_wash,0,0
22337,face_wash,0,0
22338,face_wash,0,5
22339,face_wash,0,0
22340,face_wash,0,0
22341,face_wash,0,1
22342,face_wash,0,0
22343,face_wash,0,0
22344,face_wash,0,0
22345,face_wash,0,0
22347,face_wash,0,1
22348,face_wash,0,0
22349,face_wash,0,0
22350,face_wash,0,0
22351,face_wash,0,1
22666,face_wash,0,0
22667,face_wash,0,0
22668,face_wash,0,0
22669,face_wash,0,0
22670,face_wash,0,0
22671,face_wash,0,0
22672,face_wash,0,0
22673,face_wash,0,0
22674,face_wash,0,0
22675,face_wash,0,0
22676,face_wash,1,5
22677,face_wash,0,0
22678,face_wash,0,0
22679,face_wash,0,0
22680,face_wash,0,0
22681,face_wash,0,0
22682,face_wash,0,1
22684,face_wash,0,1
22685,face_wash,0,4
22687,face_wash,0,0
22688,face_wash,0,0
22689,face_wash,0,0
22690,face_wash,0,1
22691,face_wash,0,0
22692,face_wash,0,0
22693,face_wash,0,0
22694,face_wash,0,0
22695,face_wash,0,0
22696,face_wash,0,1
22697,face_wash,0,1
22699,face_wash,0,0
22700,face_wash,0,0
22701,face_wash,0,0
22702,face_wash,0,0
22703,face_wash,0,1
22705,face_wash,0,0
22706,face_wash,0,0
22707,face_wash,0,1
22708,face_wash,0,0
22709,face_wash,0,1
22710,face_wash,0,0
22711,face_wash,0,0
22712,face_wash,1,10
22713,face_wash,0,1
22714,face_wash,1,8
22716,face_wash,0,0
22717,face_wash,0,0
22718,face_wash,0,0
22719,face_wash,0,0
22720,face_wash,0,0
22721,face_wash,0,0
22722,face_wash,0,0
22723,face_wash,0,0
22724,face_wash,0,0
22725,face_wash,0,0
22726,face_wash,0,0
22728,face_wash,0,0
22729,face_wash,0,0
22730,face_wash,1,10
22731,face_wash,0,0
22732,face_wash,0,0
22733,face_wash,0,1
22734,face_wash,0,2
22735,face_wash,0,0
22736,face_wash,0,0
22737,face_wash,0,0
22738,face_wash,0,1
22739,face_wash,0,0
22740,face_wash,0,0
22742,face_wash,1,10
22743,face_wash,0,0
22744,face_wash,0,0
22745,face_wash,0,0
22746,face_wash,1,10
22748,face_wash,0,0
22749,face_wash,0,0
22750,face_wash,0,0
22751,face_wash,0,0
22752,face_wash,0,0
22753,face_wash,0,0
22754,face_wash,0,1
22755,face_wash,0,0
22756,face_wash,0,0
22757,face_wash,0,0
22758,face_wash,0,0
22759,face_wash,1,10
22760,face_wash,1,10
22761,face_wash,0,0
22762,face_wash,0,0
22763,face_wash,0,1
22765,face_wash,0,0
22766,face_wash,0,0
22767,face_wash,0,0
22768,face_wash,0,0
22769,face_wash,0,1
22770,face_wash,0,0
22771,face_wash,0,1
22772,face_wash,0,0
22773,face_wash,0,0
22774,face_wash,0,0
22775,face_wash,0,0
22776,face_wash,0,0
22777,face_wash,0,0
22778,face_wash,0,0
22779,face_wash,0,0
22780,face_wash,0,1
22781,face_wash,0,0
22783,face_wash,0,0
22784,face_wash,0,0
22785,face_wash,0,1
22786,face_wash,0,0
22787,face_wash,0,0
22980,face_wash,1,10
22981,face_wash,1,1
22982,face_wash,0,0
22983,face_wash,1,10
22984,face_wash,0,2
22985,face_wash,1,10
22986,face_wash,1,10
22987,face_wash,0,1
22988,face_wash,0,3
22989,face_wash,0,0
22990,face_wash,0,0
22991,face_wash,1,0
22992,face_wash,0,0
22993,face_wash,0,0
22994,face_wash,0,2
22995,face_wash,0,0
22996,face_wash,1,10
22997,face_wash,1,10
22998,face_wash,0,9
22999,face_wash,0,0
23000,face_wash,0,2
23002,face_wash,0,0
23003,face_wash,1,10
23004,face_wash,0,0
23005,face_wash,0,0
23006,face_wash,0,0
23007,face_wash,0,0
23008,face_wash,0,0
23009,face_wash,0,0
23010,face_wash,0,1
23011,face_wash,0,1
23012,face_wash,0,0
23013,face_wash,0,0
23014,face_wash,0,0
23015,face_wash,0,0
23016,face_wash,0,0
23017,face_wash,0,0
23018,face_wash,0,0
23019,face_wash,0,0
23020,face_wash,0,0
23021,face_wash,0,0
23022,face_wash,0,0
23023,face_wash,0,1
23024,face_wash,0,0
23025,face_wash,0,1
23026,face_wash,0,0
23027,face_wash,0,0
23028,face_wash,0,0
23029,face_wash,0,0
23030,face_wash,0,0
23031,face_wash,0,0
23032,face_wash,0,0
23033,face_wash,0,0
23034,face_wash,0,0
23035,face_wash,0,1
23036,face_wash,0,1
23037,face_wash,0,0
23038,face_wash,0,0
23039,face_wash,0,0
23040,face_wash,0,0
23041,face_wash,0,1
23042,face_wash,0,0
23043,face_wash,0,1
23044,face_wash,0,0
23045,face_wash,0,0
23346,face_wash,0,0
23347,face_wash,0,0
23348,face_wash,0,0
23349,face_wash,0,0
23350,face_wash,0,0
23351,face_wash,0,1
23352,face_wash,0,0
23353,face_wash,0,0
23354,face_wash,0,0
23355,face_wash,0,0
23356,face_wash,0,0
23357,face_wash,0,0
23358,face_wash,0,0
23359,face_wash,0,1
23360,face_wash,0,0
23361,face_wash,0,0
23362,face_wash,0,0
23366,face_wash,0,1
23367,face_wash,0,0
23368,face_wash,0,0
23369,face_wash,0,0
23370,face_wash,0,0
23371,face_wash,0,0
23372,face_wash,0,0
23373,face_wash,0,1
23374,face_wash,0,1
23375,face_wash,0,0
23376,face_wash,0,0
23378,face_wash,0,0
23379,face_wash,0,0
23380,face_wash,0,0
23381,face_wash,0,0
23382,face_wash,0,0
23383,face_wash,0,0
23384,face_wash,0,0
23385,face_wash,0,0
23386,face_wash,0,1
23387,face_wash,0,2
23388,face_wash,0,0
23389,face_wash,0,0
23390,face_wash,0,0
23392,face_wash,0,0
23393,face_wash,0,0
23394,face_wash,0,0
23395,face_wash,0,0
23396,face_wash,0,0
23397,face_wash,0,0
23398,face_wash,0,0
23399,face_wash,0,0
23401,face_wash,0,0
23402,face_wash,0,0
23403,face_wash,0,0
23404,face_wash,0,0
23406,face_wash,0,0
23408,face_wash,0,0
23409,face_wash,0,0
23410,face_wash,0,0
23411,face_wash,0,1
23412,face_wash,0,0
23413,face_wash,0,0
23414,face_wash,0,0
23415,face_wash,0,0
23416,face_wash,0,1
23417,face_wash,0,0
23419,face_wash,0,0
23420,face_wash,0,0
23421,face_wash,0,0
23422,face_wash,0,0
23423,face_wash,0,0
23424,face_wash,0,1
23426,face_wash,0,0
23757,cleansing,0,0
23759,cleansing,0,0
23760,cleansing,0,0
23761,cleansing,1,9
23762,cleansing,0,0
23763,cleansing,0,0
23764,cleansing,0,0
23765,cleansing,0,0
24069,cleansing,0,0
24070,cleansing,0,0
24072,cleansing,0,0
24073,cleansing,0,0
24075,cleansing,0,0
24076,cleansing,0,0
24077,cleansing,0,0
24078,cleansing,0,0
24405,cleansing,0,0
24406,cleansing,0,0
24407,cleansing,0,0
24408,cleansing,0,0
24409,cleansing,0,0
24411,cleansing,0,0
24412,cleansing,0,0
24413,cleansing,0,0
24414,cleansing,0,0
25024,cleansing,0,0
25025,cleansing,0,0
25026,cleansing,0,0
25028,cleansing,0,0
25029,cleansing,0,0
25030,cleansing,0,0
25031,cleansing,0,1
25032,cleansing,0,1
25033,cleansing,0,0
25347,cleansing,0,0
25348,cleansing,0,1
25349,cleansing,0,0
25350,cleansing,0,1
25351,cleansing,0,1
25352,cleansing,0,0
25353,cleansing,0,0
25354,cleansing,0,0
25355,cleansing,0,1
25357,cleansing,0,0
25358,cleansing,0,0
25359,cleansing,0,1
25360,cleansing,0,0
25362,cleansing,0,0
25363,cleansing,0,0
25365,cleansing,0,1
25366,cleansing,0,0
25682,cleansing,0,1
25683,cleansing,0,0
25684,cleansing,0,0
25685,cleansing,0,0
25686,cleansing,0,0
25687,cleansing,0,0
25688,cleansing,0,0
25690,cleansing,0,0
25691,cleansing,0,0
26001,cleansing,0,0
26003,cleansing,0,0
26004,cleansing,0,0
26005,cleansing,0,0
26006,cleansing,0,0
26007,cleansing,0,0
26009,cleansing,0,0
26010,cleansing,0,0
26011,cleansing,0,1
26013,cleansing,0,0
26015,cleansing,0,1
26016,cleansing,0,0
26018,cleansing,0,0
26019,cleansing,0,0
26020,cleansing,0,0
26332,cleansing,0,0
26333,cleansing,0,0
26334,cleansing,0,9
26335,cleansing,0,0
26336,cleansing,1,10
26337,cleansing,1,10
26338,cleansing,1,9
26339,cleansing,1,10
26340,cleansing,0,0
26342,cleansing,1,10
26343,cleansing,0,9
26344,cleansing,1,2
26345,cleansing,0,0
26346,cleansing,0,0
26347,cleansing,1,10
26348,cleansing,0,0
26349,cleansing,0,0
26350,cleansing,0,0
26351,cleansing,0,0
26352,cleansing,0,0
26353,cleansing,1,10
26354,cleansing,0,0
26356,cleansing,1,3
26357,cleansing,0,9
26358,cleansing,0,6
26359,cleansing,1,0
26360,cleansing,0,0
26361,cleansing,0,5
26362,cleansing,1,9
26363,cleansing,0,0
26364,cleansing,0,0
26365,cleansing,0,3
26366,cleansing,0,0
26367,cleansing,0,0
26368,cleansing,0,0
26370,cleansing,1,10
26371,cleansing,1,10
26372,cleansing,0,0
26373,cleansing,0,0
26374,cleansing,0,0
26375,cleansing,0,0
26376,cleansing,0,1
26379,cleansing,0,0
26380,cleansing,1,10
26381,cleansing,0,0
26382,cleansing,0,1
26383,cleansing,0,0
26384,cleansing,0,0
26386,cleansing,0,1
26387,cleansing,1,10
26388,cleansing,1,9
26389,cleansing,0,0
26390,cleansing,1,10
26391,cleansing,0,0
26650,cleansing,0,0
26651,cleansing,0,0
26653,cleansing,0,0
26654,cleansing,0,2
26655,cleansing,0,0
26656,cleansing,0,0
26657,cleansing,0,0
26658,cleansing,0,0
26659,cleansing,0,0
26660,cleansing,0,0
26661,cleansing,0,0
26662,cleansing,0,0
26663,cleansing,0,0
26664,cleansing,0,0
26665,cleansing,0,2
26666,cleansing,0,0
26667,cleansing,0,0
26668,cleansing,0,1
26669,cleansing,1,0
26670,cleansing,0,0
26671,cleansing,0,0
26672,cleansing,0,0
26673,cleansing,0,0
26674,cleansing,0,0
26675,cleansing,0,0
26676,cleansing,0,4
26677,cleansing,0,1
26678,cleansing,0,0
26680,cleansing,0,0
26681,cleansing,0,0
26682,cleansing,0,1
26683,cleansing,0,0
26684,cleansing,0,0
26685,cleansing,0,0
26686,cleansing,0,0
26687,cleansing,0,0
26688,cleansing,0,0
26689,cleansing,0,0
26690,cleansing,0,0
26691,cleansing,0,0
26692,cleansing,0,0
26693,cleansing,0,0
26694,cleansing,0,0
26696,cleansing,0,0
26697,cleansing,0,0
26698,cleansing,0,0
26699,cleansing,0,0
26700,cleansing,0,0
27054,cleansing,0,0
27055,cleansing,1,10
27056,cleansing,0,0
27057,cleansing,0,1
27058,cleansing,0,0
27059,cleansing,0,0
27060,cleansing,0,0
27061,cleansing,0,0
27062,cleansing,0,0
27063,cleansing,0,0
27064,cleansing,0,0
27065,cleansing,0,1
27066,cleansing,0,0
27067,cleansing,0,0
27068,cleansing,1,10
27069,cleansing,0,0
27070,cleansing,0,10
27071,cleansing,0,0
27072,cleansing,0,0
27073,cleansing,1,10
27074,cleansing,1,7
27075,cleansing,0,0
27076,cleansing,1,10
27077,cleansing,0,0
27078,cleansing,0,0
27079,cleansing,0,0
27080,cleansing,0,0
27081,cleansing,0,0
27082,cleansing,0,0
27083,cleansing,0,0
27084,cleansing,0,0
27085,cleansing,1,10
27086,cleansing,1,10
27087,cleansing,0,0
27088,cleansing,1,10
27089,cleansing,0,0
27090,cleansing,0,0
27091,cleansing,0,0
27092,cleansing,0,0
27093,cleansing,0,0
27094,cleansing,0,2
27095,cleansing,0,0
27096,cleansing,0,2
27097,cleansing,0,1
27098,cleansing,1,10
27099,cleansing,0,0
27100,cleansing,0,0
27101,cleansing,0,1
27102,cleansing,0,0
27103,cleansing,1,10
27104,cleansing,0,0
27106,cleansing,1,9
27107,cleansing,0,0
27108,cleansing,0,1
27109,cleansing,0,1
27110,cleansing,0,1
27111,cleansing,1,10
27112,cleansing,0,0
27604,cleansing,0,0
27605,cleansing,0,0
27606,cleansing,0,0
27608,cleansing,0,0
27611,cleansing,0,0
27612,cleansing,0,0
27613,cleansing,0,0
27615,cleansing,0,2
27616,cleansing,0,0
27618,cleansing,0,0
27619,cleansing,0,0
27620,cleansing,0,0
27621,cleansing,0,1
27622,cleansing,0,0
27623,cleansing,0,0
27624,cleansing,0,0
27625,cleansing,0,0
27626,cleansing,0,0
27627,cleansing,0,0
27628,cleansing,0,0
27629,cleansing,1,4
27630,cleansing,0,0
27631,cleansing,0,1
27632,cleansing,0,0
27633,cleansing,0,0
27634,cleansing,0,0
27635,cleansing,0,0
27636,cleansing,0,0
27637,cleansing,0,2
27638,cleansing,0,0
27639,cleansing,0,0
27640,cleansing,0,0
27641,cleansing,0,0
27642,cleansing,0,0
27643,cleansing,0,0
27644,cleansing,0,0
27645,cleansing,0,1
27646,cleansing,0,0
27647,cleansing,0,0
27649,cleansing,0,0
27650,cleansing,0,8
27652,cleansing,0,0
27653,cleansing,0,9
27654,cleansing,0,0
28339,toner_lotion,0,0
28341,toner_lotion,0,2
28342,toner_lotion,1,10
28343,toner_lotion,0,0
28344,toner_lotion,0,0
28345,toner_lotion,0,0
28346,toner_lotion,0,0
28347,toner_lotion,0,0
28348,toner_lotion,0,0
28666,toner_lotion,0,0
28667,toner_lotion,0,0
28668,toner_lotion,0,0
28669,toner_lotion,0,1
28670,toner_lotion,0,0
28671,toner_lotion,0,0
28672,toner_lotion,0,0
28673,toner_lotion,0,0
28674,toner_lotion,0,0
28675,toner_lotion,0,0
28981,toner_lotion,0,0
28983,toner_lotion,0,0
28985,toner_lotion,0,0
28986,toner_lotion,0,0
28987,toner_lotion,0,0
28988,toner_lotion,0,0
28989,toner_lotion,0,0
28990,toner_lotion,0,0
29317,toner_lotion,0,1
29318,toner_lotion,1,8
29319,toner_lotion,0,1
29320,toner_lotion,0,3
29321,toner_lotion,0,0
29322,toner_lotion,0,9
29323,toner_lotion,0,0
29324,toner_lotion,0,0
29325,toner_lotion,0,0
29326,toner_lotion,0,0
29328,toner_lotion,0,0
29330,toner_lotion,1,10
29331,toner_lotion,0,0
29332,toner_lotion,0,9
29333,toner_lotion,0,0
29334,toner_lotion,1,9
29335,toner_lotion,1,10
29337,toner_lotion,0,6
29338,toner_lotion,0,0
29339,toner_lotion,1,9
29340,toner_lotion,1,10
29341,toner_lotion,0,0
29342,toner_lotion,0,0
29343,toner_lotion,0,0
29344,toner_lotion,0,1
29345,toner_lotion,0,1
29346,toner_lotion,0,0
29347,toner_lotion,0,0
29348,toner_lotion,1,10
29776,toner_lotion,0,3
29777,toner_lotion,0,1
29778,toner_lotion,0,8
29779,toner_lotion,1,6
29780,toner_lotion,0,1
29781,toner_lotion,0,0
29782,toner_lotion,1,10
29783,toner_lotion,0,4
29784,toner_lotion,1,7
29786,toner_lotion,1,8
29787,toner_lotion,1,10
29788,toner_lotion,0,0
29789,toner_lotion,0,9
29791,toner_lotion,0,0
29792,toner_lotion,0,8
29793,toner_lotion,0,0
29794,toner_lotion,0,0
29795,toner_lotion,0,2
29796,toner_lotion,0,1
29797,toner_lotion,1,10
29799,toner_lotion,0,0
29801,toner_lotion,1,10
29802,toner_lotion,0,1
29803,toner_lotion,1,1
29804,toner_lotion,0,0
29805,toner_lotion,0,0
29806,toner_lotion,0,0
29808,toner_lotion,0,2
29809,toner_lotion,0,5
29810,toner_lotion,0,0
29811,toner_lotion,0,0
29812,toner_lotion,1,10
29813,toner_lotion,1,0
29814,toner_lotion,1,7
29816,toner_lotion,0,0
29817,toner_lotion,0,0
29818,toner_lotion,1,10
29820,toner_lotion,0,0
29821,toner_lotion,0,0
29822,toner_lotion,0,0
29823,toner_lotion,0,1
29826,toner_lotion,1,1
29827,toner_lotion,1,9
29828,toner_lotion,0,0
29829,toner_lotion,1,8
29830,toner_lotion,0,1
29831,toner_lotion,1,6
29832,toner_lotion,0,1
29833,toner_lotion,0,0
29834,toner_lotion,1,10
29835,toner_lotion,0,0
29837,toner_lotion,0,0
29838,toner_lotion,0,9
29839,toner_lotion,1,8
29840,toner_lotion,0,0
29841,toner_lotion,0,8
29842,toner_lotion,0,0
29843,toner_lotion,0,0
29844,toner_lotion,0,0
29845,toner_lotion,0,2
29846,toner_lotion,0,0
29847,toner_lotion,1,10
29848,toner_lotion,1,9
29849,toner_lotion,0,0
29850,toner_lotion,0,0
29851,toner_lotion,1,9
29852,toner_lotion,0,0
29853,toner_lotion,1,4
29854,toner_lotion,0,0
29855,toner_lotion,0,0
29856,toner_lotion,0,3
29857,toner_lotion,0,0
29858,toner_lotion,0,1
29859,toner_lotion,0,0
29860,toner_lotion,0,0
29861,toner_lotion,0,0
29862,toner_lotion,1,4
29863,toner_lotion,0,0
29865,toner_lotion,0,0
29867,toner_lotion,1,10
29869,toner_lotion,0,0
29870,toner_lotion,0,1
29871,toner_lotion,0,0
29872,toner_lotion,0,0
29873,toner_lotion,1,10
30148,toner_lotion,0,0
30149,toner_lotion,0,0
30151,toner_lotion,0,0
30152,toner_lotion,1,7
30153,toner_lotion,0,0
30154,toner_lotion,0,0
30156,toner_lotion,0,0
30157,toner_lotion,0,0
30158,toner_lotion,0,2
30159,toner_lotion,0,1
30161,toner_lotion,1,10
30162,toner_lotion,0,0
30163,toner_lotion,1,10
30164,toner_lotion,0,0
30167,toner_lotion,0,0
30168,toner_lotion,0,0
30169,toner_lotion,1,6
30170,toner_lotion,1,8
30171,toner_lotion,0,0
30172,toner_lotion,0,0
30173,toner_lotion,1,10
30174,toner_lotion,0,0
30175,toner_lotion,1,10
30176,toner_lotion,0,0
30177,toner_lotion,0,1
30178,toner_lotion,0,3
30179,toner_lotion,1,10
30180,toner_lotion,0,0
30181,toner_lotion,0,2
30182,toner_lotion,1,9
30183,toner_lotion,0,0
30184,toner_lotion,1,7
30185,toner_lotion,0,0
30186,toner_lotion,0,0
30188,toner_lotion,1,10
30189,toner_lotion,0,0
30190,toner_lotion,1,10
30191,toner_lotion,0,0
30192,toner_lotion,1,10
30193,toner_lotion,1,10
30194,toner_lotion,0,0
30196,toner_lotion,1,10
30197,toner_lotion,0,1
30198,toner_lotion,1,1
30199,toner_lotion,1,10
30200,toner_lotion,0,0
30201,toner_lotion,0,0
30202,toner_lotion,1,1
30203,toner_lotion,0,1
30204,toner_lotion,1,10
30205,toner_lotion,0,6
30206,toner_lotion,0,4
30207,toner_lotion,0,6
30208,toner_lotion,0,3
30209,toner_lotion,1,10
30210,toner_lotion,1,9
30211,toner_lotion,1,10
30212,toner_lotion,1,10
30213,toner_lotion,1,10
30214,toner_lotion,0,1
30215,toner_lotion,0,0
30216,toner_lotion,0,2
30217,toner_lotion,1,7
30218,toner_lotion,1,10
30219,toner_lotion,0,0
30220,toner_lotion,1,10
30221,toner_lotion,1,10
30222,toner_lotion,0,1
30223,toner_lotion,1,6
30224,toner_lotion,1,0
30225,toner_lotion,1,0
30226,toner_lotion,1,10
30227,toner_lotion,0,0
30228,toner_lotion,1,0
30229,toner_lotion,0,0
30230,toner_lotion,0,0
30231,toner_lotion,0,1
30232,toner_lotion,0,4
30233,toner_lotion,1,9
30235,toner_lotion,0,0
30236,toner_lotion,0,0
30237,toner_lotion,0,0
30238,toner_lotion,1,1
30239,toner_lotion,0,0
30240,toner_lotion,0,1
30241,toner_lotion,1,3
30242,toner_lotion,0,3
30243,toner_lotion,0,0
30244,toner_lotion,0,0
30245,toner_lotion,0,0
30246,toner_lotion,1,8
30248,toner_lotion,0,0
30249,toner_lotion,0,1
30250,toner_lotion,0,3
30251,toner_lotion,0,9
30252,toner_lotion,1,10
30253,toner_lotion,1,2
30254,toner_lotion,0,0
30255,toner_lotion,0,0
30256,toner_lotion,0,1
30257,toner_lotion,0,0
30258,toner_lotion,0,10
30259,toner_lotion,0,1
30260,toner_lotion,0,0
30261,toner_lotion,1,4
30262,toner_lotion,0,6
30263,toner_lotion,0,1
30264,toner_lotion,0,0
30265,toner_lotion,1,9
30266,toner_lotion,1,10
30267,toner_lotion,0,0
30268,toner_lotion,0,1
30269,toner_lotion,1,8
30270,toner_lotion,1,10
30271,toner_lotion,1,10
30272,toner_lotion,0,0
30273,toner_lotion,0,1
30274,toner_lotion,0,1
30275,toner_lotion,0,0
30276,toner_lotion,1,0
30277,toner_lotion,1,5
30278,toner_lotion,1,10
30279,toner_lotion,0,0
30280,toner_lotion,0,1
30281,toner_lotion,0,0
30282,toner_lotion,0,1
30283,toner_lotion,0,1
30284,toner_lotion,0,3
30285,toner_lotion,0,0
30286,toner_lotion,0,0
30287,toner_lotion,0,0
30306,toner_lotion,1,10
30307,toner_lotion,0,1
30308,toner_lotion,1,10
30310,toner_lotion,1,5
30311,toner_lotion,0,1
30312,toner_lotion,0,0
30313,toner_lotion,0,4
30314,toner_lotion,0,0
30315,toner_lotion,0,0
30622,eye_shadow,0,0
30624,eye_shadow,0,1
30625,eye_shadow,0,1
30626,eye_shadow,0,0
30627,eye_shadow,0,0
30951,eye_shadow,0,0
30952,eye_shadow,0,0
30953,eye_shadow,0,0
30954,eye_shadow,0,0
30955,eye_shadow,0,0
30956,eye_shadow,0,0
30957,eye_shadow,0,0
30958,eye_shadow,0,0
30960,eye_shadow,0,1
31269,eye_shadow,0,0
31270,eye_shadow,0,0
31271,eye_shadow,0,0
31272,eye_shadow,0,0
31273,eye_shadow,0,1
31274,eye_shadow,0,1
31275,eye_shadow,0,0
31276,eye_shadow,0,0
31277,eye_shadow,0,0
31278,eye_shadow,0,0
31599,eye_shadow,0,0
31600,eye_shadow,0,0
31601,eye_shadow,0,0
31602,eye_shadow,0,0
31603,eye_shadow,0,0
31604,eye_shadow,0,0
31605,eye_shadow,0,1
31934,eye_shadow,0,0
31935,eye_shadow,0,1
31937,eye_shadow,0,0
31938,eye_shadow,0,0
31939,eye_shadow,0,1
31940,eye_shadow,0,0
31941,eye_shadow,0,0
32268,eye_shadow,0,1
32269,eye_shadow,0,0
32270,eye_shadow,0,0
32271,eye_shadow,0,0
32272,eye_shadow,0,0
32273,eye_shadow,0,0
32274,eye_shadow,0,0
32275,eye_shadow,0,0
32277,eye_shadow,0,0
32278,eye_shadow,0,0
32279,eye_shadow,0,0
32281,eye_shadow,0,0
32282,eye_shadow,0,0
32283,eye_shadow,0,0
32284,eye_shadow,0,0
32285,eye_shadow,0,0
32286,eye_shadow,0,0
32287,eye_shadow,0,0
32288,eye_shadow,0,0
32289,eye_shadow,0,0
32291,eye_shadow,0,0
32292,eye_shadow,0,0
32293,eye_shadow,0,0
32294,eye_shadow,0,0
32295,eye_shadow,0,0
32296,eye_shadow,0,0
32297,eye_shadow,0,0
32594,eye_shadow,0,2
32595,eye_shadow,0,0
32596,eye_shadow,0,0
32597,eye_shadow,0,1
32598,eye_shadow,0,0
32599,eye_shadow,0,0
32600,eye_shadow,0,0
32602,eye_shadow,0,0
32603,eye_shadow,0,0
32922,eye_shadow,0,0
32923,eye_shadow,0,0
32924,eye_shadow,0,0
32925,eye_shadow,0,0
32926,eye_shadow,0,1
32928,eye_shadow,0,0
32929,eye_shadow,0,0
32930,eye_shadow,0,0
32932,eye_shadow,0,0
32933,eye_shadow,0,0
32934,eye_shadow,0,0
32935,eye_shadow,0,0
32936,eye_shadow,0,0
32937,eye_shadow,0,0
33244,eye_shadow,0,0
33246,eye_shadow,0,0
33247,eye_shadow,0,0
33248,eye_shadow,0,1
33249,eye_shadow,0,0
33250,eye_shadow,0,0
33251,eye_shadow,0,0
33252,eye_shadow,0,0
33253,eye_shadow,0,0
33254,eye_shadow,0,0
33255,eye_shadow,0,1
33256,eye_shadow,0,0
33257,eye_shadow,0,0
33258,eye_shadow,0,0
33259,eye_shadow,0,0
33260,eye_shadow,0,0
33261,eye_shadow,0,0
33263,eye_shadow,0,0
33264,eye_shadow,0,1
33265,eye_shadow,0,0
33266,eye_shadow,1,0
33267,eye_shadow,0,1
33268,eye_shadow,0,0
33270,eye_shadow,0,0
33271,eye_shadow,0,0
33272,eye_shadow,0,0
33273,eye_shadow,0,0
33660,eye_shadow,0,0
33662,eye_shadow,0,0
33663,eye_shadow,0,1
33664,eye_shadow,0,0
33665,eye_shadow,0,0
33666,eye_shadow,0,0
33667,eye_shadow,0,0
33668,eye_shadow,0,0
33669,eye_shadow,0,0
33670,eye_shadow,0,0
33671,eye_shadow,0,0
33672,eye_shadow,0,0
33673,eye_shadow,0,0
33674,eye_shadow,0,0
33675,eye_shadow,0,0
33676,eye_shadow,0,0
33677,eye_shadow,0,0
33678,eye_shadow,0,0
33680,eye_shadow,0,0
33681,eye_shadow,0,1
33683,eye_shadow,0,1
33684,eye_shadow,1,6
33685,eye_shadow,0,0
33686,eye_shadow,0,0
33687,eye_shadow,0,0
33688,eye_shadow,0,0
33690,eye_shadow,0,0
33691,eye_shadow,0,0
33692,eye_shadow,0,1
33693,eye_shadow,0,0
33694,eye_shadow,0,0
33695,eye_shadow,0,0
33696,eye_shadow,0,0
33697,eye_shadow,0,0
33698,eye_shadow,0,0
33699,eye_shadow,0,0
33700,eye_shadow,0,0
33701,eye_shadow,0,0
33702,eye_shadow,0,0
33703,eye_shadow,0,1
33704,eye_shadow,0,0
33705,eye_shadow,0,0
33706,eye_shadow,0,0
33707,eye_shadow,0,0
33709,eye_shadow,0,0
33710,eye_shadow,0,0
33711,eye_shadow,0,0
33712,eye_shadow,0,0
33713,eye_shadow,0,0
33714,eye_shadow,0,0
33715,eye_shadow,0,0
33716,eye_shadow,0,0
33717,eye_shadow,0,0
33718,eye_shadow,0,0
33719,eye_shadow,0,0
33720,eye_shadow,0,0
33721,eye_shadow,0,0
33722,eye_shadow,0,0
33724,eye_shadow,0,0
33725,eye_shadow,0,0
33726,eye_shadow,0,0
33727,eye_shadow,0,0
33728,eye_shadow,0,0
33729,eye_shadow,0,0
33730,eye_shadow,0,0
33732,eye_shadow,0,0
33733,eye_shadow,0,0
33734,eye_shadow,0,0
33736,eye_shadow,0,0
33737,eye_shadow,0,0
33738,eye_shadow,0,0
33739,eye_shadow,0,0
34171,eye_shadow,0,1
34172,eye_shadow,0,0
34173,eye_shadow,0,0
34175,eye_shadow,0,0
34176,eye_shadow,0,0
34177,eye_shadow,0,0
34178,eye_shadow,0,0
34179,eye_shadow,0,0
34180,eye_shadow,0,1
34181,eye_shadow,0,0
34182,eye_shadow,0,0
34183,eye_shadow,0,0
34184,eye_shadow,0,0
34185,eye_shadow,0,0
34186,eye_shadow,0,2
34187,eye_shadow,0,0
34188,eye_shadow,0,0
34189,eye_shadow,0,0
34190,eye_shadow,0,0
34191,eye_shadow,0,0
34192,eye_shadow,0,0
34194,eye_shadow,0,0
34195,eye_shadow,0,0
34196,eye_shadow,0,0
34197,eye_shadow,0,0
34198,eye_shadow,0,0
34199,eye_shadow,0,2
34200,eye_shadow,0,1
34201,eye_shadow,0,0
34202,eye_shadow,0,1
34203,eye_shadow,0,1
34204,eye_shadow,0,0
34205,eye_shadow,0,0
34206,eye_shadow,0,0
34207,eye_shadow,0,0
34208,eye_shadow,0,0
34209,eye_shadow,0,0
34210,eye_shadow,0,0
34211,eye_shadow,0,0
34212,eye_shadow,0,0
34213,eye_shadow,0,0
34214,eye_shadow,0,0
34215,eye_shadow,0,0
34216,eye_shadow,0,0
34217,eye_shadow,0,0
34218,eye_shadow,0,0
34219,eye_shadow,0,0
34220,eye_shadow,0,0
34481,eye_shadow,0,0
34482,eye_shadow,0,1
34483,eye_shadow,0,0
34484,eye_shadow,0,0
34485,eye_shadow,0,0
34486,eye_shadow,0,0
34487,eye_shadow,0,0
34489,eye_shadow,0,0
34490,eye_shadow,0,0
34491,eye_shadow,0,0
34493,eye_shadow,0,0
34495,eye_shadow,0,0
34496,eye_shadow,0,0
34497,eye_shadow,0,0
34498,eye_shadow,0,0
34499,eye_shadow,0,0
34898,eye_shadow,0,0
34899,eye_shadow,0,0
34900,eye_shadow,0,0
34901,eye_shadow,0,1
34902,eye_shadow,0,0
34903,eye_shadow,0,0
34904,eye_shadow,0,0
34905,eye_shadow,0,0
34906,eye_shadow,0,0
34907,eye_shadow,0,0
34908,eye_shadow,0,0
34909,eye_shadow,0,1
34910,eye_shadow,0,0
34912,eye_shadow,0,0
34913,eye_shadow,0,0
34914,eye_shadow,0,0
34915,eye_shadow,0,0
34916,eye_shadow,0,0
34917,eye_shadow,0,0
34919,eye_shadow,0,0
34920,eye_shadow,0,0
34921,eye_shadow,0,0
34922,eye_shadow,0,0
34923,eye_shadow,0,0
34924,eye_shadow,0,0
34925,eye_shadow,0,0
34927,eye_shadow,0,0
34928,eye_shadow,0,0
34929,eye_shadow,0,0
34931,eye_shadow,0,0
34932,eye_shadow,0,0
34934,eye_shadow,0,0
34935,eye_shadow,0,0
34937,eye_shadow,0,0
34938,eye_shadow,0,0
34939,eye_shadow,0,0
34940,eye_shadow,0,0
34942,eye_shadow,0,0
34943,eye_shadow,0,0
34944,eye_shadow,0,1
34945,eye_shadow,0,0
34946,eye_shadow,0,0
34947,eye_shadow,0,1
34949,eye_shadow,0,0
34950,eye_shadow,0,1
34951,eye_shadow,0,0
34952,eye_shadow,0,0
34953,eye_shadow,0,0
34954,eye_shadow,0,0
34955,eye_shadow,0,0
34956,eye_shadow,0,0
34957,eye_shadow,0,0
34958,eye_shadow,0,0
34959,eye_shadow,0,0
34960,eye_shadow,0,0
34961,eye_shadow,0,0
34962,eye_shadow,0,0
34963,eye_shadow,0,0
34964,eye_shadow,0,0
34966,eye_shadow,0,0
34967,eye_shadow,0,0
34968,eye_shadow,0,0
34969,eye_shadow,0,0
34970,eye_shadow,0,0
34971,eye_shadow,1,9
34972,eye_shadow,0,0
34976,eye_shadow,0,0
34977,eye_shadow,0,0
34978,eye_shadow,0,0
34979,eye_shadow,0,0
34980,eye_shadow,0,0
34981,eye_shadow,0,0
34982,eye_shadow,0,0
34983,eye_shadow,0,0
34984,eye_shadow,0,2
34985,eye_shadow,0,0
34986,eye_shadow,0,0
34987,eye_shadow,0,0
34988,eye_shadow,0,0
34990,eye_shadow,0,0
34991,eye_shadow,0,1
34992,eye_shadow,0,0
34993,eye_shadow,0,0
34994,eye_shadow,0,0
34996,eye_shadow,0,0
34997,eye_shadow,0,0
35000,eye_shadow,0,0
35001,eye_shadow,0,0
35002,eye_shadow,0,0
35003,eye_shadow,0,0
35004,eye_shadow,0,0
35006,eye_shadow,0,0
35007,eye_shadow,0,0
35008,eye_shadow,0,0
35009,eye_shadow,0,1
35010,eye_shadow,0,1
35011,eye_shadow,0,0
35012,eye_shadow,0,0
35013,eye_shadow,0,0
35015,eye_shadow,0,0
35016,eye_shadow,0,0
35017,eye_shadow,0,0
35018,eye_shadow,0,0
35019,eye_shadow,0,0
35020,eye_shadow,0,0
35022,eye_shadow,0,0
35023,eye_shadow,0,0
35024,eye_shadow,0,0
35025,eye_shadow,0,0
35026,eye_shadow,0,0
35027,eye_shadow,0,0
35029,eye_shadow,0,0
35030,eye_shadow,0,1
35031,eye_shadow,0,0
35258,eye_shadow,0,0
35259,eye_shadow,0,0
35260,eye_shadow,0,0
35261,eye_shadow,0,0
35263,eye_shadow,0,0
35264,eye_shadow,0,0
35265,eye_shadow,0,0
35266,eye_shadow,0,0
35268,eye_shadow,0,0
35269,eye_shadow,0,1
35270,eye_shadow,0,0
35271,eye_shadow,0,1
35272,eye_shadow,0,0
35275,eye_shadow,0,0
35276,eye_shadow,0,0
35277,eye_shadow,0,0
35278,eye_shadow,0,0
35280,eye_shadow,0,0
35281,eye_shadow,0,1
35282,eye_shadow,0,1
35283,eye_shadow,0,0
35284,eye_shadow,0,0
35285,eye_shadow,0,0
35286,eye_shadow,0,1
35288,eye_shadow,0,0
35289,eye_shadow,0,0
35290,eye_shadow,0,0
35291,eye_shadow,0,0
35292,eye_shadow,0,0
35293,eye_shadow,0,0
35294,eye_shadow,0,0
35295,eye_shadow,0,0
35296,eye_shadow,0,0
35297,eye_shadow,0,0
35298,eye_shadow,0,1
35299,eye_shadow,0,0
35300,eye_shadow,0,0
35301,eye_shadow,0,0
35302,eye_shadow,0,0
35304,eye_shadow,0,0
35305,eye_shadow,0,0
35306,eye_shadow,0,0
35307,eye_shadow,0,0
35308,eye_shadow,0,0
35309,eye_shadow,0,0
35310,eye_shadow,0,0
35311,eye_shadow,0,0
35312,eye_shadow,0,0
35313,eye_shadow,0,0
35314,eye_shadow,0,0
35315,eye_shadow,0,9
35316,eye_shadow,0,0
35317,eye_shadow,0,0
35318,eye_shadow,0,1
35319,eye_shadow,0,0
35320,eye_shadow,0,0
35321,eye_shadow,0,1
35322,eye_shadow,0,0
35323,eye_shadow,1,10
35324,eye_shadow,0,0
35325,eye_shadow,0,0
35326,eye_shadow,1,10
35327,eye_shadow,0,0
35328,eye_shadow,0,0
35329,eye_shadow,0,0
35330,eye_shadow,1,10
35331,eye_shadow,0,0
35332,eye_shadow,0,0
35334,eye_shadow,0,0
35335,eye_shadow,0,0
35336,eye_shadow,0,0
35338,eye_shadow,1,10
35340,eye_shadow,0,0
35341,eye_shadow,0,0
35342,eye_shadow,0,0
35343,eye_shadow,0,1
35344,eye_shadow,1,9
35345,eye_shadow,0,0
35346,eye_shadow,0,0
35347,eye_shadow,0,0
35348,eye_shadow,0,0
35349,eye_shadow,0,1
35351,eye_shadow,0,1
35352,eye_shadow,0,0
35353,eye_shadow,0,0
35354,eye_shadow,0,0
35355,eye_shadow,0,1
35356,eye_shadow,0,0
35357,eye_shadow,0,1
35358,eye_shadow,0,0
35360,eye_shadow,1,10
35361,eye_shadow,0,0
35362,eye_shadow,0,0
35365,eye_shadow,0,0
35366,eye_shadow,0,0
35367,eye_shadow,0,0
35369,eye_shadow,0,0
35370,eye_shadow,1,10
35371,eye_shadow,0,9
35372,eye_shadow,0,0
35373,eye_shadow,0,0
35374,eye_shadow,0,0
35375,eye_shadow,0,0
35376,eye_shadow,0,0
35377,eye_shadow,0,0
35378,eye_shadow,0,0
35379,eye_shadow,0,0
35380,eye_shadow,1,8
35381,eye_shadow,0,0
35382,eye_shadow,0,0
35383,eye_shadow,0,0
35384,eye_shadow,0,0
35385,eye_shadow,0,0
35387,eye_shadow,0,4
35388,eye_shadow,1,7
35389,eye_shadow,0,0
35390,eye_shadow,0,1
35391,eye_shadow,0,0
35392,eye_shadow,1,0
35393,eye_shadow,1,9
35394,eye_shadow,0,0
35395,eye_shadow,0,0
35398,eye_shadow,0,0
35399,eye_shadow,0,0
35400,eye_shadow,1,9
35401,eye_shadow,0,2
35402,eye_shadow,1,1
35403,eye_shadow,1,10
35404,eye_shadow,0,0
35405,eye_shadow,1,9
35406,eye_shadow,1,10
35407,eye_shadow,1,10
35408,eye_shadow,1,10
35409,eye_shadow,0,0
35410,eye_shadow,1,1
35411,eye_shadow,0,0
35412,eye_shadow,0,1
35413,eye_shadow,0,1
35414,eye_shadow,0,0
35415,eye_shadow,0,0
35416,eye_shadow,1,10
35417,eye_shadow,1,10
35418,eye_shadow,0,0
35419,eye_shadow,0,0
35420,eye_shadow,1,10
35421,eye_shadow,0,0
35422,eye_shadow,0,0
35423,eye_shadow,0,0
35424,eye_shadow,1,5
35425,eye_shadow,0,0
35426,eye_shadow,0,0
35427,eye_shadow,0,0
35428,eye_shadow,1,8
35429,eye_shadow,0,1
35430,eye_shadow,0,0
35431,eye_shadow,0,1
35432,eye_shadow,1,0
35433,eye_shadow,0,0
35434,eye_shadow,0,1
35435,eye_shadow,0,0
35436,eye_shadow,1,10
36007,lip_colour,0,0
36008,lip_colour,0,1
36009,lip_colour,0,1
36010,lip_colour,0,0
36011,lip_colour,0,0
36012,lip_colour,0,1
36013,lip_colour,0,0
36014,lip_colour,0,1
36015,lip_colour,0,1
36016,lip_colour,0,0
36331,lip_colour,0,0
36333,lip_colour,0,0
36334,lip_colour,0,0
36335,lip_colour,0,3
36337,lip_colour,0,0
36338,lip_colour,0,0
36339,lip_colour,0,0
36340,lip_colour,0,1
36644,lip_colour,0,0
36645,lip_colour,0,1
36646,lip_colour,0,0
36647,lip_colour,0,0
36648,lip_colour,0,0
36649,lip_colour,0,0
36650,lip_colour,0,0
36652,lip_colour,0,0
36653,lip_colour,0,0
36994,lip_colour,0,0
36995,lip_colour,0,0
36996,lip_colour,0,0
36997,lip_colour,0,0
36998,lip_colour,0,0
36999,lip_colour,0,1
37001,lip_colour,0,0
37002,lip_colour,0,0
37310,lip_colour,0,0
37311,lip_colour,0,0
37312,lip_colour,0,0
37313,lip_colour,0,0
37314,lip_colour,0,1
37315,lip_colour,0,0
37316,lip_colour,0,1
37317,lip_colour,0,0
37318,lip_colour,0,0
37631,lip_colour,0,0
37632,lip_colour,0,0
37633,lip_colour,0,0
37636,lip_colour,0,0
37637,lip_colour,0,1
37638,lip_colour,0,0
37639,lip_colour,0,0
37640,lip_colour,0,0
37641,lip_colour,0,0
37642,lip_colour,1,10
37643,lip_colour,0,0
37987,lip_colour,0,0
37989,lip_colour,0,1
37990,lip_colour,0,0
37991,lip_colour,0,0
37993,lip_colour,0,1
37994,lip_colour,0,0
37995,lip_colour,0,0
37996,lip_colour,0,0
37998,lip_colour,0,0
37999,lip_colour,0,0
38000,lip_colour,0,0
38002,lip_colour,0,0
38003,lip_colour,0,0
38004,lip_colour,0,1
38005,lip_colour,0,0
38006,lip_colour,0,0
38299,lip_colour,0,0
38651,lip_colour,0,0
38654,lip_colour,0,0
38655,lip_colour,0,0
38656,lip_colour,0,3
38657,lip_colour,0,0
38658,lip_colour,0,0
38659,lip_colour,0,1
38660,lip_colour,0,0
38661,lip_colour,0,0
38663,lip_colour,0,1
38664,lip_colour,0,0
38665,lip_colour,0,0
38666,lip_colour,0,0
38667,lip_colour,0,0
38668,lip_colour,0,0
38669,lip_colour,0,1
38670,lip_colour,0,0
39006,lip_colour,0,0
39007,lip_colour,0,0
39008,lip_colour,0,0
39009,lip_colour,0,0
39010,lip_colour,0,0
39011,lip_colour,0,0
39012,lip_colour,0,0
39013,lip_colour,0,0
39014,lip_colour,0,0
39015,lip_colour,0,0
39016,lip_colour,0,0
39017,lip_colour,0,0
39018,lip_colour,0,0
39019,lip_colour,0,0
39020,lip_colour,0,0
39021,lip_colour,0,0
39022,lip_colour,0,0
39023,lip_colour,0,0
39024,lip_colour,0,2
39025,lip_colour,0,0
39394,lip_colour,0,0
39395,lip_colour,0,0
39396,lip_colour,0,0
39397,lip_colour,0,0
39398,lip_colour,1,10
39399,lip_colour,0,0
39400,lip_colour,0,9
39401,lip_colour,0,0
39402,lip_colour,0,0
39403,lip_colour,0,0
39404,lip_colour,0,0
39405,lip_colour,0,1
39406,lip_colour,0,0
39407,lip_colour,0,0
39408,lip_colour,0,0
39409,lip_colour,0,0
39410,lip_colour,0,0
39411,lip_colour,0,0
39412,lip_colour,0,1
39413,lip_colour,0,0
39414,lip_colour,0,0
39415,lip_colour,0,0
39416,lip_colour,0,0
39417,lip_colour,0,0
39419,lip_colour,0,0
39420,lip_colour,0,0
39421,lip_colour,0,0
39422,lip_colour,0,0
39423,lip_colour,0,0
39424,lip_colour,0,0
39425,lip_colour,0,0
39426,lip_colour,0,0
39427,lip_colour,0,0
39428,lip_colour,0,0
39429,lip_colour,0,0
39430,lip_colour,0,0
39431,lip_colour,0,0
39432,lip_colour,0,0
39433,lip_colour,0,1
39434,lip_colour,0,0
39435,lip_colour,0,0
39436,lip_colour,0,0
39437,lip_colour,0,0
39438,lip_colour,0,0
39440,lip_colour,0,0
39441,lip_colour,0,0
39442,lip_colour,0,0
39443,lip_colour,0,0
39444,lip_colour,0,0
39445,lip_colour,0,0
39446,lip_colour,0,0
39447,lip_colour,0,0
39448,lip_colour,0,0
39449,lip_colour,0,1
39450,lip_colour,0,0
39451,lip_colour,0,1
39452,lip_colour,0,0
39453,lip_colour,0,0
39454,lip_colour,0,0
39455,lip_colour,0,0
39456,lip_colour,0,0
39457,lip_colour,0,0
39458,lip_colour,0,0
39459,lip_colour,0,0
39460,lip_colour,0,0
39461,lip_colour,0,0
39462,lip_colour,0,0
39463,lip_colour,0,1
39464,lip_colour,0,0
39465,lip_colour,0,0
39467,lip_colour,0,0
39469,lip_colour,0,0
39470,lip_colour,0,0
39471,lip_colour,0,0
39472,lip_colour,0,0
39474,lip_colour,0,0
39475,lip_colour,0,0
39476,lip_colour,0,0
39477,lip_colour,0,1
39478,lip_colour,0,0
39479,lip_colour,0,0
39480,lip_colour,0,0
39481,lip_colour,0,0
39482,lip_colour,0,0
39483,lip_colour,0,0
39484,lip_colour,0,0
39485,lip_colour,0,0
39486,lip_colour,0,0
39487,lip_colour,0,0
39488,lip_colour,0,0
39489,lip_colour,0,0
39490,lip_colour,0,0
39491,lip_colour,0,0
39492,lip_colour,1,0
39493,lip_colour,0,1
39494,lip_colour,0,0
39746,lip_colour,0,0
39747,lip_colour,0,0
39748,lip_colour,0,0
39749,lip_colour,0,1
39750,lip_colour,0,1
39751,lip_colour,0,1
39752,lip_colour,0,0
39753,lip_colour,0,0
39754,lip_colour,0,0
39756,lip_colour,0,0
39757,lip_colour,0,1
39760,lip_colour,0,0
39761,lip_colour,0,0
39762,lip_colour,0,0
39763,lip_colour,0,0
39764,lip_colour,0,0
39765,lip_colour,0,0
39766,lip_colour,0,0
39767,lip_colour,0,0
39768,lip_colour,0,0
39769,lip_colour,0,0
39770,lip_colour,0,0
39771,lip_colour,0,0
39772,lip_colour,0,0
39773,lip_colour,0,1
39774,lip_colour,0,0
39776,lip_colour,0,0
39777,lip_colour,0,0
39778,lip_colour,0,0
39779,lip_colour,0,0
39780,lip_colour,0,0
39781,lip_colour,0,1
39782,lip_colour,0,1
39783,lip_colour,0,1
39784,lip_colour,0,0
39785,lip_colour,0,0
39786,lip_colour,0,0
39787,lip_colour,0,0
39789,lip_colour,0,0
39790,lip_colour,0,0
39791,lip_colour,0,0
39792,lip_colour,0,0
39793,lip_colour,0,0
39794,lip_colour,0,0
39795,lip_colour,0,1
39796,lip_colour,0,0
39797,lip_colour,0,0
39798,lip_colour,0,0
39799,lip_colour,0,0
39800,lip_colour,0,1
39801,lip_colour,0,2
39802,lip_colour,0,0
39803,lip_colour,0,0
39804,lip_colour,0,0
39806,lip_colour,0,0
39807,lip_colour,0,0
39808,lip_colour,0,0
39809,lip_colour,0,0
39810,lip_colour,0,0
39811,lip_colour,0,0
39812,lip_colour,0,0
39813,lip_colour,0,0
39815,lip_colour,0,0
39816,lip_colour,0,0
39817,lip_colour,0,0
39819,lip_colour,0,1
39820,lip_colour,0,0
39824,lip_colour,0,0
39825,lip_colour,0,0
39826,lip_colour,0,0
39827,lip_colour,0,0
39828,lip_colour,0,0
39829,lip_colour,0,0
39830,lip_colour,0,0
39831,lip_colour,0,0
39832,lip_colour,0,1
39833,lip_colour,0,0
39834,lip_colour,0,0
39835,lip_colour,0,0
39836,lip_colour,0,0
39837,lip_colour,0,0
39838,lip_colour,0,0
40084,lip_colour,0,0
40085,lip_colour,0,1
40086,lip_colour,0,1
40087,lip_colour,0,0
40088,lip_colour,0,0
40089,lip_colour,0,0
40090,lip_colour,0,1
40091,lip_colour,0,0
40092,lip_colour,0,0
40093,lip_colour,0,0
40094,lip_colour,0,0
40095,lip_colour,0,0
40096,lip_colour,0,0
40097,lip_colour,0,0
40098,lip_colour,0,0
40099,lip_colour,0,0
40100,lip_colour,0,0
40101,lip_colour,0,0
40102,lip_colour,0,0
40103,lip_colour,0,1
40104,lip_colour,0,0
40105,lip_colour,0,1
40106,lip_colour,0,0
40107,lip_colour,0,0
40108,lip_colour,0,1
40111,lip_colour,0,0
40112,lip_colour,0,1
40113,lip_colour,0,0
40114,lip_colour,0,0
40115,lip_colour,0,1
40116,lip_colour,0,0
40117,lip_colour,0,0
40118,lip_colour,0,0
40119,lip_colour,0,0
40121,lip_colour,0,0
40122,lip_colour,0,1
40123,lip_colour,0,0
40124,lip_colour,0,1
40125,lip_colour,0,0
40126,lip_colour,0,0
40128,lip_colour,0,0
40129,lip_colour,0,1
40130,lip_colour,0,0
40132,lip_colour,0,0
40133,lip_colour,0,0
40135,lip_colour,0,2
40136,lip_colour,0,0
40137,lip_colour,0,0
40139,lip_colour,0,0
40140,lip_colour,0,0
40141,lip_colour,0,1
40142,lip_colour,0,1
40143,lip_colour,0,0
40144,lip_colour,0,1
40145,lip_colour,0,0
40146,lip_colour,0,0
40147,lip_colour,0,0
40148,lip_colour,0,0
40149,lip_colour,0,1
40151,lip_colour,0,0
40152,lip_colour,0,0
40154,lip_colour,0,0
40156,lip_colour,0,0
40157,lip_colour,0,0
40158,lip_colour,0,0
40159,lip_colour,0,0
40160,lip_colour,0,1
40161,lip_colour,0,0
40162,lip_colour,0,0
40163,lip_colour,0,0
40164,lip_colour,0,0
40166,lip_colour,0,0
40167,lip_colour,0,0
40168,lip_colour,0,0
40169,lip_colour,0,0
40170,lip_colour,0,0
40171,lip_colour,0,0
40172,lip_colour,0,0
40173,lip_colour,0,0
40174,lip_colour,0,0
40175,lip_colour,0,0
40176,lip_colour,0,0
40177,lip_colour,0,0
40178,lip_colour,0,1
40179,lip_colour,0,0
40180,lip_colour,0,0
40181,lip_colour,0,0
40183,lip_colour,0,0
40184,lip_colour,0,0
40185,lip_colour,0,0
40186,lip_colour,0,0
40187,lip_colour,0,0
40188,lip_colour,0,0
40190,lip_colour,0,0
40191,lip_colour,0,1
40192,lip_colour,0,0
40193,lip_colour,0,0
40194,lip_colour,0,0
40195,lip_colour,0,0
40196,lip_colour,0,0
40197,lip_colour,0,0
40198,lip_colour,0,0
40199,lip_colour,0,0
40200,lip_colour,0,0
40202,lip_colour,0,0
40203,lip_colour,0,0
40204,lip_colour,0,0
40206,lip_colour,0,0
40207,lip_colour,0,0
40208,lip_colour,0,0
40209,lip_colour,0,0
40210,lip_colour,0,0
40211,lip_colour,0,0
40212,lip_colour,0,0
40213,lip_colour,0,0
40214,lip_colour,0,0
40215,lip_colour,0,0
40217,lip_colour,0,0
40218,lip_colour,0,1
40219,lip_colour,0,1
40528,lip_colour,0,0
40529,lip_colour,0,1
40530,lip_colour,0,0
40531,lip_colour,0,0
40532,lip_colour,0,0
40533,lip_colour,0,0
40534,lip_colour,0,0
40536,lip_colour,0,0
40537,lip_colour,0,0
40538,lip_colour,0,0
40539,lip_colour,0,0
40540,lip_colour,1,1
40541,lip_colour,0,0
40542,lip_colour,0,2
40543,lip_colour,0,0
40544,lip_colour,0,0
40546,lip_colour,0,1
40547,lip_colour,0,0
40548,lip_colour,0,0
40549,lip_colour,1,0
40550,lip_colour,0,0
40551,lip_colour,0,0
40552,lip_colour,0,0
40553,lip_colour,0,0
40555,lip_colour,0,0
40556,lip_colour,0,1
40557,lip_colour,0,0
40558,lip_colour,0,0
40559,lip_colour,0,0
40560,lip_colour,0,1
40561,lip_colour,1,0
40562,lip_colour,0,0
40563,lip_colour,0,0
40564,lip_colour,0,0
40565,lip_colour,0,0
40566,lip_colour,0,0
40567,lip_colour,0,1
40568,lip_colour,0,0
40571,lip_colour,0,0
40572,lip_colour,0,0
40573,lip_colour,0,1
40574,lip_colour,0,1
40575,lip_colour,0,2
40576,lip_colour,0,0
40577,lip_colour,0,0
40804,foundation,0,0
40805,foundation,0,0
40806,foundation,0,1
40807,foundation,0,1
40808,foundation,0,0
40809,foundation,0,0
40811,foundation,0,1
41129,foundation,0,0
41130,foundation,0,0
41132,foundation,0,0
41133,foundation,0,1
41134,foundation,0,0
41135,foundation,0,0
41136,foundation,0,0
41137,foundation,0,0
41138,foundation,0,0
41447,foundation,1,10
41448,foundation,0,0
41449,foundation,0,0
41450,foundation,0,0
41451,foundation,0,0
41452,foundation,0,0
41453,foundation,0,1
41454,foundation,0,0
41456,foundation,0,0
41781,foundation,0,3
41782,foundation,0,0
41783,foundation,1,6
41784,foundation,0,0
41785,foundation,1,9
41786,foundation,0,0
41787,foundation,1,10
41788,foundation,1,9
41789,foundation,0,1
41790,foundation,0,0
41791,foundation,1,8
41792,foundation,1,10
41793,foundation,1,9
41794,foundation,0,0
41795,foundation,1,10
41796,foundation,1,8
41797,foundation,0,1
41798,foundation,0,3
41799,foundation,0,0
42119,foundation,0,0
42121,foundation,0,0
42122,foundation,0,0
42123,foundation,0,0
42124,foundation,0,0
42125,foundation,0,0
42126,foundation,0,0
42127,foundation,0,0
42128,foundation,0,0
42130,foundation,0,0
42132,foundation,0,0
42133,foundation,0,0
42134,foundation,0,0
42135,foundation,0,0
42136,foundation,0,0
42137,foundation,0,0
42138,foundation,0,0
42530,foundation,0,0
42532,foundation,0,0
42533,foundation,0,0
42534,foundation,0,2
42535,foundation,1,5
42536,foundation,0,0
42537,foundation,0,1
42538,foundation,0,0
42539,foundation,0,0
42541,foundation,0,0
42542,foundation,0,0
42544,foundation,0,0
42545,foundation,0,0
42546,foundation,1,10
42547,foundation,1,10
42549,foundation,0,0
42550,foundation,0,1
42551,foundation,1,0
42552,foundation,1,10
42553,foundation,0,0
42554,foundation,0,0
42555,foundation,1,9
42556,foundation,1,10
42557,foundation,0,0
42558,foundation,1,0
42559,foundation,1,10
42560,foundation,0,0
42561,foundation,0,0
42562,foundation,0,0
42563,foundation,1,10
42564,foundation,1,10
42565,foundation,0,0
42567,foundation,1,4
42568,foundation,0,1
42569,foundation,0,1
42570,foundation,0,2
42571,foundation,1,8
42572,foundation,1,4
42573,foundation,0,8
42574,foundation,1,10
42575,foundation,0,0
42576,foundation,0,0
42577,foundation,0,0
42579,foundation,1,10
42580,foundation,1,10
42582,foundation,0,0
42583,foundation,0,0
42584,foundation,0,0
42585,foundation,0,2
42586,foundation,0,0
42587,foundation,0,0
42588,foundation,0,0
42589,foundation,0,3
42591,foundation,1,1
42592,foundation,0,0
42593,foundation,0,0
42594,foundation,0,2
42595,foundation,1,10
42596,foundation,1,8
42597,foundation,1,10
42599,foundation,1,10
42600,foundation,0,0
42601,foundation,0,3
42602,foundation,1,10
42603,foundation,0,1
42605,foundation,0,1
42606,foundation,0,0
42607,foundation,1,10
42608,foundation,0,6
42609,foundation,1,6
42610,foundation,0,0
42611,foundation,0,1
42612,foundation,1,1
42613,foundation,0,0
42614,foundation,0,0
42615,foundation,0,0
42616,foundation,1,10
42617,foundation,1,2
42618,foundation,0,0
42619,foundation,0,0
42620,foundation,1,10
42621,foundation,1,6
42622,foundation,1,9
42623,foundation,0,1
42624,foundation,1,8
42625,foundation,0,0
42627,foundation,0,0
42628,foundation,0,1
42629,foundation,1,10
42630,foundation,0,0
42631,foundation,1,9
42632,foundation,0,0
42633,foundation,1,10
42634,foundation,0,0
42636,foundation,0,1
42637,foundation,0,0
42638,foundation,1,10
42639,foundation,0,0
42640,foundation,0,0
42641,foundation,0,0
42642,foundation,0,0
42643,foundation,0,1
42644,foundation,1,10
42645,foundation,0,0
42646,foundation,1,10
42647,foundation,0,0
42648,foundation,0,1
42649,foundation,0,0
42650,foundation,0,0
42651,foundation,1,10
42652,foundation,0,2
42653,foundation,0,0
42654,foundation,1,2
42655,foundation,1,9
42656,foundation,1,10
42657,foundation,0,0
42659,foundation,0,0
42660,foundation,0,0
42661,foundation,0,1
42662,foundation,0,0
42663,foundation,0,1
42664,foundation,1,10
42665,foundation,1,10
42666,foundation,0,0
42667,foundation,1,10
42668,foundation,0,0
42670,foundation,0,0
42671,foundation,1,10
42672,foundation,0,0
42673,foundation,1,10
42674,foundation,0,0
42675,foundation,0,0
42676,foundation,0,0
42677,foundation,0,2
42678,foundation,0,0
42679,foundation,0,0
42680,foundation,0,1
42681,foundation,0,0
42682,foundation,1,9
42683,foundation,0,0
42685,foundation,0,0
42687,foundation,0,0
42688,foundation,0,0
42689,foundation,0,0
42691,foundation,0,0
42692,foundation,0,0
42693,foundation,0,0
42694,foundation,0,1
42695,foundation,0,4
42696,foundation,0,0
42697,foundation,0,1
42698,foundation,0,0
42699,foundation,0,0
42700,foundation,0,0
42701,foundation,0,1
42702,foundation,0,1
42703,foundation,0,0
42704,foundation,0,0
42705,foundation,0,0
42706,foundation,0,0
43115,foundation,0,0
43116,foundation,0,0
43117,foundation,1,1
43120,foundation,0,6
43121,foundation,0,0
43122,foundation,1,10
43123,foundation,0,1
43124,foundation,0,0
43125,foundation,0,10
43126,foundation,0,0
43127,foundation,1,6
43128,foundation,1,10
43130,foundation,0,0
43131,foundation,1,0
43132,foundation,0,0
43133,foundation,1,10
43134,foundation,0,0
43135,foundation,0,1
43136,foundation,0,0
43137,foundation,0,0
43138,foundation,1,5
43139,foundation,0,1
43140,foundation,0,5
43141,foundation,1,0
43142,foundation,1,8
43143,foundation,0,0
43144,foundation,0,1
43145,foundation,0,2
43146,foundation,0,4
43147,foundation,0,1
43149,foundation,1,1
43150,foundation,0,0
43151,foundation,0,0
43152,foundation,1,7
43153,foundation,0,1
43154,foundation,0,2
43155,foundation,0,0
43156,foundation,1,1
43157,foundation,0,0
43158,foundation,1,1
43159,foundation,0,6
43160,foundation,1,10
43162,foundation,0,1
43163,foundation,1,10
43164,foundation,0,0
43165,foundation,0,0
43166,foundation,0,0
43167,foundation,0,0
43168,foundation,0,0
43169,foundation,0,0
43170,foundation,0,1
43171,foundation,0,0
43172,foundation,0,0
43173,foundation,0,0
43174,foundation,1,5
43175,foundation,1,10
43176,foundation,0,1
43177,foundation,0,0
43178,foundation,0,7
43179,foundation,1,0
43180,foundation,0,1
43181,foundation,0,0
43182,foundation,1,10
43183,foundation,0,4
43184,foundation,0,0
43185,foundation,0,0
43186,foundation,0,0
43187,foundation,0,0
43188,foundation,0,0
43189,foundation,0,0
43190,foundation,0,0
43191,foundation,0,1
43192,foundation,0,0
43193,foundation,0,0
43194,foundation,0,1
43195,foundation,0,1
43196,foundation,0,0
43198,foundation,0,0
43199,foundation,0,0
43200,foundation,0,1
43201,foundation,0,1
43203,foundation,0,0
43204,foundation,0,0
43205,foundation,0,0
43206,foundation,0,0
43208,foundation,0,0
43209,foundation,0,1
43210,foundation,0,0
43212,foundation,0,0
43213,foundation,0,1
43214,foundation,0,0
43215,foundation,0,1
43216,foundation,0,0
43217,foundation,0,0
43218,foundation,0,0
43219,foundation,0,0
43220,foundation,0,0
43221,foundation,0,0
43222,foundation,0,0
43223,foundation,0,0
43224,foundation,0,0
43225,foundation,0,0
43226,foundation,0,0
43227,foundation,0,0
43228,foundation,0,0
43229,foundation,0,0
43230,foundation,0,0
43231,foundation,0,0
43232,foundation,0,0
43233,foundation,0,0
43415,foundation,0,0
43416,foundation,0,0
43419,foundation,0,0
43420,foundation,0,0
43421,foundation,1,8
43422,foundation,0,0
43424,foundation,0,0
43426,foundation,0,1
43427,foundation,0,0
43428,foundation,0,0
43430,foundation,0,0
43431,foundation,1,10
43432,foundation,0,0
43433,foundation,0,0
43434,foundation,0,1
43435,foundation,0,0
43436,foundation,0,0
43437,foundation,1,2
43438,foundation,0,1
43439,foundation,0,1
43440,foundation,0,0
43441,foundation,0,0
43442,foundation,0,0
43443,foundation,0,0
43444,foundation,1,10
43445,foundation,0,2
43446,foundation,0,0
43449,foundation,1,7
43450,foundation,0,0
43451,foundation,1,10
43452,foundation,0,1
43453,foundation,0,0
43454,foundation,0,0
43455,foundation,1,7
43456,foundation,0,0
43457,foundation,1,10
43458,foundation,0,0
43459,foundation,0,1
43461,foundation,1,9
43462,foundation,0,0
43463,foundation,0,0
43464,foundation,0,1
43465,foundation,0,0
43466,foundation,0,1
43467,foundation,0,0
43468,foundation,0,0
43469,foundation,1,10
43470,foundation,0,0
43471,foundation,0,2
43472,foundation,1,10
43473,foundation,0,1
43474,foundation,0,0
43475,foundation,0,0
43476,foundation,1,8
43477,foundation,0,1
43478,foundation,0,0
43479,foundation,1,10
43480,foundation,0,0
43481,foundation,0,0
43482,foundation,0,2
43483,foundation,0,0
43484,foundation,0,3
43486,foundation,1,0
43487,foundation,0,0
43488,foundation,0,0
43489,foundation,0,0
43490,foundation,0,0
43491,foundation,0,0
43492,foundation,1,0
43494,foundation,0,0
43495,foundation,0,0
43497,foundation,1,10
43498,foundation,0,0
43499,foundation,1,8
43500,foundation,0,1
43501,foundation,1,6
43502,foundation,1,7
43503,foundation,1,10
43504,foundation,1,9
43505,foundation,1,5
43506,foundation,0,0
43507,foundation,0,0
43509,foundation,0,0
43510,foundation,1,9
43511,foundation,0,1
43512,foundation,1,10
43513,foundation,1,10
43514,foundation,1,0
43515,foundation,0,0
43516,foundation,0,0
43517,foundation,0,0
43518,foundation,0,0
43519,foundation,0,0
43520,foundation,0,1
43521,foundation,1,10
43522,foundation,0,0
43523,foundation,1,8
43524,foundation,0,0
43525,foundation,0,0
43526,foundation,0,3
43527,foundation,0,0
43528,foundation,0,0
43529,foundation,0,0
43530,foundation,0,0
43531,foundation,0,4
43532,foundation,0,8
43533,foundation,0,0
43534,foundation,0,0
43535,foundation,1,9
43536,foundation,0,0
43537,foundation,1,9
43538,foundation,1,9
43539,foundation,0,0
43540,foundation,0,0
43541,foundation,0,0
43542,foundation,0,0
43543,foundation,0,9
43544,foundation,0,1
43545,foundation,1,10
43546,foundation,0,2
43547,foundation,0,0
43548,foundation,0,0
43549,foundation,0,0
43550,foundation,0,0
43551,foundation,0,0
43552,foundation,1,10
43553,foundation,0,0
43554,foundation,0,0
43555,foundation,1,9
43557,foundation,1,10
43558,foundation,0,0
43559,foundation,0,1
43560,foundation,0,2
43561,foundation,1,10
43562,foundation,0,0
43563,foundation,0,0
43564,foundation,0,0
43565,foundation,0,0
43566,foundation,0,1
43568,foundation,0,0
43569,foundation,0,1
43570,foundation,0,0
43571,foundation,0,0
43572,foundation,0,0
43573,foundation,1,0
43574,foundation,0,0
43575,foundation,0,0
43576,foundation,0,1
43577,foundation,0,2
43578,foundation,0,0
43579,foundation,0,1
43580,foundation,0,1
43581,foundation,0,1
43582,foundation,0,0
43583,foundation,0,0
43584,foundation,0,0
43585,foundation,0,0
43586,foundation,0,0
43587,foundation,0,0
43588,foundation,0,0
43589,foundation,0,0
43590,foundation,0,0
43591,foundation,0,1
43592,foundation,0,0
43593,foundation,0,0
43594,foundation,0,0
43596,foundation,0,0
43597,foundation,0,1
43598,foundation,0,0
43599,foundation,0,0
43600,foundation,0,0
43601,foundation,0,0
43602,foundation,0,0
43604,foundation,0,0
43605,foundation,0,1
43606,foundation,0,0
43607,foundation,0,0
43608,foundation,0,0
43609,foundation,0,0
43610,foundation,0,0
43611,foundation,0,0
43612,foundation,0,0
43613,foundation,0,0
43614,foundation,0,0
43749,foundation,0,0
43750,foundation,0,0
43752,foundation,0,1
43753,foundation,0,0
43754,foundation,0,0
43755,foundation,0,0
43756,foundation,0,0
43757,foundation,1,7
43760,foundation,1,10
43761,foundation,0,0
43762,foundation,1,10
43763,foundation,0,0
43765,foundation,0,0
43766,foundation,1,10
43767,foundation,1,7
43768,foundation,0,0
43769,foundation,0,0
43770,foundation,0,8
43771,foundation,0,0
43772,foundation,0,0
43773,foundation,0,1
43774,foundation,0,0
43775,foundation,0,0
43776,foundation,1,0
43777,foundation,1,10
43778,foundation,0,0
43779,foundation,1,10
43781,foundation,0,0
43782,foundation,0,0
43783,foundation,0,0
43784,foundation,0,0
43785,foundation,1,5
43786,foundation,0,0
43787,foundation,1,10
43788,foundation,1,1
43789,foundation,1,10
43790,foundation,1,10
43791,foundation,1,10
43792,foundation,1,9
43793,foundation,0,0
43794,foundation,0,1
43795,foundation,0,0
43796,foundation,0,0
43797,foundation,0,0
43798,foundation,0,0
43799,foundation,0,0
43800,foundation,0,0
43801,foundation,1,10
43802,foundation,1,8
43803,foundation,0,2
43804,foundation,0,2
43805,foundation,0,0
43806,foundation,0,1
43807,foundation,0,0
43808,foundation,0,0
43809,foundation,0,0
43810,foundation,0,8
43811,foundation,0,0
43812,foundation,1,9
43813,foundation,0,0
43814,foundation,0,2
43815,foundation,1,10
43816,foundation,0,0
43817,foundation,1,0
43818,foundation,0,0
43819,foundation,0,0
43820,foundation,0,0
43821,foundation,0,0
43822,foundation,0,0
43823,foundation,0,0
43824,foundation,0,1
43825,foundation,1,8
43826,foundation,0,0
43827,foundation,1,10
43828,foundation,1,8
43829,foundation,1,5
43830,foundation,1,9
43831,foundation,1,9
43832,foundation,1,8
43833,foundation,0,0
43834,foundation,0,0
43835,foundation,0,0
43836,foundation,1,4
43837,foundation,0,9
43838,foundation,1,7
43839,foundation,1,10
43840,foundation,0,1
43841,foundation,0,0
43842,foundation,1,10
43843,foundation,1,10
43844,foundation,0,0
43845,foundation,0,2
43846,foundation,1,9
43847,foundation,0,1
43848,foundation,0,0
43849,foundation,1,10
43850,foundation,1,10
43851,foundation,0,1
43852,foundation,0,1
43853,foundation,0,0
43854,foundation,1,1
43855,foundation,0,0
43856,foundation,1,10
43857,foundation,0,0
43858,foundation,0,0
43859,foundation,0,0
43860,foundation,0,7
43861,foundation,0,0
43862,foundation,1,10
43863,foundation,0,0
43864,foundation,1,8
43865,foundation,1,10
43866,foundation,1,10
43867,foundation,0,0
43868,foundation,0,0
43869,foundation,0,10
43870,foundation,0,0
43871,foundation,1,8
43872,foundation,0,0
43873,foundation,0,0
43874,foundation,1,10
43875,foundation,0,8
43877,foundation,0,0
43878,foundation,1,10
43879,foundation,0,8
43880,foundation,0,0
43881,foundation,0,0
43882,foundation,0,0
43883,foundation,0,3
43884,foundation,0,2
43885,foundation,1,8
43886,foundation,1,10
43887,foundation,0,1
43888,foundation,0,0
43889,foundation,0,7
43890,foundation,0,0
43891,foundation,1,1
43892,foundation,1,10
43893,foundation,0,0
43894,foundation,1,9
43895,foundation,1,10
43896,foundation,1,7
43897,foundation,0,0
43898,foundation,1,10
43899,foundation,0,0
43900,foundation,1,10
43901,foundation,0,0
43902,foundation,0,0
43903,foundation,0,0
43904,foundation,0,0
43905,foundation,0,1
43907,foundation,0,0
43908,foundation,0,0
43909,foundation,0,0
43910,foundation,1,0
43911,foundation,0,9
43912,foundation,0,9
43913,foundation,0,0
43914,foundation,1,10
43915,foundation,0,2
43916,foundation,0,0
43917,foundation,0,0
43918,foundation,0,0
43919,foundation,0,6
43920,foundation,1,10
43921,foundation,0,4
43922,foundation,0,0
43923,foundation,1,8
43924,foundation,1,10
43925,foundation,0,1
43926,foundation,0,10
43927,foundation,0,7
43928,foundation,1,9
43929,foundation,1,10
43930,foundation,0,7
43931,foundation,0,8
43932,foundation,0,1
43933,foundation,0,0
43934,foundation,0,0
43935,foundation,1,9
43936,foundation,0,0
43937,foundation,0,1
43938,foundation,1,8
43939,foundation,1,4
43940,foundation,1,10
43941,foundation,1,0
43942,foundation,1,10
43943,foundation,1,9
43944,foundation,0,0
43945,foundation,0,1
43946,foundation,1,1
43947,foundation,1,9
43949,foundation,0,3
43950,foundation,1,10
43951,foundation,1,10
43952,foundation,1,10
43953,foundation,0,0
43954,foundation,0,1
43955,foundation,1,10
43956,foundation,0,0
43957,foundation,0,0
43958,foundation,0,0
43959,foundation,0,5
43960,foundation,0,2
43961,foundation,0,0
43962,foundation,1,10
43965,foundation,0,8
43966,foundation,0,0
43967,foundation,0,0
43968,foundation,0,0
43970,foundation,1,10
43971,foundation,0,0
43972,foundation,1,9
43973,foundation,1,1
43974,foundation,0,3
43975,foundation,1,10
43976,foundation,1,10
43978,foundation,0,0
43979,foundation,1,9
43980,foundation,0,0
43981,foundation,0,0
43982,foundation,0,0
43984,foundation,0,1
43985,foundation,0,0
43986,foundation,0,0
43987,foundation,1,9
43988,foundation,1,10
43989,foundation,0,0
43990,foundation,1,8
43991,foundation,1,10
43992,foundation,1,10
43993,foundation,0,8
43994,foundation,0,9
43995,foundation,1,8
43996,foundation,1,10
43997,foundation,1,8
44131,foundation,0,0
44132,foundation,1,9
44133,foundation,0,0
44134,foundation,0,1
44135,foundation,0,0
44136,foundation,0,0
44137,foundation,0,1
44138,foundation,0,0
44139,foundation,0,1
44140,foundation,0,0
44141,foundation,0,9
44142,foundation,0,0
44143,foundation,0,2
44144,foundation,0,0
44145,foundation,0,0
44146,foundation,0,0
44147,foundation,0,0
44148,foundation,0,9
44149,foundation,0,0
44150,foundation,0,0
44151,foundation,0,0
44152,foundation,0,0
44154,foundation,0,0
44155,foundation,0,0
44156,foundation,0,0
44160,foundation,0,1
44161,foundation,0,0
44162,foundation,0,0
44163,foundation,0,0
44164,foundation,0,0
44165,foundation,0,0
44166,foundation,0,0
44168,foundation,0,1
44170,foundation,0,0
44171,foundation,0,0
44172,foundation,0,0
44173,foundation,0,1
44174,foundation,0,0
44175,foundation,0,0
44176,foundation,0,0
44177,foundation,0,1
44178,foundation,0,0
44179,foundation,0,0
44180,foundation,0,0
44181,foundation,0,0
44182,foundation,0,0
44183,foundation,0,0
44184,foundation,0,1
44185,foundation,0,0
44186,foundation,0,1
44187,foundation,0,0
44188,foundation,0,0
44189,foundation,0,0
44190,foundation,0,0
44191,foundation,0,0
44192,foundation,0,0
44193,foundation,1,10
44194,foundation,0,0
44195,foundation,0,0
44196,foundation,0,0
44198,foundation,0,0
44199,foundation,0,0
44200,foundation,0,0
44201,foundation,0,1
44202,foundation,0,0
44203,foundation,0,0
44204,foundation,0,0
44205,foundation,1,10
44206,foundation,0,0
44207,foundation,0,0
44209,foundation,0,8
44210,foundation,0,1
44211,foundation,0,1
44212,foundation,0,0
44213,foundation,0,0
44214,foundation,0,1
44215,foundation,0,1
44217,foundation,0,0
44218,foundation,0,0
44219,foundation,0,0
44220,foundation,0,0
44224,foundation,0,0
44227,foundation,0,0
44228,foundation,0,1
44229,foundation,0,0
44230,foundation,0,0
44231,foundation,0,0
44232,foundation,0,0
44233,foundation,0,0
44234,foundation,0,1
44235,foundation,0,1
44236,foundation,1,10
44237,foundation,0,1
44238,foundation,0,0
44239,foundation,0,0
44240,foundation,0,0
44241,foundation,0,0
44242,foundation,0,1
44243,foundation,0,0
44245,foundation,0,0
44246,foundation,0,0
44247,foundation,0,0
44248,foundation,0,0
44249,foundation,0,1
44250,foundation,0,1
44251,foundation,0,0
44252,foundation,1,0
44253,foundation,0,0
44254,foundation,1,10
44255,foundation,1,10
44256,foundation,1,10
44257,foundation,0,0
44258,foundation,0,0
44259,foundation,0,1
44260,foundation,0,0
44263,foundation,0,7
44264,foundation,0,6
44265,foundation,1,7
44268,foundation,0,0
44269,foundation,1,9
44270,foundation,0,0
44272,foundation,0,0
44273,foundation,0,0
44274,foundation,0,0
44275,foundation,0,0
44467,foundation,0,1
44468,foundation,0,0
44470,foundation,1,0
44472,foundation,0,0
44473,foundation,1,9
44474,foundation,0,0
44475,foundation,0,0
44476,foundation,0,1
44477,foundation,0,0
44478,foundation,1,10
44479,foundation,0,0
44480,foundation,0,0
44481,foundation,1,8
44482,foundation,1,0
44483,foundation,0,0
44484,foundation,0,0
44485,foundation,0,0
44486,foundation,0,0
44487,foundation,0,0
44488,foundation,0,0
44489,foundation,1,9
44490,foundation,0,0
44491,foundation,0,5
44492,foundation,0,0
44493,foundation,0,0
44495,foundation,0,0
44496,foundation,0,1
44498,foundation,0,0
44500,foundation,0,0
44501,foundation,0,0
44502,foundation,0,0
44503,foundation,0,0
44504,foundation,0,1
44505,foundation,0,1
44506,foundation,0,1
44507,foundation,0,0
44508,foundation,1,10
44509,foundation,0,0
44510,foundation,0,0
44511,foundation,0,0
44512,foundation,0,0
44513,foundation,0,1
44514,foundation,0,0
44515,foundation,0,0
44516,foundation,0,0
44517,foundation,0,0
44518,foundation,0,2
44519,foundation,0,9
44520,foundation,0,1
44521,foundation,0,0
44522,foundation,1,10
44523,foundation,0,0
44524,foundation,0,0
44525,foundation,0,0
44526,foundation,0,1
44527,foundation,0,0
44528,foundation,0,0
44529,foundation,0,0
44530,foundation,0,3
44531,foundation,1,5
44532,foundation,0,3
44533,foundation,0,0
44534,foundation,0,0
44535,foundation,0,0
44536,foundation,0,1
44537,foundation,0,0
44538,foundation,0,0
44539,foundation,0,0
44540,foundation,0,1
44541,foundation,1,8
44542,foundation,1,10
44543,foundation,0,0
44544,foundation,0,0
44545,foundation,0,0
44546,foundation,0,0
44547,foundation,0,0
44548,foundation,0,0
44549,foundation,0,0
44550,foundation,0,0
44551,foundation,0,0
44552,foundation,0,1
44553,foundation,1,10
44554,foundation,0,0
44555,foundation,0,0
44556,foundation,0,1
44557,foundation,0,0
44558,foundation,0,0
44559,foundation,0,1
44560,foundation,0,0
44561,foundation,0,0
44562,foundation,0,0
44563,foundation,0,0
44564,foundation,0,0
44565,foundation,1,7
44566,foundation,1,10
44567,foundation,1,4
44568,foundation,0,0
44569,foundation,0,0
44570,foundation,0,1
44571,foundation,0,0
44572,foundation,0,1
44573,foundation,0,0
44574,foundation,0,0
44575,foundation,0,1
44576,foundation,0,0
44577,foundation,1,9
44578,foundation,0,0
44579,foundation,0,0
44580,foundation,1,9
44581,foundation,1,10
44582,foundation,0,2
44583,foundation,0,0
44584,foundation,0,0
44585,foundation,0,5
44586,foundation,0,0
44890,foundation,1,9
44891,foundation,0,2
44892,foundation,1,10
44893,foundation,0,0
44894,foundation,0,3
44895,foundation,1,8
44896,foundation,0,0
44897,foundation,1,10
44898,foundation,0,1
44899,foundation,0,0
44900,foundation,1,8
44901,foundation,0,0
44902,foundation,0,0
44903,foundation,0,8
44904,foundation,0,0
44905,foundation,0,0
44906,foundation,1,0
44907,foundation,0,0
44908,foundation,0,0
44909,foundation,1,10
44910,foundation,0,1
44911,foundation,1,10
44912,foundation,1,10
44913,foundation,0,0
44914,foundation,1,2
44915,foundation,1,10
44916,foundation,0,0
44917,foundation,1,7
44918,foundation,0,0
44919,foundation,0,0
44920,foundation,1,8
44921,foundation,0,0
44922,foundation,1,10
44923,foundation,0,0
44924,foundation,0,1
44925,foundation,1,9
44926,foundation,1,7
44927,foundation,0,0
44928,foundation,0,0
44929,foundation,0,3
44930,foundation,1,10
44931,foundation,0,0
44932,foundation,0,0
44933,foundation,1,9
44934,foundation,1,10
44935,foundation,0,0
44936,foundation,0,0
44937,foundation,1,8
44938,foundation,1,10
44939,foundation,0,0
44940,foundation,0,1
44941,foundation,0,10
44942,foundation,1,8
44943,foundation,0,1
44944,foundation,0,0
44946,foundation,0,0
44947,foundation,1,9
44948,foundation,1,0
44949,foundation,0,0
44950,foundation,1,0
44951,foundation,0,0
44952,foundation,0,0
44953,foundation,0,0
44954,foundation,0,8
44955,foundation,1,9
44956,foundation,0,0
44957,foundation,0,0
44958,foundation,1,7
44959,foundation,0,0
44960,foundation,0,0
44961,foundation,1,10
44962,foundation,0,0
44963,foundation,0,0
44964,foundation,0,0
44965,foundation,1,0
44966,foundation,0,9
44967,foundation,0,0
44968,foundation,0,0
44969,foundation,1,8
44970,foundation,0,0
44971,foundation,0,0
44972,foundation,1,9
44973,foundation,0,1
44974,foundation,0,0
44975,foundation,1,9
44976,foundation,0,0
44977,foundation,0,0
44978,foundation,0,2
44979,foundation,0,0
44980,foundation,1,10
44981,foundation,0,1
44982,foundation,0,0
44983,foundation,1,10
44985,foundation,1,0
44986,foundation,0,0
44988,foundation,1,10
44989,foundation,1,10
44990,foundation,0,1
44991,foundation,0,0
44992,foundation,0,0
44993,foundation,1,3
44994,foundation,0,0
44995,foundation,1,9
44996,foundation,1,4
44997,foundation,1,10
44998,foundation,0,0
44999,foundation,0,0
45000,foundation,0,0
45001,foundation,1,10
45002,foundation,0,1
45003,foundation,0,2
45004,foundation,1,10
45005,foundation,0,0
45006,foundation,1,10
45007,foundation,0,0
45008,foundation,0,1
45009,foundation,0,0
45010,foundation,0,0
45011,foundation,0,0
45013,foundation,0,9
45014,foundation,1,9
45015,foundation,1,9
45016,foundation,0,0
45017,foundation,0,0
45018,foundation,0,0
45019,foundation,1,10
45020,foundation,1,8
45022,foundation,0,0
45023,foundation,0,0
45024,foundation,1,0
45025,foundation,0,0
45026,foundation,0,0
45027,foundation,0,1
45028,foundation,0,0
45029,foundation,0,1
45030,foundation,0,0
45031,foundation,0,0
45032,foundation,1,10
45033,foundation,1,10
45035,foundation,1,7
45036,foundation,0,0
45037,foundation,1,6
45038,foundation,0,0
45039,foundation,0,0
45040,foundation,0,0
45041,foundation,0,0
45042,foundation,0,0
45043,foundation,0,0
45044,foundation,0,0
45045,foundation,0,0
45046,foundation,1,10
45047,foundation,1,10
45048,foundation,0,0
45049,foundation,0,0
45050,foundation,0,0
45051,foundation,0,0
45052,foundation,1,10
45053,foundation,1,9
45054,foundation,0,1
45055,foundation,0,0
45056,foundation,1,8
45057,foundation,0,0
45058,foundation,1,7
45059,foundation,1,10
45060,foundation,0,4
45061,foundation,1,7
45062,foundation,0,0
45063,foundation,0,0
45064,foundation,0,0
45065,foundation,0,1
45066,foundation,0,0
45067,foundation,0,0
45068,foundation,0,1
45069,foundation,0,0
45070,foundation,0,0
45071,foundation,0,0
45072,foundation,0,0
45073,foundation,0,0
45074,foundation,0,0
45075,foundation,0,0
45077,foundation,0,0
45078,foundation,0,0
45079,foundation,0,0
45080,foundation,0,0
45081,foundation,0,0
45082,foundation,0,0
45083,foundation,0,0
45084,foundation,0,1
45086,foundation,0,0
45088,foundation,0,0
45089,foundation,0,0
45090,foundation,0,0
45091,foundation,0,0
45092,foundation,0,0
45093,foundation,0,6
45094,foundation,0,1
45095,foundation,0,1
45096,foundation,0,0
45097,foundation,0,0
45098,foundation,0,0
45099,foundation,0,2
45100,foundation,0,0
45101,foundation,0,0
45102,foundation,0,0
45103,foundation,0,1
45104,foundation,0,1
45106,foundation,0,1
45107,foundation,0,0
45108,foundation,0,0
45109,foundation,0,1
45110,foundation,0,0
45111,foundation,0,0
45112,foundation,0,0
45113,foundation,0,0
45114,foundation,0,0
45115,foundation,0,1
45116,foundation,0,0
45117,foundation,0,0
45118,foundation,0,0
45119,foundation,0,0
45120,foundation,0,0
45121,foundation,0,0
45122,foundation,0,0
45123,foundation,0,0
45124,foundation,0,0
45125,foundation,0,1
45126,foundation,0,0
45127,foundation,0,0
45128,foundation,0,0
45129,foundation,0,0
45130,foundation,0,0
45131,foundation,0,0
45132,foundation,0,0
45133,foundation,0,0
45134,foundation,0,0
45285,foundation,0,0
45286,foundation,0,0
45287,foundation,0,0
45288,foundation,0,0
45289,foundation,1,10
45290,foundation,0,1
45291,foundation,0,2
45292,foundation,1,10
45293,foundation,1,10
45294,foundation,0,2
45295,foundation,0,8
45296,foundation,0,0
45297,foundation,0,1
45298,foundation,0,0
45299,foundation,1,7
45300,foundation,0,0
45301,foundation,1,7
45302,foundation,0,10
45303,foundation,1,10
45304,foundation,0,0
45305,foundation,1,10
45306,foundation,1,10
45307,foundation,1,10
45308,foundation,0,2
45309,foundation,0,0
45310,foundation,1,9
45311,foundation,1,10
45312,foundation,0,0
45313,foundation,1,10
45314,foundation,0,0
45315,foundation,1,10
45316,foundation,0,0
45317,foundation,1,10
45318,foundation,1,10
45319,foundation,1,9
45320,foundation,1,10
45321,foundation,0,0
45323,foundation,0,0
45324,foundation,1,7
45325,foundation,0,0
45326,foundation,0,1
45327,foundation,0,0
45328,foundation,1,10
45329,foundation,0,2
45330,foundation,0,0
45331,foundation,0,0
45332,foundation,1,10
45334,foundation,0,0
45335,foundation,1,10
45337,foundation,1,8
45338,foundation,1,6
45339,foundation,0,0
45340,foundation,1,9
45341,foundation,1,8
45342,foundation,0,0
45343,foundation,1,10
45344,foundation,1,0
45345,foundation,0,0
45346,foundation,1,8
45347,foundation,0,0
45348,foundation,0,0
45349,foundation,1,10
45350,foundation,1,10
45351,foundation,1,10
45352,foundation,1,10
45353,foundation,0,0
45354,foundation,0,0
45355,foundation,1,10
45356,foundation,0,9
45357,foundation,0,0
45358,foundation,1,10
45359,foundation,1,8
45360,foundation,0,1
45361,foundation,0,0
45362,foundation,0,7
45363,foundation,1,9
45364,foundation,1,10
45365,foundation,1,10
45366,foundation,1,10
45367,foundation,1,10
45368,foundation,0,0
45369,foundation,0,0
45370,foundation,1,10
45372,foundation,0,1
45373,foundation,0,0
45374,foundation,0,0
45375,foundation,0,0
45376,foundation,1,10
45377,foundation,0,1
45378,foundation,0,0
45379,foundation,0,1
45380,foundation,1,9
45381,foundation,0,0
45382,foundation,0,10
45383,foundation,1,10
45384,foundation,0,0
45385,foundation,1,1
45386,foundation,1,0
45387,foundation,1,1
45388,foundation,0,0
45389,foundation,1,10
45390,foundation,1,0
45391,foundation,0,4
45392,foundation,0,0
45393,foundation,1,9
45394,foundation,1,10
45395,foundation,0,1
45396,foundation,1,0
45397,foundation,0,1
45398,foundation,1,1
45399,foundation,0,0
45400,foundation,1,10
45401,foundation,0,0
45402,foundation,0,0
45403,foundation,0,7
45404,foundation,0,2
45405,foundation,0,0
45406,foundation,0,8
45407,foundation,0,1
45408,foundation,1,0
45409,foundation,1,10
45410,foundation,1,0
45411,foundation,0,0
45412,foundation,0,0
45414,foundation,0,0
45415,foundation,1,10
45416,foundation,0,0
45417,foundation,1,8
45418,foundation,0,0
45419,foundation,0,0
45420,foundation,0,0
45421,foundation,1,6
45422,foundation,0,0
45423,foundation,1,9
45424,foundation,0,2
45425,foundation,0,0
45426,foundation,0,1
45427,foundation,0,1
45428,foundation,1,10
45429,foundation,0,0
45430,foundation,0,9
45431,foundation,1,10
45432,foundation,0,0
45433,foundation,1,8
45434,foundation,1,10
45435,foundation,0,0
45436,foundation,0,0
45437,foundation,1,10
45438,foundation,1,7
45439,foundation,0,0
45440,foundation,0,0
45441,foundation,1,10
45442,foundation,0,2
45443,foundation,1,9
45444,foundation,1,0
45445,foundation,0,0
45446,foundation,1,7
45447,foundation,1,9
45448,foundation,0,0
45449,foundation,1,10
45450,foundation,1,10
45451,foundation,1,10
45452,foundation,1,10
45453,foundation,1,8
45454,foundation,0,0
45455,foundation,1,9
45456,foundation,1,8
45457,foundation,1,10
45458,foundation,1,10
45459,foundation,0,8
45460,foundation,0,0
45461,foundation,1,10
45462,foundation,1,10
45463,foundation,1,0
45464,foundation,1,10
45465,foundation,0,0
45466,foundation,0,0
45467,foundation,0,0
45468,foundation,1,10
45469,foundation,1,10
45470,foundation,0,0
45471,foundation,0,10
45472,foundation,0,0
45473,foundation,0,0
45474,foundation,0,4
45475,foundation,1,10
45476,foundation,0,0
45477,foundation,0,0
45478,foundation,1,10
45479,foundation,0,0
45480,foundation,1,10
45481,foundation,1,10
45483,foundation,1,10
45484,foundation,1,8
45485,foundation,1,10
45486,foundation,1,10
45487,foundation,0,1
45488,foundation,1,10
45489,foundation,0,9
45490,foundation,1,7
45491,foundation,1,10
45492,foundation,1,7
45493,foundation,1,6
45494,foundation,1,10
328,emulsion,1,10
329,emulsion,0,0
330,emulsion,0,0
332,emulsion,0,0
333,emulsion,0,0
334,emulsion,0,1
335,emulsion,0,0
336,emulsion,0,0
337,emulsion,0,0
650,emulsion,0,0
651,emulsion,0,0
652,emulsion,0,0
653,emulsion,0,0
654,emulsion,0,0
655,emulsion,0,0
656,emulsion,0,0
657,emulsion,0,0
658,emulsion,0,0
1001,emulsion,0,0
1002,emulsion,0,0
1003,emulsion,0,1
1004,emulsion,0,0
1006,emulsion,1,9
1007,emulsion,0,0
1008,emulsion,0,1
1009,emulsion,0,0
1010,emulsion,0,0
1341,emulsion,0,0
1343,emulsion,0,0
1344,emulsion,0,0
1345,emulsion,0,0
1346,emulsion,0,0
1347,emulsion,0,0
1348,emulsion,0,0
1349,emulsion,0,0
1350,emulsion,0,1
1982,emulsion,0,0
1983,emulsion,0,0
1984,emulsion,0,0
1985,emulsion,0,0
1986,emulsion,0,1
1987,emulsion,0,1
1988,emulsion,0,0
1989,emulsion,0,0
1990,emulsion,0,0
1991,emulsion,0,0
1992,emulsion,0,0
1993,emulsion,0,0
1994,emulsion,0,0
1995,emulsion,0,0
1998,emulsion,0,0
1999,emulsion,0,0
2000,emulsion,0,0
2001,emulsion,0,0
2424,emulsion,1,9
2426,emulsion,0,1
2427,emulsion,0,1
2428,emulsion,0,0
2430,emulsion,0,0
2431,emulsion,0,1
2432,emulsion,0,0
2760,emulsion,0,0
2762,emulsion,0,0
2763,emulsion,0,0
2765,emulsion,0,1
2766,emulsion,0,0
2767,emulsion,0,0
2768,emulsion,0,1
2769,emulsion,0,0
2770,emulsion,0,0
2771,emulsion,0,0
2772,emulsion,0,0
2773,emulsion,0,0
2774,emulsion,0,0
2775,emulsion,0,0
2776,emulsion,0,0
2778,emulsion,0,0
2779,emulsion,0,1
2780,emulsion,0,0
2781,emulsion,0,0
2782,emulsion,0,0
2783,emulsion,0,0
2784,emulsion,0,0
2785,emulsion,0,0
2787,emulsion,0,0
2788,emulsion,0,1
2790,emulsion,0,0
2791,emulsion,0,0
2792,emulsion,0,0
2794,emulsion,0,0
2795,emulsion,0,0
2796,emulsion,0,0
2797,emulsion,0,0
2798,emulsion,0,0
3411,emulsion,0,0
3412,emulsion,0,0
3413,emulsion,0,2
3414,emulsion,1,3
3415,emulsion,0,0
3416,emulsion,0,1
3417,emulsion,0,0
3418,emulsion,0,0
3419,emulsion,0,0
3420,emulsion,1,1
3421,emulsion,0,0
3422,emulsion,0,4
3423,emulsion,1,10
3424,emulsion,1,10
3425,emulsion,0,1
3426,emulsion,0,0
3427,emulsion,0,0
3429,emulsion,0,0
3430,emulsion,0,1
3431,emulsion,0,2
3432,emulsion,0,1
3433,emulsion,0,0
3434,emulsion,0,0
3435,emulsion,0,0
3436,emulsion,0,0
3437,emulsion,0,1
3438,emulsion,1,8
3439,emulsion,0,0
3440,emulsion,1,10
3441,emulsion,0,0
3442,emulsion,0,1
3443,emulsion,0,0
3444,emulsion,1,4
3445,emulsion,0,0
3446,emulsion,0,3
3447,emulsion,0,1
3448,emulsion,0,1
3449,emulsion,0,0
3450,emulsion,0,0
3451,emulsion,0,0
3452,emulsion,1,10
3453,emulsion,0,1
3454,emulsion,1,3
3455,emulsion,1,10
3456,emulsion,0,0
3457,emulsion,1,10
3459,emulsion,1,1
3460,emulsion,0,0
3461,emulsion,0,0
3462,emulsion,0,0
3463,emulsion,0,2
3464,emulsion,0,0
3465,emulsion,1,10
3466,emulsion,1,10
3468,emulsion,0,2
3469,emulsion,1,1
3470,emulsion,0,0
3471,emulsion,0,4
3472,emulsion,0,0
3473,emulsion,0,0
3474,emulsion,0,1
3475,emulsion,0,1
3476,emulsion,0,0
3477,emulsion,0,0
3478,emulsion,0,0
3479,emulsion,1,10
3480,emulsion,1,10
3481,emulsion,0,0
3483,emulsion,0,4
3484,emulsion,0,0
3485,emulsion,0,1
3486,emulsion,0,0
3488,emulsion,1,0
3489,emulsion,1,10
3490,emulsion,0,0
3491,emulsion,0,4
3492,emulsion,0,3
3493,emulsion,1,10
3494,emulsion,0,0
3495,emulsion,1,10
3496,emulsion,0,0
3498,emulsion,1,10
3499,emulsion,0,0
3500,emulsion,0,0
3501,emulsion,0,0
3502,emulsion,0,0
3503,emulsion,0,0
3504,emulsion,0,1
3505,emulsion,0,0
3506,emulsion,0,0
3507,emulsion,0,0
3508,emulsion,0,2
3509,emulsion,0,2
3510,emulsion,0,0
3511,emulsion,0,8
3512,emulsion,0,0
3513,emulsion,0,0
3514,emulsion,0,0
3515,emulsion,0,0
3516,emulsion,1,10
3517,emulsion,0,1
3518,emulsion,0,1
3519,emulsion,1,10
3520,emulsion,0,0
3522,emulsion,0,0
3523,emulsion,1,10
3524,emulsion,1,0
3525,emulsion,0,1
3526,emulsion,1,10
3527,emulsion,0,1
3528,emulsion,0,2
3529,emulsion,0,0
3530,emulsion,1,7
3531,emulsion,1,9
3532,emulsion,0,0
3533,emulsion,0,0
3534,emulsion,0,0
3535,emulsion,0,0
3536,emulsion,0,0
3537,emulsion,1,4
3538,emulsion,1,0
3539,emulsion,1,1
3540,emulsion,0,0
3541,emulsion,1,6
3542,emulsion,0,0
3543,emulsion,0,0
3544,emulsion,0,0
3545,emulsion,0,1
3547,emulsion,0,0
3548,emulsion,0,1
3549,emulsion,0,1
3551,emulsion,0,1
3552,emulsion,0,0
3553,emulsion,0,0
3554,emulsion,0,1
3555,emulsion,0,0
3556,emulsion,0,0
3557,emulsion,0,1
3558,emulsion,0,0
3559,emulsion,0,1
3560,emulsion,0,0
3561,emulsion,0,0
3562,emulsion,0,0
3563,emulsion,0,0
3565,emulsion,0,0
3566,emulsion,0,1
3567,emulsion,0,0
3568,emulsion,1,10
3569,emulsion,0,1
3570,emulsion,0,0
3572,emulsion,0,0
3573,emulsion,0,1
3574,emulsion,0,0
3575,emulsion,0,0
3576,emulsion,0,0
3577,emulsion,1,10
3578,emulsion,0,2
3579,emulsion,0,0
3580,emulsion,0,0
3581,emulsion,0,0
3582,emulsion,0,0
3583,emulsion,1,8
3584,emulsion,1,3
3585,emulsion,0,0
3586,emulsion,0,1
3587,emulsion,0,0
3588,emulsion,0,0
3589,emulsion,1,8
3590,emulsion,1,6
3591,emulsion,0,0
3592,emulsion,0,0
3593,emulsion,0,2
3594,emulsion,0,0
3595,emulsion,0,1
3596,emulsion,0,0
3597,emulsion,0,1
3598,emulsion,0,0
3599,emulsion,0,1
3600,emulsion,0,0
3601,emulsion,0,0
3602,emulsion,1,10
3603,emulsion,0,0
3604,emulsion,0,0
3605,emulsion,0,1
3606,emulsion,0,0
3607,emulsion,0,0
3608,emulsion,0,1
3609,emulsion,0,0
3610,emulsion,0,0
3611,emulsion,0,0
3612,emulsion,0,0
3613,emulsion,0,1
3614,emulsion,0,6
3616,emulsion,0,0
3617,emulsion,0,0
3618,emulsion,0,2
3619,emulsion,0,1
3620,emulsion,0,0
3621,emulsion,1,10
3622,emulsion,0,2
3623,emulsion,0,0
3624,emulsion,0,0
3625,emulsion,0,1
3626,emulsion,0,1
3627,emulsion,0,0
3628,emulsion,0,0
3629,emulsion,0,0
3630,emulsion,0,0
3631,emulsion,0,0
3632,emulsion,0,1
3633,emulsion,0,0
3634,emulsion,0,0
3635,emulsion,0,0
3636,emulsion,0,0
3637,emulsion,0,1
3638,emulsion,0,0
3639,emulsion,0,0
3640,emulsion,0,0
3641,emulsion,0,0
3642,emulsion,0,0
3643,emulsion,0,0
3644,emulsion,0,0
3645,emulsion,0,0
3646,emulsion,0,0
3647,emulsion,0,0
3648,emulsion,0,0
3649,emulsion,0,1
3650,emulsion,0,0
3651,emulsion,0,0
3652,emulsion,0,0
3653,emulsion,0,0
3654,emulsion,0,0
3655,emulsion,0,0
3657,emulsion,0,0
3658,emulsion,1,10
3660,emulsion,0,0
3661,emulsion,0,1
3662,emulsion,0,0
3663,emulsion,0,0
3664,emulsion,0,0
3666,emulsion,0,0
3667,emulsion,0,0
3668,emulsion,0,0
3669,emulsion,0,1
3671,emulsion,0,3
3672,emulsion,0,0
3673,emulsion,0,0
3674,emulsion,0,1
3675,emulsion,0,0
3676,emulsion,0,0
3678,emulsion,0,1
3679,emulsion,0,0
3680,emulsion,0,0
3681,emulsion,0,1
3682,emulsion,0,0
3683,emulsion,0,3
3686,emulsion,0,0
3687,emulsion,0,0
3688,emulsion,0,0
3871,emulsion,0,0
3872,emulsion,1,10
3873,emulsion,1,2
3874,emulsion,0,8
3876,emulsion,0,0
3877,emulsion,0,1
3878,emulsion,0,0
3879,emulsion,0,1
3880,emulsion,1,10
3881,emulsion,0,0
3882,emulsion,0,0
3883,emulsion,1,9
3884,emulsion,0,0
3885,emulsion,1,10
3886,emulsion,1,10
3887,emulsion,0,0
3888,emulsion,0,0
3889,emulsion,0,0
3890,emulsion,0,0
3891,emulsion,1,8
3893,emulsion,1,10
3894,emulsion,0,0
3895,emulsion,1,10
3896,emulsion,1,9
3897,emulsion,1,9
3898,emulsion,0,1
3899,emulsion,0,0
3900,emulsion,0,0
3901,emulsion,0,0
3903,emulsion,0,0
3905,emulsion,1,10
3906,emulsion,1,10
3907,emulsion,0,1
3909,emulsion,0,1
3910,emulsion,0,1
3911,emulsion,0,0
3912,emulsion,0,0
3914,emulsion,1,10
3915,emulsion,0,0
3916,emulsion,1,9
3917,emulsion,1,10
3918,emulsion,0,0
3919,emulsion,1,10
3920,emulsion,0,1
3921,emulsion,0,9
3922,emulsion,0,0
3923,emulsion,0,0
3924,emulsion,0,6
3925,emulsion,0,1
3926,emulsion,1,10
3927,emulsion,1,9
3928,emulsion,1,8
3929,emulsion,1,6
3930,emulsion,1,8
3931,emulsion,0,5
3932,emulsion,1,10
3933,emulsion,1,10
3935,emulsion,0,5
3936,emulsion,0,1
3938,emulsion,0,0
3942,emulsion,0,0
3944,emulsion,0,0
3945,emulsion,0,0
3946,emulsion,0,1
3947,emulsion,0,0
3948,emulsion,0,0
3949,emulsion,0,4
3950,emulsion,0,0
3951,emulsion,0,0
3952,emulsion,0,0
3953,emulsion,0,0
3954,emulsion,0,0
3955,emulsion,1,8
3956,emulsion,0,0
3957,emulsion,0,1
3958,emulsion,0,0
3960,emulsion,0,0
3961,emulsion,0,3
3962,emulsion,0,3
3963,emulsion,0,0
3964,emulsion,1,10
3965,emulsion,0,1
3966,emulsion,1,8
3967,emulsion,0,0
3969,emulsion,0,0
3970,emulsion,0,0
3971,emulsion,0,0
3973,emulsion,0,0
3974,emulsion,0,0
3975,emulsion,0,1
3976,emulsion,0,0
3977,emulsion,0,0
3978,emulsion,0,0
3979,emulsion,0,0
3980,emulsion,1,10
3981,emulsion,0,0
3982,emulsion,0,0
3983,emulsion,0,0
3985,emulsion,0,0
3986,emulsion,0,0
3987,emulsion,1,10
3988,emulsion,0,0
3989,emulsion,0,0
3990,emulsion,0,0
3991,emulsion,0,0
3992,emulsion,0,0
3993,emulsion,0,0
3994,emulsion,0,0
3995,emulsion,0,1
3996,emulsion,0,0
3997,emulsion,0,0
3998,emulsion,0,7
3999,emulsion,0,1
4000,emulsion,0,5
4243,emulsion,1,9
4244,emulsion,0,0
4245,emulsion,0,0
4246,emulsion,0,0
4247,emulsion,0,8
4248,emulsion,0,1
4249,emulsion,0,1
4250,emulsion,1,10
4252,emulsion,1,9
4253,emulsion,0,0
4254,emulsion,0,0
4255,emulsion,0,2
4256,emulsion,1,10
4257,emulsion,0,0
4258,emulsion,0,2
4259,emulsion,0,0
4260,emulsion,1,10
4261,emulsion,0,0
4262,emulsion,0,0
4263,emulsion,0,1
4264,emulsion,0,0
4266,emulsion,0,0
4268,emulsion,0,0
4269,emulsion,0,1
4270,emulsion,0,0
4271,emulsion,0,0
4272,emulsion,1,8
4273,emulsion,1,10
4274,emulsion,0,0
4275,emulsion,0,0
4276,emulsion,0,0
4277,emulsion,0,4
4278,emulsion,1,8
4279,emulsion,0,0
4280,emulsion,1,7
4281,emulsion,0,0
4282,emulsion,0,0
4283,emulsion,0,0
4284,emulsion,1,5
4286,emulsion,1,10
4287,emulsion,0,0
4288,emulsion,0,0
4290,emulsion,0,6
4291,emulsion,0,1
4292,emulsion,0,1
4293,emulsion,1,10
4294,emulsion,0,7
4295,emulsion,1,10
4296,emulsion,1,9
4297,emulsion,0,0
4299,emulsion,0,0
4300,emulsion,0,0
4301,emulsion,1,6
4302,emulsion,0,2
4303,emulsion,0,0
4305,emulsion,0,0
4306,emulsion,0,0
4307,emulsion,0,0
4308,emulsion,1,6
4309,emulsion,1,5
4310,emulsion,1,6
4311,emulsion,0,0
4312,emulsion,0,0
4313,emulsion,1,10
4314,emulsion,0,2
4315,emulsion,0,0
4316,emulsion,0,0
4317,emulsion,0,0
4318,emulsion,0,0
4319,emulsion,0,0
4320,emulsion,0,3
4321,emulsion,0,0
4322,emulsion,1,7
4323,emulsion,0,1
4324,emulsion,1,7
4325,emulsion,0,0
4326,emulsion,0,1
4327,emulsion,0,0
4328,emulsion,1,8
4329,emulsion,0,0
4330,emulsion,0,1
4332,emulsion,0,0
4333,emulsion,0,0
4334,emulsion,1,10
4337,emulsion,0,0
4338,emulsion,1,1
4339,emulsion,1,9
4340,emulsion,0,0
4342,emulsion,0,3
4343,emulsion,1,10
4344,emulsion,0,0
4345,emulsion,0,2
4346,emulsion,1,8
4347,emulsion,0,0
4348,emulsion,1,6
4349,emulsion,1,10
4350,emulsion,0,0
4351,emulsion,0,0
4352,emulsion,1,10
4353,emulsion,0,0
4354,emulsion,1,10
4355,emulsion,1,9
4356,emulsion,0,0
4357,emulsion,1,10
4358,emulsion,1,10
4359,emulsion,0,0
4360,emulsion,1,10
4361,emulsion,0,2
4362,emulsion,0,0
4363,emulsion,1,10
4364,emulsion,0,0
4366,emulsion,0,0
4367,emulsion,0,0
4368,emulsion,0,3
4369,emulsion,1,10
4371,emulsion,1,10
4372,emulsion,0,0
4373,emulsion,0,0
4374,emulsion,1,8
4376,emulsion,1,10
4378,emulsion,1,10
4379,emulsion,1,10
4380,emulsion,1,10
4381,emulsion,0,0
4383,emulsion,0,9
4384,emulsion,1,10
4664,emulsion,0,0
4665,emulsion,0,1
4667,emulsion,0,0
4668,emulsion,1,6
4669,emulsion,1,10
4670,emulsion,0,0
4671,emulsion,0,1
4672,emulsion,0,0
4673,emulsion,0,0
4674,emulsion,1,10
4675,emulsion,1,10
4676,emulsion,0,0
4677,emulsion,1,7
4678,emulsion,1,0
4679,emulsion,0,0
4680,emulsion,1,3
4682,emulsion,1,7
4684,emulsion,0,0
4685,emulsion,0,1
4686,emulsion,1,9
4687,emulsion,1,10
4688,emulsion,0,0
4689,emulsion,0,0
4690,emulsion,1,10
4691,emulsion,1,10
4692,emulsion,0,0
4693,emulsion,1,10
4694,emulsion,1,0
4695,emulsion,0,0
4697,emulsion,1,1
4698,emulsion,0,0
4699,emulsion,1,10
4700,emulsion,1,7
4701,emulsion,0,1
4703,emulsion,0,0
4704,emulsion,1,10
4705,emulsion,0,0
4706,emulsion,0,0
4707,emulsion,0,7
4709,emulsion,0,2
4710,emulsion,0,0
4711,emulsion,0,1
4712,emulsion,1,1
4713,emulsion,0,1
4714,emulsion,0,7
4715,emulsion,0,7
4716,emulsion,1,8
4717,emulsion,1,7
4718,emulsion,1,10
4719,emulsion,1,10
4720,emulsion,0,0
4721,emulsion,0,0
4722,emulsion,1,7
4723,emulsion,1,1
4724,emulsion,1,10
4726,emulsion,1,10
4727,emulsion,0,0
4728,emulsion,1,8
4729,emulsion,1,5
4730,emulsion,0,0
4731,emulsion,0,0
4732,emulsion,1,0
4733,emulsion,1,10
4734,emulsion,0,0
4735,emulsion,1,8
4736,emulsion,1,9
4737,emulsion,0,0
4738,emulsion,0,0
4739,emulsion,0,1
4740,emulsion,1,10
4741,emulsion,1,10
4742,emulsion,0,3
4743,emulsion,0,3
4744,emulsion,0,1
4745,emulsion,0,0
4746,emulsion,0,0
4747,emulsion,1,2
4748,emulsion,0,1
4749,emulsion,0,1
4750,emulsion,0,0
4751,emulsion,0,1
4752,emulsion,0,0
4753,emulsion,1,0
4754,emulsion,1,4
4755,emulsion,1,10
4756,emulsion,0,1
4757,emulsion,0,0
4758,emulsion,1,10
4759,emulsion,1,10
4760,emulsion,0,0
4761,emulsion,0,0
4762,emulsion,1,10
4763,emulsion,0,0
4764,emulsion,1,10
4765,emulsion,0,7
4767,emulsion,0,0
4768,emulsion,0,0
4769,emulsion,0,0
4770,emulsion,1,9
4771,emulsion,0,0
4772,emulsion,0,0
4773,emulsion,1,10
4774,emulsion,0,1
4776,emulsion,0,0
4777,emulsion,0,0
4778,emulsion,1,8
4779,emulsion,0,0
4780,emulsion,1,9
4781,emulsion,0,0
4782,emulsion,0,0
4784,emulsion,0,0
4785,emulsion,0,0
4786,emulsion,0,0
4787,emulsion,1,10
4788,emulsion,0,0
4789,emulsion,1,4
4790,emulsion,1,10
4791,emulsion,1,10
4792,emulsion,1,2
4793,emulsion,0,6
4794,emulsion,0,0
4795,emulsion,0,8
4796,emulsion,0,0
4797,emulsion,0,0
4798,emulsion,1,5
4799,emulsion,0,0
4800,emulsion,0,2
4801,emulsion,1,6
4802,emulsion,1,8
4803,emulsion,1,7
4804,emulsion,1,10
4805,emulsion,0,0
4806,emulsion,0,6
4807,emulsion,0,5
4808,emulsion,0,10
4809,emulsion,1,5
4810,emulsion,0,3
4811,emulsion,0,0
4812,emulsion,0,0
4813,emulsion,0,0
4815,emulsion,1,10
4816,emulsion,1,1
4817,emulsion,0,0
4818,emulsion,0,0
4819,emulsion,1,9
4820,emulsion,0,0
4821,emulsion,1,7
4822,emulsion,1,10
4823,emulsion,1,10
4824,emulsion,0,0
4825,emulsion,1,0
4827,emulsion,0,0
4828,emulsion,0,5
4829,emulsion,0,0
4830,emulsion,1,10
4832,emulsion,0,1
4833,emulsion,1,10
4834,emulsion,0,0
4836,emulsion,1,10
4837,emulsion,1,6
4839,emulsion,1,8
4840,emulsion,0,0
4841,emulsion,1,5
4842,emulsion,1,10
4844,emulsion,1,10
4845,emulsion,1,1
4846,emulsion,1,2
4847,emulsion,0,0
4848,emulsion,0,0
4849,emulsion,0,0
4850,emulsion,1,8
4851,emulsion,1,10
4852,emulsion,0,0
4853,emulsion,0,0
4854,emulsion,0,1
4855,emulsion,1,9
4856,emulsion,0,2
4857,emulsion,0,1
4859,emulsion,1,10
4860,emulsion,0,0
4861,emulsion,0,0
4862,emulsion,1,10
4863,emulsion,0,0
4864,emulsion,0,0
4865,emulsion,0,7
4866,emulsion,1,6
4867,emulsion,0,0
4868,emulsion,0,0
4869,emulsion,0,1
4870,emulsion,0,0
4872,emulsion,0,0
4873,emulsion,1,4
4874,emulsion,1,8
4875,emulsion,1,7
4876,emulsion,1,10
4877,emulsion,0,0
4878,emulsion,0,0
4879,emulsion,1,1
4880,emulsion,0,0
4881,emulsion,1,9
4882,emulsion,0,1
4883,emulsion,0,0
4884,emulsion,0,5
4886,emulsion,0,1
4887,emulsion,0,0
4888,emulsion,0,2
4889,emulsion,1,10
4890,emulsion,0,0
4891,emulsion,0,0
4892,emulsion,0,0
4893,emulsion,0,0
4894,emulsion,0,0
4895,emulsion,1,10
4896,emulsion,0,0
4897,emulsion,0,1
4899,emulsion,1,9
4900,emulsion,1,10
4901,emulsion,0,0
4902,emulsion,0,0
4903,emulsion,0,0
4904,emulsion,1,2
4905,emulsion,0,0
4906,emulsion,0,0
4907,emulsion,1,6
4908,emulsion,1,10
4909,emulsion,1,8
4910,emulsion,0,0
4911,emulsion,1,0
4912,emulsion,0,0
4913,emulsion,0,2
4914,emulsion,0,1
4915,emulsion,0,0
4916,emulsion,0,0
4917,emulsion,1,9
4918,emulsion,1,10
4919,emulsion,1,1
4920,emulsion,0,5
4921,emulsion,1,10
4922,emulsion,0,0
4923,emulsion,1,10
4924,emulsion,1,10
5086,emulsion,0,0
5087,emulsion,0,0
5088,emulsion,0,0
5089,emulsion,1,0
5090,emulsion,0,0
5092,emulsion,0,0
5093,emulsion,0,0
5094,emulsion,0,0
5095,emulsion,0,0
5096,emulsion,0,1
5097,emulsion,0,0
5098,emulsion,0,0
5099,emulsion,0,0
5100,emulsion,0,0
5101,emulsion,0,0
5102,emulsion,0,0
5103,emulsion,0,0
5105,emulsion,0,0
5106,emulsion,0,0
5107,emulsion,0,0
5109,emulsion,0,0
5110,emulsion,0,0
5111,emulsion,0,1
5112,emulsion,0,0
5113,emulsion,0,0
5114,emulsion,0,0
5116,emulsion,0,0
5117,emulsion,0,1
5119,emulsion,0,0
5120,emulsion,0,0
5121,emulsion,0,0
5122,emulsion,0,0
5123,emulsion,0,0
5124,emulsion,0,1
5125,emulsion,0,0
5126,emulsion,0,0
5127,emulsion,0,0
5128,emulsion,0,0
5129,emulsion,0,0
5130,emulsion,0,0
5131,emulsion,0,0
5132,emulsion,0,0
5133,emulsion,0,0
5135,emulsion,0,1
5136,emulsion,0,0
5137,emulsion,0,1
5138,emulsion,0,0
5139,emulsion,0,0
5140,emulsion,0,0
5141,emulsion,0,0
5142,emulsion,0,0
5143,emulsion,0,0
5144,emulsion,0,0
5145,emulsion,0,0
5146,emulsion,0,0
5147,emulsion,0,0
5148,emulsion,0,0
5149,emulsion,0,0
5150,emulsion,0,0
5151,emulsion,0,0
5152,emulsion,0,0
5153,emulsion,0,1
5154,emulsion,0,1
5155,emulsion,0,0
5156,emulsion,0,0
5157,emulsion,0,0
5158,emulsion,0,0
5159,emulsion,0,0
5160,emulsion,0,0
5161,emulsion,0,0
5162,emulsion,0,0
5163,emulsion,0,0
5165,emulsion,0,0
5166,emulsion,0,0
5167,emulsion,0,0
5168,emulsion,0,2
5169,emulsion,0,0
5170,emulsion,0,0
5171,emulsion,0,1
5172,emulsion,0,0
5173,emulsion,0,0
5175,emulsion,0,0
5177,emulsion,0,0
5178,emulsion,0,1
5267,emulsion,0,0
5269,emulsion,1,8
5270,emulsion,1,8
5271,emulsion,1,2
5272,emulsion,0,0
5273,emulsion,1,9
5274,emulsion,1,7
5275,emulsion,0,0
5276,emulsion,1,10
5277,emulsion,0,0
5278,emulsion,1,10
5279,emulsion,0,0
5280,emulsion,1,10
5281,emulsion,0,1
5282,emulsion,1,10
5283,emulsion,0,1
5284,emulsion,1,5
5285,emulsion,1,9
5287,emulsion,0,0
5288,emulsion,0,1
5289,emulsion,1,9
5290,emulsion,1,8
5291,emulsion,1,10
5293,emulsion,0,0
5295,emulsion,0,0
5296,emulsion,1,8
5297,emulsion,0,0
5298,emulsion,0,0
5299,emulsion,0,1
5302,emulsion,1,5
5303,emulsion,0,0
5304,emulsion,1,9
5305,emulsion,1,10
5306,emulsion,0,0
5307,emulsion,0,0
5310,emulsion,1,7
5311,emulsion,1,7
5312,emulsion,0,4
5313,emulsion,1,6
5314,emulsion,0,1
5315,emulsion,1,10
5316,emulsion,0,0
5317,emulsion,0,1
5318,emulsion,1,4
5319,emulsion,1,10
5320,emulsion,0,0
5321,emulsion,1,10
5322,emulsion,1,10
5323,emulsion,0,0
5324,emulsion,1,0
5325,emulsion,0,2
5327,emulsion,0,0
5328,emulsion,1,10
5329,emulsion,0,10
5330,emulsion,1,10
5332,emulsion,0,0
5333,emulsion,1,9
5334,emulsion,0,0
5335,emulsion,0,0
5336,emulsion,0,0
5339,emulsion,0,0
5340,emulsion,0,0
5341,emulsion,0,0
5342,emulsion,0,0
5343,emulsion,0,0
5344,emulsion,0,1
5345,emulsion,0,0
5346,emulsion,1,10
5347,emulsion,0,0
5348,emulsion,1,10
5349,emulsion,0,0
5350,emulsion,0,0
5351,emulsion,0,1
5352,emulsion,1,10
5353,emulsion,0,0
5356,emulsion,0,0
5357,emulsion,0,0
5358,emulsion,0,0
5360,emulsion,1,10
5361,emulsion,1,10
5362,emulsion,0,0
5363,emulsion,0,0
5364,emulsion,0,0
5365,emulsion,1,10
5366,emulsion,0,0
5367,emulsion,0,9
5368,emulsion,1,4
5369,emulsion,0,2
5370,emulsion,1,10
5371,emulsion,1,1
5372,emulsion,1,10
5374,emulsion,1,10
5375,emulsion,1,8
5376,emulsion,0,0
5377,emulsion,1,10
5378,emulsion,0,1
5379,emulsion,1,1
5380,emulsion,1,10
5381,emulsion,1,10
5382,emulsion,0,2
5383,emulsion,0,0
5384,emulsion,1,10
5385,emulsion,0,0
5387,emulsion,0,0
5388,emulsion,1,10
5389,emulsion,1,9
5390,emulsion,0,0
5391,emulsion,0,0
5393,emulsion,1,2
5394,emulsion,0,0
5395,emulsion,1,7
5396,emulsion,1,0
5397,emulsion,1,10
5398,emulsion,1,10
5399,emulsion,0,0
5400,emulsion,0,0
5401,emulsion,0,1
5402,emulsion,0,3
5403,emulsion,0,1
5404,emulsion,1,0
5405,emulsion,0,0
5406,emulsion,0,0
5407,emulsion,1,9
5408,emulsion,1,6
5409,emulsion,0,0
5410,emulsion,0,0
5411,emulsion,1,10
5413,emulsion,1,1
5414,emulsion,1,10
5415,emulsion,0,9
5416,emulsion,1,6
5417,emulsion,0,0
5418,emulsion,1,5
5419,emulsion,0,0
5420,emulsion,1,2
5421,emulsion,0,6
5422,emulsion,0,0
5423,emulsion,1,10
5424,emulsion,0,1
5425,emulsion,0,0
5426,emulsion,0,0
5427,emulsion,0,1
5429,emulsion,1,10
5430,emulsion,0,0
5431,emulsion,1,10
5432,emulsion,0,9
5433,emulsion,1,10
5434,emulsion,1,9
5435,emulsion,1,8
5436,emulsion,0,0
5437,emulsion,0,1
5438,emulsion,1,7
5439,emulsion,0,1
5440,emulsion,1,0
5441,emulsion,0,0
5442,emulsion,1,10
5444,emulsion,0,0
5445,emulsion,0,0
5446,emulsion,1,10
5447,emulsion,0,3
5448,emulsion,0,0
5451,emulsion,1,4
5452,emulsion,1,10
5453,emulsion,1,0
5454,emulsion,0,0
5455,emulsion,0,0
5456,emulsion,0,0
5457,emulsion,0,1
5458,emulsion,1,9
5459,emulsion,1,4
5460,emulsion,0,0
5461,emulsion,0,0
5462,emulsion,0,1
5463,emulsion,0,0
5464,emulsion,1,9
5465,emulsion,1,8
5584,face_cream,0,0
5585,face_cream,0,0
5586,face_cream,0,0
5587,face_cream,0,0
5588,face_cream,0,0
5589,face_cream,0,0
5590,face_cream,0,0
5591,face_cream,0,0
5592,face_cream,1,9
5593,face_cream,0,0
6867,face_cream,0,0
6868,face_cream,0,0
6869,face_cream,0,0
6870,face_cream,1,10
7494,face_cream,0,1
7495,face_cream,0,0
7496,face_cream,0,0
7499,face_cream,0,1
7500,face_cream,0,4
7501,face_cream,0,0
7502,face_cream,0,0
7503,face_cream,0,0
7504,face_cream,0,0
7505,face_cream,0,0
7506,face_cream,0,0
7507,face_cream,0,9
7509,face_cream,0,0
7510,face_cream,0,0
7511,face_cream,0,1
7512,face_cream,0,0
7513,face_cream,0,1
7815,face_cream,0,0
7817,face_cream,0,0
7818,face_cream,0,0
7820,face_cream,0,0
7821,face_cream,1,10
7822,face_cream,0,0
7823,face_cream,0,1
7824,face_cream,0,1
8175,face_cream,0,0
8176,face_cream,0,0
8177,face_cream,0,0
8178,face_cream,0,1
8179,face_cream,0,2
8180,face_cream,0,0
8181,face_cream,0,0
8182,face_cream,1,5
8183,face_cream,0,1
8184,face_cream,0,1
8185,face_cream,0,0
8186,face_cream,0,0
8187,face_cream,0,0
8188,face_cream,0,0
8189,face_cream,0,5
8190,face_cream,0,0
8191,face_cream,0,0
8192,face_cream,0,1
8193,face_cream,0,0
8194,face_cream,0,0
8195,face_cream,0,0
8196,face_cream,0,0
8527,face_cream,0,0
8528,face_cream,0,0
8529,face_cream,0,0
8530,face_cream,0,0
8531,face_cream,0,0
8532,face_cream,0,0
8533,face_cream,0,0
8534,face_cream,0,0
8537,face_cream,0,0
8538,face_cream,0,0
8539,face_cream,0,0
8540,face_cream,0,0
8541,face_cream,0,0
8849,face_cream,0,0
8850,face_cream,0,0
8851,face_cream,1,10
8852,face_cream,0,0
8853,face_cream,0,0
8854,face_cream,0,0
8856,face_cream,0,0
8857,face_cream,1,10
8858,face_cream,0,0
8859,face_cream,0,0
8860,face_cream,0,0
8861,face_cream,0,0
8862,face_cream,0,0
8863,face_cream,0,2
8864,face_cream,0,0
8865,face_cream,0,1
8866,face_cream,0,0
8867,face_cream,0,0
8868,face_cream,0,0
9252,face_cream,0,0
9253,face_cream,0,0
9254,face_cream,0,0
9255,face_cream,1,10
9256,face_cream,1,8
9258,face_cream,1,0
9259,face_cream,0,0
9260,face_cream,0,0
9261,face_cream,1,10
9262,face_cream,1,10
9264,face_cream,0,0
9266,face_cream,0,3
9267,face_cream,0,0
9268,face_cream,0,0
9269,face_cream,0,0
9270,face_cream,0,0
9271,face_cream,0,0
9272,face_cream,1,4
9273,face_cream,0,0
9275,face_cream,0,0
9276,face_cream,0,1
9277,face_cream,1,10
9278,face_cream,0,2
9279,face_cream,0,1
9280,face_cream,0,1
9579,face_cream,0,0
9580,face_cream,0,1
9581,face_cream,0,0
9582,face_cream,0,1
9583,face_cream,0,0
9584,face_cream,0,0
9585,face_cream,0,0
9586,face_cream,0,0
9587,face_cream,0,0
9588,face_cream,0,0
9589,face_cream,0,0
9590,face_cream,0,0
9591,face_cream,0,1
9592,face_cream,0,0
9594,face_cream,0,0
9596,face_cream,0,0
9597,face_cream,0,0
9598,face_cream,0,0
9599,face_cream,0,0
9600,face_cream,0,0
9602,face_cream,0,0
9603,face_cream,0,0
9605,face_cream,0,0
9606,face_cream,0,0
9607,face_cream,0,0
9608,face_cream,0,0
9609,face_cream,0,1
9610,face_cream,0,1
9611,face_cream,0,1
9613,face_cream,0,0
9614,face_cream,0,0
9615,face_cream,0,0
9616,face_cream,0,0
9617,face_cream,0,1
9618,face_cream,0,0
9619,face_cream,0,2
9620,face_cream,0,0
9622,face_cream,0,0
9623,face_cream,0,1
9624,face_cream,0,0
9625,face_cream,0,2
9626,face_cream,0,1
9627,face_cream,0,0
9628,face_cream,0,0
9629,face_cream,0,1
9630,face_cream,0,3
9631,face_cream,0,3
9632,face_cream,0,0
9633,face_cream,0,1
9634,face_cream,0,1
9635,face_cream,0,0
9636,face_cream,0,0
9637,face_cream,0,1
9638,face_cream,0,0
9639,face_cream,0,0
9640,face_cream,0,0
9641,face_cream,0,2
9642,face_cream,0,0
9644,face_cream,0,0
9645,face_cream,0,0
9646,face_cream,1,0
9647,face_cream,0,1
9648,face_cream,0,1
9651,face_cream,0,1
9653,face_cream,0,0
9655,face_cream,0,0
9656,face_cream,0,0
10735,serum_essence,0,0
10736,serum_essence,0,0
10737,serum_essence,1,10
10738,serum_essence,1,1
10739,serum_essence,0,1
10740,serum_essence,0,1
10741,serum_essence,1,8
10742,serum_essence,1,10
10743,serum_essence,0,1
10744,serum_essence,0,0
11366,serum_essence,0,0
11367,serum_essence,0,0
11368,serum_essence,0,0
11369,serum_essence,0,0
11370,serum_essence,0,0
11371,serum_essence,0,0
11372,serum_essence,1,7
11374,serum_essence,1,10
11375,serum_essence,1,10
11680,serum_essence,0,0
11682,serum_essence,0,0
11684,serum_essence,1,9
11685,serum_essence,0,0
11687,serum_essence,1,6
11688,serum_essence,0,0
11689,serum_essence,1,10
11998,serum_essence,1,10
11999,serum_essence,0,0
12000,serum_essence,0,0
12001,serum_essence,0,0
12002,serum_essence,0,1
12003,serum_essence,0,0
12004,serum_essence,0,0
12005,serum_essence,1,10
12006,serum_essence,1,0
12007,serum_essence,1,0
12008,serum_essence,0,0
12009,serum_essence,1,10
12010,serum_essence,1,6
12011,serum_essence,0,1
12012,serum_essence,0,1
12013,serum_essence,0,0
12014,serum_essence,0,3
12015,serum_essence,0,1
12016,serum_essence,0,1
12017,serum_essence,0,0
12018,serum_essence,0,4
12019,serum_essence,1,10
12020,serum_essence,1,0
12021,serum_essence,0,0
12022,serum_essence,1,9
12023,serum_essence,1,10
12024,serum_essence,1,10
12025,serum_essence,0,0
12026,serum_essence,0,0
12027,serum_essence,1,7
12312,serum_essence,0,0
12313,serum_essence,0,1
12315,serum_essence,0,1
12316,serum_essence,0,0
12317,serum_essence,0,2
12318,serum_essence,0,2
12319,serum_essence,1,6
12320,serum_essence,0,0
12321,serum_essence,1,7
12322,serum_essence,0,0
12323,serum_essence,0,0
12324,serum_essence,0,0
12325,serum_essence,0,0
12326,serum_essence,0,0
12327,serum_essence,0,0
12328,serum_essence,1,8
12329,serum_essence,0,5
12330,serum_essence,0,0
12331,serum_essence,0,3
12332,serum_essence,0,9
12333,serum_essence,1,10
12334,serum_essence,1,7
12335,serum_essence,0,0
12336,serum_essence,0,0
12337,serum_essence,0,0
12338,serum_essence,0,0
12339,serum_essence,0,1
12340,serum_essence,1,8
12341,serum_essence,1,9
12342,serum_essence,0,0
12343,serum_essence,0,0
12344,serum_essence,0,1
12345,serum_essence,1,9
12346,serum_essence,0,0
12347,serum_essence,1,10
12348,serum_essence,0,0
12349,serum_essence,0,9
12350,serum_essence,0,0
12351,serum_essence,1,8
12650,serum_essence,0,0
12651,serum_essence,0,0
12652,serum_essence,0,0
12653,serum_essence,0,0
12654,serum_essence,0,0
12655,serum_essence,0,0
12656,serum_essence,0,0
12657,serum_essence,0,0
12658,serum_essence,1,4
12659,serum_essence,0,0
12951,serum_essence,0,0
12952,serum_essence,0,0
12953,serum_essence,0,0
12954,serum_essence,0,0
12955,serum_essence,0,0
12956,serum_essence,1,7
12957,serum_essence,1,10
12958,serum_essence,0,1
12959,serum_essence,0,9
12960,serum_essence,0,0
12961,serum_essence,0,0
12962,serum_essence,0,9
12963,serum_essence,1,8
12964,serum_essence,0,2
12965,serum_essence,1,7
12966,serum_essence,1,10
12967,serum_essence,1,10
12968,serum_essence,0,4
12969,serum_essence,1,8
12970,serum_essence,1,10
13281,serum_essence,0,0
13282,serum_essence,0,0
13283,serum_essence,0,0
13284,serum_essence,0,0
13285,serum_essence,0,0
13286,serum_essence,1,9
13287,serum_essence,0,0
13288,serum_essence,0,0
13289,serum_essence,0,0
13290,serum_essence,0,0
13291,serum_essence,0,0
13292,serum_essence,0,0
13293,serum_essence,1,10
13294,serum_essence,1,10
13295,serum_essence,0,0
13296,serum_essence,0,0
13297,serum_essence,0,0
13298,serum_essence,1,9
13299,serum_essence,0,0
13601,serum_essence,1,10
13602,serum_essence,1,9
13603,serum_essence,0,2
13604,serum_essence,0,0
13605,serum_essence,0,0
13606,serum_essence,0,0
13607,serum_essence,0,0
13608,serum_essence,1,9
13609,serum_essence,0,0
13610,serum_essence,0,0
13611,serum_essence,0,5
13612,serum_essence,0,2
13613,serum_essence,0,0
13614,serum_essence,0,0
13615,serum_essence,0,0
13616,serum_essence,0,0
13618,serum_essence,0,0
13619,serum_essence,0,0
13620,serum_essence,1,10
13621,serum_essence,1,8
13622,serum_essence,0,1
13624,serum_essence,1,7
13626,serum_essence,0,1
13627,serum_essence,1,8
13628,serum_essence,1,10
13629,serum_essence,0,1
13630,serum_essence,0,0
13631,serum_essence,1,7
13632,serum_essence,0,0
13634,serum_essence,1,9
13635,serum_essence,0,0
13637,serum_essence,1,10
13638,serum_essence,0,0
13640,serum_essence,0,1
13641,serum_essence,0,1
13642,serum_essence,1,10
13643,serum_essence,1,1
13645,serum_essence,1,5
13647,serum_essence,1,9
13648,serum_essence,0,1
13649,serum_essence,0,1
13650,serum_essence,0,0
13651,serum_essence,0,2
13652,serum_essence,0,1
13653,serum_essence,0,0
13654,serum_essence,0,0
13655,serum_essence,1,5
13656,serum_essence,0,1
13658,serum_essence,0,0
13659,serum_essence,0,0
13660,serum_essence,0,0
13661,serum_essence,0,0
13662,serum_essence,1,10
13663,serum_essence,0,9
13664,serum_essence,0,1
13665,serum_essence,0,0
13666,serum_essence,0,7
13667,serum_essence,1,9
13668,serum_essence,1,8
13669,serum_essence,1,1
13670,serum_essence,0,2
13671,serum_essence,1,9
13672,serum_essence,0,0
13673,serum_essence,0,1
13675,serum_essence,0,0
13676,serum_essence,0,0
13677,serum_essence,0,0
13678,serum_essence,0,0
13679,serum_essence,1,10
13680,serum_essence,0,0
13959,serum_essence,0,1
13960,serum_essence,1,10
13961,serum_essence,1,10
13962,serum_essence,1,10
13963,serum_essence,1,8
13964,serum_essence,0,8
13965,serum_essence,0,0
13967,serum_essence,1,7
13968,serum_essence,1,10
13969,serum_essence,0,0
13970,serum_essence,0,0
13971,serum_essence,0,0
13972,serum_essence,1,10
13973,serum_essence,0,0
13974,serum_essence,1,8
13975,serum_essence,1,0
13976,serum_essence,0,0
13977,serum_essence,1,9
13978,serum_essence,0,1
13979,serum_essence,1,10
13980,serum_essence,1,10
13983,serum_essence,1,10
13984,serum_essence,0,0
13985,serum_essence,0,4
13986,serum_essence,0,4
13987,serum_essence,1,10
13988,serum_essence,0,0
13989,serum_essence,0,0
13990,serum_essence,0,1
13991,serum_essence,0,0
13992,serum_essence,0,6
13994,serum_essence,1,7
13997,serum_essence,0,0
13998,serum_essence,0,1
13999,serum_essence,0,0
14000,serum_essence,0,0
14001,serum_essence,0,1
14002,serum_essence,0,0
14003,serum_essence,0,7
14004,serum_essence,0,0
14005,serum_essence,1,10
14006,serum_essence,1,10
14007,serum_essence,0,0
14303,serum_essence,0,1
14304,serum_essence,0,0
14305,serum_essence,0,0
14306,serum_essence,0,0
14308,serum_essence,0,1
14309,serum_essence,0,0
14311,serum_essence,0,0
14312,serum_essence,0,0
14313,serum_essence,0,0
14314,serum_essence,0,0
14315,serum_essence,0,0
14316,serum_essence,0,0
14318,serum_essence,0,0
14319,serum_essence,0,1
14320,serum_essence,0,0
14321,serum_essence,0,0
14322,serum_essence,0,0
14323,serum_essence,0,0
14324,serum_essence,0,0
14325,serum_essence,0,0
14326,serum_essence,0,0
14327,serum_essence,0,0
14328,serum_essence,0,1
14329,serum_essence,0,0
14330,serum_essence,0,1
14331,serum_essence,0,2
14333,serum_essence,0,0
14334,serum_essence,0,0
14335,serum_essence,0,0
14336,serum_essence,0,0
14337,serum_essence,0,0
14338,serum_essence,0,0
14339,serum_essence,0,2
14340,serum_essence,0,0
14341,serum_essence,0,0
14343,serum_essence,0,0
14344,serum_essence,0,0
14345,serum_essence,0,0
14346,serum_essence,0,0
14347,serum_essence,0,1
14348,serum_essence,0,0
14349,serum_essence,0,0
14350,serum_essence,0,0
14351,serum_essence,0,0
14352,serum_essence,0,0
14353,serum_essence,0,0
14354,serum_essence,0,1
14356,serum_essence,0,0
14357,serum_essence,0,0
14358,serum_essence,0,0
14359,serum_essence,0,0
14360,serum_essence,0,0
14361,serum_essence,0,0
14362,serum_essence,0,0
14363,serum_essence,0,0
14364,serum_essence,0,0
14365,serum_essence,0,0
14366,serum_essence,0,0
14367,serum_essence,0,1
14368,serum_essence,0,0
14369,serum_essence,0,2
14371,serum_essence,0,1
14372,serum_essence,0,0
14373,serum_essence,0,0
14374,serum_essence,0,0
14375,serum_essence,0,0
14376,serum_essence,0,0
14377,serum_essence,0,1
14379,serum_essence,0,0
14380,serum_essence,0,1
14381,serum_essence,0,0
14383,serum_essence,0,0
14384,serum_essence,0,0
14386,serum_essence,0,0
14387,serum_essence,0,0
14389,serum_essence,0,0
14390,serum_essence,0,0
14392,serum_essence,0,0
14393,serum_essence,0,0
14394,serum_essence,0,0
14395,serum_essence,0,1
14396,serum_essence,0,0
14397,serum_essence,0,0
14398,serum_essence,0,0
14399,serum_essence,0,0
14400,serum_essence,0,0
14401,serum_essence,0,0
14403,serum_essence,0,0
14404,serum_essence,0,0
14406,serum_essence,0,0
14407,serum_essence,0,0
14408,serum_essence,0,0
14409,serum_essence,0,0
14410,serum_essence,0,0
14411,serum_essence,1,10
14412,serum_essence,0,0
14413,serum_essence,0,0
14414,serum_essence,0,0
14415,serum_essence,0,0
14416,serum_essence,0,1
14839,serum_essence,0,1
14840,serum_essence,0,0
14841,serum_essence,0,0
14842,serum_essence,1,2
14843,serum_essence,0,0
14845,serum_essence,1,10
14846,serum_essence,0,0
14847,serum_essence,0,0
14848,serum_essence,0,0
14850,serum_essence,0,0
14851,serum_essence,0,0
14852,serum_essence,0,0
14853,serum_essence,0,0
14854,serum_essence,0,0
14856,serum_essence,0,1
14857,serum_essence,0,0
14858,serum_essence,0,0
15158,sun_protection,0,0
15159,sun_protection,0,0
15160,sun_protection,0,1
15161,sun_protection,0,0
15162,sun_protection,0,0
15163,sun_protection,0,1
15164,sun_protection,0,0
15165,sun_protection,1,10
15166,sun_protection,1,7
15167,sun_protection,0,0
15775,sun_protection,1,7
15776,sun_protection,0,0
15777,sun_protection,0,0
15779,sun_protection,0,0
15780,sun_protection,0,0
15781,sun_protection,0,0
15782,sun_protection,0,0
15783,sun_protection,0,0
15784,sun_protection,0,0
15785,sun_protection,0,0
15786,sun_protection,0,0
15787,sun_protection,0,0
15788,sun_protection,0,0
15789,sun_protection,0,1
15790,sun_protection,0,0
16105,sun_protection,0,0
16106,sun_protection,0,0
16108,sun_protection,0,0
16109,sun_protection,0,0
16110,sun_protection,0,0
16111,sun_protection,1,10
16112,sun_protection,0,0
16114,sun_protection,0,0
16425,sun_protection,0,0
16426,sun_protection,0,0
16427,sun_protection,0,0
16428,sun_protection,0,1
16429,sun_protection,0,1
16430,sun_protection,0,0
16431,sun_protection,0,0
16432,sun_protection,0,1
16433,sun_protection,0,0
16435,sun_protection,0,0
16436,sun_protection,0,0
16439,sun_protection,0,0
16440,sun_protection,0,5
16441,sun_protection,0,0
16442,sun_protection,0,1
16443,sun_protection,0,0
16444,sun_protection,0,0
16767,sun_protection,0,1
16768,sun_protection,0,0
16769,sun_protection,0,0
16770,sun_protection,0,0
16772,sun_protection,0,0
16773,sun_protection,0,1
16774,sun_protection,0,0
16775,sun_protection,0,0
16776,sun_protection,0,0
16777,sun_protection,0,0
16778,sun_protection,0,1
16779,sun_protection,1,0
16780,sun_protection,0,0
16781,sun_protection,1,7
16782,sun_protection,0,0
16783,sun_protection,0,1
16784,sun_protection,1,10
16785,sun_protection,0,0
16787,sun_protection,1,8
16788,sun_protection,0,3
16789,sun_protection,1,7
16790,sun_protection,0,0
16791,sun_protection,0,0
16792,sun_protection,0,0
16793,sun_protection,0,0
16794,sun_protection,0,0
16795,sun_protection,0,0
16797,sun_protection,0,0
16798,sun_protection,0,0
16799,sun_protection,0,0
16801,sun_protection,0,0
16803,sun_protection,0,0
16804,sun_protection,0,0
16805,sun_protection,0,0
16806,sun_protection,0,0
16808,sun_protection,0,0
16809,sun_protection,0,0
16810,sun_protection,0,0
16811,sun_protection,0,0
16812,sun_protection,0,0
16813,sun_protection,0,0
16814,sun_protection,0,0
16816,sun_protection,1,0
16817,sun_protection,1,10
16818,sun_protection,0,0
16819,sun_protection,0,0
16820,sun_protection,0,0
16821,sun_protection,0,1
16823,sun_protection,1,1
16825,sun_protection,0,0
16827,sun_protection,0,1
16828,sun_protection,0,0
16831,sun_protection,0,0
16833,sun_protection,0,2
16834,sun_protection,0,0
16835,sun_protection,0,0
16836,sun_protection,0,1
16837,sun_protection,0,1
16839,sun_protection,1,9
16840,sun_protection,0,0
16841,sun_protection,0,0
16842,sun_protection,0,0
16844,sun_protection,0,0
16845,sun_protection,0,0
16846,sun_protection,0,0
16847,sun_protection,0,0
16848,sun_protection,0,0
16849,sun_protection,0,0
16850,sun_protection,0,1
16851,sun_protection,0,0
16852,sun_protection,0,0
16853,sun_protection,1,1
16854,sun_protection,0,0
16855,sun_protection,0,0
16856,sun_protection,0,0
16857,sun_protection,0,1
16858,sun_protection,0,0
16859,sun_protection,0,0
16861,sun_protection,0,0
16862,sun_protection,1,10
16863,sun_protection,0,0
16864,sun_protection,0,0
16865,sun_protection,0,1
16866,sun_protection,0,0
16867,sun_protection,1,0
16868,sun_protection,0,0
16869,sun_protection,0,0
16870,sun_protection,1,6
16871,sun_protection,0,0
16872,sun_protection,0,0
16873,sun_protection,0,0
17219,sun_protection,0,0
17220,sun_protection,0,0
17221,sun_protection,0,0
17222,sun_protection,0,1
17223,sun_protection,0,0
17224,sun_protection,0,0
17226,sun_protection,0,0
17227,sun_protection,0,0
17228,sun_protection,0,2
17230,sun_protection,1,9
17231,sun_protection,0,0
17232,sun_protection,0,0
17233,sun_protection,0,1
17234,sun_protection,0,0
17235,sun_protection,0,1
17236,sun_protection,0,0
17237,sun_protection,0,0
17238,sun_protection,0,0
17239,sun_protection,0,0
17240,sun_protection,0,2
17241,sun_protection,0,1
17242,sun_protection,0,0
17243,sun_protection,0,0
17244,sun_protection,0,0
17245,sun_protection,0,0
17246,sun_protection,0,2
17247,sun_protection,0,0
17248,sun_protection,0,0
17249,sun_protection,0,0
17251,sun_protection,0,0
17252,sun_protection,0,1
17254,sun_protection,0,0
17255,sun_protection,0,0
17256,sun_protection,1,5
17257,sun_protection,1,9
17258,sun_protection,0,0
17259,sun_protection,0,0
17260,sun_protection,1,8
17262,sun_protection,0,0
17263,sun_protection,0,0
17264,sun_protection,1,0
17265,sun_protection,0,0
17266,sun_protection,0,0
17267,sun_protection,0,1
17268,sun_protection,0,0
17269,sun_protection,0,0
17270,sun_protection,0,1
17271,sun_protection,0,0
17272,sun_protection,0,2
17273,sun_protection,0,1
17274,sun_protection,0,0
17275,sun_protection,0,0
17276,sun_protection,0,0
17277,sun_protection,0,1
17278,sun_protection,0,1
17279,sun_protection,0,0
17280,sun_protection,0,4
17281,sun_protection,0,0
17282,sun_protection,0,0
17283,sun_protection,0,0
17284,sun_protection,0,0
17285,sun_protection,0,0
17286,sun_protection,0,0
17287,sun_protection,0,0
17288,sun_protection,0,0
17289,sun_protection,0,0
17290,sun_protection,0,1
17291,sun_protection,1,10
17292,sun_protection,0,0
17293,sun_protection,0,0
17294,sun_protection,1,9
17295,sun_protection,1,10
17296,sun_protection,0,0
17297,sun_protection,0,1
17298,sun_protection,0,0
17299,sun_protection,1,10
17300,sun_protection,0,0
17301,sun_protection,0,0
17302,sun_protection,0,2
17303,sun_protection,0,0
17304,sun_protection,0,0
17305,sun_protection,0,0
17306,sun_protection,1,0
17307,sun_protection,0,0
17308,sun_protection,0,0
17309,sun_protection,1,6
17310,sun_protection,0,0
17311,sun_protection,1,0
17312,sun_protection,1,9
17313,sun_protection,0,1
17314,sun_protection,0,0
17566,sun_protection,0,1
17567,sun_protection,0,0
17568,sun_protection,0,0
17569,sun_protection,0,0
17570,sun_protection,0,0
17572,sun_protection,0,1
17573,sun_protection,1,10
17574,sun_protection,0,0
17575,sun_protection,0,0
17576,sun_protection,0,0
17577,sun_protection,0,0
17578,sun_protection,0,0
17579,sun_protection,0,0
17580,sun_protection,0,0
17581,sun_protection,0,0
17582,sun_protection,1,9
17583,sun_protection,1,6
17584,sun_protection,1,9
17585,sun_protection,1,10
17586,sun_protection,0,0
17587,sun_protection,0,2
17588,sun_protection,0,0
17589,sun_protection,0,0
17590,sun_protection,1,3
17591,sun_protection,0,0
17592,sun_protection,0,0
17595,sun_protection,0,0
17596,sun_protection,1,10
17597,sun_protection,0,0
17598,sun_protection,0,0
17599,sun_protection,0,0
17600,sun_protection,1,10
17601,sun_protection,0,0
17603,sun_protection,0,0
17604,sun_protection,0,0
17605,sun_protection,1,10
17607,sun_protection,0,0
17608,sun_protection,0,1
17609,sun_protection,0,0
17610,sun_protection,1,7
17611,sun_protection,0,0
17612,sun_protection,0,0
17614,sun_protection,0,2
17617,sun_protection,0,7
17618,sun_protection,1,10
17619,sun_protection,0,1
17620,sun_protection,0,0
17621,sun_protection,0,0
17622,sun_protection,0,0
17623,sun_protection,1,9
17624,sun_protection,0,0
17625,sun_protection,0,0
17627,sun_protection,0,0
17628,sun_protection,0,0
17629,sun_protection,0,0
17630,sun_protection,0,0
17631,sun_protection,1,10
17632,sun_protection,0,0
17633,sun_protection,1,10
17634,sun_protection,1,8
17636,sun_protection,1,10
17637,sun_protection,1,7
17638,sun_protection,0,0
17639,sun_protection,1,6
17640,sun_protection,0,0
17641,sun_protection,0,2
17642,sun_protection,0,0
17643,sun_protection,1,10
17644,sun_protection,0,0
17645,sun_protection,1,10
17646,sun_protection,1,10
17647,sun_protection,1,7
17648,sun_protection,0,0
17649,sun_protection,0,0
17650,sun_protection,0,3
17651,sun_protection,0,0
17652,sun_protection,0,0
17653,sun_protection,0,1
17654,sun_protection,0,0
17655,sun_protection,1,10
17656,sun_protection,0,5
17657,sun_protection,0,0
17659,sun_protection,0,0
17660,sun_protection,1,10
17661,sun_protection,0,0
17662,sun_protection,0,0
17663,sun_protection,0,1
17664,sun_protection,0,0
17665,sun_protection,0,0
17666,sun_protection,0,1
17668,sun_protection,1,0
17669,sun_protection,1,7
17670,sun_protection,1,10
17671,sun_protection,0,0
17672,sun_protection,0,0
17673,sun_protection,0,0
17674,sun_protection,0,0
17942,sun_protection,0,1
17943,sun_protection,0,0
17945,sun_protection,0,0
17946,sun_protection,0,0
17947,sun_protection,0,1
17949,sun_protection,0,0
17950,sun_protection,0,0
17951,sun_protection,0,0
17952,sun_protection,0,0
17953,sun_protection,0,0
17954,sun_protection,0,1
17955,sun_protection,0,0
17956,sun_protection,0,0
17957,sun_protection,0,0
17958,sun_protection,0,2
17959,sun_protection,0,1
17960,sun_protection,0,0
17961,sun_protection,0,0
17963,sun_protection,0,0
17964,sun_protection,0,1
17965,sun_protection,0,0
17966,sun_protection,0,0
17967,sun_protection,0,0
17968,sun_protection,0,0
17969,sun_protection,0,0
17971,sun_protection,0,1
17972,sun_protection,0,0
17973,sun_protection,0,0
17974,sun_protection,0,0
17975,sun_protection,0,0
17976,sun_protection,0,0
17978,sun_protection,0,0
17979,sun_protection,0,0
17980,sun_protection,0,1
17982,sun_protection,0,0
17984,sun_protection,0,0
17985,sun_protection,0,0
17986,sun_protection,0,0
17987,sun_protection,0,2
17989,sun_protection,0,0
17991,sun_protection,0,0
17992,sun_protection,0,0
17993,sun_protection,0,0
17994,sun_protection,0,0
17996,sun_protection,0,0
17997,sun_protection,0,1
17998,sun_protection,0,0
17999,sun_protection,0,0
18000,sun_protection,0,0
18001,sun_protection,0,0
18002,sun_protection,0,0
18003,sun_protection,0,0
18004,sun_protection,0,0
18005,sun_protection,0,0
18006,sun_protection,0,0
18007,sun_protection,0,0
18008,sun_protection,0,0
18009,sun_protection,0,0
18010,sun_protection,0,0
18011,sun_protection,0,0
18012,sun_protection,0,0
18013,sun_protection,0,1
18014,sun_protection,0,1
18015,sun_protection,0,0
18016,sun_protection,0,0
18017,sun_protection,0,0
18019,sun_protection,0,0
18020,sun_protection,0,0
18021,sun_protection,0,0
18022,sun_protection,0,0
18023,sun_protection,0,0
18024,sun_protection,0,1
18025,sun_protection,0,0
18026,sun_protection,0,0
18027,sun_protection,0,2
18028,sun_protection,0,0
18029,sun_protection,0,0
18030,sun_protection,0,0
18031,sun_protection,0,0
18032,sun_protection,0,1
18033,sun_protection,0,0
18034,sun_protection,0,0
18035,sun_protection,0,0
18036,sun_protection,0,0
18037,sun_protection,0,1
18039,sun_protection,0,1
18040,sun_protection,0,0
18041,sun_protection,0,0
18042,sun_protection,0,0
18043,sun_protection,0,0
18044,sun_protection,0,0
18045,sun_protection,0,0
18046,sun_protection,0,0
18047,sun_protection,0,0
18048,sun_protection,0,0
18049,sun_protection,0,0
18050,sun_protection,0,0
18368,sun_protection,0,0
18369,sun_protection,0,1
18371,sun_protection,0,0
18372,sun_protection,1,10
18373,sun_protection,1,0
18374,sun_protection,1,6
18375,sun_protection,0,0
18376,sun_protection,0,0
18377,sun_protection,0,1
18378,sun_protection,0,0
18379,sun_protection,0,0
18380,sun_protection,1,10
18381,sun_protection,1,9
18382,sun_protection,0,0
18383,sun_protection,0,0
18384,sun_protection,0,0
18385,sun_protection,1,10
18386,sun_protection,1,10
18387,sun_protection,0,0
18388,sun_protection,1,6
18389,sun_protection,0,0
18390,sun_protection,0,0
18391,sun_protection,1,10
18392,sun_protection,1,6
18394,sun_protection,0,6
18395,sun_protection,0,0
18396,sun_protection,0,0
18398,sun_protection,1,10
18399,sun_protection,0,0
18400,sun_protection,1,0
18401,sun_protection,0,0
18402,sun_protection,1,10
18403,sun_protection,1,10
18404,sun_protection,0,0
18405,sun_protection,0,0
18406,sun_protection,1,0
18407,sun_protection,0,0
18408,sun_protection,0,3
18409,sun_protection,0,1
18410,sun_protection,1,9
18412,sun_protection,0,0
18413,sun_protection,1,9
18414,sun_protection,0,0
18416,sun_protection,1,7
18417,sun_protection,1,10
18418,sun_protection,1,9
18420,sun_protection,0,0
18421,sun_protection,0,9
18422,sun_protection,1,10
18423,sun_protection,0,0
18424,sun_protection,1,9
18425,sun_protection,0,0
18426,sun_protection,0,0
18427,sun_protection,0,0
18428,sun_protection,0,0
18429,sun_protection,1,8
18433,sun_protection,1,10
18434,sun_protection,0,0
18435,sun_protection,0,0
18436,sun_protection,1,6
18437,sun_protection,0,1
18438,sun_protection,1,10
18439,sun_protection,1,10
18440,sun_protection,1,10
18441,sun_protection,0,0
18442,sun_protection,1,9
18443,sun_protection,0,0
18444,sun_protection,0,7
18445,sun_protection,0,1
18446,sun_protection,0,0
18447,sun_protection,0,2
18448,sun_protection,0,0
18449,sun_protection,1,10
18450,sun_protection,0,3
18451,sun_protection,0,0
18452,sun_protection,1,7
18453,sun_protection,0,0
18454,sun_protection,0,1
18455,sun_protection,1,10
18456,sun_protection,1,10
18457,sun_protection,1,10
18458,sun_protection,1,10
18459,sun_protection,1,10
18460,sun_protection,0,0
18461,sun_protection,0,0
18462,sun_protection,1,10
18463,sun_protection,1,10
18464,sun_protection,0,1
18465,sun_protection,1,5
18466,sun_protection,1,10
18467,sun_protection,1,10
18469,sun_protection,0,0
18471,sun_protection,0,0
18472,sun_protection,1,10
18473,sun_protection,0,0
18475,sun_protection,0,1
18476,sun_protection,0,0
18477,sun_protection,1,10
18479,sun_protection,0,1
18480,sun_protection,1,10
18481,sun_protection,0,0
18482,sun_protection,0,0
18483,sun_protection,1,9
18484,sun_protection,0,7
18485,sun_protection,1,10
18486,sun_protection,1,10
18487,sun_protection,0,2
19896,face_wash,0,0
19897,face_wash,0,1
19898,face_wash,0,0
19899,face_wash,0,0
19900,face_wash,0,1
19901,face_wash,0,0
19902,face_wash,0,0
19903,face_wash,1,10
19904,face_wash,0,0
19905,face_wash,0,0
19906,face_wash,0,0
19907,face_wash,0,2
19908,face_wash,0,0
19909,face_wash,0,0
19910,face_wash,0,0
19911,face_wash,1,10
19912,face_wash,0,1
19913,face_wash,0,0
19914,face_wash,0,0
19915,face_wash,0,0
20220,face_wash,0,0
20221,face_wash,0,0
20222,face_wash,0,0
20223,face_wash,0,0
20224,face_wash,0,1
20225,face_wash,0,1
20226,face_wash,0,0
20227,face_wash,0,1
20228,face_wash,0,0
20229,face_wash,0,1
20557,face_wash,0,0
20558,face_wash,0,0
20560,face_wash,0,0
20561,face_wash,0,0
20562,face_wash,0,0
20563,face_wash,0,1
20564,face_wash,0,0
20565,face_wash,0,1
20566,face_wash,0,1
20911,face_wash,0,1
20913,face_wash,0,0
20914,face_wash,0,0
20915,face_wash,0,1
20916,face_wash,0,0
20917,face_wash,0,0
20918,face_wash,0,0
20919,face_wash,0,0
20920,face_wash,0,0
21532,face_wash,0,0
21533,face_wash,0,0
21535,face_wash,0,1
21536,face_wash,0,0
21537,face_wash,0,1
21538,face_wash,0,0
21539,face_wash,0,0
21540,face_wash,0,0
21541,face_wash,0,0
21897,face_wash,0,0
21898,face_wash,0,0
21899,face_wash,0,0
21901,face_wash,0,0
21902,face_wash,0,0
21903,face_wash,0,0
21904,face_wash,0,0
21905,face_wash,0,0
21906,face_wash,0,0
21907,face_wash,1,10
21908,face_wash,0,0
21910,face_wash,0,0
21912,face_wash,0,0
21913,face_wash,0,0
22230,face_wash,0,1
22231,face_wash,0,0
22232,face_wash,0,0
22233,face_wash,0,0
22234,face_wash,0,0
22235,face_wash,0,0
22236,face_wash,0,0
22237,face_wash,0,0
22238,face_wash,0,0
22239,face_wash,0,0
22240,face_wash,1,9
22241,face_wash,0,0
22242,face_wash,1,1
22243,face_wash,1,8
22244,face_wash,0,0
22245,face_wash,0,2
22246,face_wash,0,1
22247,face_wash,0,0
22248,face_wash,0,0
22249,face_wash,0,0
22250,face_wash,0,1
22251,face_wash,0,0
22252,face_wash,0,0
22253,face_wash,0,0
22254,face_wash,0,0
22255,face_wash,0,0
22257,face_wash,0,0
22258,face_wash,0,1
22259,face_wash,0,0
22260,face_wash,0,3
22261,face_wash,0,0
22262,face_wash,0,0
22264,face_wash,1,1
22265,face_wash,0,0
22266,face_wash,0,0
22267,face_wash,0,0
22268,face_wash,0,1
22269,face_wash,0,0
22581,face_wash,0,0
22582,face_wash,1,0
22583,face_wash,0,0
22584,face_wash,0,0
22585,face_wash,0,0
22586,face_wash,0,0
22587,face_wash,0,0
22588,face_wash,0,0
22589,face_wash,0,0
22590,face_wash,0,1
22591,face_wash,0,0
22592,face_wash,0,1
22593,face_wash,0,0
22594,face_wash,0,0
22595,face_wash,0,3
22596,face_wash,0,0
22597,face_wash,0,0
22598,face_wash,0,0
22600,face_wash,0,0
22601,face_wash,0,0
22602,face_wash,0,0
22603,face_wash,0,0
22604,face_wash,0,0
22605,face_wash,0,0
22606,face_wash,0,1
22607,face_wash,0,0
22608,face_wash,0,0
22609,face_wash,0,0
22610,face_wash,0,0
22611,face_wash,0,0
22612,face_wash,0,0
22613,face_wash,0,0
22614,face_wash,0,0
22615,face_wash,0,0
22616,face_wash,0,0
22617,face_wash,0,0
22619,face_wash,0,0
22620,face_wash,0,0
22621,face_wash,0,1
22622,face_wash,0,0
22623,face_wash,0,0
22624,face_wash,0,0
22625,face_wash,0,0
22626,face_wash,0,0
22627,face_wash,0,0
22628,face_wash,0,0
22629,face_wash,0,0
22630,face_wash,0,0
22631,face_wash,0,0
22632,face_wash,0,0
22633,face_wash,0,0
22634,face_wash,0,0
22635,face_wash,0,0
22636,face_wash,0,0
22638,face_wash,0,0
22639,face_wash,0,0
22640,face_wash,0,0
22641,face_wash,0,0
22642,face_wash,0,0
22643,face_wash,0,0
22644,face_wash,0,1
22645,face_wash,0,0
22646,face_wash,0,1
22647,face_wash,0,0
22649,face_wash,0,0
22650,face_wash,0,0
22651,face_wash,0,1
22652,face_wash,0,0
22653,face_wash,0,1
22654,face_wash,0,0
22655,face_wash,0,0
22656,face_wash,0,0
22657,face_wash,0,0
22658,face_wash,0,0
22660,face_wash,0,0
22661,face_wash,0,0
22662,face_wash,0,0
22663,face_wash,0,0
22664,face_wash,0,0
22908,face_wash,0,0
22909,face_wash,0,0
22910,face_wash,0,0
22911,face_wash,0,0
22912,face_wash,1,10
22913,face_wash,0,2
22914,face_wash,0,0
22916,face_wash,0,0
22917,face_wash,0,1
22918,face_wash,0,0
22919,face_wash,0,0
22920,face_wash,0,0
22922,face_wash,0,0
22923,face_wash,0,0
22924,face_wash,0,0
22925,face_wash,0,0
22926,face_wash,0,0
22927,face_wash,0,0
22928,face_wash,0,0
22929,face_wash,0,0
22930,face_wash,0,0
22931,face_wash,0,0
22932,face_wash,0,0
22933,face_wash,0,0
22934,face_wash,0,0
22935,face_wash,0,0
22936,face_wash,0,1
22938,face_wash,0,1
22939,face_wash,0,1
22940,face_wash,0,0
22941,face_wash,0,0
22942,face_wash,0,0
22943,face_wash,0,0
22944,face_wash,0,2
22945,face_wash,0,0
22946,face_wash,0,0
22947,face_wash,0,0
22948,face_wash,0,1
22949,face_wash,0,0
22950,face_wash,0,10
22953,face_wash,0,0
22954,face_wash,0,6
22955,face_wash,0,0
22956,face_wash,1,8
22957,face_wash,1,10
22959,face_wash,1,0
22960,face_wash,0,0
22961,face_wash,0,1
22962,face_wash,0,0
22963,face_wash,0,6
22964,face_wash,0,0
22965,face_wash,0,0
22966,face_wash,0,0
22967,face_wash,0,5
22968,face_wash,1,10
22969,face_wash,0,0
22970,face_wash,0,0
22971,face_wash,1,10
22972,face_wash,0,1
22973,face_wash,1,10
22974,face_wash,0,0
22975,face_wash,0,0
22977,face_wash,1,10
22978,face_wash,0,0
22979,face_wash,0,1
23116,face_wash,0,1
23117,face_wash,0,0
23118,face_wash,0,0
23119,face_wash,0,1
23120,face_wash,0,0
23121,face_wash,0,0
23123,face_wash,0,0
23124,face_wash,0,0
23125,face_wash,0,0
23126,face_wash,0,0
23127,face_wash,0,0
23128,face_wash,1,10
23129,face_wash,0,0
23130,face_wash,0,1
23131,face_wash,0,1
23132,face_wash,0,0
23133,face_wash,1,8
23134,face_wash,0,0
23135,face_wash,0,0
23136,face_wash,0,1
23137,face_wash,0,0
23138,face_wash,0,0
23140,face_wash,0,0
23141,face_wash,0,1
23142,face_wash,0,0
23143,face_wash,0,0
23144,face_wash,0,0
23145,face_wash,0,1
23146,face_wash,0,0
23147,face_wash,0,0
23148,face_wash,0,0
23150,face_wash,0,1
23151,face_wash,0,2
23152,face_wash,0,0
23153,face_wash,0,0
23154,face_wash,0,0
23155,face_wash,0,2
23156,face_wash,0,0
23157,face_wash,0,0
23158,face_wash,1,3
23159,face_wash,0,0
23160,face_wash,0,0
23161,face_wash,0,1
23162,face_wash,0,0
23164,face_wash,0,0
23165,face_wash,0,1
23166,face_wash,0,1
23167,face_wash,0,0
23168,face_wash,0,0
23169,face_wash,0,0
23170,face_wash,0,0
23171,face_wash,0,0
23172,face_wash,0,1
23173,face_wash,0,0
23174,face_wash,0,0
23175,face_wash,0,0
23176,face_wash,0,0
23177,face_wash,0,0
23178,face_wash,0,1
23180,face_wash,0,0
23181,face_wash,0,0
23182,face_wash,0,1
23183,face_wash,0,0
23184,face_wash,0,0
23185,face_wash,0,0
23186,face_wash,1,1
23187,face_wash,0,1
23188,face_wash,0,1
23189,face_wash,0,2
23190,face_wash,0,1
23191,face_wash,0,0
23192,face_wash,0,0
23193,face_wash,0,0
23194,face_wash,0,0
23195,face_wash,0,0
23196,face_wash,0,1
23197,face_wash,0,0
23198,face_wash,0,0
23199,face_wash,0,0
23200,face_wash,1,10
23201,face_wash,0,0
23202,face_wash,0,1
23203,face_wash,0,0
23204,face_wash,0,0
23205,face_wash,0,0
23206,face_wash,0,1
23207,face_wash,0,0
23208,face_wash,0,0
23209,face_wash,0,0
23210,face_wash,0,1
23211,face_wash,0,0
23213,face_wash,0,0
23214,face_wash,0,0
23215,face_wash,0,0
23216,face_wash,0,0
23217,face_wash,0,0
23218,face_wash,0,0
23219,face_wash,0,0
23220,face_wash,0,0
23221,face_wash,0,1
23223,face_wash,0,0
23224,face_wash,0,0
23225,face_wash,0,1
23226,face_wash,0,0
23227,face_wash,0,0
23229,face_wash,0,0
23230,face_wash,0,0
23231,face_wash,0,0
23232,face_wash,0,0
23233,face_wash,0,1
23234,face_wash,0,0
23236,face_wash,0,0
23237,face_wash,0,0
23238,face_wash,1,9
23239,face_wash,0,0
23240,face_wash,1,10
23241,face_wash,0,0
23242,face_wash,0,1
23243,face_wash,1,0
23244,face_wash,0,0
23245,face_wash,0,2
23246,face_wash,0,0
23247,face_wash,0,0
23248,face_wash,0,0
23249,face_wash,0,0
23250,face_wash,0,0
23251,face_wash,0,0
23252,face_wash,0,0
23253,face_wash,0,0
23254,face_wash,0,0
23255,face_wash,0,0
23256,face_wash,0,0
23257,face_wash,0,1
23258,face_wash,0,0
23259,face_wash,0,2
23260,face_wash,0,1
23261,face_wash,0,0
23262,face_wash,0,1
23263,face_wash,0,0
23264,face_wash,0,1
23265,face_wash,1,6
23266,face_wash,0,1
23267,face_wash,0,0
23268,face_wash,0,0
23269,face_wash,0,1
23270,face_wash,0,0
23271,face_wash,0,0
23272,face_wash,0,2
23273,face_wash,0,0
23275,face_wash,0,0
23276,face_wash,0,0
23277,face_wash,0,0
23278,face_wash,0,0
23279,face_wash,0,0
23280,face_wash,0,0
23281,face_wash,0,0
23282,face_wash,0,0
23283,face_wash,0,0
23284,face_wash,0,0
23285,face_wash,0,0
23286,face_wash,0,0
23287,face_wash,0,0
23288,face_wash,0,1
23289,face_wash,0,0
23290,face_wash,0,1
23291,face_wash,0,1
23292,face_wash,0,0
23293,face_wash,0,0
23294,face_wash,0,0
23295,face_wash,0,1
23296,face_wash,0,0
23297,face_wash,0,0
23298,face_wash,0,0
23299,face_wash,0,0
23300,face_wash,0,0
23301,face_wash,0,0
23302,face_wash,0,0
23303,face_wash,0,1
23304,face_wash,0,0
23305,face_wash,0,0
23306,face_wash,0,0
23307,face_wash,0,0
23308,face_wash,0,0
23310,face_wash,0,0
23311,face_wash,0,2
23312,face_wash,0,1
23313,face_wash,0,2
23314,face_wash,0,0
23315,face_wash,0,0
23316,face_wash,0,0
23317,face_wash,0,0
23319,face_wash,0,0
23320,face_wash,0,0
23321,face_wash,0,0
23322,face_wash,0,0
23323,face_wash,1,3
23324,face_wash,0,0
23326,face_wash,0,0
23327,face_wash,0,0
23328,face_wash,0,0
23329,face_wash,0,0
23330,face_wash,0,0
23332,face_wash,0,0
23333,face_wash,0,0
23334,face_wash,0,1
23335,face_wash,0,0
23336,face_wash,0,0
23337,face_wash,0,0
23338,face_wash,0,0
23339,face_wash,0,0
23340,face_wash,0,1
23341,face_wash,0,0
23342,face_wash,0,0
23343,face_wash,0,0
23344,face_wash,0,0
23345,face_wash,0,0
24395,cleansing,0,0
24396,cleansing,0,0
24397,cleansing,0,0
24398,cleansing,0,0
24401,cleansing,0,0
24402,cleansing,0,0
24403,cleansing,0,0
24404,cleansing,0,0
25337,cleansing,0,0
25338,cleansing,0,1
25339,cleansing,0,0
25340,cleansing,0,0
25341,cleansing,0,0
25342,cleansing,0,0
25343,cleansing,0,0
25346,cleansing,0,0
25672,cleansing,0,0
25673,cleansing,0,9
25674,cleansing,0,0
25675,cleansing,1,9
25676,cleansing,1,6
25677,cleansing,1,10
25678,cleansing,0,1
25679,cleansing,0,2
25680,cleansing,0,0
25681,cleansing,1,7
25981,cleansing,0,0
25982,cleansing,0,0
25983,cleansing,0,0
25984,cleansing,0,1
25985,cleansing,0,0
25986,cleansing,0,0
25987,cleansing,0,0
25988,cleansing,0,0
25989,cleansing,0,0
25990,cleansing,0,0
25991,cleansing,0,0
25992,cleansing,0,0
25993,cleansing,0,0
25995,cleansing,0,0
25996,cleansing,0,0
25997,cleansing,0,0
25998,cleansing,0,1
25999,cleansing,0,0
26000,cleansing,0,0
26294,cleansing,0,0
26296,cleansing,0,0
26297,cleansing,0,0
26298,cleansing,0,0
26299,cleansing,1,8
26301,cleansing,0,0
26302,cleansing,0,0
26303,cleansing,0,0
26305,cleansing,1,10
26306,cleansing,1,10
26307,cleansing,0,1
26308,cleansing,0,0
26309,cleansing,0,1
26310,cleansing,0,0
26312,cleansing,0,9
26313,cleansing,0,0
26314,cleansing,0,7
26315,cleansing,0,0
26316,cleansing,1,8
26317,cleansing,0,0
26318,cleansing,1,10
26319,cleansing,1,10
26320,cleansing,0,0
26321,cleansing,0,0
26322,cleansing,1,10
26323,cleansing,1,5
26324,cleansing,1,10
26325,cleansing,0,0
26326,cleansing,0,0
26327,cleansing,0,2
26328,cleansing,0,0
26329,cleansing,1,10
26330,cleansing,1,9
26331,cleansing,0,0
26619,cleansing,0,0
26620,cleansing,0,0
26621,cleansing,0,0
26622,cleansing,0,0
26623,cleansing,0,1
26624,cleansing,0,0
26625,cleansing,0,0
26626,cleansing,0,0
26627,cleansing,0,2
26628,cleansing,0,0
26629,cleansing,0,2
26630,cleansing,0,0
26631,cleansing,0,0
26632,cleansing,0,0
26633,cleansing,0,0
26634,cleansing,0,0
26635,cleansing,0,1
26636,cleansing,0,0
26637,cleansing,0,0
26638,cleansing,0,0
26639,cleansing,0,0
26640,cleansing,0,0
26641,cleansing,0,0
26642,cleansing,0,0
26643,cleansing,0,0
26644,cleansing,1,1
26645,cleansing,0,0
26646,cleansing,0,0
26647,cleansing,0,0
26648,cleansing,0,0
26972,cleansing,1,10
26973,cleansing,1,10
26974,cleansing,0,0
26975,cleansing,0,0
26976,cleansing,1,0
26977,cleansing,0,0
26978,cleansing,0,0
26979,cleansing,1,10
26980,cleansing,1,10
26981,cleansing,1,10
26982,cleansing,0,2
26983,cleansing,0,0
26984,cleansing,0,3
26985,cleansing,1,10
26986,cleansing,1,9
26987,cleansing,0,0
26988,cleansing,0,0
26989,cleansing,0,0
26990,cleansing,0,5
26991,cleansing,0,0
26992,cleansing,0,0
26993,cleansing,0,0
26994,cleansing,0,0
26995,cleansing,0,0
26996,cleansing,0,0
26997,cleansing,1,10
26999,cleansing,0,0
27001,cleansing,1,8
27002,cleansing,0,0
27003,cleansing,0,0
27004,cleansing,0,0
27005,cleansing,0,0
27006,cleansing,1,10
27007,cleansing,0,0
27008,cleansing,0,0
27009,cleansing,0,0
27010,cleansing,0,0
27011,cleansing,0,8
27012,cleansing,0,0
27013,cleansing,1,10
27014,cleansing,1,1
27015,cleansing,0,0
27016,cleansing,0,0
27017,cleansing,1,10
27019,cleansing,0,2
27020,cleansing,0,0
27021,cleansing,0,0
27022,cleansing,1,9
27023,cleansing,1,9
27024,cleansing,1,0
27025,cleansing,1,8
27026,cleansing,0,0
27027,cleansing,1,10
27028,cleansing,0,0
27029,cleansing,0,0
27030,cleansing,1,10
27031,cleansing,0,0
27032,cleansing,1,8
27033,cleansing,0,1
27034,cleansing,0,0
27036,cleansing,1,1
27037,cleansing,1,0
27038,cleansing,0,1
27039,cleansing,1,9
27041,cleansing,0,0
27042,cleansing,0,0
27043,cleansing,0,0
27044,cleansing,1,0
27045,cleansing,0,1
27046,cleansing,0,0
27047,cleansing,1,0
27048,cleansing,0,1
27049,cleansing,0,0
27050,cleansing,0,0
27051,cleansing,0,0
27052,cleansing,0,0
27053,cleansing,1,10
27416,cleansing,0,0
27417,cleansing,0,0
27419,cleansing,0,1
27420,cleansing,1,10
27421,cleansing,0,0
27422,cleansing,0,0
27423,cleansing,0,0
27424,cleansing,0,1
27425,cleansing,0,0
27426,cleansing,0,1
27427,cleansing,1,0
27428,cleansing,1,0
27429,cleansing,0,0
27430,cleansing,1,0
27431,cleansing,0,0
27432,cleansing,0,1
27433,cleansing,0,0
27435,cleansing,0,0
27436,cleansing,0,0
27437,cleansing,0,0
27439,cleansing,1,10
27440,cleansing,0,0
27441,cleansing,1,10
27442,cleansing,0,0
27443,cleansing,1,10
27445,cleansing,0,0
27446,cleansing,0,0
27447,cleansing,1,10
27448,cleansing,0,0
27449,cleansing,0,9
27450,cleansing,0,0
27451,cleansing,1,10
27452,cleansing,0,0
27453,cleansing,0,0
27454,cleansing,0,1
27456,cleansing,0,0
27458,cleansing,0,0
27459,cleansing,0,0
27460,cleansing,0,0
27461,cleansing,1,10
27463,cleansing,0,0
27464,cleansing,0,0
27465,cleansing,1,10
27466,cleansing,0,3
27467,cleansing,0,0
27468,cleansing,0,0
27469,cleansing,0,0
27470,cleansing,0,1
27471,cleansing,0,0
27472,cleansing,1,6
27473,cleansing,0,0
27474,cleansing,0,0
27475,cleansing,1,10
27476,cleansing,1,10
27477,cleansing,1,10
27478,cleansing,0,1
27479,cleansing,0,0
27480,cleansing,0,0
27481,cleansing,0,1
27482,cleansing,0,0
27483,cleansing,1,0
27485,cleansing,0,0
27489,cleansing,1,10
27490,cleansing,1,7
27491,cleansing,0,0
27492,cleansing,0,0
27494,cleansing,1,0
27495,cleansing,0,0
27496,cleansing,0,0
27497,cleansing,0,0
27498,cleansing,0,0
27499,cleansing,1,10
27502,cleansing,1,7
27503,cleansing,1,10
27504,cleansing,0,0
27505,cleansing,0,0
27506,cleansing,1,10
27507,cleansing,0,0
27508,cleansing,0,0
27509,cleansing,1,10
27511,cleansing,1,8
27512,cleansing,0,0
27513,cleansing,0,0
27514,cleansing,0,1
27515,cleansing,0,0
27517,cleansing,1,10
27518,cleansing,1,6
27519,cleansing,1,9
27520,cleansing,0,1
27521,cleansing,1,6
27522,cleansing,1,10
27523,cleansing,0,1
27524,cleansing,0,0
27526,cleansing,0,0
27527,cleansing,0,1
27528,cleansing,0,0
27529,cleansing,0,0
27530,cleansing,1,10
27531,cleansing,0,1
27532,cleansing,1,8
27534,cleansing,0,0
27535,cleansing,0,0
27537,cleansing,0,3
27538,cleansing,1,10
27539,cleansing,1,10
27540,cleansing,0,0
27541,cleansing,0,1
27544,cleansing,0,1
27545,cleansing,1,0
27546,cleansing,0,0
27547,cleansing,1,10
27548,cleansing,0,0
27549,cleansing,0,0
27550,cleansing,0,0
27552,cleansing,1,8
27553,cleansing,0,1
27554,cleansing,1,9
27555,cleansing,1,10
27557,cleansing,0,9
27558,cleansing,1,7
27559,cleansing,0,0
27560,cleansing,0,0
27561,cleansing,0,0
27562,cleansing,0,0
27563,cleansing,0,10
27564,cleansing,1,1
27565,cleansing,0,2
27566,cleansing,1,8
27567,cleansing,0,0
27568,cleansing,0,0
27569,cleansing,1,10
27570,cleansing,1,5
27571,cleansing,0,0
27572,cleansing,0,0
27573,cleansing,1,9
27574,cleansing,1,10
27575,cleansing,1,10
27576,cleansing,1,10
27577,cleansing,0,0
27579,cleansing,0,0
27580,cleansing,0,0
27581,cleansing,0,0
27583,cleansing,0,2
27584,cleansing,0,3
27585,cleansing,0,0
27586,cleansing,1,10
27587,cleansing,0,1
27589,cleansing,0,0
27590,cleansing,0,0
27591,cleansing,1,0
27592,cleansing,0,1
27593,cleansing,1,10
27594,cleansing,0,0
27595,cleansing,0,0
27597,cleansing,1,10
27598,cleansing,1,9
27599,cleansing,0,0
27601,cleansing,0,1
27602,cleansing,0,0
27603,cleansing,0,0
28656,toner_lotion,0,0
28657,toner_lotion,0,2
28658,toner_lotion,0,0
28659,toner_lotion,0,0
28660,toner_lotion,0,0
28661,toner_lotion,0,0
28662,toner_lotion,0,0
28663,toner_lotion,0,0
28664,toner_lotion,0,0
28665,toner_lotion,0,0
28971,toner_lotion,0,0
28972,toner_lotion,0,1
28975,toner_lotion,0,0
28976,toner_lotion,0,0
28977,toner_lotion,0,0
28978,toner_lotion,0,0
28979,toner_lotion,0,1
28980,toner_lotion,0,0
29289,toner_lotion,1,10
29290,toner_lotion,1,8
29291,toner_lotion,0,1
29292,toner_lotion,1,8
29293,toner_lotion,0,0
29294,toner_lotion,0,0
29295,toner_lotion,1,10
29296,toner_lotion,0,0
29297,toner_lotion,0,0
29298,toner_lotion,1,10
29299,toner_lotion,0,4
29300,toner_lotion,0,0
29301,toner_lotion,0,0
29302,toner_lotion,1,7
29303,toner_lotion,1,8
29306,toner_lotion,0,0
29307,toner_lotion,1,10
29308,toner_lotion,0,0
29309,toner_lotion,0,0
29310,toner_lotion,0,0
29312,toner_lotion,1,9
29313,toner_lotion,0,0
29314,toner_lotion,0,8
29315,toner_lotion,1,6
29316,toner_lotion,0,2
29666,toner_lotion,0,0
29667,toner_lotion,1,2
29668,toner_lotion,0,0
29669,toner_lotion,0,1
29670,toner_lotion,1,8
29671,toner_lotion,1,10
29672,toner_lotion,0,5
29673,toner_lotion,0,0
29675,toner_lotion,1,10
29676,toner_lotion,0,1
29677,toner_lotion,0,0
29678,toner_lotion,0,0
29679,toner_lotion,0,0
29680,toner_lotion,0,0
29681,toner_lotion,1,7
29682,toner_lotion,0,1
29683,toner_lotion,1,9
29684,toner_lotion,1,10
29686,toner_lotion,0,2
29687,toner_lotion,0,1
29688,toner_lotion,0,2
29689,toner_lotion,0,0
29690,toner_lotion,0,0
29691,toner_lotion,0,0
29692,toner_lotion,0,0
29693,toner_lotion,1,7
29694,toner_lotion,0,0
29695,toner_lotion,1,9
29696,toner_lotion,0,0
29697,toner_lotion,0,0
29698,toner_lotion,0,0
29699,toner_lotion,0,0
29700,toner_lotion,1,8
29701,toner_lotion,1,10
29702,toner_lotion,1,10
29703,toner_lotion,0,0
29704,toner_lotion,0,0
29705,toner_lotion,0,2
29706,toner_lotion,0,0
29707,toner_lotion,1,10
29708,toner_lotion,1,9
29709,toner_lotion,0,0
29710,toner_lotion,0,1
29711,toner_lotion,0,0
29712,toner_lotion,0,1
29713,toner_lotion,0,0
29714,toner_lotion,0,0
29715,toner_lotion,1,8
29716,toner_lotion,0,0
29717,toner_lotion,0,0
29718,toner_lotion,0,1
29719,toner_lotion,1,8
29721,toner_lotion,0,0
29722,toner_lotion,0,0
29723,toner_lotion,0,0
29724,toner_lotion,0,0
29726,toner_lotion,0,2
29727,toner_lotion,0,0
29728,toner_lotion,0,0
29729,toner_lotion,1,9
29730,toner_lotion,1,9
29731,toner_lotion,0,0
29732,toner_lotion,1,9
29733,toner_lotion,0,0
29734,toner_lotion,0,1
29735,toner_lotion,0,0
29736,toner_lotion,0,0
29737,toner_lotion,1,2
29738,toner_lotion,1,0
29740,toner_lotion,0,1
29741,toner_lotion,0,0
29743,toner_lotion,0,0
29744,toner_lotion,1,10
29745,toner_lotion,1,7
29746,toner_lotion,1,8
29747,toner_lotion,0,0
29749,toner_lotion,1,10
29750,toner_lotion,1,2
29751,toner_lotion,0,0
29752,toner_lotion,0,0
29753,toner_lotion,0,7
29754,toner_lotion,0,0
29755,toner_lotion,1,8
29756,toner_lotion,0,7
29757,toner_lotion,0,3
29758,toner_lotion,0,0
29759,toner_lotion,1,10
29761,toner_lotion,1,5
29762,toner_lotion,1,0
29763,toner_lotion,0,0
29765,toner_lotion,0,0
29766,toner_lotion,1,10
29767,toner_lotion,0,0
29768,toner_lotion,1,10
29770,toner_lotion,0,0
29771,toner_lotion,0,0
29772,toner_lotion,1,0
29773,toner_lotion,1,10
29775,toner_lotion,1,10
29969,toner_lotion,0,0
29970,toner_lotion,0,0
29971,toner_lotion,1,8
29972,toner_lotion,1,10
29973,toner_lotion,0,0
29974,toner_lotion,0,1
29975,toner_lotion,0,0
29976,toner_lotion,1,10
29978,toner_lotion,0,0
29979,toner_lotion,1,7
29980,toner_lotion,1,10
29981,toner_lotion,1,9
29982,toner_lotion,0,0
29983,toner_lotion,0,0
29984,toner_lotion,1,6
29985,toner_lotion,0,0
29986,toner_lotion,0,0
29987,toner_lotion,1,10
29988,toner_lotion,1,7
29990,toner_lotion,1,8
29992,toner_lotion,0,0
29993,toner_lotion,1,9
29994,toner_lotion,1,10
29995,toner_lotion,1,10
29996,toner_lotion,0,0
29997,toner_lotion,0,0
29998,toner_lotion,0,0
29999,toner_lotion,1,0
30000,toner_lotion,1,10
30001,toner_lotion,0,2
30002,toner_lotion,0,0
30003,toner_lotion,0,2
30004,toner_lotion,0,1
30006,toner_lotion,0,1
30007,toner_lotion,0,6
30008,toner_lotion,0,0
30009,toner_lotion,1,10
30010,toner_lotion,0,0
30011,toner_lotion,1,10
30012,toner_lotion,0,4
30013,toner_lotion,1,9
30014,toner_lotion,0,0
30015,toner_lotion,1,10
30017,toner_lotion,1,10
30018,toner_lotion,1,9
30019,toner_lotion,1,10
30020,toner_lotion,1,10
30021,toner_lotion,1,10
30022,toner_lotion,1,10
30023,toner_lotion,0,3
30024,toner_lotion,1,10
30025,toner_lotion,0,0
30026,toner_lotion,0,0
30027,toner_lotion,1,7
30028,toner_lotion,1,10
30029,toner_lotion,1,8
30031,toner_lotion,0,0
30032,toner_lotion,0,0
30033,toner_lotion,0,0
30034,toner_lotion,1,10
30035,toner_lotion,1,10
30036,toner_lotion,0,0
30037,toner_lotion,0,0
30038,toner_lotion,0,1
30039,toner_lotion,1,9
30040,toner_lotion,1,10
30041,toner_lotion,1,10
30042,toner_lotion,0,6
30043,toner_lotion,1,10
30044,toner_lotion,1,9
30045,toner_lotion,0,0
30046,toner_lotion,0,0
30047,toner_lotion,1,10
30048,toner_lotion,0,0
30049,toner_lotion,0,0
30050,toner_lotion,0,9
30051,toner_lotion,1,1
30052,toner_lotion,0,0
30053,toner_lotion,1,7
30054,toner_lotion,0,0
30055,toner_lotion,1,10
30056,toner_lotion,1,10
30057,toner_lotion,1,8
30058,toner_lotion,1,8
30059,toner_lotion,0,8
30060,toner_lotion,0,0
30061,toner_lotion,0,3
30062,toner_lotion,0,0
30063,toner_lotion,1,10
30064,toner_lotion,1,5
30065,toner_lotion,1,10
30066,toner_lotion,1,10
30067,toner_lotion,0,0
30068,toner_lotion,0,7
30069,toner_lotion,0,0
30070,toner_lotion,1,1
30071,toner_lotion,0,1
30072,toner_lotion,0,0
30073,toner_lotion,1,10
30074,toner_lotion,0,1
30075,toner_lotion,1,1
30076,toner_lotion,1,10
30077,toner_lotion,1,7
30078,toner_lotion,0,0
30080,toner_lotion,0,0
30081,toner_lotion,1,10
30082,toner_lotion,0,0
30083,toner_lotion,0,0
30084,toner_lotion,1,10
30085,toner_lotion,0,0
30086,toner_lotion,1,7
30088,toner_lotion,0,0
30089,toner_lotion,1,10
30090,toner_lotion,0,0
30091,toner_lotion,0,0
30092,toner_lotion,0,6
30093,toner_lotion,0,1
30094,toner_lotion,0,0
30095,toner_lotion,0,0
30096,toner_lotion,0,0
30097,toner_lotion,1,9
30098,toner_lotion,0,0
30099,toner_lotion,0,0
30100,toner_lotion,0,0
30101,toner_lotion,0,3
30102,toner_lotion,0,1
30103,toner_lotion,0,3
30106,toner_lotion,0,0
30107,toner_lotion,0,0
30108,toner_lotion,0,0
30109,toner_lotion,0,0
30111,toner_lotion,0,0
30112,toner_lotion,0,0
30113,toner_lotion,0,0
30114,toner_lotion,0,0
30115,toner_lotion,0,0
30116,toner_lotion,1,9
30117,toner_lotion,0,0
30118,toner_lotion,0,0
30119,toner_lotion,0,0
30120,toner_lotion,1,5
30121,toner_lotion,0,0
30122,toner_lotion,0,7
30123,toner_lotion,1,8
30124,toner_lotion,0,0
30125,toner_lotion,0,0
30126,toner_lotion,0,0
30127,toner_lotion,0,0
30128,toner_lotion,0,1
30129,toner_lotion,0,0
30130,toner_lotion,0,1
30132,toner_lotion,0,0
30133,toner_lotion,0,1
30135,toner_lotion,0,0
30136,toner_lotion,0,1
30137,toner_lotion,0,0
30138,toner_lotion,0,0
30139,toner_lotion,0,0
30141,toner_lotion,0,0
30142,toner_lotion,0,0
30144,toner_lotion,0,0
30145,toner_lotion,0,5
30146,toner_lotion,0,0
30147,toner_lotion,1,0
30619,eye_shadow,0,0
30620,eye_shadow,0,0
30621,eye_shadow,0,1
31588,eye_shadow,0,0
31589,eye_shadow,0,0
31590,eye_shadow,0,0
31591,eye_shadow,0,0
31592,eye_shadow,0,0
31594,eye_shadow,0,0
31595,eye_shadow,0,0
31596,eye_shadow,0,0
31597,eye_shadow,0,0
31924,eye_shadow,0,0
31926,eye_shadow,0,0
31927,eye_shadow,0,1
31928,eye_shadow,0,1
31929,eye_shadow,0,0
31930,eye_shadow,0,0
31932,eye_shadow,0,0
32248,eye_shadow,0,0
32249,eye_shadow,0,0
32250,eye_shadow,0,0
32251,eye_shadow,0,0
32252,eye_shadow,0,0
32253,eye_shadow,0,0
32254,eye_shadow,0,0
32255,eye_shadow,0,0
32256,eye_shadow,0,1
32257,eye_shadow,0,0
32258,eye_shadow,0,0
32259,eye_shadow,0,1
32260,eye_shadow,0,0
32261,eye_shadow,0,0
32262,eye_shadow,0,0
32263,eye_shadow,0,0
32264,eye_shadow,0,0
32265,eye_shadow,0,0
32266,eye_shadow,0,0
32267,eye_shadow,0,1
32584,eye_shadow,0,0
32585,eye_shadow,0,0
32586,eye_shadow,0,0
32587,eye_shadow,0,0
32588,eye_shadow,0,0
32589,eye_shadow,0,0
32590,eye_shadow,0,0
32591,eye_shadow,0,0
32592,eye_shadow,0,0
32593,eye_shadow,0,0
32904,eye_shadow,0,0
32905,eye_shadow,0,0
32907,eye_shadow,0,0
32908,eye_shadow,0,0
32909,eye_shadow,0,0
32910,eye_shadow,0,1
32911,eye_shadow,0,0
32912,eye_shadow,0,0
32913,eye_shadow,0,0
32914,eye_shadow,0,0
32915,eye_shadow,0,0
32916,eye_shadow,0,0
32917,eye_shadow,0,0
32919,eye_shadow,0,0
32921,eye_shadow,0,0
33214,eye_shadow,0,1
33215,eye_shadow,0,0
33216,eye_shadow,0,0
33217,eye_shadow,0,0
33218,eye_shadow,0,0
33219,eye_shadow,0,0
33221,eye_shadow,0,0
33222,eye_shadow,0,0
33223,eye_shadow,0,1
33224,eye_shadow,0,0
33225,eye_shadow,0,0
33226,eye_shadow,0,0
33228,eye_shadow,0,0
33229,eye_shadow,0,1
33230,eye_shadow,0,0
33232,eye_shadow,0,1
33233,eye_shadow,0,0
33234,eye_shadow,0,0
33235,eye_shadow,0,0
33237,eye_shadow,0,0
33238,eye_shadow,0,0
33239,eye_shadow,0,0
33240,eye_shadow,0,0
33241,eye_shadow,0,1
33243,eye_shadow,0,0
33617,eye_shadow,0,1
33618,eye_shadow,0,0
33619,eye_shadow,0,0
33620,eye_shadow,0,0
33621,eye_shadow,0,0
33622,eye_shadow,0,0
33623,eye_shadow,0,1
33625,eye_shadow,0,0
33626,eye_shadow,0,0
33627,eye_shadow,0,0
33628,eye_shadow,0,0
33629,eye_shadow,0,0
33630,eye_shadow,0,0
33631,eye_shadow,0,0
33632,eye_shadow,0,0
33633,eye_shadow,0,0
33634,eye_shadow,0,0
33635,eye_shadow,0,0
33636,eye_shadow,0,0
33637,eye_shadow,0,1
33638,eye_shadow,0,0
33639,eye_shadow,0,1
33640,eye_shadow,0,0
33641,eye_shadow,0,0
33642,eye_shadow,0,0
33643,eye_shadow,0,0
33644,eye_shadow,0,0
33645,eye_shadow,0,0
33646,eye_shadow,0,0
33647,eye_shadow,0,0
33648,eye_shadow,0,0
33649,eye_shadow,0,1
33650,eye_shadow,0,0
33651,eye_shadow,0,0
33652,eye_shadow,0,1
33653,eye_shadow,0,0
33654,eye_shadow,0,0
33656,eye_shadow,0,0
33657,eye_shadow,0,0
33658,eye_shadow,0,0
34141,eye_shadow,0,0
34142,eye_shadow,0,0
34143,eye_shadow,0,0
34144,eye_shadow,0,1
34145,eye_shadow,0,0
34146,eye_shadow,0,0
34147,eye_shadow,0,0
34148,eye_shadow,0,0
34149,eye_shadow,0,0
34150,eye_shadow,0,0
34151,eye_shadow,0,0
34152,eye_shadow,0,1
34153,eye_shadow,0,0
34154,eye_shadow,0,0
34155,eye_shadow,0,0
34156,eye_shadow,0,0
34158,eye_shadow,0,0
34159,eye_shadow,0,0
34160,eye_shadow,0,0
34161,eye_shadow,0,0
34162,eye_shadow,0,0
34163,eye_shadow,0,0
34164,eye_shadow,0,0
34165,eye_shadow,0,0
34166,eye_shadow,0,0
34167,eye_shadow,0,0
34168,eye_shadow,0,0
34169,eye_shadow,0,0
34170,eye_shadow,0,0
34471,eye_shadow,0,0
34472,eye_shadow,0,0
34473,eye_shadow,0,1
34474,eye_shadow,0,0
34475,eye_shadow,0,0
34476,eye_shadow,0,1
34477,eye_shadow,0,0
34478,eye_shadow,0,0
34479,eye_shadow,0,0
34480,eye_shadow,0,0
34820,eye_shadow,0,0
34821,eye_shadow,0,0
34822,eye_shadow,0,0
34823,eye_shadow,0,0
34824,eye_shadow,0,0
34825,eye_shadow,0,2
34826,eye_shadow,0,0
34829,eye_shadow,0,0
34830,eye_shadow,0,0
34831,eye_shadow,0,0
34832,eye_shadow,0,0
34833,eye_shadow,0,0
34834,eye_shadow,0,0
34835,eye_shadow,0,0
34836,eye_shadow,0,1
34837,eye_shadow,0,1
34838,eye_shadow,0,0
34839,eye_shadow,0,0
34840,eye_shadow,0,0
34841,eye_shadow,0,0
34842,eye_shadow,0,1
34843,eye_shadow,0,0
34844,eye_shadow,0,0
34845,eye_shadow,0,2
34847,eye_shadow,0,0
34848,eye_shadow,0,0
34849,eye_shadow,0,0
34851,eye_shadow,0,0
34853,eye_shadow,0,0
34854,eye_shadow,0,1
34855,eye_shadow,0,0
34856,eye_shadow,0,1
34857,eye_shadow,0,0
34859,eye_shadow,0,0
34860,eye_shadow,0,0
34861,eye_shadow,0,0
34862,eye_shadow,0,0
34863,eye_shadow,0,0
34864,eye_shadow,0,0
34865,eye_shadow,0,0
34866,eye_shadow,0,0
34867,eye_shadow,0,0
34868,eye_shadow,0,0
34869,eye_shadow,0,0
34870,eye_shadow,0,0
34871,eye_shadow,0,0
34872,eye_shadow,0,0
34873,eye_shadow,0,0
34874,eye_shadow,0,0
34875,eye_shadow,0,0
34876,eye_shadow,0,0
34877,eye_shadow,0,0
34878,eye_shadow,0,0
34879,eye_shadow,0,1
34880,eye_shadow,0,0
34882,eye_shadow,0,1
34883,eye_shadow,0,0
34884,eye_shadow,0,0
34885,eye_shadow,0,0
34886,eye_shadow,0,0
34887,eye_shadow,0,0
34888,eye_shadow,0,0
34889,eye_shadow,0,2
34890,eye_shadow,0,0
34892,eye_shadow,0,0
34893,eye_shadow,0,2
34894,eye_shadow,0,0
34895,eye_shadow,0,0
34896,eye_shadow,0,1
34897,eye_shadow,0,0
35186,eye_shadow,0,0
35187,eye_shadow,0,0
35188,eye_shadow,0,0
35190,eye_shadow,0,0
35191,eye_shadow,0,0
35192,eye_shadow,0,1
35193,eye_shadow,0,0
35194,eye_shadow,0,2
35195,eye_shadow,0,0
35196,eye_shadow,0,0
35197,eye_shadow,0,0
35198,eye_shadow,0,0
35199,eye_shadow,0,1
35200,eye_shadow,0,0
35201,eye_shadow,0,0
35202,eye_shadow,0,0
35203,eye_shadow,0,0
35205,eye_shadow,0,0
35206,eye_shadow,0,0
35208,eye_shadow,0,0
35209,eye_shadow,0,0
35210,eye_shadow,0,0
35211,eye_shadow,0,0
35212,eye_shadow,0,0
35213,eye_shadow,0,0
35214,eye_shadow,0,1
35215,eye_shadow,0,1
35216,eye_shadow,1,10
35217,eye_shadow,0,0
35220,eye_shadow,0,1
35221,eye_shadow,0,0
35222,eye_shadow,0,0
35223,eye_shadow,0,1
35224,eye_shadow,0,0
35225,eye_shadow,0,0
35226,eye_shadow,0,0
35227,eye_shadow,0,0
35228,eye_shadow,0,0
35229,eye_shadow,0,1
35230,eye_shadow,0,0
35231,eye_shadow,0,0
35232,eye_shadow,0,0
35233,eye_shadow,0,2
35234,eye_shadow,0,1
35235,eye_shadow,0,0
35236,eye_shadow,1,10
35237,eye_shadow,0,0
35238,eye_shadow,0,0
35240,eye_shadow,0,0
35241,eye_shadow,0,0
35242,eye_shadow,0,0
35243,eye_shadow,0,0
35245,eye_shadow,0,0
35246,eye_shadow,0,2
35247,eye_shadow,0,0
35248,eye_shadow,0,1
35249,eye_shadow,0,0
35250,eye_shadow,0,0
35251,eye_shadow,0,0
35252,eye_shadow,0,0
35253,eye_shadow,0,0
35254,eye_shadow,0,0
35255,eye_shadow,0,0
35256,eye_shadow,0,0
35257,eye_shadow,0,0
35546,eye_shadow,1,10
35547,eye_shadow,0,0
35548,eye_shadow,1,9
35549,eye_shadow,1,9
35550,eye_shadow,1,9
35551,eye_shadow,0,0
35552,eye_shadow,0,9
35553,eye_shadow,1,9
35555,eye_shadow,1,10
35556,eye_shadow,1,10
35558,eye_shadow,0,0
35559,eye_shadow,1,8
35560,eye_shadow,1,10
35561,eye_shadow,1,10
35562,eye_shadow,1,10
35563,eye_shadow,1,8
35564,eye_shadow,1,10
35565,eye_shadow,0,1
35566,eye_shadow,1,9
35567,eye_shadow,1,0
35568,eye_shadow,1,8
35569,eye_shadow,1,8
35570,eye_shadow,1,9
35571,eye_shadow,1,10
35572,eye_shadow,1,2
35573,eye_shadow,0,0
35574,eye_shadow,0,0
35575,eye_shadow,1,10
35576,eye_shadow,0,7
35577,eye_shadow,0,0
35578,eye_shadow,0,0
35580,eye_shadow,0,1
35581,eye_shadow,0,0
35582,eye_shadow,1,10
35583,eye_shadow,0,0
35584,eye_shadow,0,0
35585,eye_shadow,1,10
35586,eye_shadow,1,10
35587,eye_shadow,1,9
35588,eye_shadow,0,8
35589,eye_shadow,1,10
35590,eye_shadow,0,1
35591,eye_shadow,1,10
35593,eye_shadow,1,8
35594,eye_shadow,1,10
35595,eye_shadow,1,10
35596,eye_shadow,1,10
35597,eye_shadow,1,10
35598,eye_shadow,0,1
35599,eye_shadow,1,8
35600,eye_shadow,0,0
35601,eye_shadow,0,1
35602,eye_shadow,0,0
35603,eye_shadow,1,4
35604,eye_shadow,1,10
35605,eye_shadow,0,0
35606,eye_shadow,0,1
35607,eye_shadow,1,10
35608,eye_shadow,0,9
35609,eye_shadow,0,3
35610,eye_shadow,1,10
35611,eye_shadow,1,10
35612,eye_shadow,0,4
35613,eye_shadow,0,0
35614,eye_shadow,1,10
35615,eye_shadow,1,8
35616,eye_shadow,1,1
35618,eye_shadow,1,10
35619,eye_shadow,1,9
35620,eye_shadow,0,0
35621,eye_shadow,1,9
35622,eye_shadow,1,10
35623,eye_shadow,1,9
35624,eye_shadow,0,0
35625,eye_shadow,0,1
35626,eye_shadow,0,0
35628,eye_shadow,1,10
35629,eye_shadow,0,0
35630,eye_shadow,0,0
35631,eye_shadow,0,1
35632,eye_shadow,1,10
35633,eye_shadow,0,0
35634,eye_shadow,1,8
35635,eye_shadow,0,0
35636,eye_shadow,1,10
35637,eye_shadow,1,7
35638,eye_shadow,1,10
35639,eye_shadow,0,5
35640,eye_shadow,1,10
35641,eye_shadow,0,0
35642,eye_shadow,1,10
35643,eye_shadow,1,9
35644,eye_shadow,0,1
35645,eye_shadow,1,5
35646,eye_shadow,1,9
35647,eye_shadow,0,0
35648,eye_shadow,1,9
35649,eye_shadow,1,6
35650,eye_shadow,1,10
35651,eye_shadow,0,0
35652,eye_shadow,0,8
35653,eye_shadow,1,10
35654,eye_shadow,0,1
35655,eye_shadow,0,7
35656,eye_shadow,0,5
35657,eye_shadow,0,10
35659,eye_shadow,0,0
35661,eye_shadow,1,0
35662,eye_shadow,1,8
35663,eye_shadow,0,0
35664,eye_shadow,1,10
35665,eye_shadow,1,1
35666,eye_shadow,1,4
35667,eye_shadow,1,9
35668,eye_shadow,0,1
35669,eye_shadow,0,0
35670,eye_shadow,1,10
35671,eye_shadow,1,6
35672,eye_shadow,0,0
35673,eye_shadow,1,10
35674,eye_shadow,1,10
35675,eye_shadow,0,0
35676,eye_shadow,1,7
35677,eye_shadow,0,0
35678,eye_shadow,0,9
35679,eye_shadow,0,0
35680,eye_shadow,0,1
36984,lip_colour,0,0
36987,lip_colour,0,0
36988,lip_colour,0,0
36989,lip_colour,0,0
36990,lip_colour,0,0
36991,lip_colour,0,0
36992,lip_colour,0,0
36993,lip_colour,0,0
37299,lip_colour,0,0
37300,lip_colour,0,0
37302,lip_colour,0,0
37303,lip_colour,0,0
37304,lip_colour,0,0
37305,lip_colour,0,0
37307,lip_colour,0,0
37308,lip_colour,0,0
37620,lip_colour,0,0
37621,lip_colour,0,0
37622,lip_colour,0,0
37623,lip_colour,0,0
37624,lip_colour,0,0
37625,lip_colour,0,0
37626,lip_colour,0,0
37627,lip_colour,0,0
37628,lip_colour,0,0
37629,lip_colour,0,0
37967,lip_colour,0,0
37969,lip_colour,0,0
37970,lip_colour,0,0
37972,lip_colour,0,0
37973,lip_colour,0,0
37974,lip_colour,0,0
37976,lip_colour,0,0
37977,lip_colour,0,0
37978,lip_colour,0,0
37980,lip_colour,0,0
37982,lip_colour,0,0
37983,lip_colour,0,0
37984,lip_colour,0,0
37985,lip_colour,0,0
37986,lip_colour,0,0
38290,lip_colour,0,1
38291,lip_colour,0,0
38292,lip_colour,0,0
38293,lip_colour,0,0
38294,lip_colour,0,0
38295,lip_colour,0,0
38296,lip_colour,0,0
38297,lip_colour,0,0
38298,lip_colour,0,0
38631,lip_colour,0,0
38632,lip_colour,0,0
38633,lip_colour,0,0
38634,lip_colour,0,0
38635,lip_colour,0,0
38636,lip_colour,0,0
38637,lip_colour,0,0
38638,lip_colour,0,0
38639,lip_colour,0,0
38640,lip_colour,0,0
38641,lip_colour,0,0
38642,lip_colour,0,0
38644,lip_colour,0,0
38645,lip_colour,0,0
38647,lip_colour,0,1
38648,lip_colour,0,0
38649,lip_colour,0,0
38650,lip_colour,0,0
38986,lip_colour,1,0
38987,lip_colour,0,1
38988,lip_colour,0,0
38989,lip_colour,0,0
38990,lip_colour,0,0
38991,lip_colour,0,1
38992,lip_colour,0,0
38993,lip_colour,0,0
38995,lip_colour,0,0
38996,lip_colour,0,0
38997,lip_colour,0,0
38998,lip_colour,0,0
38999,lip_colour,0,0
39000,lip_colour,0,0
39001,lip_colour,0,0
39002,lip_colour,0,0
39003,lip_colour,1,2
39004,lip_colour,0,0
39005,lip_colour,0,0
39339,lip_colour,0,0
39340,lip_colour,0,0
39341,lip_colour,0,0
39342,lip_colour,0,0
39344,lip_colour,0,1
39345,lip_colour,0,0
39346,lip_colour,0,0
39347,lip_colour,0,0
39349,lip_colour,0,0
39350,lip_colour,0,0
39351,lip_colour,0,0
39352,lip_colour,0,0
39353,lip_colour,0,0
39354,lip_colour,0,0
39355,lip_colour,0,1
39357,lip_colour,0,0
39358,lip_colour,0,0
39359,lip_colour,0,0
39360,lip_colour,0,0
39361,lip_colour,0,0
39362,lip_colour,0,0
39363,lip_colour,0,0
39364,lip_colour,0,0
39365,lip_colour,0,0
39366,lip_colour,0,1
39367,lip_colour,0,0
39368,lip_colour,0,1
39369,lip_colour,0,1
39370,lip_colour,0,2
39371,lip_colour,0,0
39374,lip_colour,0,0
39375,lip_colour,0,0
39377,lip_colour,0,0
39378,lip_colour,0,0
39379,lip_colour,1,10
39380,lip_colour,0,0
39381,lip_colour,0,0
39382,lip_colour,0,0
39383,lip_colour,0,0
39384,lip_colour,0,0
39386,lip_colour,0,0
39387,lip_colour,0,2
39388,lip_colour,0,0
39390,lip_colour,0,0
39391,lip_colour,0,0
39392,lip_colour,0,0
39690,lip_colour,0,0
39691,lip_colour,0,0
39692,lip_colour,0,0
39693,lip_colour,0,0
39694,lip_colour,0,1
39695,lip_colour,0,0
39696,lip_colour,0,0
39697,lip_colour,0,0
39698,lip_colour,0,0
39699,lip_colour,0,0
39700,lip_colour,0,0
39701,lip_colour,0,0
39702,lip_colour,0,0
39703,lip_colour,0,0
39704,lip_colour,0,0
39707,lip_colour,0,0
39708,lip_colour,0,1
39709,lip_colour,0,0
39710,lip_colour,0,0
39712,lip_colour,0,0
39713,lip_colour,0,0
39714,lip_colour,0,0
39715,lip_colour,0,0
39716,lip_colour,0,0
39717,lip_colour,0,2
39718,lip_colour,0,0
39720,lip_colour,0,0
39721,lip_colour,0,0
39722,lip_colour,0,0
39723,lip_colour,0,0
39724,lip_colour,0,0
39725,lip_colour,0,1
39727,lip_colour,0,1
39728,lip_colour,0,0
39729,lip_colour,0,0
39730,lip_colour,0,0
39731,lip_colour,0,1
39732,lip_colour,0,0
39733,lip_colour,0,0
39734,lip_colour,0,0
39735,lip_colour,0,0
39736,lip_colour,0,0
39737,lip_colour,0,0
39738,lip_colour,0,0
39739,lip_colour,0,0
39740,lip_colour,0,0
39741,lip_colour,0,0
39743,lip_colour,0,0
39744,lip_colour,0,0
39745,lip_colour,0,0
40028,lip_colour,0,0
40029,lip_colour,0,0
40030,lip_colour,0,1
40031,lip_colour,0,0
40032,lip_colour,0,0
40036,lip_colour,0,1
40037,lip_colour,0,0
40038,lip_colour,0,0
40039,lip_colour,0,0
40040,lip_colour,0,0
40041,lip_colour,0,0
40042,lip_colour,0,0
40043,lip_colour,0,0
40044,lip_colour,0,0
40045,lip_colour,0,0
40046,lip_colour,0,0
40047,lip_colour,0,0
40048,lip_colour,0,0
40049,lip_colour,0,0
40050,lip_colour,0,1
40051,lip_colour,0,0
40052,lip_colour,0,0
40053,lip_colour,0,0
40054,lip_colour,0,0
40055,lip_colour,0,1
40056,lip_colour,0,0
40057,lip_colour,0,0
40058,lip_colour,0,0
40059,lip_colour,0,0
40061,lip_colour,0,0
40062,lip_colour,0,0
40063,lip_colour,0,0
40064,lip_colour,1,1
40065,lip_colour,0,0
40067,lip_colour,0,0
40068,lip_colour,0,0
40070,lip_colour,0,0
40071,lip_colour,0,0
40072,lip_colour,0,0
40073,lip_colour,0,1
40074,lip_colour,0,1
40075,lip_colour,0,0
40076,lip_colour,0,0
40077,lip_colour,0,1
40078,lip_colour,0,1
40080,lip_colour,0,0
40081,lip_colour,0,1
40083,lip_colour,0,0
40458,lip_colour,0,1
40459,lip_colour,0,0
40460,lip_colour,0,0
40462,lip_colour,0,1
40463,lip_colour,0,0
40464,lip_colour,0,0
40465,lip_colour,0,0
40466,lip_colour,0,7
40467,lip_colour,0,0
40468,lip_colour,0,1
40469,lip_colour,0,0
40470,lip_colour,0,0
40472,lip_colour,0,0
40473,lip_colour,0,0
40474,lip_colour,0,0
40475,lip_colour,0,0
40477,lip_colour,0,0
40479,lip_colour,0,0
40480,lip_colour,0,0
40481,lip_colour,0,0
40483,lip_colour,0,0
40484,lip_colour,0,0
40485,lip_colour,0,0
40486,lip_colour,0,0
40487,lip_colour,0,0
40488,lip_colour,0,0
40489,lip_colour,0,0
40490,lip_colour,0,0
40491,lip_colour,0,0
40492,lip_colour,0,0
40494,lip_colour,0,0
40495,lip_colour,0,0
40496,lip_colour,0,0
40497,lip_colour,0,0
40498,lip_colour,0,2
40499,lip_colour,0,1
40500,lip_colour,0,1
40502,lip_colour,0,0
40504,lip_colour,0,1
40505,lip_colour,0,0
40506,lip_colour,0,0
40507,lip_colour,0,0
40508,lip_colour,0,0
40509,lip_colour,0,0
40510,lip_colour,0,0
40511,lip_colour,1,0
40513,lip_colour,0,0
40514,lip_colour,0,0
40515,lip_colour,0,0
40516,lip_colour,0,0
40518,lip_colour,0,1
40519,lip_colour,0,1
40520,lip_colour,0,0
40521,lip_colour,0,0
40522,lip_colour,0,0
40523,lip_colour,0,0
40525,lip_colour,0,0
40527,lip_colour,1,0
41770,foundation,1,6
41771,foundation,0,0
41772,foundation,0,0
41773,foundation,1,10
41774,foundation,0,0
41776,foundation,0,0
41778,foundation,0,0
41779,foundation,0,0
42109,foundation,0,0
42111,foundation,0,0
42112,foundation,0,0
42113,foundation,0,0
42114,foundation,0,0
42115,foundation,0,0
42116,foundation,0,1
42117,foundation,0,0
42118,foundation,0,0
42452,foundation,0,0
42453,foundation,0,0
42454,foundation,0,0
42455,foundation,0,0
42456,foundation,0,0
42457,foundation,0,0
42458,foundation,1,10
42459,foundation,1,10
42460,foundation,1,10
42461,foundation,0,0
42462,foundation,0,0
42463,foundation,0,0
42464,foundation,0,0
42467,foundation,0,0
42469,foundation,0,0
42470,foundation,0,0
42471,foundation,0,0
42473,foundation,0,0
42474,foundation,0,0
42475,foundation,0,0
42476,foundation,0,3
42477,foundation,1,10
42478,foundation,0,0
42479,foundation,0,1
42480,foundation,1,10
42481,foundation,0,0
42482,foundation,0,0
42484,foundation,0,0
42485,foundation,0,1
42486,foundation,0,0
42487,foundation,0,0
42488,foundation,0,0
42489,foundation,0,0
42490,foundation,0,0
42491,foundation,0,0
42492,foundation,0,0
42494,foundation,0,0
42495,foundation,0,0
42496,foundation,0,0
42498,foundation,0,0
42499,foundation,0,1
42500,foundation,0,2
42501,foundation,0,0
42502,foundation,0,0
42503,foundation,0,1
42504,foundation,0,1
42505,foundation,1,10
42506,foundation,0,0
42507,foundation,0,0
42508,foundation,0,2
42510,foundation,0,1
42511,foundation,1,6
42512,foundation,1,5
42513,foundation,0,0
42514,foundation,1,2
42515,foundation,1,9
42516,foundation,1,4
42517,foundation,0,0
42518,foundation,0,0
42519,foundation,0,0
42521,foundation,0,0
42522,foundation,0,1
42523,foundation,0,1
42524,foundation,1,4
42525,foundation,0,0
42526,foundation,0,0
42527,foundation,0,0
42528,foundation,0,0
43029,foundation,0,2
43030,foundation,0,0
43031,foundation,0,0
43032,foundation,0,0
43033,foundation,0,3
43034,foundation,0,0
43035,foundation,0,6
43036,foundation,0,0
43038,foundation,1,1
43039,foundation,0,1
43040,foundation,0,0
43041,foundation,0,1
43042,foundation,1,7
43043,foundation,0,0
43044,foundation,0,0
43045,foundation,0,0
43049,foundation,0,0
43050,foundation,0,0
43051,foundation,0,0
43053,foundation,0,1
43054,foundation,0,0
43055,foundation,0,0
43056,foundation,0,0
43057,foundation,0,2
43058,foundation,0,1
43059,foundation,0,0
43060,foundation,0,1
43061,foundation,0,1
43062,foundation,0,0
43063,foundation,0,0
43064,foundation,0,1
43065,foundation,0,0
43066,foundation,0,0
43067,foundation,0,0
43068,foundation,0,0
43069,foundation,1,7
43070,foundation,0,0
43071,foundation,0,0
43072,foundation,0,0
43074,foundation,0,0
43075,foundation,0,0
43076,foundation,0,1
43077,foundation,0,0
43078,foundation,0,0
43079,foundation,0,0
43080,foundation,0,0
43081,foundation,0,0
43082,foundation,0,0
43083,foundation,0,0
43084,foundation,0,0
43085,foundation,1,10
43086,foundation,0,1
43087,foundation,0,0
43088,foundation,0,1
43089,foundation,0,0
43090,foundation,0,2
43091,foundation,0,0
43092,foundation,0,0
43093,foundation,0,0
43094,foundation,0,0
43096,foundation,0,0
43097,foundation,0,0
43098,foundation,1,1
43099,foundation,1,1
43100,foundation,0,1
43101,foundation,0,3
43102,foundation,0,1
43103,foundation,0,1
43104,foundation,0,0
43105,foundation,0,0
43106,foundation,1,10
43107,foundation,0,0
43108,foundation,0,0
43109,foundation,0,0
43110,foundation,0,0
43112,foundation,0,0
43113,foundation,0,1
43114,foundation,1,7
43349,foundation,0,0
43350,foundation,0,0
43351,foundation,0,0
43352,foundation,0,0
43353,foundation,0,0
43354,foundation,0,0
43355,foundation,0,1
43356,foundation,0,0
43357,foundation,0,7
43358,foundation,1,10
43359,foundation,0,0
43360,foundation,0,0
43361,foundation,0,0
43362,foundation,0,1
43363,foundation,0,0
43364,foundation,0,0
43367,foundation,0,1
43368,foundation,0,0
43369,foundation,0,0
43370,foundation,0,2
43371,foundation,0,0
43372,foundation,0,0
43374,foundation,0,0
43375,foundation,1,7
43376,foundation,0,1
43377,foundation,0,0
43378,foundation,0,0
43379,foundation,0,0
43380,foundation,0,0
43381,foundation,0,0
43383,foundation,0,0
43384,foundation,0,0
43385,foundation,0,0
43386,foundation,0,0
43387,foundation,0,0
43388,foundation,0,0
43389,foundation,1,10
43391,foundation,0,0
43392,foundation,0,0
43393,foundation,0,0
43394,foundation,0,1
43395,foundation,0,0
43396,foundation,0,0
43397,foundation,0,4
43398,foundation,1,5
43399,foundation,0,1
43400,foundation,0,0
43401,foundation,0,0
43402,foundation,0,0
43403,foundation,0,2
43404,foundation,0,0
43405,foundation,0,8
43406,foundation,0,0
43407,foundation,0,0
43408,foundation,0,0
43409,foundation,0,0
43410,foundation,0,0
43411,foundation,0,0
43412,foundation,0,0
43413,foundation,0,0
43414,foundation,0,0
43698,foundation,0,0
43699,foundation,0,0
43700,foundation,0,0
43701,foundation,1,10
43703,foundation,0,0
43704,foundation,0,0
43706,foundation,0,0
43707,foundation,0,0
43708,foundation,0,0
43709,foundation,1,10
43710,foundation,0,0
43711,foundation,0,1
43712,foundation,0,0
43713,foundation,1,8
43714,foundation,0,0
43715,foundation,1,10
43716,foundation,0,0
43717,foundation,0,0
43718,foundation,0,0
43719,foundation,0,1
43720,foundation,0,0
43721,foundation,0,1
43722,foundation,0,0
43723,foundation,1,10
43725,foundation,0,0
43726,foundation,0,1
43728,foundation,0,0
43730,foundation,0,0
43731,foundation,0,0
43732,foundation,1,10
43734,foundation,0,0
43735,foundation,0,0
43736,foundation,0,2
43738,foundation,0,0
43739,foundation,0,3
43740,foundation,0,5
43741,foundation,0,7
43742,foundation,1,9
43743,foundation,0,0
43745,foundation,0,0
43746,foundation,0,0
43747,foundation,0,0
43748,foundation,0,0
44063,foundation,0,0
44064,foundation,0,0
44065,foundation,0,0
44066,foundation,0,0
44067,foundation,0,0
44068,foundation,0,0
44069,foundation,0,0
44070,foundation,0,0
44071,foundation,0,0
44072,foundation,0,1
44073,foundation,0,0
44075,foundation,0,0
44076,foundation,0,3
44077,foundation,0,0
44078,foundation,0,1
44079,foundation,0,1
44080,foundation,0,1
44081,foundation,0,0
44082,foundation,0,0
44083,foundation,0,1
44084,foundation,0,0
44085,foundation,0,0
44086,foundation,0,0
44087,foundation,0,1
44088,foundation,1,9
44089,foundation,0,0
44090,foundation,0,2
44091,foundation,0,0
44093,foundation,0,0
44094,foundation,0,0
44095,foundation,0,0
44099,foundation,0,0
44100,foundation,0,0
44101,foundation,0,0
44102,foundation,0,0
44103,foundation,0,0
44104,foundation,0,0
44105,foundation,0,0
44106,foundation,0,0
44107,foundation,0,0
44109,foundation,0,0
44110,foundation,0,0
44111,foundation,1,10
44112,foundation,0,0
44113,foundation,0,2
44114,foundation,0,0
44115,foundation,0,0
44117,foundation,0,0
44118,foundation,0,0
44119,foundation,0,0
44120,foundation,0,0
44121,foundation,0,0
44122,foundation,0,0
44123,foundation,0,0
44124,foundation,0,0
44125,foundation,0,1
44126,foundation,0,0
44127,foundation,0,1
44128,foundation,0,0
44129,foundation,0,1
44130,foundation,0,0
44397,foundation,0,0
44398,foundation,0,0
44399,foundation,0,0
44401,foundation,0,1
44402,foundation,0,0
44403,foundation,0,0
44404,foundation,0,0
44406,foundation,0,0
44409,foundation,0,0
44410,foundation,0,0
44411,foundation,0,0
44413,foundation,1,5
44414,foundation,0,0
44415,foundation,1,10
44416,foundation,0,0
44417,foundation,0,0
44419,foundation,0,0
44420,foundation,0,0
44421,foundation,0,0
44422,foundation,1,9
44423,foundation,0,0
44424,foundation,0,0
44427,foundation,0,0
44428,foundation,0,1
44429,foundation,0,1
44431,foundation,0,0
44432,foundation,0,1
44433,foundation,0,0
44434,foundation,0,0
44435,foundation,0,3
44436,foundation,1,10
44437,foundation,0,0
44439,foundation,1,10
44440,foundation,0,0
44441,foundation,0,6
44442,foundation,0,0
44444,foundation,0,0
44445,foundation,0,4
44446,foundation,1,10
44447,foundation,0,0
44448,foundation,0,0
44449,foundation,0,0
44450,foundation,0,1
44451,foundation,0,0
44452,foundation,1,10
44453,foundation,0,9
44454,foundation,0,0
44455,foundation,0,0
44456,foundation,1,10
44457,foundation,0,0
44458,foundation,1,9
44459,foundation,0,0
44460,foundation,0,0
44461,foundation,1,9
44462,foundation,1,10
44463,foundation,1,10
44464,foundation,1,0
44465,foundation,0,0
44466,foundation,0,0
44749,foundation,0,0
44750,foundation,0,0
44752,foundation,0,0
44753,foundation,0,0
44754,foundation,0,0
44755,foundation,1,10
44756,foundation,0,0
44757,foundation,0,0
44758,foundation,0,0
44759,foundation,0,0
44760,foundation,0,0
44761,foundation,0,2
44762,foundation,0,0
44763,foundation,1,7
44765,foundation,0,0
44766,foundation,0,0
44767,foundation,0,0
44768,foundation,1,7
44769,foundation,0,0
44770,foundation,1,6
44771,foundation,0,0
44772,foundation,0,1
44775,foundation,0,1
44776,foundation,0,0
44778,foundation,0,0
44779,foundation,0,8
44782,foundation,0,1
44783,foundation,0,0
44784,foundation,1,10
44785,foundation,0,0
44786,foundation,0,0
44787,foundation,0,0
44788,foundation,0,1
44789,foundation,1,8
44790,foundation,0,0
44792,foundation,0,0
44793,foundation,1,8
44795,foundation,1,6
44796,foundation,0,0
44798,foundation,0,1
44799,foundation,0,0
44800,foundation,0,0
44801,foundation,0,2
44802,foundation,0,0
44803,foundation,1,8
44804,foundation,0,0
44805,foundation,0,0
44806,foundation,0,0
44807,foundation,0,0
44808,foundation,0,1
44809,foundation,0,0
44810,foundation,1,0
44811,foundation,0,0
44812,foundation,0,0
44813,foundation,0,0
44814,foundation,0,0
44815,foundation,0,0
44816,foundation,0,0
44817,foundation,0,0
44818,foundation,0,0
44819,foundation,0,0
44820,foundation,0,0
44821,foundation,0,1
44822,foundation,0,0
44823,foundation,0,0
44824,foundation,0,0
44825,foundation,0,0
44826,foundation,1,10
44827,foundation,1,10
44828,foundation,0,0
44829,foundation,0,0
44830,foundation,1,10
44831,foundation,0,0
44832,foundation,0,0
44833,foundation,0,0
44834,foundation,0,1
44835,foundation,0,1
44836,foundation,0,0
44837,foundation,0,0
44838,foundation,0,1
44839,foundation,0,1
44840,foundation,1,9
44841,foundation,1,10
44842,foundation,0,0
44843,foundation,0,1
44844,foundation,0,1
44846,foundation,0,0
44847,foundation,0,0
44848,foundation,0,0
44849,foundation,0,1
44850,foundation,0,0
44851,foundation,1,4
44852,foundation,1,8
44853,foundation,0,0
44854,foundation,0,0
44855,foundation,1,8
44856,foundation,1,6
44857,foundation,0,0
44858,foundation,0,0
44859,foundation,0,0
44860,foundation,0,0
44861,foundation,1,8
44862,foundation,0,0
44863,foundation,0,0
44865,foundation,1,10
44866,foundation,0,1
44867,foundation,1,10
44868,foundation,0,0
44869,foundation,1,6
44870,foundation,1,10
44871,foundation,0,0
44872,foundation,0,1
44873,foundation,0,0
44874,foundation,0,0
44875,foundation,1,10
44876,foundation,0,0
44877,foundation,0,0
44878,foundation,1,9
44879,foundation,0,0
44880,foundation,0,0
44881,foundation,1,10
44882,foundation,1,1
44883,foundation,1,10
44884,foundation,0,0
44885,foundation,1,10
44887,foundation,0,0
44888,foundation,0,0
44889,foundation,0,0
45206,foundation,0,0
45207,foundation,1,10
45208,foundation,0,0
45209,foundation,0,2
45210,foundation,0,0
45211,foundation,0,0
45212,foundation,0,0
45213,foundation,0,0
45214,foundation,0,0
45215,foundation,1,8
45216,foundation,0,0
45217,foundation,0,0
45218,foundation,0,0
45219,foundation,0,0
45221,foundation,0,0
45222,foundation,0,0
45223,foundation,1,7
45224,foundation,0,0
45225,foundation,0,1
45226,foundation,0,2
45228,foundation,0,0
45229,foundation,0,0
45230,foundation,0,0
45231,foundation,0,0
45232,foundation,1,10
45233,foundation,0,0
45234,foundation,0,0
45235,foundation,0,0
45236,foundation,0,3
45237,foundation,0,0
45238,foundation,0,1
45239,foundation,1,8
45240,foundation,0,0
45241,foundation,0,0
45242,foundation,0,0
45243,foundation,0,0
45244,foundation,0,1
45245,foundation,0,5
45246,foundation,0,1
45247,foundation,1,9
45248,foundation,1,7
45250,foundation,0,0
45251,foundation,0,0
45252,foundation,1,10
45253,foundation,0,1
45254,foundation,0,1
45255,foundation,0,5
45256,foundation,1,10
45257,foundation,0,0
45258,foundation,0,0
45259,foundation,1,10
45260,foundation,0,0
45261,foundation,1,0
45262,foundation,0,0
45263,foundation,0,0
45265,foundation,0,0
45266,foundation,0,0
45267,foundation,1,9
45268,foundation,1,2
45269,foundation,1,10
45270,foundation,1,8
45271,foundation,0,0
45272,foundation,0,2
45273,foundation,0,0
45274,foundation,0,1
45275,foundation,1,7
45276,foundation,1,0
45277,foundation,0,0
45278,foundation,1,7
45279,foundation,0,0
45280,foundation,0,2
45281,foundation,0,1
45282,foundation,1,10
45283,foundation,0,0
45284,foundation,0,0
1,emulsion,0,0
2,emulsion,0,0
4,emulsion,0,0
7,emulsion,0,0
8,emulsion,0,0
9,emulsion,0,0
10,emulsion,0,0
318,emulsion,0,0
319,emulsion,0,1
320,emulsion,0,0
321,emulsion,1,10
323,emulsion,0,0
324,emulsion,0,0
325,emulsion,0,0
326,emulsion,0,0
327,emulsion,0,0
639,emulsion,0,0
642,emulsion,0,0
643,emulsion,0,0
645,emulsion,0,0
646,emulsion,0,0
647,emulsion,0,0
648,emulsion,0,0
991,emulsion,0,0
994,emulsion,0,0
995,emulsion,0,0
996,emulsion,0,0
997,emulsion,0,0
999,emulsion,0,1
1000,emulsion,0,0
1331,emulsion,0,1
1332,emulsion,0,0
1334,emulsion,0,0
1337,emulsion,0,0
1339,emulsion,1,10
1659,emulsion,0,0
1660,emulsion,1,6
1661,emulsion,0,0
1662,emulsion,0,0
1663,emulsion,0,0
1664,emulsion,0,0
1666,emulsion,1,10
1668,emulsion,0,0
1972,emulsion,0,1
1973,emulsion,0,0
1974,emulsion,0,1
1975,emulsion,0,0
1976,emulsion,0,0
1977,emulsion,0,3
1978,emulsion,0,0
1979,emulsion,0,0
1980,emulsion,0,0
1981,emulsion,0,0
2414,emulsion,0,0
2415,emulsion,0,0
2416,emulsion,0,0
2417,emulsion,0,0
2418,emulsion,0,0
2419,emulsion,0,2
2420,emulsion,1,8
2421,emulsion,0,0
2422,emulsion,0,0
2423,emulsion,0,1
2750,emulsion,0,0
2751,emulsion,0,0
2753,emulsion,0,0
2755,emulsion,0,0
2756,emulsion,0,0
2757,emulsion,0,0
2758,emulsion,0,0
2759,emulsion,0,1
3276,emulsion,1,9
3277,emulsion,0,0
3278,emulsion,0,0
3279,emulsion,0,0
3280,emulsion,0,0
3281,emulsion,0,2
3282,emulsion,0,0
3283,emulsion,0,0
3285,emulsion,0,0
3286,emulsion,0,0
3288,emulsion,0,0
3290,emulsion,0,0
3291,emulsion,0,8
3293,emulsion,0,1
3294,emulsion,0,1
3295,emulsion,1,10
3296,emulsion,0,2
3297,emulsion,0,0
3298,emulsion,0,0
3299,emulsion,0,1
3300,emulsion,0,0
3301,emulsion,1,9
3302,emulsion,0,0
3303,emulsion,0,2
3304,emulsion,0,0
3305,emulsion,0,0
3306,emulsion,0,0
3307,emulsion,0,0
3308,emulsion,0,0
3309,emulsion,0,1
3310,emulsion,0,0
3311,emulsion,0,0
3312,emulsion,0,1
3313,emulsion,0,2
3314,emulsion,0,1
3315,emulsion,0,0
3316,emulsion,0,0
3318,emulsion,0,0
3319,emulsion,0,0
3320,emulsion,0,1
3322,emulsion,0,0
3323,emulsion,0,1
3324,emulsion,0,2
3325,emulsion,0,0
3326,emulsion,0,0
3327,emulsion,0,0
3328,emulsion,0,1
3329,emulsion,0,0
3330,emulsion,0,0
3331,emulsion,0,0
3332,emulsion,0,0
3333,emulsion,0,2
3334,emulsion,1,1
3336,emulsion,0,0
3337,emulsion,0,1
3338,emulsion,0,0
3339,emulsion,1,10
3340,emulsion,0,0
3341,emulsion,1,9
3342,emulsion,0,0
3343,emulsion,0,1
3344,emulsion,1,10
3345,emulsion,1,6
3346,emulsion,1,1
3347,emulsion,0,0
3348,emulsion,0,10
3349,emulsion,0,0
3350,emulsion,0,0
3351,emulsion,0,0
3352,emulsion,0,1
3353,emulsion,0,0
3354,emulsion,0,0
3355,emulsion,1,10
3356,emulsion,0,0
3357,emulsion,0,0
3358,emulsion,0,0
3359,emulsion,1,10
3360,emulsion,0,2
3361,emulsion,0,1
3362,emulsion,0,0
3363,emulsion,0,0
3365,emulsion,0,0
3367,emulsion,0,0
3368,emulsion,0,1
3369,emulsion,0,0
3370,emulsion,0,0
3371,emulsion,0,1
3373,emulsion,0,0
3374,emulsion,0,0
3375,emulsion,0,0
3376,emulsion,0,0
3377,emulsion,0,0
3378,emulsion,0,1
3379,emulsion,0,2
3380,emulsion,0,1
3381,emulsion,0,0
3382,emulsion,0,0
3383,emulsion,0,0
3384,emulsion,0,0
3385,emulsion,0,0
3386,emulsion,0,0
3387,emulsion,0,0
3389,emulsion,0,2
3390,emulsion,0,0
3391,emulsion,0,0
3392,emulsion,0,0
3393,emulsion,0,0
3394,emulsion,0,6
3395,emulsion,0,0
3396,emulsion,0,0
3398,emulsion,0,0
3399,emulsion,0,0
3400,emulsion,0,0
3401,emulsion,0,0
3402,emulsion,0,0
3404,emulsion,0,0
3406,emulsion,0,0
3407,emulsion,0,0
3408,emulsion,0,0
3409,emulsion,0,0
3801,emulsion,0,0
3803,emulsion,0,1
3804,emulsion,0,0
3805,emulsion,1,10
3807,emulsion,0,0
3808,emulsion,0,0
3809,emulsion,1,6
3811,emulsion,0,2
3812,emulsion,0,0
3814,emulsion,0,0
3816,emulsion,0,0
3817,emulsion,0,0
3820,emulsion,1,10
3821,emulsion,1,8
3822,emulsion,1,9
3824,emulsion,0,0
3825,emulsion,0,1
3826,emulsion,0,0
3827,emulsion,0,0
3828,emulsion,1,9
3829,emulsion,0,2
3830,emulsion,1,0
3831,emulsion,0,0
3832,emulsion,0,0
3833,emulsion,0,0
3834,emulsion,0,0
3836,emulsion,0,0
3837,emulsion,1,10
3838,emulsion,1,1
3839,emulsion,1,10
3841,emulsion,1,10
3842,emulsion,0,0
3843,emulsion,1,7
3844,emulsion,0,0
3846,emulsion,1,5
3847,emulsion,1,10
3848,emulsion,0,0
3849,emulsion,0,0
3850,emulsion,0,0
3851,emulsion,1,10
3853,emulsion,1,10
3855,emulsion,0,1
3856,emulsion,0,0
3857,emulsion,0,1
3858,emulsion,0,0
3860,emulsion,0,0
3861,emulsion,1,7
3862,emulsion,0,2
3863,emulsion,1,8
3864,emulsion,1,7
3865,emulsion,1,10
3866,emulsion,0,0
3868,emulsion,0,0
3869,emulsion,1,0
3870,emulsion,0,0
4153,emulsion,0,0
4154,emulsion,0,0
4155,emulsion,1,10
4156,emulsion,0,0
4157,emulsion,0,0
4158,emulsion,1,10
4159,emulsion,0,0
4160,emulsion,0,0
4161,emulsion,0,0
4162,emulsion,0,2
4164,emulsion,0,1
4165,emulsion,1,8
4166,emulsion,0,0
4167,emulsion,1,10
4168,emulsion,0,0
4171,emulsion,0,9
4172,emulsion,1,8
4175,emulsion,1,7
4176,emulsion,0,0
4177,emulsion,0,0
4178,emulsion,1,10
4179,emulsion,0,2
4180,emulsion,1,7
4181,emulsion,0,0
4182,emulsion,1,10
4183,emulsion,0,0
4184,emulsion,0,0
4185,emulsion,0,0
4186,emulsion,0,0
4187,emulsion,0,0
4189,emulsion,1,10
4190,emulsion,0,0
4191,emulsion,1,10
4192,emulsion,0,0
4193,emulsion,0,0
4194,emulsion,0,0
4195,emulsion,0,0
4196,emulsion,0,0
4197,emulsion,0,0
4198,emulsion,0,0
4199,emulsion,0,0
4200,emulsion,0,0
4201,emulsion,0,0
4202,emulsion,1,0
4204,emulsion,1,8
4205,emulsion,1,10
4206,emulsion,0,0
4207,emulsion,1,10
4208,emulsion,0,8
4209,emulsion,0,9
4210,emulsion,0,0
4211,emulsion,0,0
4212,emulsion,0,0
4213,emulsion,0,0
4214,emulsion,1,4
4215,emulsion,1,10
4216,emulsion,1,0
4217,emulsion,0,0
4218,emulsion,0,0
4219,emulsion,0,8
4220,emulsion,1,8
4221,emulsion,0,0
4222,emulsion,0,0
4223,emulsion,1,10
4224,emulsion,0,5
4225,emulsion,0,0
4226,emulsion,0,1
4227,emulsion,1,2
4228,emulsion,1,10
4229,emulsion,1,9
4230,emulsion,0,0
4231,emulsion,0,1
4232,emulsion,0,0
4234,emulsion,0,0
4235,emulsion,1,10
4237,emulsion,1,10
4238,emulsion,0,0
4239,emulsion,0,0
4240,emulsion,1,10
4241,emulsion,1,9
4242,emulsion,0,0
4594,emulsion,0,2
4595,emulsion,0,0
4596,emulsion,0,0
4597,emulsion,0,0
4598,emulsion,0,5
4599,emulsion,0,5
4600,emulsion,0,0
4601,emulsion,0,0
4602,emulsion,1,9
4603,emulsion,0,0
4604,emulsion,0,0
4605,emulsion,1,3
4606,emulsion,1,0
4607,emulsion,0,0
4608,emulsion,1,10
4609,emulsion,0,0
4610,emulsion,0,0
4611,emulsion,0,0
4613,emulsion,0,0
4614,emulsion,0,0
4616,emulsion,0,2
4617,emulsion,0,0
4618,emulsion,0,0
4619,emulsion,1,8
4620,emulsion,0,0
4621,emulsion,0,0
4622,emulsion,1,10
4623,emulsion,0,2
4625,emulsion,1,10
4626,emulsion,0,1
4627,emulsion,1,4
4628,emulsion,1,10
4629,emulsion,1,10
4630,emulsion,0,2
4632,emulsion,1,5
4633,emulsion,1,10
4634,emulsion,0,1
4635,emulsion,0,0
4636,emulsion,0,8
4637,emulsion,0,0
4638,emulsion,1,5
4639,emulsion,0,0
4640,emulsion,0,2
4641,emulsion,1,4
4642,emulsion,1,10
4643,emulsion,0,1
4645,emulsion,0,0
4647,emulsion,1,10
4648,emulsion,1,10
4650,emulsion,0,0
4651,emulsion,0,2
4652,emulsion,0,1
4653,emulsion,1,10
4654,emulsion,1,6
4655,emulsion,0,0
4656,emulsion,0,1
4657,emulsion,0,0
4658,emulsion,1,9
4659,emulsion,0,0
4660,emulsion,1,5
4661,emulsion,0,0
4662,emulsion,0,0
4663,emulsion,0,1
5066,emulsion,0,2
5067,emulsion,0,0
5068,emulsion,0,0
5069,emulsion,1,10
5070,emulsion,0,0
5071,emulsion,0,0
5072,emulsion,0,1
5073,emulsion,0,0
5074,emulsion,0,0
5075,emulsion,0,0
5076,emulsion,0,0
5077,emulsion,0,0
5078,emulsion,0,8
5079,emulsion,0,0
5080,emulsion,0,0
5081,emulsion,0,0
5082,emulsion,0,0
5083,emulsion,0,0
5084,emulsion,0,0
5085,emulsion,0,0
5237,emulsion,0,0
5238,emulsion,0,0
5239,emulsion,1,10
5240,emulsion,0,10
5241,emulsion,1,5
5242,emulsion,0,0
5243,emulsion,0,0
5244,emulsion,1,9
5245,emulsion,1,10
5246,emulsion,0,2
5247,emulsion,0,0
5248,emulsion,0,0
5249,emulsion,1,10
5250,emulsion,0,9
5251,emulsion,1,10
5252,emulsion,0,1
5253,emulsion,1,9
5254,emulsion,0,0
5255,emulsion,0,0
5256,emulsion,1,3
5258,emulsion,0,0
5259,emulsion,0,1
5260,emulsion,0,1
5261,emulsion,1,0
5262,emulsion,0,0
5263,emulsion,0,0
5264,emulsion,0,5
5265,emulsion,0,5
5266,emulsion,0,0
5574,face_cream,0,1
5575,face_cream,0,0
5576,face_cream,0,0
5577,face_cream,0,0
5578,face_cream,0,0
5579,face_cream,0,0
5580,face_cream,0,0
5581,face_cream,0,0
5582,face_cream,0,0
5583,face_cream,0,0
5896,face_cream,0,0
5897,face_cream,0,0
5899,face_cream,1,10
5901,face_cream,0,0
5902,face_cream,1,8
5903,face_cream,0,0
5905,face_cream,0,0
6222,face_cream,0,0
6223,face_cream,0,1
6224,face_cream,0,0
6225,face_cream,0,0
6226,face_cream,0,0
6227,face_cream,0,1
6228,face_cream,0,1
6229,face_cream,0,0
6230,face_cream,0,0
6231,face_cream,0,0
6541,face_cream,0,1
6543,face_cream,0,0
6544,face_cream,0,1
6545,face_cream,0,0
6547,face_cream,0,0
6548,face_cream,0,0
6549,face_cream,1,8
6550,face_cream,1,8
6857,face_cream,1,10
6858,face_cream,0,0
6859,face_cream,0,0
6860,face_cream,0,0
6861,face_cream,0,0
6862,face_cream,0,0
6863,face_cream,0,0
6864,face_cream,1,8
6865,face_cream,0,1
6866,face_cream,0,0
7170,face_cream,0,0
7171,face_cream,0,0
7173,face_cream,0,1
7174,face_cream,0,0
7177,face_cream,0,0
7178,face_cream,0,0
7179,face_cream,0,1
7484,face_cream,0,0
7485,face_cream,0,1
7487,face_cream,0,0
7488,face_cream,0,0
7489,face_cream,0,0
7490,face_cream,0,0
7491,face_cream,0,0
7492,face_cream,0,0
7493,face_cream,1,9
7795,face_cream,0,0
7796,face_cream,1,10
7797,face_cream,0,0
7798,face_cream,1,10
7799,face_cream,0,0
7800,face_cream,0,0
7801,face_cream,0,0
7802,face_cream,1,10
7803,face_cream,1,10
7804,face_cream,1,10
7805,face_cream,0,1
7807,face_cream,0,1
7808,face_cream,0,0
7809,face_cream,1,8
7810,face_cream,0,0
7811,face_cream,0,0
7812,face_cream,0,0
7813,face_cream,0,0
7814,face_cream,0,0
8163,face_cream,0,0
8164,face_cream,0,0
8165,face_cream,0,0
8166,face_cream,0,0
8168,face_cream,0,0
8169,face_cream,0,5
8170,face_cream,0,0
8171,face_cream,0,0
8172,face_cream,0,0
8173,face_cream,0,2
8174,face_cream,0,0
8513,face_cream,0,0
8514,face_cream,1,10
8515,face_cream,1,4
8517,face_cream,0,0
8518,face_cream,0,0
8519,face_cream,0,0
8520,face_cream,0,0
8521,face_cream,0,0
8522,face_cream,0,2
8523,face_cream,0,0
8524,face_cream,0,0
8525,face_cream,0,0
8526,face_cream,0,0
8835,face_cream,1,7
8836,face_cream,0,0
8837,face_cream,0,1
8838,face_cream,1,0
8839,face_cream,1,9
8841,face_cream,0,0
8842,face_cream,0,2
8843,face_cream,0,0
8844,face_cream,0,0
8846,face_cream,0,0
8847,face_cream,0,0
8848,face_cream,0,0
9231,face_cream,0,0
9232,face_cream,0,0
9234,face_cream,0,0
9235,face_cream,0,0
9236,face_cream,0,0
9237,face_cream,0,1
9238,face_cream,0,0
9239,face_cream,0,0
9241,face_cream,0,0
9242,face_cream,0,0
9243,face_cream,0,0
9244,face_cream,0,0
9245,face_cream,0,0
9246,face_cream,0,0
9247,face_cream,1,10
9248,face_cream,0,0
9249,face_cream,0,0
9250,face_cream,0,1
9543,face_cream,0,0
9544,face_cream,0,0
9547,face_cream,0,0
9549,face_cream,0,0
9550,face_cream,0,1
9551,face_cream,0,0
9552,face_cream,0,0
9553,face_cream,0,0
9554,face_cream,0,0
9555,face_cream,0,0
9556,face_cream,0,2
9557,face_cream,0,3
9558,face_cream,0,1
9559,face_cream,0,0
9560,face_cream,0,1
9561,face_cream,0,1
9562,face_cream,0,0
9563,face_cream,0,1
9564,face_cream,0,0
9565,face_cream,0,2
9566,face_cream,0,0
9567,face_cream,0,1
9568,face_cream,0,0
9569,face_cream,0,0
9570,face_cream,0,1
9571,face_cream,0,0
9572,face_cream,0,0
9573,face_cream,0,0
9574,face_cream,0,0
9575,face_cream,0,0
9576,face_cream,0,2
9577,face_cream,0,0
9578,face_cream,0,0
9778,face_cream,0,0
9779,face_cream,0,0
9781,face_cream,0,0
9782,face_cream,0,0
9783,face_cream,0,0
9784,face_cream,0,1
9785,face_cream,0,0
9786,face_cream,0,0
9787,face_cream,0,0
10095,serum_essence,0,0
10096,serum_essence,0,1
10097,serum_essence,0,0
10098,serum_essence,0,0
10099,serum_essence,0,0
10101,serum_essence,0,0
10102,serum_essence,0,0
10103,serum_essence,0,0
10104,serum_essence,0,0
10411,serum_essence,0,0
10412,serum_essence,0,0
10413,serum_essence,1,10
10414,serum_essence,0,0
10416,serum_essence,0,0
10417,serum_essence,0,0
10418,serum_essence,0,0
10419,serum_essence,0,0
10420,serum_essence,0,0
10725,serum_essence,0,0
10727,serum_essence,1,10
10728,serum_essence,1,10
10729,serum_essence,0,0
10730,serum_essence,0,1
10731,serum_essence,0,0
10732,serum_essence,1,7
10733,serum_essence,1,10
10734,serum_essence,0,0
11036,serum_essence,0,0
11037,serum_essence,1,6
11038,serum_essence,0,0
11039,serum_essence,0,0
11040,serum_essence,0,2
11041,serum_essence,0,0
11042,serum_essence,0,0
11043,serum_essence,0,0
11044,serum_essence,0,0
11045,serum_essence,0,0
11356,serum_essence,0,0
11357,serum_essence,1,10
11358,serum_essence,1,7
11359,serum_essence,0,0
11360,serum_essence,0,0
11362,serum_essence,1,10
11363,serum_essence,1,10
11364,serum_essence,1,9
11365,serum_essence,1,10
11670,serum_essence,0,0
11671,serum_essence,0,0
11672,serum_essence,1,7
11673,serum_essence,0,0
11674,serum_essence,0,0
11675,serum_essence,1,9
11676,serum_essence,0,0
11677,serum_essence,1,10
11678,serum_essence,1,10
11679,serum_essence,0,0
11988,serum_essence,0,0
11989,serum_essence,0,0
11990,serum_essence,0,0
11991,serum_essence,0,0
11992,serum_essence,0,8
11994,serum_essence,0,0
11995,serum_essence,1,8
11996,serum_essence,1,7
11997,serum_essence,0,0
12302,serum_essence,1,10
12303,serum_essence,1,8
12305,serum_essence,1,10
12306,serum_essence,1,10
12307,serum_essence,0,1
12308,serum_essence,0,1
12309,serum_essence,1,5
12310,serum_essence,1,5
12311,serum_essence,0,0
12620,serum_essence,1,10
12621,serum_essence,0,8
12622,serum_essence,1,10
12623,serum_essence,1,4
12624,serum_essence,1,10
12625,serum_essence,0,1
12626,serum_essence,1,10
12627,serum_essence,0,5
12628,serum_essence,1,10
12629,serum_essence,0,0
12630,serum_essence,0,0
12631,serum_essence,0,0
12632,serum_essence,0,0
12633,serum_essence,1,7
12634,serum_essence,0,0
12635,serum_essence,0,0
12637,serum_essence,1,10
12638,serum_essence,1,10
12639,serum_essence,0,4
12640,serum_essence,0,0
12641,serum_essence,1,6
12642,serum_essence,1,10
12643,serum_essence,1,8
12644,serum_essence,0,4
12645,serum_essence,1,10
12646,serum_essence,0,6
12647,serum_essence,0,0
12648,serum_essence,1,10
12649,serum_essence,1,9
12941,serum_essence,1,10
12942,serum_essence,0,0
12943,serum_essence,0,0
12944,serum_essence,0,0
12945,serum_essence,1,10
12947,serum_essence,1,0
12948,serum_essence,0,9
12949,serum_essence,0,0
12950,serum_essence,0,0
13270,serum_essence,0,0
13271,serum_essence,0,0
13273,serum_essence,0,0
13274,serum_essence,0,0
13275,serum_essence,0,0
13276,serum_essence,0,0
13277,serum_essence,0,0
13278,serum_essence,0,0
13279,serum_essence,0,0
13581,serum_essence,0,0
13582,serum_essence,1,5
13583,serum_essence,1,9
13584,serum_essence,0,0
13585,serum_essence,0,0
13586,serum_essence,0,0
13587,serum_essence,1,10
13589,serum_essence,0,2
13590,serum_essence,0,0
13591,serum_essence,0,2
13592,serum_essence,0,1
13593,serum_essence,1,10
13594,serum_essence,1,10
13596,serum_essence,1,4
13597,serum_essence,0,0
13598,serum_essence,1,0
13599,serum_essence,0,0
13600,serum_essence,0,0
13938,serum_essence,0,0
13939,serum_essence,0,0
13940,serum_essence,1,9
13941,serum_essence,0,0
13942,serum_essence,0,0
13944,serum_essence,0,2
13945,serum_essence,0,0
13946,serum_essence,1,10
13947,serum_essence,0,0
13948,serum_essence,1,10
13949,serum_essence,0,0
13950,serum_essence,0,0
13951,serum_essence,1,10
13952,serum_essence,0,0
13953,serum_essence,0,0
13954,serum_essence,0,0
13955,serum_essence,0,0
13956,serum_essence,0,1
13957,serum_essence,1,9
14266,serum_essence,0,0
14267,serum_essence,0,0
14268,serum_essence,0,0
14269,serum_essence,0,0
14270,serum_essence,0,0
14271,serum_essence,0,0
14272,serum_essence,0,0
14274,serum_essence,0,1
14275,serum_essence,0,0
14276,serum_essence,0,0
14277,serum_essence,0,1
14278,serum_essence,0,0
14279,serum_essence,0,0
14280,serum_essence,0,1
14281,serum_essence,0,0
14282,serum_essence,0,0
14283,serum_essence,0,0
14285,serum_essence,0,0
14286,serum_essence,0,0
14287,serum_essence,0,0
14288,serum_essence,0,0
14289,serum_essence,0,0
14290,serum_essence,0,0
14291,serum_essence,0,0
14292,serum_essence,0,0
14293,serum_essence,0,0
14294,serum_essence,0,0
14295,serum_essence,0,0
14296,serum_essence,0,0
14297,serum_essence,0,0
14298,serum_essence,0,0
14299,serum_essence,0,0
14300,serum_essence,0,0
14301,serum_essence,0,1
14302,serum_essence,0,0
14829,serum_essence,0,0
14830,serum_essence,0,0
14831,serum_essence,0,1
14834,serum_essence,0,9
14837,serum_essence,0,0
14838,serum_essence,0,0
15148,sun_protection,0,1
15149,sun_protection,0,0
15150,sun_protection,0,0
15151,sun_protection,0,0
15153,sun_protection,0,0
15154,sun_protection,0,0
15155,sun_protection,0,0
15156,sun_protection,1,8
15157,sun_protection,0,0
15454,sun_protection,0,0
15455,sun_protection,0,0
15457,sun_protection,0,0
15458,sun_protection,0,0
15461,sun_protection,0,0
15462,sun_protection,0,0
15463,sun_protection,0,1
15765,sun_protection,0,1
15766,sun_protection,1,6
15767,sun_protection,0,0
15768,sun_protection,1,10
15769,sun_protection,0,2
15770,sun_protection,0,1
15771,sun_protection,0,0
15772,sun_protection,0,0
15773,sun_protection,0,0
15774,sun_protection,0,0
16095,sun_protection,0,0
16096,sun_protection,0,2
16097,sun_protection,0,0
16098,sun_protection,0,0
16099,sun_protection,0,0
16100,sun_protection,0,0
16101,sun_protection,0,1
16103,sun_protection,0,0
16415,sun_protection,1,1
16416,sun_protection,0,0
16417,sun_protection,0,0
16418,sun_protection,0,1
16419,sun_protection,0,1
16420,sun_protection,0,0
16421,sun_protection,0,0
16422,sun_protection,0,0
16424,sun_protection,0,3
16739,sun_protection,0,0
16740,sun_protection,0,0
16741,sun_protection,1,7
16742,sun_protection,0,0
16743,sun_protection,0,0
16744,sun_protection,0,0
16745,sun_protection,0,1
16746,sun_protection,0,0
16747,sun_protection,1,10
16748,sun_protection,0,1
16749,sun_protection,0,0
16750,sun_protection,0,0
16751,sun_protection,0,0
16752,sun_protection,0,0
16753,sun_protection,0,0
16754,sun_protection,0,0
16755,sun_protection,1,10
16756,sun_protection,0,0
16758,sun_protection,0,1
16759,sun_protection,0,0
16760,sun_protection,0,0
16761,sun_protection,0,0
16762,sun_protection,0,0
16763,sun_protection,0,0
16764,sun_protection,0,0
16765,sun_protection,1,1
16766,sun_protection,0,0
17175,sun_protection,0,0
17176,sun_protection,1,10
17177,sun_protection,0,0
17178,sun_protection,0,0
17179,sun_protection,1,10
17180,sun_protection,0,1
17181,sun_protection,0,0
17182,sun_protection,1,7
17183,sun_protection,0,0
17184,sun_protection,0,1
17185,sun_protection,0,1
17186,sun_protection,1,10
17188,sun_protection,0,0
17189,sun_protection,0,0
17191,sun_protection,1,3
17192,sun_protection,0,1
17193,sun_protection,0,0
17194,sun_protection,0,0
17196,sun_protection,0,0
17197,sun_protection,0,0
17199,sun_protection,0,0
17200,sun_protection,0,0
17201,sun_protection,0,0
17203,sun_protection,0,0
17204,sun_protection,1,10
17205,sun_protection,0,0
17206,sun_protection,0,0
17208,sun_protection,0,0
17209,sun_protection,0,0
17210,sun_protection,0,0
17211,sun_protection,0,0
17212,sun_protection,1,8
17213,sun_protection,0,0
17214,sun_protection,0,0
17215,sun_protection,1,10
17216,sun_protection,0,0
17217,sun_protection,0,0
17218,sun_protection,0,0
17535,sun_protection,1,10
17536,sun_protection,0,0
17537,sun_protection,0,0
17538,sun_protection,0,0
17539,sun_protection,0,0
17540,sun_protection,0,0
17541,sun_protection,0,0
17542,sun_protection,0,0
17543,sun_protection,0,1
17544,sun_protection,0,0
17546,sun_protection,0,1
17547,sun_protection,0,0
17548,sun_protection,0,1
17549,sun_protection,1,5
17550,sun_protection,1,9
17552,sun_protection,0,0
17554,sun_protection,0,0
17556,sun_protection,0,0
17558,sun_protection,0,0
17559,sun_protection,0,1
17560,sun_protection,0,0
17561,sun_protection,0,0
17562,sun_protection,0,0
17563,sun_protection,0,1
17564,sun_protection,0,0
17565,sun_protection,0,1
17872,sun_protection,0,0
17873,sun_protection,0,0
17874,sun_protection,0,0
17875,sun_protection,0,0
17877,sun_protection,0,0
17878,sun_protection,0,0
17880,sun_protection,0,0
17881,sun_protection,0,0
17883,sun_protection,0,0
17884,sun_protection,0,0
17885,sun_protection,0,0
17886,sun_protection,0,0
17887,sun_protection,0,1
17888,sun_protection,0,0
17889,sun_protection,0,0
17890,sun_protection,0,0
17892,sun_protection,0,1
17893,sun_protection,0,0
17894,sun_protection,0,0
17895,sun_protection,0,2
17896,sun_protection,0,2
17897,sun_protection,0,0
17898,sun_protection,0,0
17899,sun_protection,0,2
17900,sun_protection,0,0
17901,sun_protection,0,0
17902,sun_protection,0,0
17904,sun_protection,0,0
17905,sun_protection,0,0
17906,sun_protection,0,0
17907,sun_protection,0,0
17908,sun_protection,0,2
17909,sun_protection,0,0
17910,sun_protection,0,3
17911,sun_protection,0,0
17912,sun_protection,0,1
17913,sun_protection,0,0
17914,sun_protection,0,0
17915,sun_protection,0,0
17916,sun_protection,0,0
17917,sun_protection,0,0
17918,sun_protection,0,0
17919,sun_protection,0,0
17921,sun_protection,0,0
17922,sun_protection,0,0
17923,sun_protection,1,10
17924,sun_protection,0,0
17925,sun_protection,0,1
17926,sun_protection,0,0
17927,sun_protection,0,0
17929,sun_protection,0,0
17930,sun_protection,0,2
17931,sun_protection,0,0
17932,sun_protection,0,0
17934,sun_protection,0,0
17935,sun_protection,0,0
17936,sun_protection,0,0
17937,sun_protection,0,0
17938,sun_protection,0,0
17939,sun_protection,0,1
17941,sun_protection,0,0
18308,sun_protection,0,0
18309,sun_protection,1,8
18310,sun_protection,1,10
18311,sun_protection,0,0
18312,sun_protection,1,10
18313,sun_protection,0,0
18314,sun_protection,1,10
18315,sun_protection,1,10
18317,sun_protection,0,1
18318,sun_protection,1,10
18319,sun_protection,1,10
18320,sun_protection,1,8
18321,sun_protection,1,10
18322,sun_protection,1,10
18323,sun_protection,0,0
18324,sun_protection,0,0
18325,sun_protection,0,0
18326,sun_protection,1,10
18327,sun_protection,1,10
18328,sun_protection,1,10
18329,sun_protection,1,10
18330,sun_protection,0,1
18331,sun_protection,0,0
18332,sun_protection,1,10
18333,sun_protection,0,0
18334,sun_protection,0,0
18335,sun_protection,1,8
18336,sun_protection,0,0
18337,sun_protection,1,10
18338,sun_protection,1,9
18339,sun_protection,0,0
18340,sun_protection,0,0
18342,sun_protection,1,8
18343,sun_protection,1,10
18344,sun_protection,1,6
18345,sun_protection,0,0
18347,sun_protection,0,2
18349,sun_protection,0,0
18350,sun_protection,0,0
18351,sun_protection,0,9
18352,sun_protection,0,0
18353,sun_protection,0,1
18354,sun_protection,1,8
18355,sun_protection,1,4
18356,sun_protection,0,0
18357,sun_protection,0,7
18358,sun_protection,0,0
18359,sun_protection,0,0
18360,sun_protection,0,0
18361,sun_protection,0,0
18362,sun_protection,1,9
18363,sun_protection,1,6
18364,sun_protection,1,10
18366,sun_protection,0,0
18367,sun_protection,0,0
18612,face_wash,0,0
18613,face_wash,0,0
18614,face_wash,0,0
18616,face_wash,0,0
18618,face_wash,0,0
18619,face_wash,0,0
18620,face_wash,0,0
18621,face_wash,0,0
18940,face_wash,0,0
18941,face_wash,0,1
18942,face_wash,0,0
18943,face_wash,0,0
18944,face_wash,0,0
18946,face_wash,0,0
18948,face_wash,0,0
18949,face_wash,1,9
19255,face_wash,0,0
19256,face_wash,0,0
19258,face_wash,1,0
19259,face_wash,0,2
19261,face_wash,0,1
19262,face_wash,0,0
19263,face_wash,0,0
19264,face_wash,0,0
19566,face_wash,0,0
19568,face_wash,0,1
19569,face_wash,0,1
19570,face_wash,0,0
19571,face_wash,0,0
19572,face_wash,0,0
19573,face_wash,0,0
19574,face_wash,0,0
19575,face_wash,0,1
19887,face_wash,0,0
19888,face_wash,1,2
19889,face_wash,1,10
19890,face_wash,0,0
19891,face_wash,0,1
19892,face_wash,1,7
19893,face_wash,1,8
19894,face_wash,0,0
19895,face_wash,0,1
20210,face_wash,0,0
20211,face_wash,0,0
20213,face_wash,0,1
20214,face_wash,0,0
20215,face_wash,0,0
20216,face_wash,0,0
20217,face_wash,0,0
20218,face_wash,0,0
20219,face_wash,0,0
20547,face_wash,0,0
20548,face_wash,0,0
20549,face_wash,0,0
20550,face_wash,0,0
20551,face_wash,0,2
20552,face_wash,0,0
20553,face_wash,0,0
20554,face_wash,0,0
20555,face_wash,0,0
20556,face_wash,0,0
20901,face_wash,0,1
20902,face_wash,0,0
20903,face_wash,0,0
20904,face_wash,0,0
20905,face_wash,0,3
20906,face_wash,0,0
20907,face_wash,0,0
20908,face_wash,0,0
20909,face_wash,0,0
20910,face_wash,0,0
21212,face_wash,0,0
21213,face_wash,0,0
21214,face_wash,0,0
21215,face_wash,0,0
21216,face_wash,1,0
21217,face_wash,0,0
21218,face_wash,0,0
21219,face_wash,0,0
21220,face_wash,0,0
21221,face_wash,0,0
21522,face_wash,0,0
21523,face_wash,0,0
21524,face_wash,0,0
21525,face_wash,0,0
21526,face_wash,0,0
21528,face_wash,0,0
21529,face_wash,0,0
21530,face_wash,0,0
21531,face_wash,0,0
21884,face_wash,1,10
21885,face_wash,1,10
21886,face_wash,0,1
21887,face_wash,0,0
21889,face_wash,0,0
21890,face_wash,1,10
21891,face_wash,0,0
21892,face_wash,0,0
21893,face_wash,0,0
21894,face_wash,0,0
21895,face_wash,0,0
21896,face_wash,1,9
22220,face_wash,1,7
22221,face_wash,0,0
22222,face_wash,0,0
22223,face_wash,0,0
22224,face_wash,0,0
22225,face_wash,0,0
22226,face_wash,0,0
22227,face_wash,0,0
22228,face_wash,0,0
22229,face_wash,0,0
22545,face_wash,0,1
22546,face_wash,0,0
22548,face_wash,0,0
22549,face_wash,0,1
22550,face_wash,0,1
22551,face_wash,0,0
22552,face_wash,0,0
22553,face_wash,0,0
22554,face_wash,0,0
22555,face_wash,0,0
22556,face_wash,0,0
22557,face_wash,0,0
22559,face_wash,0,1
22560,face_wash,0,0
22561,face_wash,0,0
22562,face_wash,0,0
22563,face_wash,0,1
22564,face_wash,0,1
22566,face_wash,0,0
22567,face_wash,0,0
22568,face_wash,0,0
22569,face_wash,0,2
22570,face_wash,0,0
22571,face_wash,0,0
22572,face_wash,0,2
22573,face_wash,0,0
22574,face_wash,0,0
22575,face_wash,0,2
22576,face_wash,0,0
22577,face_wash,0,0
22578,face_wash,0,0
22579,face_wash,0,0
22580,face_wash,0,0
22811,face_wash,1,9
22812,face_wash,0,0
22813,face_wash,1,1
22814,face_wash,0,0
22815,face_wash,0,0
22816,face_wash,1,8
22817,face_wash,1,7
22818,face_wash,1,9
22819,face_wash,0,0
22820,face_wash,0,0
22821,face_wash,1,9
22822,face_wash,0,0
22823,face_wash,1,9
22824,face_wash,0,1
22825,face_wash,1,9
22826,face_wash,0,0
22828,face_wash,0,0
22830,face_wash,1,7
22831,face_wash,1,3
22832,face_wash,0,0
22833,face_wash,1,10
22834,face_wash,0,0
22835,face_wash,0,9
22836,face_wash,0,0
22838,face_wash,0,1
22839,face_wash,1,10
22840,face_wash,1,10
22841,face_wash,0,1
22842,face_wash,1,7
22843,face_wash,1,10
22844,face_wash,0,0
22846,face_wash,1,9
22847,face_wash,0,0
22848,face_wash,0,0
22849,face_wash,1,9
22850,face_wash,1,3
22852,face_wash,0,0
22853,face_wash,1,2
22854,face_wash,1,9
22855,face_wash,1,7
22856,face_wash,0,0
22857,face_wash,0,0
22858,face_wash,0,0
22859,face_wash,1,10
22860,face_wash,1,8
22861,face_wash,0,1
22862,face_wash,0,0
22863,face_wash,0,0
22864,face_wash,0,0
22865,face_wash,0,0
22866,face_wash,0,0
22867,face_wash,0,0
22868,face_wash,0,0
22869,face_wash,0,0
22870,face_wash,0,0
22871,face_wash,0,1
22872,face_wash,0,1
22873,face_wash,0,0
22874,face_wash,0,1
22875,face_wash,0,0
22876,face_wash,0,0
22877,face_wash,0,0
22878,face_wash,0,0
22879,face_wash,0,0
22880,face_wash,0,0
22881,face_wash,0,1
22882,face_wash,0,0
22883,face_wash,0,0
22884,face_wash,0,0
22885,face_wash,1,10
22886,face_wash,0,0
22887,face_wash,0,1
22888,face_wash,0,9
22889,face_wash,0,0
22890,face_wash,0,0
22891,face_wash,0,0
22892,face_wash,0,0
22893,face_wash,0,0
22894,face_wash,0,0
22895,face_wash,0,0
22896,face_wash,0,0
22897,face_wash,0,0
22898,face_wash,0,0
22899,face_wash,0,0
22901,face_wash,0,0
22902,face_wash,0,0
22903,face_wash,0,0
22904,face_wash,0,1
22905,face_wash,0,0
22907,face_wash,0,0
23046,face_wash,0,0
23047,face_wash,0,0
23048,face_wash,0,0
23049,face_wash,0,0
23050,face_wash,0,1
23052,face_wash,0,0
23053,face_wash,0,0
23054,face_wash,0,0
23055,face_wash,0,0
23056,face_wash,0,1
23058,face_wash,0,0
23059,face_wash,0,2
23060,face_wash,0,0
23061,face_wash,0,0
23062,face_wash,0,1
23064,face_wash,0,0
23066,face_wash,0,0
23067,face_wash,0,0
23068,face_wash,0,0
23069,face_wash,0,0
23070,face_wash,0,1
23071,face_wash,0,0
23072,face_wash,0,0
23073,face_wash,0,0
23075,face_wash,0,0
23076,face_wash,0,0
23077,face_wash,0,0
23079,face_wash,0,0
23080,face_wash,0,0
23082,face_wash,0,1
23083,face_wash,0,0
23084,face_wash,0,0
23085,face_wash,0,0
23087,face_wash,0,0
23088,face_wash,0,0
23089,face_wash,0,1
23090,face_wash,0,1
23091,face_wash,0,0
23092,face_wash,0,0
23093,face_wash,0,1
23095,face_wash,0,0
23096,face_wash,0,0
23098,face_wash,0,0
23099,face_wash,0,1
23101,face_wash,0,0
23102,face_wash,0,1
23103,face_wash,0,0
23104,face_wash,1,8
23105,face_wash,0,0
23107,face_wash,0,0
23108,face_wash,0,0
23109,face_wash,0,0
23110,face_wash,0,0
23111,face_wash,0,0
23112,face_wash,0,0
23113,face_wash,0,0
23114,face_wash,0,0
23115,face_wash,0,0
23427,cleansing,0,0
23428,cleansing,0,0
23429,cleansing,0,0
23430,cleansing,0,0
23431,cleansing,0,0
23432,cleansing,0,0
23433,cleansing,0,0
23434,cleansing,0,0
23435,cleansing,1,8
23436,cleansing,0,0
23746,cleansing,0,0
23747,cleansing,0,0
23748,cleansing,0,0
23749,cleansing,1,8
23750,cleansing,0,0
23751,cleansing,1,10
23752,cleansing,0,0
24059,cleansing,0,0
24062,cleansing,0,0
24063,cleansing,0,0
24064,cleansing,0,0
24065,cleansing,0,0
24066,cleansing,0,0
24067,cleansing,0,1
24068,cleansing,0,0
24385,cleansing,0,0
24387,cleansing,0,0
24388,cleansing,0,0
24389,cleansing,0,0
24390,cleansing,0,0
24391,cleansing,0,0
24392,cleansing,0,0
24393,cleansing,0,0
24394,cleansing,0,0
24703,cleansing,0,0
24704,cleansing,0,1
24706,cleansing,0,0
24708,cleansing,0,0
24709,cleansing,0,0
24710,cleansing,0,0
24711,cleansing,0,0
24712,cleansing,0,0
25014,cleansing,1,10
25015,cleansing,0,0
25016,cleansing,1,0
25018,cleansing,0,0
25019,cleansing,0,0
25020,cleansing,0,0
25021,cleansing,0,1
25022,cleansing,0,0
25023,cleansing,0,0
25327,cleansing,0,1
25328,cleansing,0,0
25329,cleansing,0,1
25331,cleansing,0,1
25332,cleansing,0,0
25333,cleansing,0,0
25334,cleansing,0,0
25335,cleansing,0,0
25336,cleansing,0,8
25662,cleansing,0,0
25663,cleansing,1,10
25664,cleansing,1,10
25665,cleansing,1,7
25666,cleansing,1,10
25667,cleansing,1,0
25668,cleansing,1,2
25669,cleansing,0,0
25670,cleansing,0,0
25671,cleansing,1,10
25971,cleansing,0,0
25972,cleansing,0,0
25973,cleansing,0,0
25974,cleansing,0,0
25975,cleansing,0,0
25977,cleansing,0,0
25979,cleansing,0,0
25980,cleansing,0,0
26282,cleansing,0,0
26283,cleansing,0,4
26284,cleansing,1,10
26285,cleansing,1,10
26286,cleansing,0,0
26287,cleansing,0,0
26288,cleansing,1,10
26289,cleansing,1,10
26290,cleansing,0,0
26291,cleansing,1,10
26292,cleansing,1,10
26293,cleansing,0,0
26609,cleansing,0,0
26610,cleansing,0,0
26612,cleansing,0,0
26613,cleansing,1,7
26614,cleansing,0,0
26615,cleansing,0,1
26616,cleansing,0,0
26617,cleansing,1,4
26618,cleansing,0,0
26943,cleansing,1,7
26944,cleansing,1,10
26945,cleansing,0,0
26946,cleansing,1,6
26947,cleansing,0,0
26948,cleansing,0,0
26949,cleansing,0,1
26950,cleansing,1,10
26951,cleansing,0,6
26952,cleansing,1,10
26953,cleansing,0,0
26954,cleansing,1,10
26955,cleansing,0,1
26956,cleansing,0,0
26957,cleansing,0,0
26958,cleansing,0,0
26960,cleansing,0,0
26961,cleansing,1,6
26962,cleansing,0,0
26963,cleansing,1,10
26964,cleansing,1,0
26965,cleansing,0,0
26966,cleansing,0,0
26967,cleansing,0,0
26968,cleansing,0,0
26969,cleansing,0,0
26970,cleansing,0,2
27336,cleansing,0,0
27337,cleansing,0,0
27338,cleansing,0,0
27340,cleansing,0,0
27341,cleansing,0,0
27342,cleansing,0,0
27343,cleansing,1,9
27344,cleansing,0,0
27346,cleansing,0,0
27347,cleansing,0,0
27348,cleansing,0,0
27349,cleansing,0,0
27350,cleansing,0,0
27351,cleansing,0,0
27352,cleansing,0,0
27353,cleansing,0,0
27354,cleansing,0,1
27355,cleansing,0,0
27356,cleansing,0,0
27357,cleansing,0,0
27358,cleansing,0,0
27359,cleansing,0,1
27360,cleansing,0,0
27361,cleansing,0,0
27363,cleansing,0,0
27364,cleansing,0,0
27366,cleansing,0,2
27367,cleansing,0,0
27368,cleansing,0,0
27369,cleansing,0,0
27370,cleansing,0,1
27371,cleansing,0,0
27372,cleansing,0,0
27373,cleansing,0,0
27374,cleansing,0,0
27375,cleansing,0,0
27377,cleansing,0,0
27378,cleansing,0,0
27379,cleansing,0,0
27380,cleansing,0,0
27381,cleansing,0,0
27382,cleansing,0,0
27383,cleansing,0,2
27385,cleansing,0,0
27386,cleansing,0,0
27388,cleansing,0,0
27389,cleansing,0,0
27391,cleansing,1,0
27392,cleansing,0,0
27393,cleansing,0,0
27395,cleansing,0,0
27396,cleansing,0,0
27397,cleansing,0,2
27398,cleansing,0,0
27399,cleansing,1,10
27400,cleansing,0,0
27401,cleansing,0,1
27402,cleansing,0,0
27403,cleansing,0,1
27405,cleansing,0,0
27406,cleansing,0,0
27407,cleansing,0,0
27408,cleansing,1,8
27409,cleansing,0,0
27410,cleansing,0,0
27411,cleansing,1,10
27412,cleansing,0,1
27413,cleansing,1,9
27414,cleansing,0,0
27415,cleansing,0,0
27702,cleansing,0,0
27703,cleansing,0,0
27706,cleansing,0,0
27707,cleansing,0,0
27708,cleansing,0,0
27709,cleansing,0,0
27710,cleansing,0,0
27711,cleansing,0,0
28015,cleansing,0,1
28016,cleansing,0,2
28017,cleansing,0,1
28018,cleansing,0,0
28019,cleansing,0,4
28020,cleansing,0,0
28023,cleansing,0,0
28024,cleansing,0,0
28329,toner_lotion,0,0
28330,toner_lotion,0,0
28331,toner_lotion,0,0
28332,toner_lotion,0,0
28333,toner_lotion,0,0
28334,toner_lotion,0,1
28335,toner_lotion,0,1
28336,toner_lotion,0,0
28338,toner_lotion,0,0
28646,toner_lotion,0,0
28648,toner_lotion,0,0
28649,toner_lotion,1,7
28650,toner_lotion,0,0
28651,toner_lotion,0,0
28652,toner_lotion,1,8
28654,toner_lotion,0,0
28655,toner_lotion,0,0
28961,toner_lotion,0,0
28962,toner_lotion,0,1
28963,toner_lotion,0,0
28964,toner_lotion,0,0
28965,toner_lotion,0,0
28966,toner_lotion,0,1
28967,toner_lotion,0,0
28968,toner_lotion,0,0
28969,toner_lotion,0,0
28970,toner_lotion,0,0
29279,toner_lotion,0,0
29280,toner_lotion,1,10
29281,toner_lotion,0,1
29282,toner_lotion,0,0
29283,toner_lotion,0,0
29284,toner_lotion,0,0
29286,toner_lotion,0,0
29287,toner_lotion,0,0
29288,toner_lotion,0,0
29596,toner_lotion,0,0
29597,toner_lotion,0,0
29599,toner_lotion,0,0
29600,toner_lotion,0,0
29601,toner_lotion,1,10
29602,toner_lotion,0,1
29603,toner_lotion,1,10
29604,toner_lotion,0,1
29605,toner_lotion,0,0
29606,toner_lotion,1,10
29607,toner_lotion,0,0
29608,toner_lotion,0,1
29610,toner_lotion,1,10
29611,toner_lotion,1,4
29612,toner_lotion,0,8
29614,toner_lotion,1,9
29615,toner_lotion,0,1
29617,toner_lotion,0,0
29619,toner_lotion,0,0
29620,toner_lotion,1,6
29621,toner_lotion,0,2
29622,toner_lotion,0,3
29623,toner_lotion,1,5
29624,toner_lotion,0,1
29625,toner_lotion,0,0
29626,toner_lotion,1,10
29627,toner_lotion,0,0
29628,toner_lotion,1,10
29629,toner_lotion,1,0
29630,toner_lotion,1,10
29631,toner_lotion,0,0
29632,toner_lotion,0,0
29634,toner_lotion,1,9
29635,toner_lotion,0,0
29636,toner_lotion,0,0
29637,toner_lotion,1,10
29638,toner_lotion,0,0
29640,toner_lotion,0,0
29641,toner_lotion,0,0
29642,toner_lotion,1,8
29643,toner_lotion,1,10
29644,toner_lotion,0,2
29646,toner_lotion,0,0
29647,toner_lotion,1,9
29648,toner_lotion,0,8
29649,toner_lotion,0,0
29650,toner_lotion,0,0
29651,toner_lotion,0,0
29652,toner_lotion,0,2
29653,toner_lotion,0,0
29654,toner_lotion,0,0
29655,toner_lotion,0,0
29656,toner_lotion,1,3
29657,toner_lotion,0,1
29658,toner_lotion,0,0
29659,toner_lotion,0,0
29660,toner_lotion,0,1
29661,toner_lotion,0,0
29662,toner_lotion,0,0
29664,toner_lotion,0,0
29665,toner_lotion,1,8
29928,toner_lotion,0,0
29929,toner_lotion,0,1
29930,toner_lotion,0,3
29931,toner_lotion,0,1
29932,toner_lotion,0,0
29933,toner_lotion,0,3
29934,toner_lotion,0,0
29935,toner_lotion,0,4
29937,toner_lotion,0,9
29938,toner_lotion,1,9
29939,toner_lotion,0,0
29940,toner_lotion,0,0
29941,toner_lotion,0,0
29942,toner_lotion,1,10
29943,toner_lotion,0,0
29944,toner_lotion,1,10
29945,toner_lotion,0,0
29947,toner_lotion,1,10
29948,toner_lotion,0,0
29949,toner_lotion,0,1
29950,toner_lotion,0,0
29951,toner_lotion,0,0
29952,toner_lotion,0,0
29953,toner_lotion,0,0
29954,toner_lotion,0,0
29955,toner_lotion,0,0
29956,toner_lotion,0,2
29957,toner_lotion,0,1
29958,toner_lotion,1,8
29959,toner_lotion,1,10
29960,toner_lotion,0,1
29961,toner_lotion,0,0
29962,toner_lotion,0,0
29963,toner_lotion,0,0
29964,toner_lotion,0,0
29965,toner_lotion,0,0
29966,toner_lotion,0,0
29967,toner_lotion,1,10
29968,toner_lotion,1,8
30297,toner_lotion,1,8
30298,toner_lotion,1,10
30299,toner_lotion,0,3
30300,toner_lotion,0,0
30301,toner_lotion,1,10
30302,toner_lotion,0,0
30303,toner_lotion,0,0
30304,toner_lotion,0,0
30305,toner_lotion,0,0
30608,eye_shadow,0,1
30609,eye_shadow,0,0
30610,eye_shadow,0,1
30611,eye_shadow,0,0
30612,eye_shadow,0,0
30613,eye_shadow,0,0
30614,eye_shadow,0,0
30615,eye_shadow,0,0
30616,eye_shadow,0,0
30617,eye_shadow,0,0
30941,eye_shadow,0,0
30942,eye_shadow,0,0
30943,eye_shadow,0,0
30944,eye_shadow,0,0
30945,eye_shadow,0,0
30946,eye_shadow,0,0
30947,eye_shadow,0,0
30949,eye_shadow,0,0
30950,eye_shadow,0,0
31259,eye_shadow,0,0
31260,eye_shadow,0,0
31261,eye_shadow,0,0
31262,eye_shadow,0,0
31263,eye_shadow,0,0
31264,eye_shadow,0,0
31265,eye_shadow,0,0
31266,eye_shadow,0,0
31267,eye_shadow,0,0
31268,eye_shadow,0,0
31578,eye_shadow,0,0
31579,eye_shadow,0,0
31580,eye_shadow,0,0
31581,eye_shadow,0,0
31583,eye_shadow,0,1
31584,eye_shadow,0,0
31585,eye_shadow,0,0
31586,eye_shadow,0,0
31587,eye_shadow,0,0
31914,eye_shadow,0,0
31915,eye_shadow,0,0
31916,eye_shadow,0,0
31917,eye_shadow,0,0
31918,eye_shadow,0,0
31919,eye_shadow,0,0
31920,eye_shadow,0,0
31921,eye_shadow,0,0
31922,eye_shadow,0,0
31923,eye_shadow,0,0
32238,eye_shadow,0,0
32239,eye_shadow,0,1
32240,eye_shadow,0,0
32241,eye_shadow,0,0
32242,eye_shadow,0,1
32243,eye_shadow,0,0
32244,eye_shadow,0,0
32245,eye_shadow,0,0
32246,eye_shadow,0,1
32247,eye_shadow,0,0
32574,eye_shadow,0,0
32575,eye_shadow,0,0
32576,eye_shadow,0,0
32577,eye_shadow,0,0
32578,eye_shadow,0,0
32579,eye_shadow,0,1
32580,eye_shadow,0,0
32581,eye_shadow,0,0
32582,eye_shadow,0,0
32894,eye_shadow,0,1
32895,eye_shadow,0,0
32896,eye_shadow,0,0
32897,eye_shadow,0,1
32898,eye_shadow,0,0
32899,eye_shadow,0,0
32900,eye_shadow,0,0
32901,eye_shadow,0,0
32902,eye_shadow,0,0
32903,eye_shadow,0,0
33204,eye_shadow,0,0
33205,eye_shadow,0,0
33206,eye_shadow,0,0
33207,eye_shadow,0,0
33210,eye_shadow,0,0
33211,eye_shadow,0,0
33212,eye_shadow,0,0
33213,eye_shadow,0,0
33600,eye_shadow,0,0
33601,eye_shadow,0,0
33602,eye_shadow,0,0
33603,eye_shadow,0,0
33604,eye_shadow,0,0
33605,eye_shadow,0,0
33606,eye_shadow,0,1
33607,eye_shadow,0,0
33609,eye_shadow,0,0
33610,eye_shadow,0,0
33611,eye_shadow,0,0
33612,eye_shadow,0,0
33613,eye_shadow,0,1
33614,eye_shadow,0,0
33615,eye_shadow,0,1
33616,eye_shadow,0,0
34131,eye_shadow,0,1
34132,eye_shadow,0,0
34133,eye_shadow,0,3
34134,eye_shadow,0,0
34135,eye_shadow,0,1
34137,eye_shadow,0,0
34138,eye_shadow,0,0
34139,eye_shadow,0,0
34140,eye_shadow,0,1
34461,eye_shadow,0,0
34463,eye_shadow,0,0
34464,eye_shadow,0,0
34465,eye_shadow,0,0
34466,eye_shadow,0,0
34467,eye_shadow,0,0
34468,eye_shadow,0,0
34469,eye_shadow,0,0
34470,eye_shadow,0,0
34790,eye_shadow,0,0
34791,eye_shadow,0,0
34793,eye_shadow,0,0
34794,eye_shadow,0,0
34795,eye_shadow,0,0
34796,eye_shadow,0,0
34797,eye_shadow,0,0
34798,eye_shadow,0,0
34799,eye_shadow,0,1
34800,eye_shadow,0,0
34802,eye_shadow,0,0
34803,eye_shadow,0,1
34804,eye_shadow,0,0
34805,eye_shadow,0,0
34806,eye_shadow,0,0
34807,eye_shadow,0,0
34809,eye_shadow,0,0
34810,eye_shadow,0,0
34811,eye_shadow,0,0
34812,eye_shadow,0,1
34813,eye_shadow,0,0
34814,eye_shadow,0,0
34815,eye_shadow,0,1
34816,eye_shadow,0,0
34817,eye_shadow,0,0
34818,eye_shadow,0,0
34819,eye_shadow,0,0
35150,eye_shadow,0,0
35151,eye_shadow,0,0
35152,eye_shadow,1,7
35153,eye_shadow,0,1
35154,eye_shadow,0,0
35155,eye_shadow,0,1
35156,eye_shadow,0,0
35157,eye_shadow,0,0
35159,eye_shadow,0,0
35160,eye_shadow,0,0
35161,eye_shadow,0,0
35163,eye_shadow,0,0
35164,eye_shadow,0,0
35165,eye_shadow,0,0
35166,eye_shadow,1,9
35168,eye_shadow,0,0
35169,eye_shadow,0,0
35170,eye_shadow,0,0
35171,eye_shadow,0,0
35172,eye_shadow,0,0
35173,eye_shadow,1,10
35174,eye_shadow,0,0
35175,eye_shadow,0,1
35176,eye_shadow,0,0
35177,eye_shadow,0,1
35178,eye_shadow,0,0
35179,eye_shadow,0,0
35180,eye_shadow,0,0
35181,eye_shadow,0,0
35182,eye_shadow,0,1
35183,eye_shadow,0,0
35184,eye_shadow,0,0
35185,eye_shadow,0,0
35471,eye_shadow,0,0
35472,eye_shadow,0,0
35473,eye_shadow,0,0
35474,eye_shadow,0,0
35476,eye_shadow,1,8
35477,eye_shadow,1,9
35478,eye_shadow,0,0
35479,eye_shadow,0,0
35480,eye_shadow,1,10
35482,eye_shadow,0,0
35483,eye_shadow,0,0
35484,eye_shadow,1,10
35485,eye_shadow,1,10
35486,eye_shadow,0,9
35487,eye_shadow,0,0
35488,eye_shadow,1,10
35489,eye_shadow,0,0
35490,eye_shadow,1,10
35491,eye_shadow,0,0
35492,eye_shadow,0,3
35493,eye_shadow,0,1
35494,eye_shadow,0,0
35495,eye_shadow,0,0
35496,eye_shadow,1,9
35497,eye_shadow,1,10
35498,eye_shadow,1,4
35500,eye_shadow,1,10
35502,eye_shadow,0,0
35503,eye_shadow,1,10
35504,eye_shadow,0,0
35505,eye_shadow,0,0
35506,eye_shadow,1,10
35507,eye_shadow,0,0
35509,eye_shadow,1,9
35510,eye_shadow,0,0
35511,eye_shadow,1,0
35512,eye_shadow,1,10
35513,eye_shadow,0,8
35514,eye_shadow,0,0
35515,eye_shadow,0,3
35516,eye_shadow,1,10
35517,eye_shadow,1,10
35518,eye_shadow,0,0
35519,eye_shadow,1,7
35520,eye_shadow,1,10
35521,eye_shadow,1,10
35522,eye_shadow,1,9
35524,eye_shadow,0,8
35525,eye_shadow,1,10
35526,eye_shadow,0,1
35527,eye_shadow,0,0
35528,eye_shadow,0,7
35529,eye_shadow,1,9
35530,eye_shadow,0,0
35531,eye_shadow,0,0
35532,eye_shadow,0,0
35533,eye_shadow,1,6
35535,eye_shadow,1,10
35536,eye_shadow,1,10
35537,eye_shadow,0,0
35538,eye_shadow,0,0
35539,eye_shadow,1,9
35540,eye_shadow,0,0
35542,eye_shadow,0,0
35544,eye_shadow,1,10
35545,eye_shadow,0,0
35681,lip_colour,0,0
35682,lip_colour,0,0
35683,lip_colour,0,0
35684,lip_colour,0,0
35685,lip_colour,0,0
35686,lip_colour,0,1
35688,lip_colour,0,0
35689,lip_colour,0,0
35690,lip_colour,0,1
35997,lip_colour,0,0
35998,lip_colour,0,0
36000,lip_colour,1,0
36001,lip_colour,0,0
36002,lip_colour,0,1
36003,lip_colour,0,0
36004,lip_colour,0,0
36005,lip_colour,0,0
36006,lip_colour,0,0
36321,lip_colour,0,0
36322,lip_colour,0,0
36323,lip_colour,0,0
36324,lip_colour,0,1
36325,lip_colour,0,0
36326,lip_colour,0,0
36327,lip_colour,0,0
36328,lip_colour,0,0
36329,lip_colour,0,0
36330,lip_colour,0,1
36634,lip_colour,0,0
36635,lip_colour,0,0
36636,lip_colour,0,1
36637,lip_colour,0,0
36638,lip_colour,0,0
36639,lip_colour,0,0
36640,lip_colour,0,0
36641,lip_colour,0,0
36642,lip_colour,0,1
36643,lip_colour,0,1
36974,lip_colour,0,0
36975,lip_colour,0,0
36976,lip_colour,0,0
36977,lip_colour,0,0
36978,lip_colour,0,0
36979,lip_colour,0,0
36981,lip_colour,0,0
36983,lip_colour,0,0
37289,lip_colour,0,0
37290,lip_colour,0,1
37291,lip_colour,0,1
37292,lip_colour,0,0
37293,lip_colour,0,0
37294,lip_colour,0,0
37295,lip_colour,0,0
37296,lip_colour,0,0
37297,lip_colour,0,0
37610,lip_colour,0,0
37611,lip_colour,0,0
37612,lip_colour,0,0
37613,lip_colour,0,0
37614,lip_colour,0,0
37615,lip_colour,0,0
37616,lip_colour,0,0
37617,lip_colour,0,0
37618,lip_colour,0,0
37619,lip_colour,0,0
37957,lip_colour,0,0
37958,lip_colour,0,0
37959,lip_colour,0,0
37960,lip_colour,0,0
37961,lip_colour,0,0
37963,lip_colour,0,0
37964,lip_colour,0,0
37965,lip_colour,0,1
37966,lip_colour,0,0
38280,lip_colour,0,0
38281,lip_colour,0,0
38282,lip_colour,0,0
38283,lip_colour,0,0
38284,lip_colour,0,0
38286,lip_colour,0,0
38287,lip_colour,0,0
38288,lip_colour,0,0
38289,lip_colour,0,0
38611,lip_colour,0,0
38612,lip_colour,0,0
38613,lip_colour,0,0
38614,lip_colour,0,0
38616,lip_colour,0,0
38617,lip_colour,0,2
38618,lip_colour,0,0
38620,lip_colour,0,0
38621,lip_colour,0,0
38622,lip_colour,0,0
38623,lip_colour,0,1
38624,lip_colour,0,1
38625,lip_colour,1,0
38626,lip_colour,0,0
38627,lip_colour,0,0
38628,lip_colour,0,0
38629,lip_colour,0,0
38630,lip_colour,0,0
38976,lip_colour,0,0
38977,lip_colour,0,0
38978,lip_colour,0,0
38979,lip_colour,0,0
38981,lip_colour,0,0
38982,lip_colour,0,1
38983,lip_colour,0,0
38984,lip_colour,0,0
38985,lip_colour,0,0
39313,lip_colour,0,0
39314,lip_colour,0,1
39315,lip_colour,0,0
39316,lip_colour,0,0
39317,lip_colour,0,0
39318,lip_colour,0,0
39319,lip_colour,0,1
39320,lip_colour,0,0
39321,lip_colour,0,0
39322,lip_colour,0,0
39323,lip_colour,0,0
39324,lip_colour,0,0
39326,lip_colour,0,0
39327,lip_colour,0,0
39328,lip_colour,0,0
39329,lip_colour,0,0
39330,lip_colour,0,1
39331,lip_colour,0,1
39332,lip_colour,0,0
39333,lip_colour,0,0
39334,lip_colour,0,1
39335,lip_colour,0,0
39336,lip_colour,0,0
39337,lip_colour,0,0
39338,lip_colour,0,0
39666,lip_colour,0,0
39667,lip_colour,0,1
39668,lip_colour,0,0
39669,lip_colour,1,0
39670,lip_colour,0,0
39671,lip_colour,0,1
39673,lip_colour,0,0
39674,lip_colour,0,0
39675,lip_colour,0,1
39676,lip_colour,0,0
39677,lip_colour,0,0
39678,lip_colour,0,0
39679,lip_colour,0,0
39680,lip_colour,0,0
39682,lip_colour,0,0
39683,lip_colour,0,1
39684,lip_colour,0,0
39685,lip_colour,0,0
39686,lip_colour,0,0
39687,lip_colour,0,0
39688,lip_colour,0,0
39689,lip_colour,0,0
40002,lip_colour,0,2
40003,lip_colour,0,0
40004,lip_colour,0,1
40005,lip_colour,0,0
40006,lip_colour,0,0
40007,lip_colour,0,0
40008,lip_colour,0,0
40010,lip_colour,0,0
40012,lip_colour,0,0
40013,lip_colour,0,0
40014,lip_colour,0,1
40015,lip_colour,0,0
40017,lip_colour,0,1
40018,lip_colour,0,0
40019,lip_colour,0,0
40020,lip_colour,0,0
40021,lip_colour,0,0
40022,lip_colour,0,0
40023,lip_colour,0,2
40024,lip_colour,0,2
40025,lip_colour,0,0
40026,lip_colour,0,1
40027,lip_colour,0,0
40398,lip_colour,0,0
40399,lip_colour,0,0
40400,lip_colour,0,1
40401,lip_colour,0,0
40402,lip_colour,0,1
40403,lip_colour,0,0
40404,lip_colour,0,0
40405,lip_colour,0,0
40406,lip_colour,0,0
40407,lip_colour,0,0
40409,lip_colour,0,0
40410,lip_colour,0,0
40411,lip_colour,0,0
40412,lip_colour,0,0
40413,lip_colour,0,0
40414,lip_colour,0,0
40415,lip_colour,0,0
40416,lip_colour,0,0
40417,lip_colour,0,0
40418,lip_colour,0,0
40419,lip_colour,0,0
40421,lip_colour,0,0
40422,lip_colour,0,0
40423,lip_colour,0,1
40424,lip_colour,0,0
40425,lip_colour,0,1
40426,lip_colour,0,0
40427,lip_colour,0,0
40428,lip_colour,0,0
40429,lip_colour,0,0
40430,lip_colour,0,1
40431,lip_colour,0,0
40432,lip_colour,0,0
40433,lip_colour,0,0
40434,lip_colour,0,2
40435,lip_colour,0,0
40437,lip_colour,0,0
40438,lip_colour,0,0
40439,lip_colour,0,0
40440,lip_colour,0,1
40442,lip_colour,0,0
40444,lip_colour,0,0
40446,lip_colour,0,0
40447,lip_colour,0,0
40448,lip_colour,0,0
40449,lip_colour,0,0
40451,lip_colour,0,0
40452,lip_colour,0,0
40454,lip_colour,0,0
40455,lip_colour,0,0
40456,lip_colour,0,1
40457,lip_colour,0,1
40794,foundation,0,0
40795,foundation,0,0
40796,foundation,0,0
40797,foundation,0,0
40798,foundation,0,0
40799,foundation,0,0
40800,foundation,0,0
40801,foundation,0,0
40802,foundation,0,0
40803,foundation,0,0
41119,foundation,0,1
41120,foundation,0,0
41122,foundation,0,0
41123,foundation,0,0
41124,foundation,0,0
41125,foundation,0,0
41126,foundation,0,0
41127,foundation,0,2
41128,foundation,0,0
41437,foundation,1,10
41439,foundation,0,0
41440,foundation,1,10
41441,foundation,0,0
41442,foundation,0,0
41443,foundation,0,0
41444,foundation,0,0
41445,foundation,0,0
41446,foundation,0,9
41760,foundation,0,0
41761,foundation,0,0
41762,foundation,1,1
41763,foundation,0,0
41764,foundation,0,0
41765,foundation,1,3
41766,foundation,0,1
41767,foundation,0,5
41769,foundation,0,0
42099,foundation,0,2
42100,foundation,0,0
42101,foundation,0,0
42102,foundation,0,0
42103,foundation,0,0
42104,foundation,0,0
42105,foundation,0,0
42106,foundation,0,0
42107,foundation,0,0
42424,foundation,0,0
42425,foundation,0,0
42427,foundation,0,0
42428,foundation,0,0
42429,foundation,1,0
42430,foundation,1,0
42431,foundation,0,0
42432,foundation,0,1
42433,foundation,0,0
42434,foundation,0,0
42435,foundation,0,0
42436,foundation,0,0
42437,foundation,0,0
42438,foundation,0,0
42439,foundation,0,0
42440,foundation,0,0
42441,foundation,0,1
42442,foundation,0,0
42443,foundation,0,0
42445,foundation,0,0
42446,foundation,0,0
42447,foundation,0,0
42448,foundation,0,1
42449,foundation,0,1
42450,foundation,0,0
42451,foundation,0,0
43002,foundation,0,0
43003,foundation,0,0
43004,foundation,0,1
43007,foundation,0,0
43008,foundation,0,0
43009,foundation,0,0
43010,foundation,0,0
43011,foundation,0,0
43012,foundation,1,10
43013,foundation,0,0
43014,foundation,0,0
43015,foundation,0,0
43016,foundation,0,0
43017,foundation,0,0
43018,foundation,0,0
43019,foundation,0,0
43020,foundation,0,0
43022,foundation,0,0
43023,foundation,0,1
43024,foundation,0,1
43025,foundation,0,0
43026,foundation,0,0
43027,foundation,0,0
43028,foundation,0,0
43325,foundation,0,0
43326,foundation,0,0
43327,foundation,0,0
43328,foundation,0,0
43329,foundation,0,0
43330,foundation,0,0
43331,foundation,0,0
43332,foundation,0,0
43333,foundation,0,0
43334,foundation,0,0
43335,foundation,0,0
43336,foundation,0,0
43337,foundation,0,0
43338,foundation,0,2
43339,foundation,0,0
43340,foundation,0,0
43341,foundation,0,0
43342,foundation,0,0
43343,foundation,0,0
43344,foundation,0,1
43345,foundation,0,0
43346,foundation,0,1
43347,foundation,0,0
43348,foundation,0,0
43679,foundation,1,6
43680,foundation,0,0
43681,foundation,0,0
43683,foundation,0,0
43684,foundation,0,0
43688,foundation,0,0
43689,foundation,0,0
43690,foundation,0,0
43691,foundation,0,0
43692,foundation,0,0
43693,foundation,1,10
43694,foundation,1,10
43695,foundation,1,9
43696,foundation,0,1
43697,foundation,0,0
44025,foundation,0,0
44026,foundation,0,1
44027,foundation,0,0
44028,foundation,0,0
44029,foundation,0,0
44030,foundation,0,0
44031,foundation,0,0
44032,foundation,0,0
44033,foundation,0,0
44034,foundation,0,0
44035,foundation,0,0
44037,foundation,0,0
44038,foundation,0,1
44039,foundation,0,0
44040,foundation,0,0
44041,foundation,0,0
44043,foundation,0,0
44044,foundation,0,0
44045,foundation,1,9
44046,foundation,0,0
44047,foundation,0,0
44048,foundation,0,1
44050,foundation,0,0
44051,foundation,0,0
44052,foundation,0,0
44053,foundation,0,0
44054,foundation,0,0
44055,foundation,0,1
44056,foundation,0,0
44057,foundation,0,0
44058,foundation,0,0
44059,foundation,0,0
44060,foundation,0,0
44061,foundation,0,0
44062,foundation,0,0
44377,foundation,0,0
44378,foundation,1,10
44379,foundation,0,0
44380,foundation,1,10
44381,foundation,0,0
44383,foundation,0,0
44384,foundation,1,10
44385,foundation,0,0
44386,foundation,0,0
44387,foundation,0,0
44388,foundation,0,2
44389,foundation,0,0
44390,foundation,0,0
44391,foundation,0,0
44392,foundation,0,0
44393,foundation,0,0
44394,foundation,0,0
44395,foundation,0,0
44702,foundation,0,1
44703,foundation,0,1
44704,foundation,0,0
44705,foundation,1,3
44706,foundation,0,0
44707,foundation,0,0
44708,foundation,0,0
44709,foundation,0,0
44710,foundation,1,10
44711,foundation,0,0
44712,foundation,0,0
44713,foundation,0,0
44715,foundation,0,0
44716,foundation,0,1
44717,foundation,0,0
44718,foundation,1,7
44719,foundation,1,0
44720,foundation,0,0
44721,foundation,0,0
44722,foundation,0,0
44723,foundation,0,0
44724,foundation,1,6
44725,foundation,0,1
44726,foundation,0,0
44727,foundation,0,0
44728,foundation,1,7
44729,foundation,0,0
44730,foundation,0,0
44731,foundation,0,0
44732,foundation,0,0
44733,foundation,0,0
44734,foundation,0,0
44735,foundation,0,0
44736,foundation,0,2
44737,foundation,0,0
44738,foundation,0,0
44739,foundation,0,0
44740,foundation,0,0
44741,foundation,0,0
44742,foundation,0,0
44743,foundation,0,2
44744,foundation,0,0
44745,foundation,0,0
44746,foundation,1,0
44748,foundation,0,0
45180,foundation,0,0
45181,foundation,0,0
45182,foundation,0,0
45183,foundation,0,0
45184,foundation,0,0
45185,foundation,0,1
45186,foundation,0,4
45187,foundation,0,1
45188,foundation,1,10
45189,foundation,0,2
45190,foundation,1,9
45191,foundation,0,0
45192,foundation,0,0
45194,foundation,0,0
45195,foundation,0,1
45196,foundation,0,0
45197,foundation,0,0
45198,foundation,0,0
45199,foundation,0,0
45200,foundation,0,0
45201,foundation,0,0
45202,foundation,0,0
45204,foundation,1,1
45205,foundation,1,10
